0.0494497,-0.0361163,0.0375052,0.0494497,0.0355608,0.100005
0.0494861,-0.0361528,0.0375417,0.0494861,0.0355972,0.100042
0.0495851,-0.0362517,0.0376406,0.0495851,0.0356962,0.100141
0.0497778,-0.0364444,0.0378333,0.0497778,0.0358889,0.100333
0.0500955,-0.0367622,0.038151,0.0500955,0.0362066,0.100651
0.0505694,-0.0372361,0.038625,0.0505694,0.0366806,0.101125
0.0512309,-0.0378976,0.0392865,0.0512309,0.037342,0.101786
0.0521111,-0.0387778,0.0401667,0.0521111,0.0382222,0.102667
0.0532413,-0.039908,0.0412969,0.0532413,0.0393524,0.103797
0.0546528,-0.0413194,0.0427083,0.0546528,0.0407639,0.105208
0.0563767,-0.0430434,0.0444323,0.0563767,0.0424878,0.106932
0.0584444,-0.0451111,0.0465,0.0584444,0.0445556,0.109
0.0608872,-0.0475538,0.0489427,0.0608872,0.0469983,0.111443
0.0637361,-0.0504028,0.0517917,0.0637361,0.0498472,0.114292
0.0670226,-0.0536892,0.0550781,0.0670226,0.0531337,0.117578
0.0707778,-0.0574444,0.0588333,0.0707778,0.0568889,0.121333
0.075033,-0.0616997,0.0630885,0.075033,0.0611441,0.125589
0.0798194,-0.0664861,0.067875,0.0798194,0.0659306,0.130375
0.0851684,-0.0718351,0.073224,0.0851684,0.0712795,0.135724
0.0911111,-0.0777778,0.0791667,0.0911111,0.0772222,0.141667
0.0976788,-0.0843455,0.0857344,0.0976788,0.0837899,0.148234
0.104903,-0.0915694,0.0929583,0.104903,0.0910139,0.155458
0.112814,-0.0994809,0.10087,0.112814,0.0989253,0.16337
0.121444,-0.108111,0.1095,0.121444,0.107556,0.172
0.130825,-0.117491,0.11888,0.130825,0.116936,0.18138
0.140986,-0.127653,0.129042,0.140986,0.127097,0.191542
0.15196,-0.138627,0.140016,0.15196,0.138071,0.202516
0.163778,-0.150444,0.151833,0.163778,0.149889,0.214333
0.17647,-0.163137,0.164526,0.17647,0.162582,0.227026
0.190069,-0.176736,0.178125,0.190069,0.176181,0.240625
0.204606,-0.191273,0.192661,0.204606,0.190717,0.255161
0.220111,-0.206778,0.208167,0.220111,0.206222,0.270667
0.236616,-0.223283,0.224672,0.236616,0.222727,0.287172
0.254153,-0.240819,0.242208,0.254153,0.240262,0.304708
0.272752,-0.259398,0.260805,0.272752,0.258827,0.323307
0.292444,-0.278992,0.280457,0.292444,0.27839,0.343
0.313262,-0.299571,0.301134,0.313262,0.298921,0.363818
0.335236,-0.321102,0.322805,0.335236,0.320389,0.385792
0.358398,-0.343555,0.345437,0.358398,0.342762,0.408953
0.382777,-0.366899,0.369001,0.382777,0.366009,0.433333
0.408376,-0.391102,0.393465,0.408376,0.390098,0.458958
0.435167,-0.416133,0.418797,0.435167,0.415,0.485833
0.463117,-0.441961,0.444967,0.463117,0.440682,0.513958
0.492195,-0.468554,0.471943,0.492195,0.467112,0.543333
0.52237,-0.495882,0.499693,0.52237,0.494261,0.573958
0.553612,-0.523912,0.528187,0.553612,0.522096,0.605833
0.585887,-0.552615,0.557394,0.585887,0.550587,0.638958
0.619166,-0.581958,0.587281,0.619166,0.579702,0.673333
0.653418,-0.61191,0.617818,0.653418,0.609409,0.708958
0.688609,-0.64244,0.648974,0.688609,0.639678,0.745833
0.724711,-0.673517,0.680717,0.724711,0.670477,0.783958
0.761691,-0.705109,0.713017,0.761691,0.701776,0.823333
0.799518,-0.737186,0.745841,0.799518,0.733542,0.863958
0.83816,-0.769715,0.779159,0.83816,0.765745,0.905833
0.877588,-0.802667,0.812939,0.877588,0.798353,0.948958
0.917768,-0.836009,0.84715,0.917768,0.831335,0.993333
0.958671,-0.86971,0.88176,0.958671,0.86466,1.03896
1.00026,-0.903739,0.91674,1.00026,0.898297,1.08583
1.04252,-0.938065,0.952057,1.04252,0.932214,1.13396
1.0854,-0.972657,0.98768,1.0854,0.96638,1.18333
1.12888,-1.00748,1.02358,1.12888,1.00076,1.23396
1.17292,-1.04251,1.05972,1.17292,1.03533,1.28583
1.2175,-1.07771,1.09607,1.2175,1.07006,1.33896
1.26258,-1.11305,1.13261,1.26258,1.10491,1.39333
1.30814,-1.1485,1.16929,1.30814,1.13985,1.44896
1.35413,-1.18403,1.20609,1.35413,1.17486,1.50583
1.40054,-1.21961,1.24298,1.40054,1.20989,1.56396
1.44732,-1.2552,1.27993,1.44732,1.24493,1.62333
1.49445,-1.29079,1.3169,1.49445,1.27997,1.68396
1.54189,-1.32638,1.35388,1.54189,1.31501,1.74583
1.58963,-1.36197,1.39085,1.58963,1.35005,1.80896
1.63761,-1.39757,1.42782,1.63761,1.38509,1.87333
1.68581,-1.43316,1.4648,1.68581,1.42013,1.93896
1.73421,-1.46875,1.50177,1.73421,1.45517,2.00583
1.78277,-1.50434,1.53875,1.78277,1.4902,2.07396
1.83145,-1.53993,1.57572,1.83145,1.52524,2.14333
1.88023,-1.57552,1.61269,1.88023,1.56028,2.21396
1.92908,-1.61112,1.64967,1.92908,1.59532,2.28583
1.97796,-1.64671,1.68664,1.97796,1.63036,2.35896
2.02685,-1.6823,1.72362,2.02685,1.6654,2.43333
2.07574,-1.71789,1.76059,2.07574,1.70044,2.50895
2.12463,-1.75348,1.79756,2.12463,1.73548,2.58579
2.17352,-1.78908,1.83454,2.17352,1.77052,2.66382
2.22241,-1.82467,1.87151,2.22241,1.80556,2.743
2.2713,-1.86026,1.90849,2.2713,1.8406,2.82331
2.32019,-1.89585,1.94546,2.32019,1.87564,2.90471
2.36907,-1.93144,1.98243,2.36907,1.91068,2.98717
2.41796,-1.96704,2.01941,2.41796,1.94572,3.07067
2.46685,-2.00263,2.05638,2.46685,1.98075,3.15516
2.51574,-2.03822,2.09336,2.51574,2.01579,3.24063
2.56463,-2.07381,2.13033,2.56463,2.05083,3.32703
2.61352,-2.1094,2.1673,2.61352,2.08587,3.41433
2.66241,-2.14499,2.20428,2.66241,2.12091,3.50252
2.7113,-2.18059,2.24125,2.7113,2.15595,3.59154
2.76019,-2.21618,2.27823,2.76019,2.19099,3.68138
2.80907,-2.25177,2.3152,2.80907,2.22603,3.772
2.85796,-2.28736,2.35217,2.85796,2.26107,3.86337
2.90685,-2.32295,2.38915,2.90685,2.29611,3.95546
2.95574,-2.35855,2.42612,2.95574,2.33115,4.04823
3.00463,-2.39414,2.46309,3.00463,2.36619,4.14167
3.05352,-2.42973,2.50007,3.05352,2.40123,4.23572
3.10241,-2.46532,2.53704,3.10241,2.43627,4.33038
3.1513,-2.50091,2.57402,3.1513,2.4713,4.42559
3.20019,-2.53651,2.61099,3.20019,2.50634,4.52133
3.24908,-2.5721,2.64796,3.24908,2.54138,4.61758
3.29796,-2.60769,2.68494,3.29796,2.57642,4.71429
3.34685,-2.64328,2.72191,3.34685,2.61146,4.81144
3.39574,-2.67887,2.75889,3.39574,2.6465,4.909
3.44463,-2.71446,2.79586,3.44463,2.68154,5.00693
3.49352,-2.75006,2.83283,3.49352,2.71658,5.10521
3.54241,-2.78565,2.86981,3.54241,2.75162,5.2038
3.5913,-2.82124,2.90678,3.5913,2.78666,5.30267
3.64019,-2.85683,2.94376,3.64019,2.8217,5.40179
3.68908,-2.89242,2.98073,3.68908,2.85674,5.50113
3.73796,-2.92802,3.0177,3.73796,2.89178,5.60065
3.78685,-2.96361,3.05468,3.78685,2.92681,5.70033
3.83574,-2.9992,3.09165,3.83574,2.96185,5.80014
3.88463,-3.03479,3.12863,3.88463,2.99689,5.90004
3.93352,-3.07038,3.1656,3.93352,3.03193,6.00001
3.98241,-3.10598,3.20257,3.98241,3.06697,6.1
4.0313,-3.14157,3.23955,4.0313,3.10201,6.2
4.08019,-3.17716,3.27652,4.08019,3.13705,6.3
4.12908,-3.21275,3.3135,4.12908,3.17209,6.4
4.17796,-3.24834,3.35047,4.17796,3.20713,6.5
4.22685,-3.28393,3.38744,4.22685,3.24217,6.6
4.27574,-3.31953,3.42442,4.27574,3.27721,6.7
4.32463,-3.35512,3.46139,4.32463,3.31225,6.8
4.37352,-3.39071,3.49837,4.37352,3.34729,6.9
4.42241,-3.4263,3.53534,4.42241,3.38233,7
4.4713,-3.46189,3.57231,4.4713,3.41736,7.1
4.52019,-3.49749,3.60929,4.52019,3.4524,7.2
4.56908,-3.53308,3.64626,4.56908,3.48744,7.3
4.61797,-3.56867,3.68324,4.61797,3.52248,7.4
4.66685,-3.60426,3.72021,4.66685,3.55752,7.5
4.71574,-3.63985,3.75718,4.71574,3.59256,7.6
4.76463,-3.67545,3.79416,4.76463,3.6276,7.7
4.81352,-3.71104,3.83113,4.81352,3.66264,7.8
4.86241,-3.74663,3.8681,4.86241,3.69768,7.9
4.9113,-3.78222,3.90508,4.9113,3.73272,8
4.96019,-3.81781,3.94205,4.96019,3.76776,8.1
5.00908,-3.85341,3.97903,5.00908,3.8028,8.2
5.05797,-3.889,4.016,5.05797,3.83784,8.3
5.10685,-3.92459,4.05297,5.10685,3.87288,8.4
5.15574,-3.96018,4.08995,5.15574,3.90791,8.5
5.20463,-3.99577,4.12692,5.20463,3.94295,8.6
5.25352,-4.03136,4.1639,5.25352,3.97799,8.7
5.30241,-4.06696,4.20087,5.30241,4.01303,8.8
5.3513,-4.10255,4.23784,5.3513,4.04807,8.9
5.40019,-4.13814,4.27482,5.40019,4.08311,9
5.44908,-4.17373,4.31179,5.44908,4.11815,9.1
5.49797,-4.20932,4.34877,5.49797,4.15319,9.2
5.54686,-4.24492,4.38574,5.54686,4.18823,9.3
5.59574,-4.28051,4.42271,5.59574,4.22327,9.4
5.64463,-4.3161,4.45969,5.64463,4.25831,9.5
5.69352,-4.35169,4.49666,5.69352,4.29335,9.6
5.74241,-4.38728,4.53364,5.74241,4.32839,9.7
5.7913,-4.42288,4.57061,5.7913,4.36342,9.8
5.84019,-4.45847,4.60758,5.84019,4.39846,9.9
5.88908,-4.49406,4.64456,5.88908,4.4335,10
5.93797,-4.52965,4.68153,5.93797,4.46854,10.1
5.98686,-4.56524,4.71851,5.98686,4.50358,10.2
6.03574,-4.60083,4.75548,6.03574,4.53862,10.3
6.08463,-4.63643,4.79245,6.08463,4.57366,10.4
6.13352,-4.67202,4.82943,6.13352,4.6087,10.5
6.18241,-4.70761,4.8664,6.18241,4.64374,10.6
6.2313,-4.7432,4.90338,6.2313,4.67878,10.7
6.28019,-4.77879,4.94035,6.28019,4.71382,10.8
6.32908,-4.81439,4.97732,6.32908,4.74886,10.9
6.37797,-4.84998,5.0143,6.37797,4.7839,11
6.42686,-4.88557,5.05127,6.42686,4.81894,11.1
6.47575,-4.92116,5.08824,6.47575,4.85397,11.2
6.52463,-4.95675,5.12522,6.52463,4.88901,11.3
6.57352,-4.99235,5.16219,6.57352,4.92405,11.4
6.62241,-5.02794,5.19917,6.62241,4.95909,11.5
6.6713,-5.06353,5.23614,6.6713,4.99413,11.6
6.72019,-5.09912,5.27311,6.72019,5.02917,11.7
6.76908,-5.13471,5.31009,6.76908,5.06421,11.8
6.81797,-5.1703,5.34706,6.81797,5.09925,11.9
6.86686,-5.2059,5.38404,6.86686,5.13429,12
6.91575,-5.24149,5.42101,6.91575,5.16933,12.1
6.96463,-5.27708,5.45798,6.96463,5.20437,12.2
7.01352,-5.31267,5.49496,7.01352,5.23941,12.3
7.06241,-5.34826,5.53193,7.06241,5.27445,12.4
7.1113,-5.38386,5.56891,7.1113,5.30948,12.5
7.16019,-5.41945,5.60588,7.16019,5.34452,12.6
7.20908,-5.45504,5.64285,7.20908,5.37956,12.7
7.25797,-5.49063,5.67983,7.25797,5.4146,12.8
7.30686,-5.52622,5.7168,7.30686,5.44964,12.9
7.35575,-5.56182,5.75378,7.35575,5.48468,13
7.40464,-5.59741,5.79075,7.40464,5.51972,13.1
7.45352,-5.633,5.82772,7.45352,5.55476,13.2
7.50241,-5.66859,5.8647,7.50241,5.5898,13.3
7.5513,-5.70418,5.90167,7.5513,5.62484,13.4
7.60019,-5.73977,5.93865,7.60019,5.65988,13.5
7.64908,-5.77537,5.97562,7.64908,5.69492,13.6
7.69797,-5.81096,6.01259,7.69797,5.72996,13.7
7.74686,-5.84655,6.04957,7.74686,5.765,13.8
7.79575,-5.88214,6.08654,7.79575,5.80003,13.9
7.84464,-5.91773,6.12352,7.84464,5.83507,14
7.89352,-5.95333,6.16049,7.89352,5.87011,14.1
7.94241,-5.98892,6.19746,7.94241,5.90515,14.2
7.9913,-6.02451,6.23444,7.9913,5.94019,14.3
8.04019,-6.0601,6.27141,8.04019,5.97523,14.4
8.08908,-6.09569,6.30839,8.08908,6.01027,14.5
8.13797,-6.13129,6.34536,8.13797,6.04531,14.6
8.18686,-6.16688,6.38233,8.18686,6.08035,14.7
8.23575,-6.20247,6.41931,8.23575,6.11539,14.8
8.28464,-6.23806,6.45628,8.28464,6.15043,14.9
8.33352,-6.27365,6.49325,8.33352,6.18547,15
8.38241,-6.30924,6.53023,8.38241,6.22051,15.1
8.4313,-6.34484,6.5672,8.4313,6.25555,15.2
8.48019,-6.38043,6.60418,8.48019,6.29058,15.3
8.52908,-6.41602,6.64115,8.52908,6.32562,15.4
8.57797,-6.45161,6.67812,8.57797,6.36066,15.5
8.62686,-6.4872,6.7151,8.62686,6.3957,15.6
8.67575,-6.5228,6.75207,8.67575,6.43074,15.7
8.72464,-6.55839,6.78905,8.72464,6.46578,15.8
8.77353,-6.59398,6.82602,8.77353,6.50082,15.9
8.82241,-6.62957,6.86299,8.82241,6.53586,16
8.8713,-6.66516,6.89997,8.8713,6.5709,16.1
8.92019,-6.70076,6.93694,8.92019,6.60594,16.2
8.96908,-6.73635,6.97392,8.96908,6.64098,16.3
9.01797,-6.77194,7.01089,9.01797,6.67602,16.4
9.06686,-6.80753,7.04786,9.06686,6.71106,16.5
9.11575,-6.84312,7.08484,9.11575,6.74609,16.6
9.16464,-6.87872,7.12181,9.16464,6.78113,16.7
9.21353,-6.91431,7.15879,9.21353,6.81617,16.8
9.26241,-6.9499,7.19576,9.26241,6.85121,16.9
9.3113,-6.98549,7.23273,9.3113,6.88625,17
9.36019,-7.02108,7.26971,9.36019,6.92129,17.1
9.40908,-7.05667,7.30668,9.40908,6.95633,17.2
9.45797,-7.09227,7.34366,9.45797,6.99137,17.3
9.50686,-7.12786,7.38063,9.50686,7.02641,17.4
9.55575,-7.16345,7.4176,9.55575,7.06145,17.5
9.60464,-7.19904,7.45458,9.60464,7.09649,17.6
9.65353,-7.23463,7.49155,9.65353,7.13153,17.7
9.70242,-7.27023,7.52853,9.70242,7.16657,17.8
9.7513,-7.30582,7.5655,9.7513,7.20161,17.9
9.80019,-7.34141,7.60247,9.80019,7.23664,18
9.84908,-7.377,7.63945,9.84908,7.27168,18.1
9.89797,-7.41259,7.67642,9.89797,7.30672,18.2
9.94686,-7.44819,7.71339,9.94686,7.34176,18.3
9.99575,-7.48378,7.75037,9.99575,7.3768,18.4
10.0446,-7.51937,7.78734,10.0446,7.41184,18.5
10.0935,-7.55496,7.82432,10.0935,7.44688,18.6
10.1424,-7.59055,7.86129,10.1424,7.48192,18.7
10.1913,-7.62614,7.89826,10.1913,7.51696,18.8
10.2402,-7.66174,7.93524,10.2402,7.552,18.9
10.2891,-7.69733,7.97221,10.2891,7.58704,19
10.338,-7.73292,8.00919,10.338,7.62208,19.1
10.3869,-7.76851,8.04616,10.3869,7.65712,19.2
10.4357,-7.8041,8.08313,10.4357,7.69216,19.3
10.4846,-7.8397,8.12011,10.4846,7.72719,19.4
10.5335,-7.87529,8.15708,10.5335,7.76223,19.5
10.5824,-7.91088,8.19406,10.5824,7.79727,19.6
10.6313,-7.94647,8.23103,10.6313,7.83231,19.7
10.6802,-7.98206,8.268,10.6802,7.86735,19.8
10.7291,-8.01766,8.30498,10.7291,7.90239,19.9
10.778,-8.05325,8.34195,10.778,7.93743,20
10.8269,-8.08884,8.37893,10.8269,7.97247,20.1
10.8757,-8.12443,8.4159,10.8757,8.00751,20.2
10.9246,-8.16002,8.45287,10.9246,8.04255,20.3
10.9735,-8.19561,8.48985,10.9735,8.07759,20.4
11.0224,-8.23121,8.52682,11.0224,8.11263,20.5
11.0713,-8.2668,8.5638,11.0713,8.14767,20.6
11.1202,-8.30239,8.60077,11.1202,8.1827,20.7
11.1691,-8.33798,8.63774,11.1691,8.21774,20.8
11.218,-8.37357,8.67472,11.218,8.25278,20.9
11.2669,-8.40917,8.71169,11.2669,8.28782,21
11.3158,-8.44476,8.74867,11.3158,8.32286,21.1
11.3646,-8.48035,8.78564,11.3646,8.3579,21.2
11.4135,-8.51594,8.82261,11.4135,8.39294,21.3
11.4624,-8.55153,8.85959,11.4624,8.42798,21.4
11.5113,-8.58713,8.89656,11.5113,8.46302,21.5
11.5602,-8.62272,8.93354,11.5602,8.49806,21.6
11.6091,-8.65831,8.97051,11.6091,8.5331,21.7
11.658,-8.6939,9.00748,11.658,8.56814,21.8
11.7069,-8.72949,9.04446,11.7069,8.60318,21.9
11.7558,-8.76508,9.08143,11.7558,8.63822,22
11.8046,-8.80068,9.1184,11.8046,8.67325,22.1
11.8535,-8.83627,9.15538,11.8535,8.70829,22.2
11.9024,-8.87186,9.19235,11.9024,8.74333,22.3
11.9513,-8.90745,9.22933,11.9513,8.77837,22.4
12.0002,-8.94304,9.2663,12.0002,8.81341,22.5
12.0491,-8.97864,9.30327,12.0491,8.84845,22.6
12.098,-9.01423,9.34025,12.098,8.88349,22.7
12.1469,-9.04982,9.37722,12.1469,8.91853,22.8
12.1958,-9.08541,9.4142,12.1958,8.95357,22.9
12.2446,-9.121,9.45117,12.2446,8.98861,23
12.2935,-9.1566,9.48814,12.2935,9.02365,23.1
12.3424,-9.19219,9.52512,12.3424,9.05869,23.2
12.3913,-9.22778,9.56209,12.3913,9.09373,23.3
12.4402,-9.26337,9.59907,12.4402,9.12877,23.4
12.4891,-9.29896,9.63604,12.4891,9.1638,23.5
12.538,-9.33455,9.67301,12.538,9.19884,23.6
12.5869,-9.37015,9.70999,12.5869,9.23388,23.7
12.6358,-9.40574,9.74696,12.6358,9.26892,23.8
12.6846,-9.44133,9.78394,12.6846,9.30396,23.9
12.7335,-9.47692,9.82091,12.7335,9.339,24
12.7824,-9.51251,9.85788,12.7824,9.37404,24.1
12.8313,-9.54811,9.89486,12.8313,9.40908,24.2
12.8802,-9.5837,9.93183,12.8802,9.44412,24.3
12.9291,-9.61929,9.96881,12.9291,9.47916,24.4
12.978,-9.65488,10.0058,12.978,9.5142,24.5
13.0269,-9.69047,10.0428,13.0269,9.54924,24.6
13.0758,-9.72607,10.0797,13.0758,9.58428,24.7
13.1246,-9.76166,10.1167,13.1246,9.61931,24.8
13.1735,-9.79725,10.1537,13.1735,9.65435,24.9
13.2224,-9.83284,10.1906,13.2224,9.68939,25
13.2713,-9.86843,10.2276,13.2713,9.72443,25.1
13.3202,-9.90403,10.2646,13.3202,9.75947,25.2
13.3691,-9.93962,10.3016,13.3691,9.79451,25.3
13.418,-9.97521,10.3385,13.418,9.82955,25.4
13.4669,-10.0108,10.3755,13.4669,9.86459,25.5
13.5158,-10.0464,10.4125,13.5158,9.89963,25.6
13.5646,-10.082,10.4495,13.5646,9.93467,25.7
13.6135,-10.1176,10.4864,13.6135,9.96971,25.8
13.6624,-10.1532,10.5234,13.6624,10.0047,25.9
13.7113,-10.1888,10.5604,13.7113,10.0398,26
13.7602,-10.2244,10.5974,13.7602,10.0748,26.1
13.8091,-10.2599,10.6343,13.8091,10.1099,26.2
13.858,-10.2955,10.6713,13.858,10.1449,26.3
13.9069,-10.3311,10.7083,13.9069,10.1799,26.4
13.9558,-10.3667,10.7453,13.9558,10.215,26.5
14.0046,-10.4023,10.7822,14.0046,10.25,26.6
14.0535,-10.4379,10.8192,14.0535,10.2851,26.7
14.1024,-10.4735,10.8562,14.1024,10.3201,26.8
14.1513,-10.5091,10.8932,14.1513,10.3551,26.9
14.2002,-10.5447,10.9301,14.2002,10.3902,27
14.2491,-10.5803,10.9671,14.2491,10.4252,27.1
14.298,-10.6159,11.0041,14.298,10.4603,27.2
14.3469,-10.6515,11.041,14.3469,10.4953,27.3
14.3958,-10.687,11.078,14.3958,10.5303,27.4
14.4446,-10.7226,11.115,14.4446,10.5654,27.5
14.4935,-10.7582,11.152,14.4935,10.6004,27.6
14.5424,-10.7938,11.1889,14.5424,10.6355,27.7
14.5913,-10.8294,11.2259,14.5913,10.6705,27.8
14.6402,-10.865,11.2629,14.6402,10.7055,27.9
14.6891,-10.9006,11.2999,14.6891,10.7406,28
14.738,-10.9362,11.3368,14.738,10.7756,28.1
14.7869,-10.9718,11.3738,14.7869,10.8106,28.2
14.8358,-11.0074,11.4108,14.8358,10.8457,28.3
14.8846,-11.043,11.4478,14.8846,10.8807,28.4
14.9335,-11.0786,11.4847,14.9335,10.9158,28.5
14.9824,-11.1141,11.5217,14.9824,10.9508,28.6
15.0313,-11.1497,11.5587,15.0313,10.9858,28.7
15.0802,-11.1853,11.5957,15.0802,11.0209,28.8
15.1291,-11.2209,11.6326,15.1291,11.0559,28.9
15.178,-11.2565,11.6696,15.178,11.091,29
15.2269,-11.2921,11.7066,15.2269,11.126,29.1
15.2758,-11.3277,11.7436,15.2758,11.161,29.2
15.3246,-11.3633,11.7805,15.3246,11.1961,29.3
15.3735,-11.3989,11.8175,15.3735,11.2311,29.4
15.4224,-11.4345,11.8545,15.4224,11.2662,29.5
15.4713,-11.4701,11.8915,15.4713,11.3012,29.6
15.5202,-11.5057,11.9284,15.5202,11.3362,29.7
15.5691,-11.5413,11.9654,15.5691,11.3713,29.8
15.618,-11.5768,12.0024,15.618,11.4063,29.9
15.6669,-11.6124,12.0393,15.6669,11.4414,30
15.7158,-11.648,12.0763,15.7158,11.4764,30.1
15.7646,-11.6836,12.1133,15.7646,11.5114,30.2
15.8135,-11.7192,12.1503,15.8135,11.5465,30.3
15.8624,-11.7548,12.1872,15.8624,11.5815,30.4
15.9113,-11.7904,12.2242,15.9113,11.6166,30.5
15.9602,-11.826,12.2612,15.9602,11.6516,30.6
16.0091,-11.8616,12.2982,16.0091,11.6866,30.7
16.058,-11.8972,12.3351,16.058,11.7217,30.8
16.1069,-11.9328,12.3721,16.1069,11.7567,30.9
16.1558,-11.9684,12.4091,16.1558,11.7917,31
16.2046,-12.0039,12.4461,16.2046,11.8268,31.1
16.2535,-12.0395,12.483,16.2535,11.8618,31.2
16.3024,-12.0751,12.52,16.3024,11.8969,31.3
16.3513,-12.1107,12.557,16.3513,11.9319,31.4
16.4002,-12.1463,12.594,16.4002,11.9669,31.5
16.4491,-12.1819,12.6309,16.4491,12.002,31.6
16.498,-12.2175,12.6679,16.498,12.037,31.7
16.5469,-12.2531,12.7049,16.5469,12.0721,31.8
16.5958,-12.2887,12.7419,16.5958,12.1071,31.9
16.6446,-12.3243,12.7788,16.6446,12.1421,32
16.6935,-12.3599,12.8158,16.6935,12.1772,32.1
16.7424,-12.3955,12.8528,16.7424,12.2122,32.2
16.7913,-12.431,12.8897,16.7913,12.2473,32.3
16.8402,-12.4666,12.9267,16.8402,12.2823,32.4
16.8891,-12.5022,12.9637,16.8891,12.3173,32.5
16.938,-12.5378,13.0007,16.938,12.3524,32.6
16.9869,-12.5734,13.0376,16.9869,12.3874,32.7
17.0358,-12.609,13.0746,17.0358,12.4225,32.8
17.0846,-12.6446,13.1116,17.0846,12.4575,32.9
17.1335,-12.6802,13.1486,17.1335,12.4925,33
17.1824,-12.7158,13.1855,17.1824,12.5276,33.1
17.2313,-12.7514,13.2225,17.2313,12.5626,33.2
17.2802,-12.787,13.2595,17.2802,12.5977,33.3
17.3291,-12.8226,13.2965,17.3291,12.6327,33.4
17.378,-12.8582,13.3334,17.378,12.6677,33.5
17.4269,-12.8937,13.3704,17.4269,12.7028,33.6
17.4758,-12.9293,13.4074,17.4758,12.7378,33.7
17.5246,-12.9649,13.4444,17.5246,12.7728,33.8
17.5735,-13.0005,13.4813,17.5735,12.8079,33.9
17.6224,-13.0361,13.5183,17.6224,12.8429,34
17.6713,-13.0717,13.5553,17.6713,12.878,34.1
17.7202,-13.1073,13.5923,17.7202,12.913,34.2
17.7691,-13.1429,13.6292,17.7691,12.948,34.3
17.818,-13.1785,13.6662,17.818,12.9831,34.4
17.8669,-13.2141,13.7032,17.8669,13.0181,34.5
17.9158,-13.2497,13.7401,17.9158,13.0532,34.6
17.9646,-13.2853,13.7771,17.9646,13.0882,34.7
18.0135,-13.3208,13.8141,18.0135,13.1232,34.8
18.0624,-13.3564,13.8511,18.0624,13.1583,34.9
18.1113,-13.392,13.888,18.1113,13.1933,35
18.1602,-13.4276,13.925,18.1602,13.2284,35.1
18.2091,-13.4632,13.962,18.2091,13.2634,35.2
18.258,-13.4988,13.999,18.258,13.2984,35.3
18.3069,-13.5344,14.0359,18.3069,13.3335,35.4
18.3558,-13.57,14.0729,18.3558,13.3685,35.5
18.4046,-13.6056,14.1099,18.4046,13.4036,35.6
18.4535,-13.6412,14.1469,18.4535,13.4386,35.7
18.5024,-13.6768,14.1838,18.5024,13.4736,35.8
18.5513,-13.7124,14.2208,18.5513,13.5087,35.9
18.6002,-13.7479,14.2578,18.6002,13.5437,36
18.6491,-13.7835,14.2948,18.6491,13.5788,36.1
18.698,-13.8191,14.3317,18.698,13.6138,36.2
18.7469,-13.8547,14.3687,18.7469,13.6488,36.3
18.7958,-13.8903,14.4057,18.7958,13.6839,36.4
18.8446,-13.9259,14.4427,18.8446,13.7189,36.5
18.8935,-13.9615,14.4796,18.8935,13.7539,36.6
18.9424,-13.9971,14.5166,18.9424,13.789,36.7
18.9913,-14.0327,14.5536,18.9913,13.824,36.8
19.0402,-14.0683,14.5905,19.0402,13.8591,36.9
19.0891,-14.1039,14.6275,19.0891,13.8941,37
19.138,-14.1395,14.6645,19.138,13.9291,37.1
19.1869,-14.1751,14.7015,19.1869,13.9642,37.2
19.2358,-14.2106,14.7384,19.2358,13.9992,37.3
19.2846,-14.2462,14.7754,19.2846,14.0343,37.4
19.3335,-14.2818,14.8124,19.3335,14.0693,37.5
19.3824,-14.3174,14.8494,19.3824,14.1043,37.6
19.4313,-14.353,14.8863,19.4313,14.1394,37.7
19.4802,-14.3886,14.9233,19.4802,14.1744,37.8
19.5291,-14.4242,14.9603,19.5291,14.2095,37.9
19.578,-14.4598,14.9973,19.578,14.2445,38
19.6269,-14.4954,15.0342,19.6269,14.2795,38.1
19.6758,-14.531,15.0712,19.6758,14.3146,38.2
19.7246,-14.5666,15.1082,19.7246,14.3496,38.3
19.7735,-14.6022,15.1452,19.7735,14.3847,38.4
19.8224,-14.6377,15.1821,19.8224,14.4197,38.5
19.8713,-14.6733,15.2191,19.8713,14.4547,38.6
19.9202,-14.7089,15.2561,19.9202,14.4898,38.7
19.9691,-14.7445,15.2931,19.9691,14.5248,38.8
20.018,-14.7801,15.33,20.018,14.5599,38.9
20.0669,-14.8157,15.367,20.0669,14.5949,39
20.1158,-14.8513,15.404,20.1158,14.6299,39.1
20.1646,-14.8869,15.4409,20.1646,14.665,39.2
20.2135,-14.9225,15.4779,20.2135,14.7,39.3
20.2624,-14.9581,15.5149,20.2624,14.735,39.4
20.3113,-14.9937,15.5519,20.3113,14.7701,39.5
20.3602,-15.0293,15.5888,20.3602,14.8051,39.6
20.4091,-15.0648,15.6258,20.4091,14.8402,39.7
20.458,-15.1004,15.6628,20.458,14.8752,39.8
20.5069,-15.136,15.6998,20.5069,14.9102,39.9
20.5558,-15.1716,15.7367,20.5558,14.9453,40
20.6046,-15.2072,15.7737,20.6046,14.9803,40.1
20.6535,-15.2428,15.8107,20.6535,15.0154,40.2
20.7024,-15.2784,15.8477,20.7024,15.0504,40.3
20.7513,-15.314,15.8846,20.7513,15.0854,40.4
20.8002,-15.3496,15.9216,20.8002,15.1205,40.5
20.8491,-15.3852,15.9586,20.8491,15.1555,40.6
20.898,-15.4208,15.9956,20.898,15.1906,40.7
20.9469,-15.4564,16.0325,20.9469,15.2256,40.8
20.9958,-15.492,16.0695,20.9958,15.2606,40.9
21.0446,-15.5275,16.1065,21.0446,15.2957,41
21.0935,-15.5631,16.1435,21.0935,15.3307,41.1
21.1424,-15.5987,16.1804,21.1424,15.3658,41.2
21.1913,-15.6343,16.2174,21.1913,15.4008,41.3
21.2402,-15.6699,16.2544,21.2402,15.4358,41.4
21.2891,-15.7055,16.2914,21.2891,15.4709,41.5
21.338,-15.7411,16.3283,21.338,15.5059,41.6
21.3869,-15.7767,16.3653,21.3869,15.541,41.7
21.4358,-15.8123,16.4023,21.4358,15.576,41.8
21.4847,-15.8479,16.4392,21.4847,15.611,41.9
21.5335,-15.8835,16.4762,21.5335,15.6461,42
21.5824,-15.9191,16.5132,21.5824,15.6811,42.1
21.6313,-15.9546,16.5502,21.6313,15.7161,42.2
21.6802,-15.9902,16.5871,21.6802,15.7512,42.3
21.7291,-16.0258,16.6241,21.7291,15.7862,42.4
21.778,-16.0614,16.6611,21.778,15.8213,42.5
21.8269,-16.097,16.6981,21.8269,15.8563,42.6
21.8758,-16.1326,16.735,21.8758,15.8913,42.7
21.9247,-16.1682,16.772,21.9247,15.9264,42.8
21.9735,-16.2038,16.809,21.9735,15.9614,42.9
22.0224,-16.2394,16.846,22.0224,15.9965,43
22.0713,-16.275,16.8829,22.0713,16.0315,43.1
22.1202,-16.3106,16.9199,22.1202,16.0665,43.2
22.1691,-16.3462,16.9569,22.1691,16.1016,43.3
22.218,-16.3817,16.9939,22.218,16.1366,43.4
22.2669,-16.4173,17.0308,22.2669,16.1717,43.5
22.3158,-16.4529,17.0678,22.3158,16.2067,43.6
22.3647,-16.4885,17.1048,22.3647,16.2417,43.7
22.4135,-16.5241,17.1418,22.4135,16.2768,43.8
22.4624,-16.5597,17.1787,22.4624,16.3118,43.9
22.5113,-16.5953,17.2157,22.5113,16.3469,44
22.5602,-16.6309,17.2527,22.5602,16.3819,44.1
22.6091,-16.6665,17.2896,22.6091,16.4169,44.2
22.658,-16.7021,17.3266,22.658,16.452,44.3
22.7069,-16.7377,17.3636,22.7069,16.487,44.4
22.7558,-16.7733,17.4006,22.7558,16.5221,44.5
22.8047,-16.8089,17.4375,22.8047,16.5571,44.6
22.8535,-16.8444,17.4745,22.8535,16.5921,44.7
22.9024,-16.88,17.5115,22.9024,16.6272,44.8
22.9513,-16.9156,17.5485,22.9513,16.6622,44.9
23.0002,-16.9512,17.5854,23.0002,16.6972,45
23.0491,-16.9868,17.6224,23.0491,16.7323,45.1
23.098,-17.0224,17.6594,23.098,16.7673,45.2
23.1469,-17.058,17.6964,23.1469,16.8024,45.3
23.1958,-17.0936,17.7333,23.1958,16.8374,45.4
23.2447,-17.1292,17.7703,23.2447,16.8724,45.5
23.2935,-17.1648,17.8073,23.2935,16.9075,45.6
23.3424,-17.2004,17.8443,23.3424,16.9425,45.7
23.3913,-17.236,17.8812,23.3913,16.9776,45.8
23.4402,-17.2715,17.9182,23.4402,17.0126,45.9
23.4891,-17.3071,17.9552,23.4891,17.0476,46
23.538,-17.3427,17.9922,23.538,17.0827,46.1
23.5869,-17.3783,18.0291,23.5869,17.1177,46.2
23.6358,-17.4139,18.0661,23.6358,17.1528,46.3
23.6847,-17.4495,18.1031,23.6847,17.1878,46.4
23.7335,-17.4851,18.14,23.7335,17.2228,46.5
23.7824,-17.5207,18.177,23.7824,17.2579,46.6
23.8313,-17.5563,18.214,23.8313,17.2929,46.7
23.8802,-17.5919,18.251,23.8802,17.328,46.8
23.9291,-17.6275,18.2879,23.9291,17.363,46.9
23.978,-17.6631,18.3249,23.978,17.398,47
24.0269,-17.6986,18.3619,24.0269,17.4331,47.1
24.0758,-17.7342,18.3989,24.0758,17.4681,47.2
24.1247,-17.7698,18.4358,24.1247,17.5032,47.3
24.1735,-17.8054,18.4728,24.1735,17.5382,47.4
24.2224,-17.841,18.5098,24.2224,17.5732,47.5
24.2713,-17.8766,18.5468,24.2713,17.6083,47.6
24.3202,-17.9122,18.5837,24.3202,17.6433,47.7
24.3691,-17.9478,18.6207,24.3691,17.6783,47.8
24.418,-17.9834,18.6577,24.418,17.7134,47.9
24.4669,-18.019,18.6947,24.4669,17.7484,48
24.5158,-18.0546,18.7316,24.5158,17.7835,48.1
24.5647,-18.0902,18.7686,24.5647,17.8185,48.2
24.6135,-18.1257,18.8056,24.6135,17.8535,48.3
24.6624,-18.1613,18.8426,24.6624,17.8886,48.4
24.7113,-18.1969,18.8795,24.7113,17.9236,48.5
24.7602,-18.2325,18.9165,24.7602,17.9587,48.6
24.8091,-18.2681,18.9535,24.8091,17.9937,48.7
24.858,-18.3037,18.9904,24.858,18.0287,48.8
24.9069,-18.3393,19.0274,24.9069,18.0638,48.9
24.9558,-18.3749,19.0644,24.9558,18.0988,49
25.0047,-18.4105,19.1014,25.0047,18.1339,49.1
25.0535,-18.4461,19.1383,25.0535,18.1689,49.2
25.1024,-18.4817,19.1753,25.1024,18.2039,49.3
25.1513,-18.5173,19.2123,25.1513,18.239,49.4
25.2002,-18.5529,19.2493,25.2002,18.274,49.5
25.2491,-18.5884,19.2862,25.2491,18.3091,49.6
25.298,-18.624,19.3232,25.298,18.3441,49.7
25.3469,-18.6596,19.3602,25.3469,18.3791,49.8
25.3958,-18.6952,19.3972,25.3958,18.4142,49.9
25.4447,-18.7308,19.4341,25.4447,18.4492,50
25.4935,-18.7664,19.4711,25.4935,18.4842,50.1
25.5424,-18.802,19.5081,25.5424,18.5193,50.2
25.5913,-18.8376,19.5451,25.5913,18.5543,50.3
25.6402,-18.8732,19.582,25.6402,18.5894,50.4
25.6891,-18.9088,19.619,25.6891,18.6244,50.5
25.738,-18.9444,19.656,25.738,18.6594,50.6
25.7869,-18.98,19.693,25.7869,18.6945,50.7
25.8358,-19.0155,19.7299,25.8358,18.7295,50.8
25.8847,-19.0511,19.7669,25.8847,18.7646,50.9
25.9335,-19.0867,19.8039,25.9335,18.7996,51
25.9824,-19.1223,19.8408,25.9824,18.8346,51.1
26.0313,-19.1579,19.8778,26.0313,18.8697,51.2
26.0802,-19.1935,19.9148,26.0802,18.9047,51.3
26.1291,-19.2291,19.9518,26.1291,18.9398,51.4
26.178,-19.2647,19.9887,26.178,18.9748,51.5
26.2269,-19.3003,20.0257,26.2269,19.0098,51.6
26.2758,-19.3359,20.0627,26.2758,19.0449,51.7
26.3247,-19.3715,20.0997,26.3247,19.0799,51.8
26.3735,-19.4071,20.1366,26.3735,19.115,51.9
26.4224,-19.4426,20.1736,26.4224,19.15,52
26.4713,-19.4782,20.2106,26.4713,19.185,52.1
26.5202,-19.5138,20.2476,26.5202,19.2201,52.2
26.5691,-19.5494,20.2845,26.5691,19.2551,52.3
26.618,-19.585,20.3215,26.618,19.2902,52.4
26.6669,-19.6206,20.3585,26.6669,19.3252,52.5
26.7158,-19.6562,20.3955,26.7158,19.3602,52.6
26.7647,-19.6918,20.4324,26.7647,19.3953,52.7
26.8135,-19.7274,20.4694,26.8135,19.4303,52.8
26.8624,-19.763,20.5064,26.8624,19.4653,52.9
26.9113,-19.7986,20.5434,26.9113,19.5004,53
26.9602,-19.8342,20.5803,26.9602,19.5354,53.1
27.0091,-19.8698,20.6173,27.0091,19.5705,53.2
27.058,-19.9053,20.6543,27.058,19.6055,53.3
27.1069,-19.9409,20.6912,27.1069,19.6405,53.4
27.1558,-19.9765,20.7282,27.1558,19.6756,53.5
27.2047,-20.0121,20.7652,27.2047,19.7106,53.6
27.2535,-20.0477,20.8022,27.2535,19.7457,53.7
27.3024,-20.0833,20.8391,27.3024,19.7807,53.8
27.3513,-20.1189,20.8761,27.3513,19.8157,53.9
27.4002,-20.1545,20.9131,27.4002,19.8508,54
27.4491,-20.1901,20.9501,27.4491,19.8858,54.1
27.498,-20.2257,20.987,27.498,19.9209,54.2
27.5469,-20.2613,21.024,27.5469,19.9559,54.3
27.5958,-20.2969,21.061,27.5958,19.9909,54.4
27.6447,-20.3324,21.098,27.6447,20.026,54.5
27.6935,-20.368,21.1349,27.6935,20.061,54.6
27.7424,-20.4036,21.1719,27.7424,20.0961,54.7
27.7913,-20.4392,21.2089,27.7913,20.1311,54.8
27.8402,-20.4748,21.2459,27.8402,20.1661,54.9
27.8891,-20.5104,21.2828,27.8891,20.2012,55
27.938,-20.546,21.3198,27.938,20.2362,55.1
27.9869,-20.5816,21.3568,27.9869,20.2713,55.2
28.0358,-20.6172,21.3938,28.0358,20.3063,55.3
28.0847,-20.6528,21.4307,28.0847,20.3413,55.4
28.1335,-20.6884,21.4677,28.1335,20.3764,55.5
28.1824,-20.724,21.5047,28.1824,20.4114,55.6
28.2313,-20.7595,21.5417,28.2313,20.4464,55.7
28.2802,-20.7951,21.5786,28.2802,20.4815,55.8
28.3291,-20.8307,21.6156,28.3291,20.5165,55.9
28.378,-20.8663,21.6526,28.378,20.5516,56
28.4269,-20.9019,21.6895,28.4269,20.5866,56.1
28.4758,-20.9375,21.7265,28.4758,20.6216,56.2
28.5247,-20.9731,21.7635,28.5247,20.6567,56.3
28.5735,-21.0087,21.8005,28.5735,20.6917,56.4
28.6224,-21.0443,21.8374,28.6224,20.7268,56.5
28.6713,-21.0799,21.8744,28.6713,20.7618,56.6
28.7202,-21.1155,21.9114,28.7202,20.7968,56.7
28.7691,-21.1511,21.9484,28.7691,20.8319,56.8
28.818,-21.1867,21.9853,28.818,20.8669,56.9
28.8669,-21.2222,22.0223,28.8669,20.902,57
28.9158,-21.2578,22.0593,28.9158,20.937,57.1
28.9647,-21.2934,22.0963,28.9647,20.972,57.2
29.0135,-21.329,22.1332,29.0135,21.0071,57.3
29.0624,-21.3646,22.1702,29.0624,21.0421,57.4
29.1113,-21.4002,22.2072,29.1113,21.0772,57.5
29.1602,-21.4358,22.2442,29.1602,21.1122,57.6
29.2091,-21.4714,22.2811,29.2091,21.1472,57.7
29.258,-21.507,22.3181,29.258,21.1823,57.8
29.3069,-21.5426,22.3551,29.3069,21.2173,57.9
29.3558,-21.5782,22.3921,29.3558,21.2524,58
29.4047,-21.6138,22.429,29.4047,21.2874,58.1
29.4535,-21.6493,22.466,29.4535,21.3224,58.2
29.5024,-21.6849,22.503,29.5024,21.3575,58.3
29.5513,-21.7205,22.5399,29.5513,21.3925,58.4
29.6002,-21.7561,22.5769,29.6002,21.4275,58.5
29.6491,-21.7917,22.6139,29.6491,21.4626,58.6
29.698,-21.8273,22.6509,29.698,21.4976,58.7
29.7469,-21.8629,22.6878,29.7469,21.5327,58.8
29.7958,-21.8985,22.7248,29.7958,21.5677,58.9
29.8447,-21.9341,22.7618,29.8447,21.6027,59
29.8935,-21.9697,22.7988,29.8935,21.6378,59.1
29.9424,-22.0053,22.8357,29.9424,21.6728,59.2
29.9913,-22.0409,22.8727,29.9913,21.7079,59.3
30.0402,-22.0764,22.9097,30.0402,21.7429,59.4
30.0891,-22.112,22.9467,30.0891,21.7779,59.5
30.138,-22.1476,22.9836,30.138,21.813,59.6
30.1869,-22.1832,23.0206,30.1869,21.848,59.7
30.2358,-22.2188,23.0576,30.2358,21.8831,59.8
30.2847,-22.2544,23.0946,30.2847,21.9181,59.9
30.3335,-22.29,23.1315,30.3335,21.9531,60
30.3824,-22.3256,23.1685,30.3824,21.9882,60.1
30.4313,-22.3612,23.2055,30.4313,22.0232,60.2
30.4802,-22.3968,23.2425,30.4802,22.0583,60.3
30.5291,-22.4324,23.2794,30.5291,22.0933,60.4
30.578,-22.468,23.3164,30.578,22.1283,60.5
30.6269,-22.5036,23.3534,30.6269,22.1634,60.6
30.6758,-22.5391,23.3903,30.6758,22.1984,60.7
30.7247,-22.5747,23.4273,30.7247,22.2335,60.8
30.7735,-22.6103,23.4643,30.7735,22.2685,60.9
30.8224,-22.6459,23.5013,30.8224,22.3035,61
30.8713,-22.6815,23.5382,30.8713,22.3386,61.1
30.9202,-22.7171,23.5752,30.9202,22.3736,61.2
30.9691,-22.7527,23.6122,30.9691,22.4086,61.3
31.018,-22.7883,23.6492,31.018,22.4437,61.4
31.0669,-22.8239,23.6861,31.0669,22.4787,61.5
31.1158,-22.8595,23.7231,31.1158,22.5138,61.6
31.1647,-22.8951,23.7601,31.1647,22.5488,61.7
31.2135,-22.9307,23.7971,31.2135,22.5838,61.8
31.2624,-22.9662,23.834,31.2624,22.6189,61.9
31.3113,-23.0018,23.871,31.3113,22.6539,62
31.3602,-23.0374,23.908,31.3602,22.689,62.1
31.4091,-23.073,23.945,31.4091,22.724,62.2
31.458,-23.1086,23.9819,31.458,22.759,62.3
31.5069,-23.1442,24.0189,31.5069,22.7941,62.4
31.5558,-23.1798,24.0559,31.5558,22.8291,62.5
31.6047,-23.2154,24.0929,31.6047,22.8642,62.6
31.6535,-23.251,24.1298,31.6535,22.8992,62.7
31.7024,-23.2866,24.1668,31.7024,22.9342,62.8
31.7513,-23.3222,24.2038,31.7513,22.9693,62.9
31.8002,-23.3578,24.2407,31.8002,23.0043,63
31.8491,-23.3933,24.2777,31.8491,23.0394,63.1
31.898,-23.4289,24.3147,31.898,23.0744,63.2
31.9469,-23.4645,24.3517,31.9469,23.1094,63.3
31.9958,-23.5001,24.3886,31.9958,23.1445,63.4
32.0447,-23.5357,24.4256,32.0447,23.1795,63.5
32.0936,-23.5713,24.4626,32.0936,23.2146,63.6
32.1424,-23.6069,24.4996,32.1424,23.2496,63.7
32.1913,-23.6425,24.5365,32.1913,23.2846,63.8
32.2402,-23.6781,24.5735,32.2402,23.3197,63.9
32.2891,-23.7137,24.6105,32.2891,23.3547,64
32.338,-23.7493,24.6475,32.338,23.3897,64.1
32.3869,-23.7849,24.6844,32.3869,23.4248,64.2
32.4358,-23.8205,24.7214,32.4358,23.4598,64.3
32.4847,-23.856,24.7584,32.4847,23.4949,64.4
32.5336,-23.8916,24.7954,32.5336,23.5299,64.5
32.5824,-23.9272,24.8323,32.5824,23.5649,64.6
32.6313,-23.9628,24.8693,32.6313,23.6,64.7
32.6802,-23.9984,24.9063,32.6802,23.635,64.8
32.7291,-24.034,24.9433,32.7291,23.6701,64.9
32.778,-24.0696,24.9802,32.778,23.7051,65
32.8269,-24.1052,25.0172,32.8269,23.7401,65.1
32.8758,-24.1408,25.0542,32.8758,23.7752,65.2
32.9247,-24.1764,25.0911,32.9247,23.8102,65.3
32.9736,-24.212,25.1281,32.9736,23.8453,65.4
33.0224,-24.2476,25.1651,33.0224,23.8803,65.5
33.0713,-24.2831,25.2021,33.0713,23.9153,65.6
33.1202,-24.3187,25.239,33.1202,23.9504,65.7
33.1691,-24.3543,25.276,33.1691,23.9854,65.8
33.218,-24.3899,25.313,33.218,24.0205,65.9
33.2669,-24.4255,25.35,33.2669,24.0555,66
33.3158,-24.4611,25.3869,33.3158,24.0905,66.1
33.3647,-24.4967,25.4239,33.3647,24.1256,66.2
33.4136,-24.5323,25.4609,33.4136,24.1606,66.3
33.4624,-24.5679,25.4979,33.4624,24.1957,66.4
33.5113,-24.6035,25.5348,33.5113,24.2307,66.5
33.5602,-24.6391,25.5718,33.5602,24.2657,66.6
33.6091,-24.6747,25.6088,33.6091,24.3008,66.7
33.658,-24.7102,25.6458,33.658,24.3358,66.8
33.7069,-24.7458,25.6827,33.7069,24.3708,66.9
33.7558,-24.7814,25.7197,33.7558,24.4059,67
33.8047,-24.817,25.7567,33.8047,24.4409,67.1
33.8536,-24.8526,25.7937,33.8536,24.476,67.2
33.9024,-24.8882,25.8306,33.9024,24.511,67.3
33.9513,-24.9238,25.8676,33.9513,24.546,67.4
34.0002,-24.9594,25.9046,34.0002,24.5811,67.5
34.0491,-24.995,25.9415,34.0491,24.6161,67.6
34.098,-25.0306,25.9785,34.098,24.6512,67.7
34.1469,-25.0662,26.0155,34.1469,24.6862,67.8
34.1958,-25.1018,26.0525,34.1958,24.7212,67.9
34.2447,-25.1374,26.0894,34.2447,24.7563,68
34.2936,-25.1729,26.1264,34.2936,24.7913,68.1
34.3424,-25.2085,26.1634,34.3424,24.8264,68.2
34.3913,-25.2441,26.2004,34.3913,24.8614,68.3
34.4402,-25.2797,26.2373,34.4402,24.8964,68.4
34.4891,-25.3153,26.2743,34.4891,24.9315,68.5
34.538,-25.3509,26.3113,34.538,24.9665,68.6
34.5869,-25.3865,26.3483,34.5869,25.0016,68.7
34.6358,-25.4221,26.3852,34.6358,25.0366,68.8
34.6847,-25.4577,26.4222,34.6847,25.0716,68.9
34.7336,-25.4933,26.4592,34.7336,25.1067,69
34.7824,-25.5289,26.4962,34.7824,25.1417,69.1
34.8313,-25.5645,26.5331,34.8313,25.1767,69.2
34.8802,-25.6,26.5701,34.8802,25.2118,69.3
34.9291,-25.6356,26.6071,34.9291,25.2468,69.4
34.978,-25.6712,26.6441,34.978,25.2819,69.5
35.0269,-25.7068,26.681,35.0269,25.3169,69.6
35.0758,-25.7424,26.718,35.0758,25.3519,69.7
35.1247,-25.778,26.755,35.1247,25.387,69.8
35.1736,-25.8136,26.792,35.1736,25.422,69.9
35.2224,-25.8492,26.8289,35.2224,25.4571,70
35.2713,-25.8848,26.8659,35.2713,25.4921,70.1
35.3202,-25.9204,26.9029,35.3202,25.5271,70.2
35.3691,-25.956,26.9398,35.3691,25.5622,70.3
35.418,-25.9916,26.9768,35.418,25.5972,70.4
35.4669,-26.0271,27.0138,35.4669,25.6323,70.5
35.5158,-26.0627,27.0508,35.5158,25.6673,70.6
35.5647,-26.0983,27.0877,35.5647,25.7023,70.7
35.6136,-26.1339,27.1247,35.6136,25.7374,70.8
35.6624,-26.1695,27.1617,35.6624,25.7724,70.9
35.7113,-26.2051,27.1987,35.7113,25.8075,71
35.7602,-26.2407,27.2356,35.7602,25.8425,71.1
35.8091,-26.2763,27.2726,35.8091,25.8775,71.2
35.858,-26.3119,27.3096,35.858,25.9126,71.3
35.9069,-26.3475,27.3466,35.9069,25.9476,71.4
35.9558,-26.3831,27.3835,35.9558,25.9827,71.5
36.0047,-26.4187,27.4205,36.0047,26.0177,71.6
36.0536,-26.4543,27.4575,36.0536,26.0527,71.7
36.1024,-26.4898,27.4945,36.1024,26.0878,71.8
36.1513,-26.5254,27.5314,36.1513,26.1228,71.9
36.2002,-26.561,27.5684,36.2002,26.1578,72
36.2491,-26.5966,27.6054,36.2491,26.1929,72.1
36.298,-26.6322,27.6424,36.298,26.2279,72.2
36.3469,-26.6678,27.6793,36.3469,26.263,72.3
36.3958,-26.7034,27.7163,36.3958,26.298,72.4
36.4447,-26.739,27.7533,36.4447,26.333,72.5
36.4936,-26.7746,27.7902,36.4936,26.3681,72.6
36.5424,-26.8102,27.8272,36.5424,26.4031,72.7
36.5913,-26.8458,27.8642,36.5913,26.4382,72.8
36.6402,-26.8814,27.9012,36.6402,26.4732,72.9
36.6891,-26.9169,27.9381,36.6891,26.5082,73
36.738,-26.9525,27.9751,36.738,26.5433,73.1
36.7869,-26.9881,28.0121,36.7869,26.5783,73.2
36.8358,-27.0237,28.0491,36.8358,26.6134,73.3
36.8847,-27.0593,28.086,36.8847,26.6484,73.4
36.9336,-27.0949,28.123,36.9336,26.6834,73.5
36.9824,-27.1305,28.16,36.9824,26.7185,73.6
37.0313,-27.1661,28.197,37.0313,26.7535,73.7
37.0802,-27.2017,28.2339,37.0802,26.7886,73.8
37.1291,-27.2373,28.2709,37.1291,26.8236,73.9
37.178,-27.2729,28.3079,37.178,26.8586,74
37.2269,-27.3085,28.3449,37.2269,26.8937,74.1
37.2758,-27.344,28.3818,37.2758,26.9287,74.2
37.3247,-27.3796,28.4188,37.3247,26.9638,74.3
37.3736,-27.4152,28.4558,37.3736,26.9988,74.4
37.4224,-27.4508,28.4928,37.4224,27.0338,74.5
37.4713,-27.4864,28.5297,37.4713,27.0689,74.6
37.5202,-27.522,28.5667,37.5202,27.1039,74.7
37.5691,-27.5576,28.6037,37.5691,27.1389,74.8
37.618,-27.5932,28.6406,37.618,27.174,74.9
37.6669,-27.6288,28.6776,37.6669,27.209,75
37.7158,-27.6644,28.7146,37.7158,27.2441,75.1
37.7647,-27.7,28.7516,37.7647,27.2791,75.2
37.8136,-27.7356,28.7885,37.8136,27.3141,75.3
37.8624,-27.7712,28.8255,37.8624,27.3492,75.4
37.9113,-27.8067,28.8625,37.9113,27.3842,75.5
37.9602,-27.8423,28.8995,37.9602,27.4193,75.6
38.0091,-27.8779,28.9364,38.0091,27.4543,75.7
38.058,-27.9135,28.9734,38.058,27.4893,75.8
38.1069,-27.9491,29.0104,38.1069,27.5244,75.9
38.1558,-27.9847,29.0474,38.1558,27.5594,76
38.2047,-28.0203,29.0843,38.2047,27.5945,76.1
38.2536,-28.0559,29.1213,38.2536,27.6295,76.2
38.3024,-28.0915,29.1583,38.3024,27.6645,76.3
38.3513,-28.1271,29.1953,38.3513,27.6996,76.4
38.4002,-28.1627,29.2322,38.4002,27.7346,76.5
38.4491,-28.1983,29.2692,38.4491,27.7697,76.6
38.498,-28.2338,29.3062,38.498,27.8047,76.7
38.5469,-28.2694,29.3432,38.5469,27.8397,76.8
38.5958,-28.305,29.3801,38.5958,27.8748,76.9
38.6447,-28.3406,29.4171,38.6447,27.9098,77
38.6936,-28.3762,29.4541,38.6936,27.9449,77.1
38.7424,-28.4118,29.491,38.7424,27.9799,77.2
38.7913,-28.4474,29.528,38.7913,28.0149,77.3
38.8402,-28.483,29.565,38.8402,28.05,77.4
38.8891,-28.5186,29.602,38.8891,28.085,77.5
38.938,-28.5542,29.6389,38.938,28.12,77.6
38.9869,-28.5898,29.6759,38.9869,28.1551,77.7
39.0358,-28.6254,29.7129,39.0358,28.1901,77.8
39.0847,-28.6609,29.7499,39.0847,28.2252,77.9
39.1336,-28.6965,29.7868,39.1336,28.2602,78
39.1824,-28.7321,29.8238,39.1824,28.2952,78.1
39.2313,-28.7677,29.8608,39.2313,28.3303,78.2
39.2802,-28.8033,29.8978,39.2802,28.3653,78.3
39.3291,-28.8389,29.9347,39.3291,28.4004,78.4
39.378,-28.8745,29.9717,39.378,28.4354,78.5
39.4269,-28.9101,30.0087,39.4269,28.4704,78.6
39.4758,-28.9457,30.0457,39.4758,28.5055,78.7
39.5247,-28.9813,30.0826,39.5247,28.5405,78.8
39.5736,-29.0169,30.1196,39.5736,28.5756,78.9
39.6224,-29.0525,30.1566,39.6224,28.6106,79
39.6713,-29.088,30.1936,39.6713,28.6456,79.1
39.7202,-29.1236,30.2305,39.7202,28.6807,79.2
39.7691,-29.1592,30.2675,39.7691,28.7157,79.3
39.818,-29.1948,30.3045,39.818,28.7508,79.4
39.8669,-29.2304,30.3414,39.8669,28.7858,79.5
39.9158,-29.266,30.3784,39.9158,28.8208,79.6
39.9647,-29.3016,30.4154,39.9647,28.8559,79.7
40.0136,-29.3372,30.4524,40.0136,28.8909,79.8
40.0624,-29.3728,30.4893,40.0624,28.926,79.9
40.1113,-29.4084,30.5263,40.1113,28.961,80
40.1602,-29.444,30.5633,40.1602,28.996,80.1
40.2091,-29.4796,30.6003,40.2091,29.0311,80.2
40.258,-29.5152,30.6372,40.258,29.0661,80.3
40.3069,-29.5507,30.6742,40.3069,29.1011,80.4
40.3558,-29.5863,30.7112,40.3558,29.1362,80.5
40.4047,-29.6219,30.7482,40.4047,29.1712,80.6
40.4536,-29.6575,30.7851,40.4536,29.2063,80.7
40.5024,-29.6931,30.8221,40.5024,29.2413,80.8
40.5513,-29.7287,30.8591,40.5513,29.2763,80.9
40.6002,-29.7643,30.8961,40.6002,29.3114,81
40.6491,-29.7999,30.933,40.6491,29.3464,81.1
40.698,-29.8355,30.97,40.698,29.3815,81.2
40.7469,-29.8711,31.007,40.7469,29.4165,81.3
40.7958,-29.9067,31.044,40.7958,29.4515,81.4
40.8447,-29.9423,31.0809,40.8447,29.4866,81.5
40.8936,-29.9778,31.1179,40.8936,29.5216,81.6
40.9424,-30.0134,31.1549,40.9424,29.5567,81.7
40.9913,-30.049,31.1918,40.9913,29.5917,81.8
41.0402,-30.0846,31.2288,41.0402,29.6267,81.9
41.0891,-30.1202,31.2658,41.0891,29.6618,82
41.138,-30.1558,31.3028,41.138,29.6968,82.1
41.1869,-30.1914,31.3397,41.1869,29.7319,82.2
41.2358,-30.227,31.3767,41.2358,29.7669,82.3
41.2847,-30.2626,31.4137,41.2847,29.8019,82.4
41.3336,-30.2982,31.4507,41.3336,29.837,82.5
41.3824,-30.3338,31.4876,41.3824,29.872,82.6
41.4313,-30.3694,31.5246,41.4313,29.9071,82.7
41.4802,-30.4049,31.5616,41.4802,29.9421,82.8
41.5291,-30.4405,31.5986,41.5291,29.9771,82.9
41.578,-30.4761,31.6355,41.578,30.0122,83
41.6269,-30.5117,31.6725,41.6269,30.0472,83.1
41.6758,-30.5473,31.7095,41.6758,30.0822,83.2
41.7247,-30.5829,31.7465,41.7247,30.1173,83.3
41.7736,-30.6185,31.7834,41.7736,30.1523,83.4
41.8224,-30.6541,31.8204,41.8224,30.1874,83.5
41.8713,-30.6897,31.8574,41.8713,30.2224,83.6
41.9202,-30.7253,31.8944,41.9202,30.2574,83.7
41.9691,-30.7609,31.9313,41.9691,30.2925,83.8
42.018,-30.7965,31.9683,42.018,30.3275,83.9
42.0669,-30.8321,32.0053,42.0669,30.3626,84
42.1158,-30.8676,32.0423,42.1158,30.3976,84.1
42.1647,-30.9032,32.0792,42.1647,30.4326,84.2
42.2136,-30.9388,32.1162,42.2136,30.4677,84.3
42.2625,-30.9744,32.1532,42.2625,30.5027,84.4
42.3113,-31.01,32.1901,42.3113,30.5378,84.5
42.3602,-31.0456,32.2271,42.3602,30.5728,84.6
42.4091,-31.0812,32.2641,42.4091,30.6078,84.7
42.458,-31.1168,32.3011,42.458,30.6429,84.8
42.5069,-31.1524,32.338,42.5069,30.6779,84.9
42.5558,-31.188,32.375,42.5558,30.713,85
42.6047,-31.2236,32.412,42.6047,30.748,85.1
42.6536,-31.2592,32.449,42.6536,30.783,85.2
42.7025,-31.2947,32.4859,42.7025,30.8181,85.3
42.7513,-31.3303,32.5229,42.7513,30.8531,85.4
42.8002,-31.3659,32.5599,42.8002,30.8882,85.5
42.8491,-31.4015,32.5969,42.8491,30.9232,85.6
42.898,-31.4371,32.6338,42.898,30.9582,85.7
42.9469,-31.4727,32.6708,42.9469,30.9933,85.8
42.9958,-31.5083,32.7078,42.9958,31.0283,85.9
43.0447,-31.5439,32.7448,43.0447,31.0633,86
43.0936,-31.5795,32.7817,43.0936,31.0984,86.1
43.1425,-31.6151,32.8187,43.1425,31.1334,86.2
43.1913,-31.6507,32.8557,43.1913,31.1685,86.3
43.2402,-31.6863,32.8927,43.2402,31.2035,86.4
43.2891,-31.7218,32.9296,43.2891,31.2385,86.5
43.338,-31.7574,32.9666,43.338,31.2736,86.6
43.3869,-31.793,33.0036,43.3869,31.3086,86.7
43.4358,-31.8286,33.0405,43.4358,31.3437,86.8
43.4847,-31.8642,33.0775,43.4847,31.3787,86.9
43.5336,-31.8998,33.1145,43.5336,31.4137,87
43.5825,-31.9354,33.1515,43.5825,31.4488,87.1
43.6313,-31.971,33.1884,43.6313,31.4838,87.2
43.6802,-32.0066,33.2254,43.6802,31.5189,87.3
43.7291,-32.0422,33.2624,43.7291,31.5539,87.4
43.778,-32.0778,33.2994,43.778,31.5889,87.5
43.8269,-32.1134,33.3363,43.8269,31.624,87.6
43.8758,-32.149,33.3733,43.8758,31.659,87.7
43.9247,-32.1845,33.4103,43.9247,31.6941,87.8
43.9736,-32.2201,33.4473,43.9736,31.7291,87.9
44.0225,-32.2557,33.4842,44.0225,31.7641,88
44.0713,-32.2913,33.5212,44.0713,31.7992,88.1
44.1202,-32.3269,33.5582,44.1202,31.8342,88.2
44.1691,-32.3625,33.5952,44.1691,31.8692,88.3
44.218,-32.3981,33.6321,44.218,31.9043,88.4
44.2669,-32.4337,33.6691,44.2669,31.9393,88.5
44.3158,-32.4693,33.7061,44.3158,31.9744,88.6
44.3647,-32.5049,33.7431,44.3647,32.0094,88.7
44.4136,-32.5405,33.78,44.4136,32.0444,88.8
44.4625,-32.5761,33.817,44.4625,32.0795,88.9
44.5113,-32.6116,33.854,44.5113,32.1145,89
44.5602,-32.6472,33.8909,44.5602,32.1496,89.1
44.6091,-32.6828,33.9279,44.6091,32.1846,89.2
44.658,-32.7184,33.9649,44.658,32.2196,89.3
44.7069,-32.754,34.0019,44.7069,32.2547,89.4
44.7558,-32.7896,34.0388,44.7558,32.2897,89.5
44.8047,-32.8252,34.0758,44.8047,32.3248,89.6
44.8536,-32.8608,34.1128,44.8536,32.3598,89.7
44.9025,-32.8964,34.1498,44.9025,32.3948,89.8
44.9513,-32.932,34.1867,44.9513,32.4299,89.9
45.0002,-32.9676,34.2237,45.0002,32.4649,90
45.0491,-33.0032,34.2607,45.0491,32.5,90.1
45.098,-33.0387,34.2977,45.098,32.535,90.2
45.1469,-33.0743,34.3346,45.1469,32.57,90.3
45.1958,-33.1099,34.3716,45.1958,32.6051,90.4
45.2447,-33.1455,34.4086,45.2447,32.6401,90.5
45.2936,-33.1811,34.4456,45.2936,32.6752,90.6
45.3425,-33.2167,34.4825,45.3425,32.7102,90.7
45.3913,-33.2523,34.5195,45.3913,32.7452,90.8
45.4402,-33.2879,34.5565,45.4402,32.7803,90.9
45.4891,-33.3235,34.5935,45.4891,32.8153,91
45.538,-33.3591,34.6304,45.538,32.8503,91.1
45.5869,-33.3947,34.6674,45.5869,32.8854,91.2
45.6358,-33.4303,34.7044,45.6358,32.9204,91.3
45.6847,-33.4659,34.7413,45.6847,32.9555,91.4
45.7336,-33.5014,34.7783,45.7336,32.9905,91.5
45.7825,-33.537,34.8153,45.7825,33.0255,91.6
45.8313,-33.5726,34.8523,45.8313,33.0606,91.7
45.8802,-33.6082,34.8892,45.8802,33.0956,91.8
45.9291,-33.6438,34.9262,45.9291,33.1307,91.9
45.978,-33.6794,34.9632,45.978,33.1657,92
46.0269,-33.715,35.0002,46.0269,33.2007,92.1
46.0758,-33.7506,35.0371,46.0758,33.2358,92.2
46.1247,-33.7862,35.0741,46.1247,33.2708,92.3
46.1736,-33.8218,35.1111,46.1736,33.3059,92.4
46.2225,-33.8574,35.1481,46.2225,33.3409,92.5
46.2713,-33.893,35.185,46.2713,33.3759,92.6
46.3202,-33.9285,35.222,46.3202,33.411,92.7
46.3691,-33.9641,35.259,46.3691,33.446,92.8
46.418,-33.9997,35.296,46.418,33.4811,92.9
46.4669,-34.0353,35.3329,46.4669,33.5161,93
46.5158,-34.0709,35.3699,46.5158,33.5511,93.1
46.5647,-34.1065,35.4069,46.5647,33.5862,93.2
46.6136,-34.1421,35.4439,46.6136,33.6212,93.3
46.6625,-34.1777,35.4808,46.6625,33.6563,93.4
46.7113,-34.2133,35.5178,46.7113,33.6913,93.5
46.7602,-34.2489,35.5548,46.7602,33.7263,93.6
46.8091,-34.2845,35.5917,46.8091,33.7614,93.7
46.858,-34.3201,35.6287,46.858,33.7964,93.8
46.9069,-34.3556,35.6657,46.9069,33.8314,93.9
46.9558,-34.3912,35.7027,46.9558,33.8665,94
47.0047,-34.4268,35.7396,47.0047,33.9015,94.1
47.0536,-34.4624,35.7766,47.0536,33.9366,94.2
47.1025,-34.498,35.8136,47.1025,33.9716,94.3
47.1513,-34.5336,35.8506,47.1513,34.0066,94.4
47.2002,-34.5692,35.8875,47.2002,34.0417,94.5
47.2491,-34.6048,35.9245,47.2491,34.0767,94.6
47.298,-34.6404,35.9615,47.298,34.1118,94.7
47.3469,-34.676,35.9985,47.3469,34.1468,94.8
47.3958,-34.7116,36.0354,47.3958,34.1818,94.9
47.4447,-34.7472,36.0724,47.4447,34.2169,95
47.4936,-34.7828,36.1094,47.4936,34.2519,95.1
47.5425,-34.8183,36.1464,47.5425,34.287,95.2
47.5913,-34.8539,36.1833,47.5913,34.322,95.3
47.6402,-34.8895,36.2203,47.6402,34.357,95.4
47.6891,-34.9251,36.2573,47.6891,34.3921,95.5
47.738,-34.9607,36.2943,47.738,34.4271,95.6
47.7869,-34.9963,36.3312,47.7869,34.4622,95.7
47.8358,-35.0319,36.3682,47.8358,34.4972,95.8
47.8847,-35.0675,36.4052,47.8847,34.5322,95.9
47.9336,-35.1031,36.4421,47.9336,34.5673,96
47.9825,-35.1387,36.4791,47.9825,34.6023,96.1
48.0313,-35.1743,36.5161,48.0313,34.6374,96.2
48.0802,-35.2099,36.5531,48.0802,34.6724,96.3
48.1291,-35.2454,36.59,48.1291,34.7074,96.4
48.178,-35.281,36.627,48.178,34.7425,96.5
48.2269,-35.3166,36.664,48.2269,34.7775,96.6
48.2758,-35.3522,36.701,48.2758,34.8125,96.7
48.3247,-35.3878,36.7379,48.3247,34.8476,96.8
48.3736,-35.4234,36.7749,48.3736,34.8826,96.9
48.4225,-35.459,36.8119,48.4225,34.9177,97
48.4713,-35.4946,36.8489,48.4713,34.9527,97.1
48.5202,-35.5302,36.8858,48.5202,34.9877,97.2
48.5691,-35.5658,36.9228,48.5691,35.0228,97.3
48.618,-35.6014,36.9598,48.618,35.0578,97.4
48.6669,-35.637,36.9968,48.6669,35.0929,97.5
48.7158,-35.6725,37.0337,48.7158,35.1279,97.6
48.7647,-35.7081,37.0707,48.7647,35.1629,97.7
48.8136,-35.7437,37.1077,48.8136,35.198,97.8
48.8625,-35.7793,37.1447,48.8625,35.233,97.9
48.9113,-35.8149,37.1816,48.9113,35.2681,98
48.9602,-35.8505,37.2186,48.9602,35.3031,98.1
49.0091,-35.8861,37.2556,49.0091,35.3381,98.2
49.058,-35.9217,37.2926,49.058,35.3732,98.3
49.1069,-35.9573,37.3295,49.1069,35.4082,98.4
49.1558,-35.9929,37.3665,49.1558,35.4433,98.5
49.2047,-36.0285,37.4035,49.2047,35.4783,98.6
49.2536,-36.0641,37.4404,49.2536,35.5133,98.7
49.3025,-36.0997,37.4774,49.3025,35.5484,98.8
49.3513,-36.1352,37.5144,49.3513,35.5834,98.9
49.4002,-36.1708,37.5514,49.4002,35.6185,99
49.4491,-36.2064,37.5883,49.4491,35.6535,99.1
49.498,-36.242,37.6253,49.498,35.6885,99.2
49.5469,-36.2776,37.6623,49.5469,35.7236,99.3
49.5958,-36.3132,37.6993,49.5958,35.7586,99.4
49.6447,-36.3488,37.7362,49.6447,35.7936,99.5
49.6936,-36.3844,37.7732,49.6936,35.8287,99.6
49.7425,-36.42,37.8102,49.7425,35.8637,99.7
49.7913,-36.4556,37.8472,49.7913,35.8988,99.8
49.8402,-36.4912,37.8841,49.8402,35.9338,99.9
49.8891,-36.5268,37.9211,49.8891,35.9688,100
49.938,-36.5623,37.9581,49.938,36.0039,100.1
49.9869,-36.5979,37.9951,49.9869,36.0389,100.2
50.0358,-36.6335,38.032,50.0358,36.074,100.3
50.0847,-36.6691,38.069,50.0847,36.109,100.4
50.1336,-36.7047,38.106,50.1336,36.144,100.5
50.1825,-36.7403,38.143,50.1825,36.1791,100.6
50.2313,-36.7759,38.1799,50.2313,36.2141,100.7
50.2802,-36.8115,38.2169,50.2802,36.2492,100.8
50.3291,-36.8471,38.2539,50.3291,36.2842,100.9
50.378,-36.8827,38.2908,50.378,36.3192,101
50.4269,-36.9183,38.3278,50.4269,36.3543,101.1
50.4758,-36.9539,38.3648,50.4758,36.3893,101.2
50.5247,-36.9894,38.4018,50.5247,36.4244,101.3
50.5736,-37.025,38.4387,50.5736,36.4594,101.4
50.6225,-37.0606,38.4757,50.6225,36.4944,101.5
50.6713,-37.0962,38.5127,50.6713,36.5295,101.6
50.7202,-37.1318,38.5497,50.7202,36.5645,101.7
50.7691,-37.1674,38.5866,50.7691,36.5996,101.8
50.818,-37.203,38.6236,50.818,36.6346,101.9
50.8669,-37.2386,38.6606,50.8669,36.6696,102
50.9158,-37.2742,38.6976,50.9158,36.7047,102.1
50.9647,-37.3098,38.7345,50.9647,36.7397,102.2
51.0136,-37.3454,38.7715,51.0136,36.7747,102.3
51.0625,-37.381,38.8085,51.0625,36.8098,102.4
51.1113,-37.4166,38.8455,51.1113,36.8448,102.5
51.1602,-37.4521,38.8824,51.1602,36.8799,102.6
51.2091,-37.4877,38.9194,51.2091,36.9149,102.7
51.258,-37.5233,38.9564,51.258,36.9499,102.8
51.3069,-37.5589,38.9934,51.3069,36.985,102.9
51.3558,-37.5945,39.0303,51.3558,37.02,103
51.4047,-37.6301,39.0673,51.4047,37.0551,103.1
51.4536,-37.6657,39.1043,51.4536,37.0901,103.2
51.5025,-37.7013,39.1412,51.5025,37.1251,103.3
51.5513,-37.7369,39.1782,51.5513,37.1602,103.4
51.6002,-37.7725,39.2152,51.6002,37.1952,103.5
51.6491,-37.8081,39.2522,51.6491,37.2303,103.6
51.698,-37.8437,39.2891,51.698,37.2653,103.7
51.7469,-37.8792,39.3261,51.7469,37.3003,103.8
51.7958,-37.9148,39.3631,51.7958,37.3354,103.9
51.8447,-37.9504,39.4001,51.8447,37.3704,104
51.8936,-37.986,39.437,51.8936,37.4055,104.1
51.9425,-38.0216,39.474,51.9425,37.4405,104.2
51.9913,-38.0572,39.511,51.9913,37.4755,104.3
52.0402,-38.0928,39.548,52.0402,37.5106,104.4
52.0891,-38.1284,39.5849,52.0891,37.5456,104.5
52.138,-38.164,39.6219,52.138,37.5807,104.6
52.1869,-38.1996,39.6589,52.1869,37.6157,104.7
52.2358,-38.2352,39.6959,52.2358,37.6507,104.8
52.2847,-38.2708,39.7328,52.2847,37.6858,104.9
52.3336,-38.3063,39.7698,52.3336,37.7208,105
52.3825,-38.3419,39.8068,52.3825,37.7558,105.1
52.4313,-38.3775,39.8438,52.4313,37.7909,105.2
52.4802,-38.4131,39.8807,52.4802,37.8259,105.3
52.5291,-38.4487,39.9177,52.5291,37.861,105.4
52.578,-38.4843,39.9547,52.578,37.896,105.5
52.6269,-38.5199,39.9916,52.6269,37.931,105.6
52.6758,-38.5555,40.0286,52.6758,37.9661,105.7
52.7247,-38.5911,40.0656,52.7247,38.0011,105.8
52.7736,-38.6267,40.1026,52.7736,38.0362,105.9
52.8225,-38.6623,40.1395,52.8225,38.0712,106
52.8714,-38.6979,40.1765,52.8714,38.1062,106.1
52.9202,-38.7335,40.2135,52.9202,38.1413,106.2
52.9691,-38.769,40.2505,52.9691,38.1763,106.3
53.018,-38.8046,40.2874,53.018,38.2114,106.4
53.0669,-38.8402,40.3244,53.0669,38.2464,106.5
53.1158,-38.8758,40.3614,53.1158,38.2814,106.6
53.1647,-38.9114,40.3984,53.1647,38.3165,106.7
53.2136,-38.947,40.4353,53.2136,38.3515,106.8
53.2625,-38.9826,40.4723,53.2625,38.3866,106.9
53.3114,-39.0182,40.5093,53.3114,38.4216,107
53.3602,-39.0538,40.5463,53.3602,38.4566,107.1
53.4091,-39.0894,40.5832,53.4091,38.4917,107.2
53.458,-39.125,40.6202,53.458,38.5267,107.3
53.5069,-39.1606,40.6572,53.5069,38.5617,107.4
53.5558,-39.1961,40.6942,53.5558,38.5968,107.5
53.6047,-39.2317,40.7311,53.6047,38.6318,107.6
53.6536,-39.2673,40.7681,53.6536,38.6669,107.7
53.7025,-39.3029,40.8051,53.7025,38.7019,107.8
53.7514,-39.3385,40.842,53.7514,38.7369,107.9
53.8002,-39.3741,40.879,53.8002,38.772,108
53.8491,-39.4097,40.916,53.8491,38.807,108.1
53.898,-39.4453,40.953,53.898,38.8421,108.2
53.9469,-39.4809,40.9899,53.9469,38.8771,108.3
53.9958,-39.5165,41.0269,53.9958,38.9121,108.4
54.0447,-39.5521,41.0639,54.0447,38.9472,108.5
54.0936,-39.5877,41.1009,54.0936,38.9822,108.6
54.1425,-39.6232,41.1378,54.1425,39.0173,108.7
54.1914,-39.6588,41.1748,54.1914,39.0523,108.8
54.2402,-39.6944,41.2118,54.2402,39.0873,108.9
54.2891,-39.73,41.2488,54.2891,39.1224,109
54.338,-39.7656,41.2857,54.338,39.1574,109.1
54.3869,-39.8012,41.3227,54.3869,39.1925,109.2
54.4358,-39.8368,41.3597,54.4358,39.2275,109.3
54.4847,-39.8724,41.3967,54.4847,39.2625,109.4
54.5336,-39.908,41.4336,54.5336,39.2976,109.5
54.5825,-39.9436,41.4706,54.5825,39.3326,109.6
54.6314,-39.9792,41.5076,54.6314,39.3677,109.7
54.6802,-40.0148,41.5446,54.6802,39.4027,109.8
54.7291,-40.0503,41.5815,54.7291,39.4377,109.9
54.778,-40.0859,41.6185,54.778,39.4728,110
54.8269,-40.1215,41.6555,54.8269,39.5078,110.1
54.8758,-40.1571,41.6924,54.8758,39.5428,110.2
54.9247,-40.1927,41.7294,54.9247,39.5779,110.3
54.9736,-40.2283,41.7664,54.9736,39.6129,110.4
55.0225,-40.2639,41.8034,55.0225,39.648,110.5
55.0714,-40.2995,41.8403,55.0714,39.683,110.6
55.1202,-40.3351,41.8773,55.1202,39.718,110.7
55.1691,-40.3707,41.9143,55.1691,39.7531,110.8
55.218,-40.4063,41.9513,55.218,39.7881,110.9
55.2669,-40.4419,41.9882,55.2669,39.8232,111
55.3158,-40.4775,42.0252,55.3158,39.8582,111.1
55.3647,-40.513,42.0622,55.3647,39.8932,111.2
55.4136,-40.5486,42.0992,55.4136,39.9283,111.3
55.4625,-40.5842,42.1361,55.4625,39.9633,111.4
55.5114,-40.6198,42.1731,55.5114,39.9984,111.5
55.5602,-40.6554,42.2101,55.5602,40.0334,111.6
55.6091,-40.691,42.2471,55.6091,40.0684,111.7
55.658,-40.7266,42.284,55.658,40.1035,111.8
55.7069,-40.7622,42.321,55.7069,40.1385,111.9
55.7558,-40.7978,42.358,55.7558,40.1736,112
55.8047,-40.8334,42.395,55.8047,40.2086,112.1
55.8536,-40.869,42.4319,55.8536,40.2436,112.2
55.9025,-40.9046,42.4689,55.9025,40.2787,112.3
55.9514,-40.9401,42.5059,55.9514,40.3137,112.4
56.0002,-40.9757,42.5429,56.0002,40.3488,112.5
56.0491,-41.0113,42.5798,56.0491,40.3838,112.6
56.098,-41.0469,42.6168,56.098,40.4188,112.7
56.1469,-41.0825,42.6538,56.1469,40.4539,112.8
56.1958,-41.1181,42.6907,56.1958,40.4889,112.9
56.2447,-41.1537,42.7277,56.2447,40.5239,113
56.2936,-41.1893,42.7647,56.2936,40.559,113.1
56.3425,-41.2249,42.8017,56.3425,40.594,113.2
56.3914,-41.2605,42.8386,56.3914,40.6291,113.3
56.4402,-41.2961,42.8756,56.4402,40.6641,113.4
56.4891,-41.3317,42.9126,56.4891,40.6991,113.5
56.538,-41.3672,42.9496,56.538,40.7342,113.6
56.5869,-41.4028,42.9865,56.5869,40.7692,113.7
56.6358,-41.4384,43.0235,56.6358,40.8043,113.8
56.6847,-41.474,43.0605,56.6847,40.8393,113.9
56.7336,-41.5096,43.0975,56.7336,40.8743,114
56.7825,-41.5452,43.1344,56.7825,40.9094,114.1
56.8314,-41.5808,43.1714,56.8314,40.9444,114.2
56.8802,-41.6164,43.2084,56.8802,40.9795,114.3
56.9291,-41.652,43.2454,56.9291,41.0145,114.4
56.978,-41.6876,43.2823,56.978,41.0495,114.5
57.0269,-41.7232,43.3193,57.0269,41.0846,114.6
57.0758,-41.7588,43.3563,57.0758,41.1196,114.7
57.1247,-41.7944,43.3933,57.1247,41.1547,114.8
57.1736,-41.8299,43.4302,57.1736,41.1897,114.9
57.2225,-41.8655,43.4672,57.2225,41.2247,115
57.2714,-41.9011,43.5042,57.2714,41.2598,115.1
57.3202,-41.9367,43.5411,57.3202,41.2948,115.2
57.3691,-41.9723,43.5781,57.3691,41.3299,115.3
57.418,-42.0079,43.6151,57.418,41.3649,115.4
57.4669,-42.0435,43.6521,57.4669,41.3999,115.5
57.5158,-42.0791,43.689,57.5158,41.435,115.6
57.5647,-42.1147,43.726,57.5647,41.47,115.7
57.6136,-42.1503,43.763,57.6136,41.505,115.8
57.6625,-42.1859,43.8,57.6625,41.5401,115.9
57.7114,-42.2215,43.8369,57.7114,41.5751,116
57.7602,-42.257,43.8739,57.7602,41.6102,116.1
57.8091,-42.2926,43.9109,57.8091,41.6452,116.2
57.858,-42.3282,43.9479,57.858,41.6802,116.3
57.9069,-42.3638,43.9848,57.9069,41.7153,116.4
57.9558,-42.3994,44.0218,57.9558,41.7503,116.5
58.0047,-42.435,44.0588,58.0047,41.7854,116.6
58.0536,-42.4706,44.0958,58.0536,41.8204,116.7
58.1025,-42.5062,44.1327,58.1025,41.8554,116.8
58.1514,-42.5418,44.1697,58.1514,41.8905,116.9
58.2002,-42.5774,44.2067,58.2002,41.9255,117
58.2491,-42.613,44.2437,58.2491,41.9606,117.1
58.298,-42.6486,44.2806,58.298,41.9956,117.2
58.3469,-42.6841,44.3176,58.3469,42.0306,117.3
58.3958,-42.7197,44.3546,58.3958,42.0657,117.4
58.4447,-42.7553,44.3915,58.4447,42.1007,117.5
58.4936,-42.7909,44.4285,58.4936,42.1358,117.6
58.5425,-42.8265,44.4655,58.5425,42.1708,117.7
58.5914,-42.8621,44.5025,58.5914,42.2058,117.8
58.6402,-42.8977,44.5394,58.6402,42.2409,117.9
58.6891,-42.9333,44.5764,58.6891,42.2759,118
58.738,-42.9689,44.6134,58.738,42.311,118.1
58.7869,-43.0045,44.6504,58.7869,42.346,118.2
58.8358,-43.0401,44.6873,58.8358,42.381,118.3
58.8847,-43.0757,44.7243,58.8847,42.4161,118.4
58.9336,-43.1113,44.7613,58.9336,42.4511,118.5
58.9825,-43.1468,44.7983,58.9825,42.4861,118.6
59.0314,-43.1824,44.8352,59.0314,42.5212,118.7
59.0802,-43.218,44.8722,59.0802,42.5562,118.8
59.1291,-43.2536,44.9092,59.1291,42.5913,118.9
59.178,-43.2892,44.9462,59.178,42.6263,119
59.2269,-43.3248,44.9831,59.2269,42.6613,119.1
59.2758,-43.3604,45.0201,59.2758,42.6964,119.2
59.3247,-43.396,45.0571,59.3247,42.7314,119.3
59.3736,-43.4316,45.0941,59.3736,42.7665,119.4
59.4225,-43.4672,45.131,59.4225,42.8015,119.5
59.4714,-43.5028,45.168,59.4714,42.8365,119.6
59.5202,-43.5384,45.205,59.5202,42.8716,119.7
59.5691,-43.5739,45.2419,59.5691,42.9066,119.8
59.618,-43.6095,45.2789,59.618,42.9417,119.9
59.6669,-43.6451,45.3159,59.6669,42.9767,120
59.7158,-43.6807,45.3529,59.7158,43.0117,120.1
59.7647,-43.7163,45.3898,59.7647,43.0468,120.2
59.8136,-43.7519,45.4268,59.8136,43.0818,120.3
59.8625,-43.7875,45.4638,59.8625,43.1169,120.4
59.9114,-43.8231,45.5008,59.9114,43.1519,120.5
59.9602,-43.8587,45.5377,59.9602,43.1869,120.6
60.0091,-43.8943,45.5747,60.0091,43.222,120.7
60.058,-43.9299,45.6117,60.058,43.257,120.8
60.1069,-43.9655,45.6487,60.1069,43.2921,120.9
60.1558,-44.001,45.6856,60.1558,43.3271,121
60.2047,-44.0366,45.7226,60.2047,43.3621,121.1
60.2536,-44.0722,45.7596,60.2536,43.3972,121.2
60.3025,-44.1078,45.7966,60.3025,43.4322,121.3
60.3514,-44.1434,45.8335,60.3514,43.4672,121.4
60.4002,-44.179,45.8705,60.4002,43.5023,121.5
60.4491,-44.2146,45.9075,60.4491,43.5373,121.6
60.498,-44.2502,45.9445,60.498,43.5724,121.7
60.5469,-44.2858,45.9814,60.5469,43.6074,121.8
60.5958,-44.3214,46.0184,60.5958,43.6424,121.9
60.6447,-44.357,46.0554,60.6447,43.6775,122
60.6936,-44.3926,46.0923,60.6936,43.7125,122.1
60.7425,-44.4282,46.1293,60.7425,43.7476,122.2
60.7914,-44.4637,46.1663,60.7914,43.7826,122.3
60.8402,-44.4993,46.2033,60.8402,43.8176,122.4
60.8891,-44.5349,46.2402,60.8891,43.8527,122.5
60.938,-44.5705,46.2772,60.938,43.8877,122.6
60.9869,-44.6061,46.3142,60.9869,43.9228,122.7
61.0358,-44.6417,46.3512,61.0358,43.9578,122.8
61.0847,-44.6773,46.3881,61.0847,43.9928,122.9
61.1336,-44.7129,46.4251,61.1336,44.0279,123
61.1825,-44.7485,46.4621,61.1825,44.0629,123.1
61.2314,-44.7841,46.4991,61.2314,44.098,123.2
61.2802,-44.8197,46.536,61.2802,44.133,123.3
61.3291,-44.8553,46.573,61.3291,44.168,123.4
61.378,-44.8908,46.61,61.378,44.2031,123.5
61.4269,-44.9264,46.647,61.4269,44.2381,123.6
61.4758,-44.962,46.6839,61.4758,44.2732,123.7
61.5247,-44.9976,46.7209,61.5247,44.3082,123.8
61.5736,-45.0332,46.7579,61.5736,44.3432,123.9
61.6225,-45.0688,46.7949,61.6225,44.3783,124
61.6714,-45.1044,46.8318,61.6714,44.4133,124.1
61.7202,-45.14,46.8688,61.7202,44.4483,124.2
61.7691,-45.1756,46.9058,61.7691,44.4834,124.3
61.818,-45.2112,46.9427,61.818,44.5184,124.4
61.8669,-45.2468,46.9797,61.8669,44.5535,124.5
61.9158,-45.2824,47.0167,61.9158,44.5885,124.6
61.9647,-45.3179,47.0537,61.9647,44.6235,124.7
62.0136,-45.3535,47.0906,62.0136,44.6586,124.8
62.0625,-45.3891,47.1276,62.0625,44.6936,124.9
62.1114,-45.4247,47.1646,62.1114,44.7287,125
62.1602,-45.4603,47.2016,62.1602,44.7637,125.1
62.2091,-45.4959,47.2385,62.2091,44.7987,125.2
62.258,-45.5315,47.2755,62.258,44.8338,125.3
62.3069,-45.5671,47.3125,62.3069,44.8688,125.4
62.3558,-45.6027,47.3495,62.3558,44.9039,125.5
62.4047,-45.6383,47.3864,62.4047,44.9389,125.6
62.4536,-45.6739,47.4234,62.4536,44.9739,125.7
62.5025,-45.7095,47.4604,62.5025,45.009,125.8
62.5514,-45.7451,47.4974,62.5514,45.044,125.9
62.6002,-45.7806,47.5343,62.6002,45.0791,126
62.6491,-45.8162,47.5713,62.6491,45.1141,126.1
62.698,-45.8518,47.6083,62.698,45.1491,126.2
62.7469,-45.8874,47.6453,62.7469,45.1842,126.3
62.7958,-45.923,47.6822,62.7958,45.2192,126.4
62.8447,-45.9586,47.7192,62.8447,45.2542,126.5
62.8936,-45.9942,47.7562,62.8936,45.2893,126.6
62.9425,-46.0298,47.7932,62.9425,45.3243,126.7
62.9914,-46.0654,47.8301,62.9914,45.3594,126.8
63.0403,-46.101,47.8671,63.0403,45.3944,126.9
63.0891,-46.1366,47.9041,63.0891,45.4294,127
63.138,-46.1722,47.941,63.138,45.4645,127.1
63.1869,-46.2077,47.978,63.1869,45.4995,127.2
63.2358,-46.2433,48.015,63.2358,45.5346,127.3
63.2847,-46.2789,48.052,63.2847,45.5696,127.4
63.3336,-46.3145,48.0889,63.3336,45.6046,127.5
63.3825,-46.3501,48.1259,63.3825,45.6397,127.6
63.4314,-46.3857,48.1629,63.4314,45.6747,127.7
63.4803,-46.4213,48.1999,63.4803,45.7098,127.8
63.5291,-46.4569,48.2368,63.5291,45.7448,127.9
63.578,-46.4925,48.2738,63.578,45.7798,128
63.6269,-46.5281,48.3108,63.6269,45.8149,128.1
63.6758,-46.5637,48.3478,63.6758,45.8499,128.2
63.7247,-46.5993,48.3847,63.7247,45.885,128.3
63.7736,-46.6348,48.4217,63.7736,45.92,128.4
63.8225,-46.6704,48.4587,63.8225,45.955,128.5
63.8714,-46.706,48.4957,63.8714,45.9901,128.6
63.9203,-46.7416,48.5326,63.9203,46.0251,128.7
63.9691,-46.7772,48.5696,63.9691,46.0602,128.8
64.018,-46.8128,48.6066,64.018,46.0952,128.9
64.0669,-46.8484,48.6436,64.0669,46.1302,129
64.1158,-46.884,48.6805,64.1158,46.1653,129.1
64.1647,-46.9196,48.7175,64.1647,46.2003,129.2
64.2136,-46.9552,48.7545,64.2136,46.2353,129.3
64.2625,-46.9908,48.7914,64.2625,46.2704,129.4
64.3114,-47.0264,48.8284,64.3114,46.3054,129.5
64.3603,-47.062,48.8654,64.3603,46.3405,129.6
64.4091,-47.0975,48.9024,64.4091,46.3755,129.7
64.458,-47.1331,48.9393,64.458,46.4105,129.8
64.5069,-47.1687,48.9763,64.5069,46.4456,129.9
64.5558,-47.2043,49.0133,64.5558,46.4806,130
64.6047,-47.2399,49.0503,64.6047,46.5157,130.1
64.6536,-47.2755,49.0872,64.6536,46.5507,130.2
64.7025,-47.3111,49.1242,64.7025,46.5857,130.3
64.7514,-47.3467,49.1612,64.7514,46.6208,130.4
64.8003,-47.3823,49.1982,64.8003,46.6558,130.5
64.8491,-47.4179,49.2351,64.8491,46.6909,130.6
64.898,-47.4535,49.2721,64.898,46.7259,130.7
64.9469,-47.4891,49.3091,64.9469,46.7609,130.8
64.9958,-47.5246,49.3461,64.9958,46.796,130.9
65.0447,-47.5602,49.383,65.0447,46.831,131
65.0936,-47.5958,49.42,65.0936,46.8661,131.1
65.1425,-47.6314,49.457,65.1425,46.9011,131.2
65.1914,-47.667,49.494,65.1914,46.9361,131.3
65.2403,-47.7026,49.5309,65.2403,46.9712,131.4
65.2891,-47.7382,49.5679,65.2891,47.0062,131.5
65.338,-47.7738,49.6049,65.338,47.0413,131.6
65.3869,-47.8094,49.6418,65.3869,47.0763,131.7
65.4358,-47.845,49.6788,65.4358,47.1113,131.8
65.4847,-47.8806,49.7158,65.4847,47.1464,131.9
65.5336,-47.9162,49.7528,65.5336,47.1814,132
65.5825,-47.9517,49.7897,65.5825,47.2164,132.1
65.6314,-47.9873,49.8267,65.6314,47.2515,132.2
65.6803,-48.0229,49.8637,65.6803,47.2865,132.3
65.7291,-48.0585,49.9007,65.7291,47.3216,132.4
65.778,-48.0941,49.9376,65.778,47.3566,132.5
65.8269,-48.1297,49.9746,65.8269,47.3916,132.6
65.8758,-48.1653,50.0116,65.8758,47.4267,132.7
65.9247,-48.2009,50.0486,65.9247,47.4617,132.8
65.9736,-48.2365,50.0855,65.9736,47.4968,132.9
66.0225,-48.2721,50.1225,66.0225,47.5318,133
66.0714,-48.3077,50.1595,66.0714,47.5668,133.1
66.1203,-48.3433,50.1965,66.1203,47.6019,133.2
66.1691,-48.3789,50.2334,66.1691,47.6369,133.3
66.218,-48.4144,50.2704,66.218,47.672,133.4
66.2669,-48.45,50.3074,66.2669,47.707,133.5
66.3158,-48.4856,50.3444,66.3158,47.742,133.6
66.3647,-48.5212,50.3813,66.3647,47.7771,133.7
66.4136,-48.5568,50.4183,66.4136,47.8121,133.8
66.4625,-48.5924,50.4553,66.4625,47.8472,133.9
66.5114,-48.628,50.4922,66.5114,47.8822,134
66.5603,-48.6636,50.5292,66.5603,47.9172,134.1
66.6091,-48.6992,50.5662,66.6091,47.9523,134.2
66.658,-48.7348,50.6032,66.658,47.9873,134.3
66.7069,-48.7704,50.6401,66.7069,48.0224,134.4
66.7558,-48.806,50.6771,66.7558,48.0574,134.5
66.8047,-48.8415,50.7141,66.8047,48.0924,134.6
66.8536,-48.8771,50.7511,66.8536,48.1275,134.7
66.9025,-48.9127,50.788,66.9025,48.1625,134.8
66.9514,-48.9483,50.825,66.9514,48.1975,134.9
67.0003,-48.9839,50.862,67.0003,48.2326,135
67.0491,-49.0195,50.899,67.0491,48.2676,135.1
67.098,-49.0551,50.9359,67.098,48.3027,135.2
67.1469,-49.0907,50.9729,67.1469,48.3377,135.3
67.1958,-49.1263,51.0099,67.1958,48.3727,135.4
67.2447,-49.1619,51.0469,67.2447,48.4078,135.5
67.2936,-49.1975,51.0838,67.2936,48.4428,135.6
67.3425,-49.2331,51.1208,67.3425,48.4779,135.7
67.3914,-49.2686,51.1578,67.3914,48.5129,135.8
67.4403,-49.3042,51.1948,67.4403,48.5479,135.9
67.4891,-49.3398,51.2317,67.4891,48.583,136
67.538,-49.3754,51.2687,67.538,48.618,136.1
67.5869,-49.411,51.3057,67.5869,48.6531,136.2
67.6358,-49.4466,51.3426,67.6358,48.6881,136.3
67.6847,-49.4822,51.3796,67.6847,48.7231,136.4
67.7336,-49.5178,51.4166,67.7336,48.7582,136.5
67.7825,-49.5534,51.4536,67.7825,48.7932,136.6
67.8314,-49.589,51.4905,67.8314,48.8283,136.7
67.8803,-49.6246,51.5275,67.8803,48.8633,136.8
67.9291,-49.6602,51.5645,67.9291,48.8983,136.9
67.978,-49.6958,51.6015,67.978,48.9334,137
68.0269,-49.7313,51.6384,68.0269,48.9684,137.1
68.0758,-49.7669,51.6754,68.0758,49.0035,137.2
68.1247,-49.8025,51.7124,68.1247,49.0385,137.3
68.1736,-49.8381,51.7494,68.1736,49.0735,137.4
68.2225,-49.8737,51.7863,68.2225,49.1086,137.5
68.2714,-49.9093,51.8233,68.2714,49.1436,137.6
68.3203,-49.9449,51.8603,68.3203,49.1786,137.7
68.3691,-49.9805,51.8973,68.3691,49.2137,137.8
68.418,-50.0161,51.9342,68.418,49.2487,137.9
68.4669,-50.0517,51.9712,68.4669,49.2838,138
68.5158,-50.0873,52.0082,68.5158,49.3188,138.1
68.5647,-50.1229,52.0452,68.5647,49.3538,138.2
68.6136,-50.1584,52.0821,68.6136,49.3889,138.3
68.6625,-50.194,52.1191,68.6625,49.4239,138.4
68.7114,-50.2296,52.1561,68.7114,49.459,138.5
68.7603,-50.2652,52.1931,68.7603,49.494,138.6
68.8091,-50.3008,52.23,68.8091,49.529,138.7
68.858,-50.3364,52.267,68.858,49.5641,138.8
68.9069,-50.372,52.304,68.9069,49.5991,138.9
68.9558,-50.4076,52.3409,68.9558,49.6342,139
69.0047,-50.4432,52.3779,69.0047,49.6692,139.1
69.0536,-50.4788,52.4149,69.0536,49.7042,139.2
69.1025,-50.5144,52.4519,69.1025,49.7393,139.3
69.1514,-50.55,52.4888,69.1514,49.7743,139.4
69.2003,-50.5855,52.5258,69.2003,49.8094,139.5
69.2491,-50.6211,52.5628,69.2491,49.8444,139.6
69.298,-50.6567,52.5998,69.298,49.8794,139.7
69.3469,-50.6923,52.6367,69.3469,49.9145,139.8
69.3958,-50.7279,52.6737,69.3958,49.9495,139.9
69.4447,-50.7635,52.7107,69.4447,49.9846,140
69.4936,-50.7991,52.7477,69.4936,50.0196,140.1
69.5425,-50.8347,52.7846,69.5425,50.0546,140.2
69.5914,-50.8703,52.8216,69.5914,50.0897,140.3
69.6403,-50.9059,52.8586,69.6403,50.1247,140.4
69.6891,-50.9415,52.8956,69.6891,50.1597,140.5
69.738,-50.9771,52.9325,69.738,50.1948,140.6
69.7869,-51.0126,52.9695,69.7869,50.2298,140.7
69.8358,-51.0482,53.0065,69.8358,50.2649,140.8
69.8847,-51.0838,53.0435,69.8847,50.2999,140.9
69.9336,-51.1194,53.0804,69.9336,50.3349,141
69.9825,-51.155,53.1174,69.9825,50.37,141.1
70.0314,-51.1906,53.1544,70.0314,50.405,141.2
70.0803,-51.2262,53.1913,70.0803,50.4401,141.3
70.1291,-51.2618,53.2283,70.1291,50.4751,141.4
70.178,-51.2974,53.2653,70.178,50.5101,141.5
70.2269,-51.333,53.3023,70.2269,50.5452,141.6
70.2758,-51.3686,53.3392,70.2758,50.5802,141.7
70.3247,-51.4042,53.3762,70.3247,50.6153,141.8
70.3736,-51.4398,53.4132,70.3736,50.6503,141.9
70.4225,-51.4753,53.4502,70.4225,50.6853,142
70.4714,-51.5109,53.4871,70.4714,50.7204,142.1
70.5203,-51.5465,53.5241,70.5203,50.7554,142.2
70.5691,-51.5821,53.5611,70.5691,50.7905,142.3
70.618,-51.6177,53.5981,70.618,50.8255,142.4
70.6669,-51.6533,53.635,70.6669,50.8605,142.5
70.7158,-51.6889,53.672,70.7158,50.8956,142.6
70.7647,-51.7245,53.709,70.7647,50.9306,142.7
70.8136,-51.7601,53.746,70.8136,50.9657,142.8
70.8625,-51.7957,53.7829,70.8625,51.0007,142.9
70.9114,-51.8313,53.8199,70.9114,51.0357,143
70.9603,-51.8669,53.8569,70.9603,51.0708,143.1
71.0091,-51.9024,53.8939,71.0091,51.1058,143.2
71.058,-51.938,53.9308,71.058,51.1408,143.3
71.1069,-51.9736,53.9678,71.1069,51.1759,143.4
71.1558,-52.0092,54.0048,71.1558,51.2109,143.5
71.2047,-52.0448,54.0417,71.2047,51.246,143.6
71.2536,-52.0804,54.0787,71.2536,51.281,143.7
71.3025,-52.116,54.1157,71.3025,51.316,143.8
71.3514,-52.1516,54.1527,71.3514,51.3511,143.9
71.4003,-52.1872,54.1896,71.4003,51.3861,144
71.4491,-52.2228,54.2266,71.4491,51.4212,144.1
71.498,-52.2584,54.2636,71.498,51.4562,144.2
71.5469,-52.294,54.3006,71.5469,51.4912,144.3
71.5958,-52.3295,54.3375,71.5958,51.5263,144.4
71.6447,-52.3651,54.3745,71.6447,51.5613,144.5
71.6936,-52.4007,54.4115,71.6936,51.5964,144.6
71.7425,-52.4363,54.4485,71.7425,51.6314,144.7
71.7914,-52.4719,54.4854,71.7914,51.6664,144.8
71.8403,-52.5075,54.5224,71.8403,51.7015,144.9
71.8891,-52.5431,54.5594,71.8891,51.7365,145
71.938,-52.5787,54.5964,71.938,51.7716,145.1
71.9869,-52.6143,54.6333,71.9869,51.8066,145.2
72.0358,-52.6499,54.6703,72.0358,51.8416,145.3
72.0847,-52.6855,54.7073,72.0847,51.8767,145.4
72.1336,-52.7211,54.7443,72.1336,51.9117,145.5
72.1825,-52.7567,54.7812,72.1825,51.9468,145.6
72.2314,-52.7922,54.8182,72.2314,51.9818,145.7
72.2803,-52.8278,54.8552,72.2803,52.0168,145.8
72.3291,-52.8634,54.8921,72.3291,52.0519,145.9
72.378,-52.899,54.9291,72.378,52.0869,146
72.4269,-52.9346,54.9661,72.4269,52.1219,146.1
72.4758,-52.9702,55.0031,72.4758,52.157,146.2
72.5247,-53.0058,55.04,72.5247,52.192,146.3
72.5736,-53.0414,55.077,72.5736,52.2271,146.4
72.6225,-53.077,55.114,72.6225,52.2621,146.5
72.6714,-53.1126,55.151,72.6714,52.2971,146.6
72.7203,-53.1482,55.1879,72.7203,52.3322,146.7
72.7691,-53.1838,55.2249,72.7691,52.3672,146.8
72.818,-53.2193,55.2619,72.818,52.4023,146.9
72.8669,-53.2549,55.2989,72.8669,52.4373,147
72.9158,-53.2905,55.3358,72.9158,52.4723,147.1
72.9647,-53.3261,55.3728,72.9647,52.5074,147.2
73.0136,-53.3617,55.4098,73.0136,52.5424,147.3
73.0625,-53.3973,55.4468,73.0625,52.5775,147.4
73.1114,-53.4329,55.4837,73.1114,52.6125,147.5
73.1603,-53.4685,55.5207,73.1603,52.6475,147.6
73.2091,-53.5041,55.5577,73.2091,52.6826,147.7
73.258,-53.5397,55.5947,73.258,52.7176,147.8
73.3069,-53.5753,55.6316,73.3069,52.7527,147.9
73.3558,-53.6109,55.6686,73.3558,52.7877,148
73.4047,-53.6464,55.7056,73.4047,52.8227,148.1
73.4536,-53.682,55.7425,73.4536,52.8578,148.2
73.5025,-53.7176,55.7795,73.5025,52.8928,148.3
73.5514,-53.7532,55.8165,73.5514,52.9278,148.4
73.6003,-53.7888,55.8535,73.6003,52.9629,148.5
73.6492,-53.8244,55.8904,73.6492,52.9979,148.6
73.698,-53.86,55.9274,73.698,53.033,148.7
73.7469,-53.8956,55.9644,73.7469,53.068,148.8
73.7958,-53.9312,56.0014,73.7958,53.103,148.9
73.8447,-53.9668,56.0383,73.8447,53.1381,149
73.8936,-54.0024,56.0753,73.8936,53.1731,149.1
73.9425,-54.038,56.1123,73.9425,53.2082,149.2
73.9914,-54.0736,56.1493,73.9914,53.2432,149.3
74.0403,-54.1091,56.1862,74.0403,53.2782,149.4
74.0892,-54.1447,56.2232,74.0892,53.3133,149.5
74.138,-54.1803,56.2602,74.138,53.3483,149.6
74.1869,-54.2159,56.2972,74.1869,53.3834,149.7
74.2358,-54.2515,56.3341,74.2358,53.4184,149.8
74.2847,-54.2871,56.3711,74.2847,53.4534,149.9
74.3336,-54.3227,56.4081,74.3336,53.4885,150
74.3825,-54.3583,56.4451,74.3825,53.5235,150.1
74.4314,-54.3939,56.482,74.4314,53.5586,150.2
74.4803,-54.4295,56.519,74.4803,53.5936,150.3
74.5292,-54.4651,56.556,74.5292,53.6286,150.4
74.578,-54.5007,56.5929,74.578,53.6637,150.5
74.6269,-54.5362,56.6299,74.6269,53.6987,150.6
74.6758,-54.5718,56.6669,74.6758,53.7338,150.7
74.7247,-54.6074,56.7039,74.7247,53.7688,150.8
74.7736,-54.643,56.7408,74.7736,53.8038,150.9
74.8225,-54.6786,56.7778,74.8225,53.8389,151
74.8714,-54.7142,56.8148,74.8714,53.8739,151.1
74.9203,-54.7498,56.8518,74.9203,53.9089,151.2
74.9692,-54.7854,56.8887,74.9692,53.944,151.3
75.018,-54.821,56.9257,75.018,53.979,151.4
75.0669,-54.8566,56.9627,75.0669,54.0141,151.5
75.1158,-54.8922,56.9997,75.1158,54.0491,151.6
75.1647,-54.9278,57.0366,75.1647,54.0841,151.7
75.2136,-54.9633,57.0736,75.2136,54.1192,151.8
75.2625,-54.9989,57.1106,75.2625,54.1542,151.9
75.3114,-55.0345,57.1476,75.3114,54.1893,152
75.3603,-55.0701,57.1845,75.3603,54.2243,152.1
75.4092,-55.1057,57.2215,75.4092,54.2593,152.2
75.458,-55.1413,57.2585,75.458,54.2944,152.3
75.5069,-55.1769,57.2955,75.5069,54.3294,152.4
75.5558,-55.2125,57.3324,75.5558,54.3645,152.5
75.6047,-55.2481,57.3694,75.6047,54.3995,152.6
75.6536,-55.2837,57.4064,75.6536,54.4345,152.7
75.7025,-55.3193,57.4434,75.7025,54.4696,152.8
75.7514,-55.3549,57.4803,75.7514,54.5046,152.9
75.8003,-55.3905,57.5173,75.8003,54.5397,153
75.8492,-55.426,57.5543,75.8492,54.5747,153.1
75.898,-55.4616,57.5912,75.898,54.6097,153.2
75.9469,-55.4972,57.6282,75.9469,54.6448,153.3
75.9958,-55.5328,57.6652,75.9958,54.6798,153.4
76.0447,-55.5684,57.7022,76.0447,54.7149,153.5
76.0936,-55.604,57.7391,76.0936,54.7499,153.6
76.1425,-55.6396,57.7761,76.1425,54.7849,153.7
76.1914,-55.6752,57.8131,76.1914,54.82,153.8
76.2403,-55.7108,57.8501,76.2403,54.855,153.9
76.2892,-55.7464,57.887,76.2892,54.89,154
76.338,-55.782,57.924,76.338,54.9251,154.1
76.3869,-55.8176,57.961,76.3869,54.9601,154.2
76.4358,-55.8531,57.998,76.4358,54.9952,154.3
76.4847,-55.8887,58.0349,76.4847,55.0302,154.4
76.5336,-55.9243,58.0719,76.5336,55.0652,154.5
76.5825,-55.9599,58.1089,76.5825,55.1003,154.6
76.6314,-55.9955,58.1459,76.6314,55.1353,154.7
76.6803,-56.0311,58.1828,76.6803,55.1704,154.8
76.7292,-56.0667,58.2198,76.7292,55.2054,154.9
76.778,-56.1023,58.2568,76.778,55.2404,155
76.8269,-56.1379,58.2938,76.8269,55.2755,155.1
76.8758,-56.1735,58.3307,76.8758,55.3105,155.2
76.9247,-56.2091,58.3677,76.9247,55.3456,155.3
76.9736,-56.2447,58.4047,76.9736,55.3806,155.4
77.0225,-56.2802,58.4416,77.0225,55.4156,155.5
77.0714,-56.3158,58.4786,77.0714,55.4507,155.6
77.1203,-56.3514,58.5156,77.1203,55.4857,155.7
77.1692,-56.387,58.5526,77.1692,55.5208,155.8
77.218,-56.4226,58.5895,77.218,55.5558,155.9
77.2669,-56.4582,58.6265,77.2669,55.5908,156
77.3158,-56.4938,58.6635,77.3158,55.6259,156.1
77.3647,-56.5294,58.7005,77.3647,55.6609,156.2
77.4136,-56.565,58.7374,77.4136,55.696,156.3
77.4625,-56.6006,58.7744,77.4625,55.731,156.4
77.5114,-56.6362,58.8114,77.5114,55.766,156.5
77.5603,-56.6718,58.8484,77.5603,55.8011,156.6
77.6092,-56.7074,58.8853,77.6092,55.8361,156.7
77.658,-56.7429,58.9223,77.658,55.8711,156.8
77.7069,-56.7785,58.9593,77.7069,55.9062,156.9
77.7558,-56.8141,58.9963,77.7558,55.9412,157
77.8047,-56.8497,59.0332,77.8047,55.9763,157.1
77.8536,-56.8853,59.0702,77.8536,56.0113,157.2
77.9025,-56.9209,59.1072,77.9025,56.0463,157.3
77.9514,-56.9565,59.1442,77.9514,56.0814,157.4
78.0003,-56.9921,59.1811,78.0003,56.1164,157.5
78.0492,-57.0277,59.2181,78.0492,56.1515,157.6
78.098,-57.0633,59.2551,78.098,56.1865,157.7
78.1469,-57.0989,59.292,78.1469,56.2215,157.8
78.1958,-57.1345,59.329,78.1958,56.2566,157.9
78.2447,-57.17,59.366,78.2447,56.2916,158
78.2936,-57.2056,59.403,78.2936,56.3267,158.1
78.3425,-57.2412,59.4399,78.3425,56.3617,158.2
78.3914,-57.2768,59.4769,78.3914,56.3967,158.3
78.4403,-57.3124,59.5139,78.4403,56.4318,158.4
78.4892,-57.348,59.5509,78.4892,56.4668,158.5
78.538,-57.3836,59.5878,78.538,56.5019,158.6
78.5869,-57.4192,59.6248,78.5869,56.5369,158.7
78.6358,-57.4548,59.6618,78.6358,56.5719,158.8
78.6847,-57.4904,59.6988,78.6847,56.607,158.9
78.7336,-57.526,59.7357,78.7336,56.642,159
78.7825,-57.5616,59.7727,78.7825,56.6771,159.1
78.8314,-57.5971,59.8097,78.8314,56.7121,159.2
78.8803,-57.6327,59.8467,78.8803,56.7471,159.3
78.9292,-57.6683,59.8836,78.9292,56.7822,159.4
78.978,-57.7039,59.9206,78.978,56.8172,159.5
79.0269,-57.7395,59.9576,79.0269,56.8522,159.6
79.0758,-57.7751,59.9946,79.0758,56.8873,159.7
79.1247,-57.8107,60.0315,79.1247,56.9223,159.8
79.1736,-57.8463,60.0685,79.1736,56.9574,159.9
79.2225,-57.8819,60.1055,79.2225,56.9924,160
79.2714,-57.9175,60.1424,79.2714,57.0274,160.1
79.3203,-57.9531,60.1794,79.3203,57.0625,160.2
79.3692,-57.9887,60.2164,79.3692,57.0975,160.3
79.418,-58.0243,60.2534,79.418,57.1326,160.4
79.4669,-58.0598,60.2903,79.4669,57.1676,160.5
79.5158,-58.0954,60.3273,79.5158,57.2026,160.6
79.5647,-58.131,60.3643,79.5647,57.2377,160.7
79.6136,-58.1666,60.4013,79.6136,57.2727,160.8
79.6625,-58.2022,60.4382,79.6625,57.3078,160.9
79.7114,-58.2378,60.4752,79.7114,57.3428,161
79.7603,-58.2734,60.5122,79.7603,57.3778,161.1
79.8092,-58.309,60.5492,79.8092,57.4129,161.2
79.858,-58.3446,60.5861,79.858,57.4479,161.3
79.9069,-58.3802,60.6231,79.9069,57.483,161.4
79.9558,-58.4158,60.6601,79.9558,57.518,161.5
80.0047,-58.4514,60.6971,80.0047,57.553,161.6
80.0536,-58.4869,60.734,80.0536,57.5881,161.7
80.1025,-58.5225,60.771,80.1025,57.6231,161.8
80.1514,-58.5581,60.808,80.1514,57.6582,161.9
80.2003,-58.5937,60.845,80.2003,57.6932,162
80.2492,-58.6293,60.8819,80.2492,57.7282,162.1
80.298,-58.6649,60.9189,80.298,57.7633,162.2
80.3469,-58.7005,60.9559,80.3469,57.7983,162.3
80.3958,-58.7361,60.9928,80.3958,57.8333,162.4
80.4447,-58.7717,61.0298,80.4447,57.8684,162.5
80.4936,-58.8073,61.0668,80.4936,57.9034,162.6
80.5425,-58.8429,61.1038,80.5425,57.9385,162.7
80.5914,-58.8785,61.1407,80.5914,57.9735,162.8
80.6403,-58.914,61.1777,80.6403,58.0085,162.9
80.6892,-58.9496,61.2147,80.6892,58.0436,163
80.738,-58.9852,61.2517,80.738,58.0786,163.1
80.7869,-59.0208,61.2886,80.7869,58.1137,163.2
80.8358,-59.0564,61.3256,80.8358,58.1487,163.3
80.8847,-59.092,61.3626,80.8847,58.1837,163.4
80.9336,-59.1276,61.3996,80.9336,58.2188,163.5
80.9825,-59.1632,61.4365,80.9825,58.2538,163.6
81.0314,-59.1988,61.4735,81.0314,58.2889,163.7
81.0803,-59.2344,61.5105,81.0803,58.3239,163.8
81.1292,-59.27,61.5475,81.1292,58.3589,163.9
81.178,-59.3056,61.5844,81.178,58.394,164
81.2269,-59.3412,61.6214,81.2269,58.429,164.1
81.2758,-59.3767,61.6584,81.2758,58.4641,164.2
81.3247,-59.4123,61.6954,81.3247,58.4991,164.3
81.3736,-59.4479,61.7323,81.3736,58.5341,164.4
81.4225,-59.4835,61.7693,81.4225,58.5692,164.5
81.4714,-59.5191,61.8063,81.4714,58.6042,164.6
81.5203,-59.5547,61.8432,81.5203,58.6393,164.7
81.5692,-59.5903,61.8802,81.5692,58.6743,164.8
81.618,-59.6259,61.9172,81.618,58.7093,164.9
81.6669,-59.6615,61.9542,81.6669,58.7444,165
81.7158,-59.6971,61.9911,81.7158,58.7794,165.1
81.7647,-59.7327,62.0281,81.7647,58.8144,165.2
81.8136,-59.7683,62.0651,81.8136,58.8495,165.3
81.8625,-59.8038,62.1021,81.8625,58.8845,165.4
81.9114,-59.8394,62.139,81.9114,58.9196,165.5
81.9603,-59.875,62.176,81.9603,58.9546,165.6
82.0092,-59.9106,62.213,82.0092,58.9896,165.7
82.058,-59.9462,62.25,82.058,59.0247,165.8
82.1069,-59.9818,62.2869,82.1069,59.0597,165.9
82.1558,-60.0174,62.3239,82.1558,59.0948,166
82.2047,-60.053,62.3609,82.2047,59.1298,166.1
82.2536,-60.0886,62.3979,82.2536,59.1648,166.2
82.3025,-60.1242,62.4348,82.3025,59.1999,166.3
82.3514,-60.1598,62.4718,82.3514,59.2349,166.4
82.4003,-60.1954,62.5088,82.4003,59.27,166.5
82.4492,-60.2309,62.5458,82.4492,59.305,166.6
82.498,-60.2665,62.5827,82.498,59.34,166.7
82.5469,-60.3021,62.6197,82.5469,59.3751,166.8
82.5958,-60.3377,62.6567,82.5958,59.4101,166.9
82.6447,-60.3733,62.6937,82.6447,59.4452,167
82.6936,-60.4089,62.7306,82.6936,59.4802,167.1
82.7425,-60.4445,62.7676,82.7425,59.5152,167.2
82.7914,-60.4801,62.8046,82.7914,59.5503,167.3
82.8403,-60.5157,62.8415,82.8403,59.5853,167.4
82.8892,-60.5513,62.8785,82.8892,59.6203,167.5
82.938,-60.5869,62.9155,82.938,59.6554,167.6
82.9869,-60.6225,62.9525,82.9869,59.6904,167.7
83.0358,-60.658,62.9894,83.0358,59.7255,167.8
83.0847,-60.6936,63.0264,83.0847,59.7605,167.9
83.1336,-60.7292,63.0634,83.1336,59.7955,168
83.1825,-60.7648,63.1004,83.1825,59.8306,168.1
83.2314,-60.8004,63.1373,83.2314,59.8656,168.2
83.2803,-60.836,63.1743,83.2803,59.9007,168.3
83.3292,-60.8716,63.2113,83.3292,59.9357,168.4
83.378,-60.9072,63.2483,83.378,59.9707,168.5
83.4269,-60.9428,63.2852,83.4269,60.0058,168.6
83.4758,-60.9784,63.3222,83.4758,60.0408,168.7
83.5247,-61.014,63.3592,83.5247,60.0759,168.8
83.5736,-61.0496,63.3962,83.5736,60.1109,168.9
83.6225,-61.0852,63.4331,83.6225,60.1459,169
83.6714,-61.1207,63.4701,83.6714,60.181,169.1
83.7203,-61.1563,63.5071,83.7203,60.216,169.2
83.7692,-61.1919,63.5441,83.7692,60.2511,169.3
83.818,-61.2275,63.581,83.818,60.2861,169.4
83.8669,-61.2631,63.618,83.8669,60.3211,169.5
83.9158,-61.2987,63.655,83.9158,60.3562,169.6
83.9647,-61.3343,63.6919,83.9647,60.3912,169.7
84.0136,-61.3699,63.7289,84.0136,60.4263,169.8
84.0625,-61.4055,63.7659,84.0625,60.4613,169.9
84.1114,-61.4411,63.8029,84.1114,60.4963,170
84.1603,-61.4767,63.8398,84.1603,60.5314,170.1
84.2092,-61.5123,63.8768,84.2092,60.5664,170.2
84.2581,-61.5478,63.9138,84.2581,60.6014,170.3
84.3069,-61.5834,63.9508,84.3069,60.6365,170.4
84.3558,-61.619,63.9877,84.3558,60.6715,170.5
84.4047,-61.6546,64.0247,84.4047,60.7066,170.6
84.4536,-61.6902,64.0617,84.4536,60.7416,170.7
84.5025,-61.7258,64.0987,84.5025,60.7766,170.8
84.5514,-61.7614,64.1356,84.5514,60.8117,170.9
84.6003,-61.797,64.1726,84.6003,60.8467,171
84.6492,-61.8326,64.2096,84.6492,60.8818,171.1
84.6981,-61.8682,64.2466,84.6981,60.9168,171.2
84.7469,-61.9038,64.2835,84.7469,60.9518,171.3
84.7958,-61.9394,64.3205,84.7958,60.9869,171.4
84.8447,-61.9749,64.3575,84.8447,61.0219,171.5
84.8936,-62.0105,64.3945,84.8936,61.057,171.6
84.9425,-62.0461,64.4314,84.9425,61.092,171.7
84.9914,-62.0817,64.4684,84.9914,61.127,171.8
85.0403,-62.1173,64.5054,85.0403,61.1621,171.9
85.0892,-62.1529,64.5423,85.0892,61.1971,172
85.1381,-62.1885,64.5793,85.1381,61.2322,172.1
85.1869,-62.2241,64.6163,85.1869,61.2672,172.2
85.2358,-62.2597,64.6533,85.2358,61.3022,172.3
85.2847,-62.2953,64.6902,85.2847,61.3373,172.4
85.3336,-62.3309,64.7272,85.3336,61.3723,172.5
85.3825,-62.3665,64.7642,85.3825,61.4074,172.6
85.4314,-62.4021,64.8012,85.4314,61.4424,172.7
85.4803,-62.4376,64.8381,85.4803,61.4774,172.8
85.5292,-62.4732,64.8751,85.5292,61.5125,172.9
85.5781,-62.5088,64.9121,85.5781,61.5475,173
85.6269,-62.5444,64.9491,85.6269,61.5825,173.1
85.6758,-62.58,64.986,85.6758,61.6176,173.2
85.7247,-62.6156,65.023,85.7247,61.6526,173.3
85.7736,-62.6512,65.06,85.7736,61.6877,173.4
85.8225,-62.6868,65.097,85.8225,61.7227,173.5
85.8714,-62.7224,65.1339,85.8714,61.7577,173.6
85.9203,-62.758,65.1709,85.9203,61.7928,173.7
85.9692,-62.7936,65.2079,85.9692,61.8278,173.8
86.0181,-62.8292,65.2449,86.0181,61.8629,173.9
86.0669,-62.8647,65.2818,86.0669,61.8979,174
86.1158,-62.9003,65.3188,86.1158,61.9329,174.1
86.1647,-62.9359,65.3558,86.1647,61.968,174.2
86.2136,-62.9715,65.3927,86.2136,62.003,174.3
86.2625,-63.0071,65.4297,86.2625,62.0381,174.4
86.3114,-63.0427,65.4667,86.3114,62.0731,174.5
86.3603,-63.0783,65.5037,86.3603,62.1081,174.6
86.4092,-63.1139,65.5406,86.4092,62.1432,174.7
86.4581,-63.1495,65.5776,86.4581,62.1782,174.8
86.5069,-63.1851,65.6146,86.5069,62.2133,174.9
86.5558,-63.2207,65.6516,86.5558,62.2483,175
86.6047,-63.2563,65.6885,86.6047,62.2833,175.1
86.6536,-63.2918,65.7255,86.6536,62.3184,175.2
86.7025,-63.3274,65.7625,86.7025,62.3534,175.3
86.7514,-63.363,65.7995,86.7514,62.3885,175.4
86.8003,-63.3986,65.8364,86.8003,62.4235,175.5
86.8492,-63.4342,65.8734,86.8492,62.4585,175.6
86.8981,-63.4698,65.9104,86.8981,62.4936,175.7
86.9469,-63.5054,65.9474,86.9469,62.5286,175.8
86.9958,-63.541,65.9843,86.9958,62.5636,175.9
87.0447,-63.5766,66.0213,87.0447,62.5987,176
87.0936,-63.6122,66.0583,87.0936,62.6337,176.1
87.1425,-63.6478,66.0953,87.1425,62.6688,176.2
87.1914,-63.6834,66.1322,87.1914,62.7038,176.3
87.2403,-63.719,66.1692,87.2403,62.7388,176.4
87.2892,-63.7545,66.2062,87.2892,62.7739,176.5
87.3381,-63.7901,66.2431,87.3381,62.8089,176.6
87.3869,-63.8257,66.2801,87.3869,62.844,176.7
87.4358,-63.8613,66.3171,87.4358,62.879,176.8
87.4847,-63.8969,66.3541,87.4847,62.914,176.9
87.5336,-63.9325,66.391,87.5336,62.9491,177
87.5825,-63.9681,66.428,87.5825,62.9841,177.1
87.6314,-64.0037,66.465,87.6314,63.0192,177.2
87.6803,-64.0393,66.502,87.6803,63.0542,177.3
87.7292,-64.0749,66.5389,87.7292,63.0892,177.4
87.7781,-64.1105,66.5759,87.7781,63.1243,177.5
87.8269,-64.1461,66.6129,87.8269,63.1593,177.6
87.8758,-64.1816,66.6499,87.8758,63.1944,177.7
87.9247,-64.2172,66.6868,87.9247,63.2294,177.8
87.9736,-64.2528,66.7238,87.9736,63.2644,177.9
88.0225,-64.2884,66.7608,88.0225,63.2995,178
88.0714,-64.324,66.7978,88.0714,63.3345,178.1
88.1203,-64.3596,66.8347,88.1203,63.3696,178.2
88.1692,-64.3952,66.8717,88.1692,63.4046,178.3
88.2181,-64.4308,66.9087,88.2181,63.4396,178.4
88.2669,-64.4664,66.9457,88.2669,63.4747,178.5
88.3158,-64.502,66.9826,88.3158,63.5097,178.6
88.3647,-64.5376,67.0196,88.3647,63.5447,178.7
88.4136,-64.5732,67.0566,88.4136,63.5798,178.8
88.4625,-64.6087,67.0935,88.4625,63.6148,178.9
88.5114,-64.6443,67.1305,88.5114,63.6499,179
88.5603,-64.6799,67.1675,88.5603,63.6849,179.1
88.6092,-64.7155,67.2045,88.6092,63.7199,179.2
88.6581,-64.7511,67.2414,88.6581,63.755,179.3
88.7069,-64.7867,67.2784,88.7069,63.79,179.4
88.7558,-64.8223,67.3154,88.7558,63.8251,179.5
88.8047,-64.8579,67.3524,88.8047,63.8601,179.6
88.8536,-64.8935,67.3893,88.8536,63.8951,179.7
88.9025,-64.9291,67.4263,88.9025,63.9302,179.8
88.9514,-64.9647,67.4633,88.9514,63.9652,179.9
89.0003,-65.0003,67.5003,89.0003,64.0003,180
89.0492,-65.0359,67.5372,89.0492,64.0353,180.1
89.0981,-65.0714,67.5742,89.0981,64.0703,180.2
89.1469,-65.107,67.6112,89.1469,64.1054,180.3
89.1958,-65.1426,67.6482,89.1958,64.1404,180.4
89.2447,-65.1782,67.6851,89.2447,64.1755,180.5
89.2936,-65.2138,67.7221,89.2936,64.2105,180.6
89.3425,-65.2494,67.7591,89.3425,64.2455,180.7
89.3914,-65.285,67.7961,89.3914,64.2806,180.8
89.4403,-65.3206,67.833,89.4403,64.3156,180.9
89.4892,-65.3562,67.87,89.4892,64.3507,181
89.5381,-65.3918,67.907,89.5381,64.3857,181.1
89.5869,-65.4274,67.944,89.5869,64.4207,181.2
89.6358,-65.463,67.9809,89.6358,64.4558,181.3
89.6847,-65.4985,68.0179,89.6847,64.4908,181.4
89.7336,-65.5341,68.0549,89.7336,64.5258,181.5
89.7825,-65.5697,68.0918,89.7825,64.5609,181.6
89.8314,-65.6053,68.1288,89.8314,64.5959,181.7
89.8803,-65.6409,68.1658,89.8803,64.631,181.8
89.9292,-65.6765,68.2028,89.9292,64.666,181.9
89.9781,-65.7121,68.2397,89.9781,64.701,182
90.0269,-65.7477,68.2767,90.0269,64.7361,182.1
90.0758,-65.7833,68.3137,90.0758,64.7711,182.2
90.1247,-65.8189,68.3507,90.1247,64.8062,182.3
90.1736,-65.8545,68.3876,90.1736,64.8412,182.4
90.2225,-65.8901,68.4246,90.2225,64.8762,182.5
90.2714,-65.9256,68.4616,90.2714,64.9113,182.6
90.3203,-65.9612,68.4986,90.3203,64.9463,182.7
90.3692,-65.9968,68.5355,90.3692,64.9814,182.8
90.4181,-66.0324,68.5725,90.4181,65.0164,182.9
90.4669,-66.068,68.6095,90.4669,65.0514,183
90.5158,-66.1036,68.6465,90.5158,65.0865,183.1
90.5647,-66.1392,68.6834,90.5647,65.1215,183.2
90.6136,-66.1748,68.7204,90.6136,65.1566,183.3
90.6625,-66.2104,68.7574,90.6625,65.1916,183.4
90.7114,-66.246,68.7944,90.7114,65.2266,183.5
90.7603,-66.2816,68.8313,90.7603,65.2617,183.6
90.8092,-66.3172,68.8683,90.8092,65.2967,183.7
90.8581,-66.3528,68.9053,90.8581,65.3318,183.8
90.9069,-66.3883,68.9422,90.9069,65.3668,183.9
90.9558,-66.4239,68.9792,90.9558,65.4018,184
91.0047,-66.4595,69.0162,91.0047,65.4369,184.1
91.0536,-66.4951,69.0532,91.0536,65.4719,184.2
91.1025,-66.5307,69.0901,91.1025,65.5069,184.3
91.1514,-66.5663,69.1271,91.1514,65.542,184.4
91.2003,-66.6019,69.1641,91.2003,65.577,184.5
91.2492,-66.6375,69.2011,91.2492,65.6121,184.6
91.2981,-66.6731,69.238,91.2981,65.6471,184.7
91.3469,-66.7087,69.275,91.3469,65.6821,184.8
91.3958,-66.7443,69.312,91.3958,65.7172,184.9
91.4447,-66.7799,69.349,91.4447,65.7522,185
91.4936,-66.8154,69.3859,91.4936,65.7873,185.1
91.5425,-66.851,69.4229,91.5425,65.8223,185.2
91.5914,-66.8866,69.4599,91.5914,65.8573,185.3
91.6403,-66.9222,69.4969,91.6403,65.8924,185.4
91.6892,-66.9578,69.5338,91.6892,65.9274,185.5
91.7381,-66.9934,69.5708,91.7381,65.9625,185.6
91.7869,-67.029,69.6078,91.7869,65.9975,185.7
91.8358,-67.0646,69.6448,91.8358,66.0325,185.8
91.8847,-67.1002,69.6817,91.8847,66.0676,185.9
91.9336,-67.1358,69.7187,91.9336,66.1026,186
91.9825,-67.1714,69.7557,91.9825,66.1377,186.1
92.0314,-67.207,69.7926,92.0314,66.1727,186.2
92.0803,-67.2425,69.8296,92.0803,66.2077,186.3
92.1292,-67.2781,69.8666,92.1292,66.2428,186.4
92.1781,-67.3137,69.9036,92.1781,66.2778,186.5
92.2269,-67.3493,69.9405,92.2269,66.3128,186.6
92.2758,-67.3849,69.9775,92.2758,66.3479,186.7
92.3247,-67.4205,70.0145,92.3247,66.3829,186.8
92.3736,-67.4561,70.0515,92.3736,66.418,186.9
92.4225,-67.4917,70.0884,92.4225,66.453,187
92.4714,-67.5273,70.1254,92.4714,66.488,187.1
92.5203,-67.5629,70.1624,92.5203,66.5231,187.2
92.5692,-67.5985,70.1994,92.5692,66.5581,187.3
92.6181,-67.6341,70.2363,92.6181,66.5932,187.4
92.6669,-67.6697,70.2733,92.6669,66.6282,187.5
92.7158,-67.7052,70.3103,92.7158,66.6632,187.6
92.7647,-67.7408,70.3473,92.7647,66.6983,187.7
92.8136,-67.7764,70.3842,92.8136,66.7333,187.8
92.8625,-67.812,70.4212,92.8625,66.7684,187.9
92.9114,-67.8476,70.4582,92.9114,66.8034,188
92.9603,-67.8832,70.4952,92.9603,66.8384,188.1
93.0092,-67.9188,70.5321,93.0092,66.8735,188.2
93.0581,-67.9544,70.5691,93.0581,66.9085,188.3
93.1069,-67.99,70.6061,93.1069,66.9436,188.4
93.1558,-68.0256,70.643,93.1558,66.9786,188.5
93.2047,-68.0612,70.68,93.2047,67.0136,188.6
93.2536,-68.0968,70.717,93.2536,67.0487,188.7
93.3025,-68.1323,70.754,93.3025,67.0837,188.8
93.3514,-68.1679,70.7909,93.3514,67.1188,188.9
93.4003,-68.2035,70.8279,93.4003,67.1538,189
93.4492,-68.2391,70.8649,93.4492,67.1888,189.1
93.4981,-68.2747,70.9019,93.4981,67.2239,189.2
93.5469,-68.3103,70.9388,93.5469,67.2589,189.3
93.5958,-68.3459,70.9758,93.5958,67.2939,189.4
93.6447,-68.3815,71.0128,93.6447,67.329,189.5
93.6936,-68.4171,71.0498,93.6936,67.364,189.6
93.7425,-68.4527,71.0867,93.7425,67.3991,189.7
93.7914,-68.4883,71.1237,93.7914,67.4341,189.8
93.8403,-68.5239,71.1607,93.8403,67.4691,189.9
93.8892,-68.5594,71.1977,93.8892,67.5042,190
93.9381,-68.595,71.2346,93.9381,67.5392,190.1
93.9869,-68.6306,71.2716,93.9869,67.5743,190.2
94.0358,-68.6662,71.3086,94.0358,67.6093,190.3
94.0847,-68.7018,71.3456,94.0847,67.6443,190.4
94.1336,-68.7374,71.3825,94.1336,67.6794,190.5
94.1825,-68.773,71.4195,94.1825,67.7144,190.6
94.2314,-68.8086,71.4565,94.2314,67.7495,190.7
94.2803,-68.8442,71.4934,94.2803,67.7845,190.8
94.3292,-68.8798,71.5304,94.3292,67.8195,190.9
94.3781,-68.9154,71.5674,94.3781,67.8546,191
94.427,-68.951,71.6044,94.427,67.8896,191.1
94.4758,-68.9866,71.6413,94.4758,67.9247,191.2
94.5247,-69.0221,71.6783,94.5247,67.9597,191.3
94.5736,-69.0577,71.7153,94.5736,67.9947,191.4
94.6225,-69.0933,71.7523,94.6225,68.0298,191.5
94.6714,-69.1289,71.7892,94.6714,68.0648,191.6
94.7203,-69.1645,71.8262,94.7203,68.0999,191.7
94.7692,-69.2001,71.8632,94.7692,68.1349,191.8
94.8181,-69.2357,71.9002,94.8181,68.1699,191.9
94.867,-69.2713,71.9371,94.867,68.205,192
94.9158,-69.3069,71.9741,94.9158,68.24,192.1
94.9647,-69.3425,72.0111,94.9647,68.275,192.2
95.0136,-69.3781,72.0481,95.0136,68.3101,192.3
95.0625,-69.4137,72.085,95.0625,68.3451,192.4
95.1114,-69.4492,72.122,95.1114,68.3802,192.5
95.1603,-69.4848,72.159,95.1603,68.4152,192.6
95.2092,-69.5204,72.196,95.2092,68.4502,192.7
95.2581,-69.556,72.2329,95.2581,68.4853,192.8
95.307,-69.5916,72.2699,95.307,68.5203,192.9
95.3558,-69.6272,72.3069,95.3558,68.5554,193
95.4047,-69.6628,72.3438,95.4047,68.5904,193.1
95.4536,-69.6984,72.3808,95.4536,68.6254,193.2
95.5025,-69.734,72.4178,95.5025,68.6605,193.3
95.5514,-69.7696,72.4548,95.5514,68.6955,193.4
95.6003,-69.8052,72.4917,95.6003,68.7306,193.5
95.6492,-69.8408,72.5287,95.6492,68.7656,193.6
95.6981,-69.8763,72.5657,95.6981,68.8006,193.7
95.747,-69.9119,72.6027,95.747,68.8357,193.8
95.7958,-69.9475,72.6396,95.7958,68.8707,193.9
95.8447,-69.9831,72.6766,95.8447,68.9058,194
95.8936,-70.0187,72.7136,95.8936,68.9408,194.1
95.9425,-70.0543,72.7506,95.9425,68.9758,194.2
95.9914,-70.0899,72.7875,95.9914,69.0109,194.3
96.0403,-70.1255,72.8245,96.0403,69.0459,194.4
96.0892,-70.1611,72.8615,96.0892,69.081,194.5
96.1381,-70.1967,72.8985,96.1381,69.116,194.6
96.187,-70.2323,72.9354,96.187,69.151,194.7
96.2358,-70.2679,72.9724,96.2358,69.1861,194.8
96.2847,-70.3035,73.0094,96.2847,69.2211,194.9
96.3336,-70.339,73.0464,96.3336,69.2561,195
96.3825,-70.3746,73.0833,96.3825,69.2912,195.1
96.4314,-70.4102,73.1203,96.4314,69.3262,195.2
96.4803,-70.4458,73.1573,96.4803,69.3613,195.3
96.5292,-70.4814,73.1943,96.5292,69.3963,195.4
96.5781,-70.517,73.2312,96.5781,69.4313,195.5
96.627,-70.5526,73.2682,96.627,69.4664,195.6
96.6758,-70.5882,73.3052,96.6758,69.5014,195.7
96.7247,-70.6238,73.3421,96.7247,69.5365,195.8
96.7736,-70.6594,73.3791,96.7736,69.5715,195.9
96.8225,-70.695,73.4161,96.8225,69.6065,196
96.8714,-70.7306,73.4531,96.8714,69.6416,196.1
96.9203,-70.7661,73.49,96.9203,69.6766,196.2
96.9692,-70.8017,73.527,96.9692,69.7117,196.3
97.0181,-70.8373,73.564,97.0181,69.7467,196.4
97.067,-70.8729,73.601,97.067,69.7817,196.5
97.1158,-70.9085,73.6379,97.1158,69.8168,196.6
97.1647,-70.9441,73.6749,97.1647,69.8518,196.7
97.2136,-70.9797,73.7119,97.2136,69.8869,196.8
97.2625,-71.0153,73.7489,97.2625,69.9219,196.9
97.3114,-71.0509,73.7858,97.3114,69.9569,197
97.3603,-71.0865,73.8228,97.3603,69.992,197.1
97.4092,-71.1221,73.8598,97.4092,70.027,197.2
97.4581,-71.1577,73.8968,97.4581,70.0621,197.3
97.507,-71.1932,73.9337,97.507,70.0971,197.4
97.5558,-71.2288,73.9707,97.5558,70.1321,197.5
97.6047,-71.2644,74.0077,97.6047,70.1672,197.6
97.6536,-71.3,74.0447,97.6536,70.2022,197.7
97.7025,-71.3356,74.0816,97.7025,70.2372,197.8
97.7514,-71.3712,74.1186,97.7514,70.2723,197.9
97.8003,-71.4068,74.1556,97.8003,70.3073,198
97.8492,-71.4424,74.1925,97.8492,70.3424,198.1
97.8981,-71.478,74.2295,97.8981,70.3774,198.2
97.947,-71.5136,74.2665,97.947,70.4124,198.3
97.9958,-71.5492,74.3035,97.9958,70.4475,198.4
98.0447,-71.5848,74.3404,98.0447,70.4825,198.5
98.0936,-71.6203,74.3774,98.0936,70.5176,198.6
98.1425,-71.6559,74.4144,98.1425,70.5526,198.7
98.1914,-71.6915,74.4514,98.1914,70.5876,198.8
98.2403,-71.7271,74.4883,98.2403,70.6227,198.9
98.2892,-71.7627,74.5253,98.2892,70.6577,199
98.3381,-71.7983,74.5623,98.3381,70.6928,199.1
98.387,-71.8339,74.5993,98.387,70.7278,199.2
98.4358,-71.8695,74.6362,98.4358,70.7628,199.3
98.4847,-71.9051,74.6732,98.4847,70.7979,199.4
98.5336,-71.9407,74.7102,98.5336,70.8329,199.5
98.5825,-71.9763,74.7472,98.5825,70.868,199.6
98.6314,-72.0119,74.7841,98.6314,70.903,199.7
98.6803,-72.0475,74.8211,98.6803,70.938,199.8
98.7292,-72.083,74.8581,98.7292,70.9731,199.9
98.7781,-72.1186,74.8951,98.7781,71.0081,200
98.827,-72.1542,74.932,98.827,71.0432,200.1
98.8758,-72.1898,74.969,98.8758,71.0782,200.2
98.9247,-72.2254,75.006,98.9247,71.1132,200.3
98.9736,-72.261,75.0429,98.9736,71.1483,200.4
99.0225,-72.2966,75.0799,99.0225,71.1833,200.5
99.0714,-72.3322,75.1169,99.0714,71.2183,200.6
99.1203,-72.3678,75.1539,99.1203,71.2534,200.7
99.1692,-72.4034,75.1908,99.1692,71.2884,200.8
99.2181,-72.439,75.2278,99.2181,71.3235,200.9
99.267,-72.4746,75.2648,99.267,71.3585,201
99.3158,-72.5101,75.3018,99.3158,71.3935,201.1
99.3647,-72.5457,75.3387,99.3647,71.4286,201.2
99.4136,-72.5813,75.3757,99.4136,71.4636,201.3
99.4625,-72.6169,75.4127,99.4625,71.4987,201.4
99.5114,-72.6525,75.4497,99.5114,71.5337,201.5
99.5603,-72.6881,75.4866,99.5603,71.5687,201.6
99.6092,-72.7237,75.5236,99.6092,71.6038,201.7
99.6581,-72.7593,75.5606,99.6581,71.6388,201.8
99.707,-72.7949,75.5976,99.707,71.6739,201.9
99.7558,-72.8305,75.6345,99.7558,71.7089,202
99.8047,-72.8661,75.6715,99.8047,71.7439,202.1
99.8536,-72.9017,75.7085,99.8536,71.779,202.2
99.9025,-72.9372,75.7455,99.9025,71.814,202.3
99.9514,-72.9728,75.7824,99.9514,71.8491,202.4
100,-73.0084,75.8194,100,71.8841,202.5
100.049,-73.044,75.8564,100.049,71.9191,202.6
100.098,-73.0796,75.8933,100.098,71.9542,202.7
100.147,-73.1152,75.9303,100.147,71.9892,202.8
100.196,-73.1508,75.9673,100.196,72.0243,202.9
100.245,-73.1864,76.0043,100.245,72.0593,203
100.294,-73.222,76.0412,100.294,72.0943,203.1
100.343,-73.2576,76.0782,100.343,72.1294,203.2
100.391,-73.2932,76.1152,100.391,72.1644,203.3
100.44,-73.3288,76.1522,100.44,72.1994,203.4
100.489,-73.3644,76.1891,100.489,72.2345,203.5
100.538,-73.3999,76.2261,100.538,72.2695,203.6
100.587,-73.4355,76.2631,100.587,72.3046,203.7
100.636,-73.4711,76.3001,100.636,72.3396,203.8
100.685,-73.5067,76.337,100.685,72.3746,203.9
100.734,-73.5423,76.374,100.734,72.4097,204
100.783,-73.5779,76.411,100.783,72.4447,204.1
100.831,-73.6135,76.448,100.831,72.4798,204.2
100.88,-73.6491,76.4849,100.88,72.5148,204.3
100.929,-73.6847,76.5219,100.929,72.5498,204.4
100.978,-73.7203,76.5589,100.978,72.5849,204.5
101.027,-73.7559,76.5959,101.027,72.6199,204.6
101.076,-73.7915,76.6328,101.076,72.655,204.7
101.125,-73.827,76.6698,101.125,72.69,204.8
101.174,-73.8626,76.7068,101.174,72.725,204.9
101.223,-73.8982,76.7437,101.223,72.7601,205
101.271,-73.9338,76.7807,101.271,72.7951,205.1
101.32,-73.9694,76.8177,101.32,72.8302,205.2
101.369,-74.005,76.8547,101.369,72.8652,205.3
101.418,-74.0406,76.8916,101.418,72.9002,205.4
101.467,-74.0762,76.9286,101.467,72.9353,205.5
101.516,-74.1118,76.9656,101.516,72.9703,205.6
101.565,-74.1474,77.0026,101.565,73.0053,205.7
101.614,-74.183,77.0395,101.614,73.0404,205.8
101.663,-74.2186,77.0765,101.663,73.0754,205.9
101.711,-74.2541,77.1135,101.711,73.1105,206
101.76,-74.2897,77.1505,101.76,73.1455,206.1
101.809,-74.3253,77.1874,101.809,73.1805,206.2
101.858,-74.3609,77.2244,101.858,73.2156,206.3
101.907,-74.3965,77.2614,101.907,73.2506,206.4
101.956,-74.4321,77.2984,101.956,73.2857,206.5
102.005,-74.4677,77.3353,102.005,73.3207,206.6
102.054,-74.5033,77.3723,102.054,73.3557,206.7
102.103,-74.5389,77.4093,102.103,73.3908,206.8
102.151,-74.5745,77.4463,102.151,73.4258,206.9
102.2,-74.6101,77.4832,102.2,73.4609,207
102.249,-74.6457,77.5202,102.249,73.4959,207.1
102.298,-74.6813,77.5572,102.298,73.5309,207.2
102.347,-74.7168,77.5941,102.347,73.566,207.3
102.396,-74.7524,77.6311,102.396,73.601,207.4
102.445,-74.788,77.6681,102.445,73.6361,207.5
102.494,-74.8236,77.7051,102.494,73.6711,207.6
102.543,-74.8592,77.742,102.543,73.7061,207.7
102.591,-74.8948,77.779,102.591,73.7412,207.8
102.64,-74.9304,77.816,102.64,73.7762,207.9
102.689,-74.966,77.853,102.689,73.8113,208
102.738,-75.0016,77.8899,102.738,73.8463,208.1
102.787,-75.0372,77.9269,102.787,73.8813,208.2
102.836,-75.0728,77.9639,102.836,73.9164,208.3
102.885,-75.1084,78.0009,102.885,73.9514,208.4
102.934,-75.1439,78.0378,102.934,73.9864,208.5
102.983,-75.1795,78.0748,102.983,74.0215,208.6
103.031,-75.2151,78.1118,103.031,74.0565,208.7
103.08,-75.2507,78.1488,103.08,74.0916,208.8
103.129,-75.2863,78.1857,103.129,74.1266,208.9
103.178,-75.3219,78.2227,103.178,74.1616,209
103.227,-75.3575,78.2597,103.227,74.1967,209.1
103.276,-75.3931,78.2967,103.276,74.2317,209.2
103.325,-75.4287,78.3336,103.325,74.2668,209.3
103.374,-75.4643,78.3706,103.374,74.3018,209.4
103.423,-75.4999,78.4076,103.423,74.3368,209.5
103.471,-75.5355,78.4446,103.471,74.3719,209.6
103.52,-75.571,78.4815,103.52,74.4069,209.7
103.569,-75.6066,78.5185,103.569,74.442,209.8
103.618,-75.6422,78.5555,103.618,74.477,209.9
103.667,-75.6778,78.5924,103.667,74.512,210
103.716,-75.7134,78.6294,103.716,74.5471,210.1
103.765,-75.749,78.6664,103.765,74.5821,210.2
103.814,-75.7846,78.7034,103.814,74.6172,210.3
103.863,-75.8202,78.7403,103.863,74.6522,210.4
103.911,-75.8558,78.7773,103.911,74.6872,210.5
103.96,-75.8914,78.8143,103.96,74.7223,210.6
104.009,-75.927,78.8513,104.009,74.7573,210.7
104.058,-75.9626,78.8882,104.058,74.7924,210.8
104.107,-75.9982,78.9252,104.107,74.8274,210.9
104.156,-76.0337,78.9622,104.156,74.8624,211
104.205,-76.0693,78.9992,104.205,74.8975,211.1
104.254,-76.1049,79.0361,104.254,74.9325,211.2
104.303,-76.1405,79.0731,104.303,74.9675,211.3
104.351,-76.1761,79.1101,104.351,75.0026,211.4
104.4,-76.2117,79.1471,104.4,75.0376,211.5
104.449,-76.2473,79.184,104.449,75.0727,211.6
104.498,-76.2829,79.221,104.498,75.1077,211.7
104.547,-76.3185,79.258,104.547,75.1427,211.8
104.596,-76.3541,79.295,104.596,75.1778,211.9
104.645,-76.3897,79.3319,104.645,75.2128,212
104.694,-76.4253,79.3689,104.694,75.2479,212.1
104.743,-76.4608,79.4059,104.743,75.2829,212.2
104.791,-76.4964,79.4428,104.791,75.3179,212.3
104.84,-76.532,79.4798,104.84,75.353,212.4
104.889,-76.5676,79.5168,104.889,75.388,212.5
104.938,-76.6032,79.5538,104.938,75.4231,212.6
104.987,-76.6388,79.5907,104.987,75.4581,212.7
105.036,-76.6744,79.6277,105.036,75.4931,212.8
105.085,-76.71,79.6647,105.085,75.5282,212.9
105.134,-76.7456,79.7017,105.134,75.5632,213
105.183,-76.7812,79.7386,105.183,75.5983,213.1
105.231,-76.8168,79.7756,105.231,75.6333,213.2
105.28,-76.8524,79.8126,105.28,75.6683,213.3
105.329,-76.8879,79.8496,105.329,75.7034,213.4
105.378,-76.9235,79.8865,105.378,75.7384,213.5
105.427,-76.9591,79.9235,105.427,75.7735,213.6
105.476,-76.9947,79.9605,105.476,75.8085,213.7
105.525,-77.0303,79.9975,105.525,75.8435,213.8
105.574,-77.0659,80.0344,105.574,75.8786,213.9
105.623,-77.1015,80.0714,105.623,75.9136,214
105.671,-77.1371,80.1084,105.671,75.9486,214.1
105.72,-77.1727,80.1454,105.72,75.9837,214.2
105.769,-77.2083,80.1823,105.769,76.0187,214.3
105.818,-77.2439,80.2193,105.818,76.0538,214.4
105.867,-77.2795,80.2563,105.867,76.0888,214.5
105.916,-77.3151,80.2932,105.916,76.1238,214.6
105.965,-77.3506,80.3302,105.965,76.1589,214.7
106.014,-77.3862,80.3672,106.014,76.1939,214.8
106.063,-77.4218,80.4042,106.063,76.229,214.9
106.111,-77.4574,80.4411,106.111,76.264,215
106.16,-77.493,80.4781,106.16,76.299,215.1
106.209,-77.5286,80.5151,106.209,76.3341,215.2
106.258,-77.5642,80.5521,106.258,76.3691,215.3
106.307,-77.5998,80.589,106.307,76.4042,215.4
106.356,-77.6354,80.626,106.356,76.4392,215.5
106.405,-77.671,80.663,106.405,76.4742,215.6
106.454,-77.7066,80.7,106.454,76.5093,215.7
106.503,-77.7422,80.7369,106.503,76.5443,215.8
106.551,-77.7777,80.7739,106.551,76.5794,215.9
106.6,-77.8133,80.8109,106.6,76.6144,216
106.649,-77.8489,80.8479,106.649,76.6494,216.1
106.698,-77.8845,80.8848,106.698,76.6845,216.2
106.747,-77.9201,80.9218,106.747,76.7195,216.3
106.796,-77.9557,80.9588,106.796,76.7546,216.4
106.845,-77.9913,80.9958,106.845,76.7896,216.5
106.894,-78.0269,81.0327,106.894,76.8246,216.6
106.943,-78.0625,81.0697,106.943,76.8597,216.7
106.991,-78.0981,81.1067,106.991,76.8947,216.8
107.04,-78.1337,81.1436,107.04,76.9297,216.9
107.089,-78.1693,81.1806,107.089,76.9648,217
107.138,-78.2048,81.2176,107.138,76.9998,217.1
107.187,-78.2404,81.2546,107.187,77.0349,217.2
107.236,-78.276,81.2915,107.236,77.0699,217.3
107.285,-78.3116,81.3285,107.285,77.1049,217.4
107.334,-78.3472,81.3655,107.334,77.14,217.5
107.383,-78.3828,81.4025,107.383,77.175,217.6
107.431,-78.4184,81.4394,107.431,77.2101,217.7
107.48,-78.454,81.4764,107.48,77.2451,217.8
107.529,-78.4896,81.5134,107.529,77.2801,217.9
107.578,-78.5252,81.5504,107.578,77.3152,218
107.627,-78.5608,81.5873,107.627,77.3502,218.1
107.676,-78.5964,81.6243,107.676,77.3853,218.2
107.725,-78.632,81.6613,107.725,77.4203,218.3
107.774,-78.6675,81.6983,107.774,77.4553,218.4
107.823,-78.7031,81.7352,107.823,77.4904,218.5
107.871,-78.7387,81.7722,107.871,77.5254,218.6
107.92,-78.7743,81.8092,107.92,77.5605,218.7
107.969,-78.8099,81.8462,107.969,77.5955,218.8
108.018,-78.8455,81.8831,108.018,77.6305,218.9
108.067,-78.8811,81.9201,108.067,77.6656,219
108.116,-78.9167,81.9571,108.116,77.7006,219.1
108.165,-78.9523,81.994,108.165,77.7357,219.2
108.214,-78.9879,82.031,108.214,77.7707,219.3
108.263,-79.0235,82.068,108.263,77.8057,219.4
108.311,-79.0591,82.105,108.311,77.8408,219.5
108.36,-79.0946,82.1419,108.36,77.8758,219.6
108.409,-79.1302,82.1789,108.409,77.9108,219.7
108.458,-79.1658,82.2159,108.458,77.9459,219.8
108.507,-79.2014,82.2529,108.507,77.9809,219.9
108.556,-79.237,82.2898,108.556,78.016,220
108.605,-79.2726,82.3268,108.605,78.051,220.1
108.654,-79.3082,82.3638,108.654,78.086,220.2
108.703,-79.3438,82.4008,108.703,78.1211,220.3
108.751,-79.3794,82.4377,108.751,78.1561,220.4
108.8,-79.415,82.4747,108.8,78.1912,220.5
108.849,-79.4506,82.5117,108.849,78.2262,220.6
108.898,-79.4862,82.5487,108.898,78.2612,220.7
108.947,-79.5217,82.5856,108.947,78.2963,220.8
108.996,-79.5573,82.6226,108.996,78.3313,220.9
109.045,-79.5929,82.6596,109.045,78.3664,221
109.094,-79.6285,82.6966,109.094,78.4014,221.1
109.143,-79.6641,82.7335,109.143,78.4364,221.2
109.191,-79.6997,82.7705,109.191,78.4715,221.3
109.24,-79.7353,82.8075,109.24,78.5065,221.4
109.289,-79.7709,82.8444,109.289,78.5416,221.5
109.338,-79.8065,82.8814,109.338,78.5766,221.6
109.387,-79.8421,82.9184,109.387,78.6116,221.7
109.436,-79.8777,82.9554,109.436,78.6467,221.8
109.485,-79.9133,82.9923,109.485,78.6817,221.9
109.534,-79.9489,83.0293,109.534,78.7168,222
109.583,-79.9844,83.0663,109.583,78.7518,222.1
109.631,-80.02,83.1033,109.631,78.7868,222.2
109.68,-80.0556,83.1402,109.68,78.8219,222.3
109.729,-80.0912,83.1772,109.729,78.8569,222.4
109.778,-80.1268,83.2142,109.778,78.8919,222.5
109.827,-80.1624,83.2512,109.827,78.927,222.6
109.876,-80.198,83.2881,109.876,78.962,222.7
109.925,-80.2336,83.3251,109.925,78.9971,222.8
109.974,-80.2692,83.3621,109.974,79.0321,222.9
110.023,-80.3048,83.3991,110.023,79.0671,223
110.071,-80.3404,83.436,110.071,79.1022,223.1
110.12,-80.376,83.473,110.12,79.1372,223.2
110.169,-80.4115,83.51,110.169,79.1723,223.3
110.218,-80.4471,83.547,110.218,79.2073,223.4
110.267,-80.4827,83.5839,110.267,79.2423,223.5
110.316,-80.5183,83.6209,110.316,79.2774,223.6
110.365,-80.5539,83.6579,110.365,79.3124,223.7
110.414,-80.5895,83.6949,110.414,79.3475,223.8
110.463,-80.6251,83.7318,110.463,79.3825,223.9
110.511,-80.6607,83.7688,110.511,79.4175,224
110.56,-80.6963,83.8058,110.56,79.4526,224.1
110.609,-80.7319,83.8427,110.609,79.4876,224.2
110.658,-80.7675,83.8797,110.658,79.5227,224.3
110.707,-80.8031,83.9167,110.707,79.5577,224.4
110.756,-80.8386,83.9537,110.756,79.5927,224.5
110.805,-80.8742,83.9906,110.805,79.6278,224.6
110.854,-80.9098,84.0276,110.854,79.6628,224.7
110.903,-80.9454,84.0646,110.903,79.6979,224.8
110.951,-80.981,84.1016,110.951,79.7329,224.9
111,-81.0166,84.1385,111,79.7679,225
111.049,-81.0522,84.1755,111.049,79.803,225.1
111.098,-81.0878,84.2125,111.098,79.838,225.2
111.147,-81.1234,84.2495,111.147,79.873,225.3
111.196,-81.159,84.2864,111.196,79.9081,225.4
111.245,-81.1946,84.3234,111.245,79.9431,225.5
111.294,-81.2302,84.3604,111.294,79.9782,225.6
111.343,-81.2658,84.3974,111.343,80.0132,225.7
111.391,-81.3013,84.4343,111.391,80.0482,225.8
111.44,-81.3369,84.4713,111.44,80.0833,225.9
111.489,-81.3725,84.5083,111.489,80.1183,226
111.538,-81.4081,84.5453,111.538,80.1534,226.1
111.587,-81.4437,84.5822,111.587,80.1884,226.2
111.636,-81.4793,84.6192,111.636,80.2234,226.3
111.685,-81.5149,84.6562,111.685,80.2585,226.4
111.734,-81.5505,84.6931,111.734,80.2935,226.5
111.783,-81.5861,84.7301,111.783,80.3286,226.6
111.831,-81.6217,84.7671,111.831,80.3636,226.7
111.88,-81.6573,84.8041,111.88,80.3986,226.8
111.929,-81.6929,84.841,111.929,80.4337,226.9
111.978,-81.7284,84.878,111.978,80.4687,227
112.027,-81.764,84.915,112.027,80.5038,227.1
112.076,-81.7996,84.952,112.076,80.5388,227.2
112.125,-81.8352,84.9889,112.125,80.5738,227.3
112.174,-81.8708,85.0259,112.174,80.6089,227.4
112.223,-81.9064,85.0629,112.223,80.6439,227.5
112.271,-81.942,85.0999,112.271,80.6789,227.6
112.32,-81.9776,85.1368,112.32,80.714,227.7
112.369,-82.0132,85.1738,112.369,80.749,227.8
112.418,-82.0488,85.2108,112.418,80.7841,227.9
112.467,-82.0844,85.2478,112.467,80.8191,228
112.516,-82.12,85.2847,112.516,80.8541,228.1
112.565,-82.1555,85.3217,112.565,80.8892,228.2
112.614,-82.1911,85.3587,112.614,80.9242,228.3
112.663,-82.2267,85.3957,112.663,80.9593,228.4
112.711,-82.2623,85.4326,112.711,80.9943,228.5
112.76,-82.2979,85.4696,112.76,81.0293,228.6
112.809,-82.3335,85.5066,112.809,81.0644,228.7
112.858,-82.3691,85.5435,112.858,81.0994,228.8
112.907,-82.4047,85.5805,112.907,81.1345,228.9
112.956,-82.4403,85.6175,112.956,81.1695,229
113.005,-82.4759,85.6545,113.005,81.2045,229.1
113.054,-82.5115,85.6914,113.054,81.2396,229.2
113.103,-82.5471,85.7284,113.103,81.2746,229.3
113.151,-82.5826,85.7654,113.151,81.3097,229.4
113.2,-82.6182,85.8024,113.2,81.3447,229.5
113.249,-82.6538,85.8393,113.249,81.3797,229.6
113.298,-82.6894,85.8763,113.298,81.4148,229.7
113.347,-82.725,85.9133,113.347,81.4498,229.8
113.396,-82.7606,85.9503,113.396,81.4849,229.9
113.445,-82.7962,85.9872,113.445,81.5199,230
113.494,-82.8318,86.0242,113.494,81.5549,230.1
113.543,-82.8674,86.0612,113.543,81.59,230.2
113.591,-82.903,86.0982,113.591,81.625,230.3
113.64,-82.9386,86.1351,113.64,81.66,230.4
113.689,-82.9742,86.1721,113.689,81.6951,230.5
113.738,-83.0098,86.2091,113.738,81.7301,230.6
113.787,-83.0453,86.2461,113.787,81.7652,230.7
113.836,-83.0809,86.283,113.836,81.8002,230.8
113.885,-83.1165,86.32,113.885,81.8352,230.9
113.934,-83.1521,86.357,113.934,81.8703,231
113.983,-83.1877,86.3939,113.983,81.9053,231.1
114.031,-83.2233,86.4309,114.031,81.9404,231.2
114.08,-83.2589,86.4679,114.08,81.9754,231.3
114.129,-83.2945,86.5049,114.129,82.0104,231.4
114.178,-83.3301,86.5418,114.178,82.0455,231.5
114.227,-83.3657,86.5788,114.227,82.0805,231.6
114.276,-83.4013,86.6158,114.276,82.1156,231.7
114.325,-83.4369,86.6528,114.325,82.1506,231.8
114.374,-83.4724,86.6897,114.374,82.1856,231.9
114.423,-83.508,86.7267,114.423,82.2207,232
114.471,-83.5436,86.7637,114.471,82.2557,232.1
114.52,-83.5792,86.8007,114.52,82.2908,232.2
114.569,-83.6148,86.8376,114.569,82.3258,232.3
114.618,-83.6504,86.8746,114.618,82.3608,232.4
114.667,-83.686,86.9116,114.667,82.3959,232.5
114.716,-83.7216,86.9486,114.716,82.4309,232.6
114.765,-83.7572,86.9855,114.765,82.466,232.7
114.814,-83.7928,87.0225,114.814,82.501,232.8
114.863,-83.8284,87.0595,114.863,82.536,232.9
114.911,-83.864,87.0965,114.911,82.5711,233
114.96,-83.8995,87.1334,114.96,82.6061,233.1
115.009,-83.9351,87.1704,115.009,82.6411,233.2
115.058,-83.9707,87.2074,115.058,82.6762,233.3
115.107,-84.0063,87.2443,115.107,82.7112,233.4
115.156,-84.0419,87.2813,115.156,82.7463,233.5
115.205,-84.0775,87.3183,115.205,82.7813,233.6
115.254,-84.1131,87.3553,115.254,82.8163,233.7
115.303,-84.1487,87.3922,115.303,82.8514,233.8
115.351,-84.1843,87.4292,115.351,82.8864,233.9
115.4,-84.2199,87.4662,115.4,82.9215,234
115.449,-84.2555,87.5032,115.449,82.9565,234.1
115.498,-84.2911,87.5401,115.498,82.9915,234.2
115.547,-84.3267,87.5771,115.547,83.0266,234.3
115.596,-84.3622,87.6141,115.596,83.0616,234.4
115.645,-84.3978,87.6511,115.645,83.0967,234.5
115.694,-84.4334,87.688,115.694,83.1317,234.6
115.743,-84.469,87.725,115.743,83.1667,234.7
115.791,-84.5046,87.762,115.791,83.2018,234.8
115.84,-84.5402,87.799,115.84,83.2368,234.9
115.889,-84.5758,87.8359,115.889,83.2719,235
115.938,-84.6114,87.8729,115.938,83.3069,235.1
115.987,-84.647,87.9099,115.987,83.3419,235.2
116.036,-84.6826,87.9469,116.036,83.377,235.3
116.085,-84.7182,87.9838,116.085,83.412,235.4
116.134,-84.7538,88.0208,116.134,83.4471,235.5
116.183,-84.7893,88.0578,116.183,83.4821,235.6
116.231,-84.8249,88.0948,116.231,83.5171,235.7
116.28,-84.8605,88.1317,116.28,83.5522,235.8
116.329,-84.8961,88.1687,116.329,83.5872,235.9
116.378,-84.9317,88.2057,116.378,83.6222,236
116.427,-84.9673,88.2426,116.427,83.6573,236.1
116.476,-85.0029,88.2796,116.476,83.6923,236.2
116.525,-85.0385,88.3166,116.525,83.7274,236.3
116.574,-85.0741,88.3536,116.574,83.7624,236.4
116.623,-85.1097,88.3905,116.623,83.7974,236.5
116.671,-85.1453,88.4275,116.671,83.8325,236.6
116.72,-85.1809,88.4645,116.72,83.8675,236.7
116.769,-85.2164,88.5015,116.769,83.9026,236.8
116.818,-85.252,88.5384,116.818,83.9376,236.9
116.867,-85.2876,88.5754,116.867,83.9726,237
116.916,-85.3232,88.6124,116.916,84.0077,237.1
116.965,-85.3588,88.6494,116.965,84.0427,237.2
117.014,-85.3944,88.6863,117.014,84.0778,237.3
117.063,-85.43,88.7233,117.063,84.1128,237.4
117.111,-85.4656,88.7603,117.111,84.1478,237.5
117.16,-85.5012,88.7973,117.16,84.1829,237.6
117.209,-85.5368,88.8342,117.209,84.2179,237.7
117.258,-85.5724,88.8712,117.258,84.253,237.8
117.307,-85.608,88.9082,117.307,84.288,237.9
117.356,-85.6436,88.9452,117.356,84.323,238
117.405,-85.6791,88.9821,117.405,84.3581,238.1
117.454,-85.7147,89.0191,117.454,84.3931,238.2
117.503,-85.7503,89.0561,117.503,84.4282,238.3
117.551,-85.7859,89.093,117.551,84.4632,238.4
117.6,-85.8215,89.13,117.6,84.4982,238.5
117.649,-85.8571,89.167,117.649,84.5333,238.6
117.698,-85.8927,89.204,117.698,84.5683,238.7
117.747,-85.9283,89.2409,117.747,84.6033,238.8
117.796,-85.9639,89.2779,117.796,84.6384,238.9
117.845,-85.9995,89.3149,117.845,84.6734,239
117.894,-86.0351,89.3519,117.894,84.7085,239.1
117.943,-86.0707,89.3888,117.943,84.7435,239.2
117.991,-86.1062,89.4258,117.991,84.7785,239.3
118.04,-86.1418,89.4628,118.04,84.8136,239.4
118.089,-86.1774,89.4998,118.089,84.8486,239.5
118.138,-86.213,89.5367,118.138,84.8837,239.6
118.187,-86.2486,89.5737,118.187,84.9187,239.7
118.236,-86.2842,89.6107,118.236,84.9537,239.8
118.285,-86.3198,89.6477,118.285,84.9888,239.9
118.334,-86.3554,89.6846,118.334,85.0238,240
118.383,-86.391,89.7216,118.383,85.0589,240.1
118.431,-86.4266,89.7586,118.431,85.0939,240.2
118.48,-86.4622,89.7956,118.48,85.1289,240.3
118.529,-86.4978,89.8325,118.529,85.164,240.4
118.578,-86.5333,89.8695,118.578,85.199,240.5
118.627,-86.5689,89.9065,118.627,85.2341,240.6
118.676,-86.6045,89.9434,118.676,85.2691,240.7
118.725,-86.6401,89.9804,118.725,85.3041,240.8
118.774,-86.6757,90.0174,118.774,85.3392,240.9
118.823,-86.7113,90.0544,118.823,85.3742,241
118.871,-86.7469,90.0913,118.871,85.4093,241.1
118.92,-86.7825,90.1283,118.92,85.4443,241.2
118.969,-86.8181,90.1653,118.969,85.4793,241.3
119.018,-86.8537,90.2023,119.018,85.5144,241.4
119.067,-86.8893,90.2392,119.067,85.5494,241.5
119.116,-86.9249,90.2762,119.116,85.5844,241.6
119.165,-86.9605,90.3132,119.165,85.6195,241.7
119.214,-86.996,90.3502,119.214,85.6545,241.8
119.263,-87.0316,90.3871,119.263,85.6896,241.9
119.311,-87.0672,90.4241,119.311,85.7246,242
119.36,-87.1028,90.4611,119.36,85.7596,242.1
119.409,-87.1384,90.4981,119.409,85.7947,242.2
119.458,-87.174,90.535,119.458,85.8297,242.3
119.507,-87.2096,90.572,119.507,85.8648,242.4
119.556,-87.2452,90.609,119.556,85.8998,242.5
119.605,-87.2808,90.646,119.605,85.9348,242.6
119.654,-87.3164,90.6829,119.654,85.9699,242.7
119.703,-87.352,90.7199,119.703,86.0049,242.8
119.751,-87.3876,90.7569,119.751,86.04,242.9
119.8,-87.4231,90.7938,119.8,86.075,243
119.849,-87.4587,90.8308,119.849,86.11,243.1
119.898,-87.4943,90.8678,119.898,86.1451,243.2
119.947,-87.5299,90.9048,119.947,86.1801,243.3
119.996,-87.5655,90.9417,119.996,86.2152,243.4
120.045,-87.6011,90.9787,120.045,86.2502,243.5
120.094,-87.6367,91.0157,120.094,86.2852,243.6
120.143,-87.6723,91.0527,120.143,86.3203,243.7
120.191,-87.7079,91.0896,120.191,86.3553,243.8
120.24,-87.7435,91.1266,120.24,86.3904,243.9
120.289,-87.7791,91.1636,120.289,86.4254,244
120.338,-87.8147,91.2006,120.338,86.4604,244.1
120.387,-87.8502,91.2375,120.387,86.4955,244.2
120.436,-87.8858,91.2745,120.436,86.5305,244.3
120.485,-87.9214,91.3115,120.485,86.5655,244.4
120.534,-87.957,91.3485,120.534,86.6006,244.5
120.583,-87.9926,91.3854,120.583,86.6356,244.6
120.631,-88.0282,91.4224,120.631,86.6707,244.7
120.68,-88.0638,91.4594,120.68,86.7057,244.8
120.729,-88.0994,91.4964,120.729,86.7407,244.9
120.778,-88.135,91.5333,120.778,86.7758,245
120.827,-88.1706,91.5703,120.827,86.8108,245.1
120.876,-88.2062,91.6073,120.876,86.8459,245.2
120.925,-88.2418,91.6442,120.925,86.8809,245.3
120.974,-88.2774,91.6812,120.974,86.9159,245.4
121.023,-88.3129,91.7182,121.023,86.951,245.5
121.071,-88.3485,91.7552,121.071,86.986,245.6
121.12,-88.3841,91.7921,121.12,87.0211,245.7
121.169,-88.4197,91.8291,121.169,87.0561,245.8
121.218,-88.4553,91.8661,121.218,87.0911,245.9
121.267,-88.4909,91.9031,121.267,87.1262,246
121.316,-88.5265,91.94,121.316,87.1612,246.1
121.365,-88.5621,91.977,121.365,87.1963,246.2
121.414,-88.5977,92.014,121.414,87.2313,246.3
121.463,-88.6333,92.051,121.463,87.2663,246.4
121.511,-88.6689,92.0879,121.511,87.3014,246.5
121.56,-88.7045,92.1249,121.56,87.3364,246.6
121.609,-88.74,92.1619,121.609,87.3714,246.7
121.658,-88.7756,92.1989,121.658,87.4065,246.8
121.707,-88.8112,92.2358,121.707,87.4415,246.9
121.756,-88.8468,92.2728,121.756,87.4766,247
121.805,-88.8824,92.3098,121.805,87.5116,247.1
121.854,-88.918,92.3468,121.854,87.5466,247.2
121.903,-88.9536,92.3837,121.903,87.5817,247.3
121.951,-88.9892,92.4207,121.951,87.6167,247.4
122,-89.0248,92.4577,122,87.6518,247.5
122.049,-89.0604,92.4946,122.049,87.6868,247.6
122.098,-89.096,92.5316,122.098,87.7218,247.7
122.147,-89.1316,92.5686,122.147,87.7569,247.8
122.196,-89.1671,92.6056,122.196,87.7919,247.9
122.245,-89.2027,92.6425,122.245,87.827,248
122.294,-89.2383,92.6795,122.294,87.862,248.1
122.343,-89.2739,92.7165,122.343,87.897,248.2
122.391,-89.3095,92.7535,122.391,87.9321,248.3
122.44,-89.3451,92.7904,122.44,87.9671,248.4
122.489,-89.3807,92.8274,122.489,88.0022,248.5
122.538,-89.4163,92.8644,122.538,88.0372,248.6
122.587,-89.4519,92.9014,122.587,88.0722,248.7
122.636,-89.4875,92.9383,122.636,88.1073,248.8
122.685,-89.5231,92.9753,122.685,88.1423,248.9
122.734,-89.5587,93.0123,122.734,88.1774,249
122.783,-89.5943,93.0493,122.783,88.2124,249.1
122.831,-89.6298,93.0862,122.831,88.2474,249.2
122.88,-89.6654,93.1232,122.88,88.2825,249.3
122.929,-89.701,93.1602,122.929,88.3175,249.4
122.978,-89.7366,93.1972,122.978,88.3525,249.5
123.027,-89.7722,93.2341,123.027,88.3876,249.6
123.076,-89.8078,93.2711,123.076,88.4226,249.7
123.125,-89.8434,93.3081,123.125,88.4577,249.8
123.174,-89.879,93.3451,123.174,88.4927,249.9
123.223,-89.9146,93.382,123.223,88.5277,250
123.271,-89.9502,93.419,123.271,88.5628,250.1
123.32,-89.9858,93.456,123.32,88.5978,250.2
123.369,-90.0214,93.4929,123.369,88.6329,250.3
123.418,-90.0569,93.5299,123.418,88.6679,250.4
123.467,-90.0925,93.5669,123.467,88.7029,250.5
123.516,-90.1281,93.6039,123.516,88.738,250.6
123.565,-90.1637,93.6408,123.565,88.773,250.7
123.614,-90.1993,93.6778,123.614,88.8081,250.8
123.663,-90.2349,93.7148,123.663,88.8431,250.9
123.711,-90.2705,93.7518,123.711,88.8781,251
123.76,-90.3061,93.7887,123.76,88.9132,251.1
123.809,-90.3417,93.8257,123.809,88.9482,251.2
123.858,-90.3773,93.8627,123.858,88.9833,251.3
123.907,-90.4129,93.8997,123.907,89.0183,251.4
123.956,-90.4485,93.9366,123.956,89.0533,251.5
124.005,-90.484,93.9736,124.005,89.0884,251.6
124.054,-90.5196,94.0106,124.054,89.1234,251.7
124.103,-90.5552,94.0476,124.103,89.1585,251.8
124.151,-90.5908,94.0845,124.151,89.1935,251.9
124.2,-90.6264,94.1215,124.2,89.2285,252
124.249,-90.662,94.1585,124.249,89.2636,252.1
124.298,-90.6976,94.1955,124.298,89.2986,252.2
124.347,-90.7332,94.2324,124.347,89.3336,252.3
124.396,-90.7688,94.2694,124.396,89.3687,252.4
124.445,-90.8044,94.3064,124.445,89.4037,252.5
124.494,-90.84,94.3433,124.494,89.4388,252.6
124.543,-90.8756,94.3803,124.543,89.4738,252.7
124.591,-90.9112,94.4173,124.591,89.5088,252.8
124.64,-90.9467,94.4543,124.64,89.5439,252.9
124.689,-90.9823,94.4912,124.689,89.5789,253
124.738,-91.0179,94.5282,124.738,89.614,253.1
124.787,-91.0535,94.5652,124.787,89.649,253.2
124.836,-91.0891,94.6022,124.836,89.684,253.3
124.885,-91.1247,94.6391,124.885,89.7191,253.4
124.934,-91.1603,94.6761,124.934,89.7541,253.5
124.983,-91.1959,94.7131,124.983,89.7892,253.6
125.031,-91.2315,94.7501,125.031,89.8242,253.7
125.08,-91.2671,94.787,125.08,89.8592,253.8
125.129,-91.3027,94.824,125.129,89.8943,253.9
125.178,-91.3383,94.861,125.178,89.9293,254
125.227,-91.3738,94.898,125.227,89.9644,254.1
125.276,-91.4094,94.9349,125.276,89.9994,254.2
125.325,-91.445,94.9719,125.325,90.0344,254.3
125.374,-91.4806,95.0089,125.374,90.0695,254.4
125.423,-91.5162,95.0459,125.423,90.1045,254.5
125.471,-91.5518,95.0828,125.471,90.1396,254.6
125.52,-91.5874,95.1198,125.52,90.1746,254.7
125.569,-91.623,95.1568,125.569,90.2096,254.8
125.618,-91.6586,95.1937,125.618,90.2447,254.9
125.667,-91.6942,95.2307,125.667,90.2797,255
125.716,-91.7298,95.2677,125.716,90.3147,255.1
125.765,-91.7654,95.3047,125.765,90.3498,255.2
125.814,-91.8009,95.3416,125.814,90.3848,255.3
125.863,-91.8365,95.3786,125.863,90.4199,255.4
125.911,-91.8721,95.4156,125.911,90.4549,255.5
125.96,-91.9077,95.4526,125.96,90.4899,255.6
126.009,-91.9433,95.4895,126.009,90.525,255.7
126.058,-91.9789,95.5265,126.058,90.56,255.8
126.107,-92.0145,95.5635,126.107,90.5951,255.9
126.156,-92.0501,95.6005,126.156,90.6301,256
126.205,-92.0857,95.6374,126.205,90.6651,256.1
126.254,-92.1213,95.6744,126.254,90.7002,256.2
126.303,-92.1569,95.7114,126.303,90.7352,256.3
126.351,-92.1925,95.7484,126.351,90.7703,256.4
126.4,-92.228,95.7853,126.4,90.8053,256.5
126.449,-92.2636,95.8223,126.449,90.8403,256.6
126.498,-92.2992,95.8593,126.498,90.8754,256.7
126.547,-92.3348,95.8963,126.547,90.9104,256.8
126.596,-92.3704,95.9332,126.596,90.9455,256.9
126.645,-92.406,95.9702,126.645,90.9805,257
126.694,-92.4416,96.0072,126.694,91.0155,257.1
126.743,-92.4772,96.0441,126.743,91.0506,257.2
126.791,-92.5128,96.0811,126.791,91.0856,257.3
126.84,-92.5484,96.1181,126.84,91.1207,257.4
126.889,-92.584,96.1551,126.889,91.1557,257.5
126.938,-92.6196,96.192,126.938,91.1907,257.6
126.987,-92.6552,96.229,126.987,91.2258,257.7
127.036,-92.6907,96.266,127.036,91.2608,257.8
127.085,-92.7263,96.303,127.085,91.2958,257.9
127.134,-92.7619,96.3399,127.134,91.3309,258
127.183,-92.7975,96.3769,127.183,91.3659,258.1
127.231,-92.8331,96.4139,127.231,91.401,258.2
127.28,-92.8687,96.4509,127.28,91.436,258.3
127.329,-92.9043,96.4878,127.329,91.471,258.4
127.378,-92.9399,96.5248,127.378,91.5061,258.5
127.427,-92.9755,96.5618,127.427,91.5411,258.6
127.476,-93.0111,96.5988,127.476,91.5762,258.7
127.525,-93.0467,96.6357,127.525,91.6112,258.8
127.574,-93.0823,96.6727,127.574,91.6462,258.9
127.623,-93.1178,96.7097,127.623,91.6813,259
127.671,-93.1534,96.7467,127.671,91.7163,259.1
127.72,-93.189,96.7836,127.72,91.7514,259.2
127.769,-93.2246,96.8206,127.769,91.7864,259.3
127.818,-93.2602,96.8576,127.818,91.8214,259.4
127.867,-93.2958,96.8945,127.867,91.8565,259.5
127.916,-93.3314,96.9315,127.916,91.8915,259.6
127.965,-93.367,96.9685,127.965,91.9266,259.7
128.014,-93.4026,97.0055,128.014,91.9616,259.8
128.063,-93.4382,97.0424,128.063,91.9966,259.9
128.111,-93.4738,97.0794,128.111,92.0317,260
128.16,-93.5094,97.1164,128.16,92.0667,260.1
128.209,-93.5449,97.1534,128.209,92.1018,260.2
128.258,-93.5805,97.1903,128.258,92.1368,260.3
128.307,-93.6161,97.2273,128.307,92.1718,260.4
128.356,-93.6517,97.2643,128.356,92.2069,260.5
128.405,-93.6873,97.3013,128.405,92.2419,260.6
128.454,-93.7229,97.3382,128.454,92.2769,260.7
128.503,-93.7585,97.3752,128.503,92.312,260.8
128.551,-93.7941,97.4122,128.551,92.347,260.9
128.6,-93.8297,97.4492,128.6,92.3821,261
128.649,-93.8653,97.4861,128.649,92.4171,261.1
128.698,-93.9009,97.5231,128.698,92.4521,261.2
128.747,-93.9365,97.5601,128.747,92.4872,261.3
128.796,-93.9721,97.5971,128.796,92.5222,261.4
128.845,-94.0076,97.634,128.845,92.5573,261.5
128.894,-94.0432,97.671,128.894,92.5923,261.6
128.943,-94.0788,97.708,128.943,92.6273,261.7
128.991,-94.1144,97.7449,128.991,92.6624,261.8
129.04,-94.15,97.7819,129.04,92.6974,261.9
129.089,-94.1856,97.8189,129.089,92.7325,262
129.138,-94.2212,97.8559,129.138,92.7675,262.1
129.187,-94.2568,97.8928,129.187,92.8025,262.2
129.236,-94.2924,97.9298,129.236,92.8376,262.3
129.285,-94.328,97.9668,129.285,92.8726,262.4
129.334,-94.3636,98.0038,129.334,92.9077,262.5
129.383,-94.3992,98.0407,129.383,92.9427,262.6
129.431,-94.4347,98.0777,129.431,92.9777,262.7
129.48,-94.4703,98.1147,129.48,93.0128,262.8
129.529,-94.5059,98.1517,129.529,93.0478,262.9
129.578,-94.5415,98.1886,129.578,93.0829,263
129.627,-94.5771,98.2256,129.627,93.1179,263.1
129.676,-94.6127,98.2626,129.676,93.1529,263.2
129.725,-94.6483,98.2996,129.725,93.188,263.3
129.774,-94.6839,98.3365,129.774,93.223,263.4
129.823,-94.7195,98.3735,129.823,93.258,263.5
129.871,-94.7551,98.4105,129.871,93.2931,263.6
129.92,-94.7907,98.4475,129.92,93.3281,263.7
129.969,-94.8263,98.4844,129.969,93.3632,263.8
130.018,-94.8618,98.5214,130.018,93.3982,263.9
130.067,-94.8974,98.5584,130.067,93.4332,264
130.116,-94.933,98.5954,130.116,93.4683,264.1
130.165,-94.9686,98.6323,130.165,93.5033,264.2
130.214,-95.0042,98.6693,130.214,93.5384,264.3
130.263,-95.0398,98.7063,130.263,93.5734,264.4
130.311,-95.0754,98.7432,130.311,93.6084,264.5
130.36,-95.111,98.7802,130.36,93.6435,264.6
130.409,-95.1466,98.8172,130.409,93.6785,264.7
130.458,-95.1822,98.8542,130.458,93.7136,264.8
130.507,-95.2178,98.8911,130.507,93.7486,264.9
130.556,-95.2534,98.9281,130.556,93.7836,265
130.605,-95.289,98.9651,130.605,93.8187,265.1
130.654,-95.3245,99.0021,130.654,93.8537,265.2
130.703,-95.3601,99.039,130.703,93.8888,265.3
130.751,-95.3957,99.076,130.751,93.9238,265.4
130.8,-95.4313,99.113,130.8,93.9588,265.5
130.849,-95.4669,99.15,130.849,93.9939,265.6
130.898,-95.5025,99.1869,130.898,94.0289,265.7
130.947,-95.5381,99.2239,130.947,94.0639,265.8
130.996,-95.5737,99.2609,130.996,94.099,265.9
131.045,-95.6093,99.2979,131.045,94.134,266
131.094,-95.6449,99.3348,131.094,94.1691,266.1
131.143,-95.6805,99.3718,131.143,94.2041,266.2
131.191,-95.7161,99.4088,131.191,94.2391,266.3
131.24,-95.7516,99.4458,131.24,94.2742,266.4
131.289,-95.7872,99.4827,131.289,94.3092,266.5
131.338,-95.8228,99.5197,131.338,94.3443,266.6
131.387,-95.8584,99.5567,131.387,94.3793,266.7
131.436,-95.894,99.5936,131.436,94.4143,266.8
131.485,-95.9296,99.6306,131.485,94.4494,266.9
131.534,-95.9652,99.6676,131.534,94.4844,267
131.583,-96.0008,99.7046,131.583,94.5195,267.1
131.631,-96.0364,99.7415,131.631,94.5545,267.2
131.68,-96.072,99.7785,131.68,94.5895,267.3
131.729,-96.1076,99.8155,131.729,94.6246,267.4
131.778,-96.1432,99.8525,131.778,94.6596,267.5
131.827,-96.1787,99.8894,131.827,94.6947,267.6
131.876,-96.2143,99.9264,131.876,94.7297,267.7
131.925,-96.2499,99.9634,131.925,94.7647,267.8
131.974,-96.2855,100,131.974,94.7998,267.9
132.023,-96.3211,100.037,132.023,94.8348,268
132.071,-96.3567,100.074,132.071,94.8699,268.1
132.12,-96.3923,100.111,132.12,94.9049,268.2
132.169,-96.4279,100.148,132.169,94.9399,268.3
132.218,-96.4635,100.185,132.218,94.975,268.4
132.267,-96.4991,100.222,132.267,95.01,268.5
132.316,-96.5347,100.259,132.316,95.045,268.6
132.365,-96.5703,100.296,132.365,95.0801,268.7
132.414,-96.6059,100.333,132.414,95.1151,268.8
132.463,-96.6414,100.37,132.463,95.1502,268.9
132.511,-96.677,100.407,132.511,95.1852,269
132.56,-96.7126,100.444,132.56,95.2202,269.1
132.609,-96.7482,100.481,132.609,95.2553,269.2
132.658,-96.7838,100.518,132.658,95.2903,269.3
132.707,-96.8194,100.555,132.707,95.3254,269.4
132.756,-96.855,100.592,132.756,95.3604,269.5
132.805,-96.8906,100.629,132.805,95.3954,269.6
132.854,-96.9262,100.666,132.854,95.4305,269.7
132.903,-96.9618,100.703,132.903,95.4655,269.8
132.951,-96.9974,100.74,132.951,95.5006,269.9
133,-97.033,100.777,133,95.5356,270
133.049,-97.0685,100.814,133.049,95.5706,270.1
133.098,-97.1041,100.851,133.098,95.6057,270.2
133.147,-97.1397,100.888,133.147,95.6407,270.3
133.196,-97.1753,100.925,133.196,95.6758,270.4
133.245,-97.2109,100.962,133.245,95.7108,270.5
133.294,-97.2465,100.999,133.294,95.7458,270.6
133.343,-97.2821,101.036,133.343,95.7809,270.7
133.391,-97.3177,101.073,133.391,95.8159,270.8
133.44,-97.3533,101.11,133.44,95.851,270.9
133.489,-97.3889,101.147,133.489,95.886,271
133.538,-97.4245,101.184,133.538,95.921,271.1
133.587,-97.4601,101.221,133.587,95.9561,271.2
133.636,-97.4956,101.257,133.636,95.9911,271.3
133.685,-97.5312,101.294,133.685,96.0261,271.4
133.734,-97.5668,101.331,133.734,96.0612,271.5
133.783,-97.6024,101.368,133.783,96.0962,271.6
133.831,-97.638,101.405,133.831,96.1313,271.7
133.88,-97.6736,101.442,133.88,96.1663,271.8
133.929,-97.7092,101.479,133.929,96.2013,271.9
133.978,-97.7448,101.516,133.978,96.2364,272
134.027,-97.7804,101.553,134.027,96.2714,272.1
134.076,-97.816,101.59,134.076,96.3065,272.2
134.125,-97.8516,101.627,134.125,96.3415,272.3
134.174,-97.8872,101.664,134.174,96.3765,272.4
134.223,-97.9228,101.701,134.223,96.4116,272.5
134.271,-97.9583,101.738,134.271,96.4466,272.6
134.32,-97.9939,101.775,134.32,96.4817,272.7
134.369,-98.0295,101.812,134.369,96.5167,272.8
134.418,-98.0651,101.849,134.418,96.5517,272.9
134.467,-98.1007,101.886,134.467,96.5868,273
134.516,-98.1363,101.923,134.516,96.6218,273.1
134.565,-98.1719,101.96,134.565,96.6569,273.2
134.614,-98.2075,101.997,134.614,96.6919,273.3
134.663,-98.2431,102.034,134.663,96.7269,273.4
134.711,-98.2787,102.071,134.711,96.762,273.5
134.76,-98.3143,102.108,134.76,96.797,273.6
134.809,-98.3499,102.145,134.809,96.8321,273.7
134.858,-98.3854,102.182,134.858,96.8671,273.8
134.907,-98.421,102.219,134.907,96.9021,273.9
134.956,-98.4566,102.256,134.956,96.9372,274
135.005,-98.4922,102.293,135.005,96.9722,274.1
135.054,-98.5278,102.33,135.054,97.0072,274.2
135.103,-98.5634,102.367,135.103,97.0423,274.3
135.151,-98.599,102.404,135.151,97.0773,274.4
135.2,-98.6346,102.441,135.2,97.1124,274.5
135.249,-98.6702,102.478,135.249,97.1474,274.6
135.298,-98.7058,102.515,135.298,97.1824,274.7
135.347,-98.7414,102.552,135.347,97.2175,274.8
135.396,-98.777,102.589,135.396,97.2525,274.9
135.445,-98.8125,102.626,135.445,97.2876,275
135.494,-98.8481,102.662,135.494,97.3226,275.1
135.543,-98.8837,102.699,135.543,97.3576,275.2
135.591,-98.9193,102.736,135.591,97.3927,275.3
135.64,-98.9549,102.773,135.64,97.4277,275.4
135.689,-98.9905,102.81,135.689,97.4628,275.5
135.738,-99.0261,102.847,135.738,97.4978,275.6
135.787,-99.0617,102.884,135.787,97.5328,275.7
135.836,-99.0973,102.921,135.836,97.5679,275.8
135.885,-99.1329,102.958,135.885,97.6029,275.9
135.934,-99.1685,102.995,135.934,97.638,276
135.983,-99.2041,103.032,135.983,97.673,276.1
136.031,-99.2397,103.069,136.031,97.708,276.2
136.08,-99.2752,103.106,136.08,97.7431,276.3
136.129,-99.3108,103.143,136.129,97.7781,276.4
136.178,-99.3464,103.18,136.178,97.8132,276.5
136.227,-99.382,103.217,136.227,97.8482,276.6
136.276,-99.4176,103.254,136.276,97.8832,276.7
136.325,-99.4532,103.291,136.325,97.9183,276.8
136.374,-99.4888,103.328,136.374,97.9533,276.9
136.423,-99.5244,103.365,136.423,97.9883,277
136.471,-99.56,103.402,136.471,98.0234,277.1
136.52,-99.5956,103.439,136.52,98.0584,277.2
136.569,-99.6312,103.476,136.569,98.0935,277.3
136.618,-99.6668,103.513,136.618,98.1285,277.4
136.667,-99.7023,103.55,136.667,98.1635,277.5
136.716,-99.7379,103.587,136.716,98.1986,277.6
136.765,-99.7735,103.624,136.765,98.2336,277.7
136.814,-99.8091,103.661,136.814,98.2687,277.8
136.863,-99.8447,103.698,136.863,98.3037,277.9
136.911,-99.8803,103.735,136.911,98.3387,278
136.96,-99.9159,103.772,136.96,98.3738,278.1
137.009,-99.9515,103.809,137.009,98.4088,278.2
137.058,-99.9871,103.846,137.058,98.4439,278.3
137.107,-100.023,103.883,137.107,98.4789,278.4
137.156,-100.058,103.92,137.156,98.5139,278.5
137.205,-100.094,103.957,137.205,98.549,278.6
137.254,-100.129,103.994,137.254,98.584,278.7
137.303,-100.165,104.031,137.303,98.6191,278.8
137.351,-100.201,104.067,137.351,98.6541,278.9
137.4,-100.236,104.104,137.4,98.6891,279
137.449,-100.272,104.141,137.449,98.7242,279.1
137.498,-100.307,104.178,137.498,98.7592,279.2
137.547,-100.343,104.215,137.547,98.7943,279.3
137.596,-100.379,104.252,137.596,98.8293,279.4
137.645,-100.414,104.289,137.645,98.8643,279.5
137.694,-100.45,104.326,137.694,98.8994,279.6
137.743,-100.485,104.363,137.743,98.9344,279.7
137.791,-100.521,104.4,137.791,98.9694,279.8
137.84,-100.557,104.437,137.84,99.0045,279.9
137.889,-100.592,104.474,137.889,99.0395,280
137.938,-100.628,104.511,137.938,99.0746,280.1
137.987,-100.663,104.548,137.987,99.1096,280.2
138.036,-100.699,104.585,138.036,99.1446,280.3
138.085,-100.735,104.622,138.085,99.1797,280.4
138.134,-100.77,104.659,138.134,99.2147,280.5
138.183,-100.806,104.696,138.183,99.2498,280.6
138.231,-100.841,104.733,138.231,99.2848,280.7
138.28,-100.877,104.77,138.28,99.3198,280.8
138.329,-100.912,104.807,138.329,99.3549,280.9
138.378,-100.948,104.844,138.378,99.3899,281
138.427,-100.984,104.881,138.427,99.425,281.1
138.476,-101.019,104.918,138.476,99.46,281.2
138.525,-101.055,104.955,138.525,99.495,281.3
138.574,-101.09,104.992,138.574,99.5301,281.4
138.623,-101.126,105.029,138.623,99.5651,281.5
138.671,-101.162,105.066,138.671,99.6002,281.6
138.72,-101.197,105.103,138.72,99.6352,281.7
138.769,-101.233,105.14,138.769,99.6702,281.8
138.818,-101.268,105.177,138.818,99.7053,281.9
138.867,-101.304,105.214,138.867,99.7403,282
138.916,-101.34,105.251,138.916,99.7754,282.1
138.965,-101.375,105.288,138.965,99.8104,282.2
139.014,-101.411,105.325,139.014,99.8454,282.3
139.063,-101.446,105.362,139.063,99.8805,282.4
139.111,-101.482,105.399,139.111,99.9155,282.5
139.16,-101.518,105.436,139.16,99.9505,282.6
139.209,-101.553,105.473,139.209,99.9856,282.7
139.258,-101.589,105.509,139.258,100.021,282.8
139.307,-101.624,105.546,139.307,100.056,282.9
139.356,-101.66,105.583,139.356,100.091,283
139.405,-101.695,105.62,139.405,100.126,283.1
139.454,-101.731,105.657,139.454,100.161,283.2
139.503,-101.767,105.694,139.503,100.196,283.3
139.551,-101.802,105.731,139.551,100.231,283.4
139.6,-101.838,105.768,139.6,100.266,283.5
139.649,-101.873,105.805,139.649,100.301,283.6
139.698,-101.909,105.842,139.698,100.336,283.7
139.747,-101.945,105.879,139.747,100.371,283.8
139.796,-101.98,105.916,139.796,100.406,283.9
139.845,-102.016,105.953,139.845,100.441,284
139.894,-102.051,105.99,139.894,100.476,284.1
139.943,-102.087,106.027,139.943,100.511,284.2
139.991,-102.123,106.064,139.991,100.546,284.3
140.04,-102.158,106.101,140.04,100.581,284.4
140.089,-102.194,106.138,140.089,100.616,284.5
140.138,-102.229,106.175,140.138,100.651,284.6
140.187,-102.265,106.212,140.187,100.686,284.7
140.236,-102.301,106.249,140.236,100.721,284.8
140.285,-102.336,106.286,140.285,100.756,284.9
140.334,-102.372,106.323,140.334,100.791,285
140.383,-102.407,106.36,140.383,100.827,285.1
140.431,-102.443,106.397,140.431,100.862,285.2
140.48,-102.479,106.434,140.48,100.897,285.3
140.529,-102.514,106.471,140.529,100.932,285.4
140.578,-102.55,106.508,140.578,100.967,285.5
140.627,-102.585,106.545,140.627,101.002,285.6
140.676,-102.621,106.582,140.676,101.037,285.7
140.725,-102.656,106.619,140.725,101.072,285.8
140.774,-102.692,106.656,140.774,101.107,285.9
140.823,-102.728,106.693,140.823,101.142,286
140.871,-102.763,106.73,140.871,101.177,286.1
140.92,-102.799,106.767,140.92,101.212,286.2
140.969,-102.834,106.804,140.969,101.247,286.3
141.018,-102.87,106.841,141.018,101.282,286.4
141.067,-102.906,106.878,141.067,101.317,286.5
141.116,-102.941,106.914,141.116,101.352,286.6
141.165,-102.977,106.951,141.165,101.387,286.7
141.214,-103.012,106.988,141.214,101.422,286.8
141.263,-103.048,107.025,141.263,101.457,286.9
141.311,-103.084,107.062,141.311,101.492,287
141.36,-103.119,107.099,141.36,101.527,287.1
141.409,-103.155,107.136,141.409,101.562,287.2
141.458,-103.19,107.173,141.458,101.597,287.3
141.507,-103.226,107.21,141.507,101.632,287.4
141.556,-103.262,107.247,141.556,101.667,287.5
141.605,-103.297,107.284,141.605,101.703,287.6
141.654,-103.333,107.321,141.654,101.738,287.7
141.703,-103.368,107.358,141.703,101.773,287.8
141.751,-103.404,107.395,141.751,101.808,287.9
141.8,-103.439,107.432,141.8,101.843,288
141.849,-103.475,107.469,141.849,101.878,288.1
141.898,-103.511,107.506,141.898,101.913,288.2
141.947,-103.546,107.543,141.947,101.948,288.3
141.996,-103.582,107.58,141.996,101.983,288.4
142.045,-103.617,107.617,142.045,102.018,288.5
142.094,-103.653,107.654,142.094,102.053,288.6
142.143,-103.689,107.691,142.143,102.088,288.7
142.191,-103.724,107.728,142.191,102.123,288.8
142.24,-103.76,107.765,142.24,102.158,288.9
142.289,-103.795,107.802,142.289,102.193,289
142.338,-103.831,107.839,142.338,102.228,289.1
142.387,-103.867,107.876,142.387,102.263,289.2
142.436,-103.902,107.913,142.436,102.298,289.3
142.485,-103.938,107.95,142.485,102.333,289.4
142.534,-103.973,107.987,142.534,102.368,289.5
142.583,-104.009,108.024,142.583,102.403,289.6
142.631,-104.045,108.061,142.631,102.438,289.7
142.68,-104.08,108.098,142.68,102.473,289.8
142.729,-104.116,108.135,142.729,102.508,289.9
142.778,-104.151,108.172,142.778,102.543,290
142.827,-104.187,108.209,142.827,102.578,290.1
142.876,-104.223,108.246,142.876,102.614,290.2
142.925,-104.258,108.283,142.925,102.649,290.3
142.974,-104.294,108.319,142.974,102.684,290.4
143.023,-104.329,108.356,143.023,102.719,290.5
143.071,-104.365,108.393,143.071,102.754,290.6
143.12,-104.4,108.43,143.12,102.789,290.7
143.169,-104.436,108.467,143.169,102.824,290.8
143.218,-104.472,108.504,143.218,102.859,290.9
143.267,-104.507,108.541,143.267,102.894,291
143.316,-104.543,108.578,143.316,102.929,291.1
143.365,-104.578,108.615,143.365,102.964,291.2
143.414,-104.614,108.652,143.414,102.999,291.3
143.463,-104.65,108.689,143.463,103.034,291.4
143.511,-104.685,108.726,143.511,103.069,291.5
143.56,-104.721,108.763,143.56,103.104,291.6
143.609,-104.756,108.8,143.609,103.139,291.7
143.658,-104.792,108.837,143.658,103.174,291.8
143.707,-104.828,108.874,143.707,103.209,291.9
143.756,-104.863,108.911,143.756,103.244,292
143.805,-104.899,108.948,143.805,103.279,292.1
143.854,-104.934,108.985,143.854,103.314,292.2
143.903,-104.97,109.022,143.903,103.349,292.3
143.951,-105.006,109.059,143.951,103.384,292.4
144,-105.041,109.096,144,103.419,292.5
144.049,-105.077,109.133,144.049,103.454,292.6
144.098,-105.112,109.17,144.098,103.49,292.7
144.147,-105.148,109.207,144.147,103.525,292.8
144.196,-105.183,109.244,144.196,103.56,292.9
144.245,-105.219,109.281,144.245,103.595,293
144.294,-105.255,109.318,144.294,103.63,293.1
144.343,-105.29,109.355,144.343,103.665,293.2
144.391,-105.326,109.392,144.391,103.7,293.3
144.44,-105.361,109.429,144.44,103.735,293.4
144.489,-105.397,109.466,144.489,103.77,293.5
144.538,-105.433,109.503,144.538,103.805,293.6
144.587,-105.468,109.54,144.587,103.84,293.7
144.636,-105.504,109.577,144.636,103.875,293.8
144.685,-105.539,109.614,144.685,103.91,293.9
144.734,-105.575,109.651,144.734,103.945,294
144.783,-105.611,109.688,144.783,103.98,294.1
144.831,-105.646,109.725,144.831,104.015,294.2
144.88,-105.682,109.761,144.88,104.05,294.3
144.929,-105.717,109.798,144.929,104.085,294.4
144.978,-105.753,109.835,144.978,104.12,294.5
145.027,-105.789,109.872,145.027,104.155,294.6
145.076,-105.824,109.909,145.076,104.19,294.7
145.125,-105.86,109.946,145.125,104.225,294.8
145.174,-105.895,109.983,145.174,104.26,294.9
145.223,-105.931,110.02,145.223,104.295,295
145.271,-105.967,110.057,145.271,104.33,295.1
145.32,-106.002,110.094,145.32,104.365,295.2
145.369,-106.038,110.131,145.369,104.401,295.3
145.418,-106.073,110.168,145.418,104.436,295.4
145.467,-106.109,110.205,145.467,104.471,295.5
145.516,-106.144,110.242,145.516,104.506,295.6
145.565,-106.18,110.279,145.565,104.541,295.7
145.614,-106.216,110.316,145.614,104.576,295.8
145.663,-106.251,110.353,145.663,104.611,295.9
145.711,-106.287,110.39,145.711,104.646,296
145.76,-106.322,110.427,145.76,104.681,296.1
145.809,-106.358,110.464,145.809,104.716,296.2
145.858,-106.394,110.501,145.858,104.751,296.3
145.907,-106.429,110.538,145.907,104.786,296.4
145.956,-106.465,110.575,145.956,104.821,296.5
146.005,-106.5,110.612,146.005,104.856,296.6
146.054,-106.536,110.649,146.054,104.891,296.7
146.103,-106.572,110.686,146.103,104.926,296.8
146.151,-106.607,110.723,146.151,104.961,296.9
146.2,-106.643,110.76,146.2,104.996,297
146.249,-106.678,110.797,146.249,105.031,297.1
146.298,-106.714,110.834,146.298,105.066,297.2
146.347,-106.75,110.871,146.347,105.101,297.3
146.396,-106.785,110.908,146.396,105.136,297.4
146.445,-106.821,110.945,146.445,105.171,297.5
146.494,-106.856,110.982,146.494,105.206,297.6
146.543,-106.892,111.019,146.543,105.241,297.7
146.591,-106.927,111.056,146.591,105.277,297.8
146.64,-106.963,111.093,146.64,105.312,297.9
146.689,-106.999,111.13,146.689,105.347,298
146.738,-107.034,111.166,146.738,105.382,298.1
146.787,-107.07,111.203,146.787,105.417,298.2
146.836,-107.105,111.24,146.836,105.452,298.3
146.885,-107.141,111.277,146.885,105.487,298.4
146.934,-107.177,111.314,146.934,105.522,298.5
146.983,-107.212,111.351,146.983,105.557,298.6
147.031,-107.248,111.388,147.031,105.592,298.7
147.08,-107.283,111.425,147.08,105.627,298.8
147.129,-107.319,111.462,147.129,105.662,298.9
147.178,-107.355,111.499,147.178,105.697,299
147.227,-107.39,111.536,147.227,105.732,299.1
147.276,-107.426,111.573,147.276,105.767,299.2
147.325,-107.461,111.61,147.325,105.802,299.3
147.374,-107.497,111.647,147.374,105.837,299.4
147.423,-107.533,111.684,147.423,105.872,299.5
147.471,-107.568,111.721,147.471,105.907,299.6
147.52,-107.604,111.758,147.52,105.942,299.7
147.569,-107.639,111.795,147.569,105.977,299.8
147.618,-107.675,111.832,147.618,106.012,299.9
147.667,-107.711,111.869,147.667,106.047,300
147.716,-107.746,111.906,147.716,106.082,300.1
147.765,-107.782,111.943,147.765,106.117,300.2
147.814,-107.817,111.98,147.814,106.152,300.3
147.863,-107.853,112.017,147.863,106.188,300.4
147.911,-107.888,112.054,147.911,106.223,300.5
147.96,-107.924,112.091,147.96,106.258,300.6
148.009,-107.96,112.128,148.009,106.293,300.7
148.058,-107.995,112.165,148.058,106.328,300.8
148.107,-108.031,112.202,148.107,106.363,300.9
148.156,-108.066,112.239,148.156,106.398,301
148.205,-108.102,112.276,148.205,106.433,301.1
148.254,-108.138,112.313,148.254,106.468,301.2
148.303,-108.173,112.35,148.303,106.503,301.3
148.351,-108.209,112.387,148.351,106.538,301.4
148.4,-108.244,112.424,148.4,106.573,301.5
148.449,-108.28,112.461,148.449,106.608,301.6
148.498,-108.316,112.498,148.498,106.643,301.7
148.547,-108.351,112.535,148.547,106.678,301.8
148.596,-108.387,112.572,148.596,106.713,301.9
148.645,-108.422,112.608,148.645,106.748,302
148.694,-108.458,112.645,148.694,106.783,302.1
148.743,-108.494,112.682,148.743,106.818,302.2
148.791,-108.529,112.719,148.791,106.853,302.3
148.84,-108.565,112.756,148.84,106.888,302.4
148.889,-108.6,112.793,148.889,106.923,302.5
148.938,-108.636,112.83,148.938,106.958,302.6
148.987,-108.671,112.867,148.987,106.993,302.7
149.036,-108.707,112.904,149.036,107.028,302.8
149.085,-108.743,112.941,149.085,107.064,302.9
149.134,-108.778,112.978,149.134,107.099,303
149.183,-108.814,113.015,149.183,107.134,303.1
149.231,-108.849,113.052,149.231,107.169,303.2
149.28,-108.885,113.089,149.28,107.204,303.3
149.329,-108.921,113.126,149.329,107.239,303.4
149.378,-108.956,113.163,149.378,107.274,303.5
149.427,-108.992,113.2,149.427,107.309,303.6
149.476,-109.027,113.237,149.476,107.344,303.7
149.525,-109.063,113.274,149.525,107.379,303.8
149.574,-109.099,113.311,149.574,107.414,303.9
149.623,-109.134,113.348,149.623,107.449,304
149.671,-109.17,113.385,149.671,107.484,304.1
149.72,-109.205,113.422,149.72,107.519,304.2
149.769,-109.241,113.459,149.769,107.554,304.3
149.818,-109.277,113.496,149.818,107.589,304.4
149.867,-109.312,113.533,149.867,107.624,304.5
149.916,-109.348,113.57,149.916,107.659,304.6
149.965,-109.383,113.607,149.965,107.694,304.7
150.014,-109.419,113.644,150.014,107.729,304.8
150.063,-109.455,113.681,150.063,107.764,304.9
150.111,-109.49,113.718,150.111,107.799,305
150.16,-109.526,113.755,150.16,107.834,305.1
150.209,-109.561,113.792,150.209,107.869,305.2
150.258,-109.597,113.829,150.258,107.904,305.3
150.307,-109.632,113.866,150.307,107.939,305.4
150.356,-109.668,113.903,150.356,107.975,305.5
150.405,-109.704,113.94,150.405,108.01,305.6
150.454,-109.739,113.977,150.454,108.045,305.7
150.503,-109.775,114.013,150.503,108.08,305.8
150.551,-109.81,114.05,150.551,108.115,305.9
150.6,-109.846,114.087,150.6,108.15,306
150.649,-109.882,114.124,150.649,108.185,306.1
150.698,-109.917,114.161,150.698,108.22,306.2
150.747,-109.953,114.198,150.747,108.255,306.3
150.796,-109.988,114.235,150.796,108.29,306.4
150.845,-110.024,114.272,150.845,108.325,306.5
150.894,-110.06,114.309,150.894,108.36,306.6
150.943,-110.095,114.346,150.943,108.395,306.7
150.991,-110.131,114.383,150.991,108.43,306.8
151.04,-110.166,114.42,151.04,108.465,306.9
151.089,-110.202,114.457,151.089,108.5,307
151.138,-110.238,114.494,151.138,108.535,307.1
151.187,-110.273,114.531,151.187,108.57,307.2
151.236,-110.309,114.568,151.236,108.605,307.3
151.285,-110.344,114.605,151.285,108.64,307.4
151.334,-110.38,114.642,151.334,108.675,307.5
151.383,-110.416,114.679,151.383,108.71,307.6
151.431,-110.451,114.716,151.431,108.745,307.7
151.48,-110.487,114.753,151.48,108.78,307.8
151.529,-110.522,114.79,151.529,108.815,307.9
151.578,-110.558,114.827,151.578,108.851,308
151.627,-110.593,114.864,151.627,108.886,308.1
151.676,-110.629,114.901,151.676,108.921,308.2
151.725,-110.665,114.938,151.725,108.956,308.3
151.774,-110.7,114.975,151.774,108.991,308.4
151.823,-110.736,115.012,151.823,109.026,308.5
151.871,-110.771,115.049,151.871,109.061,308.6
151.92,-110.807,115.086,151.92,109.096,308.7
151.969,-110.843,115.123,151.969,109.131,308.8
152.018,-110.878,115.16,152.018,109.166,308.9
152.067,-110.914,115.197,152.067,109.201,309
152.116,-110.949,115.234,152.116,109.236,309.1
152.165,-110.985,115.271,152.165,109.271,309.2
152.214,-111.021,115.308,152.214,109.306,309.3
152.263,-111.056,115.345,152.263,109.341,309.4
152.311,-111.092,115.382,152.311,109.376,309.5
152.36,-111.127,115.418,152.36,109.411,309.6
152.409,-111.163,115.455,152.409,109.446,309.7
152.458,-111.199,115.492,152.458,109.481,309.8
152.507,-111.234,115.529,152.507,109.516,309.9
152.556,-111.27,115.566,152.556,109.551,310
152.605,-111.305,115.603,152.605,109.586,310.1
152.654,-111.341,115.64,152.654,109.621,310.2
152.703,-111.376,115.677,152.703,109.656,310.3
152.751,-111.412,115.714,152.751,109.691,310.4
152.8,-111.448,115.751,152.8,109.727,310.5
152.849,-111.483,115.788,152.849,109.762,310.6
152.898,-111.519,115.825,152.898,109.797,310.7
152.947,-111.554,115.862,152.947,109.832,310.8
152.996,-111.59,115.899,152.996,109.867,310.9
153.045,-111.626,115.936,153.045,109.902,311
153.094,-111.661,115.973,153.094,109.937,311.1
153.143,-111.697,116.01,153.143,109.972,311.2
153.191,-111.732,116.047,153.191,110.007,311.3
153.24,-111.768,116.084,153.24,110.042,311.4
153.289,-111.804,116.121,153.289,110.077,311.5
153.338,-111.839,116.158,153.338,110.112,311.6
153.387,-111.875,116.195,153.387,110.147,311.7
153.436,-111.91,116.232,153.436,110.182,311.8
153.485,-111.946,116.269,153.485,110.217,311.9
153.534,-111.982,116.306,153.534,110.252,312
153.583,-112.017,116.343,153.583,110.287,312.1
153.631,-112.053,116.38,153.631,110.322,312.2
153.68,-112.088,116.417,153.68,110.357,312.3
153.729,-112.124,116.454,153.729,110.392,312.4
153.778,-112.16,116.491,153.778,110.427,312.5
153.827,-112.195,116.528,153.827,110.462,312.6
153.876,-112.231,116.565,153.876,110.497,312.7
153.925,-112.266,116.602,153.925,110.532,312.8
153.974,-112.302,116.639,153.974,110.567,312.9
154.023,-112.337,116.676,154.023,110.602,313
154.071,-112.373,116.713,154.071,110.638,313.1
154.12,-112.409,116.75,154.12,110.673,313.2
154.169,-112.444,116.787,154.169,110.708,313.3
154.218,-112.48,116.824,154.218,110.743,313.4
154.267,-112.515,116.86,154.267,110.778,313.5
154.316,-112.551,116.897,154.316,110.813,313.6
154.365,-112.587,116.934,154.365,110.848,313.7
154.414,-112.622,116.971,154.414,110.883,313.8
154.463,-112.658,117.008,154.463,110.918,313.9
154.511,-112.693,117.045,154.511,110.953,314
154.56,-112.729,117.082,154.56,110.988,314.1
154.609,-112.765,117.119,154.609,111.023,314.2
154.658,-112.8,117.156,154.658,111.058,314.3
154.707,-112.836,117.193,154.707,111.093,314.4
154.756,-112.871,117.23,154.756,111.128,314.5
154.805,-112.907,117.267,154.805,111.163,314.6
154.854,-112.943,117.304,154.854,111.198,314.7
154.903,-112.978,117.341,154.903,111.233,314.8
154.951,-113.014,117.378,154.951,111.268,314.9
155,-113.049,117.415,155,111.303,315
155.049,-113.085,117.452,155.049,111.338,315.1
155.098,-113.12,117.489,155.098,111.373,315.2
155.147,-113.156,117.526,155.147,111.408,315.3
155.196,-113.192,117.563,155.196,111.443,315.4
155.245,-113.227,117.6,155.245,111.478,315.5
155.294,-113.263,117.637,155.294,111.514,315.6
155.343,-113.298,117.674,155.343,111.549,315.7
155.391,-113.334,117.711,155.391,111.584,315.8
155.44,-113.37,117.748,155.44,111.619,315.9
155.489,-113.405,117.785,155.489,111.654,316
155.538,-113.441,117.822,155.538,111.689,316.1
155.587,-113.476,117.859,155.587,111.724,316.2
155.636,-113.512,117.896,155.636,111.759,316.3
155.685,-113.548,117.933,155.685,111.794,316.4
155.734,-113.583,117.97,155.734,111.829,316.5
155.783,-113.619,118.007,155.783,111.864,316.6
155.831,-113.654,118.044,155.831,111.899,316.7
155.88,-113.69,118.081,155.88,111.934,316.8
155.929,-113.726,118.118,155.929,111.969,316.9
155.978,-113.761,118.155,155.978,112.004,317
156.027,-113.797,118.192,156.027,112.039,317.1
156.076,-113.832,118.229,156.076,112.074,317.2
156.125,-113.868,118.265,156.125,112.109,317.3
156.174,-113.904,118.302,156.174,112.144,317.4
156.223,-113.939,118.339,156.223,112.179,317.5
156.271,-113.975,118.376,156.271,112.214,317.6
156.32,-114.01,118.413,156.32,112.249,317.7
156.369,-114.046,118.45,156.369,112.284,317.8
156.418,-114.081,118.487,156.418,112.319,317.9
156.467,-114.117,118.524,156.467,112.354,318
156.516,-114.153,118.561,156.516,112.389,318.1
156.565,-114.188,118.598,156.565,112.425,318.2
156.614,-114.224,118.635,156.614,112.46,318.3
156.663,-114.259,118.672,156.663,112.495,318.4
156.711,-114.295,118.709,156.711,112.53,318.5
156.76,-114.331,118.746,156.76,112.565,318.6
156.809,-114.366,118.783,156.809,112.6,318.7
156.858,-114.402,118.82,156.858,112.635,318.8
156.907,-114.437,118.857,156.907,112.67,318.9
156.956,-114.473,118.894,156.956,112.705,319
157.005,-114.509,118.931,157.005,112.74,319.1
157.054,-114.544,118.968,157.054,112.775,319.2
157.103,-114.58,119.005,157.103,112.81,319.3
157.151,-114.615,119.042,157.151,112.845,319.4
157.2,-114.651,119.079,157.2,112.88,319.5
157.249,-114.687,119.116,157.249,112.915,319.6
157.298,-114.722,119.153,157.298,112.95,319.7
157.347,-114.758,119.19,157.347,112.985,319.8
157.396,-114.793,119.227,157.396,113.02,319.9
157.445,-114.829,119.264,157.445,113.055,320
157.494,-114.864,119.301,157.494,113.09,320.1
157.543,-114.9,119.338,157.543,113.125,320.2
157.591,-114.936,119.375,157.591,113.16,320.3
157.64,-114.971,119.412,157.64,113.195,320.4
157.689,-115.007,119.449,157.689,113.23,320.5
157.738,-115.042,119.486,157.738,113.265,320.6
157.787,-115.078,119.523,157.787,113.301,320.7
157.836,-115.114,119.56,157.836,113.336,320.8
157.885,-115.149,119.597,157.885,113.371,320.9
157.934,-115.185,119.634,157.934,113.406,321
157.983,-115.22,119.67,157.983,113.441,321.1
158.031,-115.256,119.707,158.031,113.476,321.2
158.08,-115.292,119.744,158.08,113.511,321.3
158.129,-115.327,119.781,158.129,113.546,321.4
158.178,-115.363,119.818,158.178,113.581,321.5
158.227,-115.398,119.855,158.227,113.616,321.6
158.276,-115.434,119.892,158.276,113.651,321.7
158.325,-115.47,119.929,158.325,113.686,321.8
158.374,-115.505,119.966,158.374,113.721,321.9
158.423,-115.541,120.003,158.423,113.756,322
158.471,-115.576,120.04,158.471,113.791,322.1
158.52,-115.612,120.077,158.52,113.826,322.2
158.569,-115.648,120.114,158.569,113.861,322.3
158.618,-115.683,120.151,158.618,113.896,322.4
158.667,-115.719,120.188,158.667,113.931,322.5
158.716,-115.754,120.225,158.716,113.966,322.6
158.765,-115.79,120.262,158.765,114.001,322.7
158.814,-115.825,120.299,158.814,114.036,322.8
158.863,-115.861,120.336,158.863,114.071,322.9
158.911,-115.897,120.373,158.911,114.106,323
158.96,-115.932,120.41,158.96,114.141,323.1
159.009,-115.968,120.447,159.009,114.176,323.2
159.058,-116.003,120.484,159.058,114.212,323.3
159.107,-116.039,120.521,159.107,114.247,323.4
159.156,-116.075,120.558,159.156,114.282,323.5
159.205,-116.11,120.595,159.205,114.317,323.6
159.254,-116.146,120.632,159.254,114.352,323.7
159.303,-116.181,120.669,159.303,114.387,323.8
159.351,-116.217,120.706,159.351,114.422,323.9
159.4,-116.253,120.743,159.4,114.457,324
159.449,-116.288,120.78,159.449,114.492,324.1
159.498,-116.324,120.817,159.498,114.527,324.2
159.547,-116.359,120.854,159.547,114.562,324.3
159.596,-116.395,120.891,159.596,114.597,324.4
159.645,-116.431,120.928,159.645,114.632,324.5
159.694,-116.466,120.965,159.694,114.667,324.6
159.743,-116.502,121.002,159.743,114.702,324.7
159.791,-116.537,121.039,159.791,114.737,324.8
159.84,-116.573,121.076,159.84,114.772,324.9
159.889,-116.608,121.112,159.889,114.807,325
159.938,-116.644,121.149,159.938,114.842,325.1
159.987,-116.68,121.186,159.987,114.877,325.2
160.036,-116.715,121.223,160.036,114.912,325.3
160.085,-116.751,121.26,160.085,114.947,325.4
160.134,-116.786,121.297,160.134,114.982,325.5
160.183,-116.822,121.334,160.183,115.017,325.6
160.231,-116.858,121.371,160.231,115.052,325.7
160.28,-116.893,121.408,160.28,115.088,325.8
160.329,-116.929,121.445,160.329,115.123,325.9
160.378,-116.964,121.482,160.378,115.158,326
160.427,-117,121.519,160.427,115.193,326.1
160.476,-117.036,121.556,160.476,115.228,326.2
160.525,-117.071,121.593,160.525,115.263,326.3
160.574,-117.107,121.63,160.574,115.298,326.4
160.623,-117.142,121.667,160.623,115.333,326.5
160.671,-117.178,121.704,160.671,115.368,326.6
160.72,-117.214,121.741,160.72,115.403,326.7
160.769,-117.249,121.778,160.769,115.438,326.8
160.818,-117.285,121.815,160.818,115.473,326.9
160.867,-117.32,121.852,160.867,115.508,327
160.916,-117.356,121.889,160.916,115.543,327.1
160.965,-117.392,121.926,160.965,115.578,327.2
161.014,-117.427,121.963,161.014,115.613,327.3
161.063,-117.463,122,161.063,115.648,327.4
161.111,-117.498,122.037,161.111,115.683,327.5
161.16,-117.534,122.074,161.16,115.718,327.6
161.209,-117.569,122.111,161.209,115.753,327.7
161.258,-117.605,122.148,161.258,115.788,327.8
161.307,-117.641,122.185,161.307,115.823,327.9
161.356,-117.676,122.222,161.356,115.858,328
161.405,-117.712,122.259,161.405,115.893,328.1
161.454,-117.747,122.296,161.454,115.928,328.2
161.503,-117.783,122.333,161.503,115.963,328.3
161.551,-117.819,122.37,161.551,115.999,328.4
161.6,-117.854,122.407,161.6,116.034,328.5
161.649,-117.89,122.444,161.649,116.069,328.6
161.698,-117.925,122.481,161.698,116.104,328.7
161.747,-117.961,122.517,161.747,116.139,328.8
161.796,-117.997,122.554,161.796,116.174,328.9
161.845,-118.032,122.591,161.845,116.209,329
161.894,-118.068,122.628,161.894,116.244,329.1
161.943,-118.103,122.665,161.943,116.279,329.2
161.991,-118.139,122.702,161.991,116.314,329.3
162.04,-118.175,122.739,162.04,116.349,329.4
162.089,-118.21,122.776,162.089,116.384,329.5
162.138,-118.246,122.813,162.138,116.419,329.6
162.187,-118.281,122.85,162.187,116.454,329.7
162.236,-118.317,122.887,162.236,116.489,329.8
162.285,-118.352,122.924,162.285,116.524,329.9
162.334,-118.388,122.961,162.334,116.559,330
162.383,-118.424,122.998,162.383,116.594,330.1
162.431,-118.459,123.035,162.431,116.629,330.2
162.48,-118.495,123.072,162.48,116.664,330.3
162.529,-118.53,123.109,162.529,116.699,330.4
162.578,-118.566,123.146,162.578,116.734,330.5
162.627,-118.602,123.183,162.627,116.769,330.6
162.676,-118.637,123.22,162.676,116.804,330.7
162.725,-118.673,123.257,162.725,116.839,330.8
162.774,-118.708,123.294,162.774,116.875,330.9
162.823,-118.744,123.331,162.823,116.91,331
162.871,-118.78,123.368,162.871,116.945,331.1
162.92,-118.815,123.405,162.92,116.98,331.2
162.969,-118.851,123.442,162.969,117.015,331.3
163.018,-118.886,123.479,163.018,117.05,331.4
163.067,-118.922,123.516,163.067,117.085,331.5
163.116,-118.958,123.553,163.116,117.12,331.6
163.165,-118.993,123.59,163.165,117.155,331.7
163.214,-119.029,123.627,163.214,117.19,331.8
163.263,-119.064,123.664,163.263,117.225,331.9
163.311,-119.1,123.701,163.311,117.26,332
163.36,-119.136,123.738,163.36,117.295,332.1
163.409,-119.171,123.775,163.409,117.33,332.2
163.458,-119.207,123.812,163.458,117.365,332.3
163.507,-119.242,123.849,163.507,117.4,332.4
163.556,-119.278,123.886,163.556,117.435,332.5
163.605,-119.313,123.923,163.605,117.47,332.6
163.654,-119.349,123.959,163.654,117.505,332.7
163.703,-119.385,123.996,163.703,117.54,332.8
163.751,-119.42,124.033,163.751,117.575,332.9
163.8,-119.456,124.07,163.8,117.61,333
163.849,-119.491,124.107,163.849,117.645,333.1
163.898,-119.527,124.144,163.898,117.68,333.2
163.947,-119.563,124.181,163.947,117.715,333.3
163.996,-119.598,124.218,163.996,117.75,333.4
164.045,-119.634,124.255,164.045,117.786,333.5
164.094,-119.669,124.292,164.094,117.821,333.6
164.143,-119.705,124.329,164.143,117.856,333.7
164.191,-119.741,124.366,164.191,117.891,333.8
164.24,-119.776,124.403,164.24,117.926,333.9
164.289,-119.812,124.44,164.289,117.961,334
164.338,-119.847,124.477,164.338,117.996,334.1
164.387,-119.883,124.514,164.387,118.031,334.2
164.436,-119.919,124.551,164.436,118.066,334.3
164.485,-119.954,124.588,164.485,118.101,334.4
164.534,-119.99,124.625,164.534,118.136,334.5
164.583,-120.025,124.662,164.583,118.171,334.6
164.631,-120.061,124.699,164.631,118.206,334.7
164.68,-120.096,124.736,164.68,118.241,334.8
164.729,-120.132,124.773,164.729,118.276,334.9
164.778,-120.168,124.81,164.778,118.311,335
164.827,-120.203,124.847,164.827,118.346,335.1
164.876,-120.239,124.884,164.876,118.381,335.2
164.925,-120.274,124.921,164.925,118.416,335.3
164.974,-120.31,124.958,164.974,118.451,335.4
165.023,-120.346,124.995,165.023,118.486,335.5
165.071,-120.381,125.032,165.071,118.521,335.6
165.12,-120.417,125.069,165.12,118.556,335.7
165.169,-120.452,125.106,165.169,118.591,335.8
165.218,-120.488,125.143,165.218,118.626,335.9
165.267,-120.524,125.18,165.267,118.662,336
165.316,-120.559,125.217,165.316,118.697,336.1
165.365,-120.595,125.254,165.365,118.732,336.2
165.414,-120.63,125.291,165.414,118.767,336.3
165.463,-120.666,125.328,165.463,118.802,336.4
165.511,-120.702,125.364,165.511,118.837,336.5
165.56,-120.737,125.401,165.56,118.872,336.6
165.609,-120.773,125.438,165.609,118.907,336.7
165.658,-120.808,125.475,165.658,118.942,336.8
165.707,-120.844,125.512,165.707,118.977,336.9
165.756,-120.88,125.549,165.756,119.012,337
165.805,-120.915,125.586,165.805,119.047,337.1
165.854,-120.951,125.623,165.854,119.082,337.2
165.903,-120.986,125.66,165.903,119.117,337.3
165.951,-121.022,125.697,165.951,119.152,337.4
166,-121.057,125.734,166,119.187,337.5
166.049,-121.093,125.771,166.049,119.222,337.6
166.098,-121.129,125.808,166.098,119.257,337.7
166.147,-121.164,125.845,166.147,119.292,337.8
166.196,-121.2,125.882,166.196,119.327,337.9
166.245,-121.235,125.919,166.245,119.362,338
166.294,-121.271,125.956,166.294,119.397,338.1
166.343,-121.307,125.993,166.343,119.432,338.2
166.391,-121.342,126.03,166.391,119.467,338.3
166.44,-121.378,126.067,166.44,119.502,338.4
166.489,-121.413,126.104,166.489,119.537,338.5
166.538,-121.449,126.141,166.538,119.573,338.6
166.587,-121.485,126.178,166.587,119.608,338.7
166.636,-121.52,126.215,166.636,119.643,338.8
166.685,-121.556,126.252,166.685,119.678,338.9
166.734,-121.591,126.289,166.734,119.713,339
166.783,-121.627,126.326,166.783,119.748,339.1
166.831,-121.663,126.363,166.831,119.783,339.2
166.88,-121.698,126.4,166.88,119.818,339.3
166.929,-121.734,126.437,166.929,119.853,339.4
166.978,-121.769,126.474,166.978,119.888,339.5
167.027,-121.805,126.511,167.027,119.923,339.6
167.076,-121.84,126.548,167.076,119.958,339.7
167.125,-121.876,126.585,167.125,119.993,339.8
167.174,-121.912,126.622,167.174,120.028,339.9
167.223,-121.947,126.659,167.223,120.063,340
167.271,-121.983,126.696,167.271,120.098,340.1
167.32,-122.018,126.733,167.32,120.133,340.2
167.369,-122.054,126.769,167.369,120.168,340.3
167.418,-122.09,126.806,167.418,120.203,340.4
167.467,-122.125,126.843,167.467,120.238,340.5
167.516,-122.161,126.88,167.516,120.273,340.6
167.565,-122.196,126.917,167.565,120.308,340.7
167.614,-122.232,126.954,167.614,120.343,340.8
167.663,-122.268,126.991,167.663,120.378,340.9
167.711,-122.303,127.028,167.711,120.413,341
167.76,-122.339,127.065,167.76,120.449,341.1
167.809,-122.374,127.102,167.809,120.484,341.2
167.858,-122.41,127.139,167.858,120.519,341.3
167.907,-122.446,127.176,167.907,120.554,341.4
167.956,-122.481,127.213,167.956,120.589,341.5
168.005,-122.517,127.25,168.005,120.624,341.6
168.054,-122.552,127.287,168.054,120.659,341.7
168.103,-122.588,127.324,168.103,120.694,341.8
168.151,-122.624,127.361,168.151,120.729,341.9
168.2,-122.659,127.398,168.2,120.764,342
168.249,-122.695,127.435,168.249,120.799,342.1
168.298,-122.73,127.472,168.298,120.834,342.2
168.347,-122.766,127.509,168.347,120.869,342.3
168.396,-122.801,127.546,168.396,120.904,342.4
168.445,-122.837,127.583,168.445,120.939,342.5
168.494,-122.873,127.62,168.494,120.974,342.6
168.543,-122.908,127.657,168.543,121.009,342.7
168.591,-122.944,127.694,168.591,121.044,342.8
168.64,-122.979,127.731,168.64,121.079,342.9
168.689,-123.015,127.768,168.689,121.114,343
168.738,-123.051,127.805,168.738,121.149,343.1
168.787,-123.086,127.842,168.787,121.184,343.2
168.836,-123.122,127.879,168.836,121.219,343.3
168.885,-123.157,127.916,168.885,121.254,343.4
168.934,-123.193,127.953,168.934,121.289,343.5
168.983,-123.229,127.99,168.983,121.324,343.6
169.031,-123.264,128.027,169.031,121.36,343.7
169.08,-123.3,128.064,169.08,121.395,343.8
169.129,-123.335,128.101,169.129,121.43,343.9
169.178,-123.371,128.138,169.178,121.465,344
169.227,-123.407,128.175,169.227,121.5,344.1
169.276,-123.442,128.211,169.276,121.535,344.2
169.325,-123.478,128.248,169.325,121.57,344.3
169.374,-123.513,128.285,169.374,121.605,344.4
169.423,-123.549,128.322,169.423,121.64,344.5
169.471,-123.584,128.359,169.471,121.675,344.6
169.52,-123.62,128.396,169.52,121.71,344.7
169.569,-123.656,128.433,169.569,121.745,344.8
169.618,-123.691,128.47,169.618,121.78,344.9
169.667,-123.727,128.507,169.667,121.815,345
169.716,-123.762,128.544,169.716,121.85,345.1
169.765,-123.798,128.581,169.765,121.885,345.2
169.814,-123.834,128.618,169.814,121.92,345.3
169.863,-123.869,128.655,169.863,121.955,345.4
169.911,-123.905,128.692,169.911,121.99,345.5
169.96,-123.94,128.729,169.96,122.025,345.6
170.009,-123.976,128.766,170.009,122.06,345.7
170.058,-124.012,128.803,170.058,122.095,345.8
170.107,-124.047,128.84,170.107,122.13,345.9
170.156,-124.083,128.877,170.156,122.165,346
170.205,-124.118,128.914,170.205,122.2,346.1
170.254,-124.154,128.951,170.254,122.236,346.2
170.303,-124.19,128.988,170.303,122.271,346.3
170.351,-124.225,129.025,170.351,122.306,346.4
170.4,-124.261,129.062,170.4,122.341,346.5
170.449,-124.296,129.099,170.449,122.376,346.6
170.498,-124.332,129.136,170.498,122.411,346.7
170.547,-124.368,129.173,170.547,122.446,346.8
170.596,-124.403,129.21,170.596,122.481,346.9
170.645,-124.439,129.247,170.645,122.516,347
170.694,-124.474,129.284,170.694,122.551,347.1
170.743,-124.51,129.321,170.743,122.586,347.2
170.791,-124.545,129.358,170.791,122.621,347.3
170.84,-124.581,129.395,170.84,122.656,347.4
170.889,-124.617,129.432,170.889,122.691,347.5
170.938,-124.652,129.469,170.938,122.726,347.6
170.987,-124.688,129.506,170.987,122.761,347.7
171.036,-124.723,129.543,171.036,122.796,347.8
171.085,-124.759,129.58,171.085,122.831,347.9
171.134,-124.795,129.616,171.134,122.866,348
171.183,-124.83,129.653,171.183,122.901,348.1
171.231,-124.866,129.69,171.231,122.936,348.2
171.28,-124.901,129.727,171.28,122.971,348.3
171.329,-124.937,129.764,171.329,123.006,348.4
171.378,-124.973,129.801,171.378,123.041,348.5
171.427,-125.008,129.838,171.427,123.076,348.6
171.476,-125.044,129.875,171.476,123.112,348.7
171.525,-125.079,129.912,171.525,123.147,348.8
171.574,-125.115,129.949,171.574,123.182,348.9
171.623,-125.151,129.986,171.623,123.217,349
171.671,-125.186,130.023,171.671,123.252,349.1
171.72,-125.222,130.06,171.72,123.287,349.2
171.769,-125.257,130.097,171.769,123.322,349.3
171.818,-125.293,130.134,171.818,123.357,349.4
171.867,-125.329,130.171,171.867,123.392,349.5
171.916,-125.364,130.208,171.916,123.427,349.6
171.965,-125.4,130.245,171.965,123.462,349.7
172.014,-125.435,130.282,172.014,123.497,349.8
172.063,-125.471,130.319,172.063,123.532,349.9
172.111,-125.506,130.356,172.111,123.567,350
172.16,-125.542,130.393,172.16,123.602,350.1
172.209,-125.578,130.43,172.209,123.637,350.2
172.258,-125.613,130.467,172.258,123.672,350.3
172.307,-125.649,130.504,172.307,123.707,350.4
172.356,-125.684,130.541,172.356,123.742,350.5
172.405,-125.72,130.578,172.405,123.777,350.6
172.454,-125.756,130.615,172.454,123.812,350.7
172.503,-125.791,130.652,172.503,123.847,350.8
172.551,-125.827,130.689,172.551,123.882,350.9
172.6,-125.862,130.726,172.6,123.917,351
172.649,-125.898,130.763,172.649,123.952,351.1
172.698,-125.934,130.8,172.698,123.987,351.2
172.747,-125.969,130.837,172.747,124.023,351.3
172.796,-126.005,130.874,172.796,124.058,351.4
172.845,-126.04,130.911,172.845,124.093,351.5
172.894,-126.076,130.948,172.894,124.128,351.6
172.943,-126.112,130.985,172.943,124.163,351.7
172.991,-126.147,131.021,172.991,124.198,351.8
173.04,-126.183,131.058,173.04,124.233,351.9
173.089,-126.218,131.095,173.089,124.268,352
173.138,-126.254,131.132,173.138,124.303,352.1
173.187,-126.289,131.169,173.187,124.338,352.2
173.236,-126.325,131.206,173.236,124.373,352.3
173.285,-126.361,131.243,173.285,124.408,352.4
173.334,-126.396,131.28,173.334,124.443,352.5
173.383,-126.432,131.317,173.383,124.478,352.6
173.431,-126.467,131.354,173.431,124.513,352.7
173.48,-126.503,131.391,173.48,124.548,352.8
173.529,-126.539,131.428,173.529,124.583,352.9
173.578,-126.574,131.465,173.578,124.618,353
173.627,-126.61,131.502,173.627,124.653,353.1
173.676,-126.645,131.539,173.676,124.688,353.2
173.725,-126.681,131.576,173.725,124.723,353.3
173.774,-126.717,131.613,173.774,124.758,353.4
173.823,-126.752,131.65,173.823,124.793,353.5
173.871,-126.788,131.687,173.871,124.828,353.6
173.92,-126.823,131.724,173.92,124.863,353.7
173.969,-126.859,131.761,173.969,124.899,353.8
174.018,-126.895,131.798,174.018,124.934,353.9
174.067,-126.93,131.835,174.067,124.969,354
174.116,-126.966,131.872,174.116,125.004,354.1
174.165,-127.001,131.909,174.165,125.039,354.2
174.214,-127.037,131.946,174.214,125.074,354.3
174.263,-127.073,131.983,174.263,125.109,354.4
174.311,-127.108,132.02,174.311,125.144,354.499
174.36,-127.144,132.057,174.36,125.179,354.599
174.409,-127.179,132.094,174.409,125.214,354.698
174.458,-127.215,132.131,174.458,125.249,354.797
174.507,-127.25,132.168,174.507,125.284,354.896
174.556,-127.286,132.205,174.556,125.319,354.995
174.605,-127.322,132.242,174.605,125.354,355.093
174.654,-127.357,132.279,174.654,125.389,355.191
174.703,-127.393,132.316,174.703,125.424,355.289
174.751,-127.428,132.353,174.751,125.459,355.386
174.8,-127.464,132.39,174.8,125.494,355.482
174.849,-127.5,132.427,174.849,125.529,355.579
174.898,-127.535,132.463,174.898,125.564,355.674
174.947,-127.571,132.5,174.947,125.599,355.77
174.996,-127.606,132.537,174.996,125.634,355.864
175.045,-127.642,132.574,175.045,125.669,355.958
175.094,-127.678,132.611,175.094,125.704,356.052
175.143,-127.713,132.648,175.143,125.739,356.145
175.191,-127.749,132.685,175.191,125.774,356.237
175.24,-127.784,132.722,175.24,125.81,356.328
175.289,-127.82,132.759,175.289,125.845,356.419
175.338,-127.856,132.796,175.338,125.88,356.508
175.387,-127.891,132.833,175.387,125.915,356.597
175.436,-127.927,132.87,175.436,125.95,356.686
175.485,-127.962,132.907,175.485,125.985,356.773
175.534,-127.998,132.944,175.534,126.02,356.859
175.583,-128.033,132.981,175.583,126.055,356.945
175.631,-128.069,133.018,175.631,126.09,357.029
175.68,-128.105,133.055,175.68,126.125,357.113
175.729,-128.14,133.092,175.729,126.16,357.195
175.778,-128.176,133.129,175.778,126.195,357.277
175.827,-128.211,133.166,175.827,126.23,357.357
175.876,-128.247,133.203,175.876,126.265,357.436
175.925,-128.283,133.24,175.925,126.3,357.514
175.974,-128.318,133.277,175.974,126.335,357.591
176.023,-128.354,133.314,176.023,126.37,357.667
176.071,-128.389,133.351,176.071,126.405,357.741
176.12,-128.425,133.388,176.12,126.44,357.814
176.169,-128.461,133.425,176.169,126.475,357.886
176.218,-128.496,133.462,176.218,126.51,357.957
176.267,-128.532,133.499,176.267,126.545,358.026
176.315,-128.567,133.536,176.315,126.58,358.094
176.364,-128.603,133.573,176.364,126.615,358.161
176.412,-128.639,133.61,176.412,126.65,358.227
176.46,-128.674,133.647,176.46,126.686,358.291
176.508,-128.71,133.684,176.508,126.721,358.354
176.555,-128.745,133.721,176.555,126.756,358.416
176.602,-128.781,133.758,176.602,126.791,358.477
176.649,-128.817,133.795,176.649,126.826,358.536
176.695,-128.852,133.831,176.695,126.861,358.594
176.741,-128.888,133.868,176.741,126.896,358.651
176.787,-128.923,133.905,176.787,126.931,358.707
176.832,-128.958,133.941,176.832,126.965,358.761
176.877,-128.994,133.978,176.877,127,358.814
176.921,-129.029,134.014,176.921,127.035,358.866
176.964,-129.063,134.05,176.964,127.069,358.917
177.007,-129.098,134.085,177.007,127.103,358.966
177.049,-129.132,134.121,177.049,127.137,359.014
177.091,-129.166,134.156,177.091,127.171,359.061
177.132,-129.2,134.19,177.132,127.204,359.107
177.172,-129.233,134.225,177.172,127.237,359.151
177.211,-129.266,134.258,177.211,127.27,359.194
177.25,-129.299,134.292,177.25,127.302,359.236
177.288,-129.331,134.324,177.288,127.334,359.277
177.325,-129.363,134.357,177.325,127.365,359.316
177.361,-129.394,134.389,177.361,127.396,359.354
177.396,-129.424,134.42,177.396,127.426,359.391
177.43,-129.454,134.45,177.43,127.456,359.427
177.464,-129.483,134.48,177.464,127.485,359.461
177.496,-129.512,134.509,177.496,127.513,359.494
177.527,-129.54,134.538,177.527,127.541,359.526
177.557,-129.568,134.566,177.557,127.568,359.557
177.586,-129.594,134.593,177.586,127.595,359.586
177.614,-129.62,134.619,177.614,127.621,359.614
177.641,-129.645,134.644,177.641,127.645,359.641
177.667,-129.669,134.668,177.667,127.67,359.667
177.691,-129.693,134.692,177.691,127.693,359.691
177.714,-129.715,134.715,177.714,127.715,359.714
177.736,-129.737,134.736,177.736,127.737,359.736
177.757,-129.757,134.757,177.757,127.757,359.757
177.777,-129.777,134.777,177.777,127.777,359.777
177.795,-129.795,134.795,177.795,127.795,359.795
177.813,-129.813,134.813,177.813,127.813,359.813
177.829,-129.829,134.829,177.829,127.829,359.829
177.845,-129.845,134.845,177.845,127.845,359.845
177.859,-129.859,134.859,177.859,127.859,359.859
177.873,-129.873,134.873,177.873,127.873,359.873
177.886,-129.886,134.886,177.886,127.886,359.886
177.897,-129.897,134.897,177.897,127.897,359.897
177.908,-129.908,134.908,177.908,127.908,359.908
177.919,-129.919,134.919,177.919,127.919,359.919
177.928,-129.928,134.928,177.928,127.928,359.928
177.937,-129.937,134.937,177.937,127.937,359.937
177.945,-129.945,134.945,177.945,127.945,359.945
177.952,-129.952,134.952,177.952,127.952,359.952
177.958,-129.958,134.958,177.958,127.958,359.958
177.964,-129.964,134.964,177.964,127.964,359.964
177.97,-129.97,134.97,177.97,127.97,359.97
177.974,-129.974,134.974,177.974,127.974,359.974
177.979,-129.979,134.979,177.979,127.979,359.979
177.982,-129.982,134.982,177.982,127.982,359.982
177.986,-129.986,134.986,177.986,127.986,359.986
177.989,-129.989,134.989,177.989,127.989,359.989
177.991,-129.991,134.991,177.991,127.991,359.991
177.993,-129.993,134.993,177.993,127.993,359.993
177.995,-129.995,134.995,177.995,127.995,359.995
177.996,-129.996,134.996,177.996,127.996,359.996
177.997,-129.997,134.997,177.997,127.997,359.997
177.998,-129.998,134.998,177.998,127.998,359.998
177.999,-129.999,134.999,177.999,127.999,359.999
177.999,-129.999,134.999,177.999,127.999,359.999
178,-130,135,178,128,360
178,-130,135,178,128,360
178,-130,135,178,128,360
178,-130,135,178,128,360
178,-130,135,178,128,360