point_index,timestamp_us,plan_pos_0,plan_pos_1,plan_pos_2,plan_pos_3,plan_pos_4,plan_pos_5,actual_pos_0,actual_pos_1,actual_pos_2,actual_pos_3,actual_pos_4,actual_pos_5,current_0,current_1,current_2,current_3,current_4,current_5
0,1743686364359351,0.049456,-0.036122,0.037511,0.049456,0.035567,0.100011,0.109000,-0.030000,0.048000,0.057000,0.059000,0.177000,-165.000000,-927.000000,-2285.000000,-858.000000,-388.000000,-100.000000
2,1743686364364951,0.049748,-0.036415,0.037804,0.049748,0.035859,0.100304,0.109000,-0.030000,0.046000,0.057000,0.057000,0.175000,-164.000000,-951.000000,-2296.000000,-856.000000,-398.000000,-59.000000
3,1743686364369466,0.050164,-0.036831,0.038220,0.050164,0.036276,0.100720,0.111000,-0.028000,0.046000,0.059000,0.056000,0.174000,-165.000000,-967.000000,-2278.000000,-869.000000,-409.000000,-116.000000
5,1743686364373919,0.051874,-0.038541,0.039930,0.051874,0.037986,0.102430,0.108000,-0.028000,0.045000,0.057000,0.056000,0.174000,-176.000000,-979.000000,-2292.000000,-868.000000,-397.000000,-113.000000
7,1743686364379488,0.055204,-0.041871,0.043260,0.055204,0.041316,0.105760,0.109000,-0.028000,0.044000,0.057000,0.056000,0.173000,-170.000000,-1003.000000,-2254.000000,-877.000000,-398.000000,-88.000000
8,1743686364383945,0.057646,-0.044312,0.045701,0.057646,0.043757,0.108201,0.108000,-0.027000,0.044000,0.057000,0.053000,0.173000,-176.000000,-1026.000000,-2319.000000,-882.000000,-372.000000,-76.000000
10,1743686364389537,0.064418,-0.051085,0.052474,0.064418,0.050529,0.114974,0.108000,-0.027000,0.042000,0.057000,0.054000,0.171000,-168.000000,-1034.000000,-2311.000000,-873.000000,-387.000000,-100.000000
11,1743686364393977,0.068884,-0.055551,0.056940,0.068884,0.054996,0.119440,0.105000,-0.027000,0.042000,0.059000,0.052000,0.171000,-162.000000,-1063.000000,-2329.000000,-891.000000,-369.000000,-109.000000
13,1743686364399488,0.080314,-0.066981,0.068370,0.080314,0.066426,0.130870,0.107000,-0.026000,0.042000,0.057000,0.050000,0.171000,-180.000000,-1076.000000,-2346.000000,-892.000000,-378.000000,-105.000000
15,1743686364405074,0.095524,-0.082191,0.083580,0.095524,0.081636,0.146080,0.107000,-0.026000,0.042000,0.057000,0.050000,0.170000,-186.000000,-1094.000000,-2355.000000,-887.000000,-357.000000,-95.000000
16,1743686364410611,0.104716,-0.091382,0.092771,0.104716,0.090827,0.155271,0.104000,-0.027000,0.039000,0.057000,0.049000,0.170000,-168.000000,-1111.000000,-2385.000000,-895.000000,-364.000000,-110.000000
18,1743686364415052,0.126608,-0.113275,0.114664,0.126608,0.112719,0.177164,0.104000,-0.027000,0.039000,0.056000,0.046000,0.168000,-183.000000,-1130.000000,-2340.000000,-902.000000,-354.000000,-110.000000
20,1743686364420611,0.153631,-0.140297,0.141686,0.153631,0.139742,0.204186,0.101000,-0.027000,0.039000,0.057000,0.048000,0.168000,-192.000000,-1145.000000,-2343.000000,-908.000000,-359.000000,-116.000000
21,1743686364425108,0.169234,-0.155901,0.157290,0.169234,0.155346,0.219790,0.101000,-0.028000,0.039000,0.057000,0.043000,0.167000,-165.000000,-1166.000000,-2300.000000,-879.000000,-338.000000,-97.000000
23,1743686364430683,0.204964,-0.191631,0.193020,0.204964,0.191076,0.255520,0.101000,-0.028000,0.037000,0.056000,0.045000,0.168000,-116.000000,-1226.000000,-2203.000000,-842.000000,-312.000000,-54.000000
24,1743686364435152,0.225226,-0.211892,0.213281,0.225226,0.211337,0.275781,0.103000,-0.030000,0.039000,0.057000,0.043000,0.168000,170.000000,-1437.000000,-1901.000000,-740.000000,-186.000000,15.000000
26,1743686364440760,0.270878,-0.257545,0.258934,0.270878,0.256989,0.321434,0.105000,-0.028000,0.038000,0.059000,0.045000,0.170000,178.000000,-1598.000000,-1727.000000,-715.000000,-144.000000,73.000000
28,1743686364446383,0.323821,-0.310487,0.311876,0.323821,0.309932,0.374376,0.111000,-0.027000,0.038000,0.059000,0.045000,0.173000,125.000000,-1678.000000,-1650.000000,-652.000000,-101.000000,99.000000
29,1743686364450851,0.353194,-0.339861,0.341250,0.353194,0.339306,0.403750,0.115000,-0.028000,0.038000,0.060000,0.043000,0.174000,108.000000,-1831.000000,-1526.000000,-627.000000,-68.000000,95.000000
31,1743686364456382,0.418084,-0.404751,0.406140,0.418084,0.404196,0.468640,0.122000,-0.028000,0.038000,0.060000,0.045000,0.178000,181.000000,-1918.000000,-1407.000000,-601.000000,-40.000000,119.000000
33,1743686364461950,0.491614,-0.478281,0.479670,0.491614,0.477726,0.542170,0.123000,-0.027000,0.039000,0.061000,0.045000,0.179000,190.000000,-1954.000000,-1327.000000,-584.000000,-21.000000,148.000000
34,1743686364466455,0.531788,-0.518455,0.519844,0.531788,0.517899,0.582344,0.129000,-0.028000,0.039000,0.064000,0.045000,0.181000,197.000000,-2036.000000,-1212.000000,-555.000000,-4.000000,145.000000
36,1743686364470913,0.619291,-0.605957,0.607346,0.619291,0.605402,0.669846,0.134000,-0.030000,0.039000,0.064000,0.045000,0.182000,345.000000,-2228.000000,-933.000000,-479.000000,61.000000,241.000000
37,1743686364476503,0.666754,-0.653421,0.654810,0.666754,0.652866,0.717310,0.142000,-0.032000,0.041000,0.071000,0.046000,0.189000,609.000000,-2531.000000,-486.000000,-339.000000,214.000000,265.000000
39,1743686364482054,0.769444,-0.756111,0.757500,0.769444,0.755556,0.820000,0.159000,-0.042000,0.052000,0.082000,0.060000,0.203000,754.000000,-2919.000000,-77.000000,-139.000000,294.000000,250.000000
40,1743686364486483,0.824806,-0.811472,0.812861,0.824806,0.810917,0.875361,0.190000,-0.065000,0.076000,0.093000,0.083000,0.208000,273.000000,-2618.000000,-491.000000,-13.000000,125.000000,105.000000
42,1743686364490934,0.943898,-0.930565,0.931954,0.943898,0.930009,0.994454,0.221000,-0.090000,0.103000,0.101000,0.101000,0.210000,-111.000000,-2662.000000,-609.000000,242.000000,119.000000,128.000000
44,1743686364496525,1.074600,-1.061270,1.062660,1.074600,1.060710,1.125160,0.241000,-0.108000,0.120000,0.104000,0.124000,0.212000,1.000000,-2803.000000,-618.000000,331.000000,-28.000000,-68.000000
45,1743686364501064,1.144470,-1.131140,1.132530,1.144470,1.130590,1.195030,0.266000,-0.137000,0.144000,0.108000,0.140000,0.222000,115.000000,-2735.000000,-458.000000,433.000000,-9.000000,-53.000000
47,1743686364506639,1.293600,-1.280270,1.281660,1.293600,1.279720,1.344160,0.281000,-0.156000,0.160000,0.115000,0.166000,0.251000,-121.000000,-2658.000000,-454.000000,565.000000,-35.000000,-21.000000
48,1743686364511086,1.373000,-1.359660,1.361050,1.373000,1.359110,1.423550,0.304000,-0.185000,0.186000,0.122000,0.192000,0.277000,207.000000,-2578.000000,-571.000000,689.000000,-27.000000,142.000000
50,1743686364516671,1.541770,-1.528430,1.529820,1.541770,1.527870,1.592320,0.324000,-0.215000,0.214000,0.129000,0.208000,0.292000,270.000000,-2410.000000,-267.000000,890.000000,10.000000,248.000000
52,1743686364523333,1.724310,-1.710670,1.712310,1.724310,1.709920,1.774870,0.324000,-0.215000,0.214000,0.129000,0.208000,0.292000,270.000000,-2410.000000,-267.000000,890.000000,10.000000,248.000000
54,1743686364528861,1.921160,-1.905920,1.908360,1.921160,1.904760,1.971720,0.347000,-0.251000,0.250000,0.138000,0.232000,0.318000,1056.000000,-3408.000000,321.000000,1230.000000,385.000000,535.000000
55,1743686364533275,2.025120,-2.008250,2.011310,2.025120,2.006810,2.075680,0.450000,-0.355000,0.384000,0.210000,0.358000,0.411000,281.000000,-2781.000000,-745.000000,1696.000000,-87.000000,263.000000
57,1743686364538814,2.244450,-2.222010,2.226710,2.244450,2.219820,2.295010,0.494000,-0.396000,0.431000,0.234000,0.392000,0.454000,250.000000,-2784.000000,-894.000000,1876.000000,-107.000000,287.000000
58,1743686364543293,2.359960,-2.333300,2.339030,2.359960,2.330650,2.410510,0.557000,-0.462000,0.499000,0.263000,0.457000,0.538000,187.000000,-2850.000000,-955.000000,1822.000000,25.000000,212.000000
60,1743686364548846,2.602960,-2.564350,2.572570,2.602960,2.560620,2.653540,0.596000,-0.505000,0.546000,0.320000,0.512000,0.605000,89.000000,-2878.000000,-707.000000,1297.000000,217.000000,246.000000
62,1743686364553264,2.861840,-2.806260,2.817520,2.861840,2.801210,2.913030,0.596000,-0.505000,0.546000,0.320000,0.512000,0.605000,89.000000,-2878.000000,-707.000000,1297.000000,217.000000,246.000000
63,1743686364558832,2.997080,-2.931120,2.944100,2.997080,2.925330,3.049120,0.657000,-0.583000,0.615000,0.440000,0.554000,0.657000,165.000000,-2568.000000,-477.000000,-448.000000,65.000000,70.000000
65,1743686364564455,3.278820,-3.188300,3.205160,3.278820,3.180850,3.334330,0.753000,-0.699000,0.704000,0.591000,0.657000,0.795000,1585.000000,-3846.000000,635.000000,63.000000,572.000000,571.000000
67,1743686364568863,3.575120,-3.454980,3.476280,3.575120,3.445660,3.637330,0.810000,-0.782000,0.821000,0.671000,0.734000,0.863000,1653.000000,-3990.000000,604.000000,2067.000000,631.000000,848.000000
68,1743686364574491,3.728560,-3.591720,3.615450,3.728560,3.581380,3.795580,0.903000,-0.895000,0.947000,0.752000,0.888000,0.969000,381.000000,-2732.000000,-518.000000,1778.000000,2.000000,511.000000
70,1743686364578899,4.045690,-3.871650,3.900650,4.045690,3.859090,4.125580,0.969000,-0.972000,1.024000,0.859000,0.968000,1.049000,58.000000,-2721.000000,-738.000000,264.000000,74.000000,184.000000
71,1743686364584423,4.209240,-4.014700,4.046560,4.209240,4.000950,4.297330,1.069000,-1.093000,1.137000,0.980000,1.079000,1.161000,306.000000,-2980.000000,-479.000000,-1356.000000,24.000000,106.000000
73,1743686364589912,4.545980,-4.306660,4.344630,4.545980,4.290350,4.654330,1.069000,-1.093000,1.137000,0.980000,1.079000,1.161000,306.000000,-2980.000000,-479.000000,-1356.000000,24.000000,106.000000
75,1743686364594317,4.895110,-4.605960,4.650610,4.895110,4.586880,5.029330,1.145000,-1.171000,1.209000,1.053000,1.203000,1.271000,267.000000,-3120.000000,-634.000000,766.000000,187.000000,301.000000
77,1743686364601008,5.256110,-4.912070,4.963950,5.256110,4.889980,5.422330,1.262000,-1.289000,1.308000,1.120000,1.319000,1.381000,100.000000,-3018.000000,-598.000000,2170.000000,-42.000000,375.000000
78,1743686364605502,5.440890,-5.067510,5.123210,5.440890,5.043830,5.625580,1.492000,-1.503000,1.453000,1.333000,1.476000,1.533000,1336.000000,-3995.000000,-133.000000,-245.000000,617.000000,595.000000
80,1743686364611061,5.818660,-5.382810,5.446590,5.818660,5.355780,6.045580,1.608000,-1.624000,1.606000,1.539000,1.588000,1.649000,2313.000000,-4280.000000,1265.000000,642.000000,660.000000,673.000000
81,1743686364615608,6.011530,-5.542550,5.610570,6.011530,5.513750,6.262330,1.608000,-1.624000,1.606000,1.539000,1.588000,1.649000,2313.000000,-4280.000000,1265.000000,642.000000,660.000000,673.000000
83,1743686364621216,6.404860,-5.865830,5.942760,6.404860,5.833350,6.709330,1.775000,-1.734000,1.726000,1.617000,1.763000,1.804000,870.000000,-3184.000000,365.000000,2118.000000,329.000000,382.000000
85,1743686364625706,6.807900,-6.193760,6.280160,6.807900,6.157370,7.174330,1.902000,-1.893000,1.911000,1.871000,1.941000,1.980000,350.000000,-2886.000000,-482.000000,-741.000000,112.000000,412.000000
86,1743686364631271,7.012890,-6.359300,6.450640,7.012890,6.320870,7.413580,2.098000,-2.062000,2.073000,2.042000,2.075000,2.094000,194.000000,-2679.000000,-671.000000,-1285.000000,199.000000,276.000000
88,1743686364636808,7.429460,-6.693180,6.794830,7.429460,6.650500,7.905580,2.230000,-2.168000,2.185000,2.130000,2.175000,2.256000,288.000000,-3022.000000,-444.000000,2227.000000,134.000000,402.000000
89,1743686364641266,7.640910,-6.861390,6.968400,7.640910,6.816500,8.158330,2.377000,-2.326000,2.356000,2.351000,2.342000,2.364000,394.000000,-3016.000000,-780.000000,-893.000000,181.000000,427.000000
91,1743686364646856,8.069810,-7.200010,7.318170,8.069810,7.150530,8.677330,2.543000,-2.485000,2.517000,2.510000,2.438000,2.544000,264.000000,-2703.000000,-365.000000,769.000000,151.000000,167.000000
93,1743686364651340,8.506240,-7.541120,7.670980,8.506240,7.486820,9.214330,2.660000,-2.572000,2.605000,2.599000,2.573000,2.706000,740.000000,-2995.000000,-70.000000,2402.000000,633.000000,876.000000
94,1743686364655833,8.727120,-7.712440,7.848360,8.727120,7.655650,9.489580,2.830000,-2.742000,2.778000,2.849000,2.682000,2.863000,2515.000000,-4169.000000,1599.000000,-90.000000,716.000000,893.000000
96,1743686364661452,9.173850,-8.056260,8.204730,9.173850,7.994320,10.053600,2.962000,-2.875000,2.929000,2.977000,2.882000,3.107000,1721.000000,-3784.000000,644.000000,-84.000000,376.000000,675.000000
97,1743686364665877,9.399580,-8.228640,8.383580,9.399580,8.164030,10.342300,3.206000,-3.081000,3.155000,3.201000,3.118000,3.346000,375.000000,-3036.000000,-514.000000,778.000000,246.000000,433.000000
99,1743686364671377,9.855390,-8.573960,8.742290,9.855390,8.503850,10.933300,3.481000,-3.276000,3.352000,3.387000,3.300000,3.516000,226.000000,-3287.000000,-562.000000,286.000000,90.000000,398.000000
100,1743686364675780,10.085300,-8.746780,8.922010,10.085300,8.673840,11.235600,3.772000,-3.475000,3.539000,3.633000,3.430000,3.749000,242.000000,-3100.000000,-481.000000,312.000000,221.000000,152.000000
102,1743686364681361,10.549000,-9.092450,9.281830,10.549000,9.013820,11.853600,3.922000,-3.589000,3.646000,3.786000,3.641000,3.909000,354.000000,-2868.000000,-314.000000,-811.000000,70.000000,606.000000
103,1743686364685883,10.782600,-9.265290,9.461810,10.782600,9.183810,12.169300,4.110000,-3.793000,3.835000,4.004000,3.754000,4.133000,137.000000,-2736.000000,-593.000000,1467.000000,146.000000,423.000000
105,1743686364691476,11.253000,-9.610960,9.821770,11.253000,9.523790,12.814300,4.257000,-3.930000,3.960000,4.211000,3.946000,4.393000,556.000000,-3130.000000,63.000000,-749.000000,349.000000,766.000000
107,1743686364695926,11.727000,-9.956640,10.181700,11.727000,9.863760,13.477300,4.498000,-4.136000,4.161000,4.427000,4.150000,4.636000,2332.000000,-4239.000000,849.000000,1905.000000,602.000000,1314.000000
108,1743686364701499,11.965300,-10.129500,10.361700,11.965300,10.033800,13.815600,4.751000,-4.362000,4.408000,4.758000,4.347000,4.960000,1087.000000,-3016.000000,212.000000,-899.000000,181.000000,444.000000
110,1743686364705924,12.444100,-10.475100,10.721700,12.444100,10.373700,14.505600,4.961000,-4.508000,4.575000,4.875000,4.494000,5.200000,396.000000,-2825.000000,-475.000000,847.000000,205.000000,393.000000
112,1743686364713683,12.925200,-10.820800,11.081600,12.925200,10.713700,15.213600,5.245000,-4.721000,4.805000,5.219000,4.699000,5.409000,362.000000,-2618.000000,-409.000000,-944.000000,127.000000,197.000000
113,1743686364717009,13.166500,-10.993700,11.261600,13.166500,10.883700,15.574300,5.578000,-4.946000,5.038000,5.473000,4.847000,5.744000,303.000000,-3035.000000,-273.000000,1287.000000,187.000000,401.000000
115,1743686364722515,13.650200,-11.339300,11.621600,13.650200,11.223700,16.309299,5.831000,-5.169000,5.195000,5.645000,5.060000,6.053000,269.000000,-3003.000000,-505.000000,-967.000000,82.000000,546.000000
116,1743686364727013,13.892500,-11.512200,11.801600,13.892500,11.393700,16.683599,5.962000,-5.272000,5.379000,5.844000,5.235000,6.292000,83.000000,-2938.000000,-542.000000,1428.000000,95.000000,194.000000
118,1743686364732560,14.377600,-11.857800,12.161500,14.377600,11.733600,17.445601,6.135000,-5.412000,5.519000,6.027000,5.413000,6.550000,728.000000,-2706.000000,-5.000000,-561.000000,310.000000,870.000000
120,1743686364736996,14.863000,-12.203500,12.521500,14.863000,12.073600,18.225599,6.458000,-5.673000,5.773000,6.350000,5.660000,6.889000,1493.000000,-3328.000000,577.000000,1521.000000,446.000000,1249.000000
121,1743686364742545,15.105700,-12.376400,12.701500,15.105700,12.243600,18.622200,6.705000,-5.888000,6.000000,6.670000,5.912000,7.285000,1813.000000,-3718.000000,411.000000,471.000000,122.000000,679.000000
123,1743686364748128,15.591100,-12.722000,13.061400,15.591100,12.583600,19.428600,7.040000,-6.123000,6.260000,7.057000,6.094000,7.570000,481.000000,-2899.000000,-184.000000,-736.000000,130.000000,418.000000
125,1743686364752535,16.076500,-13.067700,13.421400,16.076500,12.923600,20.251900,7.294000,-6.274000,6.433000,7.202000,6.330000,7.835000,156.000000,-2673.000000,-440.000000,1155.000000,144.000000,531.000000
126,1743686364757099,16.319201,-13.240500,13.601400,16.319201,13.093600,20.669701,7.624000,-6.521000,6.682000,7.527000,6.475000,8.235000,285.000000,-2704.000000,-366.000000,-726.000000,44.000000,272.000000
128,1743686364762690,16.804600,-13.586200,13.961300,16.804600,13.433500,21.517401,7.892000,-6.768000,6.851000,7.708000,6.678000,8.569000,84.000000,-3014.000000,-430.000000,1369.000000,233.000000,459.000000
129,1743686364767215,17.047300,-13.759100,14.141300,17.047300,13.603500,21.947100,8.057000,-6.932000,7.090000,7.991000,6.891000,8.971000,305.000000,-3077.000000,-229.000000,-302.000000,242.000000,435.000000
131,1743686364772763,17.532700,-14.104700,14.501300,17.532700,13.943500,22.817900,8.331000,-7.157000,7.325000,8.322000,7.068000,9.235000,456.000000,-2885.000000,-139.000000,-15.000000,312.000000,628.000000
132,1743686364777227,17.775400,-14.277600,14.681200,17.775400,14.113500,23.258900,8.500000,-7.294000,7.463000,8.515000,7.216000,9.677000,1814.000000,-3411.000000,708.000000,1030.000000,583.000000,1199.000000
134,1743686364782846,18.260799,-14.623200,15.041200,18.260799,14.453500,24.151600,8.835000,-7.547000,7.726000,8.882000,7.463000,10.156000,1560.000000,-3554.000000,116.000000,-467.000000,294.000000,822.000000
136,1743686364789497,18.746201,-14.968900,15.401200,18.746201,14.793400,25.058300,8.835000,-7.547000,7.726000,8.882000,7.463000,10.156000,1560.000000,-3554.000000,116.000000,-467.000000,294.000000,822.000000
137,1743686364792881,18.988899,-15.141700,15.581100,18.988899,14.963400,25.516701,9.202000,-7.793000,7.970000,9.207000,7.649000,10.417000,351.000000,-2942.000000,-180.000000,576.000000,224.000000,387.000000
139,1743686364798417,19.474300,-15.487400,15.941100,19.474300,15.303400,26.443300,9.746000,-8.183000,8.388000,9.772000,8.026000,11.230000,209.000000,-2842.000000,-383.000000,-552.000000,225.000000,457.000000
141,1743686364803947,19.959600,-15.833100,16.301100,19.959600,15.643400,27.382500,9.941000,-8.333000,8.540000,9.956000,8.301000,11.688000,324.000000,-2672.000000,-18.000000,996.000000,264.000000,328.000000
142,1743686364808442,20.202299,-16.005899,16.481001,20.202299,15.813400,27.856701,10.288000,-8.596000,8.805000,10.275000,8.448000,12.047000,152.000000,-2976.000000,-501.000000,-118.000000,19.000000,320.000000
144,1743686364812902,20.687700,-16.351601,16.841000,20.687700,16.153299,28.813801,10.575000,-8.790000,9.007000,10.559000,8.646000,12.422000,144.000000,-2838.000000,-369.000000,59.000000,255.000000,455.000000
145,1743686364818498,20.930401,-16.524401,17.021000,20.930401,16.323299,29.296600,10.914000,-8.999000,9.243000,10.860000,8.860000,12.866000,1263.000000,-3186.000000,533.000000,1692.000000,515.000000,1175.000000
147,1743686364824073,21.415800,-16.870100,17.380899,21.415800,16.663300,30.270399,11.186000,-9.218000,9.466000,11.195000,9.132000,13.331000,1788.000000,-3554.000000,608.000000,-305.000000,207.000000,1424.000000
149,1743686364828520,21.901199,-17.215799,17.740900,21.901199,17.003300,31.254601,11.186000,-9.218000,9.466000,11.195000,9.132000,13.331000,1788.000000,-3554.000000,608.000000,-305.000000,207.000000,1424.000000
150,1743686364832921,22.143900,-17.388599,17.920900,22.143900,17.173300,31.750401,11.532000,-9.482000,9.743000,11.510000,9.306000,13.807000,281.000000,-2829.000000,-358.000000,237.000000,257.000000,603.000000
152,1743686364838380,22.629299,-17.734301,18.280800,22.629299,17.513300,32.749298,11.758000,-9.648000,9.915000,11.714000,9.451000,14.235000,294.000000,-2666.000000,-316.000000,305.000000,167.000000,333.000000
153,1743686364843841,22.872000,-17.907101,18.460800,22.872000,17.683201,33.252201,12.083000,-9.890000,10.163000,12.067000,9.687000,14.826000,246.000000,-2842.000000,-266.000000,-449.000000,249.000000,454.000000
155,1743686364848242,23.357401,-18.252800,18.820801,23.357401,18.023199,34.264500,12.319000,-10.059000,10.327000,12.281000,9.952000,15.316000,353.000000,-2755.000000,-211.000000,1163.000000,155.000000,404.000000
157,1743686364853676,23.842800,-18.598499,19.180700,23.842800,18.363199,35.285000,12.675000,-10.298000,10.567000,12.594000,10.129000,15.685000,160.000000,-2939.000000,-347.000000,519.000000,155.000000,373.000000
158,1743686364858036,24.085501,-18.771299,19.360701,24.085501,18.533199,35.798199,12.895000,-10.463000,10.730000,12.848000,10.386000,16.208000,192.000000,-2842.000000,-390.000000,103.000000,9.000000,274.000000
160,1743686364864537,24.570900,-19.117001,19.720699,24.570900,18.873199,36.830200,13.211000,-10.692000,10.976000,13.204000,10.612000,16.771000,1047.000000,-3290.000000,299.000000,1531.000000,635.000000,1246.000000
161,1743686364868941,24.813601,-19.289801,19.900700,24.813601,19.043200,37.348801,13.542000,-10.945000,11.247000,13.559000,10.783000,17.124001,1595.000000,-3458.000000,668.000000,466.000000,611.000000,1546.000000
163,1743686364874396,25.299000,-19.635500,20.260599,25.299000,19.383101,38.390999,13.892000,-11.211000,11.532000,13.918000,11.013000,17.764000,489.000000,-2976.000000,-204.000000,-478.000000,96.000000,662.000000
165,1743686364879864,25.784401,-19.981199,20.620600,25.784401,19.723101,39.439301,14.282000,-11.373000,11.711000,14.133000,11.244000,18.384001,361.000000,-2808.000000,-524.000000,784.000000,151.000000,492.000000
166,1743686364884207,26.027100,-20.153999,20.800600,26.027100,19.893101,39.965599,14.533000,-11.612000,11.975000,14.364000,11.377000,18.802999,52.000000,-2698.000000,-158.000000,-273.000000,243.000000,444.000000
168,1743686364889646,26.512400,-20.499701,21.160500,26.512400,20.233101,41.021999,14.757000,-11.758000,12.145000,14.710000,11.627000,19.441000,127.000000,-2821.000000,98.000000,-280.000000,283.000000,339.000000
169,1743686364894055,26.755100,-20.672501,21.340500,26.755100,20.403099,41.552101,15.045000,-12.025000,12.377000,15.029000,11.869000,20.049999,217.000000,-2777.000000,-317.000000,705.000000,146.000000,421.000000
171,1743686364899531,27.240499,-21.018200,21.700500,27.240499,20.743000,42.615501,15.299000,-12.238000,12.565000,15.299000,12.050000,20.540001,196.000000,-2828.000000,-423.000000,325.000000,113.000000,455.000000
172,1743686364903881,27.483200,-21.191000,21.880400,27.483200,20.913000,43.148701,15.622000,-12.483000,12.814000,15.692000,12.290000,21.191999,984.000000,-3466.000000,250.000000,-143.000000,593.000000,1224.000000
174,1743686364909367,27.968599,-21.536699,22.240400,27.968599,21.253000,44.217899,15.939000,-12.691000,13.036000,15.917000,12.426000,21.445000,1642.000000,-3507.000000,896.000000,1401.000000,611.000000,1462.000000
176,1743686364913844,28.454000,-21.882401,22.600401,28.454000,21.593000,45.290199,16.316999,-12.968000,13.327000,16.305000,12.711000,22.125999,599.000000,-2866.000000,-167.000000,492.000000,102.000000,779.000000
177,1743686364919407,28.696699,-22.055201,22.780300,28.696699,21.763000,45.827301,16.555000,-13.149000,13.517000,16.566000,12.976000,22.825001,321.000000,-2731.000000,-207.000000,-120.000000,208.000000,376.000000
179,1743686364923840,29.182100,-22.400900,23.140301,29.182100,22.103001,46.903301,16.912001,-13.396000,13.702000,16.773001,13.135000,23.295000,163.000000,-2704.000000,-383.000000,881.000000,265.000000,428.000000
181,1743686364929393,29.667500,-22.746599,23.500299,29.667500,22.442900,47.981098,17.136999,-13.564000,13.971000,17.100000,13.379000,23.968000,266.000000,-2491.000000,-52.000000,59.000000,295.000000,401.000000
182,1743686364934892,29.910200,-22.919399,23.680201,29.910200,22.612900,48.520599,17.462000,-13.801000,14.216000,17.472000,13.624000,24.635000,172.000000,-2642.000000,-422.000000,-368.000000,96.000000,480.000000
184,1743686364940517,30.395599,-23.265100,24.040199,30.395599,22.952900,49.600101,17.847000,-14.054000,14.470000,17.841000,13.791000,25.076000,275.000000,-2807.000000,-501.000000,227.000000,240.000000,532.000000
185,1743686364945028,30.638300,-23.437901,24.220200,30.638300,23.122900,50.139999,17.847000,-14.054000,14.470000,17.841000,13.791000,25.076000,275.000000,-2807.000000,-501.000000,227.000000,240.000000,532.000000
187,1743686364950537,31.123699,-23.783600,24.580099,31.123699,23.462900,51.220001,18.445999,-14.447000,14.871000,18.444000,14.168000,26.226999,2033.000000,-3744.000000,712.000000,-15.000000,799.000000,1736.000000
189,1743686364954953,31.609100,-24.129299,24.940100,31.609100,23.802799,52.299999,18.827000,-14.727000,15.158000,18.646999,14.442000,26.895000,975.000000,-3637.000000,354.000000,984.000000,363.000000,1387.000000
190,1743686364960527,31.851801,-24.302099,25.120100,31.851801,23.972799,52.840000,19.080999,-14.915000,15.364000,18.999001,14.761000,27.645000,512.000000,-3108.000000,-169.000000,591.000000,191.000000,679.000000
192,1743686364965036,32.337200,-24.647800,25.480000,32.337200,24.312799,53.919998,19.445000,-15.179000,15.641000,19.377001,15.018000,28.392000,186.000000,-2654.000000,-705.000000,132.000000,-43.000000,461.000000
194,1743686364970586,32.822498,-24.993500,25.840000,32.822498,24.652800,55.000000,19.808001,-15.431000,15.908000,19.768999,15.184000,28.882999,309.000000,-2626.000000,-431.000000,-218.000000,363.000000,386.000000
195,1743686364976161,33.065201,-25.166300,26.020000,33.065201,24.822800,55.540001,20.044001,-15.622000,16.099001,19.982000,15.445000,29.367001,203.000000,-2548.000000,43.000000,711.000000,155.000000,444.000000
197,1743686364981735,33.550598,-25.511999,26.379900,33.550598,25.162800,56.619999,20.364000,-15.886000,16.362000,20.309000,15.577000,30.105000,224.000000,-2611.000000,-315.000000,807.000000,203.000000,400.000000
198,1743686364986219,33.793301,-25.684799,26.559900,33.793301,25.332701,57.160000,20.641001,-16.107000,16.582001,20.680000,15.850000,30.694000,11.000000,-2445.000000,-108.000000,-474.000000,276.000000,545.000000
200,1743686364991774,34.278702,-26.030500,26.919901,34.278702,25.672701,58.240002,20.879000,-16.277000,16.761000,20.860001,15.987000,31.375000,1250.000000,-3067.000000,535.000000,1526.000000,638.000000,1738.000000
202,1743686364996320,34.764099,-26.376200,27.279900,34.764099,26.012699,59.320000,21.170000,-16.497000,16.979000,21.156000,16.195999,32.026001,1454.000000,-3583.000000,726.000000,19.000000,417.000000,1154.000000
203,1743686365001901,35.006802,-26.549000,27.459801,35.006802,26.182699,59.860001,21.599001,-16.783001,17.270000,21.555000,16.384001,32.556999,727.000000,-2955.000000,-398.000000,-49.000000,182.000000,668.000000
205,1743686365006450,35.492199,-26.894699,27.819799,35.492199,26.522699,60.939999,21.860001,-16.938999,17.434999,21.809000,16.698999,33.334999,105.000000,-2686.000000,-232.000000,812.000000,301.000000,590.000000
206,1743686365010966,35.734901,-27.067499,27.999800,35.734901,26.692699,61.480000,22.184999,-17.195000,17.725000,22.181999,16.980000,34.123001,138.000000,-2482.000000,-253.000000,592.000000,279.000000,505.000000
208,1743686365016566,36.220299,-27.413200,28.359699,36.220299,27.032600,62.560001,22.546000,-17.475000,18.007999,22.563999,17.186001,34.657001,302.000000,-2655.000000,-130.000000,-8.000000,174.000000,397.000000
210,1743686365021105,36.705700,-27.758900,28.719700,36.705700,27.372601,63.639999,22.546000,-17.475000,18.007999,22.563999,17.186001,34.657001,302.000000,-2655.000000,-130.000000,-8.000000,174.000000,397.000000
211,1743686365026631,36.948399,-27.931700,28.899700,36.948399,27.542601,64.180000,23.108000,-17.872000,18.415001,23.076000,17.629999,35.958000,124.000000,-2501.000000,-475.000000,708.000000,313.000000,446.000000
213,1743686365031120,37.433800,-28.277399,29.259600,37.433800,27.882601,65.260002,23.552999,-18.176001,18.731001,23.466000,17.816999,36.602001,1561.000000,-3233.000000,965.000000,1252.000000,439.000000,1478.000000
214,1743686365036702,37.676498,-28.450199,29.439600,37.676498,28.052601,65.800003,23.753000,-18.341000,18.895000,23.745001,18.059999,37.397999,1688.000000,-3685.000000,770.000000,167.000000,406.000000,1102.000000
216,1743686365041146,38.161900,-28.795900,29.799601,38.161900,28.392500,66.879997,24.128000,-18.624001,19.169001,24.115999,18.330000,38.238998,803.000000,-3114.000000,176.000000,442.000000,373.000000,596.000000
218,1743686365046700,38.647301,-29.141600,30.159500,38.647301,28.732500,67.959999,24.544001,-18.895000,19.451000,24.521999,18.485001,38.779999,377.000000,-2685.000000,-391.000000,649.000000,112.000000,642.000000
219,1743686365051266,38.889999,-29.314400,30.339500,38.889999,28.902500,68.500000,24.544001,-18.895000,19.451000,24.521999,18.485001,38.779999,377.000000,-2685.000000,-391.000000,649.000000,112.000000,642.000000
221,1743686365056848,39.375301,-29.660101,30.699499,39.375301,29.242500,69.580002,24.944000,-19.167000,19.743000,24.841999,18.750000,39.507999,34.000000,-2678.000000,56.000000,359.000000,379.000000,548.000000
222,1743686365061300,39.618000,-29.832899,30.879499,39.618000,29.412500,70.120003,25.194000,-19.356001,19.945000,25.153000,18.950001,40.035000,256.000000,-2808.000000,-280.000000,-54.000000,233.000000,446.000000
224,1743686365066869,40.103401,-30.178600,31.239401,40.103401,29.752399,71.199997,25.580000,-19.618000,20.223000,25.521999,19.231001,40.832001,115.000000,-2675.000000,-339.000000,549.000000,243.000000,426.000000
225,1743686365071337,40.346100,-30.351400,31.419399,40.346100,29.922400,71.739998,25.865000,-19.834999,20.455000,25.775999,19.403000,41.344002,118.000000,-2191.000000,-47.000000,748.000000,97.000000,571.000000
227,1743686365076887,40.831501,-30.697100,31.779400,40.831501,30.262400,72.820000,26.080999,-20.017000,20.650000,26.011999,19.716000,42.243000,-63.000000,-2254.000000,54.000000,-209.000000,444.000000,445.000000
229,1743686365081344,41.316898,-31.042801,32.139301,41.316898,30.602400,73.900002,26.389999,-20.260000,20.900999,26.393000,19.868000,42.783001,1590.000000,-3248.000000,748.000000,1222.000000,551.000000,1182.000000
230,1743686365085820,41.559601,-31.215599,32.319302,41.559601,30.772400,74.440002,26.724001,-20.474001,21.143000,26.691000,20.073000,43.665001,1431.000000,-3127.000000,444.000000,792.000000,529.000000,818.000000
232,1743686365092493,42.044998,-31.561300,32.679298,42.044998,31.112400,75.519997,27.122999,-20.750000,21.417000,27.093000,20.407000,44.209999,327.000000,-2493.000000,7.000000,155.000000,417.000000,586.000000
234,1743686365096962,42.530399,-31.906900,33.039200,42.530399,31.452299,76.599998,27.357000,-20.948000,21.617001,27.372999,20.610001,45.042999,240.000000,-2569.000000,165.000000,77.000000,242.000000,488.000000
235,1743686365102482,42.773102,-32.079800,33.219200,42.773102,31.622299,77.139999,27.709999,-21.195000,21.879999,27.750000,20.750999,45.604000,176.000000,-2715.000000,-374.000000,405.000000,182.000000,557.000000
237,1743686365106939,43.258499,-32.425499,33.579201,43.258499,31.962299,78.220001,28.077999,-21.465000,22.155001,28.114000,21.038000,46.368999,249.000000,-2811.000000,-37.000000,914.000000,290.000000,453.000000
238,1743686365112420,43.501202,-32.598301,33.759102,43.501202,32.132301,78.760002,28.341000,-21.649000,22.343000,28.336000,21.334999,47.164001,128.000000,-2577.000000,-120.000000,-146.000000,260.000000,530.000000
240,1743686365116866,43.986599,-32.944000,34.119099,43.986599,32.472301,79.839996,28.709999,-21.924999,22.627001,28.565001,21.541000,47.686001,-110.000000,-2462.000000,-637.000000,550.000000,137.000000,411.000000
242,1743686365122430,44.472000,-33.289600,34.479099,44.472000,32.812199,80.919998,28.959000,-22.097000,22.809999,28.907000,21.799000,48.452999,561.000000,-3043.000000,149.000000,1397.000000,524.000000,1276.000000
243,1743686365127982,44.714699,-33.462502,34.659000,44.714699,32.982201,81.459999,29.311001,-22.365999,23.087000,29.273001,22.025999,49.254002,1703.000000,-3172.000000,880.000000,118.000000,415.000000,1045.000000
245,1743686365133556,45.200100,-33.808201,35.019001,45.200100,33.322201,82.540001,29.677999,-22.652000,23.391001,29.712000,22.195000,49.792000,366.000000,-2598.000000,152.000000,-148.000000,194.000000,607.000000
246,1743686365138068,45.442799,-33.980999,35.199001,45.442799,33.492199,83.080002,29.677999,-22.652000,23.391001,29.712000,22.195000,49.792000,366.000000,-2598.000000,152.000000,-148.000000,194.000000,607.000000
248,1743686365143592,45.928101,-34.326698,35.558899,45.928101,33.832199,84.160004,30.330999,-23.082001,23.820999,30.341999,22.646000,51.182999,212.000000,-2698.000000,-459.000000,904.000000,44.000000,633.000000
250,1743686365148084,46.413502,-34.672298,35.918900,46.413502,34.172199,85.239998,30.753000,-23.354000,24.101999,30.693001,22.874001,52.007000,154.000000,-2692.000000,-239.000000,433.000000,279.000000,600.000000
251,1743686365153724,46.656200,-34.845200,36.098900,46.656200,34.342098,85.779999,31.000000,-23.547001,24.294001,30.966999,23.155001,52.813000,210.000000,-2632.000000,7.000000,60.000000,380.000000,526.000000
253,1743686365158214,47.141602,-35.190899,36.458801,47.141602,34.682098,86.860001,31.440001,-23.877001,24.621000,31.257999,23.378000,53.473999,-125.000000,-2240.000000,-306.000000,718.000000,64.000000,130.000000
255,1743686365163751,47.626999,-35.536499,36.818802,47.626999,35.022099,87.940002,31.695999,-24.054001,24.805000,31.603001,23.615999,54.206001,992.000000,-2705.000000,633.000000,1099.000000,584.000000,1326.000000
256,1743686365169365,47.869701,-35.709400,36.998798,47.869701,35.192101,88.480003,32.002998,-24.278999,25.054001,31.952000,23.816999,54.911999,1638.000000,-3343.000000,1267.000000,203.000000,587.000000,1040.000000
258,1743686365174898,48.355099,-36.055000,37.358700,48.355099,35.532101,89.559998,32.379002,-24.548000,25.333000,32.346001,23.997999,55.504002,704.000000,-2260.000000,59.000000,-107.000000,232.000000,710.000000
260,1743686365179317,48.840500,-36.400700,37.718700,48.840500,35.872002,90.639999,32.778999,-24.834999,25.639999,32.738998,24.330999,56.335999,38.000000,-2328.000000,210.000000,209.000000,345.000000,501.000000
261,1743686365184886,49.083199,-36.573601,37.898701,49.083199,36.042000,91.180000,33.021999,-25.009001,25.830000,32.953999,24.612000,57.169998,9.000000,-2460.000000,-89.000000,512.000000,309.000000,411.000000
263,1743686365189392,49.568600,-36.919201,38.258598,49.568600,36.382000,92.260002,33.376999,-25.271999,26.004000,33.226002,24.761000,57.723000,114.000000,-2562.000000,-29.000000,-25.000000,80.000000,414.000000
264,1743686365193883,49.811298,-37.092098,38.438599,49.811298,36.551998,92.800003,33.689999,-25.510000,26.330999,33.673000,24.954000,58.403000,85.000000,-2935.000000,-503.000000,-299.000000,326.000000,602.000000
266,1743686365199437,50.296700,-37.437698,38.798599,50.296700,36.891998,93.879997,34.056999,-25.731001,26.562000,33.974998,25.198000,59.077000,377.000000,-2925.000000,-14.000000,966.000000,398.000000,486.000000
268,1743686365206080,50.782101,-37.783401,39.158501,50.782101,37.231998,94.959999,34.314999,-25.941000,26.788000,34.287998,25.489000,59.938000,599.000000,-2668.000000,163.000000,335.000000,546.000000,1037.000000
269,1743686365210499,51.024799,-37.956200,39.338501,51.024799,37.401901,95.500000,34.762001,-26.273001,27.139999,34.590000,25.721001,60.669998,1370.000000,-3208.000000,815.000000,481.000000,689.000000,1224.000000
271,1743686365214966,51.510201,-38.301899,39.698502,51.510201,37.741901,96.580002,35.009998,-26.455000,27.327000,34.980000,25.934000,61.254002,515.000000,-2354.000000,296.000000,447.000000,379.000000,819.000000
273,1743686365220486,51.995602,-38.647598,40.058399,51.995602,38.081902,97.660004,35.384998,-26.742001,27.525999,35.222000,26.261000,62.092999,119.000000,-1962.000000,65.000000,588.000000,300.000000,586.000000
274,1743686365224984,52.238300,-38.820400,40.238400,52.238300,38.251900,98.199997,35.686001,-26.919001,27.834999,35.650002,26.514999,62.950001,2.000000,-2073.000000,-106.000000,413.000000,330.000000,567.000000
276,1743686365230538,52.723598,-39.166100,40.598400,52.723598,38.591900,99.279999,36.095001,-27.191999,28.122000,36.028999,26.783001,63.683998,4.000000,-2627.000000,-221.000000,-141.000000,206.000000,600.000000
277,1743686365235117,52.966301,-39.338902,40.778400,52.966301,38.761902,99.820000,36.478001,-27.482000,28.393999,36.400002,26.922001,64.255997,221.000000,-2717.000000,-476.000000,-51.000000,282.000000,515.000000
279,1743686365240663,53.451698,-39.684601,41.138302,53.451698,39.101799,100.900002,36.784000,-27.702999,28.618000,36.716999,27.148001,65.241997,-237.000000,-2327.000000,-166.000000,406.000000,199.000000,255.000000
280,1743686365245150,53.694401,-39.857498,41.318298,53.694401,39.271801,101.440002,37.026001,-27.872000,28.791000,36.911999,27.329000,65.762001,128.000000,-2284.000000,540.000000,298.000000,564.000000,852.000000
282,1743686365250672,54.179798,-40.203098,41.678299,54.179798,39.611801,102.519997,37.452999,-28.179001,29.122000,37.235001,27.580999,66.433998,1281.000000,-2811.000000,638.000000,391.000000,808.000000,1162.000000
284,1743686365255136,54.665199,-40.548801,42.038200,54.665199,39.951801,103.599998,37.714001,-28.370001,29.320999,37.629002,27.889999,67.306000,427.000000,-2119.000000,-216.000000,181.000000,202.000000,611.000000
285,1743686365260698,54.907902,-40.721600,42.218201,54.907902,40.121799,104.139999,38.105999,-28.648001,29.608000,38.015999,28.127001,68.057999,49.000000,-1822.000000,262.000000,782.000000,432.000000,443.000000
287,1743686365265249,55.393299,-41.067299,42.578201,55.393299,40.461700,105.220001,38.479000,-28.920000,29.895000,38.351002,28.281000,68.585999,30.000000,-1953.000000,270.000000,639.000000,442.000000,542.000000
289,1743686365270853,55.878700,-41.412998,42.938099,55.878700,40.801701,106.300003,38.716999,-29.106001,30.091000,38.651001,28.593000,69.417999,127.000000,-2258.000000,132.000000,-102.000000,459.000000,409.000000
290,1743686365275329,56.121399,-41.585800,43.118099,56.121399,40.971699,106.839996,39.085999,-29.375999,30.358999,39.008999,28.819000,69.946999,31.000000,-2408.000000,-453.000000,376.000000,373.000000,547.000000
292,1743686365281986,56.606800,-41.931499,43.478100,56.606800,41.311699,107.919998,39.433998,-29.514000,30.502001,39.237000,29.038000,70.735001,853.000000,-2600.000000,69.000000,799.000000,433.000000,895.000000
294,1743686365287595,57.092201,-42.277199,43.838001,57.092201,41.651699,109.000000,39.689999,-29.788000,30.782000,39.606998,29.139000,71.305000,1543.000000,-3343.000000,754.000000,334.000000,658.000000,972.000000
295,1743686365291981,57.334900,-42.450001,44.018002,57.334900,41.821701,109.540001,40.076000,-30.083000,31.080999,39.880001,29.427999,72.081001,571.000000,-2389.000000,250.000000,571.000000,636.000000,503.000000
297,1743686365297581,57.820301,-42.795700,44.377998,57.820301,42.161598,110.620003,40.314999,-30.270000,31.271000,40.242001,29.617001,72.625999,73.000000,-2293.000000,127.000000,738.000000,315.000000,659.000000
298,1743686365302045,58.063000,-42.968498,44.557899,58.063000,42.331600,111.160004,40.686001,-30.539000,31.473000,40.494999,29.871000,73.460999,157.000000,-2128.000000,225.000000,-11.000000,173.000000,579.000000
300,1743686365307601,58.548401,-43.314201,44.917900,58.548401,42.671600,112.239998,40.936001,-30.709000,31.750000,40.897999,30.150000,74.281998,59.000000,-2039.000000,-227.000000,-37.000000,432.000000,454.000000
302,1743686365312071,59.033798,-43.659901,45.277901,59.033798,43.011600,113.320000,41.363998,-31.037001,32.027000,41.283001,30.384001,74.805000,161.000000,-2146.000000,-215.000000,-27.000000,327.000000,465.000000
303,1743686365317647,59.276402,-43.832699,45.457802,59.276402,43.181599,113.860001,41.619999,-31.205999,32.268002,41.597000,30.617001,75.450996,397.000000,-2439.000000,377.000000,1184.000000,266.000000,1151.000000
305,1743686365323238,59.761799,-44.178398,45.817799,59.761799,43.521500,114.940002,41.944000,-31.416000,32.495998,41.875000,30.917999,76.403000,1611.000000,-3136.000000,1301.000000,424.000000,736.000000,1900.000000
307,1743686365328798,60.247200,-44.524101,46.177799,60.247200,43.861500,116.019997,42.355999,-31.716999,32.808998,42.257999,31.049999,77.019997,1324.000000,-2798.000000,505.000000,183.000000,673.000000,1103.000000
308,1743686365333235,60.489899,-44.696899,46.357700,60.489899,44.031502,116.559998,42.799999,-32.025002,33.014999,42.564999,31.337000,77.930000,17.000000,-2358.000000,-283.000000,443.000000,422.000000,566.000000
310,1743686365338861,60.975300,-45.042599,46.717701,60.975300,44.371498,117.639999,43.055000,-32.194000,33.298000,42.984001,31.648001,78.848000,-47.000000,-2379.000000,58.000000,678.000000,342.000000,492.000000
311,1743686365343312,61.217999,-45.215401,46.897701,61.217999,44.541500,118.180000,43.480999,-32.488998,33.622002,43.384998,31.834999,79.432999,-60.000000,-2191.000000,-68.000000,802.000000,404.000000,493.000000
313,1743686365348821,61.703400,-45.561100,47.257599,61.703400,44.881401,119.260002,43.875000,-32.799000,33.931999,43.790001,32.153999,80.299004,-12.000000,-2635.000000,-301.000000,769.000000,325.000000,461.000000
315,1743686365353214,62.188801,-45.906799,47.617599,62.188801,45.221401,120.339996,44.195000,-33.041000,34.164001,44.090000,32.438000,81.030998,-240.000000,-2071.000000,-361.000000,-49.000000,134.000000,408.000000
316,1743686365358718,62.431499,-46.079601,47.797600,62.431499,45.391399,120.879997,44.527000,-33.265999,34.394001,44.421001,32.544998,81.654999,1127.000000,-2408.000000,1256.000000,782.000000,507.000000,1111.000000
318,1743686365363252,62.916901,-46.425301,48.157501,62.916901,45.731400,121.959999,44.943001,-33.558998,34.707001,44.833000,32.842999,82.566002,861.000000,-2146.000000,794.000000,190.000000,714.000000,799.000000
320,1743686365368864,63.402302,-46.770901,48.517502,63.402302,46.071400,123.040001,44.943001,-33.558998,34.707001,44.833000,32.842999,82.566002,861.000000,-2146.000000,794.000000,190.000000,714.000000,799.000000
321,1743686365373334,63.645000,-46.943802,48.697498,63.645000,46.241402,123.580002,45.185001,-33.731998,34.881001,45.105000,33.240002,83.458000,138.000000,-1781.000000,199.000000,511.000000,513.000000,612.000000
323,1743686365378881,64.130402,-47.289501,49.057499,64.130402,46.581299,124.660004,45.570999,-34.016998,35.167000,45.504002,33.488998,84.328003,55.000000,-2021.000000,-3.000000,377.000000,105.000000,503.000000
324,1743686365383389,64.373100,-47.462299,49.237400,64.373100,46.751301,125.199997,45.943001,-34.299999,35.473000,45.883999,33.667999,84.928001,88.000000,-1840.000000,108.000000,69.000000,375.000000,573.000000
326,1743686365387896,64.858498,-47.807999,49.597401,64.858498,47.091301,126.279999,46.198002,-34.498001,35.672001,46.115002,33.842999,85.699997,84.000000,-2344.000000,163.000000,811.000000,818.000000,418.000000
327,1743686365393367,65.101196,-47.980801,49.777401,65.101196,47.261299,126.820000,46.597000,-34.778999,35.959000,46.501999,34.067001,86.251999,14.000000,-2051.000000,-165.000000,785.000000,366.000000,581.000000
329,1743686365398907,65.586601,-48.326500,50.137299,65.586601,47.601299,127.900002,46.855000,-34.959000,36.161999,46.771000,34.362000,87.296997,253.000000,-2045.000000,316.000000,73.000000,420.000000,924.000000
330,1743686365403372,65.829201,-48.499298,50.317299,65.829201,47.771301,128.440002,47.344002,-35.223000,36.433998,47.172001,34.576000,88.014999,1586.000000,-2826.000000,1302.000000,407.000000,922.000000,1480.000000
332,1743686365407893,66.314598,-48.845001,50.677299,66.314598,48.111198,129.520004,47.616001,-35.530998,36.745998,47.626999,34.887001,88.920998,301.000000,-1853.000000,257.000000,171.000000,463.000000,663.000000
334,1743686365413447,66.800003,-49.190701,51.037201,66.800003,48.451199,130.600006,47.904999,-35.722000,36.951000,47.862999,35.097000,89.541000,93.000000,-1658.000000,194.000000,758.000000,369.000000,550.000000
335,1743686365417882,67.042702,-49.363499,51.217201,67.042702,48.621201,131.139999,48.327000,-36.004002,37.257000,48.206001,35.332001,90.330002,25.000000,-2062.000000,61.000000,680.000000,354.000000,507.000000
337,1743686365423470,67.528099,-49.709202,51.577202,67.528099,48.961201,132.220001,48.743000,-36.293999,37.556000,48.598000,35.636002,91.216003,-66.000000,-2387.000000,-415.000000,396.000000,436.000000,521.000000
338,1743686365427958,67.770798,-49.882000,51.757198,67.770798,49.131199,132.759995,49.074001,-36.535999,37.801998,48.949001,35.867001,91.941002,90.000000,-2465.000000,50.000000,66.000000,403.000000,535.000000
340,1743686365433588,68.256203,-50.227699,52.117100,68.256203,49.471100,133.839996,49.449001,-36.716000,37.990002,49.224998,36.035000,92.482002,389.000000,-2394.000000,296.000000,890.000000,501.000000,943.000000
341,1743686365438074,68.498901,-50.400501,52.297100,68.498901,49.641102,134.380005,49.765999,-37.014000,38.324001,49.713001,36.271999,93.231003,1815.000000,-3216.000000,1322.000000,1267.000000,967.000000,1540.000000
343,1743686365443574,68.984299,-50.746201,52.657101,68.984299,49.981098,135.460007,50.200001,-37.332001,38.653999,50.007000,36.605999,94.198997,438.000000,-1904.000000,195.000000,250.000000,509.000000,696.000000
344,1743686365448091,69.226997,-50.918999,52.837002,69.226997,50.151100,136.000000,50.486000,-37.536999,38.855000,50.411999,36.903999,95.013000,68.000000,-1598.000000,87.000000,114.000000,298.000000,428.000000
346,1743686365453665,69.712402,-51.264702,53.196999,69.712402,50.491100,137.080002,50.891998,-37.841999,39.171001,50.799000,37.164001,95.939003,-33.000000,-1515.000000,356.000000,2.000000,557.000000,483.000000
348,1743686365458219,70.197800,-51.610401,53.556999,70.197800,50.831100,138.160004,51.269001,-38.146999,39.479000,51.167999,37.359001,96.560997,-126.000000,-2105.000000,266.000000,195.000000,457.000000,482.000000
349,1743686365463769,70.440498,-51.783199,53.736900,70.440498,51.000999,138.699997,51.674999,-38.438999,39.674000,51.443001,37.653999,97.399002,156.000000,-2138.000000,8.000000,878.000000,566.000000,633.000000
351,1743686365468250,70.925903,-52.128899,54.096901,70.925903,51.341000,139.779999,51.674999,-38.438999,39.674000,51.443001,37.653999,97.399002,156.000000,-2138.000000,8.000000,878.000000,566.000000,633.000000
353,1743686365473821,71.411301,-52.474602,54.456902,71.411301,51.681000,140.860001,52.358002,-38.898998,40.273998,52.174999,38.085999,98.966003,1009.000000,-2525.000000,934.000000,378.000000,799.000000,1212.000000
354,1743686365478279,71.653999,-52.647400,54.636799,71.653999,51.851002,141.399994,52.646999,-39.109001,40.493999,52.617001,38.457001,99.817001,455.000000,-1965.000000,407.000000,171.000000,743.000000,577.000000
356,1743686365483780,72.139397,-52.993099,54.996799,72.139397,52.191002,142.479996,52.646999,-39.109001,40.493999,52.617001,38.457001,99.817001,455.000000,-1965.000000,407.000000,171.000000,743.000000,577.000000
357,1743686365488214,72.382004,-53.165901,55.176800,72.382004,52.361000,143.020004,53.064999,-39.410000,40.806000,53.000000,38.717999,100.782997,-71.000000,-1719.000000,48.000000,193.000000,160.000000,479.000000
359,1743686365493726,72.867401,-53.511600,55.536701,72.867401,52.700901,144.100006,53.492001,-39.708000,41.123001,53.389000,38.888000,101.367996,-137.000000,-1719.000000,207.000000,293.000000,277.000000,563.000000
360,1743686365498245,73.110100,-53.684399,55.716702,73.110100,52.870899,144.639999,53.778999,-39.896000,41.334000,53.650002,39.195000,102.299004,-190.000000,-1971.000000,145.000000,792.000000,645.000000,462.000000
362,1743686365503764,73.595497,-54.030102,56.076698,73.595497,53.210899,145.720001,54.168999,-40.188999,41.591000,54.088001,39.449001,102.899002,-259.000000,-1845.000000,-51.000000,709.000000,437.000000,564.000000
364,1743686365510462,74.080902,-54.375801,56.436600,74.080902,53.550900,146.800003,54.563999,-40.476002,41.881001,54.381001,39.701000,103.772003,49.000000,-1761.000000,319.000000,21.000000,291.000000,584.000000
366,1743686365514914,74.566299,-54.721401,56.796600,74.566299,53.890900,147.880005,54.819000,-40.667999,42.087002,54.784000,39.859001,104.387001,614.000000,-2554.000000,871.000000,644.000000,475.000000,912.000000
367,1743686365519402,74.808998,-54.894299,56.976601,74.808998,54.060799,148.419998,55.264999,-40.977001,42.403000,55.185001,40.122002,105.273003,885.000000,-2019.000000,891.000000,760.000000,841.000000,1280.000000
369,1743686365524940,75.294403,-55.240002,57.336498,75.294403,54.400799,149.500000,55.574001,-41.188999,42.625000,55.459000,40.448002,106.168999,171.000000,-1597.000000,429.000000,316.000000,581.000000,780.000000
370,1743686365529407,75.537102,-55.412800,57.516499,75.537102,54.570801,150.039993,56.020000,-41.492001,42.966000,55.860001,40.729000,107.123001,-125.000000,-1385.000000,210.000000,350.000000,302.000000,519.000000
372,1743686365534913,76.022499,-55.758499,57.876499,76.022499,54.910801,151.119995,56.258999,-41.673000,43.151001,56.159000,40.943001,107.752998,-25.000000,-1863.000000,29.000000,115.000000,483.000000,484.000000
373,1743686365539355,76.265198,-55.931301,58.056499,76.265198,55.080799,151.660004,56.667999,-41.977001,43.456001,56.597000,41.213001,108.627998,-84.000000,-1809.000000,268.000000,293.000000,346.000000,533.000000
375,1743686365544993,76.750603,-56.277000,58.416401,76.750603,55.420799,152.740005,57.009998,-42.209000,43.695999,56.910999,41.443001,109.375000,-103.000000,-1625.000000,42.000000,703.000000,495.000000,420.000000
377,1743686365549492,77.236000,-56.622700,58.776402,77.236000,55.760700,153.820007,57.405998,-42.484001,43.990002,57.296001,41.706001,110.200996,534.000000,-1997.000000,936.000000,1228.000000,813.000000,987.000000
378,1743686365553998,77.478699,-56.795502,58.956402,77.478699,55.930698,154.360001,57.695999,-42.680000,44.199001,57.556999,41.896000,110.834999,1336.000000,-2439.000000,1228.000000,615.000000,774.000000,1082.000000
380,1743686365559642,77.964104,-57.141201,59.316299,77.964104,56.270699,155.440002,58.125000,-42.992001,44.527000,58.013000,42.209000,111.762001,361.000000,-1800.000000,397.000000,13.000000,628.000000,446.000000
381,1743686365564186,78.206802,-57.313999,59.496300,78.206802,56.440701,155.979996,58.508999,-43.277000,44.828999,58.429001,42.408001,112.365997,-211.000000,-1445.000000,473.000000,-68.000000,337.000000,623.000000
383,1743686365569731,78.692200,-57.659698,59.856300,78.692200,56.780701,157.059998,58.816002,-43.514000,45.074001,58.698002,42.714001,113.279999,-121.000000,-1681.000000,294.000000,618.000000,470.000000,563.000000
384,1743686365574176,78.934799,-57.832500,60.036201,78.934799,56.950699,157.600006,59.189999,-43.790001,45.356998,59.110001,42.916000,113.892998,-44.000000,-1949.000000,-78.000000,685.000000,614.000000,499.000000
386,1743686365579749,79.420197,-58.178200,60.396198,79.420197,57.290600,158.679993,59.595001,-44.081001,45.549999,59.369999,43.209999,114.750000,-134.000000,-1645.000000,14.000000,341.000000,421.000000,501.000000
388,1743686365586427,79.905602,-58.523899,60.756199,79.905602,57.630600,159.759995,59.922001,-44.327000,45.883999,59.841000,43.445999,115.499001,284.000000,-1891.000000,527.000000,546.000000,561.000000,1041.000000
390,1743686365590911,80.390999,-58.869499,61.116100,80.390999,57.970600,160.839996,60.187000,-44.515999,46.076000,60.082001,43.700001,116.362999,948.000000,-2093.000000,1192.000000,844.000000,830.000000,1012.000000
391,1743686365595404,80.633698,-59.042400,61.296101,80.633698,58.140598,161.380005,60.632999,-44.810001,46.382000,60.542000,43.887001,116.970001,702.000000,-1880.000000,716.000000,601.000000,677.000000,911.000000
393,1743686365601015,81.119102,-59.388000,61.656101,81.119102,58.480598,162.460007,61.091999,-45.105000,46.605999,60.860001,44.209000,117.917000,3.000000,-1479.000000,459.000000,434.000000,686.000000,644.000000
394,1743686365605524,81.361801,-59.560902,61.835999,81.361801,58.650501,163.000000,61.339001,-45.313999,46.915001,61.283001,44.568001,118.859001,-330.000000,-1792.000000,232.000000,304.000000,513.000000,435.000000
396,1743686365611055,81.847198,-59.906601,62.195999,81.847198,58.990501,164.080002,61.743999,-45.615002,47.245998,61.571999,44.726002,119.425003,-137.000000,-1520.000000,-42.000000,244.000000,222.000000,580.000000
397,1743686365615502,82.089897,-60.079399,62.375999,82.089897,59.160500,164.619995,62.074001,-45.854000,47.499001,62.041000,44.903000,120.037003,-269.000000,-1464.000000,228.000000,75.000000,550.000000,397.000000
399,1743686365621025,82.575302,-60.425098,62.735901,82.575302,59.500500,165.699997,62.471001,-46.162998,47.756001,62.299999,45.192001,120.885002,478.000000,-1909.000000,870.000000,677.000000,764.000000,1147.000000
401,1743686365626531,83.060699,-60.770699,63.095901,83.060699,59.840500,166.779999,62.826000,-46.409000,48.064999,62.747002,45.481998,121.797997,427.000000,-1529.000000,573.000000,778.000000,603.000000,705.000000
402,1743686365631030,83.303398,-60.943600,63.275902,83.303398,60.010502,167.320007,63.132000,-46.602001,48.264000,63.057999,45.756001,122.740997,289.000000,-1527.000000,330.000000,523.000000,557.000000,528.000000
404,1743686365636663,83.788803,-61.289299,63.635799,83.788803,60.350399,168.399994,63.528000,-46.884998,48.543999,63.472000,45.970001,123.386002,-39.000000,-1477.000000,636.000000,223.000000,594.000000,512.000000
406,1743686365641150,84.274200,-61.634899,63.995800,84.274200,60.690399,169.479996,63.946999,-47.195000,48.865002,63.751999,46.259998,124.280998,-118.000000,-1689.000000,298.000000,139.000000,489.000000,520.000000
407,1743686365646712,84.516899,-61.807800,64.175797,84.516899,60.860401,170.020004,64.223000,-47.389000,49.066002,64.147003,46.539001,125.180000,-143.000000,-1427.000000,259.000000,342.000000,485.000000,433.000000
409,1743686365651227,85.002296,-62.153400,64.535698,85.002296,61.200401,171.100006,64.633003,-47.667999,49.361000,64.488998,46.789001,125.973000,-198.000000,-1247.000000,389.000000,679.000000,516.000000,433.000000
410,1743686365656774,85.245003,-62.326302,64.715698,85.245003,61.370399,171.639999,64.976997,-47.908001,49.622002,64.815002,46.896999,126.282997,-406.000000,-1354.000000,385.000000,511.000000,465.000000,422.000000
412,1743686365662341,85.730301,-62.672001,65.075699,85.730301,61.710300,172.720001,65.375999,-48.186001,49.908001,65.135002,47.238998,127.358002,1458.000000,-2227.000000,1458.000000,518.000000,934.000000,1371.000000
414,1743686365667943,86.215698,-63.017601,65.435600,86.215698,62.050301,173.800003,65.612999,-48.352001,50.081001,65.551003,47.550999,128.281006,1352.000000,-2265.000000,1563.000000,614.000000,733.000000,1573.000000
415,1743686365672451,86.458397,-63.190498,65.615601,86.458397,62.220299,174.339996,66.044998,-48.665001,50.438999,65.847000,47.747002,128.929001,222.000000,-1611.000000,570.000000,685.000000,667.000000,656.000000
417,1743686365678039,86.943802,-63.536098,65.975601,86.943802,62.560299,175.419998,66.337997,-48.882000,50.667000,66.259003,48.118000,129.942993,21.000000,-1868.000000,341.000000,669.000000,495.000000,477.000000
419,1743686365682494,87.429199,-63.881802,66.335503,87.429199,62.900299,176.500000,66.803001,-49.187000,50.980000,66.695000,48.432999,130.858994,-147.000000,-1696.000000,-282.000000,688.000000,281.000000,471.000000
420,1743686365687005,87.671898,-64.054604,66.515503,87.671898,63.070202,177.039993,67.224998,-49.500000,51.304001,67.147003,48.591999,131.417999,-202.000000,-1649.000000,489.000000,623.000000,280.000000,553.000000
422,1743686365692605,88.157303,-64.400299,66.875504,88.157303,63.410198,178.119995,67.574997,-49.751999,51.567001,67.461998,48.890999,132.518997,-142.000000,-1398.000000,310.000000,0.000000,465.000000,580.000000
423,1743686365697100,88.400002,-64.573196,67.055496,88.400002,63.580200,178.660004,67.855003,-49.959999,51.780998,67.739998,49.095001,133.151993,192.000000,-1420.000000,877.000000,654.000000,914.000000,970.000000
425,1743686365702631,88.885399,-64.918800,67.415398,88.885399,63.920200,179.740005,68.320999,-50.291000,52.125999,68.103996,49.345001,133.953003,1302.000000,-2240.000000,1461.000000,1162.000000,831.000000,1374.000000
426,1743686365707124,89.128098,-65.091698,67.595398,89.128098,64.090202,180.279999,68.620003,-50.504002,52.348999,68.533997,49.659000,134.929001,401.000000,-1456.000000,503.000000,468.000000,575.000000,661.000000
428,1743686365712689,89.613503,-65.437302,67.955399,89.613503,64.430199,181.360001,69.045998,-50.835999,52.685001,68.973000,50.015999,135.936996,-302.000000,-1549.000000,527.000000,593.000000,539.000000,561.000000
430,1743686365717188,90.098900,-65.782997,68.315300,90.098900,64.770103,182.440002,69.325996,-51.041000,52.893002,69.231003,50.199001,136.582993,-359.000000,-1299.000000,262.000000,127.000000,308.000000,518.000000
431,1743686365722749,90.341599,-65.955902,68.495300,90.341599,64.940102,182.979996,69.767998,-51.342999,53.202000,69.702003,50.451000,137.417999,-243.000000,-1262.000000,301.000000,149.000000,640.000000,555.000000
433,1743686365727294,90.827003,-66.301498,68.855301,90.827003,65.280098,184.059998,70.219002,-51.660000,53.523998,70.121002,50.657001,138.080994,-151.000000,-1234.000000,606.000000,1.000000,895.000000,425.000000
435,1743686365732926,91.312401,-66.647202,69.215202,91.312401,65.620102,185.139999,70.219002,-51.660000,53.523998,70.121002,50.657001,138.080994,-151.000000,-1234.000000,606.000000,1.000000,895.000000,425.000000
436,1743686365738487,91.555099,-66.820000,69.395203,91.555099,65.790100,185.679993,70.901001,-52.157001,54.019001,70.802002,51.132999,139.457001,445.000000,-1386.000000,1171.000000,1033.000000,736.000000,957.000000
437,1743686365741844,91.797798,-66.992897,69.575203,91.797798,65.960098,186.220001,70.901001,-52.157001,54.019001,70.802002,51.132999,139.457001,445.000000,-1386.000000,1171.000000,1033.000000,736.000000,957.000000
439,1743686365747441,92.283096,-67.338600,69.935204,92.283096,66.300003,187.300003,71.328003,-52.465000,54.346001,71.109001,51.464001,140.612000,914.000000,-1639.000000,945.000000,610.000000,787.000000,940.000000
440,1743686365751930,92.525803,-67.511398,70.115097,92.525803,66.470001,187.839996,71.621002,-52.678001,54.584999,71.561996,51.796001,141.563995,4.000000,-1319.000000,639.000000,143.000000,707.000000,608.000000
442,1743686365757423,93.011200,-67.857101,70.475098,93.011200,66.809998,188.919998,72.081001,-52.993000,54.922001,72.019997,52.112999,142.531998,-216.000000,-1175.000000,231.000000,188.000000,279.000000,490.000000
444,1743686365762894,93.496597,-68.202698,70.835098,93.496597,67.150002,190.000000,72.513000,-53.291000,55.217999,72.422997,52.299999,143.091995,-117.000000,-1182.000000,452.000000,149.000000,335.000000,404.000000
445,1743686365767397,93.739304,-68.375603,71.014999,93.739304,67.320000,190.539993,72.799004,-53.488998,55.430000,72.709999,52.535999,144.011993,-340.000000,-1183.000000,481.000000,257.000000,453.000000,562.000000
447,1743686365772983,94.224701,-68.721298,71.375000,94.224701,67.659897,191.619995,73.149002,-53.737999,55.695999,73.041000,52.785999,144.819000,-285.000000,-1161.000000,598.000000,640.000000,760.000000,598.000000
449,1743686365778543,94.710098,-69.066902,71.735001,94.710098,67.999901,192.699997,73.569000,-54.043999,56.033001,73.431000,53.096001,145.753998,407.000000,-1889.000000,1217.000000,1002.000000,803.000000,1049.000000
450,1743686365783064,94.952797,-69.239799,71.914902,94.952797,68.169899,193.240005,73.980003,-54.320999,56.347000,73.885002,53.305000,146.384003,1205.000000,-2098.000000,1191.000000,1026.000000,854.000000,1536.000000
452,1743686365788679,95.438202,-69.585403,72.274902,95.438202,68.509903,194.320007,74.285004,-54.532001,56.568001,74.233002,53.653999,147.406006,323.000000,-1489.000000,528.000000,251.000000,714.000000,614.000000
453,1743686365793164,95.680901,-69.758301,72.454903,95.680901,68.679901,194.860001,74.731003,-54.852001,56.887001,74.632004,53.889999,147.988007,-248.000000,-1291.000000,559.000000,-52.000000,450.000000,663.000000
455,1743686365798723,96.166298,-70.103897,72.814796,96.166298,69.019897,195.940002,75.165001,-55.178001,57.223000,75.066002,54.143002,148.970993,-321.000000,-1064.000000,430.000000,156.000000,328.000000,527.000000
457,1743686365803193,96.651703,-70.449600,73.174797,96.651703,69.359802,197.020004,75.467003,-55.386002,57.419998,75.330002,54.452000,149.972000,-236.000000,-865.000000,320.000000,647.000000,723.000000,517.000000
458,1743686365808773,96.894402,-70.622498,73.354797,96.894402,69.529800,197.559998,75.897003,-55.681000,57.705002,75.774002,54.647999,150.567001,-332.000000,-1186.000000,590.000000,668.000000,582.000000,500.000000
460,1743686365814404,97.379799,-70.968102,73.714699,97.379799,69.869797,198.639999,76.171997,-55.902000,57.914001,76.070000,54.938000,151.531006,-277.000000,-1049.000000,531.000000,326.000000,461.000000,644.000000
462,1743686365818881,97.865196,-71.313797,74.074699,97.865196,70.209801,199.720001,76.656998,-56.262001,58.275002,76.552002,55.185001,152.313004,1134.000000,-1742.000000,1545.000000,953.000000,888.000000,1013.000000
463,1743686365823387,98.107903,-71.486603,74.254700,98.107903,70.379799,200.259995,76.931000,-56.458000,58.484001,76.817001,55.487000,153.207001,737.000000,-1541.000000,1074.000000,272.000000,654.000000,564.000000
464,1743686365827913,98.350601,-71.659500,74.434700,98.350601,70.549797,200.800003,77.372002,-56.762001,58.835999,77.140999,55.681999,153.856003,-92.000000,-1335.000000,604.000000,426.000000,676.000000,619.000000
466,1743686365833419,98.835899,-72.005203,74.794601,98.835899,70.889702,201.880005,77.665001,-56.979000,59.064999,77.607002,56.043999,154.850006,-304.000000,-1145.000000,919.000000,412.000000,573.000000,526.000000
468,1743686365838885,99.321297,-72.350800,75.154602,99.321297,71.229698,202.960007,78.098999,-57.314999,59.396000,77.996002,56.331001,155.770996,-267.000000,-820.000000,658.000000,468.000000,333.000000,521.000000
469,1743686365843317,99.564003,-72.523697,75.334602,99.564003,71.399696,203.500000,78.526001,-57.627998,59.712002,78.449997,56.516998,156.421005,-218.000000,-767.000000,605.000000,566.000000,388.000000,510.000000
471,1743686365848810,100.049004,-72.869301,75.694504,100.049004,71.739700,204.580002,78.736000,-57.777000,59.859001,78.675003,56.766998,157.184998,-349.000000,-704.000000,578.000000,139.000000,638.000000,1099.000000
473,1743686365854394,100.535004,-73.214996,76.054497,100.535004,72.079697,205.660004,79.200996,-58.101002,60.206001,79.170998,56.998001,157.992004,799.000000,-2119.000000,1715.000000,662.000000,807.000000,1176.000000
474,1743686365858933,100.778000,-73.387901,76.234497,100.778000,72.249603,206.199997,79.654999,-58.414001,60.438000,79.472000,57.326000,159.007004,498.000000,-1398.000000,1507.000000,514.000000,776.000000,725.000000
476,1743686365864524,101.263000,-73.733498,76.594398,101.263000,72.589600,207.279999,79.949997,-58.618000,60.784000,79.913002,57.570999,159.550995,-190.000000,-1165.000000,607.000000,445.000000,645.000000,716.000000
478,1743686365870151,101.748001,-74.079201,76.954399,101.748001,72.929604,208.360001,80.231003,-58.828999,61.025002,80.178001,57.884998,160.582993,-180.000000,-995.000000,536.000000,360.000000,235.000000,485.000000
479,1743686365874656,101.990997,-74.251999,77.134399,101.990997,73.099602,208.899994,80.668999,-59.144001,61.363998,80.609001,58.141998,161.610001,-196.000000,-1026.000000,434.000000,539.000000,406.000000,550.000000
481,1743686365879155,102.475998,-74.597702,77.494301,102.475998,73.439598,209.979996,81.162003,-59.438000,61.648998,81.056999,58.456001,162.541000,-239.000000,-1057.000000,620.000000,603.000000,774.000000,524.000000
482,1743686365884644,102.719002,-74.770500,77.674301,102.719002,73.609596,210.520004,81.500000,-59.712002,61.911999,81.445000,58.665001,163.037994,-334.000000,-1270.000000,802.000000,131.000000,609.000000,575.000000
484,1743686365890188,103.204002,-75.116203,78.034302,103.204002,73.949501,211.600006,81.796997,-59.925999,62.123001,81.708000,58.930000,164.009003,72.000000,-1319.000000,1288.000000,471.000000,505.000000,1019.000000
486,1743686365895636,103.690002,-75.461899,78.394203,103.690002,74.289497,212.679993,82.308998,-60.282001,62.483002,82.190002,59.150002,164.738007,663.000000,-1506.000000,1429.000000,415.000000,892.000000,1201.000000
487,1743686365900039,103.932999,-75.634697,78.574203,103.932999,74.459503,213.220001,82.761002,-60.481998,62.695999,82.474998,59.480000,165.757996,43.000000,-1457.000000,1047.000000,455.000000,820.000000,566.000000
489,1743686365905565,104.417999,-75.980400,78.934196,104.417999,74.799500,214.300003,83.081001,-60.798000,63.027000,82.988998,59.679001,166.419998,-270.000000,-968.000000,905.000000,430.000000,537.000000,641.000000
490,1743686365910104,104.661003,-76.153198,79.114098,104.661003,74.969498,214.839996,83.393997,-61.023998,63.229000,83.280998,60.041000,167.449005,-210.000000,-1032.000000,748.000000,218.000000,477.000000,601.000000
492,1743686365915675,105.146004,-76.498901,79.474098,105.146004,75.309402,215.919998,83.817001,-61.365002,63.570999,83.740997,60.323002,168.445007,-414.000000,-783.000000,995.000000,478.000000,409.000000,527.000000
494,1743686365921245,105.630997,-76.844597,79.834099,105.630997,75.649399,217.000000,84.195000,-61.659000,63.890999,84.155998,60.529999,169.082993,-387.000000,-878.000000,641.000000,147.000000,590.000000,578.000000
495,1743686365925768,105.874001,-77.017403,80.014000,105.874001,75.819397,217.539993,84.195000,-61.659000,63.890999,84.155998,60.529999,169.082993,-387.000000,-878.000000,641.000000,147.000000,590.000000,578.000000
497,1743686365930362,106.360001,-77.363098,80.374001,106.360001,76.159401,218.619995,84.920998,-62.161999,64.443001,84.862000,61.040001,170.679001,777.000000,-1600.000000,1565.000000,919.000000,846.000000,948.000000
498,1743686365934794,106.601997,-77.535896,80.554001,106.601997,76.329399,219.160004,85.372002,-62.466000,64.750000,85.319000,61.332001,171.623993,225.000000,-818.000000,806.000000,389.000000,600.000000,913.000000
500,1743686365940382,107.087997,-77.881599,80.913902,107.087997,76.669296,220.240005,85.679001,-62.667999,64.946999,85.605003,61.648998,172.671997,-197.000000,-841.000000,679.000000,279.000000,595.000000,620.000000
501,1743686365944816,107.330002,-78.054497,81.093903,107.330002,76.839302,220.779999,86.126999,-62.992001,65.302002,86.064003,61.856998,173.291000,-406.000000,-965.000000,1076.000000,450.000000,552.000000,595.000000
503,1743686365950278,107.816002,-78.400101,81.453903,107.816002,77.179298,221.860001,86.444000,-63.217999,65.555000,86.348999,62.178001,174.311005,-190.000000,-988.000000,941.000000,-49.000000,708.000000,554.000000
505,1743686365955772,108.301003,-78.745796,81.813797,108.301003,77.519302,222.940002,86.862000,-63.532001,65.897003,86.771004,62.520000,175.266998,-275.000000,-996.000000,620.000000,25.000000,505.000000,528.000000
506,1743686365960185,108.543999,-78.918602,81.993797,108.543999,77.689301,223.479996,86.862000,-63.532001,65.897003,86.771004,62.520000,175.266998,-275.000000,-996.000000,620.000000,25.000000,505.000000,528.000000
508,1743686365965638,109.028999,-79.264297,82.353798,109.028999,78.029297,224.559998,87.651001,-64.112000,66.463997,87.586998,63.050999,176.962997,84.000000,-980.000000,1143.000000,388.000000,775.000000,1086.000000
509,1743686365970108,109.272003,-79.437202,82.533798,109.272003,78.199203,225.100006,87.651001,-64.112000,66.463997,87.586998,63.050999,176.962997,84.000000,-980.000000,1143.000000,388.000000,775.000000,1086.000000
511,1743686365975639,109.757004,-79.782799,82.893700,109.757004,78.539200,226.179993,88.428001,-64.586998,66.960999,88.334000,63.520000,178.647003,-118.000000,-1091.000000,1453.000000,530.000000,673.000000,584.000000
513,1743686365980052,110.242996,-80.128502,83.253700,110.242996,78.879204,227.259995,88.428001,-64.586998,66.960999,88.334000,63.520000,178.647003,-118.000000,-1091.000000,1453.000000,530.000000,673.000000,584.000000
514,1743686365985574,110.485001,-80.301300,83.433701,110.485001,79.049202,227.800003,88.883003,-64.880997,67.313004,88.777000,63.737999,179.272995,-300.000000,-1148.000000,1245.000000,428.000000,649.000000,474.000000
516,1743686365991118,110.971001,-80.647003,83.793602,110.971001,79.389198,228.880005,89.268997,-65.221001,67.644997,89.180000,64.081001,180.266998,-194.000000,-1031.000000,612.000000,464.000000,281.000000,484.000000
517,1743686365995580,111.212997,-80.819801,83.973602,111.212997,79.559196,229.419998,89.545998,-65.440002,67.890999,89.515999,64.365997,181.214996,-245.000000,-751.000000,542.000000,313.000000,360.000000,445.000000
519,1743686366000005,111.698997,-81.165497,84.333603,111.698997,79.899101,230.500000,89.917000,-65.700996,68.149002,89.849998,64.628998,181.994995,-341.000000,-555.000000,650.000000,-146.000000,684.000000,777.000000
521,1743686366005568,112.183998,-81.511200,84.693497,112.183998,80.239098,231.580002,90.350998,-66.010002,68.438004,90.250999,64.849998,182.574005,176.000000,-1165.000000,1432.000000,772.000000,620.000000,1339.000000
522,1743686366010001,112.427002,-81.683998,84.873497,112.427002,80.409103,232.119995,90.783997,-66.324997,68.737000,90.705002,65.132004,183.576004,-218.000000,-992.000000,955.000000,258.000000,514.000000,749.000000
524,1743686366015541,112.912003,-82.029701,85.233498,112.912003,80.749100,233.199997,91.053001,-66.527000,68.945999,91.019997,65.456001,184.533997,-358.000000,-789.000000,769.000000,353.000000,647.000000,608.000000
525,1743686366019994,113.154999,-82.202499,85.413399,113.154999,80.919098,233.740005,91.439003,-66.803001,69.240997,91.391998,65.654999,185.199005,-432.000000,-650.000000,1177.000000,188.000000,366.000000,546.000000
527,1743686366025539,113.639999,-82.548203,85.773399,113.639999,81.259003,234.820007,91.731003,-67.001999,69.470001,91.681999,65.912003,186.160004,-241.000000,-996.000000,1142.000000,89.000000,472.000000,503.000000
528,1743686366029981,113.883003,-82.721100,85.953400,113.883003,81.429001,235.360001,92.176003,-67.320999,69.792000,92.155998,66.233002,187.048996,661.000000,-1252.000000,1340.000000,330.000000,1001.000000,1531.000000
530,1743686366035551,114.369003,-83.066704,86.313301,114.369003,81.768997,236.440002,92.624001,-67.638000,70.107002,92.577003,66.389000,187.542999,422.000000,-1371.000000,1523.000000,72.000000,820.000000,1064.000000
532,1743686366040015,114.853996,-83.412399,86.673302,114.853996,82.109001,237.520004,92.927002,-67.851997,70.346001,92.874001,66.727997,188.707993,297.000000,-914.000000,1776.000000,618.000000,591.000000,641.000000
533,1743686366045570,115.097000,-83.585197,86.853302,115.097000,82.278999,238.059998,93.377998,-68.164001,70.719002,93.290001,66.960999,189.393005,-546.000000,-582.000000,941.000000,438.000000,564.000000,514.000000
535,1743686366050029,115.582001,-83.930901,87.213203,115.582001,82.619003,239.139999,93.820000,-68.446999,71.056000,93.734001,67.274002,190.388000,-617.000000,-829.000000,850.000000,521.000000,382.000000,548.000000
536,1743686366055587,115.824997,-84.103798,87.393204,115.824997,82.788902,239.679993,94.070999,-68.652000,71.278999,94.055000,67.585999,191.332001,-330.000000,-657.000000,489.000000,489.000000,451.000000,553.000000
538,1743686366061192,116.309998,-84.449402,87.753197,116.309998,83.128899,240.759995,94.488998,-68.972000,71.566002,94.477997,67.876999,192.307007,-421.000000,-809.000000,716.000000,188.000000,479.000000,561.000000
540,1743686366065621,116.794998,-84.795097,88.113098,116.794998,83.468903,241.839996,94.831001,-69.237000,71.790001,94.839996,68.009003,192.783005,-96.000000,-1102.000000,999.000000,310.000000,422.000000,592.000000
541,1743686366070108,117.038002,-84.967903,88.293098,117.038002,83.638901,242.380005,95.299004,-69.546997,72.102997,95.169998,68.258003,193.682007,1074.000000,-1758.000000,2212.000000,1277.000000,1030.000000,1634.000000
543,1743686366075718,117.524002,-85.313599,88.653099,117.524002,83.978897,243.460007,95.625999,-69.764000,72.332001,95.600998,68.606003,194.709000,185.000000,-978.000000,1702.000000,247.000000,954.000000,719.000000
544,1743686366080143,117.765999,-85.486397,88.833099,117.765999,84.148903,244.000000,96.083000,-70.077003,72.699997,96.019997,68.968002,195.701996,-515.000000,-815.000000,1113.000000,301.000000,289.000000,595.000000
546,1743686366085638,118.251999,-85.832100,89.193001,118.251999,84.488800,245.080002,96.323997,-70.306999,72.912003,96.313004,69.196999,196.391006,-506.000000,-574.000000,743.000000,185.000000,473.000000,525.000000
547,1743686366090047,118.494003,-86.004997,89.373001,118.494003,84.658798,245.619995,96.751999,-70.611000,73.232002,96.739998,69.476997,197.373993,-453.000000,-475.000000,831.000000,122.000000,342.000000,472.000000
549,1743686366096606,118.980003,-86.350601,89.733002,118.980003,84.998802,246.699997,97.210999,-70.903000,73.529999,97.199997,69.682999,198.018005,-414.000000,-447.000000,839.000000,193.000000,504.000000,601.000000
551,1743686366101068,119.464996,-86.696297,90.092903,119.464996,85.338799,247.779999,97.657997,-71.211998,73.833000,97.501999,69.987999,198.914001,427.000000,-1322.000000,1758.000000,96.000000,699.000000,1015.000000
553,1743686366106583,119.950996,-87.042000,90.452904,119.950996,85.678802,248.860001,97.955002,-71.434998,74.049004,97.897003,70.266998,199.912003,754.000000,-1553.000000,2195.000000,635.000000,793.000000,988.000000
554,1743686366111079,120.193001,-87.214798,90.632896,120.193001,85.848701,249.399994,98.397003,-71.775002,74.417000,98.208000,70.452003,200.606003,-223.000000,-701.000000,1486.000000,276.000000,411.000000,695.000000
556,1743686366116718,120.679001,-87.560501,90.992798,120.679001,86.188698,250.479996,98.700996,-71.987000,74.648003,98.647003,70.778000,201.608002,-471.000000,-580.000000,1296.000000,421.000000,719.000000,489.000000
557,1743686366121214,120.920998,-87.733299,91.172798,120.920998,86.358704,251.020004,99.133003,-72.269997,74.954002,99.078003,71.101997,202.589996,-525.000000,-587.000000,1165.000000,481.000000,505.000000,491.000000
559,1743686366126781,121.406998,-88.079002,91.532799,121.406998,86.698700,252.100006,99.580002,-72.587997,75.289001,99.540001,71.341003,203.274002,-465.000000,-687.000000,772.000000,437.000000,539.000000,564.000000
560,1743686366131235,121.649002,-88.251801,91.712799,121.649002,86.868698,252.639999,99.580002,-72.587997,75.289001,99.540001,71.341003,203.274002,-465.000000,-687.000000,772.000000,437.000000,539.000000,564.000000
562,1743686366136758,122.135002,-88.597504,92.072701,122.135002,87.208702,253.720001,100.280998,-73.096001,75.806999,100.264000,71.834000,204.850998,457.000000,-1456.000000,1526.000000,375.000000,479.000000,1232.000000
563,1743686366141239,122.376999,-88.770401,92.252701,122.376999,87.378601,254.259995,100.280998,-73.096001,75.806999,100.264000,71.834000,204.850998,457.000000,-1456.000000,1526.000000,375.000000,479.000000,1232.000000
565,1743686366146786,122.862999,-89.115997,92.612701,122.862999,87.718597,255.339996,100.750999,-73.384003,76.128998,100.695000,72.209000,206.143005,805.000000,-1248.000000,1820.000000,204.000000,716.000000,894.000000
567,1743686366151292,123.348000,-89.461700,92.972603,123.348000,88.058601,256.420013,101.247002,-73.704002,76.463997,101.157997,72.438004,206.811996,-323.000000,-1058.000000,1273.000000,-103.000000,609.000000,536.000000
568,1743686366155803,123.591003,-89.634499,93.152603,123.591003,88.228600,256.959991,101.541000,-73.939003,76.702003,101.450996,72.816002,207.828995,-475.000000,-835.000000,992.000000,340.000000,408.000000,597.000000
570,1743686366161400,124.075996,-89.980202,93.512604,124.075996,88.568604,258.040009,101.927002,-74.263000,77.040001,101.891998,73.042999,208.468002,-248.000000,-750.000000,1036.000000,483.000000,226.000000,559.000000
572,1743686366168034,124.561996,-90.325897,93.872498,124.561996,88.908501,259.119995,102.356003,-74.577003,77.258003,102.167999,73.294998,209.490005,-294.000000,-284.000000,747.000000,167.000000,399.000000,557.000000
573,1743686366172530,124.804001,-90.498703,94.052498,124.804001,89.078499,259.660004,102.652000,-74.780998,77.568001,102.625999,73.492996,210.139008,593.000000,-1335.000000,1973.000000,736.000000,607.000000,1223.000000
575,1743686366176954,125.290001,-90.844398,94.412498,125.290001,89.418503,260.739990,103.121002,-75.098999,77.887001,103.059998,73.809998,211.085007,143.000000,-973.000000,1724.000000,251.000000,795.000000,854.000000
577,1743686366182456,125.775002,-91.190102,94.772400,125.775002,89.758499,261.820007,103.417999,-75.327003,78.119003,103.365997,74.149002,212.119003,158.000000,-1161.000000,1814.000000,27.000000,698.000000,647.000000
578,1743686366186890,126.017998,-91.362900,94.952400,126.017998,89.928497,262.359985,103.855003,-75.639000,78.483002,103.811996,74.417000,213.123001,-377.000000,-776.000000,1340.000000,47.000000,312.000000,565.000000
580,1743686366192402,126.502998,-91.708603,95.312401,126.502998,90.268501,263.440002,104.128998,-75.848999,78.690002,104.130997,74.608002,213.792999,-540.000000,-489.000000,923.000000,234.000000,540.000000,569.000000
581,1743686366197909,126.746002,-91.881401,95.492302,126.746002,90.438400,263.980011,104.622002,-76.147003,79.023003,104.584000,74.911003,214.800995,-473.000000,-713.000000,1033.000000,248.000000,498.000000,527.000000
583,1743686366202417,127.231003,-92.227097,95.852303,127.231003,90.778397,265.059998,105.058998,-76.477997,79.362000,105.023003,75.119003,215.464996,-599.000000,-832.000000,1325.000000,280.000000,428.000000,525.000000
584,1743686366206882,127.473999,-92.399902,96.032303,127.473999,90.948402,265.600006,105.491997,-76.806000,79.686996,105.309998,75.443001,216.363998,290.000000,-1019.000000,1830.000000,134.000000,636.000000,899.000000
586,1743686366212499,127.959999,-92.745598,96.392197,127.959999,91.288399,266.679993,105.806000,-77.017998,79.908997,105.724998,75.634003,217.033005,667.000000,-984.000000,2345.000000,328.000000,784.000000,1367.000000
587,1743686366217006,128.201996,-92.918404,96.572197,128.201996,91.458397,267.220001,106.294998,-77.324997,80.248001,106.056999,75.981003,218.070007,-347.000000,-874.000000,1292.000000,29.000000,640.000000,778.000000
589,1743686366222522,128.688004,-93.264099,96.932198,128.688004,91.798302,268.299988,106.603996,-77.533997,80.455002,106.529999,76.345001,219.093002,-388.000000,-735.000000,1003.000000,77.000000,516.000000,515.000000
591,1743686366226974,129.173004,-93.609802,97.292099,129.173004,92.138298,269.380005,107.009003,-77.850998,80.757004,106.959999,76.554001,219.785995,-290.000000,-929.000000,1284.000000,65.000000,460.000000,490.000000
592,1743686366232583,129.416000,-93.782600,97.472099,129.416000,92.308296,269.920013,107.281998,-78.087997,81.003998,107.259003,76.858002,220.792007,-195.000000,-727.000000,1397.000000,470.000000,480.000000,485.000000
594,1743686366237064,129.901001,-94.128304,97.832100,129.901001,92.648300,271.000000,107.726997,-78.404999,81.337997,107.689003,77.146004,221.738998,-424.000000,-559.000000,1198.000000,374.000000,498.000000,479.000000
596,1743686366243454,130.386002,-94.473999,98.192001,130.386002,92.988297,272.079987,108.044998,-78.612000,81.554001,107.975998,77.334000,222.356003,-17.000000,-538.000000,1994.000000,351.000000,707.000000,1176.000000
597,1743686366246830,130.628998,-94.646797,98.372002,130.628998,93.158302,272.619995,108.598000,-78.984001,81.958000,108.505997,77.584999,223.238007,286.000000,-1199.000000,1932.000000,287.000000,806.000000,1041.000000
599,1743686366252376,131.115005,-94.992500,98.732002,131.115005,93.498199,273.700012,108.894997,-79.199997,82.186996,108.831001,77.941002,224.222000,-403.000000,-789.000000,1702.000000,-139.000000,385.000000,505.000000
600,1743686366256799,131.356995,-95.165298,98.912003,131.356995,93.668198,274.239990,109.321999,-79.523003,82.526001,109.271004,78.277000,225.268997,-445.000000,-493.000000,1033.000000,-94.000000,505.000000,504.000000
602,1743686366262442,131.843002,-95.511002,99.271896,131.843002,94.008202,275.320007,109.581001,-79.709000,82.723999,109.546997,78.439003,225.953995,-306.000000,-706.000000,1173.000000,101.000000,276.000000,554.000000
604,1743686366269117,132.328003,-95.856697,99.631897,132.328003,94.348198,276.399994,110.028000,-80.016998,83.040001,109.992996,78.779999,226.914001,-359.000000,-761.000000,934.000000,13.000000,776.000000,499.000000
605,1743686366273625,132.570999,-96.029503,99.811897,132.570999,94.518204,276.940002,110.400002,-80.290001,83.302002,110.375000,79.030998,227.751999,-326.000000,-862.000000,1307.000000,335.000000,363.000000,586.000000
607,1743686366278127,133.056000,-96.375198,100.171997,133.056000,94.858101,278.019989,110.827003,-80.640999,83.651001,110.841003,79.339996,228.393005,872.000000,-1301.000000,2757.000000,1017.000000,830.000000,1274.000000
609,1743686366283637,133.542007,-96.720901,100.531998,133.542007,95.198097,279.100006,111.218002,-80.910004,83.948997,111.192001,79.535004,229.518997,625.000000,-1157.000000,2640.000000,239.000000,503.000000,1001.000000
610,1743686366288045,133.783997,-96.893700,100.711998,133.783997,95.368103,279.640015,111.730003,-81.194000,84.309998,111.668999,79.913002,230.582001,-555.000000,-346.000000,1372.000000,137.000000,728.000000,648.000000
612,1743686366293549,134.270004,-97.239403,101.071999,134.270004,95.708099,280.720001,112.023003,-81.389999,84.514999,111.967003,80.135002,231.281006,-500.000000,-812.000000,1490.000000,92.000000,267.000000,537.000000
613,1743686366298006,134.511993,-97.412201,101.251999,134.511993,95.878098,281.260010,112.464996,-81.736000,84.862999,112.416000,80.511002,232.292007,-468.000000,-811.000000,735.000000,14.000000,457.000000,579.000000
615,1743686366303547,134.998001,-97.757896,101.612000,134.998001,96.218102,282.339996,112.759003,-81.958000,85.075996,112.717003,80.737999,233.098007,-277.000000,-837.000000,1090.000000,268.000000,216.000000,375.000000
616,1743686366307991,135.240005,-97.930702,101.792000,135.240005,96.388000,282.880005,112.759003,-81.958000,85.075996,112.717003,80.737999,233.098007,-277.000000,-837.000000,1090.000000,268.000000,216.000000,375.000000
618,1743686366313598,135.725998,-98.276398,102.152000,135.725998,96.727997,283.959991,113.292000,-82.337997,85.449997,113.263000,81.051003,234.033005,-152.000000,-507.000000,1724.000000,-36.000000,676.000000,731.000000
619,1743686366318120,135.968002,-98.449203,102.332001,135.968002,96.898003,284.500000,114.061996,-82.889000,86.010002,113.973000,81.554001,235.751999,480.000000,-1370.000000,2800.000000,296.000000,474.000000,646.000000
621,1743686366323679,136.453995,-98.794899,102.692001,136.453995,97.237999,285.579987,114.467003,-83.198997,86.336998,114.418999,81.778999,236.449005,-360.000000,-549.000000,1492.000000,129.000000,392.000000,643.000000
623,1743686366328116,136.938995,-99.140602,103.052002,136.938995,97.578003,286.660004,114.467003,-83.198997,86.336998,114.418999,81.778999,236.449005,-360.000000,-549.000000,1492.000000,129.000000,392.000000,643.000000
624,1743686366333720,137.182007,-99.313400,103.231003,137.182007,97.748001,287.200012,115.234001,-83.723999,86.899002,115.186996,82.290001,238.153000,-279.000000,-503.000000,962.000000,100.000000,486.000000,673.000000
626,1743686366339292,137.667007,-99.659103,103.591003,137.667007,98.087898,288.279999,115.234001,-83.723999,86.899002,115.186996,82.290001,238.153000,-279.000000,-503.000000,962.000000,100.000000,486.000000,673.000000
628,1743686366343679,138.153000,-100.004997,103.950996,138.153000,98.427902,289.359985,115.717003,-84.028000,87.202003,115.452003,82.607002,239.050003,-306.000000,-587.000000,1365.000000,34.000000,535.000000,458.000000
629,1743686366348104,138.395004,-100.178001,104.130997,138.395004,98.597900,289.899994,116.055000,-84.315002,87.484001,115.953003,82.864998,239.889008,-147.000000,-1161.000000,2081.000000,117.000000,437.000000,802.000000
631,1743686366353697,138.880997,-100.523003,104.490997,138.880997,98.937897,290.980011,116.463997,-84.630997,87.809998,116.403999,83.169998,240.897003,1119.000000,-1735.000000,2770.000000,519.000000,934.000000,1579.000000
632,1743686366358203,139.123993,-100.695999,104.670998,139.123993,99.107903,291.519989,116.747002,-84.836998,88.051003,116.738998,83.392998,241.615997,184.000000,-640.000000,1923.000000,174.000000,605.000000,725.000000
634,1743686366363806,139.608994,-101.042000,105.030998,139.608994,99.447800,292.600006,117.231003,-85.148003,88.418999,117.224998,83.725998,242.675003,-446.000000,-459.000000,1756.000000,234.000000,390.000000,647.000000
635,1743686366368295,139.852005,-101.214996,105.210999,139.852005,99.617798,293.140015,117.542000,-85.365997,88.662003,117.537003,84.041000,243.585999,-378.000000,-630.000000,990.000000,311.000000,326.000000,520.000000
637,1743686366373840,140.337006,-101.559998,105.570999,140.337006,99.957802,294.220001,118.001999,-85.714996,88.996002,117.972000,84.219002,244.270996,-113.000000,-714.000000,1356.000000,358.000000,430.000000,509.000000
638,1743686366378422,140.580002,-101.733002,105.750999,140.580002,100.127998,294.760010,118.471001,-85.944000,89.209999,118.266998,84.570000,245.294998,-431.000000,-544.000000,1438.000000,-115.000000,504.000000,552.000000
640,1743686366384021,141.065002,-102.079002,106.111000,141.065002,100.468002,295.839996,118.789001,-86.260002,89.535004,118.677002,84.787003,245.966003,-194.000000,-771.000000,2220.000000,127.000000,430.000000,761.000000
642,1743686366388573,141.550003,-102.424004,106.471001,141.550003,100.807999,296.920013,119.158997,-86.501999,89.783997,119.057999,85.166000,247.182007,666.000000,-1660.000000,2797.000000,335.000000,853.000000,1231.000000
643,1743686366393078,141.792999,-102.597000,106.651001,141.792999,100.977997,297.459991,119.626999,-86.720001,90.021004,119.403000,85.377998,247.880997,-323.000000,-839.000000,1927.000000,108.000000,307.000000,559.000000
645,1743686366398666,142.279007,-102.943001,107.011002,142.279007,101.318001,298.540009,119.921997,-87.061996,90.390999,119.851997,85.679001,248.921997,-439.000000,-787.000000,1563.000000,67.000000,380.000000,550.000000
646,1743686366403144,142.520996,-103.115997,107.191002,142.520996,101.487999,299.079987,120.384003,-87.371002,90.725998,120.266998,85.944000,249.850998,-363.000000,-394.000000,1558.000000,441.000000,512.000000,645.000000
648,1743686366408385,143.007004,-103.461998,107.551003,143.007004,101.828003,300.160004,120.878998,-87.676003,91.051003,120.723000,86.153000,250.514999,-358.000000,-363.000000,1822.000000,272.000000,567.000000,429.000000
650,1743686366413988,143.492004,-103.806999,107.911003,143.492004,102.167999,301.239990,121.262001,-87.953003,91.335999,120.931999,86.406998,251.378998,-274.000000,-760.000000,1690.000000,99.000000,347.000000,420.000000
651,1743686366418521,143.735001,-103.980003,108.091003,143.735001,102.337997,301.779999,121.542999,-88.183998,91.554001,121.376999,86.763000,252.376007,211.000000,-1238.000000,2042.000000,177.000000,866.000000,1076.000000
653,1743686366423022,144.220001,-104.325996,108.450996,144.220001,102.678001,302.859985,121.945000,-88.489998,91.848000,121.875000,87.121002,253.444000,788.000000,-1434.000000,2426.000000,221.000000,615.000000,821.000000
654,1743686366428628,144.462997,-104.499001,108.630997,144.462997,102.848000,303.399994,122.424004,-88.814003,92.212997,122.356003,87.351997,254.141006,-368.000000,-602.000000,1866.000000,-181.000000,542.000000,619.000000
656,1743686366433142,144.947998,-104.844002,108.990997,144.947998,103.188004,304.480011,122.890999,-89.139999,92.583000,122.802002,87.692001,255.158005,-321.000000,-744.000000,1369.000000,66.000000,597.000000,475.000000
658,1743686366438743,145.434006,-105.190002,109.350998,145.434006,103.528000,305.559998,123.185997,-89.372002,92.815002,123.068001,87.973999,256.115997,-465.000000,-637.000000,1272.000000,5.000000,474.000000,560.000000
659,1743686366444341,145.675995,-105.362999,109.530998,145.675995,103.697998,306.100006,123.542000,-89.667000,93.099998,123.458000,88.217003,256.931000,-353.000000,-480.000000,1773.000000,-57.000000,425.000000,758.000000
661,1743686366449901,146.162003,-105.708000,109.890999,146.162003,104.038002,307.179993,123.917000,-89.938004,93.375999,123.838997,88.456001,257.760986,83.000000,-739.000000,2466.000000,267.000000,514.000000,791.000000
662,1743686366454427,146.404007,-105.880997,110.070999,146.404007,104.208000,307.720001,124.278000,-90.160004,93.627998,124.230003,88.738998,258.628998,185.000000,-877.000000,2594.000000,672.000000,690.000000,1057.000000
664,1743686366458879,146.889999,-106.226997,110.431000,146.889999,104.547997,308.799988,124.764000,-90.475998,93.967003,124.669998,88.952003,259.342987,-32.000000,-867.000000,1708.000000,351.000000,395.000000,671.000000
666,1743686366464390,147.375000,-106.572998,110.791000,147.375000,104.887001,309.880005,125.191002,-90.814003,94.313004,125.108002,89.318001,260.348999,-293.000000,-795.000000,1425.000000,253.000000,509.000000,520.000000
667,1743686366468796,147.617996,-106.745003,110.971001,147.617996,105.056999,310.420013,125.490997,-91.038002,94.527000,125.370003,89.513000,260.923004,-457.000000,-571.000000,1511.000000,57.000000,371.000000,413.000000
669,1743686366474307,148.102997,-107.091003,111.331001,148.102997,105.397003,311.500000,125.962997,-91.360001,94.863998,125.684998,89.797997,261.914001,-415.000000,-212.000000,1999.000000,137.000000,260.000000,519.000000
671,1743686366479921,148.589005,-107.436996,111.691002,148.589005,105.737000,312.578003,126.365997,-91.620003,95.138000,126.206001,90.005997,262.585999,-588.000000,-432.000000,1734.000000,-99.000000,511.000000,592.000000
672,1743686366484386,148.830994,-107.610001,111.871002,148.830994,105.906998,313.117004,126.806000,-91.914001,95.443001,126.525002,90.325996,263.763000,781.000000,-1442.000000,2593.000000,672.000000,849.000000,1507.000000
673,1743686366488863,149.074005,-107.781998,112.051003,149.074005,106.077003,313.654999,126.984001,-92.084000,95.613998,126.906998,90.599998,264.597992,950.000000,-1517.000000,2991.000000,490.000000,656.000000,1291.000000
675,1743686366494505,149.559006,-108.127998,112.410004,149.559006,106.417000,314.730011,127.422997,-92.411003,95.972000,127.346001,90.924004,265.639008,84.000000,-1037.000000,2189.000000,-24.000000,434.000000,645.000000
677,1743686366498993,150.044998,-108.473999,112.769997,150.044998,106.757004,315.803009,127.902000,-92.708000,96.321999,127.819000,91.222000,266.304993,-234.000000,-684.000000,1300.000000,316.000000,789.000000,521.000000
678,1743686366504613,150.287994,-108.647003,112.949997,150.287994,106.927002,316.338013,128.367004,-93.026001,96.671997,128.279999,91.561996,267.294006,-143.000000,-821.000000,1063.000000,408.000000,59.000000,570.000000
680,1743686366509080,150.772995,-108.991997,113.309998,150.772995,107.266998,317.406006,128.660004,-93.273003,96.905998,128.598999,91.737999,267.933990,-127.000000,-855.000000,1583.000000,61.000000,425.000000,652.000000
682,1743686366514682,151.257996,-109.337997,113.669998,151.257996,107.607002,318.468994,128.942993,-93.523003,97.146004,128.910004,92.112999,269.140991,-153.000000,-805.000000,1810.000000,-31.000000,645.000000,447.000000
683,1743686366519220,151.501007,-109.511002,113.849998,151.501007,107.777000,319.000000,129.498001,-93.897003,97.507004,129.423996,92.315002,269.835999,-143.000000,-393.000000,2304.000000,68.000000,439.000000,782.000000
685,1743686366524787,151.985992,-109.856003,114.209999,151.985992,108.116997,320.056000,129.945999,-94.188004,97.830002,129.841003,92.638000,270.846985,-126.000000,-846.000000,2637.000000,96.000000,488.000000,967.000000
686,1743686366529279,152.229004,-110.028999,114.389999,152.229004,108.287003,320.583008,130.237000,-94.402000,98.068001,130.154999,92.834000,271.553986,-498.000000,-660.000000,2189.000000,-1.000000,392.000000,605.000000
688,1743686366534867,152.714996,-110.375000,114.750000,152.714996,108.626999,321.631989,130.237000,-94.402000,98.068001,130.154999,92.834000,271.553986,-498.000000,-660.000000,2189.000000,-1.000000,392.000000,605.000000
689,1743686366539348,152.957001,-110.547997,114.930000,152.957001,108.796997,322.153992,130.664993,-94.736000,98.382004,130.447998,93.102997,272.544006,-363.000000,-617.000000,1310.000000,220.000000,420.000000,620.000000
691,1743686366544959,153.442993,-110.893997,115.290001,153.442993,109.137001,323.192993,130.959000,-94.949997,98.596001,130.934998,93.418999,273.470001,-443.000000,-423.000000,2012.000000,76.000000,633.000000,521.000000
692,1743686366549535,153.684998,-111.066002,115.470001,153.684998,109.306999,323.709991,131.425995,-95.250999,98.929001,131.334000,93.759003,274.470001,-266.000000,-726.000000,2142.000000,-79.000000,450.000000,512.000000
694,1743686366554004,154.171005,-111.412003,115.830002,154.171005,109.647003,324.739014,132.169006,-95.787003,99.497002,132.013000,94.263000,276.127991,1206.000000,-1630.000000,2608.000000,438.000000,506.000000,1312.000000
696,1743686366559607,154.656006,-111.758003,116.190002,154.656006,109.987000,325.760010,132.169006,-95.787003,99.497002,132.013000,94.263000,276.127991,1206.000000,-1630.000000,2608.000000,438.000000,506.000000,1312.000000
697,1743686366564150,154.899002,-111.931000,116.370003,154.899002,110.156998,326.268005,132.488007,-96.035004,99.764000,132.432007,94.540001,276.980011,1386.000000,-1501.000000,2546.000000,529.000000,938.000000,1273.000000
699,1743686366569805,155.384003,-112.276001,116.730003,155.384003,110.497002,327.276001,132.970001,-96.341003,100.100998,132.916000,94.842003,278.026001,2.000000,-617.000000,2315.000000,-161.000000,348.000000,656.000000
700,1743686366574233,155.626999,-112.448997,116.910004,155.626999,110.667000,327.777008,133.313995,-96.549004,100.349998,133.233994,95.037003,278.669006,-426.000000,-513.000000,1884.000000,353.000000,452.000000,544.000000
702,1743686366579764,156.112000,-112.794998,117.269997,156.112000,111.007004,328.772003,133.807007,-96.879997,100.695999,133.639999,95.353996,279.656006,-129.000000,-883.000000,1199.000000,474.000000,438.000000,501.000000
703,1743686366584199,156.354996,-112.968002,117.449997,156.354996,111.177002,329.265991,134.253998,-97.237999,101.030998,134.117996,95.600998,280.348999,-346.000000,-1077.000000,1690.000000,325.000000,599.000000,536.000000
705,1743686366589700,156.839996,-113.313004,117.809998,156.839996,111.516998,330.246002,134.612000,-97.535004,101.321999,134.501007,96.009003,281.528015,-453.000000,-780.000000,2370.000000,243.000000,255.000000,988.000000
707,1743686366594181,157.326004,-113.658997,118.169998,157.326004,111.857002,331.214996,134.953003,-97.772003,101.584999,134.895004,96.314003,282.403015,230.000000,-1062.000000,2837.000000,396.000000,799.000000,999.000000
708,1743686366599753,157.567993,-113.832001,118.349998,157.567993,112.027000,331.695007,135.419998,-98.071999,101.913002,135.369003,96.483002,283.109009,-107.000000,-452.000000,2005.000000,101.000000,136.000000,661.000000
710,1743686366604280,158.054001,-114.177002,118.709999,158.054001,112.366997,332.647003,135.710007,-98.287003,102.146004,135.632996,96.757004,284.013000,-357.000000,-563.000000,1903.000000,-74.000000,607.000000,552.000000
712,1743686366609835,158.539001,-114.523003,119.070000,158.539001,112.707001,333.588013,136.121002,-98.615997,102.483002,136.050995,97.010002,285.048004,-186.000000,-559.000000,2154.000000,-110.000000,321.000000,436.000000
713,1743686366614356,158.781998,-114.695999,119.250000,158.781998,112.876999,334.053009,136.582993,-98.903999,102.793999,136.453995,97.220001,285.709015,-235.000000,-845.000000,1667.000000,-101.000000,550.000000,509.000000
715,1743686366619895,159.266998,-115.042000,119.610001,159.266998,113.217003,334.973999,137.070007,-99.209999,103.094002,136.925003,97.569000,286.657013,-248.000000,-578.000000,1809.000000,-25.000000,309.000000,478.000000
716,1743686366624343,159.509995,-115.213997,119.790001,159.509995,113.387001,335.429993,137.341003,-99.431000,103.319000,137.223007,97.764999,287.347992,662.000000,-1262.000000,2245.000000,700.000000,474.000000,962.000000
718,1743686366628769,159.994995,-115.559998,120.150002,159.994995,113.726997,336.329987,137.684006,-99.709999,103.602997,137.630997,98.165001,288.488007,757.000000,-1412.000000,2614.000000,502.000000,560.000000,991.000000
719,1743686366634337,160.238007,-115.733002,120.330002,160.238007,113.897003,336.774994,138.136002,-100.044998,103.940002,138.039993,98.404999,289.102997,-215.000000,-718.000000,2886.000000,-5.000000,511.000000,661.000000
721,1743686366638874,160.723999,-116.079002,120.690002,160.723999,114.237000,337.654999,138.615005,-100.350998,104.293999,138.438004,98.709999,290.140015,-348.000000,-295.000000,1956.000000,296.000000,253.000000,472.000000
723,1743686366644460,161.209000,-116.424004,121.050003,161.209000,114.577003,338.519012,138.615005,-100.350998,104.293999,138.438004,98.709999,290.140015,-348.000000,-295.000000,1956.000000,296.000000,253.000000,472.000000
724,1743686366650032,161.451996,-116.597000,121.228996,161.451996,114.747002,338.946014,139.339005,-100.853996,104.822998,139.210999,99.189003,291.799988,-89.000000,-817.000000,1324.000000,-92.000000,272.000000,447.000000
726,1743686366654512,161.936996,-116.943001,121.588997,161.936996,115.086998,339.786011,139.626007,-101.068001,105.025002,139.511993,99.494003,292.756012,-174.000000,-764.000000,1491.000000,99.000000,561.000000,944.000000
727,1743686366658966,162.179993,-117.115997,121.768997,162.179993,115.257004,340.200989,139.626007,-101.068001,105.025002,139.511993,99.494003,292.756012,-174.000000,-764.000000,1491.000000,99.000000,561.000000,944.000000
729,1743686366664533,162.664993,-117.460999,122.128998,162.664993,115.597000,341.016998,140.121002,-101.443001,105.402000,140.089996,99.676003,293.420013,834.000000,-1732.000000,3324.000000,451.000000,833.000000,1266.000000
730,1743686366669066,162.908005,-117.634003,122.308998,162.908005,115.766998,341.419006,140.593994,-101.653000,105.636002,140.365005,100.072998,294.558990,545.000000,-1532.000000,3297.000000,359.000000,724.000000,999.000000
732,1743686366674663,163.393005,-117.980003,122.668999,163.393005,116.107002,342.209015,140.882996,-101.984001,106.012001,140.796005,100.433998,295.587006,59.000000,-611.000000,2309.000000,55.000000,229.000000,609.000000
733,1743686366679204,163.636002,-118.153000,122.848999,163.636002,116.277000,342.596985,141.160004,-102.233002,106.261002,141.095993,100.667000,296.252991,-310.000000,-550.000000,1840.000000,166.000000,487.000000,442.000000
735,1743686366684803,164.121002,-118.498001,123.209000,164.121002,116.616997,343.360992,141.565002,-102.571999,106.573997,141.582001,100.957001,297.243988,-138.000000,-795.000000,1691.000000,17.000000,305.000000,561.000000
737,1743686366690416,164.604996,-118.844002,123.569000,164.604996,116.957001,344.105988,142.072998,-102.888000,106.913002,142.054001,101.179001,297.906006,-9.000000,-492.000000,2331.000000,60.000000,604.000000,538.000000
739,1743686366695923,165.089005,-119.190002,123.929001,165.089005,117.296997,344.833008,142.429001,-103.106003,107.149002,142.352005,101.495003,298.940002,-183.000000,-462.000000,1858.000000,47.000000,352.000000,614.000000
740,1743686366700350,165.328995,-119.362999,124.109001,165.328995,117.467003,345.190002,142.897003,-103.426003,107.468002,142.757004,101.597000,299.223999,516.000000,-1148.000000,2155.000000,284.000000,442.000000,768.000000
742,1743686366705829,165.809998,-119.708000,124.469002,165.809998,117.806999,345.890991,143.345993,-103.753998,107.790001,143.212006,101.931999,300.480988,516.000000,-1344.000000,3668.000000,66.000000,638.000000,1017.000000
743,1743686366710295,166.048996,-119.880997,124.649002,166.048996,117.976997,346.234009,143.830002,-103.977997,108.053001,143.554001,102.336998,301.493011,-267.000000,-656.000000,3496.000000,42.000000,795.000000,616.000000
745,1743686366715881,166.524994,-120.226997,125.009003,166.524994,118.317001,346.907013,144.173996,-104.261002,108.443001,143.988007,102.626999,302.174011,-420.000000,-766.000000,1799.000000,123.000000,390.000000,476.000000
747,1743686366721485,166.996994,-120.571999,125.369003,166.996994,118.656998,347.562988,144.453003,-104.466003,108.640999,144.311996,102.929001,303.160004,-112.000000,-748.000000,1129.000000,393.000000,259.000000,579.000000
748,1743686366725954,167.231995,-120.745003,125.549004,167.231995,118.827003,347.884003,144.901001,-104.834000,108.969002,144.813995,103.237999,304.106995,-251.000000,-1162.000000,1337.000000,326.000000,670.000000,618.000000
750,1743686366731525,167.697998,-121.091003,125.908997,167.697998,119.167000,348.511993,145.358002,-105.165001,109.293999,145.222000,103.458000,304.796997,-180.000000,-636.000000,2325.000000,51.000000,603.000000,358.000000
751,1743686366736009,167.929993,-121.264000,126.088997,167.929993,119.336998,348.819000,145.787994,-105.430000,109.546997,145.584000,103.667999,305.494995,401.000000,-871.000000,2737.000000,389.000000,380.000000,483.000000
753,1743686366741537,168.389008,-121.609001,126.447998,168.389008,119.676003,349.420990,146.136993,-105.648003,109.775002,145.964996,103.985001,306.403992,164.000000,-501.000000,2650.000000,42.000000,399.000000,566.000000
755,1743686366745918,168.841995,-121.954002,126.806000,168.841995,120.015999,350.003998,146.595001,-105.957001,110.136002,146.369995,104.241997,307.385986,-289.000000,-670.000000,2179.000000,-252.000000,413.000000,506.000000
756,1743686366751395,169.067001,-122.125999,126.985001,169.067001,120.185997,350.289001,147.009995,-106.295998,110.473000,146.832001,104.461998,308.019012,-106.000000,-809.000000,2011.000000,13.000000,645.000000,505.000000
758,1743686366756882,169.511002,-122.470001,127.339996,169.511002,120.524002,350.845001,147.244003,-106.480003,110.677002,147.091003,104.823997,308.934998,-294.000000,-900.000000,2167.000000,317.000000,474.000000,584.000000
759,1743686366761294,169.729996,-122.640999,127.516998,169.729996,120.692001,351.117004,147.690002,-106.769997,111.015999,147.496994,105.028999,309.515991,-127.000000,-651.000000,1993.000000,447.000000,197.000000,445.000000
761,1743686366766778,170.162994,-122.981003,127.869003,170.162994,121.028000,351.645996,148.119995,-107.067001,111.331001,147.807999,105.345001,310.421997,845.000000,-1121.000000,2447.000000,423.000000,690.000000,812.000000
763,1743686366771182,170.589005,-123.318001,128.216995,170.589005,121.361000,352.157013,148.388000,-107.283997,111.542000,148.240997,105.523003,311.032990,980.000000,-1491.000000,3112.000000,267.000000,701.000000,670.000000
764,1743686366776668,170.798004,-123.486000,128.389999,170.798004,121.526001,352.406006,148.806000,-107.612000,111.875000,148.727005,105.809998,311.877014,589.000000,-1405.000000,2717.000000,0.000000,718.000000,695.000000
766,1743686366781063,171.210999,-123.818001,128.731995,171.210999,121.853996,352.890991,149.117004,-107.828003,112.113998,149.037003,106.115997,312.786987,126.000000,-1066.000000,2411.000000,-127.000000,365.000000,552.000000
767,1743686366786610,171.414001,-123.983002,128.901993,171.414001,122.016998,353.126007,149.572998,-108.140999,112.459999,149.311005,106.344002,313.364014,26.000000,-915.000000,1867.000000,329.000000,508.000000,642.000000
769,1743686366792195,171.813004,-124.308998,129.237000,171.813004,122.338997,353.583008,149.882996,-108.375999,112.695000,149.742004,106.664001,314.255005,124.000000,-1228.000000,1370.000000,294.000000,506.000000,485.000000
771,1743686366796658,172.201996,-124.629997,129.567001,172.201996,122.655998,354.023010,150.320007,-108.723000,113.021004,150.246002,107.078003,315.108002,-73.000000,-911.000000,1733.000000,89.000000,589.000000,620.000000
772,1743686366801139,172.393005,-124.788002,129.729004,172.393005,122.813004,354.235992,150.705994,-109.009003,113.278000,150.641006,107.274002,315.529999,-198.000000,-441.000000,2634.000000,318.000000,252.000000,427.000000
774,1743686366806696,172.766006,-125.100998,130.050003,172.766006,123.123001,354.648010,151.205994,-109.329002,113.612999,150.914993,107.494003,316.329010,312.000000,-514.000000,3669.000000,-18.000000,361.000000,471.000000
775,1743686366811179,172.949005,-125.254997,130.207993,172.949005,123.275002,354.846985,151.520996,-109.524002,113.844002,151.371002,107.819000,317.141998,-361.000000,-514.000000,2320.000000,-178.000000,491.000000,447.000000
777,1743686366816727,173.304993,-125.557999,130.518005,173.304993,123.575996,355.233002,151.904999,-109.800003,114.125000,151.778000,107.978996,317.671997,-403.000000,-731.000000,1422.000000,-11.000000,385.000000,623.000000
778,1743686366821126,173.477997,-125.708000,130.669998,173.477997,123.723000,355.419006,152.160995,-110.010002,114.341003,152.059998,108.244003,318.515015,-176.000000,-906.000000,1843.000000,217.000000,653.000000,583.000000
780,1743686366826601,173.815994,-126.000000,130.968994,173.815994,124.013000,355.777008,152.580002,-110.334000,114.679001,152.509995,108.532997,319.321014,-83.000000,-959.000000,2247.000000,279.000000,494.000000,528.000000
781,1743686366831027,173.979996,-126.142998,131.115005,173.979996,124.155998,355.949005,152.580002,-110.334000,114.679001,152.509995,108.532997,319.321014,-83.000000,-959.000000,2247.000000,279.000000,494.000000,528.000000
783,1743686366836523,174.298004,-126.424004,131.401001,174.298004,124.433998,356.281006,153.561005,-110.928001,115.334000,153.384003,109.042999,320.562988,1345.000000,-1621.000000,3150.000000,679.000000,753.000000,358.000000
785,1743686366840906,174.602005,-126.695999,131.677994,174.602005,124.704002,356.593994,153.867996,-111.152000,115.577003,153.688995,109.268997,321.087006,453.000000,-1113.000000,2893.000000,-53.000000,639.000000,577.000000
786,1743686366846420,174.748993,-126.828003,131.813004,174.748993,124.834999,356.743988,154.309006,-111.496002,115.941002,153.940002,109.653000,321.826996,8.000000,-1122.000000,2477.000000,-215.000000,584.000000,512.000000
788,1743686366850899,175.031998,-127.085999,132.074005,175.031998,125.092003,357.029999,154.582993,-111.684998,116.139999,154.386002,109.966003,322.579010,-58.000000,-887.000000,1829.000000,83.000000,460.000000,362.000000
789,1743686366856472,175.167999,-127.211998,132.201004,175.167999,125.216003,357.166992,155.052002,-112.008003,116.467003,154.856995,110.260002,323.347992,-209.000000,-922.000000,1153.000000,-150.000000,405.000000,399.000000
791,1743686366862038,175.427994,-127.454002,132.447006,175.427994,125.457001,357.428009,155.462997,-112.318001,116.773003,155.315994,110.445000,323.841003,-295.000000,-750.000000,1798.000000,-312.000000,456.000000,683.000000
793,1743686366867564,175.671997,-127.685997,132.682007,175.671997,125.688004,357.671997,155.781006,-112.585999,116.919998,155.539993,110.695000,324.417999,-17.000000,-1010.000000,2463.000000,366.000000,530.000000,528.000000
794,1743686366872056,175.787994,-127.797997,132.794006,175.787994,125.799004,357.787994,156.128006,-112.846001,117.294998,156.003006,110.924004,324.983002,509.000000,-1262.000000,4629.000000,569.000000,746.000000,225.000000
796,1743686366877651,176.009003,-128.011993,133.011002,176.009003,126.013000,358.009003,156.585999,-113.143997,117.533997,156.261993,111.250999,325.688995,73.000000,-821.000000,3536.000000,-64.000000,551.000000,494.000000
798,1743686366882104,176.214005,-128.214996,133.214005,176.214005,126.214996,358.213989,156.903000,-113.349998,117.908997,156.723999,111.500000,326.148987,-25.000000,-952.000000,1690.000000,274.000000,610.000000,493.000000
799,1743686366887613,176.311005,-128.311005,133.311005,176.311005,126.311996,358.311005,157.300003,-113.661003,118.130997,157.029007,111.816002,326.838989,174.000000,-1520.000000,1204.000000,204.000000,482.000000,530.000000
801,1743686366893148,176.494995,-128.494995,133.494995,176.494995,126.495003,358.494995,157.557999,-113.887001,118.422997,157.460999,112.120003,327.518005,191.000000,-1407.000000,1217.000000,178.000000,764.000000,560.000000
802,1743686366897572,176.580994,-128.580994,133.580994,176.580994,126.581001,358.580994,158.003006,-114.223999,118.719002,157.910004,112.431999,328.183990,-40.000000,-1007.000000,1998.000000,184.000000,609.000000,556.000000
804,1743686366901985,176.744003,-128.744003,133.744003,176.744003,126.744003,358.743988,158.003006,-114.223999,118.719002,157.910004,112.431999,328.183990,-40.000000,-1007.000000,1998.000000,184.000000,609.000000,556.000000
806,1743686366907453,176.893997,-128.893997,133.893997,176.893997,126.893997,358.894012,158.490005,-114.546997,119.045998,158.304001,112.654999,328.583008,111.000000,-755.000000,3591.000000,349.000000,575.000000,266.000000
807,1743686366911886,176.964996,-128.964996,133.964996,176.964996,126.964996,358.964996,158.800995,-114.749001,119.274002,158.524994,112.924004,329.205994,-21.000000,-828.000000,3174.000000,79.000000,489.000000,347.000000
809,1743686366917423,177.095993,-129.095993,134.095993,177.095993,127.096001,359.096008,159.210999,-115.065002,119.616997,158.962997,113.083000,329.631989,-449.000000,-860.000000,2544.000000,5.000000,324.000000,537.000000
810,1743686366921868,177.158005,-129.158005,134.158005,177.158005,127.157997,359.157990,159.593994,-115.349998,119.933998,159.255005,113.391998,330.255005,-137.000000,-908.000000,2536.000000,-287.000000,650.000000,460.000000
812,1743686366927435,177.272003,-129.272003,134.272003,177.272003,127.272003,359.272003,159.871002,-115.550003,120.167000,159.664001,113.760002,330.835999,-153.000000,-1370.000000,1787.000000,-59.000000,653.000000,526.000000
813,1743686366931905,177.324997,-129.324997,134.324997,177.324997,127.324997,359.325012,160.276001,-115.849998,120.505997,160.070007,114.109001,331.462006,22.000000,-1212.000000,1586.000000,312.000000,466.000000,484.000000
815,1743686366937487,177.423004,-129.423004,134.423004,177.423004,127.422997,359.423004,160.921997,-116.382004,120.955002,160.666000,114.555000,332.407013,176.000000,-999.000000,2786.000000,-141.000000,680.000000,51.000000
816,1743686366941947,177.468994,-129.468994,134.468994,177.468994,127.469002,359.468994,160.921997,-116.382004,120.955002,160.666000,114.555000,332.407013,176.000000,-999.000000,2786.000000,-141.000000,680.000000,51.000000
818,1743686366947520,177.552002,-129.552002,134.552002,177.552002,127.552002,359.552002,161.287994,-116.713997,121.290001,161.044006,114.771004,332.778992,85.000000,-925.000000,3638.000000,-209.000000,520.000000,636.000000
820,1743686366951999,177.626007,-129.626007,134.626007,177.626007,127.625999,359.626007,161.654007,-117.027000,121.636002,161.462006,115.031998,333.290009,-288.000000,-532.000000,2195.000000,-95.000000,245.000000,525.000000
821,1743686366957526,177.660004,-129.660004,134.660004,177.660004,127.660004,359.660004,161.871994,-117.191002,121.820000,161.709000,115.211998,333.678986,-305.000000,-439.000000,1644.000000,268.000000,416.000000,313.000000
823,1743686366963026,177.720993,-129.720993,134.720993,177.720993,127.721001,359.721008,162.231995,-117.468002,122.108002,161.959000,115.488998,334.217010,-119.000000,-840.000000,1575.000000,-345.000000,416.000000,463.000000
825,1743686366967450,177.774994,-129.774994,134.774994,177.774994,127.775002,359.774994,162.464005,-117.657997,122.317001,162.376999,115.806000,334.752014,241.000000,-931.000000,2326.000000,60.000000,664.000000,538.000000
826,1743686366971876,177.798996,-129.798996,134.798996,177.798996,127.799004,359.799011,162.813995,-117.945000,122.623001,162.718002,116.114998,335.260010,-256.000000,-1081.000000,2357.000000,394.000000,300.000000,166.000000
828,1743686366977477,177.841995,-129.841995,134.841995,177.841995,127.842003,359.842010,163.098007,-118.179001,122.857002,162.960007,116.227997,335.463013,-634.000000,-705.000000,1925.000000,-52.000000,367.000000,201.000000
829,1743686366981942,177.860001,-129.860001,134.860001,177.860001,127.860001,359.859985,163.432999,-118.463997,123.151001,163.164001,116.529999,335.971008,-193.000000,-767.000000,1777.000000,-229.000000,436.000000,284.000000
831,1743686366987531,177.893997,-129.893997,134.893997,177.893997,127.893997,359.894012,163.664993,-118.625999,123.316002,163.505997,116.768997,336.432007,-98.000000,-862.000000,1717.000000,935.000000,240.000000,467.000000
832,1743686366991999,177.908005,-129.908005,134.908005,177.908005,127.907997,359.907990,163.987000,-118.891998,123.575996,163.737000,116.930000,336.755005,15.000000,-822.000000,2182.000000,-802.000000,624.000000,175.000000
834,1743686366997581,177.932999,-129.932999,134.932999,177.932999,127.932999,359.933014,164.203995,-119.080002,123.769997,164.057007,117.174004,337.209991,167.000000,-1023.000000,2517.000000,-199.000000,389.000000,575.000000
835,1743686367002082,177.942993,-129.942993,134.942993,177.942993,127.943001,359.942993,164.513000,-119.365997,124.069000,164.397995,117.433998,337.608002,48.000000,-801.000000,2402.000000,1032.000000,458.000000,379.000000
837,1743686367007604,177.960999,-129.960999,134.960999,177.960999,127.960999,359.960999,164.778000,-119.572998,124.286003,164.664001,117.664001,337.992004,-200.000000,-301.000000,1673.000000,-1047.000000,251.000000,125.000000
839,1743686367011992,177.973999,-129.973999,134.973999,177.973999,127.973999,359.973999,165.042999,-119.771004,124.509003,164.858994,117.862000,338.216003,-1064.000000,-87.000000,1781.000000,902.000000,170.000000,94.000000
840,1743686367017491,177.979996,-129.979996,134.979996,177.979996,127.980003,359.980011,165.326996,-119.991997,124.737000,165.119003,118.047997,338.636993,-416.000000,-505.000000,1556.000000,241.000000,638.000000,280.000000
842,1743686367021896,177.988007,-129.988007,134.988007,177.988007,127.987999,359.988007,165.619995,-120.222000,124.957001,165.281998,118.313004,339.036011,-102.000000,-1015.000000,1685.000000,774.000000,408.000000,479.000000
843,1743686367027395,177.990997,-129.990997,134.990997,177.990997,127.990997,359.990997,165.804993,-120.388000,125.110001,165.565002,118.468002,339.274994,-62.000000,-969.000000,1622.000000,959.000000,467.000000,360.000000
845,1743686367032880,177.996002,-129.996002,134.996002,177.996002,127.996002,359.996002,166.095993,-120.621002,125.336998,165.718994,118.703003,339.628998,353.000000,-638.000000,1666.000000,547.000000,505.000000,437.000000
847,1743686367038397,177.998001,-129.998001,134.998001,177.998001,127.998001,359.997986,166.328003,-120.810997,125.510002,166.041000,118.800003,339.881012,46.000000,-1090.000000,2029.000000,1307.000000,516.000000,503.000000
849,1743686367043942,178.000000,-130.000000,135.000000,178.000000,128.000000,360.000000,166.572998,-121.035004,125.665001,166.179001,119.060997,340.346008,-1115.000000,226.000000,1903.000000,-658.000000,169.000000,57.000000
850,1743686367048411,178.000000,-130.000000,135.000000,178.000000,128.000000,360.000000,166.701996,-121.169998,125.859001,166.451996,119.164001,340.571991,-920.000000,146.000000,1723.000000,1181.000000,57.000000,152.000000
852,1743686367053979,178.000000,-130.000000,135.000000,178.000000,128.000000,360.000000,166.904999,-121.322998,126.013000,166.529007,119.397003,340.933990,-185.000000,-256.000000,1840.000000,177.000000,403.000000,415.000000
853,1743686367058459,178.000000,-130.000000,135.000000,178.000000,128.000000,360.000000,167.031006,-121.442001,126.167999,166.871994,119.522003,341.282013,-39.000000,-571.000000,2221.000000,428.000000,264.000000,99.000000
853,1743686367062944,178.000000,-130.000000,135.000000,178.000000,128.000000,360.000000,167.238998,-121.621002,126.396004,166.975006,119.657997,341.592010,248.000000,-863.000000,2254.000000,260.000000,482.000000,364.000000
853,1743686367068515,178.000000,-130.000000,135.000000,178.000000,128.000000,360.000000,167.417007,-121.794998,126.565002,167.255005,119.775002,341.798004,199.000000,-1161.000000,1077.000000,-362.000000,724.000000,504.000000
853,1743686367072991,178.000000,-130.000000,135.000000,178.000000,128.000000,360.000000,167.417007,-121.794998,126.565002,167.255005,119.775002,341.798004,199.000000,-1161.000000,1077.000000,-362.000000,724.000000,504.000000
853,1743686367078549,178.000000,-130.000000,135.000000,178.000000,128.000000,360.000000,167.733002,-122.069000,126.849998,167.565994,120.094002,342.338013,-421.000000,-125.000000,1132.000000,-694.000000,208.000000,123.000000
853,1743686367084053,178.000000,-130.000000,135.000000,178.000000,128.000000,360.000000,167.947006,-122.249001,126.987999,167.707001,120.281998,342.653015,-341.000000,-313.000000,1272.000000,835.000000,440.000000,200.000000
853,1743686367089580,178.000000,-130.000000,135.000000,178.000000,128.000000,360.000000,167.947006,-122.249001,126.987999,167.707001,120.281998,342.653015,-341.000000,-313.000000,1272.000000,835.000000,440.000000,200.000000
853,1743686367094010,178.000000,-130.000000,135.000000,178.000000,128.000000,360.000000,168.225998,-122.502998,127.221001,168.106995,120.532997,343.140015,-208.000000,-402.000000,1931.000000,-1602.000000,306.000000,459.000000
853,1743686367099544,178.000000,-130.000000,135.000000,178.000000,128.000000,360.000000,168.384003,-122.644997,127.382004,168.195007,120.675003,343.302002,-261.000000,-608.000000,2164.000000,1828.000000,599.000000,302.000000
853,1743686367103982,178.000000,-130.000000,135.000000,178.000000,128.000000,360.000000,168.531006,-122.768997,127.511002,168.276001,120.806000,343.593994,-47.000000,-724.000000,1390.000000,1041.000000,103.000000,442.000000
853,1743686367109598,178.000000,-130.000000,135.000000,178.000000,128.000000,360.000000,168.619003,-122.867996,127.608002,168.563004,120.903999,343.752014,-248.000000,-517.000000,1101.000000,-1215.000000,548.000000,252.000000
853,1743686367114122,178.000000,-130.000000,135.000000,178.000000,128.000000,360.000000,168.725006,-122.972000,127.718002,168.613998,121.041000,344.066986,-460.000000,-164.000000,1054.000000,1380.000000,66.000000,108.000000
853,1743686367119707,178.000000,-130.000000,135.000000,178.000000,128.000000,360.000000,168.830002,-123.070999,127.809998,168.723007,121.130997,344.221985,17.000000,-402.000000,1801.000000,845.000000,505.000000,483.000000
853,1743686367124184,178.000000,-130.000000,135.000000,178.000000,128.000000,360.000000,168.830002,-123.070999,127.809998,168.723007,121.130997,344.221985,17.000000,-402.000000,1801.000000,845.000000,505.000000,483.000000
853,1743686367129806,178.000000,-130.000000,135.000000,178.000000,128.000000,360.000000,169.074997,-123.267998,128.020004,169.048004,121.288002,344.593994,288.000000,-630.000000,2133.000000,224.000000,376.000000,253.000000
853,1743686367134275,178.000000,-130.000000,135.000000,178.000000,128.000000,360.000000,169.255005,-123.335999,128.085999,169.052002,121.393997,344.852997,126.000000,-778.000000,2137.000000,1932.000000,409.000000,178.000000
853,1743686367139776,178.000000,-130.000000,135.000000,178.000000,128.000000,360.000000,169.255005,-123.335999,128.085999,169.052002,121.393997,344.852997,126.000000,-778.000000,2137.000000,1932.000000,409.000000,178.000000
853,1743686367144180,178.000000,-130.000000,135.000000,178.000000,128.000000,360.000000,169.509995,-123.535004,128.339005,169.363007,121.538002,345.204987,56.000000,-703.000000,1421.000000,-1218.000000,480.000000,420.000000
853,1743686367149715,178.000000,-130.000000,135.000000,178.000000,128.000000,360.000000,169.509995,-123.535004,128.339005,169.363007,121.538002,345.204987,56.000000,-703.000000,1421.000000,-1218.000000,480.000000,420.000000
853,1743686367154255,178.000000,-130.000000,135.000000,178.000000,128.000000,360.000000,169.651993,-123.612000,128.427994,169.466003,121.637001,345.433014,-295.000000,-349.000000,1099.000000,977.000000,186.000000,25.000000
853,1743686367159863,178.000000,-130.000000,135.000000,178.000000,128.000000,360.000000,169.744003,-123.668999,128.479996,169.507996,121.732002,345.588013,-497.000000,-509.000000,1503.000000,1931.000000,452.000000,277.000000
853,1743686367164356,178.000000,-130.000000,135.000000,178.000000,128.000000,360.000000,169.848007,-123.787003,128.585007,169.651993,121.803001,345.786987,-447.000000,-514.000000,2107.000000,437.000000,342.000000,279.000000
853,1743686367169889,178.000000,-130.000000,135.000000,178.000000,128.000000,360.000000,169.919006,-123.864998,128.636002,169.761993,121.883003,345.976990,38.000000,-520.000000,1905.000000,-1520.000000,285.000000,24.000000
853,1743686367174410,178.000000,-130.000000,135.000000,178.000000,128.000000,360.000000,169.968994,-123.916000,128.720993,169.863007,121.973999,346.204987,206.000000,-616.000000,1984.000000,788.000000,663.000000,275.000000
853,1743686367179976,178.000000,-130.000000,135.000000,178.000000,128.000000,360.000000,170.037994,-124.013000,128.824997,169.944000,122.051003,346.394012,382.000000,-930.000000,2170.000000,2127.000000,387.000000,252.000000
853,1743686367184354,178.000000,-130.000000,135.000000,178.000000,128.000000,360.000000,170.098007,-124.100998,128.917007,170.067993,122.113998,346.526001,253.000000,-701.000000,1356.000000,464.000000,380.000000,368.000000
853,1743686367189839,178.000000,-130.000000,135.000000,178.000000,128.000000,360.000000,170.156998,-124.167999,128.975998,170.188995,122.178001,346.657013,350.000000,-790.000000,1586.000000,-1046.000000,531.000000,317.000000
853,1743686367194214,178.000000,-130.000000,135.000000,178.000000,128.000000,360.000000,170.255997,-124.260002,129.059998,170.326004,122.275002,346.882996,324.000000,-589.000000,1406.000000,-391.000000,247.000000,356.000000
853,1743686367199715,178.000000,-130.000000,135.000000,178.000000,128.000000,360.000000,170.429993,-124.348000,129.126007,170.363007,122.348999,347.040009,101.000000,-576.000000,1376.000000,1440.000000,367.000000,231.000000
853,1743686367204132,178.000000,-130.000000,135.000000,178.000000,128.000000,360.000000,170.522003,-124.404999,129.195007,170.444000,122.433998,347.235992,345.000000,-523.000000,2095.000000,1897.000000,485.000000,247.000000
853,1743686367209564,178.000000,-130.000000,135.000000,178.000000,128.000000,360.000000,170.656006,-124.490997,129.281006,170.554001,122.526001,347.346985,166.000000,-526.000000,2195.000000,229.000000,320.000000,276.000000
853,1743686367213941,178.000000,-130.000000,135.000000,178.000000,128.000000,360.000000,170.815002,-124.550003,129.352997,170.748993,122.578003,347.537994,212.000000,-642.000000,1730.000000,-1414.000000,428.000000,359.000000
853,1743686367219402,178.000000,-130.000000,135.000000,178.000000,128.000000,360.000000,170.940994,-124.598000,129.412994,170.787994,122.667000,347.653992,100.000000,-719.000000,1878.000000,418.000000,424.000000,221.000000
853,1743686367224833,178.000000,-130.000000,135.000000,178.000000,128.000000,360.000000,171.089996,-124.669998,129.498993,170.862000,122.721001,347.812012,3.000000,-797.000000,1586.000000,1842.000000,350.000000,243.000000
853,1743686367229205,178.000000,-130.000000,135.000000,178.000000,128.000000,360.000000,171.197006,-124.749001,129.552002,170.912003,122.805000,347.990997,-300.000000,-742.000000,1334.000000,1540.000000,286.000000,397.000000
853,1743686367234681,178.000000,-130.000000,135.000000,178.000000,128.000000,360.000000,171.257004,-124.806000,129.623001,171.031006,122.875000,348.144012,-308.000000,-595.000000,1769.000000,-186.000000,501.000000,249.000000
853,1743686367239107,178.000000,-130.000000,135.000000,178.000000,128.000000,360.000000,171.341995,-124.847000,129.660004,171.156998,122.928001,348.255005,2.000000,-492.000000,1913.000000,-1479.000000,559.000000,354.000000
853,1743686367244576,178.000000,-130.000000,135.000000,178.000000,128.000000,360.000000,171.403000,-124.908997,129.733002,171.246002,122.998001,348.436005,22.000000,-712.000000,1978.000000,505.000000,402.000000,411.000000
853,1743686367248969,178.000000,-130.000000,135.000000,178.000000,128.000000,360.000000,171.470993,-124.976997,129.792007,171.296005,123.070999,348.536987,87.000000,-614.000000,1946.000000,1744.000000,531.000000,210.000000
853,1743686367254512,178.000000,-130.000000,135.000000,178.000000,128.000000,360.000000,171.514008,-125.059998,129.878006,171.324005,123.114998,348.687988,142.000000,-718.000000,2132.000000,1673.000000,538.000000,327.000000
853,1743686367258984,178.000000,-130.000000,135.000000,178.000000,128.000000,360.000000,171.582993,-125.127998,129.932999,171.391998,123.185997,348.846008,330.000000,-690.000000,1789.000000,783.000000,358.000000,391.000000
853,1743686367264480,178.000000,-130.000000,135.000000,178.000000,128.000000,360.000000,171.643997,-125.174004,130.005005,171.563004,123.227997,348.946014,232.000000,-652.000000,1421.000000,-1298.000000,196.000000,269.000000
853,1743686367269991,178.000000,-130.000000,135.000000,178.000000,128.000000,360.000000,171.735992,-125.214996,130.052002,171.638000,123.287003,349.108002,369.000000,-633.000000,1646.000000,-886.000000,396.000000,323.000000
853,1743686367274439,178.000000,-130.000000,135.000000,178.000000,128.000000,360.000000,171.735992,-125.214996,130.052002,171.638000,123.287003,349.108002,369.000000,-633.000000,1646.000000,-886.000000,396.000000,323.000000
853,1743686367278939,178.000000,-130.000000,135.000000,178.000000,128.000000,360.000000,171.794998,-125.280998,130.115997,171.671997,123.349998,349.282013,296.000000,-625.000000,1931.000000,1408.000000,466.000000,234.000000
853,1743686367284557,178.000000,-130.000000,135.000000,178.000000,128.000000,360.000000,171.960007,-125.399002,130.238007,171.759995,123.450996,349.535004,188.000000,-626.000000,2049.000000,1590.000000,374.000000,209.000000
853,1743686367289110,178.000000,-130.000000,135.000000,178.000000,128.000000,360.000000,171.960007,-125.399002,130.238007,171.759995,123.450996,349.535004,188.000000,-626.000000,2049.000000,1590.000000,374.000000,209.000000
853,1743686367294693,178.000000,-130.000000,135.000000,178.000000,128.000000,360.000000,172.076996,-125.455002,130.317001,171.867004,123.505997,349.627991,276.000000,-603.000000,1815.000000,-40.000000,403.000000,406.000000
853,1743686367299162,178.000000,-130.000000,135.000000,178.000000,128.000000,360.000000,172.160995,-125.519997,130.378006,172.016998,123.542999,349.785004,-187.000000,-722.000000,1579.000000,-1474.000000,298.000000,278.000000
853,1743686367304754,178.000000,-130.000000,135.000000,178.000000,128.000000,360.000000,172.201996,-125.566002,130.421997,172.067001,123.601997,349.934998,-202.000000,-669.000000,1643.000000,-104.000000,248.000000,162.000000
853,1743686367309251,178.000000,-130.000000,135.000000,178.000000,128.000000,360.000000,172.272995,-125.627998,130.487000,172.102005,123.651001,350.032013,247.000000,-718.000000,1889.000000,1634.000000,221.000000,282.000000
853,1743686367314870,178.000000,-130.000000,135.000000,178.000000,128.000000,360.000000,172.332001,-125.671997,130.531006,172.136993,123.705002,350.186005,157.000000,-697.000000,1996.000000,1755.000000,433.000000,148.000000
853,1743686367319364,178.000000,-130.000000,135.000000,178.000000,128.000000,360.000000,172.427994,-125.738998,130.604996,172.197006,123.747002,350.300995,85.000000,-531.000000,1816.000000,1667.000000,521.000000,376.000000
853,1743686367323882,178.000000,-130.000000,135.000000,178.000000,128.000000,360.000000,172.496994,-125.792000,130.651993,172.311996,123.803001,350.385986,137.000000,-644.000000,1858.000000,110.000000,310.000000,174.000000
853,1743686367329489,178.000000,-130.000000,135.000000,178.000000,128.000000,360.000000,172.561996,-125.836998,130.697998,172.404999,123.838997,350.506989,243.000000,-705.000000,1868.000000,-1231.000000,243.000000,447.000000
853,1743686367333972,178.000000,-130.000000,135.000000,178.000000,128.000000,360.000000,172.617996,-125.905998,130.764008,172.529999,123.884003,350.608002,263.000000,-778.000000,1783.000000,-341.000000,478.000000,416.000000
853,1743686367339594,178.000000,-130.000000,135.000000,178.000000,128.000000,360.000000,172.737000,-125.954002,130.822998,172.557999,123.928001,350.743011,170.000000,-738.000000,1724.000000,1345.000000,417.000000,106.000000
853,1743686367344085,178.000000,-130.000000,135.000000,178.000000,128.000000,360.000000,172.841995,-125.988998,130.869003,172.591995,123.997002,350.869995,133.000000,-647.000000,1631.000000,1777.000000,264.000000,176.000000
853,1743686367349678,178.000000,-130.000000,135.000000,178.000000,128.000000,360.000000,172.899994,-126.066002,130.936996,172.645996,124.054001,350.987000,-80.000000,-670.000000,1510.000000,1760.000000,125.000000,282.000000
853,1743686367354178,178.000000,-130.000000,135.000000,178.000000,128.000000,360.000000,172.977997,-126.117996,130.983002,172.709000,124.108002,351.072998,80.000000,-679.000000,1921.000000,921.000000,342.000000,302.000000
853,1743686367359746,178.000000,-130.000000,135.000000,178.000000,128.000000,360.000000,173.065994,-126.170998,131.042007,172.835999,124.144997,351.191010,277.000000,-606.000000,2077.000000,-1032.000000,509.000000,110.000000
853,1743686367364254,178.000000,-130.000000,135.000000,178.000000,128.000000,360.000000,173.110001,-126.211998,131.076996,172.953003,124.184998,351.279999,-21.000000,-657.000000,2047.000000,-1343.000000,360.000000,232.000000
853,1743686367369861,178.000000,-130.000000,135.000000,178.000000,128.000000,360.000000,173.177002,-126.257004,131.123993,172.994003,124.222000,351.410004,-161.000000,-713.000000,1625.000000,629.000000,398.000000,168.000000
853,1743686367374446,178.000000,-130.000000,135.000000,178.000000,128.000000,360.000000,173.229004,-126.308998,131.158005,173.022003,124.280998,351.544006,172.000000,-726.000000,1758.000000,1463.000000,317.000000,348.000000
853,1743686367378939,178.000000,-130.000000,135.000000,178.000000,128.000000,360.000000,173.274002,-126.355003,131.222000,173.057999,124.328003,351.665009,156.000000,-711.000000,2043.000000,1799.000000,375.000000,278.000000
853,1743686367384399,178.000000,-130.000000,135.000000,178.000000,128.000000,360.000000,173.343994,-126.384003,131.259003,173.089005,124.362000,351.752991,161.000000,-666.000000,1672.000000,1754.000000,424.000000,187.000000
853,1743686367389844,178.000000,-130.000000,135.000000,178.000000,128.000000,360.000000,173.389999,-126.426003,131.307999,173.141006,124.424004,351.867004,206.000000,-696.000000,1423.000000,1490.000000,315.000000,254.000000
853,1743686367394241,178.000000,-130.000000,135.000000,178.000000,128.000000,360.000000,173.438995,-126.482002,131.365997,173.238998,124.486000,351.949005,79.000000,-654.000000,1530.000000,132.000000,186.000000,373.000000
853,1743686367399684,178.000000,-130.000000,135.000000,178.000000,128.000000,360.000000,173.464996,-126.513000,131.395996,173.339996,124.521004,352.071014,136.000000,-595.000000,1740.000000,-1111.000000,256.000000,245.000000
853,1743686367404124,178.000000,-130.000000,135.000000,178.000000,128.000000,360.000000,173.529999,-126.556999,131.442993,173.434998,124.570999,352.174011,206.000000,-723.000000,1932.000000,-602.000000,451.000000,171.000000
853,1743686367409039,178.000000,-130.000000,135.000000,178.000000,128.000000,360.000000,173.529999,-126.556999,131.442993,173.434998,124.570999,352.174011,206.000000,-723.000000,1932.000000,-602.000000,451.000000,171.000000
853,1743686367414588,178.000000,-130.000000,135.000000,178.000000,128.000000,360.000000,173.610992,-126.596001,131.492004,173.464996,124.598999,352.247009,243.000000,-615.000000,2084.000000,1141.000000,492.000000,315.000000
853,1743686367419078,178.000000,-130.000000,135.000000,178.000000,128.000000,360.000000,173.677994,-126.638000,131.535995,173.505005,124.652000,352.364990,53.000000,-534.000000,1979.000000,1683.000000,574.000000,374.000000
853,1743686367424727,178.000000,-130.000000,135.000000,178.000000,128.000000,360.000000,173.710007,-126.667999,131.576004,173.511993,124.690002,352.441986,140.000000,-653.000000,1750.000000,1743.000000,456.000000,286.000000
853,1743686367429242,178.000000,-130.000000,135.000000,178.000000,128.000000,360.000000,173.755997,-126.716003,131.617004,173.552002,124.746002,352.545013,101.000000,-679.000000,1934.000000,1861.000000,446.000000,170.000000
853,1743686367434843,178.000000,-130.000000,135.000000,178.000000,128.000000,360.000000,173.794006,-126.741997,131.649002,173.584000,124.805000,352.643005,257.000000,-851.000000,1710.000000,1404.000000,356.000000,316.000000
853,1743686367439337,178.000000,-130.000000,135.000000,178.000000,128.000000,360.000000,173.845993,-126.790001,131.697006,173.669006,124.835999,352.709991,76.000000,-660.000000,1581.000000,509.000000,463.000000,203.000000
853,1743686367444934,178.000000,-130.000000,135.000000,178.000000,128.000000,360.000000,173.886002,-126.838997,131.742996,173.787003,124.885002,352.800995,117.000000,-594.000000,1472.000000,-1289.000000,408.000000,281.000000
853,1743686367449448,178.000000,-130.000000,135.000000,178.000000,128.000000,360.000000,173.912994,-126.874001,131.778000,173.839005,124.940002,352.912994,179.000000,-631.000000,1431.000000,-1084.000000,265.000000,252.000000
853,1743686367453950,178.000000,-130.000000,135.000000,178.000000,128.000000,360.000000,173.964996,-126.915001,131.804001,173.865005,124.983002,352.977997,252.000000,-738.000000,1695.000000,319.000000,286.000000,180.000000
853,1743686367459543,178.000000,-130.000000,135.000000,178.000000,128.000000,360.000000,174.003998,-126.936996,131.837997,173.897003,125.030998,353.075012,184.000000,-512.000000,1883.000000,1377.000000,173.000000,178.000000
853,1743686367464045,178.000000,-130.000000,135.000000,178.000000,128.000000,360.000000,174.063004,-126.977997,131.882004,173.921005,125.066002,353.178009,144.000000,-540.000000,1944.000000,1754.000000,495.000000,367.000000
853,1743686367469672,178.000000,-130.000000,135.000000,178.000000,128.000000,360.000000,174.112000,-127.023003,131.923004,173.949005,125.095001,353.233002,-17.000000,-665.000000,2027.000000,1870.000000,527.000000,317.000000
853,1743686367474144,178.000000,-130.000000,135.000000,178.000000,128.000000,360.000000,174.162994,-127.066002,131.953995,173.966995,125.132004,353.320007,108.000000,-799.000000,1954.000000,1830.000000,643.000000,362.000000
853,1743686367479703,178.000000,-130.000000,135.000000,178.000000,128.000000,360.000000,174.203995,-127.098999,131.996994,174.014999,125.168999,353.375000,159.000000,-596.000000,1717.000000,1469.000000,498.000000,224.000000
853,1743686367484171,178.000000,-130.000000,135.000000,178.000000,128.000000,360.000000,174.259995,-127.137001,132.029007,174.067993,125.209000,353.471008,249.000000,-570.000000,1800.000000,693.000000,471.000000,133.000000
853,1743686367489746,178.000000,-130.000000,135.000000,178.000000,128.000000,360.000000,174.287994,-127.162003,132.065994,174.192993,125.261002,353.562988,-8.000000,-464.000000,1647.000000,-1103.000000,277.000000,308.000000
853,1743686367494227,178.000000,-130.000000,135.000000,178.000000,128.000000,360.000000,174.319000,-127.195000,132.091995,174.272995,125.278000,353.627014,207.000000,-627.000000,1895.000000,-1389.000000,364.000000,329.000000
853,1743686367499790,178.000000,-130.000000,135.000000,178.000000,128.000000,360.000000,174.373993,-127.232002,132.136002,174.322006,125.320000,353.713989,160.000000,-742.000000,1864.000000,174.000000,492.000000,296.000000
853,1743686367504270,178.000000,-130.000000,135.000000,178.000000,128.000000,360.000000,174.438004,-127.268997,132.179993,174.350006,125.337997,353.778015,214.000000,-654.000000,1663.000000,1243.000000,489.000000,220.000000
853,1743686367509793,178.000000,-130.000000,135.000000,178.000000,128.000000,360.000000,174.494995,-127.311996,132.231003,174.376007,125.379997,353.878998,80.000000,-524.000000,1724.000000,1645.000000,474.000000,188.000000
853,1743686367514276,178.000000,-130.000000,135.000000,178.000000,128.000000,360.000000,174.535004,-127.334000,132.257996,174.389999,125.421997,353.971985,107.000000,-554.000000,1579.000000,1705.000000,341.000000,185.000000
853,1743686367519806,178.000000,-130.000000,135.000000,178.000000,128.000000,360.000000,174.565002,-127.375000,132.289993,174.416000,125.449997,354.028015,45.000000,-665.000000,2048.000000,1838.000000,201.000000,218.000000
853,1743686367524320,178.000000,-130.000000,135.000000,178.000000,128.000000,360.000000,174.613007,-127.404999,132.315994,174.434998,125.485001,354.110992,133.000000,-656.000000,2007.000000,1822.000000,273.000000,291.000000
853,1743686367529904,178.000000,-130.000000,135.000000,178.000000,128.000000,360.000000,174.643997,-127.445000,132.352005,174.487000,125.525002,354.188995,227.000000,-645.000000,2065.000000,1345.000000,307.000000,278.000000
853,1743686367534413,178.000000,-130.000000,135.000000,178.000000,128.000000,360.000000,174.684998,-127.484001,132.386993,174.561005,125.551003,354.247986,234.000000,-517.000000,2001.000000,205.000000,450.000000,196.000000
853,1743686367540022,178.000000,-130.000000,135.000000,178.000000,128.000000,360.000000,174.714996,-127.521004,132.427002,174.682007,125.574997,354.338989,126.000000,-659.000000,1882.000000,-1489.000000,491.000000,145.000000
853,1743686367544548,178.000000,-130.000000,135.000000,178.000000,128.000000,360.000000,174.714996,-127.521004,132.427002,174.682007,125.574997,354.338989,126.000000,-659.000000,1882.000000,-1489.000000,491.000000,145.000000
853,1743686367549005,178.000000,-130.000000,135.000000,178.000000,128.000000,360.000000,174.781998,-127.575996,132.492996,174.781998,125.627998,354.472992,205.000000,-675.000000,1729.000000,524.000000,379.000000,305.000000
853,1743686367554591,178.000000,-130.000000,135.000000,178.000000,128.000000,360.000000,174.781998,-127.575996,132.492996,174.781998,125.627998,354.472992,205.000000,-675.000000,1729.000000,524.000000,379.000000,305.000000
853,1743686367559073,178.000000,-130.000000,135.000000,178.000000,128.000000,360.000000,174.828995,-127.612999,132.518005,174.802002,125.662003,354.556000,170.000000,-740.000000,1804.000000,1203.000000,332.000000,420.000000
853,1743686367564705,178.000000,-130.000000,135.000000,178.000000,128.000000,360.000000,174.858994,-127.637001,132.554993,174.820007,125.693001,354.632996,122.000000,-689.000000,1727.000000,1482.000000,288.000000,239.000000
853,1743686367569183,178.000000,-130.000000,135.000000,178.000000,128.000000,360.000000,174.899994,-127.674004,132.591003,174.835007,125.723000,354.707001,156.000000,-588.000000,1854.000000,1679.000000,306.000000,129.000000
853,1743686367574707,178.000000,-130.000000,135.000000,178.000000,128.000000,360.000000,174.932007,-127.699997,132.617996,174.847000,125.741997,354.752014,157.000000,-704.000000,1717.000000,1753.000000,440.000000,242.000000
853,1743686367579248,178.000000,-130.000000,135.000000,178.000000,128.000000,360.000000,174.979996,-127.735001,132.654999,174.869003,125.771004,354.802002,12.000000,-418.000000,1484.000000,1824.000000,410.000000,299.000000
853,1743686367584836,178.000000,-130.000000,135.000000,178.000000,128.000000,360.000000,175.020004,-127.765999,132.690002,174.899002,125.792000,354.876007,79.000000,-812.000000,1541.000000,1703.000000,366.000000,53.000000
853,1743686367589358,178.000000,-130.000000,135.000000,178.000000,128.000000,360.000000,175.052994,-127.787003,132.712006,174.921005,125.823997,354.941986,222.000000,-534.000000,1721.000000,1420.000000,307.000000,169.000000
853,1743686367594950,178.000000,-130.000000,135.000000,178.000000,128.000000,360.000000,175.070999,-127.819000,132.744995,174.983994,125.860001,355.001007,163.000000,-888.000000,1934.000000,620.000000,164.000000,401.000000
853,1743686367599485,178.000000,-130.000000,135.000000,178.000000,128.000000,360.000000,175.104004,-127.851997,132.774994,175.076004,125.886002,355.053986,55.000000,-560.000000,1975.000000,-1062.000000,264.000000,293.000000
853,1743686367603971,178.000000,-130.000000,135.000000,178.000000,128.000000,360.000000,175.121002,-127.874001,132.794006,175.162994,125.907997,355.132996,163.000000,-721.000000,2100.000000,-1638.000000,209.000000,236.000000
853,1743686367609567,178.000000,-130.000000,135.000000,178.000000,128.000000,360.000000,175.154007,-127.912003,132.828003,175.212006,125.921997,355.178009,137.000000,-532.000000,1909.000000,5.000000,233.000000,259.000000
853,1743686367614044,178.000000,-130.000000,135.000000,178.000000,128.000000,360.000000,175.177994,-127.934998,132.848999,175.229996,125.952003,355.256989,213.000000,-624.000000,1950.000000,892.000000,476.000000,169.000000
853,1743686367619612,178.000000,-130.000000,135.000000,178.000000,128.000000,360.000000,175.209000,-127.959999,132.876007,175.251999,125.962997,355.286011,34.000000,-618.000000,2008.000000,1299.000000,427.000000,122.000000
853,1743686367624109,178.000000,-130.000000,135.000000,178.000000,128.000000,360.000000,175.248001,-127.987999,132.912994,175.259995,125.980003,355.345001,211.000000,-699.000000,1557.000000,1489.000000,452.000000,219.000000
853,1743686367629722,178.000000,-130.000000,135.000000,178.000000,128.000000,360.000000,175.279007,-128.005005,132.934006,175.274002,126.013000,355.431000,222.000000,-732.000000,1711.000000,1584.000000,441.000000,352.000000
853,1743686367634209,178.000000,-130.000000,135.000000,178.000000,128.000000,360.000000,175.315002,-128.029007,132.962006,175.281998,126.025002,355.454010,14.000000,-682.000000,1838.000000,1722.000000,379.000000,380.000000
853,1743686367639777,178.000000,-130.000000,135.000000,178.000000,128.000000,360.000000,175.345001,-128.052002,132.988007,175.298996,126.055000,355.531006,318.000000,-702.000000,1546.000000,1796.000000,306.000000,179.000000
853,1743686367644276,178.000000,-130.000000,135.000000,178.000000,128.000000,360.000000,175.378006,-128.076996,133.011002,175.311005,126.080002,355.572998,24.000000,-580.000000,1728.000000,1782.000000,283.000000,195.000000
853,1743686367649840,178.000000,-130.000000,135.000000,178.000000,128.000000,360.000000,175.432999,-128.113998,133.048996,175.339005,126.098999,355.627014,111.000000,-657.000000,1699.000000,1825.000000,184.000000,101.000000
853,1743686367654331,178.000000,-130.000000,135.000000,178.000000,128.000000,360.000000,175.462997,-128.139008,133.072998,175.365997,126.121002,355.682007,160.000000,-515.000000,1711.000000,1556.000000,320.000000,153.000000
853,1743686367659899,178.000000,-130.000000,135.000000,178.000000,128.000000,360.000000,175.483994,-128.156006,133.095001,175.406006,126.142998,355.734985,-17.000000,-658.000000,1696.000000,972.000000,373.000000,104.000000
853,1743686367664430,178.000000,-130.000000,135.000000,178.000000,128.000000,360.000000,175.509003,-128.177002,133.121002,175.464996,126.161003,355.787994,163.000000,-643.000000,1439.000000,-41.000000,387.000000,162.000000
853,1743686367668914,178.000000,-130.000000,135.000000,178.000000,128.000000,360.000000,175.531006,-128.197998,133.147003,175.556000,126.190002,355.855011,241.000000,-586.000000,1503.000000,-1528.000000,419.000000,382.000000
853,1743686367674494,178.000000,-130.000000,135.000000,178.000000,128.000000,360.000000,175.565994,-128.216995,133.167999,175.643005,126.208000,355.895996,97.000000,-753.000000,1568.000000,-1432.000000,399.000000,306.000000
853,1743686367678952,178.000000,-130.000000,135.000000,178.000000,128.000000,360.000000,175.584000,-128.237000,133.188995,175.662994,126.236000,355.942993,-10.000000,-519.000000,1583.000000,16.000000,295.000000,325.000000
853,1743686367684561,178.000000,-130.000000,135.000000,178.000000,128.000000,360.000000,175.615997,-128.257996,133.207001,175.675995,126.258003,355.996002,256.000000,-588.000000,1889.000000,765.000000,289.000000,161.000000
853,1743686367689079,178.000000,-130.000000,135.000000,178.000000,128.000000,360.000000,175.662994,-128.292007,133.231995,175.699997,126.279999,356.042999,73.000000,-488.000000,2061.000000,1322.000000,256.000000,232.000000
853,1743686367694593,178.000000,-130.000000,135.000000,178.000000,128.000000,360.000000,175.695999,-128.309998,133.253006,175.712006,126.304001,356.102997,157.000000,-602.000000,2026.000000,1475.000000,183.000000,200.000000
853,1743686367699000,178.000000,-130.000000,135.000000,178.000000,128.000000,360.000000,175.723007,-128.328003,133.261993,175.716003,126.323997,356.157013,137.000000,-710.000000,2078.000000,1509.000000,208.000000,82.000000
853,1743686367704541,178.000000,-130.000000,135.000000,178.000000,128.000000,360.000000,175.748001,-128.347000,133.291000,175.722000,126.341003,356.205994,134.000000,-629.000000,2031.000000,1693.000000,353.000000,-8.000000
853,1743686367709090,178.000000,-130.000000,135.000000,178.000000,128.000000,360.000000,175.770004,-128.365005,133.313995,175.729996,126.359001,356.252991,80.000000,-704.000000,1979.000000,1737.000000,393.000000,220.000000
853,1743686367714679,178.000000,-130.000000,135.000000,178.000000,128.000000,360.000000,175.770004,-128.365005,133.313995,175.729996,126.359001,356.252991,80.000000,-704.000000,1979.000000,1737.000000,393.000000,220.000000
853,1743686367719165,178.000000,-130.000000,135.000000,178.000000,128.000000,360.000000,175.815002,-128.401993,133.360992,175.740005,126.388000,356.329010,143.000000,-470.000000,1690.000000,1851.000000,488.000000,380.000000
853,1743686367724746,178.000000,-130.000000,135.000000,178.000000,128.000000,360.000000,175.815002,-128.401993,133.360992,175.740005,126.388000,356.329010,143.000000,-470.000000,1690.000000,1851.000000,488.000000,380.000000
853,1743686367729254,178.000000,-130.000000,135.000000,178.000000,128.000000,360.000000,175.837006,-128.419998,133.378998,175.753006,126.411003,356.378998,214.000000,-604.000000,1712.000000,1895.000000,486.000000,381.000000
853,1743686367734891,178.000000,-130.000000,135.000000,178.000000,128.000000,360.000000,175.873993,-128.445999,133.410995,175.764008,126.429001,356.423004,146.000000,-448.000000,1665.000000,1860.000000,426.000000,268.000000
853,1743686367739369,178.000000,-130.000000,135.000000,178.000000,128.000000,360.000000,175.901993,-128.462997,133.429993,175.785995,126.444000,356.470001,213.000000,-539.000000,1807.000000,1642.000000,416.000000,151.000000
853,1743686367744916,178.000000,-130.000000,135.000000,178.000000,128.000000,360.000000,175.934006,-128.472000,133.438995,175.800995,126.461998,356.513000,224.000000,-659.000000,1830.000000,1462.000000,412.000000,268.000000
853,1743686367749397,178.000000,-130.000000,135.000000,178.000000,128.000000,360.000000,175.962006,-128.496994,133.468002,175.878006,126.477997,356.558990,158.000000,-651.000000,1704.000000,286.000000,370.000000,134.000000
853,1743686367754928,178.000000,-130.000000,135.000000,178.000000,128.000000,360.000000,175.988998,-128.514999,133.488007,175.968994,126.505997,356.627014,41.000000,-642.000000,1648.000000,-1190.000000,289.000000,-2.000000
853,1743686367759397,178.000000,-130.000000,135.000000,178.000000,128.000000,360.000000,176.016006,-128.537003,133.507996,176.057999,126.521004,356.667999,329.000000,-652.000000,1625.000000,-1711.000000,315.000000,119.000000
853,1743686367764967,178.000000,-130.000000,135.000000,178.000000,128.000000,360.000000,176.050995,-128.552994,133.529007,176.095001,126.528000,356.687988,184.000000,-546.000000,1635.000000,-390.000000,363.000000,100.000000
853,1743686367769440,178.000000,-130.000000,135.000000,178.000000,128.000000,360.000000,176.089996,-128.570007,133.548004,176.104004,126.556000,356.744995,125.000000,-519.000000,1524.000000,524.000000,354.000000,358.000000
853,1743686367773931,178.000000,-130.000000,135.000000,178.000000,128.000000,360.000000,176.117004,-128.585007,133.563995,176.115997,126.569000,356.778992,38.000000,-552.000000,1422.000000,962.000000,448.000000,347.000000
853,1743686367779504,178.000000,-130.000000,135.000000,178.000000,128.000000,360.000000,176.156998,-128.604004,133.585999,176.123993,126.583000,356.812988,125.000000,-522.000000,1465.000000,1178.000000,475.000000,360.000000
853,1743686367783974,178.000000,-130.000000,135.000000,178.000000,128.000000,360.000000,176.175995,-128.626007,133.610992,176.128006,126.595001,356.851013,97.000000,-540.000000,1505.000000,1333.000000,497.000000,254.000000
853,1743686367789519,178.000000,-130.000000,135.000000,178.000000,128.000000,360.000000,176.197006,-128.641006,133.623001,176.130997,126.612999,356.890015,16.000000,-659.000000,1681.000000,1515.000000,472.000000,238.000000
853,1743686367793962,178.000000,-130.000000,135.000000,178.000000,128.000000,360.000000,176.212997,-128.656006,133.636002,176.136002,126.637001,356.941010,168.000000,-658.000000,1716.000000,1594.000000,375.000000,280.000000
853,1743686367799517,178.000000,-130.000000,135.000000,178.000000,128.000000,360.000000,176.231995,-128.669998,133.649994,176.141006,126.653999,356.975006,102.000000,-608.000000,1855.000000,1641.000000,389.000000,150.000000
853,1743686367804037,178.000000,-130.000000,135.000000,178.000000,128.000000,360.000000,176.257004,-128.692001,133.669998,176.149002,126.671997,357.014008,260.000000,-714.000000,1903.000000,1761.000000,392.000000,171.000000
853,1743686367809643,178.000000,-130.000000,135.000000,178.000000,128.000000,360.000000,176.278000,-128.699997,133.677002,176.151993,126.691002,357.045990,117.000000,-742.000000,1911.000000,1796.000000,321.000000,-70.000000
853,1743686367814170,178.000000,-130.000000,135.000000,178.000000,128.000000,360.000000,176.298004,-128.718002,133.695007,176.162994,126.707001,357.083008,-12.000000,-582.000000,1930.000000,1861.000000,276.000000,88.000000
853,1743686367819764,178.000000,-130.000000,135.000000,178.000000,128.000000,360.000000,176.320007,-128.735001,133.710007,176.171005,126.736000,357.131989,179.000000,-578.000000,2012.000000,1872.000000,295.000000,207.000000
853,1743686367824275,178.000000,-130.000000,135.000000,178.000000,128.000000,360.000000,176.341995,-128.750000,133.723999,176.182007,126.753998,357.164001,61.000000,-619.000000,2054.000000,1921.000000,315.000000,210.000000
853,1743686367829808,178.000000,-130.000000,135.000000,178.000000,128.000000,360.000000,176.378998,-128.766006,133.735992,176.190002,126.768997,357.187012,224.000000,-596.000000,1944.000000,1919.000000,335.000000,403.000000
853,1743686367834280,178.000000,-130.000000,135.000000,178.000000,128.000000,360.000000,176.393005,-128.783997,133.753998,176.207001,126.779999,357.213989,283.000000,-445.000000,1920.000000,1846.000000,389.000000,356.000000
853,1743686367839763,178.000000,-130.000000,135.000000,178.000000,128.000000,360.000000,176.432007,-128.804993,133.776001,176.227005,126.793999,357.244995,84.000000,-519.000000,1761.000000,1714.000000,463.000000,259.000000
853,1743686367844273,178.000000,-130.000000,135.000000,178.000000,128.000000,360.000000,176.457993,-128.817001,133.794006,176.274994,126.806000,357.276001,117.000000,-545.000000,1767.000000,1041.000000,497.000000,241.000000
853,1743686367849880,178.000000,-130.000000,135.000000,178.000000,128.000000,360.000000,176.473007,-128.830994,133.809998,176.326996,126.827003,357.312012,186.000000,-555.000000,1631.000000,-89.000000,533.000000,222.000000
853,1743686367854452,178.000000,-130.000000,135.000000,178.000000,128.000000,360.000000,176.487000,-128.843002,133.824005,176.417007,126.838997,357.363007,173.000000,-627.000000,1594.000000,-1356.000000,530.000000,222.000000
853,1743686367858977,178.000000,-130.000000,135.000000,178.000000,128.000000,360.000000,176.501999,-128.856995,133.835999,176.490997,126.848999,357.393005,201.000000,-707.000000,1614.000000,-1575.000000,502.000000,270.000000
853,1743686367864558,178.000000,-130.000000,135.000000,178.000000,128.000000,360.000000,176.522003,-128.865005,133.850998,176.522003,126.861000,357.420013,85.000000,-736.000000,1754.000000,-481.000000,544.000000,233.000000
853,1743686367868949,178.000000,-130.000000,135.000000,178.000000,128.000000,360.000000,176.522003,-128.865005,133.850998,176.522003,126.861000,357.420013,85.000000,-736.000000,1754.000000,-481.000000,544.000000,233.000000
853,1743686367874453,178.000000,-130.000000,135.000000,178.000000,128.000000,360.000000,176.554001,-128.888000,133.860001,176.535995,126.875000,357.454987,-20.000000,-642.000000,1817.000000,604.000000,538.000000,82.000000
853,1743686367878887,178.000000,-130.000000,135.000000,178.000000,128.000000,360.000000,176.602005,-128.917007,133.886993,176.550995,126.903999,357.518005,179.000000,-581.000000,1763.000000,1098.000000,454.000000,55.000000
853,1743686367884353,178.000000,-130.000000,135.000000,178.000000,128.000000,360.000000,176.602005,-128.917007,133.886993,176.550995,126.903999,357.518005,179.000000,-581.000000,1763.000000,1098.000000,454.000000,55.000000
853,1743686367889831,178.000000,-130.000000,135.000000,178.000000,128.000000,360.000000,176.621994,-128.929001,133.904007,176.557999,126.921997,357.550995,23.000000,-560.000000,1773.000000,1219.000000,424.000000,26.000000
853,1743686367894256,178.000000,-130.000000,135.000000,178.000000,128.000000,360.000000,176.641998,-128.945007,133.919998,176.561005,126.945000,357.598999,33.000000,-460.000000,1700.000000,1321.000000,407.000000,243.000000
853,1743686367899722,178.000000,-130.000000,135.000000,178.000000,128.000000,360.000000,176.654999,-128.957001,133.931000,176.565002,126.950996,357.613007,120.000000,-522.000000,1681.000000,1383.000000,386.000000,316.000000
853,1743686367904099,178.000000,-130.000000,135.000000,178.000000,128.000000,360.000000,176.664993,-128.970993,133.942993,176.567993,126.974998,357.653015,81.000000,-558.000000,1616.000000,1448.000000,354.000000,318.000000
853,1743686367909558,178.000000,-130.000000,135.000000,178.000000,128.000000,360.000000,176.679993,-128.985001,133.955994,176.572006,126.991997,357.674011,181.000000,-590.000000,1706.000000,1530.000000,348.000000,294.000000
853,1743686367913972,178.000000,-130.000000,135.000000,178.000000,128.000000,360.000000,176.692993,-128.994003,133.968002,176.576004,127.007004,357.699005,161.000000,-576.000000,1541.000000,1571.000000,341.000000,284.000000
853,1743686367919422,178.000000,-130.000000,135.000000,178.000000,128.000000,360.000000,176.714996,-129.009003,133.987000,176.582993,127.018997,357.725006,112.000000,-680.000000,1463.000000,1635.000000,429.000000,280.000000
853,1743686367924874,178.000000,-130.000000,135.000000,178.000000,128.000000,360.000000,176.720993,-129.016006,134.001007,176.584000,127.031998,357.753998,71.000000,-670.000000,1385.000000,1676.000000,416.000000,119.000000
853,1743686367929286,178.000000,-130.000000,135.000000,178.000000,128.000000,360.000000,176.746002,-129.028000,134.013000,176.591003,127.043999,357.778992,71.000000,-696.000000,1361.000000,1708.000000,487.000000,219.000000
853,1743686367934825,178.000000,-130.000000,135.000000,178.000000,128.000000,360.000000,176.761002,-129.039001,134.026001,176.600998,127.055000,357.802002,42.000000,-675.000000,1481.000000,1786.000000,504.000000,204.000000
853,1743686367939326,178.000000,-130.000000,135.000000,178.000000,128.000000,360.000000,176.779007,-129.052994,134.035004,176.608994,127.070999,357.841003,139.000000,-669.000000,1602.000000,1811.000000,494.000000,231.000000
853,1743686367943830,178.000000,-130.000000,135.000000,178.000000,128.000000,360.000000,176.792999,-129.061005,134.044998,176.619003,127.080002,357.864990,286.000000,-679.000000,1695.000000,1818.000000,497.000000,144.000000
853,1743686367949481,178.000000,-130.000000,135.000000,178.000000,128.000000,360.000000,176.807999,-129.074005,134.056000,176.625000,127.092003,357.890991,271.000000,-658.000000,1761.000000,1870.000000,488.000000,135.000000
853,1743686367953963,178.000000,-130.000000,135.000000,178.000000,128.000000,360.000000,176.830994,-129.085007,134.063995,176.632004,127.102997,357.915985,44.000000,-629.000000,1805.000000,1884.000000,469.000000,81.000000
853,1743686367959605,178.000000,-130.000000,135.000000,178.000000,128.000000,360.000000,176.845993,-129.104996,134.076996,176.643005,127.114998,357.945007,62.000000,-519.000000,1852.000000,1897.000000,435.000000,0.000000
853,1743686367964066,178.000000,-130.000000,135.000000,178.000000,128.000000,360.000000,176.856995,-129.115005,134.085007,176.664001,127.128998,357.973999,186.000000,-492.000000,1935.000000,1794.000000,442.000000,19.000000
853,1743686367969618,178.000000,-130.000000,135.000000,178.000000,128.000000,360.000000,176.867004,-129.128998,134.091995,176.682007,127.143997,358.002991,224.000000,-535.000000,2015.000000,1597.000000,390.000000,58.000000
853,1743686367974082,178.000000,-130.000000,135.000000,178.000000,128.000000,360.000000,176.873993,-129.138000,134.098999,176.710999,127.157997,358.024994,166.000000,-538.000000,2045.000000,1209.000000,330.000000,163.000000
853,1743686367979726,178.000000,-130.000000,135.000000,178.000000,128.000000,360.000000,176.884995,-129.149002,134.108002,176.753998,127.179001,358.053986,118.000000,-566.000000,2015.000000,567.000000,330.000000,299.000000
853,1743686367984313,178.000000,-130.000000,135.000000,178.000000,128.000000,360.000000,176.893005,-129.160004,134.117996,176.826004,127.190002,358.071014,117.000000,-514.000000,1994.000000,-660.000000,309.000000,333.000000
853,1743686367988836,178.000000,-130.000000,135.000000,178.000000,128.000000,360.000000,176.901001,-129.169006,134.126007,176.917007,127.200996,358.092010,125.000000,-564.000000,1880.000000,-1767.000000,325.000000,400.000000
853,1743686367994507,178.000000,-130.000000,135.000000,178.000000,128.000000,360.000000,176.917999,-129.184006,134.141006,176.977997,127.210999,358.108002,16.000000,-639.000000,1922.000000,-992.000000,324.000000,394.000000
853,1743686367998950,178.000000,-130.000000,135.000000,178.000000,128.000000,360.000000,176.947998,-129.192001,134.149002,176.987000,127.224998,358.130005,44.000000,-672.000000,1966.000000,134.000000,300.000000,335.000000
853,1743686368004506,178.000000,-130.000000,135.000000,178.000000,128.000000,360.000000,176.966995,-129.201004,134.162994,177.009995,127.235001,358.149994,153.000000,-677.000000,1997.000000,639.000000,345.000000,370.000000
853,1743686368009048,178.000000,-130.000000,135.000000,178.000000,128.000000,360.000000,176.985001,-129.210999,134.173004,177.016998,127.241997,358.173004,196.000000,-681.000000,2020.000000,788.000000,365.000000,263.000000
853,1743686368014638,178.000000,-130.000000,135.000000,178.000000,128.000000,360.000000,176.996994,-129.216995,134.181000,177.018005,127.250999,358.195007,132.000000,-699.000000,1913.000000,886.000000,408.000000,139.000000
853,1743686368019153,178.000000,-130.000000,135.000000,178.000000,128.000000,360.000000,177.007996,-129.229004,134.192993,177.020004,127.262001,358.223999,116.000000,-665.000000,1898.000000,1007.000000,436.000000,87.000000
853,1743686368024755,178.000000,-130.000000,135.000000,178.000000,128.000000,360.000000,177.018005,-129.240005,134.207001,177.022003,127.268997,358.260986,55.000000,-659.000000,1624.000000,1054.000000,479.000000,197.000000
853,1743686368029289,178.000000,-130.000000,135.000000,178.000000,128.000000,360.000000,177.018005,-129.240005,134.207001,177.022003,127.268997,358.260986,55.000000,-659.000000,1624.000000,1054.000000,479.000000,197.000000
853,1743686368034877,178.000000,-130.000000,135.000000,178.000000,128.000000,360.000000,177.037003,-129.255997,134.225006,177.022003,127.282997,358.304993,80.000000,-658.000000,1630.000000,1177.000000,519.000000,190.000000
853,1743686368039318,178.000000,-130.000000,135.000000,178.000000,128.000000,360.000000,177.037003,-129.255997,134.225006,177.022003,127.282997,358.304993,80.000000,-658.000000,1630.000000,1177.000000,519.000000,190.000000
853,1743686368044844,178.000000,-130.000000,135.000000,178.000000,128.000000,360.000000,177.041000,-129.266998,134.235992,177.026001,127.287003,358.328003,108.000000,-603.000000,1723.000000,1230.000000,541.000000,146.000000
853,1743686368049326,178.000000,-130.000000,135.000000,178.000000,128.000000,360.000000,177.052002,-129.281006,134.248001,177.029007,127.294998,358.352997,171.000000,-569.000000,1803.000000,1278.000000,542.000000,148.000000
853,1743686368053835,178.000000,-130.000000,135.000000,178.000000,128.000000,360.000000,177.063004,-129.292007,134.259003,177.031998,127.301003,358.377991,180.000000,-544.000000,1833.000000,1344.000000,567.000000,77.000000
853,1743686368059474,178.000000,-130.000000,135.000000,178.000000,128.000000,360.000000,177.072998,-129.302002,134.266006,177.035995,127.307999,358.399994,167.000000,-509.000000,1816.000000,1377.000000,575.000000,75.000000
853,1743686368063974,178.000000,-130.000000,135.000000,178.000000,128.000000,360.000000,177.082993,-129.309006,134.272995,177.035995,127.313004,358.423004,80.000000,-537.000000,1846.000000,1406.000000,557.000000,113.000000
853,1743686368069603,178.000000,-130.000000,135.000000,178.000000,128.000000,360.000000,177.093994,-129.317993,134.283005,177.037003,127.322998,358.454987,87.000000,-525.000000,1855.000000,1459.000000,576.000000,26.000000
853,1743686368074115,178.000000,-130.000000,135.000000,178.000000,128.000000,360.000000,177.106995,-129.326004,134.292007,177.042999,127.330002,358.473999,96.000000,-515.000000,1842.000000,1524.000000,571.000000,93.000000
853,1743686368079654,178.000000,-130.000000,135.000000,178.000000,128.000000,360.000000,177.119995,-129.332993,134.300003,177.046005,127.334999,358.493011,91.000000,-570.000000,1875.000000,1533.000000,558.000000,179.000000
853,1743686368084104,178.000000,-130.000000,135.000000,178.000000,128.000000,360.000000,177.139999,-129.345993,134.304993,177.048004,127.345001,358.510986,65.000000,-597.000000,1936.000000,1578.000000,549.000000,210.000000
853,1743686368089652,178.000000,-130.000000,135.000000,178.000000,128.000000,360.000000,177.154999,-129.352997,134.317001,177.054993,127.352997,358.526001,96.000000,-617.000000,1985.000000,1648.000000,526.000000,282.000000
853,1743686368094193,178.000000,-130.000000,135.000000,178.000000,128.000000,360.000000,177.164993,-129.358994,134.326996,177.057999,127.361000,358.540009,162.000000,-668.000000,1969.000000,1691.000000,512.000000,327.000000
853,1743686368099747,178.000000,-130.000000,135.000000,178.000000,128.000000,360.000000,177.177002,-129.365005,134.335999,177.061005,127.371002,358.550995,202.000000,-701.000000,1871.000000,1706.000000,478.000000,414.000000
853,1743686368104251,178.000000,-130.000000,135.000000,178.000000,128.000000,360.000000,177.186996,-129.371994,134.345993,177.065994,127.378998,358.562012,259.000000,-704.000000,1796.000000,1720.000000,478.000000,435.000000
853,1743686368109840,178.000000,-130.000000,135.000000,178.000000,128.000000,360.000000,177.195007,-129.378998,134.356995,177.067993,127.392998,358.579010,207.000000,-675.000000,1694.000000,1777.000000,463.000000,426.000000
853,1743686368114374,178.000000,-130.000000,135.000000,178.000000,128.000000,360.000000,177.205002,-129.386993,134.365997,177.072006,127.401001,358.592010,137.000000,-669.000000,1723.000000,1794.000000,444.000000,393.000000
853,1743686368118851,178.000000,-130.000000,135.000000,178.000000,128.000000,360.000000,177.212006,-129.393997,134.373001,177.076996,127.411003,358.602997,90.000000,-677.000000,1685.000000,1816.000000,427.000000,395.000000
853,1743686368124384,178.000000,-130.000000,135.000000,178.000000,128.000000,360.000000,177.223007,-129.401001,134.382004,177.080994,127.417000,358.614990,92.000000,-709.000000,1729.000000,1832.000000,427.000000,352.000000
853,1743686368128820,178.000000,-130.000000,135.000000,178.000000,128.000000,360.000000,177.233994,-129.408997,134.393997,177.089996,127.428001,358.631989,113.000000,-713.000000,1796.000000,1871.000000,382.000000,276.000000
853,1743686368134377,178.000000,-130.000000,135.000000,178.000000,128.000000,360.000000,177.238998,-129.412003,134.397995,177.091995,127.436996,358.651001,143.000000,-743.000000,1717.000000,1867.000000,374.000000,212.000000
853,1743686368138899,178.000000,-130.000000,135.000000,178.000000,128.000000,360.000000,177.253006,-129.423996,134.406006,177.098999,127.447998,358.669006,139.000000,-780.000000,1668.000000,1880.000000,345.000000,176.000000
853,1743686368144514,178.000000,-130.000000,135.000000,178.000000,128.000000,360.000000,177.264999,-129.432007,134.421005,177.108994,127.455002,358.687988,119.000000,-714.000000,1586.000000,1845.000000,385.000000,182.000000
853,1743686368149025,178.000000,-130.000000,135.000000,178.000000,128.000000,360.000000,177.278000,-129.438995,134.427994,177.117004,127.463997,358.713989,118.000000,-645.000000,1523.000000,1823.000000,382.000000,175.000000
853,1743686368154639,178.000000,-130.000000,135.000000,178.000000,128.000000,360.000000,177.292999,-129.449997,134.438004,177.126999,127.471001,358.730988,99.000000,-603.000000,1539.000000,1718.000000,404.000000,175.000000
853,1743686368159159,178.000000,-130.000000,135.000000,178.000000,128.000000,360.000000,177.300995,-129.460999,134.449005,177.149994,127.477997,358.743988,122.000000,-580.000000,1554.000000,1474.000000,420.000000,188.000000
853,1743686368164702,178.000000,-130.000000,135.000000,178.000000,128.000000,360.000000,177.307999,-129.468002,134.453003,177.175995,127.483002,358.760986,129.000000,-536.000000,1565.000000,1218.000000,404.000000,195.000000
853,1743686368169172,178.000000,-130.000000,135.000000,178.000000,128.000000,360.000000,177.315994,-129.475006,134.462997,177.205994,127.491997,358.787994,109.000000,-573.000000,1635.000000,583.000000,452.000000,114.000000
853,1743686368174703,178.000000,-130.000000,135.000000,178.000000,128.000000,360.000000,177.322998,-129.481995,134.468002,177.261002,127.497002,358.807007,40.000000,-600.000000,1644.000000,-452.000000,475.000000,87.000000
853,1743686368179240,178.000000,-130.000000,135.000000,178.000000,128.000000,360.000000,177.328003,-129.490005,134.475006,177.345993,127.502998,358.824005,62.000000,-579.000000,1669.000000,-1785.000000,482.000000,100.000000
853,1743686368184824,178.000000,-130.000000,135.000000,178.000000,128.000000,360.000000,177.334000,-129.501007,134.479996,177.417999,127.503998,358.839996,66.000000,-538.000000,1647.000000,-962.000000,498.000000,157.000000
853,1743686368189351,178.000000,-130.000000,135.000000,178.000000,128.000000,360.000000,177.343002,-129.507996,134.485992,177.423004,127.512001,358.855988,66.000000,-535.000000,1748.000000,-371.000000,501.000000,89.000000
853,1743686368194937,178.000000,-130.000000,135.000000,178.000000,128.000000,360.000000,177.360001,-129.509995,134.487000,177.438004,127.514999,358.871002,100.000000,-540.000000,1800.000000,339.000000,495.000000,90.000000
853,1743686368199487,178.000000,-130.000000,135.000000,178.000000,128.000000,360.000000,177.360001,-129.509995,134.487000,177.438004,127.514999,358.871002,100.000000,-540.000000,1800.000000,339.000000,495.000000,90.000000
853,1743686368203952,178.000000,-130.000000,135.000000,178.000000,128.000000,360.000000,177.375000,-129.522995,134.496994,177.444000,127.519997,358.884003,145.000000,-540.000000,1887.000000,496.000000,512.000000,51.000000
853,1743686368209510,178.000000,-130.000000,135.000000,178.000000,128.000000,360.000000,177.380997,-129.528000,134.501999,177.447998,127.525002,358.898010,130.000000,-566.000000,1863.000000,631.000000,512.000000,87.000000
853,1743686368213941,178.000000,-130.000000,135.000000,178.000000,128.000000,360.000000,177.389999,-129.531998,134.505997,177.447998,127.529999,358.912994,174.000000,-591.000000,1941.000000,658.000000,524.000000,79.000000
853,1743686368219592,178.000000,-130.000000,135.000000,178.000000,128.000000,360.000000,177.395996,-129.537994,134.511993,177.449005,127.536003,358.933990,179.000000,-626.000000,1964.000000,715.000000,530.000000,141.000000
853,1743686368224100,178.000000,-130.000000,135.000000,178.000000,128.000000,360.000000,177.399994,-129.542999,134.514999,177.451996,127.542000,358.942993,161.000000,-653.000000,1944.000000,749.000000,527.000000,202.000000
853,1743686368229707,178.000000,-130.000000,135.000000,178.000000,128.000000,360.000000,177.404999,-129.548996,134.520004,177.451996,127.549004,358.951996,128.000000,-650.000000,1969.000000,786.000000,511.000000,265.000000
853,1743686368234225,178.000000,-130.000000,135.000000,178.000000,128.000000,360.000000,177.406998,-129.552994,134.526001,177.453003,127.555000,358.959991,118.000000,-649.000000,2041.000000,813.000000,489.000000,262.000000
853,1743686368239819,178.000000,-130.000000,135.000000,178.000000,128.000000,360.000000,177.414001,-129.559006,134.526993,177.453003,127.561996,358.971008,86.000000,-672.000000,2051.000000,834.000000,487.000000,315.000000
853,1743686368244232,178.000000,-130.000000,135.000000,178.000000,128.000000,360.000000,177.417999,-129.567001,134.533997,177.455002,127.569000,358.981995,58.000000,-662.000000,2120.000000,889.000000,454.000000,342.000000
853,1743686368249744,178.000000,-130.000000,135.000000,178.000000,128.000000,360.000000,177.421997,-129.567993,134.537003,177.455994,127.573997,358.989990,55.000000,-673.000000,2145.000000,918.000000,422.000000,313.000000
853,1743686368254195,178.000000,-130.000000,135.000000,178.000000,128.000000,360.000000,177.429001,-129.574005,134.544006,177.457993,127.582001,359.001007,102.000000,-698.000000,2132.000000,940.000000,382.000000,314.000000
853,1743686368259710,178.000000,-130.000000,135.000000,178.000000,128.000000,360.000000,177.434998,-129.578995,134.548996,177.459000,127.591003,359.009003,111.000000,-700.000000,2083.000000,983.000000,373.000000,344.000000
853,1743686368264143,178.000000,-130.000000,135.000000,178.000000,128.000000,360.000000,177.440002,-129.585999,134.556000,177.459000,127.599998,359.023987,126.000000,-678.000000,2066.000000,1007.000000,319.000000,330.000000
853,1743686368269789,178.000000,-130.000000,135.000000,178.000000,128.000000,360.000000,177.445007,-129.589996,134.559998,177.460007,127.610001,359.031006,171.000000,-685.000000,2060.000000,1019.000000,317.000000,298.000000
853,1743686368274320,178.000000,-130.000000,135.000000,178.000000,128.000000,360.000000,177.455994,-129.593994,134.565994,177.460007,127.616997,359.040985,167.000000,-682.000000,2102.000000,1073.000000,287.000000,385.000000
853,1743686368278857,178.000000,-130.000000,135.000000,178.000000,128.000000,360.000000,177.470001,-129.598007,134.570999,177.462006,127.622002,359.050995,165.000000,-697.000000,2113.000000,1081.000000,280.000000,377.000000
853,1743686368284463,178.000000,-130.000000,135.000000,178.000000,128.000000,360.000000,177.477997,-129.604996,134.578003,177.464005,127.634003,359.066010,156.000000,-694.000000,2142.000000,1138.000000,248.000000,230.000000
853,1743686368288945,178.000000,-130.000000,135.000000,178.000000,128.000000,360.000000,177.488007,-129.612000,134.585007,177.466003,127.639999,359.078003,176.000000,-668.000000,2132.000000,1161.000000,243.000000,249.000000
853,1743686368294491,178.000000,-130.000000,135.000000,178.000000,128.000000,360.000000,177.492996,-129.615997,134.585999,177.466995,127.647003,359.088989,183.000000,-631.000000,2137.000000,1180.000000,245.000000,238.000000
853,1743686368298951,178.000000,-130.000000,135.000000,178.000000,128.000000,360.000000,177.505997,-129.623001,134.593994,177.468994,127.653999,359.102997,150.000000,-621.000000,2129.000000,1209.000000,237.000000,189.000000
853,1743686368304478,178.000000,-130.000000,135.000000,178.000000,128.000000,360.000000,177.511993,-129.630005,134.600006,177.470001,127.657997,359.115997,143.000000,-594.000000,2151.000000,1262.000000,242.000000,208.000000
853,1743686368308957,178.000000,-130.000000,135.000000,178.000000,128.000000,360.000000,177.518005,-129.634003,134.606995,177.470001,127.663002,359.128998,121.000000,-614.000000,2164.000000,1279.000000,217.000000,136.000000
853,1743686368314521,178.000000,-130.000000,135.000000,178.000000,128.000000,360.000000,177.522995,-129.639999,134.608994,177.470993,127.668999,359.143005,107.000000,-573.000000,2173.000000,1314.000000,235.000000,142.000000
853,1743686368318980,178.000000,-130.000000,135.000000,178.000000,128.000000,360.000000,177.531998,-129.645004,134.613998,177.473999,127.676003,359.156006,74.000000,-588.000000,2149.000000,1334.000000,247.000000,184.000000
853,1743686368324598,178.000000,-130.000000,135.000000,178.000000,128.000000,360.000000,177.537994,-129.647995,134.619995,177.475006,127.680000,359.165009,48.000000,-575.000000,2113.000000,1363.000000,266.000000,195.000000
853,1743686368329113,178.000000,-130.000000,135.000000,178.000000,128.000000,360.000000,177.542999,-129.653000,134.626007,177.477005,127.683998,359.170990,38.000000,-581.000000,2057.000000,1372.000000,264.000000,226.000000
853,1743686368334655,178.000000,-130.000000,135.000000,178.000000,128.000000,360.000000,177.548004,-129.660004,134.630997,177.477997,127.686996,359.181000,56.000000,-560.000000,1957.000000,1405.000000,277.000000,219.000000
853,1743686368339127,178.000000,-130.000000,135.000000,178.000000,128.000000,360.000000,177.554001,-129.667999,134.636993,177.477997,127.692001,359.187988,94.000000,-534.000000,1902.000000,1431.000000,294.000000,220.000000
853,1743686368344696,178.000000,-130.000000,135.000000,178.000000,128.000000,360.000000,177.554993,-129.671005,134.645004,177.481003,127.695999,359.195007,133.000000,-526.000000,1860.000000,1444.000000,298.000000,255.000000
853,1743686368349241,178.000000,-130.000000,135.000000,178.000000,128.000000,360.000000,177.561996,-129.677002,134.653000,177.481003,127.698997,359.204010,169.000000,-499.000000,1780.000000,1467.000000,314.000000,210.000000
853,1743686368354864,178.000000,-130.000000,135.000000,178.000000,128.000000,360.000000,177.567001,-129.684006,134.662994,177.483994,127.702003,359.213989,226.000000,-521.000000,1732.000000,1479.000000,317.000000,214.000000
853,1743686368359347,178.000000,-130.000000,135.000000,178.000000,128.000000,360.000000,177.570999,-129.688004,134.669006,177.485001,127.705002,359.225006,249.000000,-537.000000,1720.000000,1531.000000,346.000000,119.000000
853,1743686368364923,178.000000,-130.000000,135.000000,178.000000,128.000000,360.000000,177.576004,-129.688995,134.669998,177.485992,127.707001,359.235992,238.000000,-536.000000,1714.000000,1553.000000,342.000000,171.000000
853,1743686368369446,178.000000,-130.000000,135.000000,178.000000,128.000000,360.000000,177.580994,-129.692993,134.677994,177.490997,127.707001,359.246002,244.000000,-569.000000,1764.000000,1573.000000,372.000000,73.000000
853,1743686368373912,178.000000,-130.000000,135.000000,178.000000,128.000000,360.000000,177.584000,-129.695999,134.682007,177.490997,127.710999,359.252014,217.000000,-587.000000,1767.000000,1590.000000,373.000000,94.000000
853,1743686368379577,178.000000,-130.000000,135.000000,178.000000,128.000000,360.000000,177.587997,-129.701004,134.686005,177.492004,127.710999,359.265015,192.000000,-567.000000,1796.000000,1605.000000,376.000000,136.000000
853,1743686368384025,178.000000,-130.000000,135.000000,178.000000,128.000000,360.000000,177.591003,-129.703995,134.692001,177.494995,127.712997,359.273987,149.000000,-596.000000,1837.000000,1624.000000,402.000000,103.000000
853,1743686368389548,178.000000,-130.000000,135.000000,178.000000,128.000000,360.000000,177.595993,-129.707993,134.695999,177.496994,127.714996,359.289001,124.000000,-619.000000,1853.000000,1639.000000,407.000000,105.000000
853,1743686368393957,178.000000,-130.000000,135.000000,178.000000,128.000000,360.000000,177.595993,-129.707993,134.695999,177.496994,127.714996,359.289001,124.000000,-619.000000,1853.000000,1639.000000,407.000000,105.000000
853,1743686368399605,178.000000,-130.000000,135.000000,178.000000,128.000000,360.000000,177.606003,-129.712006,134.703995,177.501999,127.721001,359.313995,16.000000,-639.000000,1801.000000,1665.000000,420.000000,-8.000000
853,1743686368404136,178.000000,-130.000000,135.000000,178.000000,128.000000,360.000000,177.610001,-129.716003,134.707993,177.503998,127.723999,359.324005,20.000000,-644.000000,1800.000000,1697.000000,436.000000,14.000000
853,1743686368409732,178.000000,-130.000000,135.000000,178.000000,128.000000,360.000000,177.610001,-129.716003,134.707993,177.503998,127.723999,359.324005,20.000000,-644.000000,1800.000000,1697.000000,436.000000,14.000000
853,1743686368414208,178.000000,-130.000000,135.000000,178.000000,128.000000,360.000000,177.617996,-129.723007,134.714005,177.507004,127.725998,359.333008,17.000000,-675.000000,1812.000000,1732.000000,442.000000,36.000000
853,1743686368419845,178.000000,-130.000000,135.000000,178.000000,128.000000,360.000000,177.621002,-129.722000,134.714005,177.507996,127.725998,359.342987,71.000000,-673.000000,1820.000000,1721.000000,446.000000,86.000000
853,1743686368424382,178.000000,-130.000000,135.000000,178.000000,128.000000,360.000000,177.630005,-129.729004,134.718994,177.513000,127.728996,359.350006,65.000000,-659.000000,1828.000000,1747.000000,457.000000,90.000000
853,1743686368428874,178.000000,-130.000000,135.000000,178.000000,128.000000,360.000000,177.639008,-129.729996,134.720993,177.514008,127.731003,359.358002,123.000000,-677.000000,1839.000000,1768.000000,461.000000,116.000000
853,1743686368434511,178.000000,-130.000000,135.000000,178.000000,128.000000,360.000000,177.643997,-129.733994,134.725006,177.516998,127.733002,359.365997,112.000000,-657.000000,1839.000000,1776.000000,468.000000,160.000000
853,1743686368439049,178.000000,-130.000000,135.000000,178.000000,128.000000,360.000000,177.651001,-129.738007,134.729996,177.520996,127.736000,359.372009,111.000000,-681.000000,1842.000000,1780.000000,469.000000,189.000000
853,1743686368444685,178.000000,-130.000000,135.000000,178.000000,128.000000,360.000000,177.662003,-129.740005,134.735992,177.524994,127.738998,359.376007,143.000000,-690.000000,1838.000000,1795.000000,477.000000,196.000000
853,1743686368449225,178.000000,-130.000000,135.000000,178.000000,128.000000,360.000000,177.666000,-129.744003,134.737000,177.528000,127.739998,359.382996,150.000000,-698.000000,1874.000000,1829.000000,486.000000,226.000000
853,1743686368454861,178.000000,-130.000000,135.000000,178.000000,128.000000,360.000000,177.671997,-129.746994,134.740997,177.529999,127.741997,359.386993,152.000000,-711.000000,1898.000000,1836.000000,492.000000,251.000000
853,1743686368459419,178.000000,-130.000000,135.000000,178.000000,128.000000,360.000000,177.673996,-129.748001,134.742996,177.531998,127.742996,359.390015,139.000000,-716.000000,1912.000000,1851.000000,492.000000,243.000000
853,1743686368463970,178.000000,-130.000000,135.000000,178.000000,128.000000,360.000000,177.679993,-129.753998,134.744995,177.537003,127.747002,359.394012,150.000000,-721.000000,1922.000000,1843.000000,486.000000,288.000000
853,1743686368469594,178.000000,-130.000000,135.000000,178.000000,128.000000,360.000000,177.684006,-129.757996,134.750000,177.541000,127.750000,359.401001,169.000000,-696.000000,1954.000000,1850.000000,495.000000,282.000000
853,1743686368474093,178.000000,-130.000000,135.000000,178.000000,128.000000,360.000000,177.684998,-129.761993,134.751999,177.544006,127.750999,359.404999,155.000000,-678.000000,1944.000000,1839.000000,496.000000,307.000000
853,1743686368479693,178.000000,-130.000000,135.000000,178.000000,128.000000,360.000000,177.686996,-129.764999,134.753998,177.548004,127.753998,359.408997,154.000000,-692.000000,1930.000000,1844.000000,494.000000,313.000000
853,1743686368484210,178.000000,-130.000000,135.000000,178.000000,128.000000,360.000000,177.690994,-129.766998,134.757996,177.552002,127.758003,359.414001,155.000000,-696.000000,1959.000000,1815.000000,481.000000,309.000000
853,1743686368489744,178.000000,-130.000000,135.000000,178.000000,128.000000,360.000000,177.695007,-129.770004,134.761002,177.561005,127.759003,359.419006,135.000000,-692.000000,1965.000000,1757.000000,482.000000,293.000000
853,1743686368494201,178.000000,-130.000000,135.000000,178.000000,128.000000,360.000000,177.695999,-129.770996,134.761993,177.569000,127.764000,359.423004,131.000000,-715.000000,1977.000000,1650.000000,487.000000,331.000000
853,1743686368499798,178.000000,-130.000000,135.000000,178.000000,128.000000,360.000000,177.697998,-129.776001,134.766006,177.580002,127.764999,359.427002,97.000000,-704.000000,1971.000000,1505.000000,475.000000,318.000000
853,1743686368504320,178.000000,-130.000000,135.000000,178.000000,128.000000,360.000000,177.701004,-129.776001,134.770004,177.598007,127.767998,359.433990,77.000000,-706.000000,1959.000000,1266.000000,484.000000,271.000000
853,1743686368509905,178.000000,-130.000000,135.000000,178.000000,128.000000,360.000000,177.701004,-129.776001,134.770004,177.598007,127.767998,359.433990,77.000000,-706.000000,1959.000000,1266.000000,484.000000,271.000000
853,1743686368514495,178.000000,-130.000000,135.000000,178.000000,128.000000,360.000000,177.707001,-129.783997,134.776993,177.664001,127.778999,359.451996,63.000000,-683.000000,1906.000000,175.000000,446.000000,258.000000
853,1743686368519064,178.000000,-130.000000,135.000000,178.000000,128.000000,360.000000,177.707001,-129.783997,134.776993,177.664001,127.778999,359.451996,63.000000,-683.000000,1906.000000,175.000000,446.000000,258.000000
853,1743686368524675,178.000000,-130.000000,135.000000,178.000000,128.000000,360.000000,177.712997,-129.791000,134.783997,177.792999,127.783997,359.463013,40.000000,-641.000000,1833.000000,-1923.000000,460.000000,254.000000
853,1743686368529179,178.000000,-130.000000,135.000000,178.000000,128.000000,360.000000,177.712997,-129.791000,134.783997,177.792999,127.783997,359.463013,40.000000,-641.000000,1833.000000,-1923.000000,460.000000,254.000000
853,1743686368534792,178.000000,-130.000000,135.000000,178.000000,128.000000,360.000000,177.716995,-129.796005,134.785004,177.845001,127.783997,359.467987,50.000000,-632.000000,1853.000000,-964.000000,431.000000,220.000000
853,1743686368539285,178.000000,-130.000000,135.000000,178.000000,128.000000,360.000000,177.727997,-129.798996,134.791000,177.830994,127.788002,359.476013,3.000000,-630.000000,1825.000000,-897.000000,423.000000,247.000000
853,1743686368544877,178.000000,-130.000000,135.000000,178.000000,128.000000,360.000000,177.742004,-129.800003,134.789001,177.843002,127.791000,359.481995,21.000000,-621.000000,1801.000000,-151.000000,436.000000,229.000000
853,1743686368549439,178.000000,-130.000000,135.000000,178.000000,128.000000,360.000000,177.751007,-129.807007,134.798004,177.871002,127.793999,359.487000,31.000000,-595.000000,1759.000000,-80.000000,404.000000,230.000000
853,1743686368553971,178.000000,-130.000000,135.000000,178.000000,128.000000,360.000000,177.761002,-129.807999,134.800003,177.867996,127.796997,359.501007,39.000000,-595.000000,1699.000000,-84.000000,395.000000,209.000000
853,1743686368559583,178.000000,-130.000000,135.000000,178.000000,128.000000,360.000000,177.772003,-129.807999,134.802994,177.863007,127.801003,359.507996,43.000000,-605.000000,1717.000000,63.000000,408.000000,180.000000
853,1743686368564092,178.000000,-130.000000,135.000000,178.000000,128.000000,360.000000,177.779999,-129.813995,134.806000,177.869995,127.802002,359.515015,47.000000,-586.000000,1694.000000,76.000000,379.000000,200.000000
853,1743686368569716,178.000000,-130.000000,135.000000,178.000000,128.000000,360.000000,177.783005,-129.815002,134.809998,177.875000,127.806999,359.523010,54.000000,-582.000000,1696.000000,78.000000,385.000000,157.000000
853,1743686368574269,178.000000,-130.000000,135.000000,178.000000,128.000000,360.000000,177.787994,-129.817993,134.813004,177.869995,127.809998,359.531006,94.000000,-581.000000,1721.000000,109.000000,373.000000,154.000000
853,1743686368579889,178.000000,-130.000000,135.000000,178.000000,128.000000,360.000000,177.791000,-129.822006,134.815002,177.873993,127.811996,359.536987,95.000000,-537.000000,1685.000000,142.000000,367.000000,167.000000
853,1743686368584382,178.000000,-130.000000,135.000000,178.000000,128.000000,360.000000,177.789993,-129.828003,134.817993,177.873993,127.814003,359.545990,127.000000,-529.000000,1683.000000,140.000000,363.000000,84.000000
853,1743686368589976,178.000000,-130.000000,135.000000,178.000000,128.000000,360.000000,177.792999,-129.828995,134.820007,177.871002,127.817001,359.556000,154.000000,-540.000000,1736.000000,155.000000,327.000000,121.000000
853,1743686368594488,178.000000,-130.000000,135.000000,178.000000,128.000000,360.000000,177.791000,-129.830002,134.820999,177.871994,127.818001,359.558990,161.000000,-540.000000,1723.000000,177.000000,355.000000,164.000000
853,1743686368599033,178.000000,-130.000000,135.000000,178.000000,128.000000,360.000000,177.792999,-129.835007,134.824997,177.871994,127.820999,359.566986,180.000000,-538.000000,1771.000000,185.000000,334.000000,145.000000
853,1743686368604664,178.000000,-130.000000,135.000000,178.000000,128.000000,360.000000,177.792999,-129.837006,134.824997,177.871994,127.823997,359.574005,200.000000,-562.000000,1758.000000,211.000000,353.000000,141.000000
853,1743686368609164,178.000000,-130.000000,135.000000,178.000000,128.000000,360.000000,177.791000,-129.839005,134.828003,177.873993,127.827003,359.580994,206.000000,-536.000000,1774.000000,213.000000,350.000000,155.000000
853,1743686368614768,178.000000,-130.000000,135.000000,178.000000,128.000000,360.000000,177.792999,-129.841003,134.830994,177.875000,127.831001,359.584991,194.000000,-540.000000,1772.000000,227.000000,351.000000,185.000000
853,1743686368619303,178.000000,-130.000000,135.000000,178.000000,128.000000,360.000000,177.792999,-129.843002,134.832993,177.873993,127.834000,359.587006,218.000000,-542.000000,1740.000000,253.000000,323.000000,193.000000
853,1743686368624902,178.000000,-130.000000,135.000000,178.000000,128.000000,360.000000,177.796997,-129.845001,134.835007,177.873993,127.837997,359.593994,209.000000,-518.000000,1798.000000,259.000000,310.000000,205.000000
853,1743686368629383,178.000000,-130.000000,135.000000,178.000000,128.000000,360.000000,177.800995,-129.847000,134.839005,177.875000,127.838997,359.596985,182.000000,-517.000000,1828.000000,267.000000,323.000000,219.000000
853,1743686368634962,178.000000,-130.000000,135.000000,178.000000,128.000000,360.000000,177.804001,-129.850006,134.839996,177.876007,127.843002,359.600006,216.000000,-519.000000,1802.000000,291.000000,313.000000,235.000000
853,1743686368639531,178.000000,-130.000000,135.000000,178.000000,128.000000,360.000000,177.809006,-129.854004,134.841995,177.876007,127.845001,359.601013,216.000000,-521.000000,1805.000000,303.000000,287.000000,233.000000
853,1743686368644070,178.000000,-130.000000,135.000000,178.000000,128.000000,360.000000,177.809998,-129.854004,134.843002,177.878006,127.846001,359.608002,199.000000,-508.000000,1826.000000,314.000000,290.000000,230.000000
853,1743686368649666,178.000000,-130.000000,135.000000,178.000000,128.000000,360.000000,177.815002,-129.856003,134.847000,177.878006,127.847000,359.614014,159.000000,-521.000000,1829.000000,323.000000,295.000000,237.000000
853,1743686368654197,178.000000,-130.000000,135.000000,178.000000,128.000000,360.000000,177.817001,-129.858002,134.850998,177.878006,127.848999,359.614990,172.000000,-527.000000,1805.000000,332.000000,267.000000,250.000000
853,1743686368659808,178.000000,-130.000000,135.000000,178.000000,128.000000,360.000000,177.820999,-129.860992,134.854004,177.876007,127.850998,359.619995,130.000000,-521.000000,1753.000000,363.000000,291.000000,240.000000
853,1743686368664330,178.000000,-130.000000,135.000000,178.000000,128.000000,360.000000,177.824005,-129.860992,134.854004,177.878006,127.852997,359.626007,75.000000,-525.000000,1739.000000,364.000000,256.000000,227.000000
853,1743686368669890,178.000000,-130.000000,135.000000,178.000000,128.000000,360.000000,177.830002,-129.863007,134.858002,177.878998,127.853996,359.630005,83.000000,-527.000000,1694.000000,382.000000,271.000000,206.000000
853,1743686368674428,178.000000,-130.000000,135.000000,178.000000,128.000000,360.000000,177.830994,-129.865005,134.860992,177.880997,127.857002,359.634003,63.000000,-523.000000,1697.000000,386.000000,251.000000,208.000000
853,1743686368678934,178.000000,-130.000000,135.000000,178.000000,128.000000,360.000000,177.834000,-129.865997,134.862000,177.878998,127.862000,359.638000,53.000000,-539.000000,1666.000000,409.000000,281.000000,199.000000
853,1743686368684549,178.000000,-130.000000,135.000000,178.000000,128.000000,360.000000,177.839005,-129.867996,134.865005,177.880997,127.861000,359.644012,46.000000,-533.000000,1663.000000,421.000000,264.000000,203.000000
853,1743686368689057,178.000000,-130.000000,135.000000,178.000000,128.000000,360.000000,177.841995,-129.869995,134.867996,177.880997,127.863998,359.644989,47.000000,-543.000000,1652.000000,421.000000,285.000000,215.000000
853,1743686368694557,178.000000,-130.000000,135.000000,178.000000,128.000000,360.000000,177.847000,-129.873001,134.869003,177.882004,127.866997,359.653015,29.000000,-535.000000,1664.000000,439.000000,258.000000,196.000000
853,1743686368699006,178.000000,-130.000000,135.000000,178.000000,128.000000,360.000000,177.848999,-129.873993,134.871994,177.882004,127.867996,359.657990,18.000000,-535.000000,1631.000000,457.000000,260.000000,213.000000
853,1743686368704559,178.000000,-130.000000,135.000000,178.000000,128.000000,360.000000,177.848999,-129.873993,134.871994,177.882004,127.867996,359.657990,18.000000,-535.000000,1631.000000,457.000000,260.000000,213.000000
853,1743686368709099,178.000000,-130.000000,135.000000,178.000000,128.000000,360.000000,177.852997,-129.876999,134.875000,177.882996,127.869003,359.660004,11.000000,-537.000000,1592.000000,468.000000,274.000000,215.000000
853,1743686368714662,178.000000,-130.000000,135.000000,178.000000,128.000000,360.000000,177.856003,-129.878998,134.876999,177.882996,127.872002,359.669006,35.000000,-559.000000,1568.000000,487.000000,276.000000,139.000000
853,1743686368719248,178.000000,-130.000000,135.000000,178.000000,128.000000,360.000000,177.856003,-129.878998,134.880005,177.884995,127.872002,359.670990,40.000000,-550.000000,1563.000000,504.000000,279.000000,123.000000
853,1743686368724912,178.000000,-130.000000,135.000000,178.000000,128.000000,360.000000,177.858002,-129.880997,134.882996,177.884995,127.875000,359.678009,56.000000,-543.000000,1526.000000,508.000000,262.000000,183.000000
853,1743686368729452,178.000000,-130.000000,135.000000,178.000000,128.000000,360.000000,177.860001,-129.884003,134.886002,177.884995,127.875999,359.684998,76.000000,-557.000000,1512.000000,523.000000,281.000000,91.000000
853,1743686368733933,178.000000,-130.000000,135.000000,178.000000,128.000000,360.000000,177.860992,-129.884995,134.886993,177.884995,127.878998,359.690002,97.000000,-588.000000,1489.000000,533.000000,289.000000,124.000000
853,1743686368739550,178.000000,-130.000000,135.000000,178.000000,128.000000,360.000000,177.863998,-129.886993,134.888000,177.884995,127.878998,359.691986,76.000000,-566.000000,1490.000000,552.000000,292.000000,181.000000
853,1743686368744024,178.000000,-130.000000,135.000000,178.000000,128.000000,360.000000,177.863998,-129.888000,134.889999,177.884995,127.882004,359.696991,103.000000,-564.000000,1527.000000,558.000000,271.000000,111.000000
853,1743686368749612,178.000000,-130.000000,135.000000,178.000000,128.000000,360.000000,177.867004,-129.888000,134.891006,177.886002,127.882004,359.704010,111.000000,-619.000000,1549.000000,575.000000,273.000000,19.000000
853,1743686368754148,178.000000,-130.000000,135.000000,178.000000,128.000000,360.000000,177.865005,-129.889999,134.893997,177.886002,127.884003,359.712006,118.000000,-589.000000,1529.000000,597.000000,283.000000,60.000000
853,1743686368759735,178.000000,-130.000000,135.000000,178.000000,128.000000,360.000000,177.867004,-129.893997,134.893997,177.886993,127.886002,359.717987,159.000000,-606.000000,1547.000000,586.000000,272.000000,63.000000
853,1743686368764218,178.000000,-130.000000,135.000000,178.000000,128.000000,360.000000,177.869003,-129.893997,134.895004,177.886993,127.887001,359.721985,152.000000,-588.000000,1508.000000,588.000000,280.000000,83.000000
853,1743686368769807,178.000000,-130.000000,135.000000,178.000000,128.000000,360.000000,177.869003,-129.895004,134.897003,177.886993,127.887001,359.726013,161.000000,-592.000000,1507.000000,601.000000,297.000000,95.000000
853,1743686368774319,178.000000,-130.000000,135.000000,178.000000,128.000000,360.000000,177.869003,-129.895996,134.897995,177.886993,127.889000,359.730011,178.000000,-591.000000,1528.000000,612.000000,287.000000,94.000000
853,1743686368779956,178.000000,-130.000000,135.000000,178.000000,128.000000,360.000000,177.871994,-129.897995,134.899002,177.886993,127.889999,359.735992,191.000000,-621.000000,1529.000000,618.000000,279.000000,51.000000
853,1743686368784472,178.000000,-130.000000,135.000000,178.000000,128.000000,360.000000,177.876007,-129.899002,134.901001,177.886993,127.890999,359.740997,192.000000,-607.000000,1530.000000,633.000000,303.000000,0.000000
853,1743686368788954,178.000000,-130.000000,135.000000,178.000000,128.000000,360.000000,177.878006,-129.899994,134.901993,177.889008,127.890999,359.744995,200.000000,-605.000000,1550.000000,632.000000,268.000000,-5.000000
853,1743686368794537,178.000000,-130.000000,135.000000,178.000000,128.000000,360.000000,177.878998,-129.901993,134.903000,177.889008,127.894997,359.751007,215.000000,-605.000000,1515.000000,647.000000,300.000000,-30.000000
853,1743686368799035,178.000000,-130.000000,135.000000,178.000000,128.000000,360.000000,177.880005,-129.899994,134.903000,177.889999,127.898003,359.759003,179.000000,-588.000000,1545.000000,656.000000,294.000000,-9.000000
853,1743686368804622,178.000000,-130.000000,135.000000,178.000000,128.000000,360.000000,177.882004,-129.901993,134.904999,177.889999,127.897003,359.761993,174.000000,-607.000000,1554.000000,662.000000,298.000000,17.000000
853,1743686368809110,178.000000,-130.000000,135.000000,178.000000,128.000000,360.000000,177.882996,-129.903000,134.906006,177.889999,127.898003,359.766998,213.000000,-613.000000,1558.000000,666.000000,306.000000,-3.000000
853,1743686368814686,178.000000,-130.000000,135.000000,178.000000,128.000000,360.000000,177.886002,-129.904999,134.906998,177.889999,127.900002,359.769012,228.000000,-616.000000,1556.000000,680.000000,301.000000,4.000000
853,1743686368819180,178.000000,-130.000000,135.000000,178.000000,128.000000,360.000000,177.886993,-129.904999,134.906998,177.889999,127.901001,359.773987,230.000000,-625.000000,1551.000000,690.000000,288.000000,46.000000
853,1743686368824732,178.000000,-130.000000,135.000000,178.000000,128.000000,360.000000,177.889008,-129.904999,134.906006,177.891998,127.901001,359.776001,222.000000,-622.000000,1578.000000,703.000000,299.000000,-22.000000
853,1743686368829218,178.000000,-130.000000,135.000000,178.000000,128.000000,360.000000,177.891006,-129.906006,134.908997,177.891998,127.902000,359.779999,239.000000,-630.000000,1584.000000,716.000000,303.000000,33.000000
853,1743686368834844,178.000000,-130.000000,135.000000,178.000000,128.000000,360.000000,177.891006,-129.906006,134.910004,177.891998,127.903999,359.782013,259.000000,-617.000000,1584.000000,719.000000,297.000000,68.000000
853,1743686368839354,178.000000,-130.000000,135.000000,178.000000,128.000000,360.000000,177.891006,-129.906006,134.910004,177.891998,127.903999,359.785004,237.000000,-633.000000,1577.000000,728.000000,308.000000,5.000000
853,1743686368844904,178.000000,-130.000000,135.000000,178.000000,128.000000,360.000000,177.893997,-129.908997,134.912994,177.891998,127.903999,359.789001,234.000000,-622.000000,1606.000000,746.000000,309.000000,45.000000
853,1743686368849411,178.000000,-130.000000,135.000000,178.000000,128.000000,360.000000,177.893997,-129.908997,134.912994,177.893005,127.903999,359.790985,236.000000,-624.000000,1616.000000,748.000000,330.000000,44.000000
853,1743686368854914,178.000000,-130.000000,135.000000,178.000000,128.000000,360.000000,177.895996,-129.910004,134.912994,177.893005,127.905998,359.791992,244.000000,-634.000000,1597.000000,759.000000,309.000000,71.000000
853,1743686368859355,178.000000,-130.000000,135.000000,178.000000,128.000000,360.000000,177.895996,-129.910004,134.914001,177.893005,127.907997,359.795013,217.000000,-636.000000,1650.000000,766.000000,325.000000,61.000000
853,1743686368864839,178.000000,-130.000000,135.000000,178.000000,128.000000,360.000000,177.895996,-129.910995,134.914001,177.893005,127.907997,359.795990,217.000000,-617.000000,1638.000000,768.000000,315.000000,70.000000
853,1743686368869259,178.000000,-130.000000,135.000000,178.000000,128.000000,360.000000,177.895996,-129.910995,134.914001,177.893005,127.907997,359.795990,217.000000,-617.000000,1638.000000,768.000000,315.000000,70.000000
853,1743686368874769,178.000000,-130.000000,135.000000,178.000000,128.000000,360.000000,177.897995,-129.912994,134.916000,177.893997,127.907997,359.802002,209.000000,-623.000000,1633.000000,780.000000,340.000000,92.000000
853,1743686368879280,178.000000,-130.000000,135.000000,178.000000,128.000000,360.000000,177.897995,-129.912994,134.916000,177.893997,127.907997,359.802002,209.000000,-623.000000,1633.000000,780.000000,340.000000,92.000000
853,1743686368884826,178.000000,-130.000000,135.000000,178.000000,128.000000,360.000000,177.901001,-129.914001,134.916000,177.893997,127.907997,359.803986,186.000000,-634.000000,1638.000000,808.000000,329.000000,94.000000
853,1743686368889301,178.000000,-130.000000,135.000000,178.000000,128.000000,360.000000,177.904007,-129.914001,134.916000,177.893997,127.908997,359.806000,199.000000,-627.000000,1676.000000,810.000000,335.000000,120.000000
853,1743686368894862,178.000000,-130.000000,135.000000,178.000000,128.000000,360.000000,177.904007,-129.916000,134.917007,177.895996,127.908997,359.808990,206.000000,-633.000000,1680.000000,821.000000,337.000000,110.000000
853,1743686368899357,178.000000,-130.000000,135.000000,178.000000,128.000000,360.000000,177.904007,-129.914001,134.917007,177.895996,127.910004,359.809998,202.000000,-629.000000,1700.000000,838.000000,330.000000,145.000000
853,1743686368903836,178.000000,-130.000000,135.000000,178.000000,128.000000,360.000000,177.904999,-129.916000,134.919998,177.895996,127.912003,359.811005,220.000000,-627.000000,1707.000000,847.000000,337.000000,143.000000
853,1743686368909413,178.000000,-130.000000,135.000000,178.000000,128.000000,360.000000,177.906998,-129.917007,134.919998,177.895996,127.910004,359.815002,209.000000,-638.000000,1710.000000,843.000000,340.000000,148.000000
853,1743686368913822,178.000000,-130.000000,135.000000,178.000000,128.000000,360.000000,177.908005,-129.916000,134.919998,177.897003,127.912003,359.815002,209.000000,-633.000000,1692.000000,853.000000,335.000000,160.000000
853,1743686368919344,178.000000,-130.000000,135.000000,178.000000,128.000000,360.000000,177.908005,-129.917999,134.919998,177.897003,127.915001,359.817993,206.000000,-646.000000,1724.000000,866.000000,338.000000,170.000000
853,1743686368923798,178.000000,-130.000000,135.000000,178.000000,128.000000,360.000000,177.910995,-129.917007,134.921005,177.897003,127.915001,359.817993,172.000000,-637.000000,1750.000000,876.000000,340.000000,177.000000
853,1743686368929355,178.000000,-130.000000,135.000000,178.000000,128.000000,360.000000,177.910995,-129.917999,134.921005,177.897003,127.915001,359.821014,194.000000,-630.000000,1745.000000,879.000000,343.000000,187.000000
853,1743686368934957,178.000000,-130.000000,135.000000,178.000000,128.000000,360.000000,177.912003,-129.919998,134.923004,177.897003,127.915001,359.821014,199.000000,-642.000000,1742.000000,893.000000,351.000000,194.000000
853,1743686368939461,178.000000,-130.000000,135.000000,178.000000,128.000000,360.000000,177.912003,-129.921005,134.923004,177.897995,127.916000,359.821991,212.000000,-640.000000,1751.000000,901.000000,353.000000,183.000000
853,1743686368943961,178.000000,-130.000000,135.000000,178.000000,128.000000,360.000000,177.914993,-129.921005,134.923996,177.897995,127.917000,359.821991,197.000000,-639.000000,1751.000000,917.000000,349.000000,201.000000
853,1743686368949549,178.000000,-130.000000,135.000000,178.000000,128.000000,360.000000,177.912003,-129.921997,134.927002,177.897995,127.917000,359.825989,193.000000,-647.000000,1743.000000,912.000000,344.000000,184.000000
853,1743686368953986,178.000000,-130.000000,135.000000,178.000000,128.000000,360.000000,177.912994,-129.923996,134.927002,177.897995,127.917000,359.825989,180.000000,-641.000000,1748.000000,914.000000,354.000000,219.000000
853,1743686368959515,178.000000,-130.000000,135.000000,178.000000,128.000000,360.000000,177.914993,-129.923996,134.927002,177.899994,127.918999,359.829010,185.000000,-632.000000,1762.000000,927.000000,360.000000,215.000000
853,1743686368963928,178.000000,-130.000000,135.000000,178.000000,128.000000,360.000000,177.914993,-129.925003,134.927002,177.899994,127.918999,359.832001,168.000000,-621.000000,1778.000000,925.000000,361.000000,215.000000
853,1743686368969375,178.000000,-130.000000,135.000000,178.000000,128.000000,360.000000,177.914993,-129.925003,134.927994,177.899994,127.920998,359.833008,164.000000,-639.000000,1767.000000,938.000000,359.000000,220.000000
853,1743686368974851,178.000000,-130.000000,135.000000,178.000000,128.000000,360.000000,177.916000,-129.927002,134.929001,177.899994,127.919998,359.834991,169.000000,-647.000000,1791.000000,933.000000,363.000000,220.000000
853,1743686368979251,178.000000,-130.000000,135.000000,178.000000,128.000000,360.000000,177.916000,-129.927994,134.931000,177.899994,127.919998,359.835999,157.000000,-635.000000,1763.000000,945.000000,373.000000,215.000000
853,1743686368984700,178.000000,-130.000000,135.000000,178.000000,128.000000,360.000000,177.917999,-129.927994,134.932007,177.899994,127.919998,359.838989,157.000000,-635.000000,1789.000000,949.000000,368.000000,228.000000
853,1743686368989057,178.000000,-130.000000,135.000000,178.000000,128.000000,360.000000,177.917999,-129.929001,134.931000,177.899994,127.924004,359.838989,166.000000,-642.000000,1769.000000,941.000000,376.000000,260.000000
853,1743686368994518,178.000000,-130.000000,135.000000,178.000000,128.000000,360.000000,177.919006,-129.929001,134.932007,177.899994,127.920998,359.839996,167.000000,-640.000000,1795.000000,952.000000,377.000000,230.000000
853,1743686368998943,178.000000,-130.000000,135.000000,178.000000,128.000000,360.000000,177.919006,-129.931000,134.932007,177.899994,127.926003,359.842987,175.000000,-632.000000,1822.000000,957.000000,364.000000,253.000000
853,1743686369004403,178.000000,-130.000000,135.000000,178.000000,128.000000,360.000000,177.919998,-129.932007,134.932007,177.901001,127.926003,359.846008,158.000000,-618.000000,1790.000000,964.000000,385.000000,255.000000
853,1743686369009882,178.000000,-130.000000,135.000000,178.000000,128.000000,360.000000,177.921997,-129.932007,134.934006,177.899994,127.927002,359.846008,157.000000,-628.000000,1813.000000,968.000000,376.000000,280.000000
853,1743686369014282,178.000000,-130.000000,135.000000,178.000000,128.000000,360.000000,177.923996,-129.932999,134.934006,177.901001,127.926003,359.846985,140.000000,-630.000000,1835.000000,964.000000,389.000000,276.000000
853,1743686369019710,178.000000,-130.000000,135.000000,178.000000,128.000000,360.000000,177.923996,-129.932999,134.934006,177.901001,127.926003,359.846985,140.000000,-630.000000,1835.000000,964.000000,389.000000,276.000000
853,1743686369024098,178.000000,-130.000000,135.000000,178.000000,128.000000,360.000000,177.927002,-129.934998,134.936005,177.901001,127.927002,359.847992,149.000000,-638.000000,1851.000000,979.000000,380.000000,300.000000
853,1743686369029643,178.000000,-130.000000,135.000000,178.000000,128.000000,360.000000,177.927002,-129.934998,134.936005,177.901001,127.927002,359.847992,149.000000,-638.000000,1851.000000,979.000000,380.000000,300.000000
853,1743686369034105,178.000000,-130.000000,135.000000,178.000000,128.000000,360.000000,177.925995,-129.934998,134.938004,177.901001,127.928001,359.851013,111.000000,-639.000000,1847.000000,993.000000,375.000000,295.000000
853,1743686369039683,178.000000,-130.000000,135.000000,178.000000,128.000000,360.000000,177.925995,-129.934998,134.938004,177.901001,127.928001,359.851013,111.000000,-639.000000,1847.000000,993.000000,375.000000,295.000000
853,1743686369044157,178.000000,-130.000000,135.000000,178.000000,128.000000,360.000000,177.927002,-129.936005,134.938995,177.901001,127.930000,359.854004,131.000000,-645.000000,1853.000000,995.000000,375.000000,277.000000
853,1743686369049777,178.000000,-130.000000,135.000000,178.000000,128.000000,360.000000,177.927994,-129.938995,134.938004,177.901001,127.930000,359.855011,140.000000,-634.000000,1852.000000,1002.000000,391.000000,322.000000
853,1743686369054347,178.000000,-130.000000,135.000000,178.000000,128.000000,360.000000,177.929993,-129.938004,134.940002,177.903000,127.931000,359.856995,129.000000,-640.000000,1888.000000,1006.000000,383.000000,277.000000
853,1743686369059968,178.000000,-130.000000,135.000000,178.000000,128.000000,360.000000,177.929993,-129.938004,134.938995,177.903000,127.931999,359.858002,140.000000,-646.000000,1830.000000,1004.000000,385.000000,309.000000
853,1743686369064382,178.000000,-130.000000,135.000000,178.000000,128.000000,360.000000,177.932999,-129.940002,134.942993,177.901001,127.931999,359.859009,141.000000,-647.000000,1868.000000,1015.000000,387.000000,325.000000
853,1743686369069910,178.000000,-130.000000,135.000000,178.000000,128.000000,360.000000,177.929993,-129.940002,134.942993,177.903000,127.931999,359.860992,140.000000,-637.000000,1881.000000,1015.000000,387.000000,332.000000
853,1743686369074321,178.000000,-130.000000,135.000000,178.000000,128.000000,360.000000,177.931000,-129.942001,134.942001,177.903000,127.931999,359.859009,139.000000,-638.000000,1898.000000,1019.000000,388.000000,301.000000
853,1743686369079809,178.000000,-130.000000,135.000000,178.000000,128.000000,360.000000,177.932999,-129.942993,134.945007,177.903000,127.933998,359.862000,129.000000,-627.000000,1881.000000,1030.000000,401.000000,341.000000
853,1743686369084191,178.000000,-130.000000,135.000000,178.000000,128.000000,360.000000,177.932999,-129.942993,134.945007,177.903000,127.934998,359.864014,102.000000,-637.000000,1886.000000,1033.000000,399.000000,341.000000
853,1743686369089606,178.000000,-130.000000,135.000000,178.000000,128.000000,360.000000,177.932999,-129.944000,134.945007,177.904007,127.934998,359.864014,119.000000,-645.000000,1914.000000,1034.000000,399.000000,304.000000
853,1743686369093964,178.000000,-130.000000,135.000000,178.000000,128.000000,360.000000,177.934006,-129.944000,134.945999,177.904007,127.936996,359.864990,95.000000,-645.000000,1891.000000,1042.000000,398.000000,327.000000
853,1743686369099373,178.000000,-130.000000,135.000000,178.000000,128.000000,360.000000,177.932999,-129.945999,134.947006,177.903000,127.936996,359.868011,131.000000,-648.000000,1892.000000,1044.000000,404.000000,341.000000
853,1743686369104837,178.000000,-130.000000,135.000000,178.000000,128.000000,360.000000,177.934998,-129.945999,134.949005,177.904007,127.936996,359.868011,102.000000,-644.000000,1904.000000,1050.000000,406.000000,337.000000
853,1743686369109263,178.000000,-130.000000,135.000000,178.000000,128.000000,360.000000,177.936996,-129.947006,134.949005,177.903000,127.938004,359.868988,113.000000,-643.000000,1894.000000,1052.000000,402.000000,299.000000
853,1743686369114739,178.000000,-130.000000,135.000000,178.000000,128.000000,360.000000,177.936996,-129.949005,134.949005,177.904999,127.938004,359.872009,107.000000,-627.000000,1883.000000,1059.000000,405.000000,349.000000
853,1743686369119169,178.000000,-130.000000,135.000000,178.000000,128.000000,360.000000,177.938004,-129.949005,134.949997,177.904007,127.939003,359.872986,114.000000,-645.000000,1876.000000,1066.000000,404.000000,317.000000
853,1743686369124656,178.000000,-130.000000,135.000000,178.000000,128.000000,360.000000,177.938995,-129.949997,134.953003,177.904007,127.939003,359.875000,123.000000,-632.000000,1883.000000,1073.000000,402.000000,281.000000
853,1743686369129088,178.000000,-130.000000,135.000000,178.000000,128.000000,360.000000,177.938995,-129.953003,134.953995,177.904007,127.941002,359.877014,63.000000,-637.000000,1894.000000,1080.000000,396.000000,271.000000
853,1743686369134647,178.000000,-130.000000,135.000000,178.000000,128.000000,360.000000,177.940994,-129.949997,134.953995,177.904999,127.941002,359.877014,85.000000,-635.000000,1897.000000,1079.000000,413.000000,350.000000
853,1743686369139143,178.000000,-130.000000,135.000000,178.000000,128.000000,360.000000,177.942001,-129.951004,134.957001,177.904999,127.943001,359.881012,87.000000,-647.000000,1902.000000,1089.000000,407.000000,292.000000
853,1743686369144695,178.000000,-130.000000,135.000000,178.000000,128.000000,360.000000,177.944000,-129.953995,134.955994,177.904999,127.942001,359.878998,76.000000,-648.000000,1890.000000,1088.000000,404.000000,321.000000
853,1743686369149181,178.000000,-130.000000,135.000000,178.000000,128.000000,360.000000,177.944000,-129.953003,134.957993,177.904999,127.945000,359.885010,96.000000,-636.000000,1902.000000,1097.000000,406.000000,317.000000
853,1743686369154709,178.000000,-130.000000,135.000000,178.000000,128.000000,360.000000,177.945007,-129.955002,134.957993,177.906998,127.945000,359.882996,89.000000,-632.000000,1889.000000,1097.000000,398.000000,359.000000
853,1743686369159213,178.000000,-130.000000,135.000000,178.000000,128.000000,360.000000,177.945007,-129.955002,134.960007,177.906998,127.945999,359.886993,103.000000,-640.000000,1907.000000,1103.000000,406.000000,344.000000
853,1743686369164729,178.000000,-130.000000,135.000000,178.000000,128.000000,360.000000,177.945999,-129.957001,134.960007,177.904999,127.947998,359.886993,67.000000,-624.000000,1905.000000,1106.000000,407.000000,329.000000
853,1743686369169121,178.000000,-130.000000,135.000000,178.000000,128.000000,360.000000,177.945999,-129.957993,134.960007,177.904999,127.947998,359.888000,87.000000,-631.000000,1914.000000,1107.000000,410.000000,316.000000
853,1743686369174598,178.000000,-130.000000,135.000000,178.000000,128.000000,360.000000,177.945999,-129.957993,134.960007,177.904999,127.947998,359.888000,87.000000,-631.000000,1914.000000,1107.000000,410.000000,316.000000
853,1743686369179020,178.000000,-130.000000,135.000000,178.000000,128.000000,360.000000,177.947998,-129.957993,134.960999,177.906998,127.947998,359.890991,78.000000,-631.000000,1931.000000,1117.000000,393.000000,326.000000
853,1743686369184505,178.000000,-130.000000,135.000000,178.000000,128.000000,360.000000,177.947998,-129.957993,134.962006,177.906998,127.948997,359.890991,94.000000,-633.000000,1934.000000,1125.000000,407.000000,312.000000
853,1743686369188951,178.000000,-130.000000,135.000000,178.000000,128.000000,360.000000,177.947998,-129.960007,134.964005,177.908005,127.949997,359.890991,83.000000,-647.000000,1933.000000,1128.000000,406.000000,319.000000
853,1743686369194472,178.000000,-130.000000,135.000000,178.000000,128.000000,360.000000,177.949005,-129.960999,134.964996,177.906998,127.953003,359.891998,69.000000,-640.000000,1940.000000,1126.000000,405.000000,308.000000
853,1743686369198939,178.000000,-130.000000,135.000000,178.000000,128.000000,360.000000,177.949997,-129.962006,134.964005,177.906998,127.954002,359.894989,77.000000,-631.000000,1945.000000,1136.000000,411.000000,381.000000
853,1743686369204496,178.000000,-130.000000,135.000000,178.000000,128.000000,360.000000,177.949997,-129.960999,134.964996,177.906998,127.956001,359.895996,86.000000,-626.000000,1943.000000,1142.000000,385.000000,359.000000
853,1743686369208970,178.000000,-130.000000,135.000000,178.000000,128.000000,360.000000,177.949005,-129.962006,134.966995,177.908005,127.956001,359.894012,63.000000,-620.000000,1963.000000,1141.000000,375.000000,300.000000
853,1743686369214516,178.000000,-130.000000,135.000000,178.000000,128.000000,360.000000,177.951996,-129.964005,134.966995,177.908005,127.957001,359.895996,71.000000,-611.000000,1985.000000,1152.000000,379.000000,319.000000
853,1743686369218960,178.000000,-130.000000,135.000000,178.000000,128.000000,360.000000,177.951996,-129.964996,134.968994,177.908005,127.959000,359.895996,90.000000,-624.000000,1966.000000,1158.000000,366.000000,278.000000
853,1743686369224507,178.000000,-130.000000,135.000000,178.000000,128.000000,360.000000,177.953003,-129.964996,134.968994,177.908005,127.959999,359.898987,71.000000,-614.000000,1973.000000,1163.000000,376.000000,296.000000
853,1743686369229004,178.000000,-130.000000,135.000000,178.000000,128.000000,360.000000,177.955002,-129.966003,134.968994,177.908005,127.960999,359.898010,95.000000,-617.000000,1975.000000,1164.000000,380.000000,357.000000
853,1743686369234507,178.000000,-130.000000,135.000000,178.000000,128.000000,360.000000,177.955994,-129.966003,134.968994,177.908005,127.962997,359.902008,79.000000,-615.000000,1977.000000,1171.000000,391.000000,269.000000
853,1743686369238984,178.000000,-130.000000,135.000000,178.000000,128.000000,360.000000,177.957001,-129.968994,134.970993,177.908997,127.962997,359.901001,82.000000,-610.000000,2006.000000,1173.000000,372.000000,331.000000
853,1743686369244544,178.000000,-130.000000,135.000000,178.000000,128.000000,360.000000,177.957001,-129.968994,134.970993,177.908005,127.963997,359.902008,55.000000,-579.000000,1998.000000,1175.000000,383.000000,342.000000
853,1743686369249035,178.000000,-130.000000,135.000000,178.000000,128.000000,360.000000,177.960007,-129.970001,134.973007,177.908005,127.964996,359.902008,75.000000,-599.000000,2006.000000,1181.000000,369.000000,339.000000
853,1743686369254578,178.000000,-130.000000,135.000000,178.000000,128.000000,360.000000,177.960007,-129.970001,134.973007,177.908997,127.964996,359.904999,88.000000,-589.000000,1998.000000,1183.000000,356.000000,308.000000
853,1743686369259056,178.000000,-130.000000,135.000000,178.000000,128.000000,360.000000,177.960999,-129.972000,134.973007,177.908997,127.967003,359.903015,89.000000,-596.000000,1992.000000,1194.000000,370.000000,348.000000
853,1743686369264641,178.000000,-130.000000,135.000000,178.000000,128.000000,360.000000,177.960999,-129.972000,134.975006,177.908997,127.968002,359.902008,62.000000,-588.000000,1997.000000,1199.000000,378.000000,293.000000
853,1743686369269129,178.000000,-130.000000,135.000000,178.000000,128.000000,360.000000,177.962997,-129.973007,134.977997,177.908005,127.968002,359.903015,80.000000,-592.000000,2011.000000,1203.000000,363.000000,332.000000
853,1743686369274640,178.000000,-130.000000,135.000000,178.000000,128.000000,360.000000,177.962997,-129.973007,134.977997,177.908997,127.970001,359.902008,78.000000,-577.000000,1998.000000,1213.000000,375.000000,335.000000
853,1743686369279115,178.000000,-130.000000,135.000000,178.000000,128.000000,360.000000,177.964005,-129.973007,134.977997,177.908997,127.971001,359.903015,63.000000,-578.000000,2020.000000,1214.000000,380.000000,305.000000
853,1743686369284739,178.000000,-130.000000,135.000000,178.000000,128.000000,360.000000,177.962997,-129.977005,134.979004,177.908997,127.971001,359.906006,76.000000,-573.000000,2039.000000,1221.000000,372.000000,311.000000
853,1743686369289239,178.000000,-130.000000,135.000000,178.000000,128.000000,360.000000,177.962997,-129.977005,134.979996,177.910995,127.972000,359.906006,67.000000,-576.000000,2010.000000,1225.000000,374.000000,326.000000
853,1743686369294807,178.000000,-130.000000,135.000000,178.000000,128.000000,360.000000,177.966003,-129.977005,134.981995,177.912003,127.972000,359.908997,74.000000,-574.000000,2015.000000,1230.000000,373.000000,274.000000
853,1743686369299283,178.000000,-130.000000,135.000000,178.000000,128.000000,360.000000,177.966003,-129.979004,134.981995,177.908997,127.973999,359.907013,62.000000,-569.000000,2039.000000,1231.000000,363.000000,262.000000
853,1743686369304838,178.000000,-130.000000,135.000000,178.000000,128.000000,360.000000,177.966995,-129.979996,134.981995,177.910995,127.974998,359.908997,65.000000,-572.000000,2036.000000,1233.000000,359.000000,329.000000
853,1743686369309363,178.000000,-130.000000,135.000000,178.000000,128.000000,360.000000,177.966995,-129.981003,134.983002,177.912003,127.974998,359.908997,63.000000,-570.000000,2047.000000,1236.000000,358.000000,288.000000
853,1743686369313820,178.000000,-130.000000,135.000000,178.000000,128.000000,360.000000,177.966995,-129.981003,134.983002,177.912003,127.974998,359.908997,63.000000,-570.000000,2047.000000,1236.000000,358.000000,288.000000
853,1743686369319388,178.000000,-130.000000,135.000000,178.000000,128.000000,360.000000,177.970001,-129.983002,134.983994,177.910995,127.977997,359.911987,77.000000,-558.000000,2006.000000,1253.000000,346.000000,272.000000
853,1743686369323868,178.000000,-130.000000,135.000000,178.000000,128.000000,360.000000,177.970001,-129.983002,134.985992,177.912003,127.978996,359.910004,81.000000,-550.000000,2013.000000,1253.000000,363.000000,311.000000
853,1743686369329449,178.000000,-130.000000,135.000000,178.000000,128.000000,360.000000,177.970001,-129.983002,134.985992,177.912003,127.978996,359.910004,81.000000,-550.000000,2013.000000,1253.000000,363.000000,311.000000
853,1743686369333947,178.000000,-130.000000,135.000000,178.000000,128.000000,360.000000,177.970993,-129.983994,134.987000,177.910995,127.982002,359.912994,67.000000,-551.000000,2082.000000,1263.000000,345.000000,253.000000
853,1743686369339501,178.000000,-130.000000,135.000000,178.000000,128.000000,360.000000,177.973999,-129.985992,134.988998,177.912003,127.985001,359.911987,81.000000,-548.000000,2096.000000,1268.000000,333.000000,325.000000
853,1743686369343961,178.000000,-130.000000,135.000000,178.000000,128.000000,360.000000,177.973999,-129.985992,134.988998,177.912003,127.985001,359.911987,81.000000,-548.000000,2096.000000,1268.000000,333.000000,325.000000
853,1743686369349553,178.000000,-130.000000,135.000000,178.000000,128.000000,360.000000,177.973999,-129.985992,134.988998,177.914001,127.985001,359.912994,74.000000,-539.000000,2084.000000,1271.000000,334.000000,270.000000
853,1743686369354049,178.000000,-130.000000,135.000000,178.000000,128.000000,360.000000,177.975006,-129.987000,134.988998,177.914001,127.985001,359.914001,80.000000,-542.000000,2095.000000,1278.000000,331.000000,293.000000
853,1743686369359587,178.000000,-130.000000,135.000000,178.000000,128.000000,360.000000,177.977005,-129.987000,134.990005,177.914993,127.987000,359.914001,87.000000,-538.000000,2110.000000,1281.000000,304.000000,260.000000
853,1743686369364050,178.000000,-130.000000,135.000000,178.000000,128.000000,360.000000,177.977005,-129.988007,134.990005,177.914001,127.988998,359.916992,88.000000,-547.000000,2125.000000,1288.000000,327.000000,273.000000
853,1743686369369641,178.000000,-130.000000,135.000000,178.000000,128.000000,360.000000,177.975006,-129.988007,134.990997,177.914993,127.988998,359.916992,99.000000,-543.000000,2131.000000,1296.000000,317.000000,301.000000
853,1743686369374159,178.000000,-130.000000,135.000000,178.000000,128.000000,360.000000,177.977997,-129.990005,134.990997,177.914001,127.989998,359.916992,113.000000,-523.000000,2159.000000,1299.000000,310.000000,227.000000
853,1743686369379678,178.000000,-130.000000,135.000000,178.000000,128.000000,360.000000,177.977005,-129.990997,134.992996,177.914993,127.991997,359.916992,113.000000,-535.000000,2164.000000,1301.000000,308.000000,296.000000
853,1743686369384068,178.000000,-130.000000,135.000000,178.000000,128.000000,360.000000,177.977997,-129.992996,134.994003,177.914001,127.992996,359.917999,112.000000,-526.000000,2154.000000,1306.000000,302.000000,272.000000
853,1743686369389617,178.000000,-130.000000,135.000000,178.000000,128.000000,360.000000,177.977997,-129.994003,134.992996,177.914001,127.992996,359.916992,102.000000,-526.000000,2154.000000,1313.000000,300.000000,299.000000
853,1743686369394075,178.000000,-130.000000,135.000000,178.000000,128.000000,360.000000,177.977997,-129.994003,134.994003,177.914993,127.996002,359.920990,100.000000,-533.000000,2151.000000,1316.000000,298.000000,307.000000
853,1743686369399637,178.000000,-130.000000,135.000000,178.000000,128.000000,360.000000,177.979004,-129.994003,134.994995,177.916000,127.997002,359.917999,118.000000,-510.000000,2155.000000,1322.000000,277.000000,310.000000
853,1743686369404150,178.000000,-130.000000,135.000000,178.000000,128.000000,360.000000,177.981995,-129.994995,134.998001,177.914993,127.997002,359.920013,103.000000,-518.000000,2147.000000,1326.000000,288.000000,260.000000
853,1743686369409765,178.000000,-130.000000,135.000000,178.000000,128.000000,360.000000,177.981003,-129.998001,134.996994,177.916000,128.000000,359.920013,119.000000,-491.000000,2148.000000,1331.000000,263.000000,240.000000
853,1743686369414356,178.000000,-130.000000,135.000000,178.000000,128.000000,360.000000,177.981995,-129.998001,134.998001,177.916000,127.998001,359.920990,119.000000,-497.000000,2129.000000,1339.000000,256.000000,288.000000
853,1743686369418851,178.000000,-130.000000,135.000000,178.000000,128.000000,360.000000,177.981995,-129.998001,134.998001,177.916000,128.000000,359.920990,122.000000,-490.000000,2116.000000,1341.000000,281.000000,278.000000
853,1743686369424442,178.000000,-130.000000,135.000000,178.000000,128.000000,360.000000,177.983002,-129.998001,134.998001,177.917999,128.000000,359.924988,132.000000,-482.000000,2148.000000,1341.000000,264.000000,277.000000
853,1743686369428837,178.000000,-130.000000,135.000000,178.000000,128.000000,360.000000,177.985992,-129.998001,134.998993,177.917999,128.001007,359.924011,118.000000,-487.000000,2117.000000,1342.000000,269.000000,205.000000
853,1743686369434384,178.000000,-130.000000,135.000000,178.000000,128.000000,360.000000,177.985992,-129.996994,135.001007,177.917999,128.001007,359.920990,148.000000,-479.000000,2117.000000,1355.000000,259.000000,313.000000
853,1743686369438871,178.000000,-130.000000,135.000000,178.000000,128.000000,360.000000,177.988007,-129.998001,134.998993,177.917999,128.001007,359.924988,140.000000,-484.000000,2121.000000,1359.000000,250.000000,212.000000
853,1743686369444454,178.000000,-130.000000,135.000000,178.000000,128.000000,360.000000,177.988998,-129.998001,134.998993,177.917999,128.003006,359.924988,124.000000,-482.000000,2111.000000,1360.000000,257.000000,288.000000
853,1743686369448955,178.000000,-130.000000,135.000000,178.000000,128.000000,360.000000,177.988998,-129.998001,135.001007,177.919006,128.003998,359.924988,124.000000,-493.000000,2124.000000,1368.000000,256.000000,258.000000
853,1743686369454533,178.000000,-130.000000,135.000000,178.000000,128.000000,360.000000,177.988998,-129.998001,134.998993,177.919006,128.003998,359.927002,140.000000,-486.000000,2128.000000,1371.000000,230.000000,273.000000
853,1743686369459022,178.000000,-130.000000,135.000000,178.000000,128.000000,360.000000,177.992004,-129.998001,134.998993,177.919006,128.003998,359.927002,146.000000,-479.000000,2138.000000,1376.000000,247.000000,245.000000
853,1743686369464606,178.000000,-130.000000,135.000000,178.000000,128.000000,360.000000,177.990005,-130.001007,134.998993,177.919998,128.003998,359.928986,166.000000,-485.000000,2145.000000,1382.000000,243.000000,246.000000
853,1743686369469090,178.000000,-130.000000,135.000000,178.000000,128.000000,360.000000,177.992004,-129.998993,134.998993,177.919006,128.003998,359.928986,170.000000,-484.000000,2131.000000,1384.000000,233.000000,301.000000
853,1743686369474620,178.000000,-130.000000,135.000000,178.000000,128.000000,360.000000,177.992004,-129.998001,134.998993,177.919998,128.003998,359.928009,162.000000,-484.000000,2144.000000,1388.000000,224.000000,252.000000
853,1743686369479069,178.000000,-130.000000,135.000000,178.000000,128.000000,360.000000,177.992004,-129.998001,134.998993,177.919998,128.003998,359.928009,162.000000,-484.000000,2144.000000,1388.000000,224.000000,252.000000
853,1743686369484559,178.000000,-130.000000,135.000000,178.000000,128.000000,360.000000,177.992004,-129.998001,135.001999,177.921997,128.003998,359.928009,165.000000,-480.000000,2140.000000,1396.000000,216.000000,240.000000
853,1743686369488969,178.000000,-130.000000,135.000000,178.000000,128.000000,360.000000,177.992996,-129.998001,135.001007,177.919998,128.003006,359.928986,170.000000,-482.000000,2131.000000,1398.000000,212.000000,271.000000
853,1743686369494510,178.000000,-130.000000,135.000000,178.000000,128.000000,360.000000,177.996002,-129.998001,135.001007,177.921997,128.003998,359.932007,157.000000,-482.000000,2133.000000,1402.000000,215.000000,207.000000
853,1743686369499015,178.000000,-130.000000,135.000000,178.000000,128.000000,360.000000,177.994003,-129.998993,135.001007,177.921997,128.003998,359.932007,179.000000,-482.000000,2134.000000,1402.000000,207.000000,259.000000
853,1743686369504616,178.000000,-130.000000,135.000000,178.000000,128.000000,360.000000,177.996002,-129.998993,135.001007,177.921997,128.003998,359.933990,181.000000,-480.000000,2133.000000,1414.000000,210.000000,283.000000
853,1743686369509118,178.000000,-130.000000,135.000000,178.000000,128.000000,360.000000,177.996002,-129.998993,135.001007,177.921997,128.003998,359.932007,173.000000,-473.000000,2107.000000,1412.000000,209.000000,281.000000
853,1743686369514708,178.000000,-130.000000,135.000000,178.000000,128.000000,360.000000,177.996994,-129.998993,134.998993,177.923004,128.005005,359.932007,190.000000,-470.000000,2106.000000,1421.000000,196.000000,269.000000
853,1743686369519254,178.000000,-130.000000,135.000000,178.000000,128.000000,360.000000,177.998993,-129.998993,135.001007,177.921997,128.003998,359.933990,175.000000,-474.000000,2135.000000,1428.000000,197.000000,275.000000
853,1743686369524751,178.000000,-130.000000,135.000000,178.000000,128.000000,360.000000,177.996994,-129.998993,134.998993,177.921997,128.003998,359.933990,174.000000,-475.000000,2113.000000,1436.000000,179.000000,249.000000
853,1743686369529198,178.000000,-130.000000,135.000000,178.000000,128.000000,360.000000,177.998993,-129.998993,134.998993,177.923004,128.003998,359.932007,162.000000,-485.000000,2117.000000,1431.000000,194.000000,248.000000
853,1743686369534739,178.000000,-130.000000,135.000000,178.000000,128.000000,360.000000,177.996994,-129.998993,135.005005,177.923004,128.003998,359.937988,162.000000,-472.000000,2117.000000,1444.000000,187.000000,167.000000
853,1743686369539279,178.000000,-130.000000,135.000000,178.000000,128.000000,360.000000,178.000000,-129.998001,135.001007,177.923004,128.003998,359.938995,166.000000,-479.000000,2107.000000,1447.000000,177.000000,204.000000
853,1743686369544887,178.000000,-130.000000,135.000000,178.000000,128.000000,360.000000,178.000000,-129.998001,135.001999,177.923004,128.003998,359.938995,168.000000,-476.000000,2136.000000,1452.000000,167.000000,192.000000
853,1743686369549416,178.000000,-130.000000,135.000000,178.000000,128.000000,360.000000,178.000000,-129.998993,135.001007,177.923004,128.003006,359.941986,161.000000,-478.000000,2121.000000,1441.000000,166.000000,255.000000
853,1743686369555046,178.000000,-130.000000,135.000000,178.000000,128.000000,360.000000,178.000000,-129.998993,135.001007,177.925003,128.003006,359.938995,164.000000,-479.000000,2127.000000,1462.000000,160.000000,249.000000
853,1743686369559606,178.000000,-130.000000,135.000000,178.000000,128.000000,360.000000,178.001007,-129.998993,135.001007,177.925995,128.003998,359.942993,176.000000,-481.000000,2117.000000,1462.000000,161.000000,266.000000
853,1743686369564059,178.000000,-130.000000,135.000000,178.000000,128.000000,360.000000,178.000000,-129.998993,135.001007,177.925995,128.003998,359.941986,170.000000,-480.000000,2117.000000,1465.000000,164.000000,261.000000
853,1743686369569576,178.000000,-130.000000,135.000000,178.000000,128.000000,360.000000,178.001007,-129.998993,135.001999,177.925995,128.003998,359.938995,169.000000,-479.000000,2134.000000,1460.000000,159.000000,256.000000
853,1743686369573995,178.000000,-130.000000,135.000000,178.000000,128.000000,360.000000,178.000000,-129.998001,135.001999,177.925995,128.003998,359.942993,172.000000,-475.000000,2125.000000,1477.000000,154.000000,190.000000
853,1743686369579556,178.000000,-130.000000,135.000000,178.000000,128.000000,360.000000,178.000000,-129.998993,135.001007,177.925995,128.003998,359.946014,173.000000,-473.000000,2123.000000,1476.000000,146.000000,179.000000
853,1743686369584092,178.000000,-130.000000,135.000000,178.000000,128.000000,360.000000,178.001007,-129.998001,135.001007,177.927002,128.003998,359.945007,175.000000,-478.000000,2116.000000,1478.000000,137.000000,241.000000
853,1743686369589693,178.000000,-130.000000,135.000000,178.000000,128.000000,360.000000,177.998993,-129.998993,135.001007,177.927002,128.003998,359.945007,167.000000,-478.000000,2131.000000,1484.000000,130.000000,192.000000
853,1743686369594184,178.000000,-130.000000,135.000000,178.000000,128.000000,360.000000,177.998993,-129.998001,135.001007,177.927002,128.003998,359.946014,170.000000,-480.000000,2107.000000,1496.000000,135.000000,184.000000
853,1743686369599783,178.000000,-130.000000,135.000000,178.000000,128.000000,360.000000,178.000000,-130.001007,135.001007,177.927002,128.003998,359.946991,168.000000,-475.000000,2125.000000,1498.000000,127.000000,216.000000
853,1743686369604314,178.000000,-130.000000,135.000000,178.000000,128.000000,360.000000,178.000000,-129.998993,135.001007,177.929001,128.003998,359.950012,161.000000,-479.000000,2134.000000,1506.000000,120.000000,145.000000
853,1743686369609820,178.000000,-130.000000,135.000000,178.000000,128.000000,360.000000,178.000000,-129.998001,135.001007,177.929001,128.005005,359.950012,167.000000,-466.000000,2124.000000,1509.000000,112.000000,183.000000
853,1743686369614249,178.000000,-130.000000,135.000000,178.000000,128.000000,360.000000,178.000000,-129.998993,135.001999,177.929001,128.003998,359.950989,173.000000,-473.000000,2115.000000,1511.000000,104.000000,151.000000
853,1743686369619758,178.000000,-130.000000,135.000000,178.000000,128.000000,360.000000,178.000000,-129.998993,135.001007,177.929001,128.003998,359.950012,165.000000,-472.000000,2131.000000,1511.000000,104.000000,172.000000
853,1743686369624215,178.000000,-130.000000,135.000000,178.000000,128.000000,360.000000,178.001007,-129.998993,135.001007,177.929001,128.003998,359.953003,169.000000,-468.000000,2123.000000,1523.000000,100.000000,150.000000
853,1743686369629761,178.000000,-130.000000,135.000000,178.000000,128.000000,360.000000,178.000000,-129.998001,135.001999,177.929001,128.003998,359.953003,169.000000,-470.000000,2131.000000,1528.000000,100.000000,199.000000
853,1743686369634257,178.000000,-130.000000,135.000000,178.000000,128.000000,360.000000,178.001007,-129.998993,135.001999,177.929001,128.003998,359.955994,173.000000,-469.000000,2126.000000,1526.000000,91.000000,106.000000
853,1743686369639888,178.000000,-130.000000,135.000000,178.000000,128.000000,360.000000,178.000000,-130.001007,135.001007,177.929001,128.003998,359.955994,173.000000,-472.000000,2131.000000,1536.000000,88.000000,131.000000
853,1743686369644404,178.000000,-130.000000,135.000000,178.000000,128.000000,360.000000,178.000000,-129.998993,135.001999,177.929993,128.003998,359.957001,167.000000,-464.000000,2125.000000,1538.000000,85.000000,148.000000
853,1743686369649977,178.000000,-130.000000,135.000000,178.000000,128.000000,360.000000,178.000000,-130.001007,135.001007,177.929993,128.003998,359.955994,173.000000,-462.000000,2121.000000,1545.000000,79.000000,188.000000
853,1743686369654496,178.000000,-130.000000,135.000000,178.000000,128.000000,360.000000,178.001007,-129.998993,135.001007,177.931000,128.003998,359.958008,172.000000,-466.000000,2138.000000,1548.000000,75.000000,151.000000
853,1743686369660014,178.000000,-130.000000,135.000000,178.000000,128.000000,360.000000,178.001007,-129.998993,135.001007,177.931000,128.003998,359.958008,172.000000,-466.000000,2138.000000,1548.000000,75.000000,151.000000
853,1743686369664446,178.000000,-130.000000,135.000000,178.000000,128.000000,360.000000,177.998993,-129.998993,135.001999,177.931000,128.003998,359.958008,172.000000,-464.000000,2123.000000,1545.000000,67.000000,204.000000
853,1743686369669954,178.000000,-130.000000,135.000000,178.000000,128.000000,360.000000,178.001007,-130.001007,135.001999,177.929993,128.003998,359.959991,171.000000,-463.000000,2124.000000,1555.000000,62.000000,134.000000
853,1743686369674426,178.000000,-130.000000,135.000000,178.000000,128.000000,360.000000,178.001007,-129.998993,135.001999,177.931000,128.003998,359.959991,172.000000,-465.000000,2124.000000,1563.000000,59.000000,138.000000
853,1743686369678914,178.000000,-130.000000,135.000000,178.000000,128.000000,360.000000,178.001007,-130.001007,134.998993,177.931000,128.003998,359.960999,165.000000,-462.000000,2122.000000,1566.000000,65.000000,119.000000
853,1743686369684499,178.000000,-130.000000,135.000000,178.000000,128.000000,360.000000,178.001007,-129.998993,135.001999,177.931000,128.003998,359.962006,168.000000,-458.000000,2121.000000,1561.000000,45.000000,121.000000
853,1743686369688957,178.000000,-130.000000,135.000000,178.000000,128.000000,360.000000,178.001007,-130.001007,135.001007,177.932999,128.005005,359.962006,169.000000,-467.000000,2141.000000,1574.000000,53.000000,141.000000
853,1743686369694490,178.000000,-130.000000,135.000000,178.000000,128.000000,360.000000,177.998993,-130.001007,135.001007,177.932999,128.003998,359.963989,169.000000,-447.000000,2124.000000,1577.000000,45.000000,123.000000
853,1743686369698956,178.000000,-130.000000,135.000000,178.000000,128.000000,360.000000,178.000000,-129.998993,135.005005,177.932999,128.003998,359.963989,168.000000,-447.000000,2119.000000,1574.000000,39.000000,100.000000
853,1743686369704504,178.000000,-130.000000,135.000000,178.000000,128.000000,360.000000,178.001007,-129.998993,135.001007,177.932999,128.003998,359.963989,169.000000,-455.000000,2114.000000,1580.000000,40.000000,164.000000
853,1743686369708977,178.000000,-130.000000,135.000000,178.000000,128.000000,360.000000,178.000000,-129.998993,135.001007,177.932999,128.003998,359.967010,170.000000,-455.000000,2117.000000,1594.000000,36.000000,124.000000
853,1743686369714492,178.000000,-130.000000,135.000000,178.000000,128.000000,360.000000,178.000000,-130.001007,135.001007,177.932999,128.003998,359.964996,172.000000,-458.000000,2114.000000,1594.000000,27.000000,99.000000
853,1743686369720021,178.000000,-130.000000,135.000000,178.000000,128.000000,360.000000,177.998993,-129.998993,135.001999,177.932999,128.003998,359.967010,170.000000,-454.000000,2115.000000,1606.000000,22.000000,171.000000
853,1743686369724473,178.000000,-130.000000,135.000000,178.000000,128.000000,360.000000,178.001007,-129.998993,135.001999,177.934006,128.003998,359.967987,172.000000,-446.000000,2128.000000,1603.000000,17.000000,143.000000
853,1743686369729968,178.000000,-130.000000,135.000000,178.000000,128.000000,360.000000,178.000000,-129.998993,135.001007,177.934006,128.003998,359.967010,172.000000,-452.000000,2127.000000,1604.000000,15.000000,110.000000
853,1743686369734454,178.000000,-130.000000,135.000000,178.000000,128.000000,360.000000,177.998993,-129.998993,135.001999,177.934006,128.003006,359.968994,174.000000,-454.000000,2113.000000,1613.000000,11.000000,94.000000
853,1743686369738910,178.000000,-130.000000,135.000000,178.000000,128.000000,360.000000,178.000000,-129.998001,135.001999,177.934998,128.005005,359.971008,175.000000,-456.000000,2115.000000,1617.000000,15.000000,145.000000
853,1743686369744491,178.000000,-130.000000,135.000000,178.000000,128.000000,360.000000,178.001007,-130.001007,135.001007,177.934998,128.003998,359.968994,171.000000,-456.000000,2117.000000,1615.000000,0.000000,157.000000
853,1743686369748964,178.000000,-130.000000,135.000000,178.000000,128.000000,360.000000,178.000000,-129.998993,135.001999,177.934998,128.003998,359.968994,172.000000,-454.000000,2117.000000,1622.000000,1.000000,159.000000
853,1743686369754514,178.000000,-130.000000,135.000000,178.000000,128.000000,360.000000,178.000000,-129.998993,135.005005,177.934998,128.003998,359.968994,167.000000,-456.000000,2099.000000,1635.000000,-3.000000,133.000000
853,1743686369758981,178.000000,-130.000000,135.000000,178.000000,128.000000,360.000000,178.000000,-129.998993,135.001007,177.936996,128.003006,359.971985,174.000000,-456.000000,2113.000000,1635.000000,1.000000,105.000000
853,1743686369764605,178.000000,-130.000000,135.000000,178.000000,128.000000,360.000000,177.998993,-129.998993,135.001999,177.936996,128.003998,359.967987,164.000000,-456.000000,2107.000000,1633.000000,-9.000000,126.000000
853,1743686369769002,178.000000,-130.000000,135.000000,178.000000,128.000000,360.000000,178.000000,-129.998993,135.001999,177.938004,128.003006,359.971985,173.000000,-459.000000,2124.000000,1635.000000,-6.000000,86.000000
853,1743686369774455,178.000000,-130.000000,135.000000,178.000000,128.000000,360.000000,178.001007,-129.998993,135.001999,177.938004,128.003006,359.971985,176.000000,-458.000000,2111.000000,1648.000000,-16.000000,153.000000
853,1743686369778879,178.000000,-130.000000,135.000000,178.000000,128.000000,360.000000,178.000000,-129.998993,135.001999,177.936996,128.003006,359.971985,174.000000,-457.000000,2113.000000,1653.000000,2.000000,98.000000
853,1743686369784377,178.000000,-130.000000,135.000000,178.000000,128.000000,360.000000,178.001007,-129.998993,135.001007,177.938004,128.003006,359.975006,185.000000,-458.000000,2094.000000,1656.000000,-13.000000,67.000000
853,1743686369789865,178.000000,-130.000000,135.000000,178.000000,128.000000,360.000000,178.001007,-130.001007,135.001007,177.940002,128.003998,359.975006,176.000000,-449.000000,2124.000000,1654.000000,4.000000,122.000000
853,1743686369794396,178.000000,-130.000000,135.000000,178.000000,128.000000,360.000000,178.000000,-129.998993,135.001007,177.940002,128.003998,359.975006,174.000000,-454.000000,2112.000000,1663.000000,-2.000000,114.000000
853,1743686369799990,178.000000,-130.000000,135.000000,178.000000,128.000000,360.000000,178.001007,-129.998993,135.001999,177.940002,128.003006,359.977997,173.000000,-454.000000,2123.000000,1669.000000,-7.000000,81.000000
853,1743686369804479,178.000000,-130.000000,135.000000,178.000000,128.000000,360.000000,178.001007,-129.998993,135.001007,177.940994,128.003006,359.976013,172.000000,-455.000000,2086.000000,1674.000000,-2.000000,119.000000
853,1743686369808961,178.000000,-130.000000,135.000000,178.000000,128.000000,360.000000,178.001007,-129.998993,135.001007,177.940994,128.003006,359.976013,172.000000,-455.000000,2086.000000,1674.000000,-2.000000,119.000000
853,1743686369814527,178.000000,-130.000000,135.000000,178.000000,128.000000,360.000000,178.000000,-130.001007,135.001999,177.940994,128.003998,359.979004,162.000000,-458.000000,2111.000000,1679.000000,-1.000000,69.000000
853,1743686369819023,178.000000,-130.000000,135.000000,178.000000,128.000000,360.000000,178.000000,-130.001007,135.001999,177.940994,128.003998,359.979004,162.000000,-458.000000,2111.000000,1679.000000,-1.000000,69.000000
853,1743686369824660,178.000000,-130.000000,135.000000,178.000000,128.000000,360.000000,178.000000,-129.998993,135.001999,177.940994,128.003006,359.979004,160.000000,-451.000000,2095.000000,1693.000000,-2.000000,86.000000
853,1743686369829138,178.000000,-130.000000,135.000000,178.000000,128.000000,360.000000,178.001007,-130.001007,135.001007,177.942001,128.003006,359.979004,161.000000,-453.000000,2102.000000,1695.000000,-1.000000,118.000000
853,1743686369834770,178.000000,-130.000000,135.000000,178.000000,128.000000,360.000000,178.001007,-130.001007,135.001007,177.942001,128.003006,359.979004,161.000000,-453.000000,2102.000000,1695.000000,-1.000000,118.000000
853,1743686369839316,178.000000,-130.000000,135.000000,178.000000,128.000000,360.000000,177.998993,-129.998993,135.001007,177.942001,128.001007,359.980011,155.000000,-454.000000,2109.000000,1685.000000,-4.000000,108.000000
853,1743686369844897,178.000000,-130.000000,135.000000,178.000000,128.000000,360.000000,178.001007,-129.998993,135.001007,177.942001,128.001007,359.979004,165.000000,-457.000000,2078.000000,1703.000000,-3.000000,91.000000
853,1743686369849406,178.000000,-130.000000,135.000000,178.000000,128.000000,360.000000,178.003006,-130.001007,135.001007,177.944000,128.003006,359.981995,162.000000,-455.000000,2095.000000,1705.000000,0.000000,86.000000
853,1743686369854986,178.000000,-130.000000,135.000000,178.000000,128.000000,360.000000,178.001007,-130.001007,135.001999,177.944000,128.003006,359.983002,160.000000,-458.000000,2098.000000,1710.000000,0.000000,92.000000
853,1743686369859512,178.000000,-130.000000,135.000000,178.000000,128.000000,360.000000,178.000000,-130.001007,135.001999,177.945007,128.003006,359.981995,161.000000,-459.000000,2079.000000,1707.000000,-5.000000,105.000000
853,1743686369864015,178.000000,-130.000000,135.000000,178.000000,128.000000,360.000000,178.000000,-129.998993,135.001007,177.945007,128.003006,359.983002,173.000000,-453.000000,2088.000000,1713.000000,-8.000000,104.000000
853,1743686369869628,178.000000,-130.000000,135.000000,178.000000,128.000000,360.000000,178.000000,-130.001007,135.005005,177.945999,128.003006,359.985992,167.000000,-452.000000,2094.000000,1724.000000,-6.000000,102.000000
853,1743686369874136,178.000000,-130.000000,135.000000,178.000000,128.000000,360.000000,178.003006,-130.001007,135.001007,177.945007,128.003006,359.984009,167.000000,-454.000000,2086.000000,1721.000000,-5.000000,69.000000
853,1743686369879767,178.000000,-130.000000,135.000000,178.000000,128.000000,360.000000,178.000000,-129.998993,135.001007,177.945999,128.001007,359.984009,166.000000,-452.000000,2075.000000,1727.000000,-2.000000,117.000000
853,1743686369884319,178.000000,-130.000000,135.000000,178.000000,128.000000,360.000000,178.001007,-129.998993,135.001999,177.945999,128.001007,359.984009,163.000000,-454.000000,2087.000000,1729.000000,-4.000000,117.000000
853,1743686369889883,178.000000,-130.000000,135.000000,178.000000,128.000000,360.000000,178.000000,-129.998993,135.001999,177.947998,128.003006,359.984009,164.000000,-452.000000,2063.000000,1738.000000,-5.000000,89.000000
853,1743686369894414,178.000000,-130.000000,135.000000,178.000000,128.000000,360.000000,178.001007,-130.001007,135.001999,177.947998,128.001007,359.984009,164.000000,-454.000000,2049.000000,1744.000000,-9.000000,74.000000
853,1743686369898886,178.000000,-130.000000,135.000000,178.000000,128.000000,360.000000,178.001007,-129.998993,135.001007,177.947998,128.001007,359.985992,161.000000,-454.000000,2076.000000,1735.000000,-2.000000,89.000000
853,1743686369904537,178.000000,-130.000000,135.000000,178.000000,128.000000,360.000000,178.000000,-129.998993,135.001999,177.949005,128.003006,359.987000,159.000000,-455.000000,2079.000000,1741.000000,-3.000000,86.000000
853,1743686369909072,178.000000,-130.000000,135.000000,178.000000,128.000000,360.000000,178.000000,-130.001007,135.001007,177.949005,128.001007,359.987000,169.000000,-452.000000,2059.000000,1741.000000,-8.000000,85.000000
853,1743686369914677,178.000000,-130.000000,135.000000,178.000000,128.000000,360.000000,178.000000,-130.001007,135.001007,177.949005,128.001007,359.988007,164.000000,-453.000000,2068.000000,1751.000000,-6.000000,67.000000
853,1743686369919149,178.000000,-130.000000,135.000000,178.000000,128.000000,360.000000,178.000000,-129.998993,135.001999,177.951004,128.001007,359.987000,156.000000,-454.000000,2060.000000,1749.000000,-8.000000,119.000000
853,1743686369924745,178.000000,-130.000000,135.000000,178.000000,128.000000,360.000000,178.001007,-130.001007,135.001999,177.951996,128.003006,359.988007,162.000000,-463.000000,2057.000000,1762.000000,-6.000000,118.000000
853,1743686369929256,178.000000,-130.000000,135.000000,178.000000,128.000000,360.000000,178.000000,-130.001007,135.001999,177.951004,128.003006,359.988007,160.000000,-455.000000,2058.000000,1760.000000,-8.000000,103.000000
853,1743686369934853,178.000000,-130.000000,135.000000,178.000000,128.000000,360.000000,178.001007,-130.001007,135.001999,177.951996,128.003006,359.988007,161.000000,-463.000000,2076.000000,1766.000000,-12.000000,107.000000
853,1743686369939331,178.000000,-130.000000,135.000000,178.000000,128.000000,360.000000,178.001007,-129.998993,135.001999,177.953003,128.003998,359.989990,159.000000,-461.000000,2063.000000,1773.000000,-14.000000,89.000000
853,1743686369944895,178.000000,-130.000000,135.000000,178.000000,128.000000,360.000000,178.003006,-129.998993,135.001999,177.951996,128.003006,359.990997,152.000000,-460.000000,2049.000000,1783.000000,-13.000000,76.000000
853,1743686369949427,178.000000,-130.000000,135.000000,178.000000,128.000000,360.000000,178.001007,-129.998993,135.001999,177.953003,128.003006,359.989990,155.000000,-460.000000,2061.000000,1779.000000,-6.000000,120.000000
853,1743686369953914,178.000000,-130.000000,135.000000,178.000000,128.000000,360.000000,178.001007,-130.001007,135.001007,177.953003,128.001007,359.989990,155.000000,-459.000000,2074.000000,1786.000000,-6.000000,116.000000
853,1743686369959492,178.000000,-130.000000,135.000000,178.000000,128.000000,360.000000,178.001007,-129.998993,135.001999,177.953003,128.001007,359.989990,160.000000,-456.000000,2063.000000,1780.000000,-8.000000,95.000000
853,1743686369963965,178.000000,-130.000000,135.000000,178.000000,128.000000,360.000000,178.001007,-129.998993,135.001999,177.953003,128.001007,359.989990,160.000000,-456.000000,2063.000000,1780.000000,-8.000000,95.000000
853,1743686369969564,178.000000,-130.000000,135.000000,178.000000,128.000000,360.000000,178.001007,-129.998993,135.001999,177.955002,128.001007,359.989990,161.000000,-458.000000,2055.000000,1800.000000,-4.000000,79.000000
853,1743686369974069,178.000000,-130.000000,135.000000,178.000000,128.000000,360.000000,178.001007,-129.998993,135.001999,177.955002,128.003006,359.990997,166.000000,-457.000000,2056.000000,1800.000000,-4.000000,131.000000
853,1743686369979618,178.000000,-130.000000,135.000000,178.000000,128.000000,360.000000,178.001007,-129.998993,135.001999,177.955002,128.003006,359.990997,166.000000,-457.000000,2056.000000,1800.000000,-4.000000,131.000000
853,1743686369984082,178.000000,-130.000000,135.000000,178.000000,128.000000,360.000000,178.001007,-129.998993,135.001999,177.955002,128.003006,359.990997,153.000000,-463.000000,2056.000000,1810.000000,-11.000000,107.000000
853,1743686369989709,178.000000,-130.000000,135.000000,178.000000,128.000000,360.000000,178.001007,-129.998993,135.001007,177.955994,128.001007,359.990997,166.000000,-459.000000,2053.000000,1798.000000,-5.000000,94.000000
853,1743686369994257,178.000000,-130.000000,135.000000,178.000000,128.000000,360.000000,178.003006,-130.001007,135.001999,177.955994,128.001007,359.993011,162.000000,-460.000000,2054.000000,1809.000000,-9.000000,129.000000
853,1743686369999848,178.000000,-130.000000,135.000000,178.000000,128.000000,360.000000,178.000000,-129.998993,135.001999,177.955994,128.003006,359.993988,164.000000,-457.000000,2054.000000,1810.000000,-3.000000,91.000000
853,1743686370004363,178.000000,-130.000000,135.000000,178.000000,128.000000,360.000000,178.000000,-129.998993,135.001999,177.959000,128.003006,359.993011,162.000000,-457.000000,2057.000000,1801.000000,-7.000000,93.000000
853,1743686370009942,178.000000,-130.000000,135.000000,178.000000,128.000000,360.000000,178.000000,-129.998993,135.001007,177.960007,128.003006,359.993011,160.000000,-453.000000,2048.000000,1803.000000,-7.000000,131.000000
853,1743686370014492,178.000000,-130.000000,135.000000,178.000000,128.000000,360.000000,178.000000,-129.998993,135.001999,177.960007,128.001007,359.993988,155.000000,-459.000000,2040.000000,1813.000000,-14.000000,110.000000
853,1743686370019019,178.000000,-130.000000,135.000000,178.000000,128.000000,360.000000,178.001007,-129.998993,135.001999,177.962006,128.001007,359.993011,151.000000,-464.000000,2028.000000,1810.000000,-6.000000,118.000000
853,1743686370024643,178.000000,-130.000000,135.000000,178.000000,128.000000,360.000000,178.001007,-129.998993,135.005005,177.962006,128.001007,359.993988,161.000000,-461.000000,2017.000000,1816.000000,-6.000000,130.000000
853,1743686370029138,178.000000,-130.000000,135.000000,178.000000,128.000000,360.000000,178.003006,-129.998993,135.001007,177.962997,128.001007,359.994995,151.000000,-458.000000,2028.000000,1808.000000,-8.000000,112.000000
853,1743686370034727,178.000000,-130.000000,135.000000,178.000000,128.000000,360.000000,178.001007,-130.001007,135.005005,177.962997,128.001007,359.994995,150.000000,-461.000000,2041.000000,1821.000000,-7.000000,138.000000
853,1743686370039272,178.000000,-130.000000,135.000000,178.000000,128.000000,360.000000,178.001007,-129.998993,135.001999,177.964005,128.003006,359.994995,155.000000,-459.000000,2010.000000,1833.000000,-14.000000,88.000000
853,1743686370044842,178.000000,-130.000000,135.000000,178.000000,128.000000,360.000000,178.001007,-130.001007,135.001999,177.964005,128.003006,359.994995,155.000000,-460.000000,1990.000000,1818.000000,-8.000000,127.000000
853,1743686370049313,178.000000,-130.000000,135.000000,178.000000,128.000000,360.000000,178.003006,-129.998993,135.005005,177.966003,128.001007,359.994995,148.000000,-460.000000,1987.000000,1824.000000,-6.000000,114.000000
853,1743686370054908,178.000000,-130.000000,135.000000,178.000000,128.000000,360.000000,178.000000,-130.001007,135.001999,177.966003,128.003006,359.997009,147.000000,-461.000000,1998.000000,1828.000000,-3.000000,127.000000
853,1743686370059451,178.000000,-130.000000,135.000000,178.000000,128.000000,360.000000,178.000000,-129.998993,135.001007,177.966003,128.003006,359.997009,147.000000,-458.000000,2011.000000,1837.000000,-10.000000,118.000000
853,1743686370064027,178.000000,-130.000000,135.000000,178.000000,128.000000,360.000000,178.000000,-130.001007,135.001999,177.964005,128.003006,359.997009,154.000000,-459.000000,2014.000000,1836.000000,-1.000000,110.000000
853,1743686370069630,178.000000,-130.000000,135.000000,178.000000,128.000000,360.000000,178.001007,-129.998993,135.001999,177.966995,128.001007,359.994995,151.000000,-461.000000,1996.000000,1841.000000,-3.000000,127.000000
853,1743686370074107,178.000000,-130.000000,135.000000,178.000000,128.000000,360.000000,178.001007,-130.001007,135.001007,177.968002,128.003006,359.997009,152.000000,-464.000000,1976.000000,1848.000000,-11.000000,136.000000
853,1743686370079674,178.000000,-130.000000,135.000000,178.000000,128.000000,360.000000,178.000000,-129.998993,135.001999,177.968002,128.000000,359.998993,151.000000,-460.000000,1990.000000,1854.000000,-2.000000,88.000000
853,1743686370084193,178.000000,-130.000000,135.000000,178.000000,128.000000,360.000000,178.001007,-129.998993,135.001007,177.968002,128.001007,359.997009,159.000000,-462.000000,1984.000000,1850.000000,-1.000000,114.000000
853,1743686370089769,178.000000,-130.000000,135.000000,178.000000,128.000000,360.000000,178.001007,-130.001007,135.005005,177.970001,128.003006,359.997009,155.000000,-460.000000,1982.000000,1850.000000,-4.000000,94.000000
853,1743686370094281,178.000000,-130.000000,135.000000,178.000000,128.000000,360.000000,178.003006,-130.001007,135.001999,177.970993,128.001007,359.997986,167.000000,-462.000000,1972.000000,1851.000000,0.000000,123.000000
853,1743686370099917,178.000000,-130.000000,135.000000,178.000000,128.000000,360.000000,178.003006,-130.001007,135.001999,177.970993,128.001007,359.997009,160.000000,-462.000000,1996.000000,1866.000000,-4.000000,99.000000
853,1743686370104474,178.000000,-130.000000,135.000000,178.000000,128.000000,360.000000,178.001007,-130.001007,135.001999,177.970001,128.001007,359.997009,152.000000,-461.000000,1981.000000,1864.000000,-2.000000,110.000000
853,1743686370109008,178.000000,-130.000000,135.000000,178.000000,128.000000,360.000000,178.000000,-129.998993,135.005005,177.970993,128.001007,359.998993,158.000000,-462.000000,1967.000000,1875.000000,-3.000000,80.000000
853,1743686370114567,178.000000,-130.000000,135.000000,178.000000,128.000000,360.000000,178.001007,-129.998993,135.001999,177.970993,128.001007,359.998993,148.000000,-461.000000,1961.000000,1873.000000,-8.000000,100.000000
853,1743686370119032,178.000000,-130.000000,135.000000,178.000000,128.000000,360.000000,178.003006,-130.001007,135.001999,177.973007,128.001007,359.998993,152.000000,-462.000000,1976.000000,1864.000000,-6.000000,77.000000
853,1743686370124648,178.000000,-130.000000,135.000000,178.000000,128.000000,360.000000,178.003006,-130.001007,135.001999,177.973999,128.000000,359.997986,158.000000,-461.000000,1961.000000,1878.000000,-9.000000,82.000000
853,1743686370129168,178.000000,-130.000000,135.000000,178.000000,128.000000,360.000000,178.001007,-130.001007,135.001007,177.973999,128.000000,359.997986,156.000000,-458.000000,1972.000000,1880.000000,-2.000000,76.000000
853,1743686370134742,178.000000,-130.000000,135.000000,178.000000,128.000000,360.000000,178.001007,-129.998993,135.001999,177.975006,128.000000,359.998993,155.000000,-455.000000,1967.000000,1868.000000,0.000000,93.000000
853,1743686370139216,178.000000,-130.000000,135.000000,178.000000,128.000000,360.000000,177.998993,-129.998993,135.001999,177.975006,128.000000,359.998993,161.000000,-460.000000,1963.000000,1869.000000,-1.000000,86.000000
853,1743686370144792,178.000000,-130.000000,135.000000,178.000000,128.000000,360.000000,177.998993,-129.998001,135.001999,177.977005,128.000000,359.998993,166.000000,-455.000000,1964.000000,1872.000000,0.000000,83.000000
853,1743686370149337,178.000000,-130.000000,135.000000,178.000000,128.000000,360.000000,177.998993,-129.998001,135.001999,177.977005,128.000000,359.998993,166.000000,-455.000000,1964.000000,1872.000000,0.000000,83.000000
853,1743686370154894,178.000000,-130.000000,135.000000,178.000000,128.000000,360.000000,178.003006,-129.998993,135.001007,177.977997,128.000000,359.998993,170.000000,-462.000000,1961.000000,1875.000000,-7.000000,89.000000
853,1743686370159357,178.000000,-130.000000,135.000000,178.000000,128.000000,360.000000,178.001007,-130.001007,135.001999,177.977005,127.998001,360.001007,164.000000,-457.000000,1975.000000,1884.000000,-2.000000,75.000000
853,1743686370164983,178.000000,-130.000000,135.000000,178.000000,128.000000,360.000000,178.001007,-130.001007,135.001999,177.977005,127.998001,360.001007,164.000000,-457.000000,1975.000000,1884.000000,-2.000000,75.000000
853,1743686370169532,178.000000,-130.000000,135.000000,178.000000,128.000000,360.000000,178.000000,-129.998993,135.001007,177.977997,128.000000,359.998993,165.000000,-460.000000,1957.000000,1886.000000,-4.000000,85.000000
853,1743686370174063,178.000000,-130.000000,135.000000,178.000000,128.000000,360.000000,178.001007,-130.001007,135.001999,177.981003,128.000000,360.001007,164.000000,-460.000000,1963.000000,1890.000000,0.000000,79.000000
853,1743686370179641,178.000000,-130.000000,135.000000,178.000000,128.000000,360.000000,178.001007,-130.001007,135.001999,177.981003,128.001007,360.002014,168.000000,-455.000000,1979.000000,1891.000000,-3.000000,76.000000
853,1743686370184112,178.000000,-130.000000,135.000000,178.000000,128.000000,360.000000,178.003006,-129.998993,135.001999,177.981003,128.000000,359.998993,178.000000,-458.000000,1951.000000,1890.000000,-3.000000,66.000000
853,1743686370189741,178.000000,-130.000000,135.000000,178.000000,128.000000,360.000000,178.001007,-130.001007,135.005005,177.981003,128.000000,360.001007,157.000000,-458.000000,1961.000000,1884.000000,-3.000000,79.000000
853,1743686370194288,178.000000,-130.000000,135.000000,178.000000,128.000000,360.000000,178.000000,-130.001007,135.001999,177.981995,128.000000,360.001007,170.000000,-457.000000,1960.000000,1883.000000,0.000000,75.000000
853,1743686370199884,178.000000,-130.000000,135.000000,178.000000,128.000000,360.000000,178.001007,-129.998993,135.001999,177.983994,128.000000,359.998993,169.000000,-458.000000,1955.000000,1890.000000,1.000000,75.000000
853,1743686370204370,178.000000,-130.000000,135.000000,178.000000,128.000000,360.000000,178.001007,-129.998993,135.001999,177.983994,128.001007,360.001007,168.000000,-458.000000,1928.000000,1904.000000,-4.000000,66.000000
853,1743686370209945,178.000000,-130.000000,135.000000,178.000000,128.000000,360.000000,178.001007,-130.001007,135.001999,177.985001,128.001007,360.001007,178.000000,-464.000000,1937.000000,1887.000000,6.000000,76.000000
853,1743686370214515,178.000000,-130.000000,135.000000,178.000000,128.000000,360.000000,178.001007,-129.998993,135.001999,177.985001,128.001007,359.998993,174.000000,-460.000000,1948.000000,1893.000000,-6.000000,78.000000
853,1743686370219050,178.000000,-130.000000,135.000000,178.000000,128.000000,360.000000,178.000000,-129.998001,135.001999,177.985992,128.000000,360.001007,180.000000,-450.000000,1942.000000,1895.000000,-3.000000,77.000000
853,1743686370224644,178.000000,-130.000000,135.000000,178.000000,128.000000,360.000000,178.001007,-129.998993,135.001999,177.985992,128.000000,360.002014,177.000000,-454.000000,1920.000000,1900.000000,-2.000000,61.000000
853,1743686370229100,178.000000,-130.000000,135.000000,178.000000,128.000000,360.000000,178.003006,-130.001007,135.001999,177.988007,128.001007,360.001007,170.000000,-456.000000,1927.000000,1888.000000,-1.000000,64.000000
853,1743686370234662,178.000000,-130.000000,135.000000,178.000000,128.000000,360.000000,178.001007,-129.998993,135.001007,177.990005,128.000000,360.002014,170.000000,-456.000000,1918.000000,1884.000000,-14.000000,73.000000
853,1743686370239185,178.000000,-130.000000,135.000000,178.000000,128.000000,360.000000,178.001007,-130.001007,135.005005,177.988998,128.000000,360.003998,172.000000,-448.000000,1913.000000,1859.000000,0.000000,65.000000
853,1743686370244742,178.000000,-130.000000,135.000000,178.000000,128.000000,360.000000,178.001007,-130.001007,135.001999,177.992004,128.001007,360.002014,183.000000,-457.000000,1910.000000,1857.000000,0.000000,60.000000
853,1743686370249224,178.000000,-130.000000,135.000000,178.000000,128.000000,360.000000,178.001007,-130.001007,135.001007,177.992004,128.000000,360.002014,181.000000,-448.000000,1924.000000,1863.000000,0.000000,58.000000
853,1743686370254850,178.000000,-130.000000,135.000000,178.000000,128.000000,360.000000,178.003006,-130.001007,135.001999,177.994995,128.001007,360.002014,179.000000,-448.000000,1908.000000,1856.000000,-5.000000,76.000000
853,1743686370259376,178.000000,-130.000000,135.000000,178.000000,128.000000,360.000000,178.001007,-129.998993,135.005005,177.996002,128.000000,360.001007,179.000000,-445.000000,1903.000000,1841.000000,2.000000,90.000000
853,1743686370264944,178.000000,-130.000000,135.000000,178.000000,128.000000,360.000000,178.001007,-129.998001,135.001999,177.996002,128.000000,360.001007,183.000000,-441.000000,1903.000000,1830.000000,-3.000000,49.000000
853,1743686370269411,178.000000,-130.000000,135.000000,178.000000,128.000000,360.000000,178.001007,-130.001007,135.001007,177.996002,128.000000,360.002014,177.000000,-443.000000,1893.000000,1852.000000,1.000000,82.000000
853,1743686370274988,178.000000,-130.000000,135.000000,178.000000,128.000000,360.000000,178.003006,-130.001007,135.001007,177.998993,128.000000,360.001007,176.000000,-442.000000,1889.000000,1830.000000,-7.000000,51.000000
853,1743686370279456,178.000000,-130.000000,135.000000,178.000000,128.000000,360.000000,178.001007,-129.998993,135.001007,177.998993,128.000000,360.002014,177.000000,-440.000000,1897.000000,1822.000000,-8.000000,77.000000
853,1743686370283912,178.000000,-130.000000,135.000000,178.000000,128.000000,360.000000,178.001007,-129.998993,135.005005,178.000000,128.001007,360.002014,170.000000,-441.000000,1897.000000,1821.000000,-8.000000,65.000000
853,1743686370289485,178.000000,-130.000000,135.000000,178.000000,128.000000,360.000000,178.001007,-129.998993,135.001999,178.001007,128.000000,360.002014,173.000000,-442.000000,1879.000000,1830.000000,-7.000000,52.000000
853,1743686370293933,178.000000,-130.000000,135.000000,178.000000,128.000000,360.000000,178.000000,-129.998993,135.001999,178.001007,128.001007,360.002014,173.000000,-441.000000,1876.000000,1806.000000,-2.000000,80.000000
853,1743686370299520,178.000000,-130.000000,135.000000,178.000000,128.000000,360.000000,178.001007,-130.001007,135.001999,178.001007,128.000000,360.001007,173.000000,-436.000000,1873.000000,1810.000000,-2.000000,84.000000
853,1743686370304029,178.000000,-130.000000,135.000000,178.000000,128.000000,360.000000,178.001007,-129.998993,135.001007,178.003006,128.000000,360.003998,168.000000,-444.000000,1842.000000,1806.000000,-2.000000,60.000000
853,1743686370309611,178.000000,-130.000000,135.000000,178.000000,128.000000,360.000000,178.000000,-129.998993,135.001999,178.003998,127.998001,360.002014,174.000000,-441.000000,1872.000000,1745.000000,-4.000000,57.000000
853,1743686370314105,178.000000,-130.000000,135.000000,178.000000,128.000000,360.000000,178.001007,-129.998993,135.001999,178.005997,128.000000,360.003998,172.000000,-440.000000,1869.000000,1762.000000,-6.000000,48.000000
853,1743686370319694,178.000000,-130.000000,135.000000,178.000000,128.000000,360.000000,178.001007,-129.998993,135.001999,178.005997,128.000000,360.003998,172.000000,-440.000000,1869.000000,1762.000000,-6.000000,48.000000
853,1743686370324219,178.000000,-130.000000,135.000000,178.000000,128.000000,360.000000,178.001007,-129.998993,135.001999,178.007004,128.001007,360.002014,167.000000,-437.000000,1857.000000,1743.000000,-9.000000,66.000000
853,1743686370329765,178.000000,-130.000000,135.000000,178.000000,128.000000,360.000000,178.001007,-129.998993,135.005005,178.009995,128.000000,360.002014,171.000000,-437.000000,1866.000000,1720.000000,-3.000000,74.000000
853,1743686370334240,178.000000,-130.000000,135.000000,178.000000,128.000000,360.000000,178.001007,-129.998993,135.005005,178.009995,128.000000,360.002014,171.000000,-437.000000,1866.000000,1720.000000,-3.000000,74.000000
853,1743686370339797,178.000000,-130.000000,135.000000,178.000000,128.000000,360.000000,178.000000,-130.001007,135.001007,178.009995,128.000000,360.005005,166.000000,-436.000000,1838.000000,1711.000000,-1.000000,23.000000
853,1743686370344284,178.000000,-130.000000,135.000000,178.000000,128.000000,360.000000,178.003006,-130.001007,135.001007,178.011993,127.998001,360.002014,179.000000,-442.000000,1846.000000,1692.000000,-2.000000,69.000000
853,1743686370349831,178.000000,-130.000000,135.000000,178.000000,128.000000,360.000000,178.003006,-130.001007,135.001007,178.011993,127.998001,360.002014,179.000000,-442.000000,1846.000000,1692.000000,-2.000000,69.000000
853,1743686370354310,178.000000,-130.000000,135.000000,178.000000,128.000000,360.000000,178.001007,-130.001007,135.005005,178.011993,127.998001,360.001007,165.000000,-435.000000,1848.000000,1681.000000,-3.000000,60.000000
853,1743686370359928,178.000000,-130.000000,135.000000,178.000000,128.000000,360.000000,178.001007,-130.001007,135.001999,178.014999,128.000000,360.002014,172.000000,-431.000000,1829.000000,1654.000000,-2.000000,72.000000
853,1743686370364433,178.000000,-130.000000,135.000000,178.000000,128.000000,360.000000,178.001007,-130.001007,135.001999,178.014999,128.000000,360.001007,172.000000,-432.000000,1851.000000,1652.000000,-5.000000,43.000000
853,1743686370369981,178.000000,-130.000000,135.000000,178.000000,128.000000,360.000000,178.001007,-130.001007,135.005005,178.018005,128.000000,360.003998,171.000000,-433.000000,1853.000000,1610.000000,-9.000000,47.000000
853,1743686370374480,178.000000,-130.000000,135.000000,178.000000,128.000000,360.000000,178.003006,-129.998993,135.001007,178.018005,128.000000,360.003998,171.000000,-435.000000,1847.000000,1617.000000,1.000000,63.000000
853,1743686370378958,178.000000,-130.000000,135.000000,178.000000,128.000000,360.000000,178.003006,-129.998993,135.001999,178.018997,128.000000,360.002014,171.000000,-432.000000,1832.000000,1583.000000,-7.000000,35.000000
853,1743686370384561,178.000000,-130.000000,135.000000,178.000000,128.000000,360.000000,178.001007,-130.001007,135.001999,178.022003,128.000000,360.002014,179.000000,-433.000000,1844.000000,1554.000000,-5.000000,55.000000
853,1743686370389070,178.000000,-130.000000,135.000000,178.000000,128.000000,360.000000,178.003006,-129.998993,135.001007,178.022995,128.000000,360.002014,176.000000,-434.000000,1830.000000,1511.000000,-8.000000,38.000000
853,1743686370394621,178.000000,-130.000000,135.000000,178.000000,128.000000,360.000000,178.003006,-130.001007,135.005005,178.024994,127.998001,360.002014,175.000000,-437.000000,1807.000000,1508.000000,-1.000000,47.000000
853,1743686370399089,178.000000,-130.000000,135.000000,178.000000,128.000000,360.000000,178.001007,-129.998993,135.001999,178.026001,128.000000,360.002014,180.000000,-439.000000,1814.000000,1504.000000,-12.000000,61.000000
853,1743686370404688,178.000000,-130.000000,135.000000,178.000000,128.000000,360.000000,178.003006,-129.998993,135.001999,178.031998,128.000000,360.002014,172.000000,-431.000000,1815.000000,1413.000000,-7.000000,50.000000
853,1743686370409095,178.000000,-130.000000,135.000000,178.000000,128.000000,360.000000,178.001007,-129.998993,135.001999,178.031998,128.000000,360.003998,175.000000,-431.000000,1802.000000,1369.000000,-4.000000,53.000000
853,1743686370414568,178.000000,-130.000000,135.000000,178.000000,128.000000,360.000000,178.003006,-130.001007,135.001999,178.035995,128.001007,360.002014,172.000000,-434.000000,1803.000000,1321.000000,-10.000000,56.000000
853,1743686370419015,178.000000,-130.000000,135.000000,178.000000,128.000000,360.000000,178.001007,-129.998993,135.001999,178.039993,128.001007,360.003998,182.000000,-429.000000,1801.000000,1251.000000,0.000000,21.000000
853,1743686370424628,178.000000,-130.000000,135.000000,178.000000,128.000000,360.000000,178.001007,-130.001999,135.001007,178.044006,128.000000,360.001007,178.000000,-431.000000,1811.000000,1140.000000,-7.000000,36.000000
853,1743686370429128,178.000000,-130.000000,135.000000,178.000000,128.000000,360.000000,178.001007,-130.001007,135.001007,178.050995,128.000000,360.001007,173.000000,-433.000000,1800.000000,1061.000000,-3.000000,26.000000
853,1743686370434685,178.000000,-130.000000,135.000000,178.000000,128.000000,360.000000,178.001007,-130.001007,135.001007,178.056000,127.998001,360.001007,175.000000,-430.000000,1825.000000,903.000000,2.000000,37.000000
853,1743686370439181,178.000000,-130.000000,135.000000,178.000000,128.000000,360.000000,178.001007,-130.001007,135.001999,178.063004,128.000000,360.001007,176.000000,-432.000000,1829.000000,786.000000,-6.000000,52.000000
853,1743686370444769,178.000000,-130.000000,135.000000,178.000000,128.000000,360.000000,178.001007,-130.001007,135.001999,178.080002,128.000000,360.002014,175.000000,-430.000000,1816.000000,476.000000,-6.000000,27.000000
853,1743686370449311,178.000000,-130.000000,135.000000,178.000000,128.000000,360.000000,178.001007,-129.998993,135.005005,178.091995,128.000000,360.001007,179.000000,-433.000000,1813.000000,196.000000,-6.000000,42.000000
853,1743686370454848,178.000000,-130.000000,135.000000,178.000000,128.000000,360.000000,178.000000,-130.001007,135.001999,178.110992,128.000000,360.002014,178.000000,-432.000000,1793.000000,-208.000000,-7.000000,41.000000
853,1743686370459314,178.000000,-130.000000,135.000000,178.000000,128.000000,360.000000,178.001007,-130.001007,135.001999,178.126007,128.000000,360.002014,177.000000,-432.000000,1792.000000,-614.000000,-9.000000,51.000000
853,1743686370464876,178.000000,-130.000000,135.000000,178.000000,128.000000,360.000000,178.001007,-129.998993,135.001999,178.149994,128.000000,360.002014,184.000000,-430.000000,1790.000000,-920.000000,-7.000000,48.000000
853,1743686370469385,178.000000,-130.000000,135.000000,178.000000,128.000000,360.000000,177.998993,-129.998993,135.001999,178.173996,127.998001,360.001007,190.000000,-433.000000,1794.000000,-1514.000000,-1.000000,41.000000
853,1743686370473855,178.000000,-130.000000,135.000000,178.000000,128.000000,360.000000,178.001007,-129.998993,135.005005,178.205002,128.000000,360.002014,187.000000,-430.000000,1792.000000,-1666.000000,-6.000000,30.000000
853,1743686370479438,178.000000,-130.000000,135.000000,178.000000,128.000000,360.000000,178.001007,-129.998993,135.005005,178.205002,128.000000,360.002014,187.000000,-430.000000,1792.000000,-1666.000000,-6.000000,30.000000
853,1743686370483917,178.000000,-130.000000,135.000000,178.000000,128.000000,360.000000,178.003006,-129.998993,135.001999,178.225006,128.001007,360.001007,176.000000,-437.000000,1782.000000,-1357.000000,-2.000000,49.000000
853,1743686370489526,178.000000,-130.000000,135.000000,178.000000,128.000000,360.000000,178.003998,-129.998993,135.005005,178.233994,128.000000,360.003998,155.000000,-433.000000,1760.000000,-1156.000000,-6.000000,47.000000
853,1743686370493994,178.000000,-130.000000,135.000000,178.000000,128.000000,360.000000,178.005005,-129.998993,135.005005,178.238998,127.998001,360.003998,124.000000,-434.000000,1771.000000,-1178.000000,-5.000000,25.000000
853,1743686370499558,178.000000,-130.000000,135.000000,178.000000,128.000000,360.000000,178.005005,-129.998993,135.005005,178.238998,127.998001,360.003998,124.000000,-434.000000,1771.000000,-1178.000000,-5.000000,25.000000
853,1743686370503990,178.000000,-130.000000,135.000000,178.000000,128.000000,360.000000,178.005005,-130.001007,135.001999,178.242004,127.998001,360.002014,101.000000,-434.000000,1741.000000,-1042.000000,-3.000000,35.000000
853,1743686370509520,178.000000,-130.000000,135.000000,178.000000,128.000000,360.000000,178.003998,-130.001007,135.005005,178.242004,128.000000,360.003998,89.000000,-433.000000,1759.000000,-1016.000000,-1.000000,26.000000
853,1743686370513971,178.000000,-130.000000,135.000000,178.000000,128.000000,360.000000,178.003998,-130.001007,135.001999,178.242996,128.000000,360.002014,72.000000,-434.000000,1738.000000,-1009.000000,-9.000000,15.000000
853,1743686370519594,178.000000,-130.000000,135.000000,178.000000,128.000000,360.000000,178.003998,-129.998993,135.005005,178.242996,127.998001,360.001007,64.000000,-433.000000,1755.000000,-1017.000000,-3.000000,40.000000
853,1743686370524139,178.000000,-130.000000,135.000000,178.000000,128.000000,360.000000,178.003998,-129.998993,135.001999,178.242996,128.000000,360.002014,63.000000,-434.000000,1739.000000,-1029.000000,1.000000,38.000000
853,1743686370529845,178.000000,-130.000000,135.000000,178.000000,128.000000,360.000000,178.003006,-130.001007,135.001999,178.242996,127.998001,360.003998,54.000000,-435.000000,1739.000000,-1045.000000,0.000000,22.000000
853,1743686370534405,178.000000,-130.000000,135.000000,178.000000,128.000000,360.000000,178.003006,-129.998993,135.005005,178.242996,128.000000,360.002014,50.000000,-433.000000,1745.000000,-1058.000000,2.000000,46.000000
853,1743686370539962,178.000000,-130.000000,135.000000,178.000000,128.000000,360.000000,178.001007,-129.998993,135.001999,178.242996,128.000000,360.001007,59.000000,-437.000000,1747.000000,-1069.000000,-5.000000,23.000000
853,1743686370544408,178.000000,-130.000000,135.000000,178.000000,128.000000,360.000000,178.003006,-129.998993,135.005005,178.242996,128.000000,360.003998,65.000000,-436.000000,1715.000000,-1092.000000,-7.000000,27.000000
853,1743686370549955,178.000000,-130.000000,135.000000,178.000000,128.000000,360.000000,178.003998,-130.001007,135.001999,178.242004,127.998001,360.003998,51.000000,-434.000000,1706.000000,-1098.000000,-11.000000,18.000000
853,1743686370554494,178.000000,-130.000000,135.000000,178.000000,128.000000,360.000000,178.003006,-130.001007,135.001999,178.242004,128.000000,360.001007,31.000000,-436.000000,1720.000000,-1120.000000,-2.000000,24.000000
853,1743686370558998,178.000000,-130.000000,135.000000,178.000000,128.000000,360.000000,178.003006,-129.998993,135.001999,178.242004,127.998001,360.002014,31.000000,-436.000000,1715.000000,-1140.000000,5.000000,19.000000
853,1743686370564588,178.000000,-130.000000,135.000000,178.000000,128.000000,360.000000,178.003998,-129.998993,135.005005,178.242004,127.998001,360.002014,52.000000,-440.000000,1719.000000,-1152.000000,0.000000,42.000000
853,1743686370569073,178.000000,-130.000000,135.000000,178.000000,128.000000,360.000000,178.003006,-130.001007,135.001007,178.242996,128.000000,360.002014,28.000000,-437.000000,1722.000000,-1157.000000,1.000000,27.000000
853,1743686370574632,178.000000,-130.000000,135.000000,178.000000,128.000000,360.000000,178.001007,-129.998993,135.001007,178.242004,127.998001,360.005005,32.000000,-435.000000,1725.000000,-1166.000000,0.000000,25.000000
853,1743686370579173,178.000000,-130.000000,135.000000,178.000000,128.000000,360.000000,178.003006,-130.001007,135.001999,178.242004,127.998001,360.001007,25.000000,-431.000000,1682.000000,-1192.000000,2.000000,32.000000
853,1743686370584699,178.000000,-130.000000,135.000000,178.000000,128.000000,360.000000,178.003006,-130.001007,135.005005,178.242004,128.000000,360.002014,23.000000,-432.000000,1696.000000,-1210.000000,0.000000,8.000000
853,1743686370589139,178.000000,-130.000000,135.000000,178.000000,128.000000,360.000000,178.003006,-129.998993,135.001999,178.242004,128.000000,360.002014,23.000000,-435.000000,1692.000000,-1219.000000,4.000000,18.000000
853,1743686370594660,178.000000,-130.000000,135.000000,178.000000,128.000000,360.000000,178.003998,-130.001007,135.001999,178.240005,128.000000,360.002014,16.000000,-439.000000,1683.000000,-1238.000000,0.000000,50.000000
853,1743686370599170,178.000000,-130.000000,135.000000,178.000000,128.000000,360.000000,178.003998,-129.998993,135.001007,178.242004,128.000000,360.002014,-5.000000,-439.000000,1676.000000,-1244.000000,3.000000,31.000000
853,1743686370604718,178.000000,-130.000000,135.000000,178.000000,128.000000,360.000000,178.001007,-130.001007,135.001999,178.240005,127.998001,360.002014,8.000000,-437.000000,1673.000000,-1254.000000,2.000000,24.000000
853,1743686370609209,178.000000,-130.000000,135.000000,178.000000,128.000000,360.000000,178.003006,-130.001007,135.001999,178.238998,127.998001,360.002014,13.000000,-430.000000,1659.000000,-1219.000000,3.000000,36.000000
853,1743686370614823,178.000000,-130.000000,135.000000,178.000000,128.000000,360.000000,178.001007,-130.001007,135.001999,178.235992,127.998001,360.002014,-5.000000,-433.000000,1687.000000,-1221.000000,8.000000,2.000000
853,1743686370619318,178.000000,-130.000000,135.000000,178.000000,128.000000,360.000000,178.003006,-129.998993,135.001999,178.235001,127.998001,360.001007,-7.000000,-433.000000,1700.000000,-1233.000000,7.000000,13.000000
853,1743686370624864,178.000000,-130.000000,135.000000,178.000000,128.000000,360.000000,178.003006,-130.001007,135.001999,178.235001,127.998001,360.002014,-1.000000,-435.000000,1654.000000,-1274.000000,9.000000,17.000000
853,1743686370629345,178.000000,-130.000000,135.000000,178.000000,128.000000,360.000000,178.003006,-129.998993,135.005005,178.233994,128.000000,360.003998,-15.000000,-433.000000,1641.000000,-1303.000000,-2.000000,19.000000
853,1743686370634910,178.000000,-130.000000,135.000000,178.000000,128.000000,360.000000,178.003006,-129.998993,135.001999,178.233994,127.998001,360.003998,4.000000,-434.000000,1637.000000,-1322.000000,2.000000,6.000000
853,1743686370639364,178.000000,-130.000000,135.000000,178.000000,128.000000,360.000000,178.001007,-129.998993,135.001999,178.233994,127.998001,360.001007,1.000000,-432.000000,1638.000000,-1345.000000,7.000000,4.000000
853,1743686370644849,178.000000,-130.000000,135.000000,178.000000,128.000000,360.000000,178.001007,-129.998993,135.001999,178.233994,127.998001,360.001007,1.000000,-432.000000,1638.000000,-1345.000000,7.000000,4.000000
853,1743686370649278,178.000000,-130.000000,135.000000,178.000000,128.000000,360.000000,178.003006,-130.001007,135.001999,178.231995,127.998001,360.002014,-10.000000,-433.000000,1649.000000,-1365.000000,5.000000,9.000000
853,1743686370654786,178.000000,-130.000000,135.000000,178.000000,128.000000,360.000000,178.003006,-129.998993,135.001999,178.231003,128.000000,360.003998,-4.000000,-434.000000,1649.000000,-1389.000000,10.000000,2.000000
853,1743686370659285,178.000000,-130.000000,135.000000,178.000000,128.000000,360.000000,178.003006,-129.998993,135.001999,178.231003,128.000000,360.003998,-4.000000,-434.000000,1649.000000,-1389.000000,10.000000,2.000000
853,1743686370664828,178.000000,-130.000000,135.000000,178.000000,128.000000,360.000000,178.003006,-129.998993,135.005005,178.231995,128.000000,360.002014,-4.000000,-433.000000,1655.000000,-1399.000000,6.000000,8.000000
853,1743686370669296,178.000000,-130.000000,135.000000,178.000000,128.000000,360.000000,178.000000,-129.998993,135.005005,178.231995,127.998001,360.002014,-5.000000,-431.000000,1622.000000,-1408.000000,9.000000,11.000000
853,1743686370674896,178.000000,-130.000000,135.000000,178.000000,128.000000,360.000000,178.003998,-129.998993,135.001999,178.231995,127.998001,360.003998,-3.000000,-430.000000,1641.000000,-1439.000000,2.000000,11.000000
853,1743686370679424,178.000000,-130.000000,135.000000,178.000000,128.000000,360.000000,178.001007,-130.001007,135.001007,178.231003,127.998001,360.001007,-3.000000,-437.000000,1609.000000,-1443.000000,4.000000,-3.000000
853,1743686370685026,178.000000,-130.000000,135.000000,178.000000,128.000000,360.000000,178.001007,-129.998993,135.001007,178.231003,127.998001,360.002014,-7.000000,-434.000000,1628.000000,-1455.000000,5.000000,-5.000000
853,1743686370689516,178.000000,-130.000000,135.000000,178.000000,128.000000,360.000000,178.001007,-129.998993,135.001007,178.231003,127.998001,360.003998,4.000000,-434.000000,1632.000000,-1454.000000,9.000000,-11.000000
853,1743686370693981,178.000000,-130.000000,135.000000,178.000000,128.000000,360.000000,178.001007,-129.998993,135.001999,178.231003,127.998001,360.002014,-2.000000,-432.000000,1636.000000,-1483.000000,7.000000,16.000000
853,1743686370699623,178.000000,-130.000000,135.000000,178.000000,128.000000,360.000000,178.001007,-129.998993,135.005005,178.227997,127.998001,360.002014,0.000000,-433.000000,1638.000000,-1502.000000,3.000000,3.000000
853,1743686370704141,178.000000,-130.000000,135.000000,178.000000,128.000000,360.000000,178.003006,-129.998993,135.001007,178.227997,127.998001,360.005005,0.000000,-430.000000,1590.000000,-1510.000000,2.000000,12.000000
853,1743686370709730,178.000000,-130.000000,135.000000,178.000000,128.000000,360.000000,178.001007,-130.001007,135.001999,178.227997,127.998001,360.001007,0.000000,-430.000000,1623.000000,-1513.000000,8.000000,6.000000
853,1743686370714218,178.000000,-130.000000,135.000000,178.000000,128.000000,360.000000,178.003006,-130.001007,135.005005,178.227997,127.998001,360.002014,-2.000000,-436.000000,1617.000000,-1519.000000,5.000000,-7.000000
853,1743686370719774,178.000000,-130.000000,135.000000,178.000000,128.000000,360.000000,178.003006,-130.001007,135.001999,178.227005,127.998001,360.003998,2.000000,-435.000000,1592.000000,-1542.000000,6.000000,-2.000000
853,1743686370724290,178.000000,-130.000000,135.000000,178.000000,128.000000,360.000000,178.003006,-130.001007,135.001007,178.227005,127.997002,360.002014,1.000000,-434.000000,1600.000000,-1556.000000,9.000000,5.000000
853,1743686370729802,178.000000,-130.000000,135.000000,178.000000,128.000000,360.000000,178.001007,-130.001007,135.001999,178.225006,127.998001,360.002014,4.000000,-433.000000,1608.000000,-1571.000000,8.000000,11.000000
853,1743686370734233,178.000000,-130.000000,135.000000,178.000000,128.000000,360.000000,178.001007,-130.001007,135.001999,178.223999,127.998001,360.003998,1.000000,-434.000000,1574.000000,-1589.000000,3.000000,-12.000000
853,1743686370739763,178.000000,-130.000000,135.000000,178.000000,128.000000,360.000000,178.001007,-130.001007,135.001007,178.223007,128.000000,360.002014,1.000000,-433.000000,1604.000000,-1608.000000,6.000000,13.000000
853,1743686370744258,178.000000,-130.000000,135.000000,178.000000,128.000000,360.000000,178.001007,-130.001007,135.005005,178.223007,128.000000,360.002014,4.000000,-435.000000,1582.000000,-1618.000000,3.000000,23.000000
853,1743686370749789,178.000000,-130.000000,135.000000,178.000000,128.000000,360.000000,178.001007,-129.998993,135.001999,178.220993,127.998001,360.002014,3.000000,-435.000000,1588.000000,-1649.000000,3.000000,-1.000000
853,1743686370754284,178.000000,-130.000000,135.000000,178.000000,128.000000,360.000000,178.001007,-129.998993,135.001999,178.220001,127.998001,360.002014,3.000000,-431.000000,1572.000000,-1651.000000,7.000000,22.000000
853,1743686370759874,178.000000,-130.000000,135.000000,178.000000,128.000000,360.000000,178.001007,-130.001007,135.005005,178.218002,127.997002,360.002014,11.000000,-435.000000,1561.000000,-1672.000000,5.000000,-17.000000
853,1743686370764381,178.000000,-130.000000,135.000000,178.000000,128.000000,360.000000,178.001007,-129.998993,135.001999,178.216995,127.998001,360.001007,2.000000,-443.000000,1545.000000,-1695.000000,6.000000,-2.000000
853,1743686370769945,178.000000,-130.000000,135.000000,178.000000,128.000000,360.000000,178.003006,-129.998993,135.001007,178.216995,127.998001,360.002014,1.000000,-430.000000,1538.000000,-1695.000000,2.000000,-3.000000
853,1743686370774488,178.000000,-130.000000,135.000000,178.000000,128.000000,360.000000,178.000000,-129.998993,135.001999,178.216003,127.998001,360.002014,9.000000,-427.000000,1562.000000,-1715.000000,8.000000,4.000000
853,1743686370778912,178.000000,-130.000000,135.000000,178.000000,128.000000,360.000000,178.003006,-129.998993,135.001999,178.214005,128.000000,360.001007,5.000000,-426.000000,1559.000000,-1736.000000,8.000000,3.000000
853,1743686370784414,178.000000,-130.000000,135.000000,178.000000,128.000000,360.000000,178.001007,-129.998993,135.001007,178.214005,127.998001,359.998993,11.000000,-426.000000,1533.000000,-1768.000000,7.000000,-13.000000
853,1743686370789924,178.000000,-130.000000,135.000000,178.000000,128.000000,360.000000,178.001007,-129.998993,135.001999,178.212997,127.998001,359.998993,17.000000,-429.000000,1533.000000,-1793.000000,7.000000,14.000000
853,1743686370794392,178.000000,-130.000000,135.000000,178.000000,128.000000,360.000000,178.000000,-130.001007,135.001999,178.212006,127.998001,360.002014,15.000000,-427.000000,1552.000000,-1797.000000,6.000000,-4.000000
853,1743686370799977,178.000000,-130.000000,135.000000,178.000000,128.000000,360.000000,178.003006,-130.001007,135.005005,178.209000,127.998001,360.001007,16.000000,-425.000000,1540.000000,-1801.000000,13.000000,-12.000000
853,1743686370804485,178.000000,-130.000000,135.000000,178.000000,128.000000,360.000000,178.001007,-129.998001,135.001999,178.209000,127.997002,360.001007,15.000000,-428.000000,1528.000000,-1838.000000,9.000000,-5.000000
853,1743686370809017,178.000000,-130.000000,135.000000,178.000000,128.000000,360.000000,178.003006,-129.998993,135.001999,178.207001,127.998001,360.001007,8.000000,-426.000000,1540.000000,-1825.000000,8.000000,1.000000
853,1743686370814592,178.000000,-130.000000,135.000000,178.000000,128.000000,360.000000,178.000000,-129.998993,135.005005,178.205994,127.998001,360.001007,12.000000,-418.000000,1528.000000,-1833.000000,7.000000,9.000000
853,1743686370819119,178.000000,-130.000000,135.000000,178.000000,128.000000,360.000000,178.001007,-129.998993,135.001007,178.205002,127.998001,360.001007,7.000000,-422.000000,1499.000000,-1867.000000,16.000000,3.000000
853,1743686370824620,178.000000,-130.000000,135.000000,178.000000,128.000000,360.000000,178.001007,-130.001007,135.005005,178.201996,127.998001,360.002014,2.000000,-424.000000,1499.000000,-1862.000000,19.000000,-2.000000
853,1743686370829016,178.000000,-130.000000,135.000000,178.000000,128.000000,360.000000,178.001007,-129.998993,135.001999,178.203003,127.998001,360.002014,4.000000,-414.000000,1514.000000,-1909.000000,11.000000,10.000000
853,1743686370834481,178.000000,-130.000000,135.000000,178.000000,128.000000,360.000000,178.000000,-129.998993,135.001999,178.201996,127.998001,360.001007,6.000000,-419.000000,1509.000000,-1901.000000,10.000000,17.000000
853,1743686370839992,178.000000,-130.000000,135.000000,178.000000,128.000000,360.000000,178.000000,-129.998993,135.001999,178.201996,127.998001,360.001007,6.000000,-419.000000,1509.000000,-1901.000000,10.000000,17.000000
853,1743686370844377,178.000000,-130.000000,135.000000,178.000000,128.000000,360.000000,178.001007,-129.998993,135.005005,178.201004,127.998001,360.002014,0.000000,-419.000000,1517.000000,-1940.000000,11.000000,8.000000
853,1743686370849836,178.000000,-130.000000,135.000000,178.000000,128.000000,360.000000,178.003006,-130.001007,135.001999,178.199005,127.998001,360.001007,8.000000,-418.000000,1481.000000,-1929.000000,9.000000,2.000000
853,1743686370854215,178.000000,-130.000000,135.000000,178.000000,128.000000,360.000000,178.001007,-130.001007,135.005005,178.197998,128.000000,359.998993,6.000000,-421.000000,1501.000000,-1943.000000,9.000000,16.000000
853,1743686370859635,178.000000,-130.000000,135.000000,178.000000,128.000000,360.000000,178.003006,-129.998993,135.001007,178.195007,127.998001,360.001007,1.000000,-427.000000,1494.000000,-1958.000000,9.000000,7.000000
853,1743686370864063,178.000000,-130.000000,135.000000,178.000000,128.000000,360.000000,178.003006,-130.001999,135.005005,178.194000,127.998001,360.002014,-1.000000,-419.000000,1484.000000,-1983.000000,6.000000,-3.000000
853,1743686370869602,178.000000,-130.000000,135.000000,178.000000,128.000000,360.000000,178.001007,-129.998993,135.001999,178.194000,127.998001,360.003998,2.000000,-436.000000,1482.000000,-1979.000000,4.000000,-9.000000
853,1743686370874085,178.000000,-130.000000,135.000000,178.000000,128.000000,360.000000,178.000000,-129.998001,135.001999,178.190002,127.998001,360.001007,1.000000,-426.000000,1490.000000,-1966.000000,6.000000,0.000000
853,1743686370879650,178.000000,-130.000000,135.000000,178.000000,128.000000,360.000000,178.001007,-129.998993,135.001999,178.190994,127.998001,360.001007,1.000000,-426.000000,1488.000000,-1995.000000,7.000000,-6.000000
853,1743686370884136,178.000000,-130.000000,135.000000,178.000000,128.000000,360.000000,178.001007,-129.998993,134.998993,178.186996,127.998001,360.001007,1.000000,-426.000000,1464.000000,-1965.000000,9.000000,-24.000000
853,1743686370889755,178.000000,-130.000000,135.000000,178.000000,128.000000,360.000000,178.001007,-129.998993,135.001999,178.184998,127.997002,360.001007,-1.000000,-425.000000,1457.000000,-1979.000000,8.000000,11.000000
853,1743686370894280,178.000000,-130.000000,135.000000,178.000000,128.000000,360.000000,178.001007,-130.001007,135.001999,178.184006,128.000000,360.001007,3.000000,-427.000000,1467.000000,-1988.000000,10.000000,15.000000
853,1743686370899882,178.000000,-130.000000,135.000000,178.000000,128.000000,360.000000,178.003006,-130.001007,135.005005,178.182999,128.000000,360.001007,8.000000,-427.000000,1459.000000,-1974.000000,13.000000,-4.000000
853,1743686370904304,178.000000,-130.000000,135.000000,178.000000,128.000000,360.000000,178.003006,-129.998001,135.001999,178.181000,127.998001,360.001007,4.000000,-425.000000,1476.000000,-1995.000000,9.000000,0.000000
853,1743686370909805,178.000000,-130.000000,135.000000,178.000000,128.000000,360.000000,178.000000,-129.998993,135.001999,178.177002,127.997002,360.001007,6.000000,-421.000000,1460.000000,-1967.000000,13.000000,-5.000000
853,1743686370914238,178.000000,-130.000000,135.000000,178.000000,128.000000,360.000000,178.003006,-129.998993,135.005005,178.175995,128.000000,360.001007,-1.000000,-429.000000,1454.000000,-1972.000000,15.000000,16.000000
853,1743686370919724,178.000000,-130.000000,135.000000,178.000000,128.000000,360.000000,178.003006,-129.998993,135.001999,178.173004,127.998001,360.001007,6.000000,-424.000000,1450.000000,-1980.000000,11.000000,0.000000
853,1743686370924146,178.000000,-130.000000,135.000000,178.000000,128.000000,360.000000,178.001007,-130.001007,135.001999,178.171997,127.998001,360.001007,9.000000,-423.000000,1447.000000,-1914.000000,6.000000,5.000000
853,1743686370929692,178.000000,-130.000000,135.000000,178.000000,128.000000,360.000000,178.001007,-130.001007,135.001999,178.169006,127.997002,359.998993,7.000000,-418.000000,1433.000000,-1932.000000,8.000000,-6.000000
853,1743686370934206,178.000000,-130.000000,135.000000,178.000000,128.000000,360.000000,178.001007,-129.998993,135.005005,178.164993,127.998001,359.998993,1.000000,-421.000000,1453.000000,-1880.000000,9.000000,-26.000000
853,1743686370939737,178.000000,-130.000000,135.000000,178.000000,128.000000,360.000000,178.003006,-129.998993,135.001999,178.162994,127.998001,360.001007,6.000000,-422.000000,1422.000000,-1865.000000,4.000000,17.000000
853,1743686370944219,178.000000,-130.000000,135.000000,178.000000,128.000000,360.000000,178.001007,-129.998993,135.005005,178.158997,127.998001,360.002014,6.000000,-421.000000,1437.000000,-1806.000000,11.000000,-5.000000
853,1743686370949825,178.000000,-130.000000,135.000000,178.000000,128.000000,360.000000,178.001007,-130.001007,135.001999,178.151993,127.998001,360.001007,6.000000,-428.000000,1440.000000,-1705.000000,6.000000,20.000000
853,1743686370954343,178.000000,-130.000000,135.000000,178.000000,128.000000,360.000000,178.003006,-129.998993,135.001999,178.145996,127.998001,360.001007,5.000000,-428.000000,1427.000000,-1574.000000,11.000000,-19.000000
853,1743686370960012,178.000000,-130.000000,135.000000,178.000000,128.000000,360.000000,178.001007,-130.001007,135.001007,178.136993,127.998001,360.002014,-2.000000,-421.000000,1416.000000,-1461.000000,-3.000000,-4.000000
853,1743686370964483,178.000000,-130.000000,135.000000,178.000000,128.000000,360.000000,178.001007,-129.998993,135.001007,178.128006,127.998001,360.002014,2.000000,-429.000000,1424.000000,-1261.000000,8.000000,12.000000
853,1743686370970004,178.000000,-130.000000,135.000000,178.000000,128.000000,360.000000,178.001007,-130.001007,135.001007,178.115005,127.998001,360.002014,1.000000,-431.000000,1410.000000,-1007.000000,4.000000,0.000000
853,1743686370974448,178.000000,-130.000000,135.000000,178.000000,128.000000,360.000000,178.001007,-129.998993,135.001999,178.102005,127.998001,360.001007,1.000000,-427.000000,1415.000000,-677.000000,0.000000,-1.000000
853,1743686370978925,178.000000,-130.000000,135.000000,178.000000,128.000000,360.000000,178.003006,-129.998993,135.001999,178.082001,127.998001,360.003998,-1.000000,-427.000000,1389.000000,-306.000000,8.000000,-3.000000
853,1743686370984514,178.000000,-130.000000,135.000000,178.000000,128.000000,360.000000,178.003006,-130.001007,135.005005,178.059006,128.000000,360.002014,-11.000000,-433.000000,1400.000000,121.000000,5.000000,8.000000
853,1743686370988998,178.000000,-130.000000,135.000000,178.000000,128.000000,360.000000,178.003006,-130.001007,135.001999,178.014999,128.000000,360.002014,-14.000000,-434.000000,1387.000000,1074.000000,4.000000,-3.000000
853,1743686370994568,178.000000,-130.000000,135.000000,178.000000,128.000000,360.000000,178.003006,-130.001007,135.001999,178.014999,128.000000,360.002014,-14.000000,-434.000000,1387.000000,1074.000000,4.000000,-3.000000
853,1743686370999042,178.000000,-130.000000,135.000000,178.000000,128.000000,360.000000,178.001007,-129.998993,135.005005,177.985001,127.998001,360.001007,-8.000000,-430.000000,1395.000000,1485.000000,11.000000,28.000000
853,1743686371004671,178.000000,-130.000000,135.000000,178.000000,128.000000,360.000000,178.001007,-130.001007,135.005005,177.938004,127.998001,360.002014,-7.000000,-432.000000,1392.000000,1480.000000,10.000000,-6.000000
853,1743686371009090,178.000000,-130.000000,135.000000,178.000000,128.000000,360.000000,178.001007,-130.001007,135.005005,177.938004,127.998001,360.002014,-7.000000,-432.000000,1392.000000,1480.000000,10.000000,-6.000000
853,1743686371014555,178.000000,-130.000000,135.000000,178.000000,128.000000,360.000000,178.000000,-130.001007,135.001999,177.925995,127.998001,360.001007,-6.000000,-428.000000,1394.000000,1329.000000,4.000000,9.000000
853,1743686371018971,178.000000,-130.000000,135.000000,178.000000,128.000000,360.000000,177.996994,-129.998993,135.001007,177.917999,127.998001,360.001007,-8.000000,-424.000000,1385.000000,1085.000000,7.000000,3.000000
853,1743686371024501,178.000000,-130.000000,135.000000,178.000000,128.000000,360.000000,177.996002,-129.998993,135.001999,177.908997,127.998001,360.001007,18.000000,-432.000000,1402.000000,922.000000,2.000000,-11.000000
853,1743686371028934,178.000000,-130.000000,135.000000,178.000000,128.000000,360.000000,177.996002,-130.001007,135.005005,177.906998,127.998001,360.002014,37.000000,-435.000000,1379.000000,830.000000,16.000000,-16.000000
853,1743686371034524,178.000000,-130.000000,135.000000,178.000000,128.000000,360.000000,177.996002,-130.001007,135.001999,177.906998,127.998001,360.001007,53.000000,-431.000000,1360.000000,811.000000,7.000000,13.000000
853,1743686371039037,178.000000,-130.000000,135.000000,178.000000,128.000000,360.000000,177.996994,-130.001007,135.001999,177.904999,127.997002,360.001007,55.000000,-431.000000,1361.000000,762.000000,5.000000,8.000000
853,1743686371044686,178.000000,-130.000000,135.000000,178.000000,128.000000,360.000000,177.996994,-129.998993,135.001999,177.906998,127.998001,360.001007,40.000000,-433.000000,1387.000000,762.000000,11.000000,-2.000000
853,1743686371049209,178.000000,-130.000000,135.000000,178.000000,128.000000,360.000000,177.996994,-129.998993,135.005005,177.906998,127.998001,360.001007,53.000000,-430.000000,1357.000000,751.000000,0.000000,0.000000
853,1743686371054848,178.000000,-130.000000,135.000000,178.000000,128.000000,360.000000,178.000000,-130.001007,135.001007,177.906998,127.997002,360.001007,49.000000,-433.000000,1361.000000,758.000000,12.000000,-13.000000
853,1743686371059299,178.000000,-130.000000,135.000000,178.000000,128.000000,360.000000,178.001007,-130.001007,135.005005,177.906998,127.998001,360.001007,50.000000,-433.000000,1369.000000,768.000000,10.000000,-8.000000
853,1743686371064821,178.000000,-130.000000,135.000000,178.000000,128.000000,360.000000,178.003006,-129.998993,135.005005,177.906998,127.998001,360.001007,41.000000,-434.000000,1320.000000,770.000000,5.000000,3.000000
853,1743686371069274,178.000000,-130.000000,135.000000,178.000000,128.000000,360.000000,178.001007,-129.998993,135.001999,177.904999,127.997002,360.002014,45.000000,-440.000000,1322.000000,777.000000,4.000000,0.000000
853,1743686371074833,178.000000,-130.000000,135.000000,178.000000,128.000000,360.000000,178.003006,-130.001007,135.001999,177.906998,127.998001,360.002014,45.000000,-435.000000,1342.000000,783.000000,8.000000,6.000000
853,1743686371079376,178.000000,-130.000000,135.000000,178.000000,128.000000,360.000000,178.003006,-129.998993,135.001999,177.906998,127.997002,360.002014,46.000000,-451.000000,1331.000000,786.000000,9.000000,-4.000000
853,1743686371084973,178.000000,-130.000000,135.000000,178.000000,128.000000,360.000000,178.001007,-130.001007,135.005005,177.906998,127.998001,360.002014,45.000000,-447.000000,1331.000000,791.000000,6.000000,4.000000
853,1743686371089469,178.000000,-130.000000,135.000000,178.000000,128.000000,360.000000,178.001007,-129.998993,135.005005,177.906998,127.998001,360.002014,37.000000,-445.000000,1320.000000,798.000000,11.000000,1.000000
853,1743686371093913,178.000000,-130.000000,135.000000,178.000000,128.000000,360.000000,178.001007,-129.998993,135.001999,177.906998,127.998001,360.001007,41.000000,-445.000000,1310.000000,804.000000,4.000000,-5.000000
853,1743686371099492,178.000000,-130.000000,135.000000,178.000000,128.000000,360.000000,178.001007,-129.998993,135.001999,177.906998,127.998001,360.001007,44.000000,-443.000000,1301.000000,806.000000,9.000000,-3.000000
853,1743686371103965,178.000000,-130.000000,135.000000,178.000000,128.000000,360.000000,178.001007,-130.001007,135.001999,177.904999,127.998001,360.001007,47.000000,-442.000000,1290.000000,813.000000,9.000000,-18.000000
853,1743686371109460,178.000000,-130.000000,135.000000,178.000000,128.000000,360.000000,178.001007,-129.998993,135.001999,177.906998,127.998001,360.001007,45.000000,-443.000000,1289.000000,816.000000,0.000000,13.000000
853,1743686371113907,178.000000,-130.000000,135.000000,178.000000,128.000000,360.000000,178.001007,-129.998993,135.001999,177.906998,127.998001,360.001007,44.000000,-440.000000,1308.000000,823.000000,8.000000,-15.000000
853,1743686371119422,178.000000,-130.000000,135.000000,178.000000,128.000000,360.000000,178.003006,-130.001007,135.005005,177.904999,127.998001,360.001007,40.000000,-444.000000,1294.000000,826.000000,4.000000,-12.000000
853,1743686371124926,178.000000,-130.000000,135.000000,178.000000,128.000000,360.000000,178.001007,-130.001007,135.001999,177.904999,127.998001,360.002014,31.000000,-443.000000,1269.000000,831.000000,7.000000,5.000000
853,1743686371129412,178.000000,-130.000000,135.000000,178.000000,128.000000,360.000000,178.000000,-129.998001,135.001999,177.906998,127.998001,359.998993,29.000000,-436.000000,1263.000000,837.000000,2.000000,7.000000
853,1743686371133941,178.000000,-130.000000,135.000000,178.000000,128.000000,360.000000,178.001007,-130.001007,135.001999,177.906998,127.998001,360.001007,35.000000,-441.000000,1273.000000,843.000000,5.000000,0.000000
853,1743686371139552,178.000000,-130.000000,135.000000,178.000000,128.000000,360.000000,178.000000,-130.001007,135.005005,177.906998,128.000000,359.998993,44.000000,-441.000000,1280.000000,847.000000,5.000000,-8.000000
853,1743686371144055,178.000000,-130.000000,135.000000,178.000000,128.000000,360.000000,178.001007,-129.998993,135.001999,177.904999,128.000000,360.001007,39.000000,-438.000000,1263.000000,853.000000,7.000000,4.000000
853,1743686371149639,178.000000,-130.000000,135.000000,178.000000,128.000000,360.000000,178.001007,-130.001007,135.005005,177.906998,127.998001,360.002014,37.000000,-432.000000,1269.000000,855.000000,7.000000,-3.000000
853,1743686371154104,178.000000,-130.000000,135.000000,178.000000,128.000000,360.000000,178.001007,-129.998993,135.005005,177.906998,127.998001,360.001007,52.000000,-437.000000,1265.000000,858.000000,7.000000,3.000000
853,1743686371159659,178.000000,-130.000000,135.000000,178.000000,128.000000,360.000000,178.001007,-130.001007,135.005005,177.906998,128.000000,360.001007,43.000000,-436.000000,1280.000000,868.000000,3.000000,-9.000000
853,1743686371164110,178.000000,-130.000000,135.000000,178.000000,128.000000,360.000000,178.001007,-130.001007,135.005005,177.906998,128.000000,360.001007,43.000000,-436.000000,1280.000000,868.000000,3.000000,-9.000000
853,1743686371169633,178.000000,-130.000000,135.000000,178.000000,128.000000,360.000000,178.001007,-130.001007,135.005005,177.906998,127.997002,360.002014,43.000000,-427.000000,1263.000000,874.000000,5.000000,5.000000
853,1743686371174119,178.000000,-130.000000,135.000000,178.000000,128.000000,360.000000,178.003006,-129.998993,135.001999,177.906998,127.998001,360.002014,40.000000,-431.000000,1226.000000,883.000000,6.000000,11.000000
853,1743686371179682,178.000000,-130.000000,135.000000,178.000000,128.000000,360.000000,178.003006,-129.998993,135.001999,177.906998,127.998001,360.002014,40.000000,-431.000000,1226.000000,883.000000,6.000000,11.000000
853,1743686371184166,178.000000,-130.000000,135.000000,178.000000,128.000000,360.000000,178.001007,-130.001007,135.001999,177.906998,127.998001,360.001007,39.000000,-430.000000,1244.000000,887.000000,2.000000,-21.000000
853,1743686371189738,178.000000,-130.000000,135.000000,178.000000,128.000000,360.000000,178.003006,-129.998993,135.001999,177.906998,127.998001,360.002014,43.000000,-440.000000,1239.000000,894.000000,7.000000,-11.000000
853,1743686371194242,178.000000,-130.000000,135.000000,178.000000,128.000000,360.000000,178.001007,-129.998993,135.001999,177.904999,127.998001,360.001007,48.000000,-440.000000,1231.000000,899.000000,8.000000,4.000000
853,1743686371199816,178.000000,-130.000000,135.000000,178.000000,128.000000,360.000000,178.001007,-129.998993,135.001999,177.906998,127.998001,360.003998,46.000000,-438.000000,1227.000000,901.000000,5.000000,12.000000
853,1743686371204324,178.000000,-130.000000,135.000000,178.000000,128.000000,360.000000,178.001007,-129.998993,135.005005,177.906998,127.997002,360.001007,46.000000,-436.000000,1231.000000,903.000000,2.000000,1.000000
853,1743686371209836,178.000000,-130.000000,135.000000,178.000000,128.000000,360.000000,178.003006,-130.001007,135.001999,177.906998,127.998001,360.001007,42.000000,-436.000000,1214.000000,909.000000,6.000000,-5.000000
853,1743686371214266,178.000000,-130.000000,135.000000,178.000000,128.000000,360.000000,178.001007,-129.998993,135.001999,177.906998,127.998001,360.001007,44.000000,-437.000000,1222.000000,917.000000,5.000000,-17.000000
853,1743686371219731,178.000000,-130.000000,135.000000,178.000000,128.000000,360.000000,178.001007,-129.998993,135.005005,177.906998,127.998001,360.001007,43.000000,-436.000000,1211.000000,920.000000,5.000000,-4.000000
853,1743686371224137,178.000000,-130.000000,135.000000,178.000000,128.000000,360.000000,178.003006,-130.001007,135.001007,177.906998,127.998001,360.002014,48.000000,-437.000000,1213.000000,924.000000,6.000000,0.000000
853,1743686371229639,178.000000,-130.000000,135.000000,178.000000,128.000000,360.000000,178.001007,-129.998993,135.001999,177.906998,127.997002,360.002014,46.000000,-436.000000,1190.000000,926.000000,1.000000,1.000000
853,1743686371234126,178.000000,-130.000000,135.000000,178.000000,128.000000,360.000000,178.001007,-130.001007,135.001999,177.906998,127.998001,360.001007,44.000000,-439.000000,1223.000000,935.000000,4.000000,1.000000
853,1743686371239666,178.000000,-130.000000,135.000000,178.000000,128.000000,360.000000,178.001007,-129.998993,135.001999,177.906998,127.997002,360.002014,45.000000,-437.000000,1193.000000,941.000000,5.000000,3.000000
853,1743686371244154,178.000000,-130.000000,135.000000,178.000000,128.000000,360.000000,178.003006,-129.998993,135.001999,177.906998,127.998001,359.998993,43.000000,-438.000000,1206.000000,945.000000,5.000000,-3.000000
853,1743686371249771,178.000000,-130.000000,135.000000,178.000000,128.000000,360.000000,178.001007,-129.998993,135.001999,177.904999,127.998001,360.001007,41.000000,-442.000000,1195.000000,941.000000,3.000000,-10.000000
853,1743686371254238,178.000000,-130.000000,135.000000,178.000000,128.000000,360.000000,178.001007,-130.001007,135.001007,177.906998,127.998001,360.001007,37.000000,-440.000000,1206.000000,955.000000,7.000000,-14.000000
853,1743686371259812,178.000000,-130.000000,135.000000,178.000000,128.000000,360.000000,178.003006,-130.001007,135.005005,177.908005,127.998001,360.001007,39.000000,-442.000000,1188.000000,960.000000,4.000000,-2.000000
853,1743686371264309,178.000000,-130.000000,135.000000,178.000000,128.000000,360.000000,178.001007,-129.998993,135.001007,177.906998,127.998001,360.001007,37.000000,-437.000000,1154.000000,963.000000,4.000000,-11.000000
853,1743686371269862,178.000000,-130.000000,135.000000,178.000000,128.000000,360.000000,178.001007,-130.001007,135.001999,177.908997,127.998001,360.001007,33.000000,-436.000000,1188.000000,969.000000,7.000000,-3.000000
853,1743686371274361,178.000000,-130.000000,135.000000,178.000000,128.000000,360.000000,178.001007,-129.998993,135.001999,177.908005,127.997002,359.998993,38.000000,-441.000000,1204.000000,974.000000,2.000000,4.000000
853,1743686371279867,178.000000,-130.000000,135.000000,178.000000,128.000000,360.000000,178.000000,-129.998993,135.005005,177.908005,127.998001,360.002014,30.000000,-441.000000,1164.000000,980.000000,1.000000,-6.000000
853,1743686371284287,178.000000,-130.000000,135.000000,178.000000,128.000000,360.000000,178.001007,-130.001007,135.001007,177.908005,127.998001,360.002014,36.000000,-441.000000,1141.000000,982.000000,7.000000,-20.000000
853,1743686371289784,178.000000,-130.000000,135.000000,178.000000,128.000000,360.000000,178.003006,-129.998993,135.001999,177.908005,127.998001,360.002014,37.000000,-437.000000,1155.000000,987.000000,8.000000,-10.000000
853,1743686371294263,178.000000,-130.000000,135.000000,178.000000,128.000000,360.000000,178.001007,-129.998993,135.001999,177.908005,127.997002,360.002014,34.000000,-433.000000,1166.000000,994.000000,1.000000,-7.000000
853,1743686371299824,178.000000,-130.000000,135.000000,178.000000,128.000000,360.000000,178.000000,-129.998993,135.001007,177.908005,127.998001,360.002014,38.000000,-441.000000,1155.000000,1000.000000,6.000000,-1.000000
853,1743686371304300,178.000000,-130.000000,135.000000,178.000000,128.000000,360.000000,178.001007,-129.998993,135.001999,177.908005,127.998001,360.003998,30.000000,-443.000000,1148.000000,1005.000000,1.000000,2.000000
853,1743686371309832,178.000000,-130.000000,135.000000,178.000000,128.000000,360.000000,178.001007,-129.998993,135.001999,177.908005,127.998001,360.003998,30.000000,-443.000000,1148.000000,1005.000000,1.000000,2.000000
853,1743686371314310,178.000000,-130.000000,135.000000,178.000000,128.000000,360.000000,178.003006,-129.998993,135.001999,177.908005,128.000000,360.001007,37.000000,-437.000000,1149.000000,1014.000000,3.000000,-1.000000
853,1743686371318850,178.000000,-130.000000,135.000000,178.000000,128.000000,360.000000,178.003006,-129.998993,135.001999,177.908005,128.000000,360.001007,37.000000,-437.000000,1149.000000,1014.000000,3.000000,-1.000000
853,1743686371324440,178.000000,-130.000000,135.000000,178.000000,128.000000,360.000000,178.000000,-129.998993,135.001999,177.908997,127.998001,360.001007,42.000000,-446.000000,1156.000000,1016.000000,4.000000,-5.000000
853,1743686371329953,178.000000,-130.000000,135.000000,178.000000,128.000000,360.000000,178.001007,-130.001007,135.001999,177.908997,128.000000,360.001007,42.000000,-442.000000,1139.000000,1029.000000,6.000000,-9.000000
853,1743686371334412,178.000000,-130.000000,135.000000,178.000000,128.000000,360.000000,178.001007,-130.001007,135.001999,177.908997,128.000000,360.001007,42.000000,-442.000000,1139.000000,1029.000000,6.000000,-9.000000
853,1743686371338877,178.000000,-130.000000,135.000000,178.000000,128.000000,360.000000,178.001007,-129.998993,135.001007,177.908005,127.997002,359.998993,37.000000,-443.000000,1132.000000,1031.000000,6.000000,-8.000000
853,1743686371344462,178.000000,-130.000000,135.000000,178.000000,128.000000,360.000000,178.003006,-130.001007,135.001007,177.908005,127.998001,360.002014,38.000000,-442.000000,1165.000000,1032.000000,10.000000,-6.000000
853,1743686371348925,178.000000,-130.000000,135.000000,178.000000,128.000000,360.000000,178.001007,-129.998993,135.001007,177.908997,127.998001,360.001007,38.000000,-438.000000,1149.000000,1040.000000,6.000000,24.000000
853,1743686371354508,178.000000,-130.000000,135.000000,178.000000,128.000000,360.000000,178.000000,-129.998993,135.001999,177.908997,127.998001,360.001007,40.000000,-440.000000,1149.000000,1047.000000,7.000000,-25.000000
853,1743686371359015,178.000000,-130.000000,135.000000,178.000000,128.000000,360.000000,178.001007,-130.001007,135.001999,177.908997,127.998001,360.001007,51.000000,-438.000000,1133.000000,1052.000000,3.000000,-12.000000
853,1743686371364599,178.000000,-130.000000,135.000000,178.000000,128.000000,360.000000,177.998993,-129.998001,135.001999,177.908997,127.998001,360.002014,44.000000,-440.000000,1140.000000,1051.000000,12.000000,12.000000
853,1743686371369099,178.000000,-130.000000,135.000000,178.000000,128.000000,360.000000,178.001007,-129.998993,135.001999,177.908997,127.998001,360.001007,43.000000,-440.000000,1130.000000,1060.000000,7.000000,0.000000
853,1743686371374639,178.000000,-130.000000,135.000000,178.000000,128.000000,360.000000,178.001007,-130.001007,135.001999,177.908997,127.998001,360.001007,41.000000,-439.000000,1131.000000,1064.000000,7.000000,6.000000
853,1743686371379112,178.000000,-130.000000,135.000000,178.000000,128.000000,360.000000,178.001007,-129.998993,135.005005,177.908997,127.998001,359.998993,53.000000,-439.000000,1135.000000,1066.000000,4.000000,-17.000000
853,1743686371384647,178.000000,-130.000000,135.000000,178.000000,128.000000,360.000000,178.001007,-129.998993,135.001999,177.908997,127.998001,359.998993,56.000000,-438.000000,1129.000000,1073.000000,11.000000,10.000000
853,1743686371389115,178.000000,-130.000000,135.000000,178.000000,128.000000,360.000000,178.001007,-130.001007,135.001999,177.908997,127.998001,359.998993,64.000000,-440.000000,1137.000000,1082.000000,8.000000,-5.000000
853,1743686371394722,178.000000,-130.000000,135.000000,178.000000,128.000000,360.000000,178.001007,-129.998993,135.001007,177.908997,127.998001,360.001007,65.000000,-429.000000,1121.000000,1086.000000,8.000000,4.000000
853,1743686371399272,178.000000,-130.000000,135.000000,178.000000,128.000000,360.000000,178.003006,-129.998993,135.001999,177.910995,127.997002,360.001007,62.000000,-432.000000,1112.000000,1084.000000,3.000000,-6.000000
853,1743686371404872,178.000000,-130.000000,135.000000,178.000000,128.000000,360.000000,178.000000,-129.998993,135.001999,177.910995,127.998001,360.002014,60.000000,-435.000000,1103.000000,1093.000000,14.000000,0.000000
853,1743686371409407,178.000000,-130.000000,135.000000,178.000000,128.000000,360.000000,178.001007,-129.998001,135.001999,177.910995,127.997002,360.001007,66.000000,-434.000000,1112.000000,1099.000000,3.000000,4.000000
853,1743686371414555,178.000000,-130.000000,135.000000,178.000000,128.000000,360.000000,178.001007,-129.998993,135.001007,177.910995,127.997002,360.001007,55.000000,-433.000000,1109.000000,1098.000000,12.000000,-6.000000
853,1743686371419060,178.000000,-130.000000,135.000000,178.000000,128.000000,360.000000,178.000000,-129.998993,135.005005,177.910995,127.998001,360.001007,65.000000,-432.000000,1122.000000,1108.000000,9.000000,3.000000
853,1743686371424730,178.000000,-130.000000,135.000000,178.000000,128.000000,360.000000,178.001007,-130.001007,135.001999,177.910995,127.998001,360.001007,59.000000,-435.000000,1093.000000,1110.000000,10.000000,14.000000
853,1743686371429201,178.000000,-130.000000,135.000000,178.000000,128.000000,360.000000,178.001007,-130.001007,135.005005,177.912003,127.997002,359.998993,53.000000,-434.000000,1088.000000,1121.000000,11.000000,1.000000
853,1743686371434773,178.000000,-130.000000,135.000000,178.000000,128.000000,360.000000,178.000000,-130.001007,135.001999,177.912003,127.997002,359.998993,57.000000,-433.000000,1090.000000,1121.000000,7.000000,23.000000
853,1743686371439341,178.000000,-130.000000,135.000000,178.000000,128.000000,360.000000,178.001007,-130.001007,135.001999,177.910995,127.998001,360.001007,61.000000,-432.000000,1103.000000,1129.000000,9.000000,16.000000
853,1743686371444922,178.000000,-130.000000,135.000000,178.000000,128.000000,360.000000,178.001007,-129.998993,135.001999,177.912003,127.998001,360.002014,57.000000,-435.000000,1095.000000,1131.000000,9.000000,-11.000000
853,1743686371449433,178.000000,-130.000000,135.000000,178.000000,128.000000,360.000000,178.000000,-130.001007,135.001999,177.910995,127.998001,360.001007,56.000000,-432.000000,1090.000000,1136.000000,9.000000,2.000000
853,1743686371453882,178.000000,-130.000000,135.000000,178.000000,128.000000,360.000000,178.000000,-129.998993,135.001999,177.910995,127.998001,360.001007,59.000000,-434.000000,1091.000000,1146.000000,9.000000,12.000000
853,1743686371459524,178.000000,-130.000000,135.000000,178.000000,128.000000,360.000000,178.001007,-129.998993,135.001007,177.912003,127.998001,360.001007,58.000000,-434.000000,1105.000000,1150.000000,12.000000,-17.000000
853,1743686371463986,178.000000,-130.000000,135.000000,178.000000,128.000000,360.000000,178.001007,-130.001007,135.001999,177.910995,127.998001,359.998993,58.000000,-432.000000,1095.000000,1149.000000,6.000000,4.000000
853,1743686371469505,178.000000,-130.000000,135.000000,178.000000,128.000000,360.000000,178.001007,-130.001007,135.005005,177.912003,127.998001,359.998993,56.000000,-433.000000,1091.000000,1155.000000,15.000000,0.000000
853,1743686371473905,178.000000,-130.000000,135.000000,178.000000,128.000000,360.000000,178.003006,-129.998993,135.001007,177.912003,127.998001,359.997986,65.000000,-439.000000,1072.000000,1157.000000,13.000000,-1.000000
853,1743686371479467,178.000000,-130.000000,135.000000,178.000000,128.000000,360.000000,178.001007,-130.001007,135.001999,177.914001,127.998001,360.002014,64.000000,-436.000000,1072.000000,1168.000000,9.000000,-20.000000
853,1743686371483973,178.000000,-130.000000,135.000000,178.000000,128.000000,360.000000,178.003006,-130.001007,135.005005,177.914001,127.998001,359.998993,62.000000,-435.000000,1077.000000,1166.000000,11.000000,5.000000
853,1743686371489531,178.000000,-130.000000,135.000000,178.000000,128.000000,360.000000,178.003006,-130.001007,135.005005,177.914001,127.998001,359.998993,62.000000,-435.000000,1077.000000,1166.000000,11.000000,5.000000
853,1743686371493956,178.000000,-130.000000,135.000000,178.000000,128.000000,360.000000,178.001007,-130.001007,135.001999,177.912003,127.998001,359.998993,65.000000,-443.000000,1065.000000,1180.000000,7.000000,-8.000000
853,1743686371499571,178.000000,-130.000000,135.000000,178.000000,128.000000,360.000000,178.001007,-130.001007,135.001999,177.912003,127.998001,359.998993,65.000000,-443.000000,1065.000000,1180.000000,7.000000,-8.000000
853,1743686371504051,178.000000,-130.000000,135.000000,178.000000,128.000000,360.000000,178.001007,-129.998993,135.001007,177.914001,127.998001,360.001007,56.000000,-436.000000,1081.000000,1186.000000,8.000000,-9.000000
853,1743686371509631,178.000000,-130.000000,135.000000,178.000000,128.000000,360.000000,178.001007,-130.001007,135.005005,177.914001,127.998001,360.001007,61.000000,-428.000000,1080.000000,1191.000000,16.000000,-16.000000
853,1743686371514085,178.000000,-130.000000,135.000000,178.000000,128.000000,360.000000,178.001007,-130.001007,135.001999,177.912003,127.998001,360.001007,61.000000,-428.000000,1048.000000,1193.000000,11.000000,23.000000
853,1743686371519647,178.000000,-130.000000,135.000000,178.000000,128.000000,360.000000,178.000000,-129.998993,135.001999,177.914001,127.998001,360.001007,73.000000,-430.000000,1044.000000,1201.000000,11.000000,2.000000
853,1743686371524132,178.000000,-130.000000,135.000000,178.000000,128.000000,360.000000,178.003006,-129.998993,135.001999,177.914001,127.998001,360.001007,66.000000,-428.000000,1058.000000,1202.000000,17.000000,0.000000
853,1743686371529755,178.000000,-130.000000,135.000000,178.000000,128.000000,360.000000,178.001007,-129.998993,135.005005,177.914001,128.000000,359.998993,67.000000,-429.000000,1068.000000,1213.000000,12.000000,11.000000
853,1743686371534281,178.000000,-130.000000,135.000000,178.000000,128.000000,360.000000,178.003006,-129.998993,135.001999,177.914993,127.998001,359.998993,70.000000,-429.000000,1043.000000,1216.000000,15.000000,-11.000000
853,1743686371539860,178.000000,-130.000000,135.000000,178.000000,128.000000,360.000000,178.001007,-130.001007,135.001007,177.914993,127.998001,359.998993,64.000000,-437.000000,1040.000000,1219.000000,4.000000,11.000000
853,1743686371544371,178.000000,-130.000000,135.000000,178.000000,128.000000,360.000000,178.001007,-129.998993,135.001007,177.914993,127.998001,360.001007,70.000000,-435.000000,1038.000000,1227.000000,10.000000,2.000000
853,1743686371549981,178.000000,-130.000000,135.000000,178.000000,128.000000,360.000000,178.001007,-129.998993,135.001999,177.916000,127.998001,359.998993,77.000000,-433.000000,1029.000000,1235.000000,12.000000,-11.000000
853,1743686371554439,178.000000,-130.000000,135.000000,178.000000,128.000000,360.000000,178.001007,-130.001007,135.005005,177.914993,127.998001,359.998993,72.000000,-433.000000,1051.000000,1237.000000,15.000000,-17.000000
853,1743686371559956,178.000000,-130.000000,135.000000,178.000000,128.000000,360.000000,178.001007,-129.998993,135.001007,177.916000,127.997002,359.998993,71.000000,-433.000000,992.000000,1234.000000,14.000000,24.000000
853,1743686371564473,178.000000,-130.000000,135.000000,178.000000,128.000000,360.000000,178.001007,-129.998993,135.001999,177.916000,128.000000,359.998993,72.000000,-429.000000,1037.000000,1244.000000,14.000000,-2.000000
853,1743686371568991,178.000000,-130.000000,135.000000,178.000000,128.000000,360.000000,178.001007,-129.998993,135.001999,177.916000,127.998001,360.001007,64.000000,-431.000000,1016.000000,1244.000000,14.000000,-14.000000
853,1743686371574553,178.000000,-130.000000,135.000000,178.000000,128.000000,360.000000,178.000000,-129.998993,135.001999,177.916000,127.998001,359.998993,68.000000,-431.000000,1024.000000,1252.000000,10.000000,-16.000000
853,1743686371579049,178.000000,-130.000000,135.000000,178.000000,128.000000,360.000000,178.001007,-129.998993,135.001999,177.916000,127.998001,360.001007,68.000000,-437.000000,1027.000000,1258.000000,13.000000,-11.000000
853,1743686371584645,178.000000,-130.000000,135.000000,178.000000,128.000000,360.000000,178.001007,-129.998993,135.001999,177.916000,127.998001,360.002014,72.000000,-426.000000,1015.000000,1263.000000,7.000000,-7.000000
853,1743686371589170,178.000000,-130.000000,135.000000,178.000000,128.000000,360.000000,178.001007,-129.998993,135.001999,177.916000,127.998001,359.998993,74.000000,-432.000000,1038.000000,1262.000000,12.000000,8.000000
853,1743686371594720,178.000000,-130.000000,135.000000,178.000000,128.000000,360.000000,178.003006,-129.998993,135.001999,177.916000,127.998001,359.998993,76.000000,-429.000000,1011.000000,1270.000000,14.000000,0.000000
853,1743686371599189,178.000000,-130.000000,135.000000,178.000000,128.000000,360.000000,178.001007,-129.998993,135.001999,177.917999,127.998001,359.998993,73.000000,-430.000000,1020.000000,1277.000000,6.000000,10.000000
853,1743686371604744,178.000000,-130.000000,135.000000,178.000000,128.000000,360.000000,178.001007,-129.998993,135.001999,177.917999,127.998001,359.998993,73.000000,-430.000000,1020.000000,1277.000000,6.000000,10.000000
853,1743686371609266,178.000000,-130.000000,135.000000,178.000000,128.000000,360.000000,178.001007,-129.998993,135.001007,177.916000,127.998001,359.998993,73.000000,-425.000000,1010.000000,1277.000000,6.000000,-2.000000
853,1743686371614836,178.000000,-130.000000,135.000000,178.000000,128.000000,360.000000,178.001007,-129.998993,135.005005,177.917999,127.998001,360.001007,74.000000,-438.000000,1009.000000,1290.000000,12.000000,-6.000000
853,1743686371619324,178.000000,-130.000000,135.000000,178.000000,128.000000,360.000000,178.001007,-129.998993,135.005005,177.917999,127.998001,360.001007,74.000000,-438.000000,1009.000000,1290.000000,12.000000,-6.000000
853,1743686371624879,178.000000,-130.000000,135.000000,178.000000,128.000000,360.000000,178.001007,-130.001007,135.001999,177.919006,128.000000,360.001007,67.000000,-434.000000,989.000000,1294.000000,9.000000,-15.000000
853,1743686371629371,178.000000,-130.000000,135.000000,178.000000,128.000000,360.000000,178.001007,-130.001007,135.005005,177.917999,127.998001,360.001007,59.000000,-433.000000,1005.000000,1299.000000,10.000000,13.000000
853,1743686371634883,178.000000,-130.000000,135.000000,178.000000,128.000000,360.000000,178.001007,-129.998993,135.001999,177.919006,127.998001,360.001007,68.000000,-441.000000,1017.000000,1304.000000,8.000000,0.000000
853,1743686371639297,178.000000,-130.000000,135.000000,178.000000,128.000000,360.000000,178.003006,-129.998993,135.001999,177.919006,127.997002,360.001007,67.000000,-426.000000,1011.000000,1304.000000,12.000000,9.000000
853,1743686371644784,178.000000,-130.000000,135.000000,178.000000,128.000000,360.000000,178.001007,-129.998993,135.005005,177.919006,127.998001,359.998993,66.000000,-429.000000,1007.000000,1306.000000,12.000000,8.000000
853,1743686371649208,178.000000,-130.000000,135.000000,178.000000,128.000000,360.000000,178.001007,-129.998993,135.001007,177.919006,127.998001,360.001007,62.000000,-438.000000,981.000000,1320.000000,11.000000,1.000000
853,1743686371654679,178.000000,-130.000000,135.000000,178.000000,128.000000,360.000000,178.001007,-129.998993,135.005005,177.919006,127.998001,360.001007,65.000000,-436.000000,977.000000,1325.000000,13.000000,-2.000000
853,1743686371659083,178.000000,-130.000000,135.000000,178.000000,128.000000,360.000000,178.001007,-129.998993,135.005005,177.919998,127.997002,360.002014,60.000000,-430.000000,969.000000,1327.000000,11.000000,12.000000
853,1743686371664649,178.000000,-130.000000,135.000000,178.000000,128.000000,360.000000,178.001007,-130.001007,135.001007,177.919998,127.998001,359.998993,65.000000,-427.000000,968.000000,1334.000000,16.000000,5.000000
853,1743686371669150,178.000000,-130.000000,135.000000,178.000000,128.000000,360.000000,178.000000,-129.998993,135.005005,177.919998,127.997002,360.001007,60.000000,-429.000000,996.000000,1340.000000,10.000000,-9.000000
853,1743686371674788,178.000000,-130.000000,135.000000,178.000000,128.000000,360.000000,178.000000,-130.001007,135.001999,177.919998,127.997002,359.998993,64.000000,-422.000000,937.000000,1340.000000,8.000000,-11.000000
853,1743686371679342,178.000000,-130.000000,135.000000,178.000000,128.000000,360.000000,178.001007,-129.998993,135.001999,177.919998,127.998001,359.998993,64.000000,-428.000000,957.000000,1345.000000,9.000000,0.000000
853,1743686371684973,178.000000,-130.000000,135.000000,178.000000,128.000000,360.000000,178.000000,-129.998993,135.001999,177.919998,127.998001,359.998993,58.000000,-430.000000,962.000000,1357.000000,10.000000,19.000000
853,1743686371689801,178.000000,-130.000000,135.000000,178.000000,128.000000,360.000000,178.003006,-129.998993,135.001999,177.919998,127.998001,360.002014,55.000000,-433.000000,960.000000,1355.000000,16.000000,-17.000000
853,1743686371694311,178.000000,-130.000000,135.000000,178.000000,128.000000,360.000000,178.001007,-129.998993,135.001999,177.921997,127.998001,360.001007,61.000000,-425.000000,955.000000,1364.000000,16.000000,10.000000
853,1743686371698881,178.000000,-130.000000,135.000000,178.000000,128.000000,360.000000,178.001007,-129.998993,135.001999,177.921997,127.998001,360.002014,63.000000,-426.000000,955.000000,1369.000000,8.000000,6.000000
853,1743686371704508,178.000000,-130.000000,135.000000,178.000000,128.000000,360.000000,178.003006,-130.001007,135.001999,177.921997,127.998001,359.998993,66.000000,-430.000000,968.000000,1374.000000,11.000000,3.000000
853,1743686371708917,178.000000,-130.000000,135.000000,178.000000,128.000000,360.000000,178.001007,-129.998993,135.001007,177.921997,127.998001,359.998993,64.000000,-422.000000,959.000000,1375.000000,15.000000,-2.000000
853,1743686371714393,178.000000,-130.000000,135.000000,178.000000,128.000000,360.000000,178.000000,-129.998993,135.001999,177.923004,127.998001,360.001007,63.000000,-423.000000,970.000000,1382.000000,9.000000,9.000000
853,1743686371719853,178.000000,-130.000000,135.000000,178.000000,128.000000,360.000000,178.003006,-130.001007,135.001007,177.921997,127.998001,359.998993,64.000000,-425.000000,960.000000,1388.000000,14.000000,-2.000000
853,1743686371724245,178.000000,-130.000000,135.000000,178.000000,128.000000,360.000000,178.003006,-129.998993,135.001999,177.921997,127.998001,360.001007,59.000000,-425.000000,962.000000,1394.000000,11.000000,-3.000000
853,1743686371729705,178.000000,-130.000000,135.000000,178.000000,128.000000,360.000000,178.001007,-129.998993,135.001999,177.923004,127.998001,359.998993,60.000000,-423.000000,964.000000,1398.000000,13.000000,11.000000
853,1743686371734135,178.000000,-130.000000,135.000000,178.000000,128.000000,360.000000,178.003006,-129.998993,135.001007,177.923004,127.998001,360.001007,60.000000,-422.000000,950.000000,1400.000000,11.000000,14.000000
853,1743686371739606,178.000000,-130.000000,135.000000,178.000000,128.000000,360.000000,178.001007,-129.998993,135.001999,177.923004,127.998001,360.001007,65.000000,-422.000000,960.000000,1410.000000,5.000000,11.000000
853,1743686371744003,178.000000,-130.000000,135.000000,178.000000,128.000000,360.000000,178.003006,-129.998993,135.001999,177.923004,127.998001,360.001007,65.000000,-423.000000,948.000000,1412.000000,11.000000,-6.000000
853,1743686371749455,178.000000,-130.000000,135.000000,178.000000,128.000000,360.000000,178.001007,-129.998993,135.001999,177.923004,127.998001,360.001007,63.000000,-416.000000,917.000000,1415.000000,18.000000,-3.000000
853,1743686371753844,178.000000,-130.000000,135.000000,178.000000,128.000000,360.000000,178.000000,-129.998993,135.001999,177.925003,127.998001,360.002014,63.000000,-417.000000,943.000000,1417.000000,13.000000,1.000000
853,1743686371759317,178.000000,-130.000000,135.000000,178.000000,128.000000,360.000000,178.001007,-130.001007,135.001999,177.925003,128.000000,359.998993,60.000000,-419.000000,937.000000,1415.000000,8.000000,3.000000
853,1743686371764756,178.000000,-130.000000,135.000000,178.000000,128.000000,360.000000,178.001007,-130.001007,135.001999,177.925003,128.000000,359.998993,60.000000,-419.000000,937.000000,1415.000000,8.000000,3.000000
853,1743686371769138,178.000000,-130.000000,135.000000,178.000000,128.000000,360.000000,178.003006,-129.998993,135.001999,177.925003,127.997002,359.998993,60.000000,-419.000000,929.000000,1430.000000,12.000000,-11.000000
853,1743686371774581,178.000000,-130.000000,135.000000,178.000000,128.000000,360.000000,178.003006,-129.998993,135.001999,177.925003,127.997002,359.998993,60.000000,-419.000000,929.000000,1430.000000,12.000000,-11.000000
853,1743686371778951,178.000000,-130.000000,135.000000,178.000000,128.000000,360.000000,178.001007,-129.998993,135.001999,177.925003,127.997002,360.001007,66.000000,-413.000000,918.000000,1436.000000,10.000000,20.000000
853,1743686371784395,178.000000,-130.000000,135.000000,178.000000,128.000000,360.000000,178.000000,-129.998993,135.005005,177.927002,127.997002,359.998993,58.000000,-417.000000,915.000000,1420.000000,11.000000,12.000000
853,1743686371789865,178.000000,-130.000000,135.000000,178.000000,128.000000,360.000000,178.000000,-129.998993,135.005005,177.927002,127.997002,359.998993,58.000000,-417.000000,915.000000,1420.000000,11.000000,12.000000
853,1743686371794273,178.000000,-130.000000,135.000000,178.000000,128.000000,360.000000,178.001007,-129.998993,135.001999,177.929001,127.997002,360.002014,63.000000,-415.000000,916.000000,1416.000000,10.000000,7.000000
853,1743686371799706,178.000000,-130.000000,135.000000,178.000000,128.000000,360.000000,178.001007,-129.998993,135.005005,177.929993,127.998001,360.001007,62.000000,-415.000000,924.000000,1420.000000,10.000000,7.000000
853,1743686371804071,178.000000,-130.000000,135.000000,178.000000,128.000000,360.000000,178.000000,-129.998993,135.001999,177.929993,127.997002,360.001007,58.000000,-419.000000,913.000000,1432.000000,10.000000,-14.000000
853,1743686371809525,178.000000,-130.000000,135.000000,178.000000,128.000000,360.000000,178.003006,-130.001007,135.001007,177.931000,127.997002,360.001007,58.000000,-419.000000,933.000000,1438.000000,12.000000,3.000000
853,1743686371813890,178.000000,-130.000000,135.000000,178.000000,128.000000,360.000000,178.000000,-130.001007,135.001999,177.931000,127.998001,359.998993,52.000000,-416.000000,913.000000,1438.000000,7.000000,1.000000
853,1743686371819324,178.000000,-130.000000,135.000000,178.000000,128.000000,360.000000,178.001007,-130.001007,135.001999,177.931000,128.000000,360.001007,57.000000,-419.000000,897.000000,1444.000000,12.000000,-4.000000
853,1743686371824794,178.000000,-130.000000,135.000000,178.000000,128.000000,360.000000,178.000000,-129.998993,135.001007,177.932999,127.997002,360.002014,60.000000,-417.000000,874.000000,1457.000000,9.000000,5.000000
853,1743686371829147,178.000000,-130.000000,135.000000,178.000000,128.000000,360.000000,178.001007,-129.998993,135.001007,177.931000,127.998001,359.998993,55.000000,-408.000000,906.000000,1456.000000,10.000000,0.000000
853,1743686371834594,178.000000,-130.000000,135.000000,178.000000,128.000000,360.000000,178.001007,-129.998993,135.001999,177.932999,128.000000,360.001007,61.000000,-409.000000,849.000000,1466.000000,8.000000,13.000000
853,1743686371838972,178.000000,-130.000000,135.000000,178.000000,128.000000,360.000000,178.001007,-129.998993,135.001007,177.932999,127.998001,360.001007,66.000000,-408.000000,899.000000,1471.000000,8.000000,18.000000
853,1743686371844450,178.000000,-130.000000,135.000000,178.000000,128.000000,360.000000,178.001007,-130.001007,135.001007,177.932999,127.998001,360.001007,60.000000,-411.000000,882.000000,1475.000000,11.000000,21.000000
853,1743686371848855,178.000000,-130.000000,135.000000,178.000000,128.000000,360.000000,178.001007,-130.001007,135.001999,177.932999,127.998001,359.998993,61.000000,-412.000000,845.000000,1483.000000,6.000000,-1.000000
853,1743686371854282,178.000000,-130.000000,135.000000,178.000000,128.000000,360.000000,178.001007,-130.001007,135.001999,177.932999,127.998001,360.001007,62.000000,-413.000000,865.000000,1478.000000,12.000000,-11.000000
853,1743686371859753,178.000000,-130.000000,135.000000,178.000000,128.000000,360.000000,178.000000,-130.001007,135.001999,177.934006,127.998001,359.998993,69.000000,-410.000000,860.000000,1487.000000,5.000000,-6.000000
853,1743686371864186,178.000000,-130.000000,135.000000,178.000000,128.000000,360.000000,178.001007,-130.001007,135.001999,177.934006,127.997002,359.998993,66.000000,-413.000000,857.000000,1490.000000,9.000000,-12.000000
853,1743686371869654,178.000000,-130.000000,135.000000,178.000000,128.000000,360.000000,178.000000,-129.998993,135.001007,177.934006,127.998001,360.001007,66.000000,-410.000000,869.000000,1493.000000,11.000000,-15.000000
853,1743686371874009,178.000000,-130.000000,135.000000,178.000000,128.000000,360.000000,178.001007,-130.001007,135.001999,177.934998,127.997002,360.001007,66.000000,-412.000000,864.000000,1500.000000,8.000000,10.000000
853,1743686371879495,178.000000,-130.000000,135.000000,178.000000,128.000000,360.000000,178.000000,-129.998993,135.005005,177.934998,127.997002,359.998993,61.000000,-413.000000,879.000000,1496.000000,5.000000,0.000000
853,1743686371884941,178.000000,-130.000000,135.000000,178.000000,128.000000,360.000000,178.000000,-129.998993,135.005005,177.934998,127.997002,360.001007,70.000000,-407.000000,854.000000,1502.000000,12.000000,-15.000000
853,1743686371889307,178.000000,-130.000000,135.000000,178.000000,128.000000,360.000000,178.001007,-129.998993,135.005005,177.934998,127.998001,360.001007,68.000000,-414.000000,842.000000,1509.000000,11.000000,15.000000
853,1743686371894717,178.000000,-130.000000,135.000000,178.000000,128.000000,360.000000,178.001007,-130.001007,135.001007,177.934998,127.997002,359.998993,67.000000,-411.000000,857.000000,1506.000000,6.000000,7.000000
853,1743686371899123,178.000000,-130.000000,135.000000,178.000000,128.000000,360.000000,178.001007,-129.998993,135.001007,177.934998,127.997002,359.998993,76.000000,-412.000000,856.000000,1522.000000,9.000000,2.000000
853,1743686371904616,178.000000,-130.000000,135.000000,178.000000,128.000000,360.000000,178.001007,-129.998993,135.001999,177.936996,127.998001,359.998993,63.000000,-411.000000,844.000000,1525.000000,8.000000,10.000000
853,1743686371909027,178.000000,-130.000000,135.000000,178.000000,128.000000,360.000000,178.001007,-129.998993,135.001007,177.936996,127.997002,360.001007,67.000000,-413.000000,862.000000,1531.000000,10.000000,-2.000000
853,1743686371914518,178.000000,-130.000000,135.000000,178.000000,128.000000,360.000000,178.001007,-129.998993,135.001999,177.936996,127.997002,359.998993,68.000000,-411.000000,836.000000,1536.000000,15.000000,-1.000000
853,1743686371918977,178.000000,-130.000000,135.000000,178.000000,128.000000,360.000000,178.001007,-129.998993,135.001007,177.936996,127.997002,359.998993,67.000000,-406.000000,826.000000,1538.000000,11.000000,4.000000
853,1743686371924556,178.000000,-130.000000,135.000000,178.000000,128.000000,360.000000,178.001007,-130.001007,135.001999,177.936996,127.998001,359.998993,67.000000,-410.000000,838.000000,1544.000000,11.000000,1.000000
853,1743686371929031,178.000000,-130.000000,135.000000,178.000000,128.000000,360.000000,178.001007,-130.001007,135.001007,177.936996,127.997002,359.997986,68.000000,-411.000000,839.000000,1543.000000,17.000000,0.000000
853,1743686371934593,178.000000,-130.000000,135.000000,178.000000,128.000000,360.000000,178.003006,-129.998993,135.001007,177.936996,127.997002,359.998993,73.000000,-409.000000,833.000000,1550.000000,5.000000,-3.000000
853,1743686371939135,178.000000,-130.000000,135.000000,178.000000,128.000000,360.000000,178.001007,-129.998001,135.001999,177.936996,127.998001,359.998993,69.000000,-413.000000,836.000000,1561.000000,7.000000,4.000000
853,1743686371944682,178.000000,-130.000000,135.000000,178.000000,128.000000,360.000000,178.003006,-129.998993,135.001999,177.936996,127.998001,360.001007,73.000000,-412.000000,820.000000,1575.000000,10.000000,10.000000
853,1743686371949213,178.000000,-130.000000,135.000000,178.000000,128.000000,360.000000,178.001007,-130.001007,135.001007,177.938004,127.998001,360.001007,68.000000,-412.000000,822.000000,1574.000000,9.000000,-9.000000
853,1743686371954773,178.000000,-130.000000,135.000000,178.000000,128.000000,360.000000,178.000000,-129.998993,135.005005,177.936996,127.998001,360.002014,59.000000,-412.000000,828.000000,1577.000000,9.000000,-8.000000
853,1743686371959187,178.000000,-130.000000,135.000000,178.000000,128.000000,360.000000,178.000000,-129.998993,135.005005,177.936996,127.998001,360.002014,59.000000,-412.000000,828.000000,1577.000000,9.000000,-8.000000
853,1743686371964677,178.000000,-130.000000,135.000000,178.000000,128.000000,360.000000,178.000000,-129.998993,135.001007,177.936996,127.997002,360.001007,77.000000,-419.000000,823.000000,1583.000000,12.000000,11.000000
853,1743686371969089,178.000000,-130.000000,135.000000,178.000000,128.000000,360.000000,178.001007,-130.001007,135.001999,177.936996,127.998001,360.002014,73.000000,-411.000000,809.000000,1586.000000,11.000000,2.000000
853,1743686371974583,178.000000,-130.000000,135.000000,178.000000,128.000000,360.000000,178.001007,-130.001007,135.001999,177.936996,127.998001,360.002014,73.000000,-411.000000,809.000000,1586.000000,11.000000,2.000000
853,1743686371979118,178.000000,-130.000000,135.000000,178.000000,128.000000,360.000000,178.001007,-129.998993,135.001999,177.938004,127.997002,360.001007,69.000000,-414.000000,816.000000,1596.000000,10.000000,4.000000
853,1743686371984660,178.000000,-130.000000,135.000000,178.000000,128.000000,360.000000,178.000000,-130.001007,135.001999,177.938004,127.998001,360.001007,66.000000,-409.000000,806.000000,1600.000000,13.000000,13.000000
853,1743686371989129,178.000000,-130.000000,135.000000,178.000000,128.000000,360.000000,178.003006,-129.998993,135.001007,177.936996,127.997002,359.998993,67.000000,-408.000000,786.000000,1608.000000,10.000000,15.000000
853,1743686371994682,178.000000,-130.000000,135.000000,178.000000,128.000000,360.000000,178.001007,-130.001007,135.001999,177.938004,127.998001,359.998993,68.000000,-408.000000,806.000000,1606.000000,11.000000,0.000000
853,1743686371999135,178.000000,-130.000000,135.000000,178.000000,128.000000,360.000000,178.001007,-129.998993,135.001999,177.938004,127.998001,359.997986,68.000000,-411.000000,804.000000,1619.000000,7.000000,11.000000
853,1743686372004695,178.000000,-130.000000,135.000000,178.000000,128.000000,360.000000,178.003006,-129.998001,135.005005,177.940002,127.998001,359.997986,70.000000,-408.000000,804.000000,1617.000000,16.000000,13.000000
853,1743686372009177,178.000000,-130.000000,135.000000,178.000000,128.000000,360.000000,178.001007,-130.001007,135.001999,177.938004,127.998001,360.001007,67.000000,-408.000000,778.000000,1630.000000,8.000000,4.000000
853,1743686372014745,178.000000,-130.000000,135.000000,178.000000,128.000000,360.000000,178.001007,-130.001007,135.001999,177.940002,127.997002,359.997986,65.000000,-411.000000,812.000000,1626.000000,10.000000,3.000000
853,1743686372019269,178.000000,-130.000000,135.000000,178.000000,128.000000,360.000000,178.001007,-129.998993,135.001999,177.938004,127.998001,360.001007,67.000000,-408.000000,802.000000,1634.000000,14.000000,5.000000
853,1743686372024834,178.000000,-130.000000,135.000000,178.000000,128.000000,360.000000,178.001007,-130.001007,135.001007,177.940002,127.997002,360.001007,52.000000,-412.000000,794.000000,1629.000000,12.000000,12.000000
853,1743686372029311,178.000000,-130.000000,135.000000,178.000000,128.000000,360.000000,178.001007,-129.998993,135.005005,177.940002,127.997002,359.998993,65.000000,-412.000000,800.000000,1639.000000,9.000000,8.000000
853,1743686372034885,178.000000,-130.000000,135.000000,178.000000,128.000000,360.000000,178.000000,-129.998993,135.005005,177.940002,127.997002,360.001007,62.000000,-411.000000,783.000000,1644.000000,9.000000,-1.000000
853,1743686372039416,178.000000,-130.000000,135.000000,178.000000,128.000000,360.000000,178.001007,-130.001007,135.001007,177.940002,127.997002,360.001007,61.000000,-414.000000,785.000000,1645.000000,19.000000,11.000000
853,1743686372043965,178.000000,-130.000000,135.000000,178.000000,128.000000,360.000000,178.001007,-129.998993,135.001007,177.940994,127.997002,360.002014,60.000000,-411.000000,804.000000,1655.000000,9.000000,13.000000
853,1743686372049537,178.000000,-130.000000,135.000000,178.000000,128.000000,360.000000,178.001007,-129.998993,135.001999,177.940994,127.998001,359.998993,62.000000,-411.000000,786.000000,1650.000000,9.000000,15.000000
853,1743686372053947,178.000000,-130.000000,135.000000,178.000000,128.000000,360.000000,178.001007,-130.001007,135.001007,177.940994,127.997002,360.001007,62.000000,-406.000000,745.000000,1655.000000,7.000000,5.000000
