point_index,timestamp_us,plan_pos_0,plan_pos_1,plan_pos_2,plan_pos_3,plan_pos_4,plan_pos_5,actual_pos_0,actual_pos_1,actual_pos_2,actual_pos_3,actual_pos_4,actual_pos_5,current_0,current_1,current_2,current_3,current_4,current_5
0,1743667106186599,0.049497,-0.036163,0.037552,0.049497,0.035608,0.100052,0.104000,-0.022000,0.044000,0.030000,0.064000,0.153000,-153.000000,-963.000000,-2329.000000,142.000000,-457.000000,-95.000000
1,1743667106191666,0.049861,-0.036528,0.037917,0.049861,0.035972,0.100417,0.104000,-0.022000,0.044000,0.030000,0.064000,0.153000,-153.000000,-963.000000,-2329.000000,142.000000,-457.000000,-95.000000
2,1743667106196232,0.050851,-0.037517,0.038906,0.050851,0.036962,0.101406,0.104000,-0.023000,0.042000,0.028000,0.063000,0.153000,-176.000000,-983.000000,-2310.000000,122.000000,-447.000000,-106.000000
3,1743667106200860,0.052778,-0.039444,0.040833,0.052778,0.038889,0.103333,0.103000,-0.022000,0.039000,0.027000,0.060000,0.152000,-172.000000,-1015.000000,-2307.000000,136.000000,-429.000000,-117.000000
4,1743667106206620,0.055955,-0.042622,0.044010,0.055955,0.042066,0.106510,0.103000,-0.022000,0.039000,0.027000,0.060000,0.152000,-172.000000,-1015.000000,-2307.000000,136.000000,-429.000000,-117.000000
5,1743667106211185,0.060694,-0.047361,0.048750,0.060694,0.046806,0.111250,0.100000,-0.022000,0.039000,0.028000,0.060000,0.152000,-164.000000,-1040.000000,-2329.000000,134.000000,-436.000000,-116.000000
6,1743667106215659,0.067309,-0.053976,0.055365,0.067309,0.053420,0.117865,0.101000,-0.019000,0.039000,0.027000,0.057000,0.152000,-176.000000,-1055.000000,-2336.000000,148.000000,-436.000000,-118.000000
7,1743667106221271,0.076111,-0.062778,0.064167,0.076111,0.062222,0.126667,0.100000,-0.020000,0.041000,0.027000,0.057000,0.152000,-190.000000,-1081.000000,-2331.000000,154.000000,-438.000000,-117.000000
8,1743667106225810,0.087413,-0.074080,0.075469,0.087413,0.073524,0.137969,0.100000,-0.020000,0.041000,0.028000,0.057000,0.152000,-183.000000,-1087.000000,-2340.000000,155.000000,-424.000000,-118.000000
9,1743667106231528,0.101528,-0.088194,0.089583,0.101528,0.087639,0.152083,0.100000,-0.019000,0.039000,0.028000,0.056000,0.151000,-194.000000,-1109.000000,-2357.000000,158.000000,-428.000000,-98.000000
10,1743667106236134,0.118767,-0.105434,0.106823,0.118767,0.104878,0.169323,0.100000,-0.019000,0.039000,0.028000,0.056000,0.151000,-194.000000,-1109.000000,-2357.000000,158.000000,-428.000000,-98.000000
11,1743667106241793,0.139444,-0.126111,0.127500,0.139444,0.125556,0.190000,0.098000,-0.020000,0.039000,0.028000,0.054000,0.149000,-189.000000,-1123.000000,-2348.000000,166.000000,-424.000000,-110.000000
12,1743667106246374,0.163872,-0.150538,0.151927,0.163872,0.149983,0.214427,0.098000,-0.023000,0.038000,0.028000,0.050000,0.151000,-201.000000,-1178.000000,-2334.000000,170.000000,-420.000000,-120.000000
13,1743667106251104,0.192361,-0.179028,0.180417,0.192361,0.178472,0.242917,0.098000,-0.023000,0.038000,0.028000,0.050000,0.151000,-201.000000,-1178.000000,-2334.000000,170.000000,-420.000000,-120.000000
14,1743667106255604,0.225226,-0.211892,0.213281,0.225226,0.211337,0.275781,0.097000,-0.022000,0.037000,0.028000,0.050000,0.148000,-39.000000,-1325.000000,-2152.000000,219.000000,-284.000000,0.000000
15,1743667106261539,0.262778,-0.249444,0.250833,0.262778,0.248889,0.313333,0.100000,-0.023000,0.039000,0.035000,0.049000,0.149000,422.000000,-1802.000000,-1424.000000,351.000000,-82.000000,106.000000
16,1743667106266197,0.305330,-0.291997,0.293385,0.305330,0.291441,0.355885,0.109000,-0.024000,0.039000,0.049000,0.049000,0.156000,267.000000,-1956.000000,-1009.000000,306.000000,-15.000000,135.000000
16,1743667106270795,0.305330,-0.291997,0.293385,0.305330,0.291441,0.355885,0.120000,-0.027000,0.042000,0.064000,0.057000,0.167000,396.000000,-2455.000000,-517.000000,358.000000,121.000000,278.000000
18,1743667106276682,0.406684,-0.393351,0.394740,0.406684,0.392795,0.457240,0.135000,-0.037000,0.049000,0.086000,0.070000,0.175000,440.000000,-2552.000000,-331.000000,276.000000,116.000000,281.000000
18,1743667106281228,0.406684,-0.393351,0.394740,0.406684,0.392795,0.457240,0.156000,-0.048000,0.061000,0.109000,0.089000,0.182000,481.000000,-2745.000000,-239.000000,183.000000,137.000000,397.000000
19,1743667106285884,0.466111,-0.452778,0.454167,0.466111,0.452222,0.516667,0.195000,-0.075000,0.093000,0.157000,0.108000,0.186000,441.000000,-2873.000000,-290.000000,111.000000,40.000000,371.000000
20,1743667106291566,0.531788,-0.518455,0.519844,0.531788,0.517899,0.582344,0.223000,-0.098000,0.120000,0.196000,0.145000,0.186000,215.000000,-2898.000000,-384.000000,1.000000,-11.000000,373.000000
21,1743667106296267,0.604028,-0.590694,0.592083,0.604028,0.590139,0.654583,0.255000,-0.127000,0.155000,0.241000,0.163000,0.189000,560.000000,-3203.000000,-222.000000,-111.000000,62.000000,368.000000
22,1743667106300718,0.683142,-0.669783,0.671197,0.683142,0.669199,0.733698,0.282000,-0.164000,0.197000,0.282000,0.210000,0.222000,303.000000,-3205.000000,-307.000000,59.000000,63.000000,257.000000
23,1743667106306170,0.769444,-0.755662,0.757325,0.769444,0.754942,0.820000,0.330000,-0.207000,0.244000,0.331000,0.248000,0.269000,712.000000,-3057.000000,-153.000000,106.000000,300.000000,231.000000
24,1743667106311559,0.863247,-0.848023,0.850208,0.863247,0.847057,0.913802,0.351000,-0.255000,0.292000,0.377000,0.292000,0.315000,605.000000,-3144.000000,-639.000000,136.000000,269.000000,400.000000
25,1743667106315914,0.964861,-0.946553,0.949536,0.964861,0.945231,1.015420,0.402000,-0.329000,0.369000,0.450000,0.344000,0.366000,507.000000,-3247.000000,-383.000000,395.000000,105.000000,392.000000
26,1743667106321324,1.074570,-1.050940,1.054990,1.074570,1.049150,1.125160,0.438000,-0.388000,0.428000,0.501000,0.391000,0.427000,664.000000,-3241.000000,-292.000000,418.000000,129.000000,199.000000
27,1743667106326738,1.192270,-1.160880,1.166270,1.192270,1.158510,1.243330,0.477000,-0.450000,0.499000,0.565000,0.457000,0.503000,762.000000,-3364.000000,-318.000000,399.000000,124.000000,236.000000
28,1743667106331097,1.317660,-1.276040,1.283060,1.317660,1.272980,1.370260,0.524000,-0.524000,0.576000,0.633000,0.550000,0.609000,778.000000,-3230.000000,-323.000000,317.000000,245.000000,459.000000
29,1743667106336506,1.450430,-1.396130,1.405030,1.450430,1.392270,1.506250,0.609000,-0.604000,0.659000,0.714000,0.630000,0.703000,779.000000,-3031.000000,-93.000000,119.000000,77.000000,452.000000
30,1743667106340810,1.590270,-1.520820,1.531890,1.590270,1.516050,1.651610,0.609000,-0.604000,0.659000,0.714000,0.630000,0.703000,779.000000,-3031.000000,-93.000000,119.000000,77.000000,452.000000
31,1743667106346212,1.736850,-1.649810,1.663320,1.736850,1.644020,1.806670,0.845000,-0.811000,0.836000,0.883000,0.804000,0.880000,792.000000,-3090.000000,-296.000000,455.000000,283.000000,419.000000
32,1743667106351551,1.889880,-1.782780,1.799010,1.889880,1.775850,1.971720,0.845000,-0.811000,0.836000,0.883000,0.804000,0.880000,792.000000,-3090.000000,-296.000000,455.000000,283.000000,419.000000
33,1743667106355859,2.049030,-1.919420,1.938640,2.049030,1.911250,2.147080,1.045000,-1.002000,1.071000,1.124000,1.005000,1.101000,589.000000,-2988.000000,-336.000000,146.000000,221.000000,359.000000
34,1743667106361232,2.214000,-2.059420,2.081900,2.214000,2.049890,2.333070,1.045000,-1.002000,1.071000,1.124000,1.005000,1.101000,589.000000,-2988.000000,-336.000000,146.000000,221.000000,359.000000
35,1743667106366603,2.384470,-2.202460,2.228470,2.384470,2.191470,2.530000,1.128000,-1.112000,1.178000,1.249000,1.152000,1.209000,871.000000,-3319.000000,10.000000,243.000000,251.000000,447.000000
36,1743667106371020,2.560120,-2.348240,2.378060,2.560120,2.335670,2.738180,1.224000,-1.229000,1.277000,1.369000,1.223000,1.337000,681.000000,-3376.000000,-487.000000,417.000000,291.000000,381.000000
37,1743667106376396,2.740660,-2.496430,2.530340,2.740660,2.482180,2.957920,1.348000,-1.348000,1.373000,1.492000,1.388000,1.506000,913.000000,-3526.000000,-211.000000,540.000000,90.000000,531.000000
38,1743667106380714,2.925760,-2.646740,2.685000,2.925760,2.630680,3.189410,1.520000,-1.473000,1.495000,1.635000,1.506000,1.647000,834.000000,-3381.000000,-320.000000,208.000000,273.000000,528.000000
39,1743667106386104,3.115110,-2.798830,2.841730,3.115110,2.780870,3.432430,1.764000,-1.645000,1.665000,1.847000,1.634000,1.789000,705.000000,-3099.000000,-131.000000,380.000000,137.000000,445.000000
39,1743667106390699,3.115110,-2.798830,2.841730,3.115110,2.780870,3.432430,1.932000,-1.722000,1.745000,1.940000,1.750000,1.954000,861.000000,-2783.000000,-161.000000,488.000000,354.000000,641.000000
41,1743667106396431,3.505320,-3.107170,3.160140,3.505320,3.085050,3.951820,2.061000,-1.906000,1.933000,2.164000,1.875000,2.116000,838.000000,-3203.000000,-65.000000,219.000000,150.000000,659.000000
41,1743667106401069,3.505320,-3.107170,3.160140,3.505320,3.085050,3.951820,2.215000,-2.046000,2.072000,2.331000,2.006000,2.293000,838.000000,-2675.000000,-76.000000,330.000000,231.000000,470.000000
43,1743667106406762,3.908790,-3.418930,3.483080,3.908790,3.392210,4.513570,2.312000,-2.131000,2.141000,2.418000,2.150000,2.539000,919.000000,-2931.000000,-63.000000,568.000000,106.000000,755.000000
43,1743667106411414,3.908790,-3.418930,3.483080,3.908790,3.392210,4.513570,2.591000,-2.349000,2.382000,2.704000,2.260000,2.705000,811.000000,-3045.000000,-415.000000,193.000000,270.000000,631.000000
44,1743667106415923,4.114710,-3.575310,3.645470,4.114710,3.546150,4.809550,2.753000,-2.484000,2.445000,2.763000,2.440000,3.010000,637.000000,-2896.000000,-40.000000,462.000000,195.000000,574.000000
45,1743667106420734,4.323010,-3.731720,3.808050,4.323010,3.700080,5.115190,2.919000,-2.607000,2.683000,3.019000,2.547000,3.184000,664.000000,-2834.000000,-404.000000,325.000000,49.000000,677.000000
46,1743667106426521,4.533380,-3.888130,3.970650,4.533380,3.854020,5.430170,3.048000,-2.716000,2.802000,3.154000,2.741000,3.576000,778.000000,-2780.000000,-71.000000,336.000000,128.000000,655.000000
47,1743667106430962,4.745500,-4.044540,4.133240,4.745500,4.007950,5.754180,3.293000,-2.893000,2.995000,3.342000,2.893000,3.674000,646.000000,-2864.000000,-111.000000,500.000000,166.000000,561.000000
48,1743667106436468,4.959050,-4.200950,4.295840,4.959050,4.161890,6.086910,3.460000,-3.008000,3.099000,3.474000,3.039000,4.067000,707.000000,-3257.000000,-376.000000,254.000000,181.000000,664.000000
49,1743667106441013,5.173740,-4.357350,4.458430,5.173740,4.315830,6.428040,3.801000,-3.240000,3.330000,3.780000,3.184000,4.354000,809.000000,-3193.000000,-275.000000,560.000000,105.000000,772.000000
50,1743667106446581,5.389230,-4.513760,4.621030,5.389230,4.469760,6.777260,4.000000,-3.327000,3.416000,3.919000,3.338000,4.618000,616.000000,-3382.000000,-106.000000,387.000000,172.000000,869.000000
51,1743667106451199,5.605240,-4.670170,4.783620,5.605240,4.623700,7.134260,4.181000,-3.519000,3.613000,4.209000,3.490000,4.903000,506.000000,-3103.000000,-277.000000,504.000000,91.000000,732.000000
52,1743667106456800,5.821430,-4.826580,4.946220,5.821430,4.777630,7.498730,4.360000,-3.669000,3.670000,4.295000,3.603000,5.211000,659.000000,-2750.000000,-542.000000,563.000000,200.000000,561.000000
53,1743667106461343,6.037630,-4.982990,5.108810,6.037630,4.931570,7.870360,4.571000,-3.823000,3.909000,4.628000,3.765000,5.519000,548.000000,-2904.000000,160.000000,372.000000,271.000000,692.000000
54,1743667106465787,6.253840,-5.139390,5.271410,6.253840,5.085500,8.248820,4.770000,-3.978000,4.045000,4.814000,3.961000,5.966000,537.000000,-2842.000000,-254.000000,287.000000,62.000000,595.000000
55,1743667106471380,6.470040,-5.295800,5.434000,6.470040,5.239440,8.633820,5.059000,-4.183000,4.191000,5.023000,4.100000,6.288000,541.000000,-2942.000000,-482.000000,150.000000,344.000000,722.000000
56,1743667106475867,6.686250,-5.452210,5.596600,6.686250,5.393380,9.025030,5.151000,-4.243000,4.314000,5.162000,4.240000,6.638000,572.000000,-2672.000000,141.000000,438.000000,109.000000,452.000000
57,1743667106481488,6.902450,-5.608620,5.759200,6.902450,5.547310,9.422150,5.515000,-4.459000,4.564000,5.475000,4.357000,6.973000,371.000000,-2699.000000,-493.000000,299.000000,234.000000,636.000000
58,1743667106485919,7.118650,-5.765030,5.921790,7.118650,5.701250,9.824860,5.515000,-4.459000,4.564000,5.475000,4.357000,6.973000,371.000000,-2699.000000,-493.000000,299.000000,234.000000,636.000000
59,1743667106491413,7.334860,-5.921430,6.084390,7.334860,5.855180,10.232800,5.895000,-4.752000,4.886000,5.865000,4.595000,7.572000,623.000000,-2649.000000,-29.000000,148.000000,248.000000,646.000000
60,1743667106495968,7.551060,-6.077840,6.246980,7.551060,6.009120,10.645800,5.895000,-4.752000,4.886000,5.865000,4.595000,7.572000,623.000000,-2649.000000,-29.000000,148.000000,248.000000,646.000000
61,1743667106501656,7.767270,-6.234250,6.409580,7.767270,6.163060,11.063400,6.093000,-4.905000,5.044000,6.063000,4.807000,8.136000,540.000000,-2887.000000,-448.000000,507.000000,305.000000,737.000000
62,1743667106506087,7.983470,-6.390660,6.572170,7.983470,6.316990,11.485400,6.284000,-5.053000,5.187000,6.260000,4.864000,8.286000,582.000000,-3117.000000,-287.000000,91.000000,371.000000,345.000000
63,1743667106511800,8.199680,-6.547070,6.734770,8.199680,6.470930,11.911400,6.472000,-5.197000,5.346000,6.455000,5.108000,8.882000,667.000000,-3297.000000,-330.000000,383.000000,204.000000,494.000000
64,1743667106516218,8.415880,-6.703480,6.897360,8.415880,6.624860,12.341100,6.744000,-5.343000,5.494000,6.670000,5.251000,9.253000,604.000000,-2709.000000,-463.000000,213.000000,100.000000,624.000000
65,1743667106521817,8.632090,-6.859880,7.059960,8.632090,6.778800,12.774200,6.881000,-5.471000,5.641000,6.887000,5.405000,9.665000,718.000000,-3213.000000,-186.000000,291.000000,213.000000,478.000000
65,1743667106526358,8.632090,-6.859880,7.059960,8.632090,6.778800,12.774200,7.183000,-5.682000,5.846000,7.201000,5.568000,10.014000,506.000000,-2935.000000,-252.000000,103.000000,180.000000,700.000000
66,1743667106530849,8.848290,-7.016290,7.222550,8.848290,6.932740,13.210400,7.268000,-5.740000,5.905000,7.288000,5.707000,10.397000,483.000000,-2978.000000,-359.000000,210.000000,94.000000,561.000000
67,1743667106536591,9.064490,-7.172700,7.385150,9.064490,7.086670,13.649300,7.580000,-5.973000,6.138000,7.569000,5.874000,10.787000,604.000000,-2887.000000,33.000000,250.000000,282.000000,710.000000
68,1743667106541079,9.280700,-7.329110,7.547740,9.280700,7.240610,14.090800,7.772000,-6.112000,6.293000,7.757000,6.082000,11.365000,566.000000,-2895.000000,-211.000000,435.000000,202.000000,682.000000
69,1743667106546620,9.496900,-7.485520,7.710340,9.496900,7.394540,14.534400,7.960000,-6.260000,6.449000,7.955000,6.171000,11.593000,516.000000,-2562.000000,-315.000000,387.000000,184.000000,634.000000
70,1743667106551223,9.713110,-7.641920,7.872930,9.713110,7.548480,14.979800,8.109000,-6.362000,6.571000,8.127000,6.387000,12.197000,568.000000,-2623.000000,66.000000,259.000000,198.000000,528.000000
71,1743667106556830,9.929310,-7.798330,8.035530,9.929310,7.702420,15.426800,8.381000,-6.613000,6.767000,8.371000,6.508000,12.551000,491.000000,-2927.000000,-249.000000,521.000000,208.000000,685.000000
72,1743667106561375,10.145500,-7.954740,8.198120,10.145500,7.856350,15.875000,8.455000,-6.678000,6.898000,8.555000,6.650000,12.944000,616.000000,-2899.000000,-762.000000,229.000000,238.000000,712.000000
73,1743667106565882,10.361700,-8.111150,8.360720,10.361700,8.010290,16.324100,8.772000,-6.914000,7.132000,8.823000,6.756000,13.287000,578.000000,-2988.000000,-441.000000,524.000000,251.000000,737.000000
74,1743667106571639,10.577900,-8.267560,8.523310,10.577900,8.164220,16.773701,8.997000,-7.068000,7.288000,9.080000,6.921000,13.767000,561.000000,-2945.000000,-231.000000,128.000000,225.000000,609.000000
75,1743667106576352,10.794100,-8.423960,8.685910,10.794100,8.318160,17.223700,9.212000,-7.218000,7.448000,9.284000,7.023000,14.131000,485.000000,-2683.000000,-94.000000,410.000000,122.000000,438.000000
76,1743667106580967,11.010300,-8.580370,8.848500,11.010300,8.472100,17.673700,9.405000,-7.358000,7.605000,9.494000,7.224000,14.813000,516.000000,-2882.000000,-245.000000,88.000000,233.000000,586.000000
77,1743667106586779,11.226500,-8.736780,9.011100,11.226500,8.626030,18.123699,9.610000,-7.514000,7.756000,9.679000,7.367000,15.181000,553.000000,-2955.000000,-523.000000,453.000000,202.000000,600.000000
78,1743667106591538,11.442700,-8.893190,9.173690,11.442700,8.779970,18.573700,9.872000,-7.726000,7.939000,9.938000,7.514000,15.619000,620.000000,-3049.000000,-72.000000,161.000000,279.000000,425.000000
79,1743667106596280,11.658900,-9.049600,9.336290,11.658900,8.933900,19.023701,9.989000,-7.811000,8.024000,10.048000,7.672000,16.024000,568.000000,-3044.000000,-182.000000,494.000000,220.000000,652.000000
80,1743667106600896,11.875200,-9.206000,9.498890,11.875200,9.087840,19.473700,10.320000,-7.970000,8.208000,10.312000,7.833000,16.521999,459.000000,-2836.000000,-528.000000,150.000000,134.000000,399.000000
81,1743667106606775,12.091400,-9.362410,9.661480,12.091400,9.241780,19.923700,10.483000,-8.131000,8.377000,10.524000,8.009000,16.976999,477.000000,-2583.000000,-56.000000,498.000000,187.000000,599.000000
82,1743667106611605,12.307600,-9.518820,9.824080,12.307600,9.395710,20.373699,10.670000,-8.257000,8.487000,10.681000,8.166000,17.396000,445.000000,-2486.000000,-83.000000,234.000000,153.000000,312.000000
83,1743667106616169,12.523800,-9.675230,9.986670,12.523800,9.549650,20.823700,11.019000,-8.499000,8.741000,11.016000,8.285000,17.745001,424.000000,-2791.000000,-108.000000,357.000000,296.000000,751.000000
84,1743667106621813,12.740000,-9.831640,10.149300,12.740000,9.703580,21.273701,11.019000,-8.499000,8.741000,11.016000,8.285000,17.745001,424.000000,-2791.000000,-108.000000,357.000000,296.000000,751.000000
85,1743667106626277,12.956200,-9.988040,10.311900,12.956200,9.857520,21.723700,11.384000,-8.783000,9.061000,11.436000,8.576000,18.570000,293.000000,-2995.000000,-360.000000,339.000000,299.000000,523.000000
86,1743667106631862,13.172400,-10.144500,10.474500,13.172400,10.011500,22.173700,11.384000,-8.783000,9.061000,11.436000,8.576000,18.570000,293.000000,-2995.000000,-360.000000,339.000000,299.000000,523.000000
87,1743667106636168,13.388600,-10.300900,10.637100,13.388600,10.165400,22.623699,11.771000,-9.080000,9.375000,11.817000,8.868000,19.375000,652.000000,-3015.000000,-207.000000,343.000000,262.000000,497.000000
88,1743667106641511,13.604800,-10.457300,10.799600,13.604800,10.319300,23.073700,11.771000,-9.080000,9.375000,11.817000,8.868000,19.375000,652.000000,-3015.000000,-207.000000,343.000000,262.000000,497.000000
88,1743667106645844,13.604800,-10.457300,10.799600,13.604800,10.319300,23.073700,11.977000,-9.238000,9.536000,12.016000,9.092000,20.082001,443.000000,-2664.000000,-199.000000,382.000000,186.000000,435.000000
90,1743667106651340,14.037200,-10.770100,11.124800,14.037200,10.627200,23.973700,12.273000,-9.434000,9.761000,12.278000,9.247000,20.497000,516.000000,-2891.000000,58.000000,441.000000,141.000000,625.000000
91,1743667106657104,14.253400,-10.926500,11.287400,14.253400,10.781100,24.423700,12.358000,-9.494000,9.825000,12.359000,9.387000,20.945000,553.000000,-2953.000000,-107.000000,561.000000,255.000000,458.000000
91,1743667106661744,14.253400,-10.926500,11.287400,14.253400,10.781100,24.423700,12.689000,-9.729000,10.069000,12.700000,9.492000,21.233000,447.000000,-2947.000000,-316.000000,325.000000,36.000000,560.000000
92,1743667106666362,14.469600,-11.082900,11.450000,14.469600,10.935100,24.873699,12.903000,-9.784000,10.126000,12.781000,9.677000,21.735001,519.000000,-2984.000000,-219.000000,470.000000,208.000000,540.000000
93,1743667106671044,14.685800,-11.239300,11.612600,14.685800,11.089000,25.323700,13.113000,-10.029000,10.346000,13.138000,9.802000,22.052000,593.000000,-2723.000000,-222.000000,123.000000,148.000000,666.000000
94,1743667106676748,14.902000,-11.395700,11.775200,14.902000,11.242900,25.773701,13.329000,-10.185000,10.503000,13.349000,9.992000,22.580000,498.000000,-3146.000000,-400.000000,533.000000,143.000000,502.000000
95,1743667106681462,15.118200,-11.552100,11.937800,15.118200,11.396900,26.223700,13.518000,-10.345000,10.665000,13.573000,10.114000,22.910000,587.000000,-2800.000000,184.000000,47.000000,142.000000,596.000000
96,1743667106686064,15.334400,-11.708500,12.100400,15.334400,11.550800,26.673700,13.679000,-10.452000,10.791000,13.724000,10.366000,23.627001,553.000000,-2968.000000,-456.000000,466.000000,94.000000,619.000000
97,1743667106691676,15.550600,-11.864900,12.263000,15.550600,11.704800,27.123699,13.938000,-10.634000,10.982000,13.998000,10.519000,24.002001,412.000000,-2920.000000,-269.000000,113.000000,148.000000,545.000000
98,1743667106696348,15.766800,-12.021300,12.425600,15.766800,11.858700,27.573700,14.099000,-10.757000,11.110000,14.143000,10.659000,24.415001,557.000000,-2742.000000,-193.000000,254.000000,114.000000,548.000000
99,1743667106700941,15.983000,-12.177800,12.588200,15.983000,12.012600,28.023701,14.449000,-11.004000,11.354000,14.438000,10.778000,24.764999,325.000000,-2823.000000,-539.000000,146.000000,291.000000,707.000000
100,1743667106706692,16.199200,-12.334200,12.750800,16.199200,12.166600,28.473700,14.618000,-11.131000,11.487000,14.588000,10.931000,25.190001,467.000000,-2716.000000,74.000000,441.000000,125.000000,541.000000
101,1743667106711213,16.415400,-12.490600,12.913400,16.415400,12.320500,28.923700,14.849000,-11.307000,11.674000,14.849000,11.064000,25.636000,413.000000,-2789.000000,-636.000000,117.000000,137.000000,579.000000
102,1743667106715866,16.631599,-12.647000,13.076000,16.631599,12.474400,29.373699,14.999000,-11.412000,11.800000,14.997000,11.269000,26.313999,452.000000,-2935.000000,-85.000000,412.000000,230.000000,422.000000
103,1743667106721481,16.847900,-12.803400,13.238600,16.847900,12.628400,29.823700,15.200000,-11.582000,11.991000,15.268000,11.306000,26.471001,561.000000,-2516.000000,129.000000,172.000000,278.000000,539.000000
104,1743667106725982,17.064100,-12.959800,13.401200,17.064100,12.782300,30.273701,15.357000,-11.700000,12.120000,15.428000,11.545000,27.118999,661.000000,-2749.000000,-61.000000,264.000000,133.000000,515.000000
105,1743667106731553,17.280300,-13.116200,13.563800,17.280300,12.936200,30.723700,15.704000,-11.914000,12.319000,15.721000,11.648000,27.455999,466.000000,-2500.000000,-389.000000,214.000000,337.000000,618.000000
106,1743667106736115,17.496500,-13.272600,13.726400,17.496500,13.090200,31.173700,15.794000,-12.006000,12.400000,15.846000,11.824000,27.983999,372.000000,-2873.000000,-40.000000,180.000000,134.000000,562.000000
107,1743667106741924,17.712700,-13.429000,13.889000,17.712700,13.244100,31.623699,16.127001,-12.218000,12.605000,16.139999,11.949000,28.316999,431.000000,-3138.000000,-307.000000,345.000000,90.000000,523.000000
108,1743667106746350,17.928900,-13.585400,14.051600,17.928900,13.398000,32.073700,16.204000,-12.307000,12.715000,16.302999,12.144000,28.870001,423.000000,-2959.000000,-539.000000,178.000000,190.000000,592.000000
109,1743667106750826,18.145100,-13.741800,14.214100,18.145100,13.552000,32.523701,16.528000,-12.538000,12.935000,16.570999,12.234000,29.094999,456.000000,-2719.000000,-8.000000,313.000000,214.000000,504.000000
110,1743667106756395,18.361300,-13.898200,14.376700,18.361300,13.705900,32.973701,16.681000,-12.645000,13.064000,16.726000,12.491000,29.813999,495.000000,-2586.000000,-394.000000,301.000000,242.000000,655.000000
111,1743667106760956,18.577499,-14.054700,14.539300,18.577499,13.859900,33.423698,16.964001,-12.836000,13.242000,16.927999,12.575000,30.033001,534.000000,-2688.000000,-92.000000,551.000000,314.000000,505.000000
112,1743667106766373,18.793699,-14.211100,14.701900,18.793699,14.013800,33.873699,17.163000,-13.011000,13.435000,17.171000,12.763000,30.535000,549.000000,-2768.000000,-58.000000,334.000000,231.000000,679.000000
112,1743667106770711,18.793699,-14.211100,14.701900,18.793699,14.013800,33.873699,17.377001,-13.163000,13.601000,17.395000,12.948000,31.146000,510.000000,-2636.000000,-357.000000,537.000000,378.000000,680.000000
114,1743667106776122,19.226101,-14.523900,15.027100,19.226101,14.321700,34.773701,17.534000,-13.282000,13.733000,17.577999,13.081000,31.506001,343.000000,-2463.000000,-254.000000,126.000000,430.000000,403.000000
115,1743667106781541,19.442301,-14.680300,15.189700,19.442301,14.475600,35.223701,17.822001,-13.458000,13.923000,17.837000,13.260000,32.030998,482.000000,-2428.000000,-163.000000,580.000000,203.000000,587.000000
115,1743667106785850,19.442301,-14.680300,15.189700,19.442301,14.475600,35.223701,17.822001,-13.458000,13.923000,17.837000,13.260000,32.030998,482.000000,-2428.000000,-163.000000,580.000000,203.000000,587.000000
116,1743667106791242,19.658501,-14.836700,15.352300,19.658501,14.629500,35.673698,18.270000,-13.764000,14.234000,18.240000,13.539000,32.844002,572.000000,-2585.000000,95.000000,453.000000,274.000000,567.000000
117,1743667106796637,19.874701,-14.993100,15.514900,19.874701,14.783500,36.123699,18.455000,-13.901000,14.379000,18.448000,13.717000,33.353001,590.000000,-2803.000000,-305.000000,247.000000,180.000000,541.000000
118,1743667106801339,20.090900,-15.149500,15.677500,20.090900,14.937400,36.573700,18.455000,-13.901000,14.379000,18.448000,13.717000,33.353001,590.000000,-2803.000000,-305.000000,247.000000,180.000000,541.000000
119,1743667106805835,20.307100,-15.305900,15.840100,20.307100,15.091300,37.023701,18.844000,-14.182000,14.670000,18.841999,13.978000,34.131001,512.000000,-3113.000000,-9.000000,384.000000,177.000000,632.000000
120,1743667106811263,20.523300,-15.462300,16.002701,20.523300,15.245300,37.473701,18.844000,-14.182000,14.670000,18.841999,13.978000,34.131001,512.000000,-3113.000000,-9.000000,384.000000,177.000000,632.000000
121,1743667106816617,20.739500,-15.618700,16.165300,20.739500,15.399200,37.923698,19.187000,-14.416000,14.896000,19.132000,14.088000,34.505001,421.000000,-2839.000000,-388.000000,537.000000,213.000000,508.000000
122,1743667106820971,20.955700,-15.775100,16.327900,20.955700,15.553200,38.373699,19.351999,-14.537000,15.022000,19.325001,14.320000,35.091000,553.000000,-2944.000000,-252.000000,274.000000,282.000000,614.000000
123,1743667106826473,21.171900,-15.931500,16.490499,21.171900,15.707100,38.823700,19.614000,-14.723000,15.214000,19.563000,14.514000,35.583000,588.000000,-2872.000000,-273.000000,563.000000,144.000000,720.000000
124,1743667106831040,21.388100,-16.087999,16.653099,21.388100,15.861000,39.273701,19.774000,-14.834000,15.341000,19.736000,14.640000,35.943001,407.000000,-2836.000000,-364.000000,299.000000,79.000000,432.000000
125,1743667106836672,21.604401,-16.244400,16.815701,21.604401,16.014999,39.723701,20.007999,-15.019000,15.523000,19.981001,14.821000,36.463001,564.000000,-2652.000000,-72.000000,336.000000,330.000000,650.000000
126,1743667106841333,21.820601,-16.400801,16.978300,21.820601,16.168900,40.173698,20.148001,-15.143000,15.651000,20.146999,14.967000,36.909000,477.000000,-2247.000000,-64.000000,332.000000,129.000000,562.000000
127,1743667106846012,22.036800,-16.557199,17.140900,22.036800,16.322800,40.623699,20.471001,-15.390000,15.902000,20.452999,15.086000,37.202999,409.000000,-2176.000000,-155.000000,321.000000,274.000000,573.000000
128,1743667106850707,22.253000,-16.713600,17.303499,22.253000,16.476801,41.073700,20.555000,-15.457000,15.970000,20.545000,15.268000,37.723999,531.000000,-2244.000000,95.000000,473.000000,341.000000,654.000000
129,1743667106856555,22.469200,-16.870001,17.466101,22.469200,16.630699,41.523701,20.867001,-15.674000,16.202999,20.854000,15.372000,38.096001,470.000000,-2719.000000,-409.000000,402.000000,175.000000,497.000000
130,1743667106861177,22.685400,-17.026400,17.628599,22.685400,16.784599,41.973701,21.037001,-15.817000,16.365999,21.063999,15.563000,38.680000,422.000000,-2758.000000,-155.000000,370.000000,235.000000,562.000000
131,1743667106865895,22.901600,-17.182800,17.791201,22.901600,16.938601,42.423698,21.266001,-15.967000,16.534000,21.257999,15.684000,39.118999,440.000000,-2752.000000,-87.000000,324.000000,255.000000,614.000000
132,1743667106871583,23.117800,-17.339199,17.953800,23.117800,17.092501,42.873699,21.464001,-16.115999,16.695000,21.457001,15.858000,39.582001,474.000000,-2581.000000,-477.000000,570.000000,272.000000,623.000000
133,1743667106876253,23.334000,-17.495600,18.116400,23.334000,17.246401,43.323700,21.766001,-16.327999,16.857000,21.695000,15.927000,39.797001,259.000000,-3252.000000,-75.000000,245.000000,148.000000,309.000000
134,1743667106881915,23.550200,-17.652000,18.278999,23.550200,17.400400,43.773701,21.931999,-16.443001,17.004999,21.910000,16.139999,40.450001,594.000000,-3003.000000,-313.000000,565.000000,431.000000,493.000000
135,1743667106886471,23.766399,-17.808399,18.441601,23.766399,17.554300,44.223701,22.122999,-16.615000,17.160000,22.141001,16.281000,40.873001,426.000000,-2938.000000,-355.000000,103.000000,162.000000,633.000000
136,1743667106891031,23.982599,-17.964899,18.604200,23.982599,17.708300,44.673698,22.323999,-16.768999,17.315001,22.347000,16.483000,41.383999,360.000000,-3015.000000,-255.000000,569.000000,278.000000,582.000000
137,1743667106896794,24.198799,-18.121300,18.766800,24.198799,17.862200,45.123699,22.523001,-16.913000,17.471001,22.559000,16.608000,41.735001,567.000000,-2614.000000,50.000000,87.000000,309.000000,564.000000
138,1743667106901565,24.415001,-18.277700,18.929399,24.415001,18.016100,45.573700,22.825001,-17.118999,17.688999,22.749001,16.763000,42.164001,447.000000,-2449.000000,-208.000000,506.000000,277.000000,693.000000
138,1743667106906200,24.415001,-18.277700,18.929399,24.415001,18.016100,45.573700,23.056000,-17.274000,17.847000,23.061001,16.943001,42.629002,404.000000,-2250.000000,140.000000,98.000000,158.000000,580.000000
139,1743667106910770,24.631201,-18.434099,19.091999,24.631201,18.170099,46.023701,23.322001,-17.444000,18.041000,23.170000,17.142000,43.143002,470.000000,-2496.000000,-103.000000,355.000000,249.000000,590.000000
140,1743667106916521,24.847401,-18.590500,19.254601,24.847401,18.323999,46.473701,23.457001,-17.565001,18.155001,23.434999,17.202999,43.338001,390.000000,-2454.000000,-315.000000,153.000000,236.000000,662.000000
141,1743667106921303,25.063601,-18.746901,19.417200,25.063601,18.477900,46.923698,23.636999,-17.701000,18.301001,23.622999,17.469000,44.042000,679.000000,-2616.000000,-22.000000,512.000000,93.000000,678.000000
142,1743667106925970,25.279800,-18.903299,19.579800,25.279800,18.631901,47.373699,23.896000,-17.885000,18.490999,23.878000,17.568001,44.346001,417.000000,-2570.000000,-327.000000,79.000000,432.000000,371.000000
143,1743667106931777,25.496000,-19.059700,19.742399,25.496000,18.785801,47.823700,24.049000,-17.992001,18.604000,24.009001,17.761999,44.969002,301.000000,-2606.000000,-387.000000,447.000000,109.000000,480.000000
144,1743667106936516,25.712200,-19.216101,19.905001,25.712200,18.939699,48.273701,24.292999,-18.167000,18.801001,24.267000,17.892000,45.352001,512.000000,-2788.000000,58.000000,154.000000,314.000000,657.000000
145,1743667106941201,25.928400,-19.372499,20.067600,25.928400,19.093700,48.723701,24.483999,-18.323000,18.957001,24.469999,18.016001,45.757999,484.000000,-2902.000000,-429.000000,407.000000,187.000000,614.000000
146,1743667106945926,26.144600,-19.528900,20.230200,26.144600,19.247601,49.173698,24.826000,-18.551001,19.160000,24.787001,18.171000,46.209000,381.000000,-2928.000000,-17.000000,235.000000,206.000000,564.000000
147,1743667106951723,26.360800,-19.685301,20.392799,26.360800,19.401600,49.623699,24.826000,-18.551001,19.160000,24.787001,18.171000,46.209000,381.000000,-2928.000000,-17.000000,235.000000,206.000000,564.000000
148,1743667106956469,26.577101,-19.841801,20.555401,26.577101,19.555500,50.073700,25.245001,-18.830999,19.466999,25.237000,18.424999,47.040001,355.000000,-2698.000000,-350.000000,281.000000,207.000000,478.000000
149,1743667106961244,26.793301,-19.998199,20.718000,26.793301,19.709400,50.523701,25.458000,-18.987000,19.606001,25.412001,18.573000,47.459999,382.000000,-2472.000000,99.000000,487.000000,268.000000,612.000000
150,1743667106965934,27.009501,-20.154600,20.880600,27.009501,19.863400,50.973701,25.458000,-18.987000,19.606001,25.412001,18.573000,47.459999,382.000000,-2472.000000,99.000000,487.000000,268.000000,612.000000
151,1743667106971597,27.225700,-20.311001,21.043100,27.225700,20.017300,51.423698,25.695000,-19.179001,19.797001,25.642000,18.733999,47.919998,444.000000,-2495.000000,-132.000000,305.000000,181.000000,541.000000
152,1743667106976212,27.441900,-20.467400,21.205700,27.441900,20.171200,51.873699,25.872000,-19.302999,19.944000,25.811001,18.972000,48.555000,382.000000,-2525.000000,-49.000000,501.000000,261.000000,646.000000
153,1743667106980866,27.658100,-20.623800,21.368299,27.658100,20.325199,52.323700,26.059999,-19.469999,20.118000,26.044001,19.129000,49.000999,443.000000,-2384.000000,-60.000000,355.000000,105.000000,642.000000
154,1743667106986533,27.874300,-20.780199,21.530899,27.874300,20.479099,52.773701,26.278999,-19.631001,20.283001,26.256001,19.232000,49.318001,383.000000,-2501.000000,-87.000000,332.000000,309.000000,618.000000
155,1743667106991085,28.090500,-20.936600,21.693501,28.090500,20.632999,53.223701,26.507000,-19.799999,20.486000,26.527000,19.437000,49.777000,1013.000000,-2393.000000,714.000000,656.000000,248.000000,819.000000
156,1743667106996932,28.306700,-21.093000,21.856100,28.306700,20.787001,53.673698,26.688000,-19.922001,20.613001,26.695999,19.632999,50.365002,981.000000,-3070.000000,31.000000,208.000000,101.000000,726.000000
157,1743667107001493,28.522900,-21.249399,22.018700,28.522900,20.940901,54.123699,27.031000,-20.113001,20.827000,26.972000,19.750000,50.674999,341.000000,-2555.000000,-119.000000,363.000000,345.000000,634.000000
158,1743667107005915,28.739100,-21.405800,22.181299,28.739100,21.094801,54.573700,27.222000,-20.299999,21.032000,27.237000,19.926001,51.243999,426.000000,-2912.000000,-213.000000,377.000000,122.000000,616.000000
159,1743667107011707,28.955299,-21.562201,22.343901,28.955299,21.248800,55.023701,27.465000,-20.481001,21.232000,27.398001,20.094000,51.758999,426.000000,-2450.000000,-501.000000,387.000000,246.000000,629.000000
160,1743667107016242,29.171499,-21.718599,22.506500,29.171499,21.402700,55.473701,27.621000,-20.582001,21.336000,27.643999,20.264999,52.050999,338.000000,-2810.000000,-140.000000,285.000000,334.000000,567.000000
160,1743667107020883,29.171499,-21.718599,22.506500,29.171499,21.402700,55.473701,27.834999,-20.746000,21.504999,27.881001,20.403000,52.730999,509.000000,-2608.000000,-215.000000,453.000000,143.000000,619.000000
161,1743667107026377,29.387699,-21.875099,22.669100,29.387699,21.556700,55.923698,28.045000,-20.912001,21.669001,28.091999,20.488001,52.980999,360.000000,-2598.000000,-132.000000,191.000000,71.000000,614.000000
162,1743667107030846,29.603901,-22.031500,22.831699,29.603901,21.710600,56.373699,28.295000,-21.086000,21.834000,28.302999,20.650999,53.492001,224.000000,-2763.000000,-264.000000,324.000000,456.000000,591.000000
163,1743667107036341,29.820101,-22.187901,22.994301,29.820101,21.864500,56.823700,28.565001,-21.257999,22.018999,28.539000,20.827000,54.006001,415.000000,-2521.000000,21.000000,513.000000,213.000000,512.000000
164,1743667107041713,30.036301,-22.344299,23.156900,30.036301,22.018499,57.273701,28.759001,-21.416000,22.180000,28.749001,21.051001,54.457001,425.000000,-2545.000000,-110.000000,169.000000,437.000000,547.000000
165,1743667107046252,30.252501,-22.500700,23.319500,30.252501,22.172400,57.723701,28.976000,-21.586000,22.339001,28.958000,21.153999,54.882000,289.000000,-2364.000000,-35.000000,272.000000,284.000000,546.000000
166,1743667107051023,30.468700,-22.657101,23.482100,30.468700,22.326300,58.173698,29.174000,-21.746000,22.483000,29.160000,21.375000,55.320000,445.000000,-2232.000000,-80.000000,347.000000,177.000000,436.000000
167,1743667107056792,30.684900,-22.813499,23.644699,30.684900,22.480301,58.623699,29.371000,-21.906000,22.652000,29.358999,21.544001,55.951000,312.000000,-2402.000000,-91.000000,245.000000,395.000000,458.000000
168,1743667107061533,30.901100,-22.969900,23.807301,30.901100,22.634199,59.073700,29.582001,-22.082001,22.832001,29.615999,21.733000,56.424999,439.000000,-2435.000000,-67.000000,487.000000,286.000000,615.000000
169,1743667107066181,31.117300,-23.126301,23.969900,31.117300,22.788099,59.523701,29.796000,-22.228001,22.986000,29.837999,21.820999,56.708000,552.000000,-2537.000000,-112.000000,400.000000,251.000000,668.000000
170,1743667107071857,31.333599,-23.282700,24.132500,31.333599,22.942101,59.973701,30.018000,-22.375999,23.149000,30.046000,22.028000,57.306000,342.000000,-2186.000000,-167.000000,399.000000,595.000000,685.000000
171,1743667107076466,31.549801,-23.439100,24.295099,31.549801,23.096001,60.423698,30.270000,-22.538000,23.337000,30.271000,22.191000,57.618999,345.000000,-2347.000000,-83.000000,342.000000,92.000000,363.000000
172,1743667107080895,31.766001,-23.595501,24.457600,31.766001,23.250000,60.873699,30.556999,-22.723000,23.535999,30.535000,22.313000,58.146000,364.000000,-2411.000000,-155.000000,362.000000,228.000000,806.000000
173,1743667107086452,31.982201,-23.752001,24.620199,31.982201,23.403900,61.323700,30.791000,-22.868999,23.684999,30.757000,22.438000,58.581001,428.000000,-2758.000000,-3.000000,306.000000,314.000000,648.000000
174,1743667107091212,32.198399,-23.908400,24.782801,32.198399,23.557800,61.773701,31.003000,-23.024000,23.837000,30.841999,22.566999,59.042999,384.000000,-2774.000000,-346.000000,447.000000,177.000000,396.000000
175,1743667107096955,32.414600,-24.064800,24.945400,32.414600,23.711800,62.223701,31.239000,-23.193001,23.999001,31.107000,22.725000,59.509998,511.000000,-2771.000000,-210.000000,240.000000,307.000000,791.000000
176,1743667107101628,32.630798,-24.221201,25.108000,32.630798,23.865700,62.673698,31.239000,-23.193001,23.999001,31.107000,22.725000,59.509998,511.000000,-2771.000000,-210.000000,240.000000,307.000000,791.000000
177,1743667107106119,32.847000,-24.377600,25.270599,32.847000,24.019600,63.123699,31.455999,-23.351999,24.156000,31.403000,22.879000,59.959000,448.000000,-2312.000000,-56.000000,429.000000,347.000000,557.000000
178,1743667107111862,33.063202,-24.534000,25.433201,33.063202,24.173599,63.573700,31.676001,-23.509001,24.319000,31.604000,23.069000,60.608002,265.000000,-2809.000000,-187.000000,212.000000,323.000000,583.000000
179,1743667107116470,33.279400,-24.690399,25.595800,33.279400,24.327499,64.023697,31.966000,-23.676001,24.483000,31.816999,23.230000,61.015999,288.000000,-2518.000000,-222.000000,540.000000,246.000000,626.000000
180,1743667107121074,33.495602,-24.846800,25.758400,33.495602,24.481400,64.473701,32.103001,-23.825001,24.645000,32.044998,23.384001,61.449001,408.000000,-2457.000000,0.000000,217.000000,298.000000,518.000000
181,1743667107126747,33.711800,-25.003201,25.921000,33.711800,24.635401,64.923698,32.323002,-23.992001,24.806999,32.247002,23.546000,61.876999,456.000000,-2453.000000,-108.000000,530.000000,208.000000,712.000000
182,1743667107131422,33.928001,-25.159599,26.083599,33.928001,24.789301,65.373703,32.534000,-24.146999,24.989000,32.488998,23.733000,62.327999,250.000000,-2150.000000,351.000000,176.000000,354.000000,647.000000
182,1743667107135957,33.928001,-25.159599,26.083599,33.928001,24.789301,65.373703,32.762001,-24.302999,25.153000,32.707001,23.917999,62.840000,400.000000,-2229.000000,-294.000000,656.000000,181.000000,497.000000
184,1743667107141852,34.360401,-25.472401,26.408800,34.360401,25.097200,66.273697,32.979000,-24.487000,25.330999,32.917000,24.068001,63.351002,471.000000,-2177.000000,133.000000,134.000000,277.000000,589.000000
184,1743667107146480,34.360401,-25.472401,26.408800,34.360401,25.097200,66.273697,33.207001,-24.658001,25.537001,33.169998,24.165001,63.646999,437.000000,-2520.000000,48.000000,479.000000,341.000000,636.000000
185,1743667107151064,34.576599,-25.628799,26.571400,34.576599,25.251101,66.723701,33.416000,-24.809000,25.697001,33.382000,24.323000,64.068001,466.000000,-2286.000000,-281.000000,246.000000,327.000000,562.000000
186,1743667107156801,34.792801,-25.785299,26.733999,34.792801,25.405100,67.173698,33.611000,-24.955999,25.849001,33.606998,24.546000,64.720001,301.000000,-2571.000000,-18.000000,490.000000,284.000000,592.000000
187,1743667107161425,35.008999,-25.941700,26.896601,35.008999,25.559000,67.623703,33.784000,-25.073000,25.955000,33.758999,24.631001,65.058998,330.000000,-2583.000000,-179.000000,254.000000,177.000000,521.000000
188,1743667107165951,35.225201,-26.098101,27.059200,35.225201,25.712900,68.073700,34.037998,-25.254000,26.143000,33.999001,24.792000,65.570999,496.000000,-2633.000000,-165.000000,487.000000,397.000000,520.000000
189,1743667107171626,35.441399,-26.254499,27.221800,35.441399,25.866899,68.523697,34.299999,-25.440001,26.334999,34.273998,24.900999,65.879997,320.000000,-2906.000000,-274.000000,226.000000,265.000000,387.000000
190,1743667107176201,35.657600,-26.410900,27.384399,35.657600,26.020800,68.973701,34.529999,-25.606001,26.525999,34.514000,25.087999,66.388000,435.000000,-2723.000000,62.000000,481.000000,407.000000,685.000000
191,1743667107181899,35.873798,-26.567301,27.547001,35.873798,26.174700,69.423698,34.747002,-25.768999,26.679001,34.714001,25.247000,66.883003,469.000000,-2586.000000,-193.000000,384.000000,229.000000,652.000000
192,1743667107186475,36.090000,-26.723700,27.709600,36.090000,26.328699,69.873703,34.867001,-25.867001,26.775000,34.840000,25.400999,67.343002,425.000000,-2361.000000,-2.000000,591.000000,222.000000,407.000000
193,1743667107191055,36.306301,-26.880100,27.872101,36.306301,26.482599,70.323700,35.159000,-26.084000,26.993000,35.133999,25.549999,67.769997,400.000000,-2139.000000,206.000000,231.000000,425.000000,620.000000
194,1743667107196718,36.522499,-27.036501,28.034700,36.522499,26.636499,70.773697,35.314999,-26.179001,27.114000,35.284000,25.716000,68.247002,426.000000,-2039.000000,252.000000,483.000000,323.000000,628.000000
195,1743667107201214,36.738701,-27.192900,28.197300,36.738701,26.790501,71.223701,35.631001,-26.419001,27.341999,35.603001,25.917999,68.686996,414.000000,-1984.000000,-9.000000,224.000000,262.000000,551.000000
196,1743667107205793,36.954899,-27.349300,28.359900,36.954899,26.944401,71.673698,35.771999,-26.507999,27.459000,35.737000,26.093000,69.136002,341.000000,-2084.000000,133.000000,275.000000,253.000000,577.000000
197,1743667107211447,37.171101,-27.505699,28.522499,37.171101,27.098400,72.123703,36.088001,-26.718000,27.670000,36.013000,26.242001,69.592003,239.000000,-2218.000000,-209.000000,171.000000,295.000000,534.000000
198,1743667107215834,37.387299,-27.662201,28.685101,37.387299,27.252300,72.573700,36.307999,-26.871000,27.837999,36.241001,26.379000,70.013000,456.000000,-2441.000000,19.000000,514.000000,57.000000,554.000000
199,1743667107221612,37.603500,-27.818600,28.847700,37.603500,27.406200,73.023697,36.514999,-27.021999,27.978001,36.418999,26.507999,70.361000,245.000000,-1975.000000,-124.000000,314.000000,541.000000,510.000000
200,1743667107226001,37.819698,-27.975000,29.010300,37.819698,27.560200,73.473701,36.714001,-27.173000,28.143999,36.644001,26.666000,70.883003,182.000000,-2825.000000,-228.000000,506.000000,61.000000,654.000000
201,1743667107231551,38.035900,-28.131399,29.172899,38.035900,27.714100,73.923698,36.916000,-27.327000,28.299999,36.834999,26.844999,71.522003,467.000000,-2504.000000,-110.000000,403.000000,395.000000,646.000000
202,1743667107237038,38.252102,-28.287800,29.335501,38.252102,27.868000,74.373703,37.141998,-27.464001,28.461000,37.050999,26.978001,71.957001,320.000000,-2677.000000,-249.000000,528.000000,301.000000,496.000000
203,1743667107241635,38.468300,-28.444201,29.498100,38.468300,28.021999,74.823700,37.141998,-27.464001,28.461000,37.050999,26.978001,71.957001,320.000000,-2677.000000,-249.000000,528.000000,301.000000,496.000000
204,1743667107246182,38.684502,-28.600599,29.660700,38.684502,28.175900,75.273697,37.567001,-27.770000,28.773001,37.452000,27.261000,72.800003,290.000000,-2422.000000,63.000000,344.000000,350.000000,577.000000
205,1743667107251833,38.900700,-28.757000,29.823299,38.900700,28.329800,75.723701,37.567001,-27.770000,28.773001,37.452000,27.261000,72.800003,290.000000,-2422.000000,63.000000,344.000000,350.000000,577.000000
206,1743667107256421,39.116901,-28.913401,29.985901,39.116901,28.483801,76.173698,37.778999,-27.927000,28.938999,37.665001,27.415001,73.245003,369.000000,-2078.000000,17.000000,389.000000,289.000000,512.000000
206,1743667107260878,39.116901,-28.913401,29.985901,39.116901,28.483801,76.173698,38.084999,-28.132999,29.157000,37.979000,27.563999,73.696999,504.000000,-2013.000000,174.000000,477.000000,352.000000,628.000000
208,1743667107266522,39.549301,-29.226200,30.311100,39.549301,28.791599,77.073700,38.265999,-28.285000,29.319000,38.188000,27.764999,74.027000,360.000000,-2130.000000,66.000000,226.000000,331.000000,557.000000
208,1743667107271100,39.549301,-29.226200,30.311100,39.549301,28.791599,77.073700,38.465000,-28.434999,29.464001,38.390999,27.857000,74.519997,337.000000,-2113.000000,67.000000,368.000000,382.000000,522.000000
210,1743667107276790,39.981701,-29.539000,30.636299,39.981701,29.099501,77.973701,38.661999,-28.586000,29.621000,38.616001,27.997999,74.860001,425.000000,-2323.000000,-96.000000,530.000000,313.000000,493.000000
210,1743667107281434,39.981701,-29.539000,30.636299,39.981701,29.099501,77.973701,38.875999,-28.740000,29.781000,38.827999,28.267000,75.555000,369.000000,-2286.000000,161.000000,359.000000,420.000000,393.000000
211,1743667107286020,40.197899,-29.695499,30.798901,40.197899,29.253500,78.423698,39.096001,-28.879999,29.941000,39.036999,28.427000,76.013000,243.000000,-2129.000000,-68.000000,514.000000,254.000000,803.000000
212,1743667107291696,40.414101,-29.851900,30.961500,40.414101,29.407400,78.873703,39.266998,-29.003000,30.080000,39.196999,28.552000,76.461998,181.000000,-2601.000000,-7.000000,324.000000,313.000000,474.000000
213,1743667107296340,40.630299,-30.008301,31.124001,40.630299,29.561300,79.323700,39.549000,-29.222000,30.290001,39.467999,28.701000,76.758003,312.000000,-2517.000000,-377.000000,591.000000,319.000000,627.000000
214,1743667107300994,40.846500,-30.164700,31.286600,40.846500,29.715300,79.773697,39.807999,-29.402000,30.451000,39.710999,28.867001,77.269997,94.000000,-2514.000000,-65.000000,360.000000,218.000000,507.000000
215,1743667107306624,41.062698,-30.321100,31.449200,41.062698,29.869200,80.223701,39.964001,-29.523001,30.575001,39.866001,28.972000,77.623001,377.000000,-2309.000000,-154.000000,553.000000,239.000000,598.000000
216,1743667107311259,41.278999,-30.477501,31.611799,41.278999,30.023100,80.673698,40.198002,-29.712999,30.763000,40.125999,29.112000,78.163002,402.000000,-2281.000000,-3.000000,196.000000,234.000000,582.000000
217,1743667107316889,41.495201,-30.633900,31.774401,41.495201,30.177099,81.123703,40.381001,-29.854000,30.914000,40.340000,29.211000,78.530998,301.000000,-2230.000000,107.000000,587.000000,428.000000,551.000000
218,1743667107321507,41.711399,-30.790300,31.937000,41.711399,30.330999,81.573700,40.542000,-29.980000,31.047001,40.512001,29.436001,79.216003,400.000000,-1933.000000,213.000000,119.000000,181.000000,581.000000
219,1743667107325941,41.927601,-30.946699,32.099602,41.927601,30.484900,82.023697,40.799000,-30.167999,31.238001,40.768002,29.503000,79.347000,204.000000,-2046.000000,98.000000,595.000000,356.000000,406.000000
220,1743667107331557,42.143799,-31.103100,32.262199,42.143799,30.638901,82.473701,40.946999,-30.289000,31.363001,40.955002,29.750000,80.039001,362.000000,-1948.000000,117.000000,352.000000,276.000000,477.000000
221,1743667107336017,42.360001,-31.259501,32.424801,42.360001,30.792801,82.923698,41.248001,-30.499001,31.577000,41.195999,29.862000,80.380997,469.000000,-2126.000000,168.000000,589.000000,267.000000,664.000000
222,1743667107341742,42.576199,-31.415899,32.587399,42.576199,30.946800,83.373703,41.508999,-30.687000,31.778000,41.465000,30.040001,80.907997,206.000000,-2028.000000,-83.000000,247.000000,482.000000,490.000000
223,1743667107346284,42.792400,-31.572399,32.750000,42.792400,31.100700,83.823700,41.734001,-30.840000,31.938000,41.667999,30.172001,81.241997,311.000000,-2322.000000,37.000000,695.000000,414.000000,640.000000
224,1743667107351897,43.008598,-31.728800,32.912601,43.008598,31.254601,84.273697,41.896999,-30.943001,32.063999,41.816002,30.384001,81.856003,306.000000,-2177.000000,55.000000,150.000000,248.000000,574.000000
225,1743667107356380,43.224800,-31.885201,33.075199,43.224800,31.408600,84.723701,42.074001,-31.094999,32.231998,42.018002,30.528999,82.262001,231.000000,-2294.000000,-118.000000,608.000000,396.000000,505.000000
226,1743667107361948,43.441002,-32.041599,33.237801,43.441002,31.562500,85.173698,42.279999,-31.232000,32.365002,42.198002,30.705999,82.813004,420.000000,-2121.000000,-154.000000,262.000000,365.000000,577.000000
227,1743667107366542,43.657200,-32.198002,33.400398,43.657200,31.716400,85.623703,42.500999,-31.372000,32.511002,42.410999,30.818001,83.155998,276.000000,-2305.000000,33.000000,495.000000,133.000000,703.000000
228,1743667107371152,43.873402,-32.354401,33.563000,43.873402,31.870399,86.073700,42.806000,-31.584999,32.726002,42.712002,30.943001,83.558998,188.000000,-2134.000000,122.000000,247.000000,614.000000,576.000000
228,1743667107375795,43.873402,-32.354401,33.563000,43.873402,31.870399,86.073700,43.022999,-31.721001,32.882000,42.919998,31.083000,83.974998,262.000000,-2197.000000,41.000000,511.000000,190.000000,583.000000
230,1743667107381700,44.305801,-32.667198,33.888199,44.305801,32.178200,86.973701,43.264000,-31.905001,33.075001,43.194000,31.268999,84.523003,376.000000,-2133.000000,-54.000000,289.000000,490.000000,612.000000
231,1743667107386344,44.521999,-32.823601,34.050800,44.521999,32.332199,87.423698,43.480999,-32.058998,33.231998,43.396999,31.424999,84.917000,382.000000,-2235.000000,222.000000,551.000000,428.000000,619.000000
231,1743667107391075,44.521999,-32.823601,34.050800,44.521999,32.332199,87.423698,43.682999,-32.217999,33.387001,43.577999,31.589001,85.365997,271.000000,-2184.000000,77.000000,340.000000,298.000000,485.000000
233,1743667107396908,44.954399,-33.136398,34.375999,44.954399,32.639999,88.323700,43.901001,-32.382000,33.558998,43.806000,31.701000,85.694000,129.000000,-2034.000000,-66.000000,629.000000,237.000000,573.000000
234,1743667107401680,45.170601,-33.292801,34.538502,45.170601,32.793999,88.773697,43.901001,-32.382000,33.558998,43.806000,31.701000,85.694000,129.000000,-2034.000000,-66.000000,629.000000,237.000000,573.000000
234,1743667107406382,45.170601,-33.292801,34.538502,45.170601,32.793999,88.773697,44.313000,-32.695999,33.891998,44.222000,31.997000,86.554001,210.000000,-2183.000000,-85.000000,473.000000,462.000000,592.000000
235,1743667107411129,45.386799,-33.449200,34.701099,45.386799,32.947899,89.223701,44.483002,-32.817001,34.001999,44.382000,32.230999,87.205002,171.000000,-2181.000000,150.000000,635.000000,267.000000,609.000000
236,1743667107415761,45.603001,-33.605701,34.863701,45.603001,33.101898,89.673698,44.483002,-32.817001,34.001999,44.382000,32.230999,87.205002,171.000000,-2181.000000,150.000000,635.000000,267.000000,609.000000
237,1743667107421653,45.819199,-33.762100,35.026299,45.819199,33.255798,90.123703,44.734001,-32.993999,34.188999,44.637001,32.396999,87.746002,206.000000,-2203.000000,-256.000000,176.000000,346.000000,645.000000
238,1743667107426319,46.035500,-33.918499,35.188900,46.035500,33.409698,90.573700,45.036999,-33.111000,34.313000,44.794998,32.541000,88.172997,134.000000,-2062.000000,294.000000,583.000000,295.000000,616.000000
239,1743667107431037,46.251701,-34.074902,35.351501,46.251701,33.563702,91.023697,45.201000,-33.327999,34.539001,45.136002,32.662998,88.500999,281.000000,-2197.000000,165.000000,345.000000,387.000000,581.000000
240,1743667107436849,46.467899,-34.231300,35.514099,46.467899,33.717602,91.473701,45.421001,-33.402000,34.631001,45.238998,32.858002,88.992996,366.000000,-1971.000000,69.000000,547.000000,271.000000,658.000000
241,1743667107441630,46.684101,-34.387699,35.676701,46.684101,33.871498,91.923698,45.611000,-33.639999,34.868999,45.563000,32.993000,89.379997,304.000000,-2045.000000,255.000000,315.000000,360.000000,698.000000
242,1743667107446309,46.900299,-34.544102,35.839298,46.900299,34.025501,92.373703,45.688000,-33.695999,34.928001,45.644001,33.169998,89.873001,274.000000,-2133.000000,101.000000,495.000000,387.000000,438.000000
243,1743667107452022,47.116501,-34.700500,36.001900,47.116501,34.179401,92.823700,45.946999,-33.889999,35.125999,45.921001,33.277000,90.335999,379.000000,-2109.000000,278.000000,358.000000,295.000000,529.000000
244,1743667107456816,47.332699,-34.856899,36.164501,47.332699,34.333302,93.273697,46.244999,-34.097000,35.327999,46.187000,33.423000,90.766998,206.000000,-2178.000000,-83.000000,581.000000,501.000000,574.000000
245,1743667107461318,47.548901,-35.013302,36.327099,47.548901,34.487301,93.723701,46.452000,-34.254002,35.494999,46.381001,33.553001,91.126999,319.000000,-1815.000000,230.000000,187.000000,483.000000,569.000000
246,1743667107466077,47.765099,-35.169701,36.489700,47.765099,34.641201,94.173698,46.540001,-34.313000,35.577000,46.480999,33.769001,91.746002,262.000000,-2350.000000,170.000000,433.000000,437.000000,618.000000
247,1743667107471666,47.981300,-35.326099,36.652302,47.981300,34.795200,94.623703,46.862000,-34.553001,35.806999,46.783001,33.936001,92.223999,186.000000,-1982.000000,-37.000000,274.000000,223.000000,592.000000
248,1743667107476148,48.197498,-35.482601,36.814899,48.197498,34.949100,95.073700,47.032001,-34.664001,35.936001,46.960999,34.091000,92.651001,160.000000,-2048.000000,43.000000,501.000000,575.000000,695.000000
249,1743667107481851,48.413700,-35.639000,36.977501,48.413700,35.103001,95.523697,47.296001,-34.862999,36.145000,47.249001,34.243000,93.127998,229.000000,-1778.000000,135.000000,342.000000,344.000000,523.000000
250,1743667107486310,48.629902,-35.795399,37.140099,48.629902,35.257000,95.973701,47.432999,-34.984001,36.275002,47.417999,34.389000,93.499001,112.000000,-1803.000000,227.000000,462.000000,328.000000,607.000000
251,1743667107490917,48.846100,-35.951801,37.302700,48.846100,35.410900,96.423698,47.723999,-35.196999,36.480999,47.696999,34.508999,93.893997,282.000000,-1823.000000,378.000000,237.000000,489.000000,660.000000
252,1743667107496721,49.062302,-36.108200,37.465302,49.062302,35.564800,96.873703,47.949001,-35.354000,36.639999,47.904999,34.657001,94.342003,86.000000,-1753.000000,-83.000000,676.000000,366.000000,338.000000
253,1743667107501406,49.278500,-36.264599,37.627899,49.278500,35.718800,97.323700,48.160999,-35.500000,36.798000,48.099998,34.867001,94.925003,242.000000,-1887.000000,373.000000,351.000000,378.000000,491.000000
254,1743667107507025,49.494701,-36.421001,37.790501,49.494701,35.872700,97.773697,48.381001,-35.627998,36.951000,48.283001,34.953999,95.168999,224.000000,-1866.000000,58.000000,627.000000,417.000000,553.000000
255,1743667107511657,49.710899,-36.577400,37.952999,49.710899,36.026600,98.223701,48.605999,-35.773998,37.102001,48.506001,35.147999,95.803001,237.000000,-2139.000000,21.000000,396.000000,388.000000,493.000000
256,1743667107516178,49.927101,-36.733799,38.115601,49.927101,36.180599,98.673698,48.882000,-35.994999,37.252998,48.717999,35.311001,96.213997,321.000000,-2397.000000,-47.000000,430.000000,207.000000,527.000000
257,1743667107521817,50.143299,-36.890202,38.278198,50.143299,36.334499,99.123703,49.089001,-36.148998,37.459000,48.983002,35.438999,96.653999,314.000000,-2029.000000,-92.000000,407.000000,527.000000,670.000000
258,1743667107526380,50.359501,-37.046600,38.440800,50.359501,36.488400,99.573700,49.283001,-36.238998,37.557999,49.120998,35.571999,97.061996,237.000000,-2338.000000,-120.000000,247.000000,195.000000,657.000000
259,1743667107530896,50.575699,-37.202999,38.603401,50.575699,36.642399,100.024002,49.492001,-36.458000,37.786999,49.425999,35.728001,97.470001,341.000000,-2279.000000,18.000000,391.000000,493.000000,577.000000
260,1743667107536628,50.791901,-37.359402,38.765999,50.791901,36.796299,100.473999,49.710999,-36.594002,37.939999,49.650002,35.945000,98.101997,281.000000,-2018.000000,87.000000,495.000000,393.000000,332.000000
261,1743667107541339,51.008202,-37.515900,38.928600,51.008202,36.950298,100.924004,49.921001,-36.744999,38.091999,49.870998,36.081001,98.560997,127.000000,-1681.000000,87.000000,434.000000,379.000000,763.000000
262,1743667107546119,51.224400,-37.672298,39.091202,51.224400,37.104198,101.374001,50.112000,-36.894001,38.252998,50.063999,36.237000,98.782997,182.000000,-1791.000000,351.000000,249.000000,439.000000,322.000000
262,1743667107550827,51.224400,-37.672298,39.091202,51.224400,37.104198,101.374001,50.320999,-37.047001,38.404999,50.257999,36.403000,99.375999,181.000000,-1638.000000,12.000000,631.000000,496.000000,534.000000
264,1743667107556640,51.656799,-37.985100,39.416401,51.656799,37.412102,102.274002,50.618000,-37.198002,38.563999,50.479000,36.556999,99.806000,45.000000,-1526.000000,324.000000,299.000000,387.000000,602.000000
265,1743667107561330,51.873001,-38.141499,39.578999,51.873001,37.566002,102.723999,50.820999,-37.403999,38.780998,50.741001,36.709000,100.250000,273.000000,-1651.000000,394.000000,336.000000,353.000000,527.000000
265,1743667107565953,51.873001,-38.141499,39.578999,51.873001,37.566002,102.723999,51.004002,-37.542999,38.882999,50.862000,36.848999,100.696999,185.000000,-1746.000000,380.000000,185.000000,426.000000,578.000000
267,1743667107571622,52.305401,-38.454300,39.904202,52.305401,37.873901,103.624001,51.199001,-37.695000,39.110001,51.123001,36.986000,101.140999,191.000000,-1894.000000,155.000000,426.000000,410.000000,669.000000
267,1743667107576342,52.305401,-38.454300,39.904202,52.305401,37.873901,103.624001,51.199001,-37.695000,39.110001,51.123001,36.986000,101.140999,191.000000,-1894.000000,155.000000,426.000000,410.000000,669.000000
268,1743667107580869,52.521599,-38.610699,40.066799,52.521599,38.027802,104.073997,51.391998,-37.841999,39.262001,51.339001,37.206001,101.504997,278.000000,-1872.000000,-148.000000,362.000000,519.000000,645.000000
269,1743667107586655,52.737801,-38.767101,40.229401,52.737801,38.181702,104.524002,51.608002,-37.995998,39.394001,51.549000,37.359001,102.115997,180.000000,-2297.000000,122.000000,582.000000,257.000000,633.000000
270,1743667107591405,52.953999,-38.923500,40.391998,52.953999,38.335701,104.973999,51.896000,-38.152000,39.551998,51.763000,37.500999,102.560997,90.000000,-2110.000000,66.000000,283.000000,418.000000,334.000000
271,1743667107596124,53.170200,-39.079899,40.554600,53.170200,38.489601,105.424004,52.028999,-38.300999,39.708000,51.977001,37.634998,103.000000,271.000000,-2072.000000,-15.000000,606.000000,499.000000,809.000000
272,1743667107600819,53.386398,-39.236301,40.717201,53.386398,38.643600,105.874001,52.337002,-38.433998,39.862999,52.198002,37.785999,103.415001,322.000000,-1988.000000,109.000000,351.000000,405.000000,603.000000
273,1743667107606514,53.602600,-39.392799,40.879799,53.602600,38.797501,106.323997,52.530998,-38.652000,40.089001,52.488998,37.912998,103.838997,292.000000,-1980.000000,350.000000,517.000000,354.000000,593.000000
274,1743667107611150,53.818802,-39.549198,41.042400,53.818802,38.951401,106.774002,52.646999,-38.751999,40.185001,52.613998,38.066002,104.235001,316.000000,-1684.000000,159.000000,359.000000,424.000000,494.000000
275,1743667107616925,54.035000,-39.705601,41.205002,54.035000,39.105400,107.223999,52.923000,-38.966999,40.384998,52.868999,38.202999,104.695000,355.000000,-1446.000000,359.000000,671.000000,522.000000,580.000000
276,1743667107621676,54.251202,-39.862000,41.367500,54.251202,39.259300,107.674004,53.136002,-39.116001,40.547001,53.077000,38.348999,105.150002,257.000000,-1629.000000,405.000000,236.000000,472.000000,612.000000
277,1743667107626280,54.467400,-40.018398,41.530102,54.467400,39.413200,108.124001,53.398998,-39.296001,40.740002,53.321999,38.507999,105.595001,160.000000,-1660.000000,146.000000,643.000000,581.000000,674.000000
278,1743667107630821,54.683601,-40.174801,41.692699,54.683601,39.567200,108.573997,53.561001,-39.403000,40.865002,53.486000,38.665001,105.988998,9.000000,-1727.000000,251.000000,318.000000,523.000000,623.000000
279,1743667107636664,54.899799,-40.331200,41.855301,54.899799,39.721100,109.024002,53.798000,-39.578999,41.056999,53.723999,38.799000,106.418999,115.000000,-1840.000000,283.000000,713.000000,412.000000,542.000000
280,1743667107641301,55.116001,-40.487598,42.017899,55.116001,39.875000,109.473999,54.040001,-39.729000,41.222000,53.958000,38.985001,106.964996,243.000000,-1835.000000,-57.000000,303.000000,677.000000,622.000000
281,1743667107645901,55.332199,-40.644001,42.180500,55.332199,40.028999,109.924004,54.261002,-39.895000,41.375000,54.159000,39.208000,107.603996,119.000000,-2127.000000,55.000000,615.000000,388.000000,809.000000
282,1743667107651680,55.548401,-40.800400,42.343102,55.548401,40.182899,110.374001,54.422001,-40.014000,41.493999,54.337002,39.331001,107.928001,190.000000,-2028.000000,-42.000000,427.000000,276.000000,553.000000
283,1743667107656412,55.764702,-40.956799,42.505699,55.764702,40.336800,110.823997,54.655998,-40.194000,41.668999,54.588001,39.505001,108.178001,43.000000,-2015.000000,328.000000,458.000000,482.000000,684.000000
284,1743667107661016,55.980900,-41.113201,42.668301,55.980900,40.490799,111.274002,54.915001,-40.376999,41.853001,54.854000,39.611000,108.735001,295.000000,-1547.000000,157.000000,385.000000,500.000000,571.000000
285,1743667107666821,56.197102,-41.269699,42.830898,56.197102,40.644699,111.723999,55.139999,-40.535000,42.007000,55.070000,39.784000,109.234001,81.000000,-1842.000000,107.000000,600.000000,277.000000,490.000000
286,1743667107671559,56.413300,-41.426102,42.993500,56.413300,40.798698,112.174004,55.269001,-40.612000,42.101002,55.200001,39.957001,109.781998,23.000000,-1682.000000,408.000000,462.000000,685.000000,546.000000
287,1743667107676240,56.629501,-41.582500,43.156101,56.629501,40.952599,112.624001,55.520000,-40.814999,42.293999,55.430000,40.092999,110.203003,207.000000,-1354.000000,228.000000,376.000000,200.000000,540.000000
288,1743667107680880,56.845699,-41.738899,43.318699,56.845699,41.106499,113.073997,55.722000,-40.957001,42.458000,55.637001,40.287998,110.639000,322.000000,-1572.000000,412.000000,446.000000,651.000000,648.000000
289,1743667107686660,57.061901,-41.895302,43.481300,57.061901,41.260502,113.524002,56.035000,-41.174999,42.687000,55.945000,40.365002,110.944000,290.000000,-1395.000000,241.000000,489.000000,602.000000,545.000000
290,1743667107691275,57.278099,-42.051701,43.643902,57.278099,41.414398,113.973999,56.287998,-41.347000,42.867001,56.188000,40.560001,111.574997,110.000000,-1641.000000,37.000000,319.000000,321.000000,313.000000
291,1743667107697091,57.494301,-42.208099,43.806499,57.494301,41.568298,114.424004,56.509998,-41.521000,43.051998,56.412998,40.713001,112.026001,126.000000,-1834.000000,462.000000,561.000000,570.000000,781.000000
292,1743667107701865,57.710499,-42.364498,43.969101,57.710499,41.722301,114.874001,56.509998,-41.521000,43.051998,56.412998,40.713001,112.026001,126.000000,-1834.000000,462.000000,561.000000,570.000000,781.000000
293,1743667107706358,57.926701,-42.520901,44.131699,57.926701,41.876202,115.323997,56.891998,-41.803001,43.348000,56.780998,40.967999,112.724998,84.000000,-1817.000000,288.000000,621.000000,518.000000,681.000000
294,1743667107711106,58.142899,-42.677299,44.294300,58.142899,42.030102,115.774002,57.104000,-41.951000,43.509998,56.999001,41.205002,113.457001,77.000000,-1846.000000,87.000000,483.000000,470.000000,656.000000
294,1743667107715717,58.142899,-42.677299,44.294300,58.142899,42.030102,115.774002,57.104000,-41.951000,43.509998,56.999001,41.205002,113.457001,77.000000,-1846.000000,87.000000,483.000000,470.000000,656.000000
296,1743667107721602,58.575298,-42.990101,44.619499,58.575298,42.338001,116.674004,57.306000,-42.096001,43.661999,57.192001,41.348000,113.910004,110.000000,-1660.000000,285.000000,414.000000,431.000000,627.000000
297,1743667107726273,58.791500,-43.146500,44.782001,58.791500,42.492001,117.124001,57.605999,-42.201000,43.779999,57.361000,41.498001,114.348000,194.000000,-1759.000000,28.000000,691.000000,457.000000,459.000000
297,1743667107730988,58.791500,-43.146500,44.782001,58.791500,42.492001,117.124001,57.782001,-42.408001,43.997002,57.657001,41.612999,114.667999,-85.000000,-1804.000000,280.000000,368.000000,558.000000,623.000000
299,1743667107736670,59.223900,-43.459400,45.107201,59.223900,42.799801,118.024002,57.977001,-42.557999,44.151001,57.866001,41.820000,115.238998,238.000000,-1599.000000,422.000000,601.000000,254.000000,437.000000
299,1743667107741379,59.223900,-43.459400,45.107201,59.223900,42.799801,118.024002,58.208000,-42.742001,44.347000,58.150002,41.910999,115.508003,286.000000,-1481.000000,342.000000,217.000000,466.000000,503.000000
300,1743667107745886,59.440102,-43.615799,45.269798,59.440102,42.953800,118.473999,58.367001,-42.863998,44.457001,58.271999,42.139000,116.226997,72.000000,-1627.000000,583.000000,583.000000,602.000000,671.000000
301,1743667107751692,59.656300,-43.772202,45.432400,59.656300,43.107700,118.924004,58.616001,-43.051998,44.648998,58.547001,42.193001,116.417000,219.000000,-1540.000000,90.000000,369.000000,466.000000,624.000000
302,1743667107756444,59.872501,-43.928600,45.595001,59.872501,43.261600,119.374001,58.779999,-43.162998,44.777000,58.712002,42.449001,117.070999,19.000000,-1682.000000,333.000000,563.000000,586.000000,585.000000
303,1743667107761134,60.088699,-44.084999,45.757599,60.088699,43.415600,119.823997,59.068001,-43.387001,45.005001,58.998001,42.561001,117.382004,129.000000,-1559.000000,359.000000,235.000000,443.000000,557.000000
304,1743667107765901,60.304901,-44.241402,45.920200,60.304901,43.569500,120.274002,59.252998,-43.541000,45.166000,59.209000,42.775002,117.995003,265.000000,-1602.000000,126.000000,692.000000,564.000000,562.000000
305,1743667107771593,60.521099,-44.397800,46.082802,60.521099,43.723400,120.723999,59.466999,-43.695000,45.310001,59.400002,42.869999,118.273003,-36.000000,-1704.000000,252.000000,281.000000,565.000000,507.000000
306,1743667107776221,60.737400,-44.554199,46.245399,60.737400,43.877399,121.174004,59.681000,-43.845001,45.458000,59.594002,43.089001,118.899002,180.000000,-1653.000000,225.000000,646.000000,567.000000,468.000000
307,1743667107780847,60.953602,-44.710602,46.408001,60.953602,44.031300,121.624001,59.918999,-44.028999,45.646000,59.848000,43.191002,119.134003,164.000000,-1380.000000,96.000000,161.000000,393.000000,601.000000
308,1743667107786611,61.169800,-44.867001,46.570599,61.169800,44.185200,122.073997,60.080002,-44.136002,45.773998,59.990002,43.430000,119.814003,163.000000,-1669.000000,741.000000,588.000000,421.000000,531.000000
309,1743667107791368,61.386002,-45.023399,46.733200,61.386002,44.339199,122.524002,60.356998,-44.340000,45.990002,60.305000,43.520000,120.138000,358.000000,-1332.000000,89.000000,364.000000,502.000000,588.000000
310,1743667107796018,61.602200,-45.179901,46.895802,61.602200,44.493099,122.973999,60.577000,-44.490002,46.134998,60.540001,43.669998,120.584999,50.000000,-1613.000000,263.000000,492.000000,407.000000,413.000000
311,1743667107801909,61.818401,-45.336300,47.058399,61.818401,44.647099,123.424004,60.790001,-44.640999,46.275002,60.737000,43.816002,121.046997,48.000000,-1633.000000,327.000000,303.000000,425.000000,735.000000
312,1743667107806452,62.034599,-45.492699,47.221001,62.034599,44.800999,123.874001,61.007999,-44.789001,46.428001,60.945000,44.015999,121.607002,58.000000,-1561.000000,151.000000,551.000000,424.000000,614.000000
313,1743667107810787,62.250801,-45.649101,47.383598,62.250801,44.954899,124.323997,61.222000,-44.943001,46.585999,61.158001,44.111000,121.892998,157.000000,-1800.000000,467.000000,366.000000,625.000000,574.000000
314,1743667107816140,62.466999,-45.805500,47.546200,62.466999,45.108898,124.774002,61.438999,-45.081001,46.745998,61.372002,44.321999,122.509003,-5.000000,-1608.000000,105.000000,646.000000,293.000000,502.000000
315,1743667107821435,62.683201,-45.961899,47.708801,62.683201,45.262798,125.223999,61.619999,-45.237000,46.907001,61.588001,44.445999,122.902000,-4.000000,-1781.000000,194.000000,432.000000,581.000000,678.000000
316,1743667107826761,62.899399,-46.118301,47.871399,62.899399,45.416698,125.674004,61.886002,-45.449001,47.133999,61.837002,44.592999,123.348000,-21.000000,-1375.000000,399.000000,618.000000,309.000000,496.000000
317,1743667107830998,63.115601,-46.274700,48.034000,63.115601,45.570702,126.124001,62.085999,-45.601002,47.278999,62.046001,44.755001,123.758003,168.000000,-1476.000000,313.000000,317.000000,636.000000,602.000000
318,1743667107836365,63.331799,-46.431099,48.196499,63.331799,45.724602,126.573997,62.292999,-45.750999,47.437000,62.250999,44.910000,124.193001,62.000000,-1262.000000,353.000000,540.000000,563.000000,477.000000
319,1743667107841741,63.548000,-46.587502,48.359100,63.548000,45.878502,127.024002,62.493999,-45.907001,47.602001,62.455002,45.060001,124.638000,101.000000,-1377.000000,388.000000,322.000000,391.000000,607.000000
320,1743667107846067,63.764198,-46.743900,48.521702,63.764198,46.032501,127.473999,62.707001,-46.042000,47.759998,62.659000,45.271000,125.249001,105.000000,-1346.000000,354.000000,508.000000,520.000000,692.000000
321,1743667107851819,63.980400,-46.900299,48.684299,63.980400,46.186401,127.924004,62.902000,-46.187000,47.917999,62.909000,45.419998,125.635002,101.000000,-1278.000000,330.000000,412.000000,452.000000,355.000000
322,1743667107856571,64.196602,-47.056702,48.846901,64.196602,46.340401,128.373993,62.902000,-46.187000,47.917999,62.909000,45.419998,125.635002,101.000000,-1278.000000,330.000000,412.000000,452.000000,355.000000
323,1743667107861010,64.412804,-47.213200,49.009499,64.412804,46.494301,128.824005,63.348999,-46.487999,48.219002,63.273998,45.712002,126.480003,37.000000,-1532.000000,104.000000,491.000000,375.000000,612.000000
324,1743667107866547,64.628998,-47.369598,49.172100,64.628998,46.648201,129.274002,63.348999,-46.487999,48.219002,63.273998,45.712002,126.480003,37.000000,-1532.000000,104.000000,491.000000,375.000000,612.000000
325,1743667107871299,64.845200,-47.526001,49.334702,64.845200,46.802200,129.723999,63.639000,-46.700001,48.431000,63.573002,45.845001,126.932999,95.000000,-1532.000000,335.000000,462.000000,429.000000,506.000000
326,1743667107876895,65.061401,-47.682400,49.497299,65.061401,46.956100,130.173996,63.853001,-46.838001,48.588001,63.783001,45.991001,127.389000,103.000000,-1756.000000,297.000000,521.000000,580.000000,594.000000
327,1743667107881675,65.277603,-47.838799,49.659901,65.277603,47.110001,130.623993,64.068001,-46.993999,48.747002,63.983002,46.145000,127.823997,20.000000,-1809.000000,125.000000,373.000000,622.000000,528.000000
328,1743667107886355,65.493797,-47.995201,49.822498,65.493797,47.264000,131.074005,64.257004,-47.145000,48.902000,64.180000,46.284000,128.195999,-124.000000,-1679.000000,337.000000,509.000000,488.000000,549.000000
329,1743667107890856,65.710098,-48.151600,49.985100,65.710098,47.417900,131.524002,64.459000,-47.299999,49.057999,64.385002,46.480999,128.791000,90.000000,-1653.000000,371.000000,363.000000,562.000000,455.000000
330,1743667107896691,65.926300,-48.307999,50.147701,65.926300,47.571800,131.973999,64.676003,-47.449001,49.195999,64.565002,46.618999,129.231995,134.000000,-1495.000000,320.000000,514.000000,647.000000,616.000000
331,1743667107901326,66.142502,-48.464401,50.310299,66.142502,47.725800,132.423996,64.984001,-47.660999,49.408001,64.870003,46.770000,129.671997,-279.000000,-1128.000000,461.000000,407.000000,438.000000,557.000000
331,1743667107905949,66.142502,-48.464401,50.310299,66.142502,47.725800,132.423996,65.113998,-47.737999,49.502998,65.007004,46.925999,130.113007,50.000000,-1275.000000,499.000000,513.000000,577.000000,443.000000
333,1743667107911640,66.574898,-48.777199,50.635502,66.574898,48.033600,133.324005,65.385002,-47.952000,49.721001,65.309998,47.085999,130.505997,90.000000,-1080.000000,433.000000,251.000000,471.000000,637.000000
333,1743667107916392,66.574898,-48.777199,50.635502,66.574898,48.033600,133.324005,65.556000,-48.095001,49.882999,65.503998,47.213001,130.921005,47.000000,-1115.000000,631.000000,525.000000,534.000000,619.000000
334,1743667107921004,66.791100,-48.933601,50.798100,66.791100,48.187599,133.774002,65.761002,-48.242001,50.030998,65.700996,47.425999,131.535995,254.000000,-1142.000000,566.000000,351.000000,473.000000,546.000000
335,1743667107925788,67.007301,-49.090099,50.960701,67.007301,48.341499,134.223999,66.014999,-48.422001,50.224998,65.963997,47.523998,131.802002,-38.000000,-1378.000000,432.000000,481.000000,582.000000,666.000000
336,1743667107931500,67.223503,-49.246498,51.123299,67.223503,48.495499,134.673996,66.177002,-48.543999,50.354000,66.121002,47.763000,132.507004,63.000000,-1319.000000,340.000000,334.000000,412.000000,692.000000
337,1743667107935935,67.439697,-49.402901,51.285900,67.439697,48.649399,135.123993,66.523003,-48.764999,50.546001,66.360001,47.910999,132.929993,155.000000,-1789.000000,295.000000,645.000000,538.000000,677.000000
338,1743667107941355,67.655899,-49.559299,51.448502,67.655899,48.803299,135.574005,66.657997,-48.853001,50.701000,66.579002,48.041000,133.389008,60.000000,-1729.000000,319.000000,412.000000,622.000000,548.000000
339,1743667107946763,67.872101,-49.715698,51.611000,67.872101,48.957298,136.024002,66.946999,-49.067001,50.917999,66.873001,48.195000,133.794006,80.000000,-1737.000000,275.000000,605.000000,492.000000,619.000000
340,1743667107951170,68.088303,-49.872101,51.773602,68.088303,49.111198,136.473999,67.067001,-49.161999,51.012001,66.996002,48.363998,134.229004,136.000000,-1650.000000,273.000000,451.000000,468.000000,682.000000
341,1743667107955841,68.304497,-50.028500,51.936199,68.304497,49.265099,136.923996,67.362000,-49.375999,51.219002,67.300003,48.506001,134.662003,71.000000,-1388.000000,481.000000,579.000000,464.000000,358.000000
342,1743667107961647,68.520699,-50.184898,52.098801,68.520699,49.419102,137.373993,67.574997,-49.530998,51.380001,67.513000,48.729000,135.266998,139.000000,-1394.000000,555.000000,287.000000,574.000000,518.000000
343,1743667107966120,68.736900,-50.341301,52.261398,68.736900,49.573002,137.824005,67.574997,-49.530998,51.380001,67.513000,48.729000,135.266998,139.000000,-1394.000000,555.000000,287.000000,574.000000,518.000000
344,1743667107971576,68.953102,-50.497700,52.424000,68.953102,49.726898,138.274002,67.997002,-49.825001,51.693001,67.919998,48.997002,136.164001,-173.000000,-1075.000000,423.000000,229.000000,572.000000,475.000000
345,1743667107976348,69.169296,-50.654099,52.586601,69.169296,49.880901,138.723999,67.997002,-49.825001,51.693001,67.919998,48.997002,136.164001,-173.000000,-1075.000000,423.000000,229.000000,572.000000,475.000000
346,1743667107980838,69.385498,-50.810501,52.749199,69.385498,50.034801,139.173996,68.273003,-50.035000,51.914001,68.130997,49.145000,136.567993,-11.000000,-1115.000000,374.000000,536.000000,469.000000,601.000000
347,1743667107986471,69.601700,-50.966900,52.911800,69.601700,50.188801,139.623993,68.481003,-50.191002,52.064999,68.403000,49.300999,136.979996,-153.000000,-1358.000000,646.000000,233.000000,714.000000,667.000000
348,1743667107991254,69.817902,-51.123402,53.074402,69.817902,50.342701,140.074005,68.693001,-50.344002,52.223000,68.593002,49.512001,137.589996,93.000000,-1261.000000,351.000000,598.000000,357.000000,484.000000
349,1743667107995743,70.034103,-51.279800,53.237000,70.034103,50.496601,140.524002,68.928001,-50.530998,52.412998,68.843002,49.599998,137.850006,6.000000,-1219.000000,489.000000,259.000000,554.000000,527.000000
350,1743667108001568,70.250298,-51.436199,53.399601,70.250298,50.650600,140.973999,69.125000,-50.683998,52.580002,69.050003,49.779999,138.406998,-12.000000,-1556.000000,561.000000,527.000000,710.000000,529.000000
351,1743667108006198,70.466599,-51.592602,53.562199,70.466599,50.804501,141.423996,69.347000,-50.847000,52.757000,69.290001,49.905998,138.766006,184.000000,-1380.000000,-13.000000,362.000000,611.000000,639.000000
352,1743667108010837,70.682800,-51.749001,53.724800,70.682800,50.958401,141.873993,69.519997,-50.960999,52.877998,69.484001,50.074001,139.242996,13.000000,-1376.000000,493.000000,581.000000,516.000000,448.000000
353,1743667108016726,70.899002,-51.905399,53.887402,70.899002,51.112400,142.324005,69.755997,-51.126999,53.036999,69.726997,50.230000,139.701996,67.000000,-1246.000000,348.000000,355.000000,497.000000,527.000000
354,1743667108021382,71.115196,-52.061798,54.049999,71.115196,51.266300,142.774002,69.996002,-51.299999,53.212002,69.946999,50.395000,140.197006,169.000000,-1539.000000,593.000000,494.000000,640.000000,578.000000
355,1743667108026001,71.331398,-52.218201,54.212601,71.331398,51.420200,143.223999,70.153000,-51.409000,53.345001,70.123001,50.574001,140.688995,-29.000000,-1218.000000,510.000000,344.000000,472.000000,550.000000
356,1743667108032919,71.547600,-52.374599,54.375198,71.547600,51.574200,143.673996,70.383003,-51.560001,53.500000,70.336998,50.759998,141.214996,136.000000,-1003.000000,535.000000,599.000000,449.000000,488.000000
357,1743667108037636,71.763802,-52.530998,54.537800,71.763802,51.728100,144.123993,70.658997,-51.764000,53.703999,70.599998,50.821999,141.436005,110.000000,-1160.000000,548.000000,339.000000,339.000000,635.000000
358,1743667108042303,71.980003,-52.687401,54.700401,71.980003,51.882000,144.574005,70.871002,-51.928001,53.849998,70.768997,51.008999,141.936996,-31.000000,-1104.000000,689.000000,489.000000,539.000000,623.000000
359,1743667108047029,72.196198,-52.843800,54.862999,72.196198,52.035999,145.024002,71.124001,-52.115002,54.057999,71.051003,51.159000,142.378006,-74.000000,-1274.000000,583.000000,376.000000,644.000000,546.000000
360,1743667108052799,72.412399,-53.000301,55.025501,72.412399,52.189899,145.473999,71.293999,-52.237000,54.172001,71.195999,51.310001,142.826996,-92.000000,-842.000000,418.000000,432.000000,432.000000,626.000000
361,1743667108057559,72.628601,-53.156700,55.188099,72.628601,52.343899,145.923996,71.574997,-52.395000,54.339001,71.402000,51.527000,143.449005,-244.000000,-1451.000000,524.000000,427.000000,594.000000,836.000000
362,1743667108062191,72.844803,-53.313099,55.350700,72.844803,52.497799,146.373993,71.769997,-52.595001,54.555000,71.698997,51.716000,143.783005,26.000000,-1255.000000,478.000000,667.000000,587.000000,579.000000
363,1743667108068058,73.060997,-53.469501,55.513302,73.060997,52.651699,146.824005,72.032997,-52.771000,54.737999,71.982002,51.813999,144.283005,-105.000000,-1239.000000,447.000000,220.000000,605.000000,481.000000
364,1743667108072741,73.277199,-53.625900,55.675900,73.277199,52.805698,147.274002,72.299004,-52.953999,54.941002,72.097000,52.021000,144.912003,59.000000,-1225.000000,442.000000,395.000000,488.000000,597.000000
365,1743667108077461,73.493401,-53.782299,55.838501,73.493401,52.959599,147.723999,72.474998,-53.077000,55.070999,72.413002,52.098999,145.132996,-14.000000,-1384.000000,444.000000,285.000000,724.000000,542.000000
366,1743667108081983,73.709602,-53.938702,56.001099,73.709602,53.113499,148.173996,72.602997,-53.167999,55.165001,72.541000,52.327000,145.837006,55.000000,-1166.000000,435.000000,460.000000,361.000000,497.000000
367,1743667108087792,73.925797,-54.095100,56.163700,73.925797,53.267502,148.623993,72.850998,-53.356998,55.358002,72.820999,52.463001,146.248001,77.000000,-1107.000000,283.000000,386.000000,566.000000,582.000000
368,1743667108092526,74.141998,-54.251499,56.326302,74.141998,53.421398,149.074005,72.850998,-53.356998,55.358002,72.820999,52.463001,146.248001,77.000000,-1107.000000,283.000000,386.000000,566.000000,582.000000
369,1743667108097254,74.358200,-54.407902,56.488899,74.358200,53.575298,149.524002,73.314003,-53.673000,55.703999,73.240997,52.792000,147.209000,-51.000000,-1306.000000,781.000000,148.000000,508.000000,606.000000
370,1743667108102016,74.574402,-54.564301,56.651501,74.574402,53.729301,149.973999,73.314003,-53.673000,55.703999,73.240997,52.792000,147.209000,-51.000000,-1306.000000,781.000000,148.000000,508.000000,606.000000
371,1743667108107809,74.790604,-54.720699,56.814098,74.790604,53.883202,150.423996,73.589996,-53.886002,55.923000,73.500999,52.936001,147.647003,96.000000,-1155.000000,472.000000,562.000000,540.000000,673.000000
372,1743667108112505,75.006798,-54.877102,56.976700,75.006798,54.037102,150.873993,73.813004,-54.040001,56.084999,73.710999,53.090000,148.074997,-133.000000,-1190.000000,378.000000,263.000000,559.000000,422.000000
373,1743667108117165,75.223000,-55.033600,57.139301,75.223000,54.191101,151.324005,74.036003,-54.192001,56.243000,73.944000,53.311001,148.671997,66.000000,-1232.000000,571.000000,565.000000,435.000000,535.000000
373,1743667108121908,75.223000,-55.033600,57.139301,75.223000,54.191101,151.324005,74.265999,-54.362999,56.335999,74.089996,53.398998,148.949005,25.000000,-1288.000000,236.000000,362.000000,750.000000,625.000000
375,1743667108127697,75.655502,-55.346401,57.464500,75.655502,54.499001,152.223999,74.469002,-54.514999,56.576000,74.384003,53.569000,149.453003,-135.000000,-1110.000000,661.000000,352.000000,353.000000,596.000000
375,1743667108132428,75.655502,-55.346401,57.464500,75.655502,54.499001,152.223999,74.679001,-54.669998,56.740002,74.612000,53.798000,150.072998,81.000000,-1244.000000,606.000000,340.000000,654.000000,591.000000
376,1743667108137025,75.871696,-55.502800,57.627102,75.871696,54.652901,152.673996,74.899002,-54.824001,56.894001,74.830002,53.891998,150.341995,-24.000000,-1049.000000,331.000000,569.000000,614.000000,541.000000
377,1743667108141707,76.087898,-55.659199,57.789700,76.087898,54.806801,153.123993,75.105003,-54.980999,57.063999,75.060997,54.043999,150.744003,-136.000000,-1188.000000,564.000000,377.000000,343.000000,636.000000
378,1743667108147545,76.304100,-55.815601,57.952301,76.304100,54.960800,153.574005,75.320000,-55.136002,57.221001,75.261002,54.189999,151.246002,96.000000,-1011.000000,388.000000,453.000000,488.000000,452.000000
379,1743667108152269,76.520302,-55.972000,58.114899,76.520302,55.114700,154.024002,75.591003,-55.300999,57.388000,75.495003,54.367001,151.703995,-3.000000,-1063.000000,855.000000,377.000000,738.000000,728.000000
380,1743667108156904,76.736504,-56.128399,58.277500,76.736504,55.268600,154.473999,75.753998,-55.409000,57.499001,75.638000,54.541000,152.274994,-221.000000,-980.000000,445.000000,356.000000,471.000000,571.000000
381,1743667108162727,76.952698,-56.284801,58.439999,76.952698,55.422600,154.923996,75.991997,-55.608002,57.669998,75.885002,54.695000,152.697998,-47.000000,-1015.000000,527.000000,548.000000,480.000000,416.000000
382,1743667108167270,77.168900,-56.441200,58.602600,77.168900,55.576500,155.373993,76.286003,-55.834999,57.889000,76.182999,54.832001,153.141006,-170.000000,-754.000000,606.000000,482.000000,607.000000,616.000000
383,1743667108171802,77.385101,-56.597599,58.765202,77.385101,55.730400,155.824005,76.492996,-55.967999,57.985001,76.316002,54.986000,153.580994,-129.000000,-1283.000000,700.000000,472.000000,542.000000,499.000000
384,1743667108177603,77.601303,-56.754002,58.927799,77.601303,55.884399,156.274002,76.695000,-56.122002,58.216000,76.586998,55.122002,154.029007,78.000000,-1084.000000,576.000000,459.000000,603.000000,563.000000
385,1743667108182137,77.817497,-56.910500,59.090401,77.817497,56.038300,156.723999,76.825996,-56.244999,58.335999,76.724998,55.301998,154.518005,-178.000000,-1077.000000,703.000000,408.000000,474.000000,572.000000
386,1743667108187805,78.033699,-57.066898,59.252998,78.033699,56.192299,157.173996,77.128998,-56.414001,58.508999,76.977997,55.473999,154.992996,74.000000,-1122.000000,534.000000,435.000000,572.000000,674.000000
387,1743667108192390,78.249901,-57.223301,59.415600,78.249901,56.346199,157.623993,77.362000,-56.615002,58.741001,77.220001,55.636002,155.501007,-68.000000,-1116.000000,650.000000,361.000000,539.000000,559.000000
388,1743667108197080,78.466103,-57.379700,59.578201,78.466103,56.500099,158.074005,77.556000,-56.765999,58.908001,77.512001,55.773998,155.901001,-69.000000,-989.000000,735.000000,441.000000,502.000000,515.000000
389,1743667108201789,78.682297,-57.536098,59.740799,78.682297,56.654099,158.524002,77.761002,-56.917000,59.047001,77.691002,55.943001,156.348999,14.000000,-983.000000,709.000000,227.000000,545.000000,603.000000
390,1743667108207218,78.898499,-57.692501,59.903400,78.898499,56.807999,158.973999,77.969002,-57.069000,59.208000,77.902000,56.098000,156.776001,-12.000000,-1012.000000,455.000000,473.000000,352.000000,632.000000
391,1743667108211859,79.114700,-57.848900,60.066002,79.114700,56.961899,159.423996,78.178001,-57.223000,59.370998,78.114998,56.306000,157.371994,-65.000000,-817.000000,523.000000,237.000000,661.000000,636.000000
392,1743667108217585,79.330902,-58.005299,60.228600,79.330902,57.115898,159.873993,78.178001,-57.223000,59.370998,78.114998,56.306000,157.371994,-65.000000,-817.000000,523.000000,237.000000,661.000000,636.000000
393,1743667108222190,79.547096,-58.161701,60.391201,79.547096,57.269798,160.324005,78.394997,-57.362999,59.535000,78.344002,56.451000,157.843994,48.000000,-1048.000000,585.000000,404.000000,362.000000,459.000000
394,1743667108227996,79.763298,-58.318100,60.553799,79.763298,57.423698,160.774002,78.846001,-57.709000,59.874001,78.806000,56.703999,158.602005,-122.000000,-1102.000000,567.000000,385.000000,455.000000,485.000000
395,1743667108232720,79.979500,-58.474499,60.716400,79.979500,57.577702,161.223999,78.846001,-57.709000,59.874001,78.806000,56.703999,158.602005,-122.000000,-1102.000000,567.000000,385.000000,455.000000,485.000000
396,1743667108237445,80.195801,-58.630901,60.879002,80.195801,57.731602,161.673996,79.056999,-57.877998,60.055000,79.038002,56.852001,159.069000,-119.000000,-1376.000000,409.000000,401.000000,499.000000,579.000000
397,1743667108242002,80.412003,-58.787399,61.041599,80.412003,57.885502,162.123993,79.275002,-58.028999,60.213001,79.223000,57.060001,159.641998,-279.000000,-1153.000000,579.000000,510.000000,616.000000,594.000000
398,1743667108247793,80.628197,-58.943802,61.204201,80.628197,58.039501,162.574005,79.481003,-58.182999,60.367001,79.466003,57.153000,159.925995,41.000000,-940.000000,573.000000,386.000000,474.000000,675.000000
399,1743667108252545,80.844398,-59.100201,61.366798,80.844398,58.193401,163.024002,79.676003,-58.344002,60.505001,79.646004,57.370998,160.556000,-118.000000,-1025.000000,567.000000,288.000000,439.000000,640.000000
400,1743667108257298,81.060600,-59.256599,61.529400,81.060600,58.347401,163.473999,79.877998,-58.500000,60.666000,79.848000,57.523998,161.014008,-143.000000,-790.000000,827.000000,434.000000,577.000000,273.000000
401,1743667108261992,81.276802,-59.412998,61.692001,81.276802,58.501301,163.923996,80.158997,-58.694000,60.894001,80.057999,57.679001,161.449005,106.000000,-771.000000,390.000000,319.000000,491.000000,785.000000
402,1743667108267699,81.492996,-59.569401,61.854500,81.492996,58.655201,164.373993,80.365997,-58.841000,60.990002,80.275002,57.827000,161.858002,-132.000000,-668.000000,656.000000,595.000000,343.000000,679.000000
403,1743667108272444,81.709198,-59.725800,62.017101,81.709198,58.809200,164.824005,80.550003,-58.985001,61.209000,80.498001,57.952000,162.272995,-81.000000,-920.000000,617.000000,224.000000,817.000000,479.000000
404,1743667108276944,81.925400,-59.882198,62.179699,81.925400,58.963100,165.274002,80.778000,-59.136002,61.356998,80.801003,58.112999,162.725998,45.000000,-919.000000,604.000000,499.000000,371.000000,603.000000
405,1743667108282760,82.141602,-60.038601,62.342300,82.141602,59.117001,165.723999,81.013000,-59.285999,61.501999,80.990997,58.333000,163.328003,-206.000000,-1117.000000,894.000000,176.000000,739.000000,628.000000
406,1743667108287401,82.357803,-60.195000,62.504902,82.357803,59.271000,166.173996,81.242996,-59.439999,61.669998,81.183998,58.494999,163.774002,-22.000000,-721.000000,574.000000,432.000000,552.000000,519.000000
407,1743667108292147,82.573997,-60.351398,62.667500,82.573997,59.424900,166.623993,81.461998,-59.576000,61.838001,81.397003,58.638000,164.197006,-134.000000,-1298.000000,514.000000,244.000000,429.000000,610.000000
408,1743667108297750,82.790199,-60.507801,62.830101,82.790199,59.578800,167.074005,81.686996,-59.721001,61.983002,81.609001,58.786999,164.660004,-86.000000,-919.000000,499.000000,585.000000,546.000000,501.000000
408,1743667108302070,82.790199,-60.507801,62.830101,82.790199,59.578800,167.074005,81.961998,-59.939999,62.195999,81.821999,58.930000,165.048004,-92.000000,-1115.000000,644.000000,181.000000,597.000000,680.000000
410,1743667108307799,83.222603,-60.820702,63.155300,83.222603,59.886700,167.973999,82.091003,-60.033001,62.291000,82.018997,59.064999,165.488998,-160.000000,-1040.000000,552.000000,469.000000,492.000000,274.000000
410,1743667108312458,83.222603,-60.820702,63.155300,83.222603,59.886700,167.973999,82.367996,-60.250999,62.505001,82.158997,59.213001,165.929001,-203.000000,-1144.000000,839.000000,208.000000,422.000000,864.000000
411,1743667108317024,83.438797,-60.977100,63.317902,83.438797,60.040699,168.423996,82.575996,-60.408001,62.672001,82.485001,59.344002,166.352997,-88.000000,-938.000000,590.000000,520.000000,571.000000,599.000000
412,1743667108322814,83.654999,-61.133499,63.480499,83.654999,60.194599,168.873993,82.799004,-60.562000,62.826000,82.717003,59.580002,166.994003,-31.000000,-763.000000,763.000000,241.000000,460.000000,583.000000
413,1743667108327464,83.871201,-61.289902,63.643101,83.871201,60.348499,169.324005,83.026001,-60.702999,62.974998,82.968002,59.676998,167.268005,-257.000000,-857.000000,729.000000,425.000000,477.000000,604.000000
414,1743667108332012,84.087402,-61.446301,63.805698,84.087402,60.502499,169.774002,83.221001,-60.858002,63.116001,83.169998,59.872002,167.811996,-134.000000,-654.000000,654.000000,183.000000,326.000000,633.000000
415,1743667108337630,84.303596,-61.602699,63.968300,84.303596,60.656399,170.223999,83.431000,-61.007999,63.272999,83.369003,60.018002,168.251007,-193.000000,-849.000000,780.000000,352.000000,507.000000,558.000000
416,1743667108342301,84.519798,-61.759102,64.130898,84.519798,60.810299,170.673996,83.636002,-61.155998,63.414001,83.577003,60.168999,168.686005,-41.000000,-732.000000,878.000000,359.000000,695.000000,640.000000
417,1743667108346939,84.736000,-61.915501,64.293503,84.736000,60.964298,171.123993,83.837997,-61.311001,63.585999,83.788002,60.320999,169.151993,51.000000,-831.000000,608.000000,476.000000,434.000000,443.000000
418,1743667108352792,84.952202,-62.071899,64.456100,84.952202,61.118198,171.574005,84.113998,-61.507999,63.820999,83.998001,60.472000,169.595001,-61.000000,-1000.000000,761.000000,262.000000,491.000000,614.000000
419,1743667108357435,85.168503,-62.228298,64.618698,85.168503,61.272099,172.024002,84.239998,-61.597000,63.915001,84.196999,60.654999,170.106003,-121.000000,-918.000000,495.000000,389.000000,589.000000,680.000000
420,1743667108362149,85.384697,-62.384701,64.781303,85.384697,61.426102,172.473999,84.446999,-61.755001,64.068001,84.394997,60.778999,170.453995,119.000000,-894.000000,741.000000,486.000000,559.000000,660.000000
421,1743667108367838,85.600899,-62.541100,64.943901,85.600899,61.580002,172.923996,84.446999,-61.755001,64.068001,84.394997,60.778999,170.453995,119.000000,-894.000000,741.000000,486.000000,559.000000,660.000000
422,1743667108372537,85.817101,-62.697601,65.106499,85.817101,61.733898,173.373993,84.917999,-62.089001,64.425003,84.898003,61.112000,171.436996,-160.000000,-1145.000000,565.000000,526.000000,721.000000,590.000000
423,1743667108377138,86.033302,-62.854000,65.268997,86.033302,61.887901,173.824005,84.917999,-62.089001,64.425003,84.898003,61.112000,171.436996,-160.000000,-1145.000000,565.000000,526.000000,721.000000,590.000000
424,1743667108381765,86.249496,-63.010399,65.431602,86.249496,62.041801,174.274002,85.210999,-62.243000,64.577003,85.105003,61.258999,171.882004,-82.000000,-884.000000,834.000000,215.000000,345.000000,579.000000
425,1743667108387600,86.465698,-63.166801,65.594200,86.465698,62.195801,174.723999,85.415001,-62.457001,64.796997,85.387001,61.396999,172.315002,-82.000000,-674.000000,576.000000,205.000000,373.000000,639.000000
426,1743667108392333,86.681900,-63.323200,65.756798,86.681900,62.349701,175.173996,85.627998,-62.549000,64.891998,85.497002,61.537998,172.757996,-73.000000,-792.000000,704.000000,251.000000,628.000000,526.000000
427,1743667108397902,86.898102,-63.479599,65.919403,86.898102,62.503601,175.623993,85.834000,-62.770000,65.111000,85.796997,61.695999,173.190994,-221.000000,-863.000000,676.000000,320.000000,572.000000,618.000000
428,1743667108402501,87.114304,-63.636002,66.082001,87.114304,62.657600,176.074005,86.049004,-62.909000,65.264999,86.014000,61.917000,173.643005,-152.000000,-950.000000,700.000000,256.000000,481.000000,374.000000
429,1743667108407106,87.330498,-63.792400,66.244598,87.330498,62.811501,176.524002,86.249001,-63.067001,65.419998,86.222000,61.986000,174.078995,-215.000000,-544.000000,838.000000,348.000000,678.000000,621.000000
430,1743667108412882,87.546700,-63.948799,66.407204,87.546700,62.965401,176.973999,86.473999,-63.223000,65.584999,86.431999,62.199001,174.470993,-379.000000,-1208.000000,743.000000,211.000000,554.000000,313.000000
431,1743667108417642,87.762901,-64.105202,66.569801,87.762901,63.119400,177.423996,86.691002,-63.374001,65.731003,86.626999,62.368000,175.093002,-49.000000,-741.000000,702.000000,348.000000,395.000000,320.000000
432,1743667108422165,87.979103,-64.261597,66.732399,87.979103,63.273300,177.873993,86.985001,-63.594002,65.890999,86.815002,62.505001,175.520996,-140.000000,-835.000000,761.000000,164.000000,624.000000,699.000000
433,1743667108428009,88.195297,-64.417999,66.894997,88.195297,63.427200,178.324005,87.188004,-63.734001,66.119003,87.124001,62.655998,175.973999,-178.000000,-610.000000,637.000000,188.000000,332.000000,606.000000
434,1743667108432733,88.411499,-64.574402,67.057602,88.411499,63.581200,178.774002,87.399002,-63.823002,66.210999,87.258003,62.828999,176.406998,102.000000,-823.000000,573.000000,178.000000,573.000000,539.000000
435,1743667108437267,88.627701,-64.730904,67.220200,88.627701,63.735100,179.223999,87.584000,-64.030998,66.426003,87.554001,62.944000,176.787003,-200.000000,-740.000000,867.000000,285.000000,490.000000,679.000000
436,1743667108441855,88.843903,-64.887299,67.382797,88.843903,63.889099,179.673996,87.793999,-64.175003,66.566002,87.749001,63.146000,177.414993,-86.000000,-726.000000,781.000000,212.000000,483.000000,666.000000
437,1743667108447384,89.060097,-65.043701,67.545403,89.060097,64.042999,180.123993,88.080002,-64.366997,66.703003,87.945000,63.235001,177.681000,9.000000,-811.000000,730.000000,492.000000,505.000000,597.000000
438,1743667108451811,89.276299,-65.200104,67.708000,89.276299,64.196899,180.574005,88.174004,-64.426003,66.820000,88.107002,63.407001,178.231995,-181.000000,-781.000000,861.000000,122.000000,584.000000,477.000000
439,1743667108457510,89.492500,-65.356499,67.870598,89.492500,64.350899,181.024002,88.514000,-64.665001,67.063004,88.430000,63.553001,178.667007,-125.000000,-860.000000,800.000000,319.000000,505.000000,639.000000
440,1743667108462053,89.708702,-65.512901,68.033203,89.708702,64.504799,181.473999,88.724998,-64.821999,67.233002,88.636002,63.686001,179.082993,-127.000000,-828.000000,786.000000,262.000000,367.000000,657.000000
441,1743667108467575,89.924896,-65.669296,68.195801,89.924896,64.658699,181.923996,88.934998,-64.952003,67.398003,88.832001,63.896000,179.701004,-79.000000,-607.000000,770.000000,519.000000,604.000000,541.000000
441,1743667108471962,89.924896,-65.669296,68.195801,89.924896,64.658699,181.923996,89.125000,-65.099998,67.566002,89.061996,63.978001,179.968994,-79.000000,-898.000000,644.000000,169.000000,534.000000,569.000000
442,1743667108477395,90.141197,-65.825699,68.358398,90.141197,64.812698,182.373993,89.327003,-65.254997,67.725998,89.277000,64.190002,180.557007,-273.000000,-860.000000,564.000000,496.000000,627.000000,551.000000
443,1743667108481812,90.357399,-65.982101,68.521004,90.357399,64.966599,182.824005,89.600998,-65.408997,67.864998,89.478996,64.351997,181.013000,-181.000000,-739.000000,778.000000,209.000000,463.000000,516.000000
444,1743667108487255,90.573601,-66.138496,68.683502,90.573601,65.120499,183.274002,89.730003,-65.558998,68.015999,89.691002,64.505997,181.421997,-116.000000,-745.000000,906.000000,530.000000,513.000000,600.000000
445,1743667108492750,90.789803,-66.294899,68.846100,90.789803,65.274498,183.723999,89.943001,-65.700996,68.152000,89.890999,64.661003,181.852997,-110.000000,-955.000000,658.000000,145.000000,675.000000,588.000000
446,1743667108497341,91.005997,-66.451302,69.008698,91.005997,65.428398,184.173996,90.239998,-65.917000,68.362999,90.175003,64.827003,182.276001,-171.000000,-892.000000,738.000000,440.000000,447.000000,671.000000
447,1743667108501971,91.222198,-66.607803,69.171303,91.222198,65.582298,184.623993,90.425003,-66.063004,68.529999,90.390999,64.962997,182.748993,-66.000000,-559.000000,887.000000,121.000000,494.000000,485.000000
448,1743667108507801,91.438400,-66.764198,69.333900,91.438400,65.736298,185.074005,90.630997,-66.224998,68.692001,90.599998,65.125999,183.145996,-266.000000,-597.000000,944.000000,379.000000,429.000000,620.000000
449,1743667108512460,91.654602,-66.920601,69.496498,91.654602,65.890198,185.524002,90.821999,-66.378998,68.835999,90.780998,65.282997,183.576004,-110.000000,-693.000000,873.000000,178.000000,514.000000,558.000000
450,1743667108516964,91.870796,-67.077003,69.659103,91.870796,66.044197,185.973999,91.067001,-66.558998,69.014000,91.021004,65.419998,184.026993,-166.000000,-751.000000,849.000000,569.000000,298.000000,459.000000
451,1743667108522629,92.086998,-67.233398,69.821701,92.086998,66.198097,186.423996,91.249001,-66.691002,69.144997,91.126999,65.567001,184.451996,-278.000000,-531.000000,884.000000,364.000000,676.000000,681.000000
452,1743667108527302,92.303200,-67.389801,69.984299,92.303200,66.351997,186.873993,91.457001,-66.844002,69.304001,91.440002,65.731003,184.949997,-172.000000,-1135.000000,1136.000000,522.000000,512.000000,567.000000
453,1743667108531784,92.519402,-67.546204,70.146896,92.519402,66.505997,187.324005,91.675003,-66.982002,69.469002,91.660004,65.922997,185.563004,-124.000000,-750.000000,875.000000,53.000000,438.000000,505.000000
454,1743667108537550,92.735603,-67.702599,70.309502,92.735603,66.659897,187.774002,91.902000,-67.133003,69.627998,91.874001,66.051003,185.990997,-262.000000,-669.000000,780.000000,387.000000,573.000000,660.000000
455,1743667108541866,92.951797,-67.859001,70.472099,92.951797,66.813797,188.223999,91.902000,-67.133003,69.627998,91.874001,66.051003,185.990997,-262.000000,-669.000000,780.000000,387.000000,573.000000,660.000000
456,1743667108547518,93.167999,-68.015404,70.634697,93.167999,66.967796,188.673996,92.307999,-67.431999,69.936996,92.266998,66.360001,186.822006,-114.000000,-927.000000,1138.000000,171.000000,453.000000,494.000000
457,1743667108552037,93.384201,-68.171799,70.797302,93.384201,67.121696,189.123993,92.307999,-67.431999,69.936996,92.266998,66.360001,186.822006,-114.000000,-927.000000,1138.000000,171.000000,453.000000,494.000000
458,1743667108557720,93.600403,-68.328201,70.959900,93.600403,67.275597,189.574005,92.601997,-67.646004,70.171997,92.480003,66.515999,187.274002,-9.000000,-605.000000,1017.000000,424.000000,521.000000,573.000000
459,1743667108562096,93.816597,-68.484596,71.122498,93.816597,67.429604,190.024002,93.021004,-67.920998,70.433998,92.904999,66.817001,188.128006,-235.000000,-737.000000,932.000000,402.000000,437.000000,679.000000
460,1743667108567743,94.032799,-68.641098,71.285103,94.032799,67.583504,190.473999,93.021004,-67.920998,70.433998,92.904999,66.817001,188.128006,-235.000000,-737.000000,932.000000,402.000000,437.000000,679.000000
461,1743667108572397,94.249001,-68.797501,71.447701,94.249001,67.737503,190.923996,93.231003,-68.071999,70.665001,93.179001,66.941002,188.587997,-244.000000,-681.000000,820.000000,342.000000,864.000000,501.000000
462,1743667108578020,94.465202,-68.953903,71.610298,94.465202,67.891403,191.373993,93.422997,-68.221001,70.823997,93.370003,67.151001,189.160995,-273.000000,-763.000000,1018.000000,314.000000,351.000000,572.000000
463,1743667108582502,94.681396,-69.110298,71.772903,94.681396,68.045303,191.824005,93.633003,-68.370003,70.969002,93.592003,67.251999,189.444000,-302.000000,-869.000000,889.000000,304.000000,519.000000,544.000000
464,1743667108588151,94.897697,-69.266701,71.935501,94.897697,68.199303,192.274002,93.847000,-68.525002,71.120003,93.797997,67.472000,190.039993,-199.000000,-604.000000,1033.000000,446.000000,484.000000,481.000000
465,1743667108592725,95.113899,-69.423103,72.098000,95.113899,68.353203,192.723999,94.003998,-68.652000,71.247002,93.978996,67.608002,190.451996,-239.000000,-855.000000,705.000000,174.000000,390.000000,611.000000
466,1743667108597258,95.330101,-69.579498,72.260597,95.330101,68.507103,193.173996,94.323997,-68.885002,71.485001,94.224998,67.762001,190.901993,-173.000000,-676.000000,836.000000,553.000000,483.000000,591.000000
467,1743667108602991,95.546303,-69.735901,72.423203,95.546303,68.661102,193.623993,94.401001,-68.947998,71.546997,94.393997,67.889999,191.337006,-95.000000,-589.000000,898.000000,69.000000,397.000000,500.000000
468,1743667108607450,95.762497,-69.892303,72.585800,95.762497,68.815002,194.074005,94.692001,-69.199997,71.762001,94.677002,67.999001,191.671005,-216.000000,-537.000000,990.000000,455.000000,409.000000,434.000000
469,1743667108611995,95.978699,-70.048698,72.748398,95.978699,68.968903,194.524002,94.903999,-69.351997,71.922997,94.934998,68.169998,192.188995,-98.000000,-753.000000,952.000000,94.000000,418.000000,618.000000
470,1743667108617755,96.194901,-70.205101,72.911003,96.194901,69.122902,194.973999,95.119003,-69.499001,72.070999,95.153999,68.365997,192.774994,-138.000000,-745.000000,938.000000,428.000000,497.000000,609.000000
471,1743667108622363,96.411102,-70.361504,73.073601,96.411102,69.276802,195.423996,95.303001,-69.623001,72.195999,95.320000,68.530998,193.212006,-213.000000,-487.000000,1349.000000,71.000000,534.000000,543.000000
472,1743667108626891,96.627296,-70.517998,73.236198,96.627296,69.430702,195.873993,95.571999,-69.814003,72.393997,95.579002,68.696999,193.643005,-113.000000,-685.000000,1333.000000,498.000000,615.000000,597.000000
473,1743667108632414,96.843498,-70.674400,73.398804,96.843498,69.584702,196.324005,95.737999,-69.922997,72.526001,95.724998,68.834000,194.091003,-153.000000,-727.000000,866.000000,27.000000,238.000000,539.000000
474,1743667108636981,97.059700,-70.830803,73.561401,97.059700,69.738602,196.774002,96.057999,-70.162003,72.791000,95.958000,68.980003,194.483994,-190.000000,-727.000000,1112.000000,479.000000,467.000000,575.000000
474,1743667108641623,97.059700,-70.830803,73.561401,97.059700,69.738602,196.774002,96.144997,-70.223000,72.857002,96.112000,69.140999,194.901001,-145.000000,-468.000000,867.000000,205.000000,508.000000,586.000000
476,1743667108647435,97.492104,-71.143600,73.886597,97.492104,70.046501,197.673996,96.459000,-70.452003,73.060997,96.399002,69.251999,195.272995,-214.000000,-880.000000,821.000000,449.000000,431.000000,505.000000
476,1743667108652162,97.492104,-71.143600,73.886597,97.492104,70.046501,197.673996,96.660004,-70.598000,73.254997,96.643997,69.436996,195.781006,-334.000000,-704.000000,1110.000000,94.000000,528.000000,549.000000
477,1743667108656772,97.708298,-71.300003,74.049202,97.708298,70.200401,198.123993,96.871002,-70.745003,73.414001,96.839996,69.650002,196.417007,-115.000000,-806.000000,900.000000,420.000000,438.000000,500.000000
478,1743667108662425,97.924500,-71.456398,74.211800,97.924500,70.354401,198.574005,97.045998,-70.848000,73.542999,97.017998,69.764999,196.753998,-254.000000,-787.000000,865.000000,292.000000,588.000000,578.000000
479,1743667108666888,98.140701,-71.612801,74.374397,98.140701,70.508301,199.024002,97.332001,-70.995003,73.690002,97.245003,69.910004,197.123993,-430.000000,-915.000000,716.000000,269.000000,464.000000,732.000000
480,1743667108672486,98.356903,-71.769203,74.537003,98.356903,70.662201,199.473999,97.459000,-71.147003,73.820999,97.439003,70.073997,197.671997,-8.000000,-654.000000,983.000000,312.000000,569.000000,500.000000
481,1743667108677021,98.573097,-71.925598,74.699600,98.573097,70.816200,199.923996,97.796997,-71.400002,74.041000,97.722000,70.195000,198.009995,-324.000000,-527.000000,1002.000000,320.000000,471.000000,622.000000
482,1743667108682659,98.789299,-72.082001,74.862198,98.789299,70.970100,200.373993,97.964996,-71.527000,74.203003,97.921997,70.391998,198.628006,-266.000000,-595.000000,1035.000000,221.000000,341.000000,602.000000
483,1743667108687173,99.005501,-72.238403,75.024803,99.005501,71.124001,200.824005,98.161003,-71.669998,74.369003,98.135002,70.463997,198.869995,-124.000000,-478.000000,1019.000000,306.000000,478.000000,524.000000
484,1743667108692776,99.221703,-72.394798,75.187401,99.221703,71.278000,201.274002,98.366997,-71.820000,74.517998,98.348000,70.657997,199.417999,-243.000000,-632.000000,983.000000,452.000000,579.000000,595.000000
485,1743667108697471,99.437897,-72.551300,75.349998,99.437897,71.431900,201.723999,98.643997,-71.960999,74.667000,98.571999,70.820000,199.886002,-163.000000,-666.000000,1241.000000,62.000000,428.000000,554.000000
486,1743667108702014,99.654099,-72.707703,75.512497,99.654099,71.585899,202.173996,98.767998,-72.112000,74.809998,98.734001,70.967003,200.309006,-167.000000,-720.000000,1280.000000,506.000000,535.000000,572.000000
487,1743667108707614,99.870399,-72.864098,75.675102,99.870399,71.739799,202.623993,99.031998,-72.295998,75.015999,98.976997,71.157997,200.860992,-261.000000,-866.000000,1246.000000,200.000000,575.000000,552.000000
488,1743667108712258,100.086998,-73.020500,75.837700,100.086998,71.893700,203.074005,99.206001,-72.416000,75.146004,99.146004,71.325996,201.283997,-23.000000,-654.000000,845.000000,510.000000,170.000000,604.000000
489,1743667108716858,100.303001,-73.176903,76.000298,100.303001,72.047699,203.524002,99.206001,-72.416000,75.146004,99.146004,71.325996,201.283997,-23.000000,-654.000000,845.000000,510.000000,170.000000,604.000000
490,1743667108722629,100.518997,-73.333298,76.162903,100.518997,72.201599,203.973999,99.678001,-72.738998,75.504997,99.633003,71.601997,202.166000,-63.000000,-699.000000,872.000000,431.000000,344.000000,388.000000
491,1743667108727201,100.735001,-73.489700,76.325500,100.735001,72.355499,204.423996,99.678001,-72.738998,75.504997,99.633003,71.601997,202.166000,-63.000000,-699.000000,872.000000,431.000000,344.000000,388.000000
492,1743667108731832,100.950996,-73.646103,76.488098,100.950996,72.509499,204.873993,99.945999,-72.887001,75.655998,99.828003,71.750999,202.552002,-85.000000,-716.000000,942.000000,-22.000000,430.000000,653.000000
493,1743667108737573,101.167999,-73.802498,76.650703,101.167999,72.663399,205.324005,100.153999,-73.092003,75.859001,100.125999,71.897003,203.016006,-144.000000,-632.000000,957.000000,435.000000,615.000000,566.000000
494,1743667108742054,101.384003,-73.958900,76.813301,101.384003,72.817299,205.774002,100.274002,-73.181000,75.943001,100.254997,72.042000,203.444000,-265.000000,-630.000000,989.000000,-27.000000,496.000000,509.000000
495,1743667108747794,101.599998,-74.115303,76.975899,101.599998,72.971298,206.223999,100.578003,-73.388000,76.143997,100.552002,72.177002,203.867004,-366.000000,-795.000000,1181.000000,428.000000,518.000000,623.000000
496,1743667108752254,101.816002,-74.271698,77.138496,101.816002,73.125198,206.673996,100.799004,-73.545998,76.302002,100.767998,72.397003,204.227997,-341.000000,-671.000000,1257.000000,-3.000000,645.000000,455.000000
497,1743667108757930,102.031998,-74.428200,77.301102,102.031998,73.279099,207.123993,100.973000,-73.652000,76.426003,100.924004,72.528999,204.880997,-715.000000,-601.000000,1095.000000,341.000000,366.000000,486.000000
498,1743667108762376,102.249001,-74.584602,77.463699,102.249001,73.433098,207.574005,101.294998,-73.836998,76.613998,101.168999,72.668999,205.332993,-148.000000,-277.000000,1052.000000,157.000000,338.000000,609.000000
499,1743667108768004,102.464996,-74.740997,77.626297,102.464996,73.586998,208.024002,101.376999,-73.959000,76.724998,101.308998,72.817001,205.766998,-99.000000,-535.000000,1341.000000,241.000000,461.000000,572.000000
500,1743667108772458,102.681000,-74.897400,77.788902,102.681000,73.740997,208.473999,101.709999,-74.144997,76.921997,101.565002,72.975998,206.192001,-130.000000,-447.000000,1305.000000,74.000000,430.000000,678.000000
501,1743667108777047,102.897003,-75.053802,77.951500,102.897003,73.894897,208.923996,101.908997,-74.359001,77.154999,101.849998,73.125999,206.649994,-113.000000,-509.000000,1044.000000,374.000000,494.000000,392.000000
502,1743667108782722,103.112999,-75.210197,78.114098,103.112999,74.048798,209.373993,102.021004,-74.431999,77.253998,101.973000,73.280998,207.059998,-349.000000,-687.000000,1192.000000,84.000000,547.000000,668.000000
503,1743667108787332,103.330002,-75.366600,78.276703,103.330002,74.202797,209.824005,102.219002,-74.575996,77.412003,102.164001,73.433998,207.513000,-36.000000,-733.000000,1149.000000,393.000000,450.000000,668.000000
504,1743667108791910,103.545998,-75.523003,78.439301,103.545998,74.356697,210.274002,102.468002,-74.763000,77.602997,102.421997,73.619003,208.082001,-88.000000,-748.000000,1244.000000,162.000000,628.000000,519.000000
505,1743667108797606,103.762001,-75.679398,78.601898,103.762001,74.510597,210.723999,102.723999,-74.870003,77.713997,102.571999,73.730003,208.324005,-164.000000,-817.000000,989.000000,146.000000,636.000000,625.000000
506,1743667108802220,103.977997,-75.835800,78.764503,103.977997,74.664597,211.173996,102.871002,-75.064003,77.903999,102.829002,73.927002,208.929001,-98.000000,-729.000000,1138.000000,502.000000,325.000000,585.000000
507,1743667108807824,104.194000,-75.992203,78.927002,104.194000,74.818497,211.623993,103.108002,-75.238998,78.098999,103.066002,74.093002,209.410995,-91.000000,-466.000000,988.000000,215.000000,514.000000,597.000000
508,1743667108812366,104.411003,-76.148598,79.089600,104.411003,74.972397,212.074005,103.316002,-75.394997,78.261002,103.289001,74.170998,209.686996,-91.000000,-637.000000,1003.000000,278.000000,457.000000,526.000000
508,1743667108816947,104.411003,-76.148598,79.089600,104.411003,74.972397,212.074005,103.516998,-75.553001,78.425003,103.491997,74.376999,210.279007,-140.000000,-650.000000,1182.000000,279.000000,408.000000,659.000000
510,1743667108822687,104.843002,-76.461502,79.414803,104.843002,75.280296,212.973999,103.740997,-75.704002,78.573997,103.706001,74.494003,210.712997,-172.000000,-606.000000,1002.000000,291.000000,423.000000,693.000000
510,1743667108827237,104.843002,-76.461502,79.414803,104.843002,75.280296,212.973999,104.013000,-75.914001,78.788002,104.028999,74.639000,211.139999,-245.000000,-853.000000,1236.000000,229.000000,636.000000,408.000000
511,1743667108831753,105.058998,-76.617897,79.577400,105.058998,75.434303,213.423996,104.143997,-76.005997,78.865997,104.133003,74.769997,211.567001,-182.000000,-772.000000,1471.000000,295.000000,417.000000,626.000000
512,1743667108837386,105.275002,-76.774300,79.739998,105.275002,75.588203,213.873993,104.438004,-76.213997,79.103996,104.432999,74.915001,212.033997,-483.000000,-645.000000,1270.000000,125.000000,529.000000,557.000000
513,1743667108841912,105.491997,-76.930702,79.902603,105.491997,75.742104,214.324005,104.657997,-76.361000,79.260002,104.633003,75.069000,212.442001,-79.000000,-541.000000,1294.000000,227.000000,437.000000,566.000000
514,1743667108847401,105.708000,-77.087097,80.065201,105.708000,75.896103,214.774002,104.877998,-76.500000,79.421997,104.856003,75.303001,212.867996,-241.000000,-520.000000,1257.000000,91.000000,368.000000,602.000000
515,1743667108852025,105.924004,-77.243500,80.227798,105.924004,76.050003,215.223999,105.092003,-76.653000,79.582001,105.052002,75.400002,213.330994,-295.000000,-479.000000,1264.000000,271.000000,394.000000,441.000000
516,1743667108857788,106.139999,-77.399902,80.390404,106.139999,76.203903,215.673996,105.280998,-76.807999,79.751999,105.250000,75.591003,213.893997,-125.000000,-345.000000,1200.000000,-23.000000,374.000000,565.000000
517,1743667108862474,106.356003,-77.556297,80.553001,106.356003,76.357903,216.123993,105.494003,-76.959999,79.896004,105.434998,75.758003,214.343002,-232.000000,-556.000000,1159.000000,356.000000,505.000000,534.000000
518,1743667108866940,106.572998,-77.712700,80.715599,106.572998,76.511803,216.574005,105.793999,-77.161003,80.108002,105.738998,75.920998,214.774002,-291.000000,-660.000000,1042.000000,115.000000,644.000000,574.000000
519,1743667108872760,106.789001,-77.869102,80.878197,106.789001,76.665703,217.024002,105.927002,-77.252998,80.197998,105.862000,76.066002,215.192993,-281.000000,-796.000000,1011.000000,411.000000,376.000000,693.000000
520,1743667108877257,107.004997,-78.025497,81.040802,107.004997,76.819702,217.473999,106.230003,-77.452003,80.402000,106.195000,76.227997,215.647003,-235.000000,-573.000000,1380.000000,129.000000,543.000000,327.000000
521,1743667108882785,107.221001,-78.181900,81.203400,107.221001,76.973602,217.923996,106.438004,-77.611000,80.555000,106.408997,76.383003,216.072006,6.000000,-949.000000,1039.000000,326.000000,582.000000,622.000000
522,1743667108887279,107.438004,-78.338402,81.365997,107.438004,77.127502,218.373993,106.628998,-77.776001,80.712997,106.598999,76.591003,216.647995,-136.000000,-421.000000,1349.000000,116.000000,252.000000,530.000000
523,1743667108892889,107.653999,-78.494797,81.528603,107.653999,77.281502,218.824005,106.628998,-77.776001,80.712997,106.598999,76.591003,216.647995,-136.000000,-421.000000,1349.000000,116.000000,252.000000,530.000000
524,1743667108897501,107.870003,-78.651199,81.691200,107.870003,77.435402,219.274002,107.042000,-78.092003,81.024002,106.997002,76.887001,217.518997,-135.000000,-433.000000,1242.000000,71.000000,421.000000,619.000000
525,1743667108901891,108.085999,-78.807602,81.853798,108.085999,77.589401,219.723999,107.042000,-78.092003,81.024002,106.997002,76.887001,217.518997,-135.000000,-433.000000,1242.000000,71.000000,421.000000,619.000000
526,1743667108907602,108.302002,-78.963997,82.016403,108.302002,77.743301,220.173996,107.247002,-78.237000,81.183998,107.207001,77.022003,217.973999,-112.000000,-534.000000,1418.000000,401.000000,358.000000,625.000000
527,1743667108912206,108.518997,-79.120399,82.178902,108.518997,77.897202,220.623993,107.539001,-78.425003,81.403000,107.500999,77.153999,218.401001,-445.000000,-463.000000,1742.000000,-76.000000,395.000000,490.000000
528,1743667108917858,108.735001,-79.276802,82.341499,108.735001,78.051201,221.074005,107.664001,-78.513000,81.499001,107.607002,77.276001,218.845993,-346.000000,-659.000000,1760.000000,382.000000,522.000000,578.000000
529,1743667108922521,108.950996,-79.433197,82.504097,108.950996,78.205101,221.524002,107.950996,-78.724998,81.735001,107.905998,77.430000,219.231995,-320.000000,-743.000000,1516.000000,-19.000000,563.000000,626.000000
530,1743667108929529,109.167000,-79.589600,82.666702,109.167000,78.359001,221.973999,108.167000,-78.875999,81.878998,108.079002,77.598999,219.660995,-408.000000,-589.000000,920.000000,411.000000,382.000000,647.000000
531,1743667108931813,109.383003,-79.746002,82.829300,109.383003,78.513000,222.423996,108.472000,-79.085999,82.109001,108.310997,77.806999,220.296997,-322.000000,-640.000000,1187.000000,122.000000,243.000000,474.000000
532,1743667108937573,109.599998,-79.902397,82.991898,109.599998,78.666901,222.873993,108.624001,-79.192001,82.213997,108.550003,78.015999,220.869995,-234.000000,-638.000000,799.000000,291.000000,478.000000,479.000000
533,1743667108941864,109.816002,-80.058800,83.154503,109.816002,78.820801,223.324005,108.900002,-79.404999,82.444000,108.875000,78.136002,221.186996,-62.000000,-579.000000,1139.000000,2.000000,425.000000,622.000000
534,1743667108947328,110.031998,-80.215302,83.317101,110.031998,78.974800,223.774002,109.035004,-79.514000,82.546997,109.025002,78.314003,221.744995,-180.000000,-681.000000,1159.000000,294.000000,405.000000,565.000000
535,1743667108952767,110.248001,-80.371696,83.479698,110.248001,79.128700,224.223999,109.346001,-79.752998,82.769997,109.339996,78.430000,222.110992,-19.000000,-728.000000,1703.000000,10.000000,575.000000,557.000000
536,1743667108957071,110.463997,-80.528099,83.642303,110.463997,79.282700,224.673996,109.425003,-79.817001,82.834000,109.417000,78.626999,222.690994,-182.000000,-754.000000,1620.000000,300.000000,453.000000,605.000000
537,1743667108962442,110.681000,-80.684502,83.804901,110.681000,79.436600,225.123993,109.749001,-80.054001,83.059998,109.723999,78.727997,223.057999,-189.000000,-461.000000,1535.000000,56.000000,590.000000,651.000000
538,1743667108967869,110.897003,-80.840897,83.967499,110.897003,79.590500,225.574005,109.827003,-80.116997,83.148003,109.846001,78.916000,223.578003,-266.000000,-677.000000,1642.000000,254.000000,318.000000,573.000000
539,1743667108972423,111.112999,-80.997299,84.130096,111.112999,79.744499,226.024002,110.162003,-80.371002,83.397003,110.143997,79.018997,223.856995,27.000000,-309.000000,1886.000000,105.000000,298.000000,521.000000
540,1743667108977072,111.329002,-81.153702,84.292702,111.329002,79.898399,226.473999,110.389000,-80.531998,83.574997,110.352997,79.218002,224.408005,-188.000000,-353.000000,1291.000000,290.000000,306.000000,803.000000
541,1743667108981814,111.544998,-81.310097,84.455299,111.544998,80.052299,226.923996,110.601997,-80.683998,83.746002,110.582001,79.332001,224.751999,-13.000000,-351.000000,1240.000000,53.000000,211.000000,498.000000
542,1743667108987610,111.762001,-81.466499,84.617897,111.762001,80.206299,227.373993,110.601997,-80.683998,83.746002,110.582001,79.332001,224.751999,-13.000000,-351.000000,1240.000000,53.000000,211.000000,498.000000
543,1743667108992343,111.977997,-81.622902,84.780502,111.977997,80.360199,227.824005,110.814003,-80.818001,83.908997,110.791000,79.521004,225.475998,-182.000000,-382.000000,1126.000000,399.000000,463.000000,539.000000
543,1743667108996962,111.977997,-81.622902,84.780502,111.977997,80.360199,227.824005,111.025002,-80.960999,84.070999,111.017998,79.675003,225.893005,-439.000000,-905.000000,1310.000000,92.000000,634.000000,609.000000
545,1743667109002764,112.410004,-81.935699,85.105698,112.410004,80.668098,228.723999,111.334000,-81.164001,84.292000,111.293999,79.834000,226.322998,-274.000000,-1046.000000,1456.000000,382.000000,481.000000,586.000000
546,1743667109007541,112.625999,-82.092102,85.268303,112.625999,80.821999,229.173996,111.528999,-81.319000,84.450996,111.502998,79.989998,226.727997,-438.000000,-860.000000,1407.000000,122.000000,606.000000,509.000000
546,1743667109012267,112.625999,-82.092102,85.268303,112.625999,80.821999,229.173996,111.704002,-81.441002,84.564003,111.665001,80.186996,227.242004,-351.000000,-596.000000,1204.000000,456.000000,492.000000,549.000000
547,1743667109016931,112.843002,-82.248596,85.430901,112.843002,80.975899,229.623993,111.959999,-81.622002,84.742996,111.924004,80.282997,227.516998,-206.000000,-645.000000,968.000000,88.000000,351.000000,618.000000
548,1743667109022685,113.058998,-82.404999,85.593399,113.058998,81.129898,230.074005,112.174004,-81.767998,84.887001,112.126999,80.571999,228.197998,26.000000,-484.000000,1332.000000,453.000000,562.000000,628.000000
549,1743667109027436,113.275002,-82.561401,85.755997,113.275002,81.283798,230.524002,112.380997,-81.925003,85.044998,112.342003,80.623001,228.378006,-207.000000,-481.000000,1521.000000,28.000000,252.000000,580.000000
550,1743667109032160,113.490997,-82.717796,85.918602,113.490997,81.437798,230.973999,112.542999,-82.033997,85.170998,112.498001,80.816002,229.108002,-147.000000,-362.000000,1613.000000,134.000000,570.000000,456.000000
551,1743667109037973,113.707001,-82.874199,86.081200,113.707001,81.591698,231.423996,112.821999,-82.242996,85.390999,112.803001,80.928001,229.406006,-186.000000,-362.000000,1657.000000,43.000000,682.000000,631.000000
552,1743667109042376,113.924004,-83.030602,86.243797,113.924004,81.745598,231.873993,113.075996,-82.424004,85.568001,113.039001,81.112999,229.932007,-341.000000,-535.000000,1441.000000,99.000000,452.000000,566.000000
553,1743667109047765,114.139999,-83.186996,86.406403,114.139999,81.899597,232.324005,113.279999,-82.575996,85.726997,113.244003,81.197998,230.259003,-101.000000,-747.000000,1735.000000,135.000000,297.000000,661.000000
554,1743667109052093,114.356003,-83.343399,86.569000,114.356003,82.053497,232.774002,113.489998,-82.732002,85.892998,113.464996,81.389999,230.776993,-278.000000,-600.000000,1727.000000,151.000000,652.000000,634.000000
555,1743667109057524,114.571999,-83.499802,86.731598,114.571999,82.207397,233.223999,113.709000,-82.874001,86.042999,113.653000,81.526001,231.237000,8.000000,-741.000000,1107.000000,117.000000,347.000000,483.000000
556,1743667109061877,114.788002,-83.656197,86.894203,114.788002,82.361397,233.673996,113.929001,-83.036003,86.212997,113.869003,81.713997,231.796997,-39.000000,-485.000000,1488.000000,228.000000,357.000000,610.000000
557,1743667109067725,115.004997,-83.812599,87.056801,115.004997,82.515297,234.123993,114.124001,-83.195999,86.373001,114.051003,81.774002,231.983002,-188.000000,-471.000000,1017.000000,127.000000,424.000000,645.000000
558,1743667109072502,115.221001,-83.969002,87.219398,115.221001,82.669197,234.574005,114.286003,-83.316002,86.491997,114.202003,82.022003,232.641998,-9.000000,-629.000000,1198.000000,119.000000,399.000000,628.000000
559,1743667109077084,115.436996,-84.125504,87.382004,115.436996,82.823196,235.024002,114.530998,-83.497002,86.675003,114.443001,82.168999,233.076996,-282.000000,-787.000000,1121.000000,73.000000,542.000000,429.000000
560,1743667109081862,115.653000,-84.281898,87.544601,115.653000,82.977097,235.473999,114.821999,-83.696999,86.875000,114.755997,82.334000,233.556000,-248.000000,-726.000000,1480.000000,162.000000,411.000000,627.000000
561,1743667109087697,115.869003,-84.438301,87.707199,115.869003,83.131104,235.923996,115.032997,-83.831001,87.021004,114.973000,82.481003,233.983994,-362.000000,-663.000000,1647.000000,107.000000,486.000000,649.000000
562,1743667109092334,116.085999,-84.594704,87.869797,116.085999,83.285004,236.373993,115.221001,-83.985001,87.172997,115.202003,82.642998,234.442001,-254.000000,-587.000000,1623.000000,257.000000,616.000000,513.000000
563,1743667109097947,116.302002,-84.751099,88.032402,116.302002,83.438904,236.824005,115.427002,-84.147003,87.336998,115.399002,82.757004,234.737000,-137.000000,-514.000000,1698.000000,144.000000,430.000000,584.000000
564,1743667109102496,116.517998,-84.907501,88.195000,116.517998,83.592903,237.274002,115.666000,-84.304001,87.497002,115.592003,83.018997,235.468994,-59.000000,-418.000000,1294.000000,265.000000,452.000000,663.000000
565,1743667109108281,116.734001,-85.063904,88.357597,116.734001,83.746803,237.723999,115.897003,-84.490997,87.679001,115.819000,83.127998,235.787994,-105.000000,-440.000000,1585.000000,320.000000,247.000000,484.000000
566,1743667109112921,116.950996,-85.220299,88.520203,116.950996,83.900703,238.173996,115.897003,-84.490997,87.679001,115.819000,83.127998,235.787994,-105.000000,-440.000000,1585.000000,320.000000,247.000000,484.000000
567,1743667109117553,117.167000,-85.376701,88.682800,117.167000,84.054703,238.623993,116.135002,-84.670998,87.877998,116.078003,83.277000,236.268997,-79.000000,-87.000000,1633.000000,152.000000,493.000000,578.000000
568,1743667109122169,117.383003,-85.533096,88.845398,117.383003,84.208603,239.074005,116.273003,-84.754997,87.991997,116.218002,83.431000,236.796997,-214.000000,-644.000000,1802.000000,315.000000,269.000000,488.000000
569,1743667109128006,117.598999,-85.689499,89.007896,117.598999,84.362503,239.524002,116.518997,-84.945999,88.190002,116.470001,83.542000,237.106003,-227.000000,-524.000000,1751.000000,45.000000,600.000000,606.000000
570,1743667109132805,117.815002,-85.845901,89.170502,117.815002,84.516502,239.973999,116.930000,-85.222000,88.515999,116.900002,83.837997,238.039993,-332.000000,-811.000000,1513.000000,25.000000,433.000000,789.000000
571,1743667109137523,118.031998,-86.002296,89.333099,118.031998,84.670403,240.423996,116.930000,-85.222000,88.515999,116.900002,83.837997,238.039993,-332.000000,-811.000000,1513.000000,25.000000,433.000000,789.000000
571,1743667109142140,118.031998,-86.002296,89.333099,118.031998,84.670403,240.423996,117.108002,-85.370003,88.674004,117.112000,84.049004,238.587997,-107.000000,-614.000000,1117.000000,346.000000,506.000000,677.000000
573,1743667109147950,118.463997,-86.315201,89.658302,118.463997,84.978302,241.324005,117.332001,-85.524002,88.828003,117.322998,84.207001,239.026001,31.000000,-640.000000,1572.000000,116.000000,352.000000,536.000000
574,1743667109152727,118.680000,-86.471603,89.820900,118.680000,85.132202,241.774002,117.651001,-85.749001,89.033997,117.542000,84.383003,239.449005,-150.000000,-320.000000,1367.000000,179.000000,244.000000,519.000000
574,1743667109157478,118.680000,-86.471603,89.820900,118.680000,85.132202,241.774002,117.861000,-85.907997,89.199997,117.843002,84.538002,239.904999,2.000000,-456.000000,1340.000000,16.000000,358.000000,536.000000
575,1743667109162089,118.896004,-86.627998,89.983498,118.896004,85.286201,242.223999,118.070000,-86.045998,89.344002,118.044998,84.744003,240.541000,-195.000000,-456.000000,1174.000000,323.000000,369.000000,639.000000
576,1743667109167937,119.112999,-86.784401,90.146103,119.112999,85.440102,242.673996,118.281998,-86.182999,89.494003,118.262001,84.846001,240.779007,-325.000000,-640.000000,1662.000000,-139.000000,362.000000,587.000000
577,1743667109172502,119.329002,-86.940804,90.308701,119.329002,85.594002,243.123993,118.498001,-86.334000,89.641998,118.431999,85.019997,241.341995,-432.000000,-809.000000,1858.000000,194.000000,584.000000,563.000000
578,1743667109177021,119.544998,-87.097198,90.471298,119.544998,85.748001,243.574005,118.635002,-86.456001,89.768997,118.578003,85.084999,241.518997,-379.000000,-864.000000,1887.000000,85.000000,422.000000,543.000000
579,1743667109182755,119.761002,-87.253601,90.633904,119.761002,85.901901,244.024002,118.885002,-86.642998,89.942001,118.815002,85.329002,242.218994,-365.000000,-596.000000,1763.000000,155.000000,427.000000,691.000000
580,1743667109187319,119.976997,-87.410004,90.796501,119.976997,86.055801,244.473999,119.185997,-86.860001,90.175003,119.109001,85.469002,242.682999,-3.000000,-551.000000,1644.000000,149.000000,437.000000,359.000000
581,1743667109191804,120.194000,-87.566399,90.959099,120.194000,86.209801,244.923996,119.399002,-86.999001,90.347000,119.320999,85.671997,243.292999,45.000000,-395.000000,1456.000000,285.000000,226.000000,473.000000
582,1743667109197261,120.410004,-87.722801,91.121696,120.410004,86.363701,245.373993,119.483002,-87.056999,90.408997,119.405998,85.745003,243.533005,-185.000000,-544.000000,1538.000000,214.000000,229.000000,602.000000
583,1743667109201702,120.625999,-87.879204,91.284302,120.625999,86.517601,245.824005,119.788002,-87.272003,90.622002,119.712997,85.890999,244.048004,66.000000,-268.000000,1302.000000,305.000000,310.000000,481.000000
584,1743667109207372,120.842003,-88.035698,91.446899,120.842003,86.671600,246.274002,120.064003,-87.438004,90.830002,119.985001,86.060997,244.632996,-461.000000,-552.000000,1759.000000,64.000000,398.000000,462.000000
585,1743667109211908,121.057999,-88.192101,91.609497,121.057999,86.825500,246.723999,120.278999,-87.598000,90.986000,120.190002,86.144997,244.908997,-219.000000,-500.000000,1431.000000,312.000000,398.000000,555.000000
586,1743667109217723,121.275002,-88.348503,91.772102,121.275002,86.979500,247.173996,120.491997,-87.738998,91.135002,120.377998,86.300003,245.335007,-262.000000,-810.000000,1611.000000,52.000000,580.000000,593.000000
587,1743667109222280,121.490997,-88.504898,91.934700,121.490997,87.133400,247.623993,120.705002,-87.896004,91.295998,120.584000,86.542999,245.945007,-322.000000,-695.000000,1543.000000,266.000000,270.000000,500.000000
588,1743667109227961,121.707001,-88.661301,92.097298,121.707001,87.287300,248.074005,120.876999,-88.027000,91.418999,120.740997,86.697998,246.367996,84.000000,-555.000000,1206.000000,437.000000,459.000000,551.000000
589,1743667109232607,121.922997,-88.817703,92.259903,121.922997,87.441299,248.524002,121.135002,-88.195999,91.586998,120.988998,86.857002,246.806000,-94.000000,-401.000000,1280.000000,116.000000,250.000000,649.000000
590,1743667109237232,122.139000,-88.974098,92.422401,122.139000,87.595200,248.973999,121.281998,-88.330002,91.711998,121.153999,87.045998,247.214996,-42.000000,-300.000000,1467.000000,486.000000,341.000000,375.000000
591,1743667109241851,122.356003,-89.130501,92.584999,122.356003,87.749100,249.423996,121.603996,-88.581001,91.947998,121.462997,87.160004,247.552994,-271.000000,-323.000000,1396.000000,162.000000,299.000000,614.000000
592,1743667109247422,122.571999,-89.286903,92.747597,122.571999,87.903099,249.873993,121.603996,-88.581001,91.947998,121.462997,87.160004,247.552994,-271.000000,-323.000000,1396.000000,162.000000,299.000000,614.000000
593,1743667109252189,122.788002,-89.443298,92.910202,122.788002,88.056999,250.324005,121.790001,-88.732002,92.102997,121.688004,87.311996,248.074005,-258.000000,-541.000000,1721.000000,109.000000,355.000000,646.000000
594,1743667109256823,123.003998,-89.599701,93.072800,123.003998,88.210899,250.774002,122.184998,-88.996002,92.414001,122.135002,87.633003,248.944000,-229.000000,-766.000000,2421.000000,208.000000,389.000000,616.000000
594,1743667109261724,123.003998,-89.599701,93.072800,123.003998,88.210899,250.774002,122.184998,-88.996002,92.414001,122.135002,87.633003,248.944000,-229.000000,-766.000000,2421.000000,208.000000,389.000000,616.000000
596,1743667109267304,123.436996,-89.912498,93.398003,123.436996,88.518799,251.673996,122.392998,-89.147003,92.581001,122.349998,87.816002,249.561005,-83.000000,-446.000000,1808.000000,-34.000000,363.000000,677.000000
596,1743667109271953,123.436996,-89.912498,93.398003,123.436996,88.518799,251.673996,122.603996,-89.313004,92.747002,122.543999,87.976997,249.990997,-80.000000,-671.000000,1984.000000,192.000000,274.000000,559.000000
598,1743667109277750,123.869003,-90.225403,93.723198,123.869003,88.826698,252.574005,122.822998,-89.468002,92.919998,122.759003,88.070000,250.253998,171.000000,-474.000000,1433.000000,66.000000,308.000000,403.000000
598,1743667109282405,123.869003,-90.225403,93.723198,123.869003,88.826698,252.574005,123.042000,-89.633003,93.098999,122.947998,88.252998,250.675995,-196.000000,-291.000000,1197.000000,193.000000,372.000000,651.000000
599,1743667109287023,124.084999,-90.381798,93.885803,124.084999,88.980598,253.024002,123.269997,-89.799004,93.297997,123.202003,88.387001,251.128998,87.000000,-652.000000,1232.000000,167.000000,264.000000,373.000000
600,1743667109292690,124.301003,-90.538200,94.048401,124.301003,89.134598,253.473999,123.469002,-89.946999,93.441002,123.414001,88.527000,251.789993,-382.000000,-584.000000,1176.000000,113.000000,480.000000,493.000000
601,1743667109297381,124.517998,-90.694603,94.210999,124.517998,89.288498,253.923996,123.667999,-90.094002,93.577003,123.608002,88.683998,252.207993,-340.000000,-666.000000,1737.000000,32.000000,659.000000,589.000000
602,1743667109301920,124.734001,-90.850998,94.373596,124.734001,89.442398,254.373993,123.835999,-90.199997,93.694000,123.778000,88.835999,252.632996,-229.000000,-802.000000,1732.000000,107.000000,406.000000,539.000000
603,1743667109307525,124.949997,-91.007401,94.536201,124.949997,89.596397,254.824005,124.075996,-90.379997,93.867996,124.038002,89.003998,253.072006,-297.000000,-826.000000,1559.000000,-61.000000,519.000000,522.000000
604,1743667109312076,125.166000,-91.163803,94.698799,125.166000,89.750298,255.274002,124.228996,-90.497002,93.989998,124.195999,89.152000,253.520996,-106.000000,-876.000000,1710.000000,358.000000,347.000000,627.000000
605,1743667109317955,125.382004,-91.320198,94.861397,125.382004,89.904198,255.723999,124.483002,-90.692001,94.172997,124.439003,89.369003,254.029007,132.000000,-562.000000,1742.000000,137.000000,281.000000,687.000000
606,1743667109322473,125.598999,-91.476601,95.024002,125.598999,90.058197,256.174011,124.751999,-90.876999,94.369003,124.707001,89.485001,254.334000,79.000000,-332.000000,1729.000000,346.000000,490.000000,532.000000
607,1743667109327107,125.815002,-91.633003,95.186600,125.815002,90.212097,256.623993,125.010002,-91.083000,94.556000,124.932999,89.596001,254.841003,-96.000000,-287.000000,1817.000000,114.000000,134.000000,562.000000
608,1743667109331677,126.030998,-91.789398,95.349197,126.030998,90.365997,257.074005,125.164001,-91.190002,94.686996,125.093002,89.713997,255.138000,11.000000,-243.000000,1998.000000,201.000000,516.000000,582.000000
609,1743667109337352,126.247002,-91.945900,95.511803,126.247002,90.519997,257.523987,125.418999,-91.359001,94.860001,125.319000,89.839996,255.539001,-357.000000,-533.000000,1946.000000,81.000000,534.000000,249.000000
610,1743667109341846,126.462997,-92.102303,95.674400,126.462997,90.673897,257.973999,125.612000,-91.491997,95.003998,125.505997,90.068001,256.295013,-483.000000,-557.000000,1591.000000,145.000000,286.000000,359.000000
611,1743667109347597,126.680000,-92.258698,95.836899,126.680000,90.827904,258.424011,125.906998,-91.691002,95.202003,125.763000,90.152000,256.601990,-162.000000,-1060.000000,1932.000000,-1.000000,429.000000,594.000000
612,1743667109352181,126.896004,-92.415100,95.999496,126.896004,90.981796,258.873993,125.992996,-91.750000,95.313004,125.910004,90.324997,257.069000,-199.000000,-917.000000,1582.000000,67.000000,673.000000,614.000000
613,1743667109357610,127.112000,-92.571503,96.162102,127.112000,91.135696,259.324005,126.297997,-91.984001,95.501999,126.168999,90.440002,257.403992,196.000000,-917.000000,1382.000000,203.000000,347.000000,651.000000
614,1743667109362018,127.328003,-92.727898,96.324699,127.328003,91.289703,259.773987,126.496002,-92.135002,95.679001,126.406998,90.658997,258.052002,73.000000,-541.000000,1378.000000,110.000000,268.000000,553.000000
615,1743667109367675,127.544998,-92.884300,96.487297,127.544998,91.443604,260.223999,126.755997,-92.322998,95.873001,126.666000,90.750999,258.332001,69.000000,-346.000000,1392.000000,193.000000,383.000000,485.000000
616,1743667109372299,127.761002,-93.040703,96.649902,127.761002,91.597504,260.674011,126.917999,-92.443001,95.986000,126.831001,90.974998,258.923004,-121.000000,-546.000000,1321.000000,-37.000000,272.000000,520.000000
617,1743667109377963,127.976997,-93.197098,96.812500,127.976997,91.751503,261.123993,127.154999,-92.607002,96.143997,127.084999,91.068001,259.187012,-436.000000,-432.000000,1875.000000,4.000000,282.000000,466.000000
618,1743667109382493,128.192993,-93.353500,96.975098,128.192993,91.905403,261.574005,127.357002,-92.750000,96.295998,127.272003,91.260002,259.700012,-189.000000,-496.000000,2550.000000,24.000000,456.000000,605.000000
619,1743667109387128,128.408997,-93.509903,97.137703,128.408997,92.059303,262.023987,127.551003,-92.891998,96.458000,127.468002,91.484001,260.313995,-309.000000,-731.000000,2162.000000,66.000000,516.000000,641.000000
620,1743667109392669,128.626007,-93.666298,97.300301,128.626007,92.213303,262.473999,127.706001,-93.000000,96.584000,127.635002,91.616997,260.678986,-99.000000,-535.000000,1795.000000,73.000000,464.000000,419.000000
621,1743667109397273,128.841995,-93.822800,97.462898,128.841995,92.367203,262.924011,127.947998,-93.157997,96.778999,127.892998,91.786003,261.169006,34.000000,-583.000000,1607.000000,124.000000,427.000000,600.000000
621,1743667109401773,128.841995,-93.822800,97.462898,128.841995,92.367203,262.924011,128.097000,-93.281998,96.917999,128.063004,91.943001,261.601990,220.000000,-583.000000,1925.000000,156.000000,356.000000,591.000000
622,1743667109407368,129.057999,-93.979202,97.625504,129.057999,92.521103,263.373993,128.445007,-93.538002,97.191002,128.414993,92.065002,261.915009,121.000000,-529.000000,1357.000000,241.000000,427.000000,630.000000
623,1743667109411929,129.274002,-94.135597,97.788101,129.274002,92.675102,263.824005,128.612000,-93.662003,97.295998,128.574997,92.190002,262.354004,171.000000,-587.000000,1272.000000,133.000000,401.000000,539.000000
624,1743667109417615,129.490005,-94.292000,97.950699,129.490005,92.829002,264.273987,128.860001,-93.848999,97.483002,128.796005,92.334000,262.804993,-420.000000,-585.000000,1839.000000,19.000000,520.000000,496.000000
625,1743667109422119,129.707001,-94.448402,98.113297,129.707001,92.983002,264.723999,128.860001,-93.848999,97.483002,128.796005,92.334000,262.804993,-420.000000,-585.000000,1839.000000,19.000000,520.000000,496.000000
626,1743667109427759,129.923004,-94.604797,98.275902,129.923004,93.136902,265.174011,129.022995,-93.953003,97.612000,129.007004,92.514000,263.382996,-437.000000,-651.000000,1912.000000,110.000000,362.000000,558.000000
627,1743667109432216,130.139008,-94.761200,98.438499,130.139008,93.290802,265.623993,129.307007,-94.157997,97.822998,129.201004,92.656998,263.808990,-340.000000,-644.000000,1771.000000,277.000000,571.000000,449.000000
628,1743667109437795,130.354996,-94.917603,98.601097,130.354996,93.444801,266.074005,129.481995,-94.299004,97.969002,129.477997,92.778000,264.187988,-359.000000,-787.000000,1864.000000,59.000000,340.000000,588.000000
629,1743667109442391,130.570999,-95.073997,98.763702,130.570999,93.598701,266.523987,129.723007,-94.481003,98.147003,129.697006,92.933998,264.634003,-56.000000,-625.000000,1834.000000,357.000000,398.000000,402.000000
630,1743667109447090,130.787994,-95.230400,98.926300,130.787994,93.752602,266.973999,129.893997,-94.603996,98.255997,129.841003,93.098999,265.085999,328.000000,-412.000000,1553.000000,170.000000,296.000000,722.000000
631,1743667109451784,131.003998,-95.386803,99.088898,131.003998,93.906601,267.424011,130.108994,-94.767998,98.411003,130.048996,93.336998,265.653015,236.000000,-400.000000,1581.000000,354.000000,208.000000,575.000000
632,1743667109457506,131.220001,-95.543198,99.251404,131.220001,94.060501,267.873993,130.317001,-94.908997,98.570000,130.263000,93.492996,266.065002,-22.000000,-341.000000,1567.000000,12.000000,371.000000,634.000000
633,1743667109462053,131.436005,-95.699600,99.414001,131.436005,94.214401,268.324005,130.613007,-95.125000,98.790001,130.557007,93.611000,266.480011,-75.000000,-586.000000,1685.000000,212.000000,265.000000,580.000000
634,1743667109467742,131.651993,-95.856102,99.576599,131.651993,94.368401,268.773987,130.800995,-95.268997,98.945000,130.781006,93.752998,266.888000,-525.000000,-616.000000,2144.000000,-152.000000,389.000000,590.000000
635,1743667109472290,131.869003,-96.012497,99.739197,131.869003,94.522301,269.223999,131.013000,-95.412003,99.080002,130.886002,93.904999,267.346008,-389.000000,-503.000000,1986.000000,-59.000000,416.000000,429.000000
636,1743667109478126,132.085007,-96.168900,99.901802,132.085007,94.676300,269.674011,131.212006,-95.558998,99.241997,131.186005,94.049004,267.773010,-187.000000,-995.000000,2225.000000,-69.000000,443.000000,594.000000
637,1743667109482594,132.300995,-96.325302,100.064003,132.300995,94.830200,270.123993,131.419006,-95.709999,99.401001,131.380005,94.265999,268.346985,-198.000000,-672.000000,1869.000000,276.000000,335.000000,561.000000
638,1743667109487045,132.516998,-96.481697,100.226997,132.516998,94.984100,270.574005,131.628998,-95.838997,99.564003,131.578995,94.408997,268.783997,285.000000,-440.000000,1293.000000,-75.000000,517.000000,571.000000
639,1743667109492626,132.733002,-96.638100,100.389999,132.733002,95.138100,271.023987,131.910004,-95.990997,99.728996,131.759995,94.551003,269.223999,381.000000,-530.000000,1556.000000,478.000000,105.000000,600.000000
640,1743667109496961,132.949997,-96.794502,100.552002,132.949997,95.292000,271.473999,132.041000,-96.143997,99.889999,131.966003,94.683998,269.640015,387.000000,-254.000000,1955.000000,6.000000,265.000000,461.000000
641,1743667109502492,133.166000,-96.950897,100.714996,133.166000,95.445900,271.924011,132.343994,-96.349998,100.082001,132.164993,94.803001,270.061005,-157.000000,-390.000000,2072.000000,28.000000,448.000000,649.000000
642,1743667109506946,133.382004,-97.107300,100.876999,133.382004,95.599899,272.373993,132.546997,-96.497002,100.244003,132.447998,94.931999,270.497986,-370.000000,-616.000000,1877.000000,-69.000000,322.000000,519.000000
643,1743667109512763,133.598007,-97.263702,101.040001,133.598007,95.753799,272.824005,132.748993,-96.639000,100.394997,132.654999,95.133003,271.097992,-368.000000,-669.000000,1887.000000,79.000000,353.000000,532.000000
644,1743667109517325,133.813995,-97.420097,101.203003,133.813995,95.907700,273.273987,132.955994,-96.759003,100.538002,132.876007,95.236000,271.363007,-352.000000,-699.000000,1602.000000,113.000000,399.000000,561.000000
644,1743667109521883,133.813995,-97.420097,101.203003,133.813995,95.907700,273.273987,133.156998,-96.905998,100.689003,133.087997,95.428001,271.972992,-186.000000,-824.000000,1800.000000,189.000000,362.000000,460.000000
646,1743667109527623,134.246994,-97.733002,101.528000,134.246994,96.215599,274.174011,133.350006,-97.061996,100.852997,133.294998,95.596001,272.338013,-171.000000,-915.000000,1982.000000,145.000000,435.000000,616.000000
646,1743667109532212,134.246994,-97.733002,101.528000,134.246994,96.215599,274.174011,133.645004,-97.295998,100.998001,133.464005,95.774002,272.766998,268.000000,-597.000000,1434.000000,196.000000,447.000000,483.000000
647,1743667109537850,134.462997,-97.889397,101.690002,134.462997,96.369499,274.623993,133.776001,-97.396004,101.162003,133.673004,96.001999,273.276001,263.000000,-299.000000,1749.000000,419.000000,266.000000,617.000000
648,1743667109542457,134.679001,-98.045799,101.852997,134.679001,96.523499,275.074005,133.776001,-97.396004,101.162003,133.673004,96.001999,273.276001,263.000000,-299.000000,1749.000000,419.000000,266.000000,617.000000
649,1743667109548191,134.895004,-98.202202,102.015999,134.895004,96.677399,275.523987,134.199997,-97.696999,101.478996,134.097000,96.240997,274.188995,-31.000000,-540.000000,2222.000000,116.000000,442.000000,663.000000
650,1743667109552806,135.112000,-98.358597,102.178001,135.112000,96.831398,275.973999,134.199997,-97.696999,101.478996,134.097000,96.240997,274.188995,-31.000000,-540.000000,2222.000000,116.000000,442.000000,663.000000
651,1743667109557413,135.328003,-98.514999,102.341003,135.328003,96.985298,276.424011,134.494003,-97.920998,101.693001,134.397995,96.345001,274.515991,-299.000000,-476.000000,2372.000000,-70.000000,386.000000,593.000000
652,1743667109562058,135.544006,-98.671402,102.502998,135.544006,97.139198,276.873993,134.688995,-98.047997,101.866997,134.660004,96.523003,274.983002,-222.000000,-628.000000,2236.000000,218.000000,462.000000,523.000000
653,1743667109567778,135.759995,-98.827797,102.666000,135.759995,97.293198,277.324005,134.858994,-98.180000,102.004997,134.820007,96.625999,275.328003,-106.000000,-865.000000,2314.000000,-45.000000,326.000000,566.000000
654,1743667109572413,135.975998,-98.984200,102.829002,135.975998,97.447098,277.773987,134.996994,-98.289001,102.124001,134.957001,96.799004,275.920990,-66.000000,-694.000000,1742.000000,292.000000,475.000000,588.000000
655,1743667109576856,136.192993,-99.140602,102.990997,136.192993,97.600998,278.223999,135.326004,-98.502998,102.347000,135.240997,96.896004,276.242004,398.000000,-652.000000,1417.000000,80.000000,342.000000,530.000000
656,1743667109582542,136.408997,-99.296997,103.153999,136.408997,97.754997,278.674011,135.412994,-98.581001,102.442001,135.371994,97.105003,276.868988,453.000000,-610.000000,1140.000000,274.000000,515.000000,559.000000
657,1743667109587167,136.625000,-99.453400,103.316002,136.625000,97.908897,279.123993,135.718002,-98.810997,102.674004,135.695999,97.170998,277.082001,51.000000,-518.000000,1562.000000,-120.000000,300.000000,615.000000
658,1743667109591766,136.841003,-99.609802,103.478996,136.841003,98.062798,279.574005,135.959000,-98.931000,102.769997,135.837006,97.333000,277.673004,-145.000000,-705.000000,1670.000000,56.000000,354.000000,573.000000
659,1743667109597545,137.057999,-99.766296,103.641998,137.057999,98.216797,280.023987,136.102005,-99.084000,102.921997,136.059998,97.513000,278.164001,-411.000000,-460.000000,2068.000000,-232.000000,575.000000,247.000000
660,1743667109602171,137.274002,-99.922699,103.804001,137.274002,98.370697,280.473999,136.307007,-99.249001,103.071999,136.237000,97.661003,278.615997,-544.000000,-786.000000,2319.000000,167.000000,391.000000,887.000000
661,1743667109607930,137.490005,-100.079002,103.967003,137.490005,98.524696,280.924011,136.526993,-99.408997,103.259003,136.457993,97.846001,279.066986,-348.000000,-739.000000,2018.000000,42.000000,440.000000,629.000000
662,1743667109612581,137.705994,-100.235001,104.128998,137.705994,98.678596,281.373993,136.738007,-99.563004,103.425003,136.686996,97.959000,279.373993,-105.000000,-707.000000,1902.000000,130.000000,461.000000,601.000000
663,1743667109617080,137.921997,-100.391998,104.292000,137.921997,98.832497,281.824005,136.968994,-99.703003,103.586998,136.919006,98.236000,279.970001,206.000000,-380.000000,2002.000000,133.000000,385.000000,607.000000
664,1743667109621780,138.139008,-100.547997,104.454002,138.139008,98.986504,282.273987,137.173004,-99.864998,103.757004,137.139008,98.417999,280.411987,492.000000,-656.000000,2048.000000,222.000000,191.000000,585.000000
665,1743667109627492,138.354996,-100.705002,104.616997,138.354996,99.140404,282.723999,137.399994,-100.025002,103.904999,137.315002,98.488998,280.869995,281.000000,-476.000000,1873.000000,200.000000,591.000000,559.000000
666,1743667109632221,138.570999,-100.861000,104.779999,138.570999,99.294296,283.174011,137.705002,-100.180000,104.078003,137.546005,98.681000,281.298004,-88.000000,-439.000000,1426.000000,163.000000,494.000000,555.000000
667,1743667109637989,138.787003,-101.017998,104.942001,138.787003,99.448303,283.623993,137.914001,-100.379997,104.296997,137.835007,98.801003,281.721985,-313.000000,-583.000000,1996.000000,-1.000000,317.000000,620.000000
668,1743667109642533,139.003006,-101.174004,105.105003,139.003006,99.602203,284.074005,138.121002,-100.511002,104.448997,138.029007,98.952003,282.157013,-296.000000,-833.000000,1969.000000,182.000000,662.000000,557.000000
668,1743667109647097,139.003006,-101.174004,105.105003,139.003006,99.602203,284.074005,138.302002,-100.648003,104.598000,138.223007,99.067001,282.605988,-422.000000,-951.000000,2065.000000,34.000000,289.000000,552.000000
670,1743667109652693,139.436005,-101.487000,105.430000,139.436005,99.910103,284.973999,138.501007,-100.794998,104.750000,138.393997,99.265999,282.998993,-249.000000,-923.000000,1899.000000,72.000000,555.000000,574.000000
670,1743667109657291,139.436005,-101.487000,105.430000,139.436005,99.910103,284.973999,138.694000,-100.948997,104.889000,138.563004,99.408997,283.579987,368.000000,-574.000000,1631.000000,488.000000,293.000000,655.000000
671,1743667109661916,139.651993,-101.642998,105.593002,139.651993,100.064003,285.424011,138.979004,-101.109001,105.040001,138.785995,99.556000,284.006012,526.000000,-702.000000,1489.000000,149.000000,424.000000,521.000000
672,1743667109667546,139.867996,-101.800003,105.754997,139.867996,100.218002,285.873993,139.113998,-101.266998,105.194000,139.007004,99.706001,284.437988,408.000000,-633.000000,1545.000000,446.000000,255.000000,650.000000
673,1743667109672192,140.084000,-101.956001,105.917999,140.084000,100.372002,286.324005,139.423004,-101.402000,105.348999,139.233002,99.860001,284.885986,180.000000,-551.000000,2078.000000,-13.000000,374.000000,518.000000
674,1743667109677745,140.300995,-102.112000,106.080002,140.300995,100.526001,286.773987,139.612000,-101.617996,105.564003,139.548004,100.000999,285.286011,-304.000000,-286.000000,2323.000000,72.000000,261.000000,493.000000
675,1743667109682112,140.516998,-102.268997,106.242996,140.516998,100.680000,287.223999,139.759003,-101.704002,105.652000,139.684998,100.139999,285.713989,-379.000000,-577.000000,2677.000000,-197.000000,384.000000,799.000000
676,1743667109687493,140.733002,-102.425003,106.405998,140.733002,100.834000,287.674011,140.007996,-101.908997,105.862000,139.960999,100.297997,286.102997,-372.000000,-587.000000,2501.000000,194.000000,316.000000,507.000000
677,1743667109691859,140.949005,-102.582001,106.568001,140.949005,100.987999,288.123993,140.197006,-102.052002,106.028999,140.166000,100.524002,286.523987,-155.000000,-486.000000,1732.000000,-115.000000,447.000000,675.000000
678,1743667109697491,141.164993,-102.737999,106.731003,141.164993,101.141998,288.574005,140.389999,-102.190002,106.181000,140.362000,100.598000,286.972992,10.000000,-666.000000,1662.000000,398.000000,242.000000,592.000000
679,1743667109702111,141.382004,-102.893997,106.892998,141.382004,101.294998,289.023987,140.582001,-102.324997,106.339996,140.548996,100.800003,287.321991,372.000000,-827.000000,1548.000000,-86.000000,494.000000,627.000000
680,1743667109707972,141.598007,-103.051003,107.056000,141.598007,101.448997,289.473999,140.779999,-102.495003,106.512001,140.733002,100.934998,287.976013,408.000000,-1033.000000,1714.000000,483.000000,457.000000,652.000000
681,1743667109712742,141.813995,-103.207001,107.219002,141.813995,101.602997,289.924011,141.037003,-102.720001,106.672997,140.942001,101.073997,288.380005,69.000000,-527.000000,1453.000000,89.000000,417.000000,676.000000
682,1743667109717391,142.029999,-103.363998,107.380997,142.029999,101.757004,290.373993,141.037003,-102.720001,106.672997,140.942001,101.073997,288.380005,69.000000,-527.000000,1453.000000,89.000000,417.000000,676.000000
683,1743667109721964,142.246002,-103.519997,107.543999,142.246002,101.911003,290.824005,141.365005,-102.973999,106.961998,141.362000,101.341003,289.246002,-150.000000,-601.000000,2097.000000,-40.000000,355.000000,560.000000
684,1743667109727680,142.462997,-103.676003,107.706001,142.462997,102.065002,291.273987,141.365005,-102.973999,106.961998,141.362000,101.341003,289.246002,-150.000000,-601.000000,2097.000000,-40.000000,355.000000,560.000000
685,1743667109732389,142.679001,-103.833000,107.869003,142.679001,102.219002,291.723999,141.671005,-103.168999,107.122002,141.595001,101.483002,289.697998,-302.000000,-599.000000,2394.000000,-59.000000,354.000000,587.000000
686,1743667109737002,142.895004,-103.988998,108.031998,142.895004,102.373001,292.174011,141.854996,-103.307999,107.321999,141.891998,101.633003,290.148010,-151.000000,-384.000000,2078.000000,7.000000,344.000000,651.000000
687,1743667109742674,143.110992,-104.146004,108.194000,143.110992,102.527000,292.623993,142.069000,-103.452003,107.473000,142.078995,101.824997,290.723999,23.000000,-782.000000,2349.000000,349.000000,228.000000,531.000000
688,1743667109747323,143.326996,-104.302002,108.357002,143.326996,102.681000,293.074005,142.289993,-103.594002,107.619003,142.270004,101.978996,291.165009,433.000000,-609.000000,2053.000000,133.000000,543.000000,536.000000
689,1743667109751842,143.544006,-104.458000,108.518997,143.544006,102.834999,293.523987,142.520004,-103.745003,107.789001,142.447998,102.144997,291.420013,427.000000,-623.000000,1583.000000,281.000000,323.000000,550.000000
690,1743667109757524,143.759995,-104.614998,108.681999,143.759995,102.988998,293.973999,142.750000,-103.900002,107.958000,142.664993,102.299004,292.048004,274.000000,-689.000000,1818.000000,453.000000,275.000000,757.000000
691,1743667109762108,143.975998,-104.771004,108.845001,143.975998,103.142998,294.424011,142.970993,-104.041000,108.120003,142.871002,102.469002,292.471008,116.000000,-564.000000,1811.000000,69.000000,447.000000,461.000000
692,1743667109767811,144.192001,-104.928001,109.007004,144.192001,103.296997,294.873993,143.162003,-104.181999,108.280998,143.067993,102.621002,292.837006,-103.000000,-910.000000,2171.000000,286.000000,356.000000,626.000000
693,1743667109772557,144.408005,-105.084000,109.169998,144.408005,103.450996,295.324005,143.447998,-104.333000,108.428001,143.289001,102.778999,293.269989,-425.000000,-683.000000,2232.000000,-91.000000,395.000000,536.000000
693,1743667109776995,144.408005,-105.084000,109.169998,144.408005,103.450996,295.324005,143.643997,-104.533997,108.624001,143.561005,102.935997,293.722992,-290.000000,-522.000000,1919.000000,63.000000,380.000000,561.000000
694,1743667109781687,144.625000,-105.240997,109.332001,144.625000,103.605003,295.773987,143.843002,-104.682999,108.775002,143.759995,103.136002,294.329987,-160.000000,-774.000000,1764.000000,96.000000,275.000000,577.000000
695,1743667109787371,144.841003,-105.397003,109.495003,144.841003,103.758003,296.223999,144.048004,-104.834000,108.926003,143.959000,103.234001,294.591003,101.000000,-798.000000,1771.000000,314.000000,484.000000,599.000000
696,1743667109791968,145.057007,-105.553001,109.657997,145.057007,103.912003,296.674011,144.253998,-104.970001,109.080002,144.175995,103.415001,295.147003,625.000000,-717.000000,1855.000000,64.000000,375.000000,611.000000
697,1743667109797836,145.272995,-105.709999,109.820000,145.272995,104.066002,297.123993,144.449997,-105.133003,109.235001,144.401001,103.563004,295.539001,482.000000,-327.000000,1675.000000,382.000000,186.000000,605.000000
698,1743667109802484,145.488998,-105.865997,109.983002,145.488998,104.220001,297.574005,144.783005,-105.338997,109.380997,144.623993,103.690002,295.996002,137.000000,-613.000000,2162.000000,16.000000,348.000000,643.000000
699,1743667109807112,145.705994,-106.023003,110.144997,145.705994,104.374001,298.023987,144.992996,-105.496002,109.581001,144.886993,103.797997,296.433990,-273.000000,-600.000000,2244.000000,181.000000,386.000000,707.000000
700,1743667109812805,145.921997,-106.179001,110.307999,145.921997,104.528000,298.473999,145.203003,-105.640999,109.738998,145.080994,104.007004,297.022003,-531.000000,-582.000000,2433.000000,-220.000000,473.000000,526.000000
701,1743667109817343,146.138000,-106.334999,110.471001,146.138000,104.681999,298.924011,145.406006,-105.764999,109.893997,145.270004,104.087997,297.259003,-335.000000,-826.000000,2175.000000,268.000000,348.000000,624.000000
702,1743667109821852,146.354004,-106.491997,110.633003,146.354004,104.835999,299.373993,145.612000,-105.912003,110.057999,145.490005,104.271004,297.699005,-12.000000,-822.000000,1852.000000,35.000000,437.000000,637.000000
703,1743667109827566,146.570999,-106.648003,110.795998,146.570999,104.989998,299.824005,145.792999,-106.059998,110.217003,145.699997,104.416000,298.283997,72.000000,-1075.000000,1632.000000,241.000000,397.000000,439.000000
704,1743667109832038,146.787003,-106.805000,110.958000,146.787003,105.143997,300.273987,146.082001,-106.269997,110.341003,145.876999,104.592003,298.729004,546.000000,-592.000000,1828.000000,111.000000,455.000000,591.000000
705,1743667109837725,147.003006,-106.960999,111.121002,147.003006,105.297997,300.723999,146.222000,-106.373001,110.543999,146.102997,104.753998,299.153015,674.000000,-875.000000,1524.000000,320.000000,414.000000,719.000000
706,1743667109842263,147.218994,-107.116997,111.282997,147.218994,105.452003,301.174011,146.550003,-106.587997,110.689003,146.313995,104.904999,299.545990,374.000000,-609.000000,1836.000000,175.000000,278.000000,541.000000
707,1743667109848068,147.434998,-107.274002,111.445999,147.434998,105.606003,301.623993,146.770996,-106.721001,110.903999,146.626999,105.057999,299.971985,161.000000,-660.000000,2135.000000,344.000000,413.000000,558.000000
708,1743667109852731,147.651993,-107.430000,111.609001,147.651993,105.760002,302.074005,146.770996,-106.721001,110.903999,146.626999,105.057999,299.971985,161.000000,-660.000000,2135.000000,344.000000,413.000000,558.000000
709,1743667109857402,147.867996,-107.586998,111.771004,147.867996,105.914001,302.523987,147.126007,-106.994003,111.181000,146.990005,105.277000,300.643005,-629.000000,-617.000000,2357.000000,134.000000,331.000000,338.000000
710,1743667109861972,148.084000,-107.742996,111.933998,148.084000,106.068001,302.973999,147.126007,-106.994003,111.181000,146.990005,105.277000,300.643005,-629.000000,-617.000000,2357.000000,134.000000,331.000000,338.000000
711,1743667109867659,148.300003,-107.899002,112.096001,148.300003,106.221001,303.424011,147.315994,-107.125999,111.350998,147.181000,105.523003,301.381989,-316.000000,-514.000000,2346.000000,70.000000,520.000000,299.000000
712,1743667109872272,148.516006,-108.056000,112.259003,148.516006,106.375000,303.873993,147.507004,-107.269997,111.512001,147.354996,105.652000,301.779999,-129.000000,-837.000000,2036.000000,265.000000,323.000000,599.000000
713,1743667109877926,148.733002,-108.211998,112.421997,148.733002,106.528999,304.324005,147.774002,-107.461998,111.704002,147.626007,105.794998,302.226013,302.000000,-891.000000,1115.000000,302.000000,545.000000,656.000000
714,1743667109882497,148.949005,-108.369003,112.584000,148.949005,106.682999,304.773987,147.895004,-107.554001,111.792000,147.761993,105.925003,302.665985,599.000000,-771.000000,1273.000000,105.000000,294.000000,472.000000
715,1743667109887082,149.164993,-108.525002,112.747002,149.164993,106.836998,305.223999,148.179001,-107.788002,112.011002,148.063995,106.053001,303.114014,501.000000,-973.000000,2026.000000,214.000000,623.000000,626.000000
716,1743667109892724,149.380997,-108.681999,112.908997,149.380997,106.990997,305.674011,148.378998,-107.935997,112.168999,148.285995,106.263000,303.559998,252.000000,-841.000000,2434.000000,82.000000,425.000000,499.000000
717,1743667109897261,149.597000,-108.837997,113.071999,149.597000,107.144997,306.123993,148.516998,-108.070999,112.277000,148.438995,106.387001,303.993011,32.000000,-593.000000,2419.000000,157.000000,268.000000,589.000000
717,1743667109901834,149.597000,-108.837997,113.071999,149.597000,107.144997,306.123993,148.707993,-108.234001,112.454002,148.684006,106.539001,304.446014,-223.000000,-690.000000,2654.000000,-149.000000,466.000000,490.000000
718,1743667109907421,149.813995,-108.994003,113.235001,149.813995,107.299004,306.574005,148.921997,-108.398003,112.609001,148.889999,106.716003,304.934998,-134.000000,-627.000000,2352.000000,170.000000,384.000000,678.000000
719,1743667109911854,150.029999,-109.151001,113.397003,150.029999,107.453003,307.023987,149.158005,-108.550003,112.795998,149.139008,106.835999,305.247986,63.000000,-557.000000,1979.000000,-56.000000,321.000000,290.000000
720,1743667109917470,150.246002,-109.306999,113.559998,150.246002,107.607002,307.473999,149.352997,-108.710999,112.948997,149.311005,107.018997,305.726990,235.000000,-684.000000,2001.000000,434.000000,484.000000,834.000000
721,1743667109921971,150.462006,-109.463997,113.722000,150.462006,107.761002,307.924011,149.554993,-108.858002,113.109001,149.494995,107.239998,306.119995,613.000000,-818.000000,1837.000000,-18.000000,502.000000,628.000000
722,1743667109927675,150.677994,-109.620003,113.885002,150.677994,107.915001,308.373993,149.811996,-109.016998,113.288002,149.712006,107.410004,306.772003,429.000000,-670.000000,1609.000000,432.000000,309.000000,489.000000
723,1743667109932231,150.895004,-109.776001,114.047997,150.895004,108.069000,308.824005,150.014008,-109.162003,113.442001,149.940994,107.524002,307.169006,285.000000,-568.000000,1672.000000,12.000000,672.000000,540.000000
724,1743667109937882,151.110992,-109.932999,114.209999,151.110992,108.223000,309.273987,150.320999,-109.385002,113.640999,150.240005,107.653000,307.572998,93.000000,-866.000000,2237.000000,17.000000,371.000000,680.000000
725,1743667109942511,151.326996,-110.088997,114.373001,151.326996,108.376999,309.723999,150.470001,-109.490997,113.744003,150.399994,107.809998,308.088013,-265.000000,-967.000000,2388.000000,-186.000000,465.000000,536.000000
726,1743667109947120,151.542999,-110.246002,114.535004,151.542999,108.529999,310.174011,150.751007,-109.696999,113.889000,150.604004,107.954002,308.476013,-88.000000,-921.000000,2169.000000,76.000000,510.000000,613.000000
727,1743667109952875,151.759003,-110.402000,114.697998,151.759003,108.683998,310.623993,150.981995,-109.845001,114.110001,150.940994,108.082001,308.933990,-137.000000,-453.000000,1719.000000,11.000000,264.000000,459.000000
728,1743667109957531,151.975998,-110.557999,114.861000,151.975998,108.837997,311.074005,151.203003,-110.016998,114.272003,151.147003,108.219002,309.472992,150.000000,-942.000000,2170.000000,305.000000,461.000000,568.000000
729,1743667109962207,152.192001,-110.714996,115.023003,152.192001,108.991997,311.523987,151.328003,-110.107002,114.380997,151.257996,108.370003,309.914001,540.000000,-686.000000,2094.000000,211.000000,475.000000,754.000000
730,1743667109967898,152.408005,-110.871002,115.185997,152.408005,109.146004,311.973999,151.639999,-110.328003,114.610001,151.472000,108.511002,310.363007,555.000000,-619.000000,2261.000000,426.000000,345.000000,318.000000
731,1743667109972438,152.623993,-111.028000,115.348000,152.623993,109.300003,312.424011,151.768997,-110.416000,114.709999,151.697006,108.651001,310.756012,386.000000,-499.000000,2383.000000,100.000000,309.000000,607.000000
732,1743667109977117,152.839996,-111.183998,115.511002,152.839996,109.454002,312.873993,152.044998,-110.603996,114.930000,151.947006,108.793999,311.205994,55.000000,-706.000000,2892.000000,261.000000,423.000000,590.000000
733,1743667109981793,153.057007,-111.339996,115.674004,153.057007,109.608002,313.324005,152.044998,-110.603996,114.930000,151.947006,108.793999,311.205994,55.000000,-706.000000,2892.000000,261.000000,423.000000,590.000000
734,1743667109987574,153.272995,-111.497002,115.835999,153.272995,109.762001,313.773987,152.244003,-110.762001,115.101997,152.156998,109.028000,311.824005,-223.000000,-738.000000,1971.000000,82.000000,389.000000,468.000000
735,1743667109992114,153.488998,-111.653000,115.999001,153.488998,109.916000,314.223999,152.434998,-110.901001,115.263000,152.362000,109.191002,312.266998,-205.000000,-765.000000,1821.000000,105.000000,558.000000,638.000000
736,1743667109997954,153.705002,-111.809998,116.161003,153.705002,110.070000,314.674011,152.733002,-111.102997,115.487999,152.651993,109.352997,312.699005,192.000000,-1020.000000,1910.000000,-3.000000,411.000000,698.000000
737,1743667110002498,153.921005,-111.966003,116.323997,153.921005,110.223999,315.123993,152.862000,-111.195000,115.583000,152.766006,109.518997,313.096985,263.000000,-1017.000000,1500.000000,255.000000,536.000000,542.000000
738,1743667110007178,154.138000,-112.122002,116.487000,154.138000,110.377998,315.574005,153.080002,-111.348999,115.750000,152.994003,109.688004,313.585999,495.000000,-1057.000000,1416.000000,174.000000,615.000000,589.000000
739,1743667110011744,154.354004,-112.278999,116.649002,154.354004,110.531998,316.023987,153.356003,-111.555000,115.929001,153.270996,109.866997,314.104004,388.000000,-789.000000,1731.000000,332.000000,442.000000,653.000000
740,1743667110017536,154.570007,-112.434998,116.811996,154.570007,110.685997,316.473999,153.623993,-111.727997,116.093002,153.503006,109.957001,314.359985,473.000000,-446.000000,2365.000000,89.000000,478.000000,489.000000
741,1743667110022182,154.785995,-112.592003,116.973999,154.785995,110.839996,316.924011,153.878998,-111.898003,116.258003,153.738998,110.113998,314.835999,193.000000,-770.000000,2250.000000,127.000000,326.000000,362.000000
742,1743667110027960,155.001999,-112.748001,117.137001,155.001999,110.992996,317.373993,154.087997,-112.050003,116.406998,153.925995,110.264000,315.229004,-117.000000,-650.000000,2627.000000,-1.000000,482.000000,683.000000
743,1743667110032585,155.218994,-112.904999,117.300003,155.218994,111.147003,317.824005,154.291000,-112.189003,116.558998,154.112000,110.453003,315.734009,-360.000000,-664.000000,2662.000000,201.000000,167.000000,536.000000
743,1743667110037158,155.218994,-112.904999,117.300003,155.218994,111.147003,317.824005,154.462997,-112.324997,116.718002,154.319000,110.538002,316.121002,-74.000000,-501.000000,2205.000000,83.000000,342.000000,551.000000
744,1743667110041797,155.434998,-113.060997,117.461998,155.434998,111.301003,318.273987,154.658005,-112.460999,116.879997,154.516998,110.678001,316.558014,100.000000,-874.000000,1913.000000,77.000000,354.000000,679.000000
745,1743667110047615,155.651001,-113.217003,117.625000,155.651001,111.455002,318.723999,154.856003,-112.592003,117.019997,154.712006,110.875000,317.145996,273.000000,-904.000000,1873.000000,214.000000,331.000000,596.000000
746,1743667110052260,155.867004,-113.374001,117.787003,155.867004,111.609001,319.174011,155.056000,-112.739998,117.177002,154.921997,111.015999,317.545990,802.000000,-857.000000,1829.000000,183.000000,645.000000,599.000000
747,1743667110057948,156.084000,-113.529999,117.949997,156.084000,111.763000,319.623993,155.347000,-112.945999,117.407997,155.218994,111.168999,318.000000,454.000000,-995.000000,2016.000000,262.000000,437.000000,469.000000
748,1743667110062441,156.300003,-113.686996,118.112000,156.300003,111.917000,320.074005,155.470993,-113.036003,117.498001,155.365005,111.333000,318.441986,174.000000,-962.000000,1865.000000,-46.000000,374.000000,565.000000
749,1743667110067144,156.516006,-113.843002,118.275002,156.516006,112.070999,320.523987,155.723999,-113.265999,117.721001,155.654999,111.483002,318.838989,125.000000,-1056.000000,2448.000000,92.000000,490.000000,415.000000
750,1743667110072886,156.731995,-113.999001,118.438004,156.731995,112.224998,320.973999,155.912994,-113.429001,117.873001,155.852997,111.637001,319.274994,-263.000000,-422.000000,2127.000000,48.000000,350.000000,746.000000
751,1743667110077567,156.947998,-114.155998,118.599998,156.947998,112.378998,321.424011,156.098999,-113.580002,118.012001,156.022995,111.873001,319.830994,40.000000,-888.000000,2012.000000,376.000000,261.000000,656.000000
752,1743667110081967,157.164993,-114.311996,118.763000,157.164993,112.532997,321.873993,156.098999,-113.580002,118.012001,156.022995,111.873001,319.830994,40.000000,-888.000000,2012.000000,376.000000,261.000000,656.000000
753,1743667110087772,157.380997,-114.469002,118.925003,157.380997,112.686996,322.324005,156.492996,-113.866997,118.303001,156.423996,112.144997,320.725006,185.000000,-702.000000,1857.000000,489.000000,355.000000,588.000000
754,1743667110092418,157.597000,-114.625000,119.087997,157.597000,112.841003,322.773987,156.651993,-113.976997,118.417000,156.606995,112.276001,321.165985,469.000000,-696.000000,1724.000000,231.000000,365.000000,645.000000
755,1743667110097131,157.813004,-114.780998,119.250999,157.813004,112.995003,323.223999,156.990005,-114.214996,118.653000,156.949997,112.385002,321.557007,609.000000,-915.000000,2330.000000,489.000000,529.000000,490.000000
756,1743667110101787,158.029007,-114.938004,119.413002,158.029007,113.149002,323.674011,157.227997,-114.351997,118.794998,157.151993,112.575996,321.954987,442.000000,-818.000000,2711.000000,-63.000000,381.000000,562.000000
757,1743667110107598,158.246002,-115.094002,119.575996,158.246002,113.303001,324.123993,157.453995,-114.498001,118.963997,157.354996,112.622002,322.299988,256.000000,-869.000000,2201.000000,311.000000,346.000000,606.000000
758,1743667110112188,158.462006,-115.250999,119.737999,158.462006,113.456001,324.574005,157.623993,-114.623001,119.098000,157.537003,112.820999,322.907013,-107.000000,-874.000000,2401.000000,17.000000,524.000000,584.000000
759,1743667110117937,158.677994,-115.406998,119.901001,158.677994,113.610001,325.023987,157.623993,-114.623001,119.098000,157.537003,112.820999,322.907013,-107.000000,-874.000000,2401.000000,17.000000,524.000000,584.000000
760,1743667110122452,158.893997,-115.563004,120.064003,158.893997,113.764000,325.473999,157.865005,-114.805000,119.294998,157.774002,113.005997,323.436005,-278.000000,-742.000000,1945.000000,75.000000,450.000000,789.000000
761,1743667110127108,159.110001,-115.720001,120.225998,159.110001,113.917999,325.924011,158.074997,-114.954002,119.464996,157.981995,113.146004,323.872009,105.000000,-1057.000000,1978.000000,136.000000,317.000000,338.000000
762,1743667110132817,159.326996,-115.875999,120.389000,159.326996,114.071999,326.373993,158.317993,-115.127998,119.655998,158.207993,113.329002,324.356995,276.000000,-805.000000,1608.000000,354.000000,439.000000,614.000000
763,1743667110137514,159.542999,-116.032997,120.551003,159.542999,114.225998,326.824005,158.546997,-115.286003,119.795998,158.399994,113.431000,324.644012,158.000000,-723.000000,1853.000000,-27.000000,464.000000,507.000000
764,1743667110142058,159.759003,-116.189003,120.713997,159.759003,114.379997,327.273987,158.761002,-115.442001,119.950996,158.587006,113.676003,325.075012,580.000000,-1144.000000,2335.000000,413.000000,542.000000,613.000000
765,1743667110147828,159.975006,-116.346001,120.876999,159.975006,114.533997,327.723999,158.981003,-115.587997,120.116997,158.807007,113.837997,325.683990,579.000000,-955.000000,2048.000000,195.000000,409.000000,710.000000
766,1743667110152396,160.190994,-116.501999,121.039001,160.190994,114.688004,328.174011,159.203995,-115.730003,120.271004,159.046005,113.980003,326.114014,315.000000,-688.000000,2464.000000,158.000000,421.000000,474.000000
767,1743667110158093,160.408005,-116.657997,121.202003,160.408005,114.842003,328.623993,159.404007,-115.872002,120.428001,159.263000,114.138000,326.483002,153.000000,-618.000000,2332.000000,-18.000000,440.000000,562.000000
768,1743667110162778,160.623993,-116.815002,121.363998,160.623993,114.996002,329.074005,159.690002,-116.018997,120.569000,159.447998,114.274002,326.946014,-164.000000,-756.000000,2441.000000,38.000000,480.000000,439.000000
768,1743667110167539,160.623993,-116.815002,121.363998,160.623993,114.996002,329.074005,159.882996,-116.218002,120.775002,159.744995,114.429001,327.380005,75.000000,-818.000000,1776.000000,163.000000,521.000000,632.000000
769,1743667110172028,160.839996,-116.971001,121.527000,160.839996,115.150002,329.523987,160.091003,-116.374001,120.922997,159.949997,114.616997,327.976990,313.000000,-726.000000,1703.000000,353.000000,391.000000,658.000000
770,1743667110177943,161.056000,-117.127998,121.690002,161.056000,115.304001,329.973999,160.298004,-116.512001,121.077003,160.136002,114.749001,328.406006,302.000000,-994.000000,1854.000000,246.000000,578.000000,348.000000
771,1743667110182473,161.272003,-117.283997,121.851997,161.272003,115.458000,330.424011,160.507004,-116.735001,121.223999,160.339996,114.874001,328.760986,732.000000,-1119.000000,2222.000000,298.000000,477.000000,593.000000
772,1743667110187113,161.488998,-117.440002,122.014999,161.488998,115.612000,330.873993,160.697998,-116.832001,121.382004,160.529007,114.996002,329.222992,413.000000,-1029.000000,2437.000000,463.000000,393.000000,541.000000
773,1743667110192789,161.705002,-117.597000,122.177002,161.705002,115.764999,331.324005,160.996002,-116.988998,121.547997,160.718994,115.143997,329.658997,380.000000,-382.000000,2746.000000,143.000000,553.000000,528.000000
774,1743667110197434,161.921005,-117.752998,122.339996,161.921005,115.918999,331.773987,161.188004,-117.198997,121.771004,160.996994,115.294998,330.105988,206.000000,-1057.000000,2335.000000,381.000000,433.000000,621.000000
775,1743667110201963,162.136993,-117.910004,122.502998,162.136993,116.072998,332.223999,161.369003,-117.353996,121.933998,161.220993,115.471001,330.684998,17.000000,-680.000000,2037.000000,-35.000000,522.000000,627.000000
776,1743667110207763,162.352997,-118.066002,122.665001,162.352997,116.226997,332.674011,161.369003,-117.353996,121.933998,161.220993,115.471001,330.684998,17.000000,-680.000000,2037.000000,-35.000000,522.000000,627.000000
777,1743667110212417,162.570007,-118.222000,122.828003,162.570007,116.380997,333.123993,161.630005,-117.542000,122.158997,161.522003,115.700996,331.273987,41.000000,-910.000000,2090.000000,126.000000,544.000000,665.000000
778,1743667110218198,162.785995,-118.378998,122.989998,162.785995,116.535004,333.574005,161.806000,-117.684998,122.308998,161.725006,115.788002,331.497009,219.000000,-598.000000,1546.000000,221.000000,354.000000,396.000000
779,1743667110222944,163.001999,-118.535004,123.153000,163.001999,116.689003,334.023987,162.042007,-117.849998,122.492996,161.985992,115.953003,331.928009,361.000000,-1122.000000,2223.000000,213.000000,605.000000,781.000000
780,1743667110227632,163.218002,-118.692001,123.316002,163.218002,116.843002,334.473999,162.197006,-117.961998,122.593002,162.158997,116.188004,332.539001,624.000000,-822.000000,2423.000000,120.000000,500.000000,682.000000
781,1743667110232205,163.434006,-118.848000,123.477997,163.434006,116.997002,334.924011,162.412003,-118.109001,122.744003,162.358002,116.313004,332.964996,623.000000,-842.000000,2030.000000,297.000000,438.000000,320.000000
782,1743667110237984,163.651001,-119.003998,123.640999,163.651001,117.151001,335.373993,162.626999,-118.245003,122.897003,162.580994,116.445999,333.377014,324.000000,-1092.000000,2165.000000,-27.000000,771.000000,661.000000
783,1743667110242494,163.867004,-119.161003,123.803001,163.867004,117.305000,335.824005,162.919998,-118.443001,123.050003,162.776001,116.603996,333.816010,278.000000,-1159.000000,2198.000000,422.000000,464.000000,519.000000
784,1743667110247121,164.082993,-119.317001,123.966003,164.082993,117.459000,336.273987,163.042999,-118.554001,123.227997,162.973007,116.769997,334.263000,1.000000,-1104.000000,2326.000000,-205.000000,460.000000,531.000000
785,1743667110252863,164.298996,-119.473999,124.128998,164.298996,117.612999,336.723999,163.289001,-118.752998,123.425003,163.218002,116.849998,334.619995,100.000000,-884.000000,1918.000000,304.000000,568.000000,630.000000
786,1743667110257568,164.514999,-119.629997,124.291000,164.514999,117.766998,337.174011,163.404999,-118.866997,123.516998,163.354996,117.049004,335.204987,170.000000,-635.000000,1771.000000,62.000000,328.000000,581.000000
787,1743667110262209,164.731995,-119.786003,124.454002,164.731995,117.920998,337.623993,163.649002,-119.052002,123.706001,163.597000,117.154999,335.628998,382.000000,-952.000000,1963.000000,306.000000,331.000000,604.000000
788,1743667110268080,164.947998,-119.943001,124.615997,164.947998,118.074997,338.074005,163.873001,-119.211998,123.865997,163.845993,117.329002,336.079010,493.000000,-897.000000,2276.000000,146.000000,593.000000,533.000000
789,1743667110272514,165.164001,-120.098999,124.778999,165.164001,118.227997,338.523987,164.160995,-119.424004,124.112999,164.134003,117.452003,336.386993,635.000000,-1063.000000,2299.000000,420.000000,485.000000,714.000000
790,1743667110277107,165.380005,-120.255997,124.941002,165.380005,118.382004,338.973999,164.343002,-119.536003,124.222000,164.296997,117.605003,336.868988,431.000000,-723.000000,2589.000000,90.000000,397.000000,323.000000
791,1743667110282739,165.595993,-120.412003,125.103996,165.595993,118.536003,339.424011,164.584000,-119.674004,124.385002,164.505997,117.832001,337.450989,571.000000,-1068.000000,2226.000000,534.000000,570.000000,337.000000
792,1743667110287474,165.813004,-120.569000,125.266998,165.813004,118.690002,339.873993,164.815002,-119.811996,124.553001,164.712006,117.990997,337.704010,270.000000,-974.000000,2056.000000,84.000000,509.000000,565.000000
792,1743667110292127,165.813004,-120.569000,125.266998,165.813004,118.690002,339.873993,165.031006,-119.970001,124.711998,164.921005,118.163002,338.328003,117.000000,-953.000000,1867.000000,443.000000,606.000000,578.000000
794,1743667110297891,166.244995,-120.880997,125.592003,166.244995,118.998001,340.773987,165.248001,-120.119003,124.865997,165.089996,118.313004,338.773987,35.000000,-1141.000000,1933.000000,39.000000,441.000000,610.000000
794,1743667110302522,166.244995,-120.880997,125.592003,166.244995,118.998001,340.773987,165.550003,-120.330002,125.061996,165.302994,118.470001,339.157990,222.000000,-844.000000,1806.000000,437.000000,432.000000,661.000000
795,1743667110307284,166.460999,-121.038002,125.753998,166.460999,119.152000,341.223999,165.716003,-120.440002,125.150002,165.516998,118.660004,339.691010,343.000000,-1061.000000,1758.000000,463.000000,530.000000,582.000000
796,1743667110311917,166.677994,-121.194000,125.917000,166.677994,119.306000,341.674011,165.940002,-120.591003,125.288002,165.742004,118.760002,340.032990,600.000000,-590.000000,2269.000000,120.000000,556.000000,621.000000
797,1743667110317866,166.893997,-121.350998,126.080002,166.893997,119.459999,342.123993,166.166000,-120.749001,125.446999,165.970001,118.924004,340.536011,330.000000,-1211.000000,2652.000000,288.000000,506.000000,472.000000
798,1743667110322569,167.110001,-121.507004,126.241997,167.110001,119.613998,342.574005,166.166000,-120.749001,125.446999,165.970001,118.924004,340.536011,330.000000,-1211.000000,2652.000000,288.000000,506.000000,472.000000
799,1743667110327233,167.326004,-121.663002,126.404999,167.326004,119.767998,343.023987,166.548996,-121.035004,125.766998,166.354996,119.204002,341.445007,538.000000,-848.000000,2331.000000,313.000000,431.000000,681.000000
800,1743667110331769,167.542007,-121.820000,126.567001,167.542007,119.921997,343.473999,166.807999,-121.203003,125.964996,166.621994,119.320999,341.877991,146.000000,-725.000000,2349.000000,-3.000000,365.000000,529.000000
801,1743667110337416,167.759003,-121.975998,126.730003,167.759003,120.075996,343.923004,166.985001,-121.361000,126.127998,166.830002,119.450996,342.278992,203.000000,-1007.000000,1669.000000,250.000000,389.000000,631.000000
802,1743667110342025,167.975006,-122.133003,126.892998,167.975006,120.230003,344.372009,167.235992,-121.550003,126.348000,167.100006,119.592003,342.739014,431.000000,-856.000000,2100.000000,212.000000,513.000000,488.000000
803,1743667110347773,168.190994,-122.289001,127.055000,168.190994,120.384003,344.820007,167.235992,-121.550003,126.348000,167.100006,119.592003,342.739014,431.000000,-856.000000,2100.000000,212.000000,513.000000,488.000000
804,1743667110352529,168.406998,-122.445000,127.218002,168.406998,120.537003,345.265991,167.610001,-121.848999,126.668999,167.503998,119.850998,343.579987,678.000000,-1275.000000,2240.000000,178.000000,438.000000,688.000000
805,1743667110357180,168.623001,-122.601997,127.379997,168.623001,120.691002,345.710999,167.813995,-122.002998,126.811996,167.692001,120.022003,344.009003,590.000000,-1193.000000,1926.000000,338.000000,603.000000,502.000000
806,1743667110362066,168.839996,-122.758003,127.542999,168.839996,120.845001,346.153992,167.813995,-122.002998,126.811996,167.692001,120.022003,344.009003,590.000000,-1193.000000,1926.000000,338.000000,603.000000,502.000000
807,1743667110367657,169.056000,-122.915001,127.706001,169.056000,120.999001,346.595001,168.016006,-122.163002,126.966003,167.932007,120.252998,344.585999,410.000000,-1224.000000,2299.000000,135.000000,427.000000,586.000000
808,1743667110372233,169.272003,-123.070999,127.867996,169.272003,121.153000,347.032990,168.320007,-122.324997,127.128998,168.145004,120.427002,345.031006,494.000000,-1063.000000,2266.000000,288.000000,615.000000,405.000000
809,1743667110377802,169.488007,-123.226997,128.031006,169.488007,121.306999,347.467987,168.442993,-122.470001,127.286003,168.365997,120.584999,345.455994,278.000000,-921.000000,2086.000000,103.000000,342.000000,606.000000
810,1743667110382380,169.703995,-123.384003,128.192993,169.703995,121.460999,347.899994,168.641998,-122.628998,127.436996,168.580994,120.751999,345.855011,148.000000,-1154.000000,1467.000000,387.000000,646.000000,338.000000
811,1743667110387907,169.921005,-123.540001,128.356003,169.921005,121.614998,348.329010,168.901993,-122.852997,127.633003,168.873001,120.893997,346.279999,49.000000,-808.000000,2177.000000,82.000000,285.000000,821.000000
812,1743667110392524,170.136993,-123.696999,128.518997,170.136993,121.768997,348.752991,169.102005,-122.994003,127.764999,169.029999,121.110001,346.681000,311.000000,-775.000000,2572.000000,397.000000,341.000000,621.000000
813,1743667110398079,170.352997,-123.852997,128.681000,170.352997,121.922997,349.174011,169.304001,-123.132004,127.916000,169.238007,121.190002,347.122009,346.000000,-634.000000,2433.000000,244.000000,318.000000,424.000000
814,1743667110402608,170.569000,-124.010002,128.843994,170.569000,122.077003,349.589996,169.524002,-123.268997,128.082001,169.417999,121.374001,347.540009,569.000000,-1088.000000,2636.000000,512.000000,601.000000,541.000000
815,1743667110407136,170.785004,-124.166000,129.005997,170.785004,122.231003,350.001007,169.727005,-123.387001,128.242004,169.615005,121.510002,348.110992,352.000000,-1108.000000,2024.000000,175.000000,371.000000,596.000000
816,1743667110412745,171.001999,-124.321999,129.169006,171.001999,122.385002,350.407990,170.003006,-123.535004,128.408005,169.828995,121.625000,348.483002,456.000000,-1079.000000,2378.000000,525.000000,532.000000,363.000000
816,1743667110417199,171.001999,-124.321999,129.169006,171.001999,122.385002,350.407990,170.130997,-123.684998,128.578995,170.052994,121.764000,348.881012,347.000000,-1318.000000,1779.000000,242.000000,577.000000,455.000000
817,1743667110421826,171.218002,-124.478996,129.332001,171.218002,122.539001,350.808990,170.345001,-123.836998,128.712997,170.253006,121.930000,349.299988,241.000000,-1332.000000,1953.000000,208.000000,475.000000,514.000000
818,1743667110427473,171.434006,-124.635002,129.494003,171.434006,122.693001,351.204010,170.649994,-124.070000,128.945999,170.490997,122.066002,349.740997,250.000000,-1139.000000,2272.000000,132.000000,388.000000,433.000000
819,1743667110431975,171.649994,-124.792000,129.656998,171.649994,122.847000,351.592987,170.753006,-124.170998,129.044998,170.682007,122.276001,350.148987,397.000000,-595.000000,2104.000000,286.000000,563.000000,504.000000
820,1743667110437590,171.865997,-124.947998,129.819000,171.865997,123.000000,351.976013,170.994995,-124.351997,129.223007,170.906006,122.408997,350.545990,465.000000,-1158.000000,2084.000000,307.000000,483.000000,530.000000
821,1743667110442112,172.082993,-125.103996,129.981995,172.082993,123.153999,352.351990,171.223007,-124.514000,129.391998,171.162003,122.518997,350.812012,570.000000,-814.000000,2196.000000,226.000000,428.000000,376.000000
822,1743667110447696,172.298996,-125.261002,130.145004,172.298996,123.307999,352.721008,171.459000,-124.685997,129.542007,171.401001,122.759003,351.377014,401.000000,-1009.000000,2239.000000,194.000000,600.000000,441.000000
823,1743667110452216,172.514999,-125.417000,130.307007,172.514999,123.461998,353.084015,171.669006,-124.806999,129.692001,171.587997,122.857002,351.615997,468.000000,-1034.000000,1928.000000,121.000000,381.000000,354.000000
824,1743667110457858,172.731003,-125.573997,130.470001,172.731003,123.615997,353.437988,171.897003,-124.954002,129.841003,171.764008,123.056999,352.143005,611.000000,-1021.000000,2051.000000,369.000000,547.000000,501.000000
825,1743667110462581,172.945999,-125.730003,130.632004,172.945999,123.769997,353.785004,172.095001,-125.097000,130.001999,171.973999,123.184998,352.475006,528.000000,-970.000000,2433.000000,160.000000,627.000000,303.000000
826,1743667110467309,173.160004,-125.886002,130.794998,173.160004,123.924004,354.122986,172.412003,-125.301003,130.212006,172.158997,123.329002,352.809998,231.000000,-961.000000,2210.000000,248.000000,492.000000,492.000000
827,1743667110471866,173.373993,-126.042999,130.957993,173.373993,124.078003,354.453003,172.632004,-125.457001,130.373001,172.470993,123.460999,353.160004,222.000000,-1073.000000,2089.000000,292.000000,532.000000,445.000000
828,1743667110477693,173.585007,-126.198997,131.119995,173.585007,124.232002,354.773987,172.854004,-125.606003,130.531998,172.675995,123.652000,353.612000,373.000000,-1168.000000,2097.000000,158.000000,554.000000,419.000000
829,1743667110482254,173.794998,-126.356003,131.283005,173.794998,124.386002,355.085999,173.076996,-125.740997,130.686996,172.904007,123.722000,353.821991,324.000000,-1253.000000,2138.000000,198.000000,585.000000,465.000000
830,1743667110487688,174.001999,-126.512001,131.445007,174.001999,124.540001,355.388000,173.296005,-125.894997,130.848999,173.106003,123.896004,354.287994,564.000000,-1151.000000,2220.000000,364.000000,398.000000,480.000000
831,1743667110492177,174.207993,-126.667999,131.608002,174.207993,124.694000,355.681000,173.500000,-126.054001,131.009995,173.334000,124.033997,354.618988,102.000000,-1123.000000,2124.000000,179.000000,705.000000,451.000000
832,1743667110497829,174.410004,-126.823997,131.768997,174.410004,124.847000,355.963989,173.500000,-126.054001,131.009995,173.334000,124.033997,354.618988,102.000000,-1123.000000,2124.000000,179.000000,705.000000,451.000000
833,1743667110502563,174.608994,-126.980003,131.929993,174.608994,125.000999,356.235992,173.748001,-126.275002,131.227005,173.522995,124.199997,354.872986,278.000000,-1256.000000,2152.000000,290.000000,483.000000,365.000000
834,1743667110507301,174.804993,-127.134003,132.089005,174.804993,125.153000,356.497986,173.917007,-126.425003,131.363998,173.787003,124.332001,355.181000,166.000000,-910.000000,2070.000000,147.000000,352.000000,231.000000
835,1743667110511958,174.996994,-127.287003,132.246994,174.996994,125.304001,356.747986,174.089005,-126.563004,131.427994,173.856995,124.494003,355.470001,221.000000,-823.000000,2072.000000,317.000000,636.000000,266.000000
836,1743667110517889,175.184998,-127.439003,132.403000,175.184998,125.454002,356.988007,174.248001,-126.697998,131.662003,174.158997,124.664001,355.744995,338.000000,-767.000000,2045.000000,134.000000,508.000000,216.000000
837,1743667110522435,175.367996,-127.587997,132.557007,175.367996,125.601997,357.214996,174.404999,-126.821999,131.813004,174.347000,124.907997,356.127991,285.000000,-1155.000000,2111.000000,443.000000,545.000000,168.000000
838,1743667110527187,175.546997,-127.736000,132.709000,175.546997,125.747002,357.431000,174.563004,-126.962997,131.960007,174.552994,125.000000,356.291992,112.000000,-1134.000000,2036.000000,179.000000,618.000000,334.000000
838,1743667110531744,175.546997,-127.736000,132.709000,175.546997,125.747002,357.431000,174.707993,-127.111000,132.108994,174.738007,125.205002,356.615997,467.000000,-1071.000000,1921.000000,238.000000,674.000000,306.000000
840,1743667110537545,175.889999,-128.022995,133.003006,175.889999,126.030998,357.829010,174.873001,-127.266998,132.266998,174.906006,125.363998,356.859985,319.000000,-1348.000000,2371.000000,264.000000,453.000000,227.000000
840,1743667110542038,175.889999,-128.022995,133.003006,175.889999,126.030998,357.829010,175.134995,-127.492996,132.466995,175.082001,125.496002,357.079987,117.000000,-889.000000,1887.000000,48.000000,726.000000,399.000000
842,1743667110547773,176.210007,-128.296997,133.283005,176.210007,126.303001,358.183014,175.322006,-127.642998,132.623993,175.324005,125.642998,357.294006,254.000000,-934.000000,2182.000000,205.000000,332.000000,111.000000
842,1743667110552499,176.210007,-128.296997,133.283005,176.210007,126.303001,358.183014,175.524994,-127.781998,132.772995,175.516006,125.808998,357.587006,130.000000,-506.000000,1698.000000,-38.000000,417.000000,265.000000
843,1743667110557132,176.360992,-128.429001,133.417999,176.360992,126.433998,358.345001,175.710999,-127.921997,132.929993,175.690002,125.877998,357.700989,44.000000,-929.000000,2183.000000,281.000000,577.000000,360.000000
844,1743667110561864,176.505997,-128.557007,133.548004,176.505997,126.560997,358.497009,175.867004,-128.059006,133.070999,175.854996,126.042999,357.934998,-93.000000,-829.000000,1522.000000,43.000000,315.000000,335.000000
845,1743667110567650,176.643005,-128.679993,133.673004,176.643005,126.682999,358.639008,176.033005,-128.199005,133.188004,175.990005,126.171997,358.113007,-164.000000,-806.000000,2150.000000,-121.000000,426.000000,241.000000
846,1743667110572421,176.774002,-128.798004,133.792999,176.774002,126.801003,358.772003,176.253006,-128.369003,133.378006,176.113007,126.296997,358.286011,-32.000000,-763.000000,1904.000000,410.000000,516.000000,210.000000
847,1743667110577209,176.897003,-128.912003,133.908005,176.897003,126.913002,358.895996,176.341995,-128.442001,133.455002,176.261002,126.419998,358.450012,-164.000000,-699.000000,1688.000000,-154.000000,375.000000,284.000000
848,1743667110581956,177.011993,-129.020004,134.018005,177.011993,127.021004,359.011993,176.563004,-128.591995,133.636002,176.395996,126.528000,358.595001,149.000000,-737.000000,1653.000000,15.000000,353.000000,170.000000
849,1743667110587800,177.119003,-129.121994,134.121002,177.119003,127.123001,359.118988,176.709000,-128.703995,133.753006,176.576996,126.627998,358.727997,-66.000000,-664.000000,1680.000000,284.000000,286.000000,188.000000
850,1743667110592399,177.218002,-129.218994,134.218002,177.218002,127.219002,359.217987,176.832993,-128.811005,133.869003,176.716003,126.794998,358.894012,142.000000,-957.000000,1544.000000,-102.000000,387.000000,241.000000
851,1743667110596925,177.309006,-129.309006,134.309006,177.309006,127.308998,359.308990,176.959000,-128.923996,133.962997,176.837997,126.913002,359.015015,-443.000000,-547.000000,1562.000000,-163.000000,351.000000,249.000000
852,1743667110602690,177.393005,-129.393005,134.393005,177.393005,127.392998,359.393005,177.065002,-129.026993,134.059006,176.947006,127.031998,359.126007,-344.000000,-776.000000,1673.000000,299.000000,308.000000,166.000000
853,1743667110607430,177.470001,-129.470001,134.470001,177.470001,127.470001,359.470001,177.149994,-129.130997,134.147003,177.048004,127.136002,359.209991,-282.000000,-383.000000,1304.000000,-42.000000,361.000000,-12.000000
854,1743667110612084,177.539993,-129.539993,134.539993,177.539993,127.540001,359.540009,177.261002,-129.261002,134.216995,177.128006,127.233002,359.294006,-86.000000,-574.000000,1729.000000,-132.000000,377.000000,504.000000
855,1743667110617944,177.602997,-129.602997,134.602997,177.602997,127.602997,359.602997,177.306000,-129.309998,134.320999,177.235992,127.314003,359.384003,-108.000000,-501.000000,1556.000000,-117.000000,222.000000,33.000000
856,1743667110622541,177.660995,-129.660995,134.660995,177.660995,127.661003,359.661011,177.404007,-129.423996,134.386002,177.296997,127.392998,359.454010,-142.000000,-444.000000,1743.000000,101.000000,473.000000,127.000000
857,1743667110627275,177.712997,-129.712997,134.712997,177.712997,127.712997,359.713013,177.488998,-129.509003,134.516006,177.378998,127.478996,359.536987,-178.000000,-324.000000,1173.000000,324.000000,318.000000,210.000000
858,1743667110631888,177.759003,-129.759003,134.759003,177.759003,127.759003,359.759003,177.516998,-129.541000,134.544006,177.432007,127.549004,359.592987,-140.000000,-348.000000,1153.000000,249.000000,375.000000,208.000000
859,1743667110637783,177.800003,-129.800003,134.800003,177.800003,127.800003,359.799988,177.619995,-129.630997,134.630997,177.516998,127.577003,359.636993,-86.000000,-283.000000,1528.000000,-20.000000,500.000000,19.000000
860,1743667110642299,177.835007,-129.835007,134.835007,177.835007,127.834999,359.834991,177.688004,-129.688004,134.684006,177.587997,127.666000,359.727997,-5.000000,-399.000000,1671.000000,-140.000000,267.000000,110.000000
860,1743667110646942,177.835007,-129.835007,134.835007,177.835007,127.834999,359.834991,177.688004,-129.688004,134.684006,177.587997,127.666000,359.727997,-5.000000,-399.000000,1671.000000,-140.000000,267.000000,110.000000
862,1743667110652738,177.893997,-129.893997,134.893997,177.893997,127.893997,359.894012,177.787994,-129.770996,134.772003,177.669006,127.758003,359.829010,-163.000000,-358.000000,1671.000000,-11.000000,274.000000,245.000000
862,1743667110657399,177.893997,-129.893997,134.893997,177.893997,127.893997,359.894012,177.845993,-129.819000,134.824997,177.714005,127.794998,359.868011,-134.000000,-418.000000,1479.000000,174.000000,343.000000,188.000000
863,1743667110661809,177.917007,-129.917007,134.917007,177.917007,127.917000,359.916992,177.845993,-129.819000,134.824997,177.714005,127.794998,359.868011,-134.000000,-418.000000,1479.000000,174.000000,343.000000,188.000000
864,1743667110667234,177.936996,-129.936996,134.936996,177.936996,127.936996,359.937012,177.899994,-129.862000,134.869995,177.761993,127.823997,359.902008,-78.000000,-447.000000,1582.000000,239.000000,137.000000,245.000000
865,1743667110671579,177.953003,-129.953003,134.953003,177.953003,127.953003,359.953003,177.929993,-129.891998,134.897003,177.787003,127.846001,359.920013,-284.000000,-355.000000,1558.000000,198.000000,328.000000,125.000000
866,1743667110676969,177.966003,-129.966003,134.966003,177.966003,127.966003,359.966003,177.949005,-129.912994,134.917007,177.804001,127.886002,359.963989,-87.000000,-374.000000,1375.000000,268.000000,231.000000,135.000000
867,1743667110682352,177.975998,-129.975998,134.975998,177.975998,127.975998,359.976013,177.968002,-129.942993,134.942993,177.819000,127.897003,359.971985,51.000000,-554.000000,1440.000000,416.000000,242.000000,-25.000000
868,1743667110687756,177.985001,-129.985001,134.985001,177.985001,127.985001,359.984985,177.977997,-129.955002,134.960007,177.830994,127.928001,360.002014,-73.000000,-471.000000,1454.000000,275.000000,294.000000,13.000000
869,1743667110692094,177.990005,-129.990005,134.990005,177.990005,127.989998,359.989990,177.994003,-129.973007,134.977997,177.850006,127.934998,360.019012,-41.000000,-534.000000,1639.000000,264.000000,347.000000,-4.000000
870,1743667110697685,177.994995,-129.994995,134.994995,177.994995,127.995003,359.994995,178.007996,-129.990005,134.994003,177.865005,127.945999,360.027008,-148.000000,-437.000000,1636.000000,152.000000,404.000000,63.000000
871,1743667110702466,177.996994,-129.996994,134.996994,177.996994,127.997002,359.997009,178.016006,-129.998001,135.001007,177.871994,127.949997,360.035004,-71.000000,-358.000000,1792.000000,92.000000,409.000000,65.000000
872,1743667110707219,177.998993,-129.998993,134.998993,177.998993,127.999001,359.998993,178.024994,-130.005005,135.005997,177.882004,127.957001,360.045990,195.000000,-611.000000,2031.000000,199.000000,505.000000,125.000000
873,1743667110711776,178.000000,-130.000000,135.000000,178.000000,128.000000,360.000000,178.037003,-130.009995,135.011993,177.895996,127.960999,360.049011,58.000000,-370.000000,1749.000000,7.000000,349.000000,114.000000
874,1743667110717540,178.000000,-130.000000,135.000000,178.000000,128.000000,360.000000,178.044006,-130.014008,135.014999,177.899994,127.963997,360.053986,-16.000000,-357.000000,2006.000000,105.000000,511.000000,199.000000
875,1743667110722176,178.000000,-130.000000,135.000000,178.000000,128.000000,360.000000,178.048004,-130.016006,135.016998,177.908997,127.963997,360.056000,26.000000,-373.000000,1840.000000,47.000000,382.000000,171.000000
875,1743667110727990,178.000000,-130.000000,135.000000,178.000000,128.000000,360.000000,178.048996,-130.018997,135.018997,177.912003,127.967003,360.058990,121.000000,-503.000000,2027.000000,81.000000,443.000000,119.000000
875,1743667110732715,178.000000,-130.000000,135.000000,178.000000,128.000000,360.000000,178.048004,-130.020004,135.020004,177.916000,127.967003,360.057007,155.000000,-520.000000,2002.000000,66.000000,415.000000,190.000000
875,1743667110737485,178.000000,-130.000000,135.000000,178.000000,128.000000,360.000000,178.050995,-130.020004,135.020004,177.921997,127.967003,360.053986,42.000000,-398.000000,1832.000000,-21.000000,416.000000,154.000000
875,1743667110742000,178.000000,-130.000000,135.000000,178.000000,128.000000,360.000000,178.052002,-130.020996,135.020004,177.925995,127.967003,360.056000,-3.000000,-381.000000,1831.000000,16.000000,419.000000,134.000000
875,1743667110747550,178.000000,-130.000000,135.000000,178.000000,128.000000,360.000000,178.050995,-130.022995,135.020004,177.929993,127.968002,360.057007,18.000000,-373.000000,1803.000000,-39.000000,421.000000,115.000000
875,1743667110752103,178.000000,-130.000000,135.000000,178.000000,128.000000,360.000000,178.046997,-130.022995,135.020996,177.929993,127.968002,360.056000,0.000000,-343.000000,1779.000000,-26.000000,423.000000,128.000000
875,1743667110757874,178.000000,-130.000000,135.000000,178.000000,128.000000,360.000000,178.042007,-130.020996,135.020996,177.931000,127.968002,360.057007,-7.000000,-326.000000,1768.000000,-25.000000,419.000000,118.000000
875,1743667110762477,178.000000,-130.000000,135.000000,178.000000,128.000000,360.000000,178.041000,-130.020004,135.020004,177.932999,127.968002,360.056000,-25.000000,-311.000000,1747.000000,-28.000000,435.000000,97.000000
875,1743667110767254,178.000000,-130.000000,135.000000,178.000000,128.000000,360.000000,178.033997,-130.020004,135.020004,177.934006,127.968002,360.053986,-28.000000,-298.000000,1729.000000,-24.000000,441.000000,114.000000
875,1743667110771808,178.000000,-130.000000,135.000000,178.000000,128.000000,360.000000,178.026993,-130.022995,135.020004,177.934998,127.970001,360.057007,-24.000000,-287.000000,1711.000000,-11.000000,446.000000,120.000000
875,1743667110777175,178.000000,-130.000000,135.000000,178.000000,128.000000,360.000000,178.024994,-130.020996,135.020004,177.936996,127.970001,360.056000,-22.000000,-263.000000,1692.000000,-50.000000,448.000000,92.000000
875,1743667110782479,178.000000,-130.000000,135.000000,178.000000,128.000000,360.000000,178.026001,-130.020996,135.020004,177.940002,127.968002,360.057007,-43.000000,-245.000000,1671.000000,-37.000000,456.000000,109.000000
875,1743667110787766,178.000000,-130.000000,135.000000,178.000000,128.000000,360.000000,178.026001,-130.020996,135.020004,177.940002,127.968002,360.057007,-43.000000,-245.000000,1671.000000,-37.000000,456.000000,109.000000
875,1743667110792210,178.000000,-130.000000,135.000000,178.000000,128.000000,360.000000,178.026993,-130.020996,135.020004,177.940994,127.968002,360.056000,-25.000000,-234.000000,1657.000000,-40.000000,452.000000,86.000000
875,1743667110797983,178.000000,-130.000000,135.000000,178.000000,128.000000,360.000000,178.029007,-130.020996,135.020004,177.942001,127.968002,360.056000,-38.000000,-212.000000,1632.000000,-56.000000,461.000000,92.000000
875,1743667110802613,178.000000,-130.000000,135.000000,178.000000,128.000000,360.000000,178.026993,-130.020004,135.020004,177.944000,127.968002,360.053986,-35.000000,-197.000000,1623.000000,-53.000000,461.000000,81.000000
875,1743667110807370,178.000000,-130.000000,135.000000,178.000000,128.000000,360.000000,178.026993,-130.022995,135.020996,177.945007,127.970001,360.056000,-60.000000,-177.000000,1604.000000,-58.000000,463.000000,94.000000
875,1743667110811777,178.000000,-130.000000,135.000000,178.000000,128.000000,360.000000,178.026993,-130.020996,135.018997,177.947998,127.971001,360.057007,-52.000000,-167.000000,1584.000000,-66.000000,455.000000,82.000000
875,1743667110817590,178.000000,-130.000000,135.000000,178.000000,128.000000,360.000000,178.026993,-130.020996,135.020004,177.947998,127.971001,360.056000,-49.000000,-148.000000,1556.000000,-84.000000,464.000000,73.000000
875,1743667110822071,178.000000,-130.000000,135.000000,178.000000,128.000000,360.000000,178.026993,-130.018997,135.020004,177.949005,127.970001,360.053009,-61.000000,-146.000000,1556.000000,-86.000000,459.000000,82.000000
875,1743667110827849,178.000000,-130.000000,135.000000,178.000000,128.000000,360.000000,178.031006,-130.018997,135.020004,177.951996,127.971001,360.053986,-58.000000,-125.000000,1493.000000,-92.000000,469.000000,73.000000
875,1743667110832456,178.000000,-130.000000,135.000000,178.000000,128.000000,360.000000,178.033005,-130.018997,135.020996,177.951996,127.971001,360.056000,-53.000000,-129.000000,1513.000000,-93.000000,462.000000,66.000000
875,1743667110836995,178.000000,-130.000000,135.000000,178.000000,128.000000,360.000000,178.037994,-130.018997,135.020004,177.955002,127.972000,360.053009,-71.000000,-115.000000,1483.000000,-65.000000,483.000000,63.000000
875,1743667110842696,178.000000,-130.000000,135.000000,178.000000,128.000000,360.000000,178.037994,-130.018997,135.020996,177.955994,127.972000,360.053986,-89.000000,-114.000000,1458.000000,-77.000000,455.000000,71.000000
875,1743667110847431,178.000000,-130.000000,135.000000,178.000000,128.000000,360.000000,178.035995,-130.016998,135.020004,177.959000,127.972000,360.053986,-88.000000,-98.000000,1434.000000,-90.000000,460.000000,66.000000
875,1743667110852132,178.000000,-130.000000,135.000000,178.000000,128.000000,360.000000,178.033005,-130.016998,135.020996,177.959000,127.974998,360.053009,-91.000000,-103.000000,1434.000000,-81.000000,458.000000,62.000000
875,1743667110857940,178.000000,-130.000000,135.000000,178.000000,128.000000,360.000000,178.031006,-130.016006,135.020004,177.960007,127.974998,360.053986,-88.000000,-77.000000,1397.000000,-85.000000,452.000000,54.000000
875,1743667110862445,178.000000,-130.000000,135.000000,178.000000,128.000000,360.000000,178.029999,-130.016006,135.020004,177.962006,127.977997,360.053009,-45.000000,-74.000000,1382.000000,-91.000000,451.000000,62.000000
875,1743667110867088,178.000000,-130.000000,135.000000,178.000000,128.000000,360.000000,178.024994,-130.016006,135.020004,177.962997,127.977997,360.053986,-78.000000,-72.000000,1369.000000,-94.000000,449.000000,41.000000
875,1743667110872646,178.000000,-130.000000,135.000000,178.000000,128.000000,360.000000,178.022003,-130.014008,135.020996,177.962997,127.977997,360.053986,-60.000000,-66.000000,1354.000000,-91.000000,452.000000,56.000000
875,1743667110877370,178.000000,-130.000000,135.000000,178.000000,128.000000,360.000000,178.020996,-130.013000,135.020004,177.964005,127.978996,360.049988,-65.000000,-79.000000,1320.000000,-81.000000,442.000000,42.000000
875,1743667110881776,178.000000,-130.000000,135.000000,178.000000,128.000000,360.000000,178.018997,-130.011993,135.018997,177.966003,127.978996,360.052002,-59.000000,-92.000000,1309.000000,-88.000000,446.000000,38.000000
875,1743667110887508,178.000000,-130.000000,135.000000,178.000000,128.000000,360.000000,178.018005,-130.011993,135.020004,177.966003,127.982002,360.053009,-63.000000,-81.000000,1296.000000,-93.000000,431.000000,24.000000
875,1743667110892058,178.000000,-130.000000,135.000000,178.000000,128.000000,360.000000,178.016006,-130.011993,135.020004,177.966995,127.982002,360.053009,-68.000000,-81.000000,1280.000000,-85.000000,419.000000,41.000000
875,1743667110897915,178.000000,-130.000000,135.000000,178.000000,128.000000,360.000000,178.014008,-130.009995,135.020004,177.966995,127.985001,360.052002,-73.000000,-64.000000,1269.000000,-89.000000,437.000000,38.000000
875,1743667110902547,178.000000,-130.000000,135.000000,178.000000,128.000000,360.000000,178.014999,-130.009995,135.020996,177.970001,127.985001,360.053009,-66.000000,-56.000000,1237.000000,-86.000000,420.000000,33.000000
875,1743667110907270,178.000000,-130.000000,135.000000,178.000000,128.000000,360.000000,178.018997,-130.009995,135.020996,177.970001,127.986000,360.053986,-81.000000,-51.000000,1205.000000,-90.000000,442.000000,20.000000
875,1743667110911885,178.000000,-130.000000,135.000000,178.000000,128.000000,360.000000,178.022003,-130.009003,135.020004,177.970993,127.987000,360.052002,-88.000000,-68.000000,1195.000000,-94.000000,417.000000,20.000000
875,1743667110917744,178.000000,-130.000000,135.000000,178.000000,128.000000,360.000000,178.018005,-130.007996,135.020004,177.973007,127.987000,360.049988,-102.000000,-72.000000,1179.000000,-106.000000,418.000000,13.000000
875,1743667110922451,178.000000,-130.000000,135.000000,178.000000,128.000000,360.000000,178.018997,-130.005997,135.020004,177.973007,127.988998,360.052002,-100.000000,-68.000000,1154.000000,-89.000000,394.000000,14.000000
875,1743667110927192,178.000000,-130.000000,135.000000,178.000000,128.000000,360.000000,178.020996,-130.005997,135.020996,177.973999,127.989998,360.049988,-87.000000,-70.000000,1160.000000,-85.000000,404.000000,18.000000
875,1743667110931812,178.000000,-130.000000,135.000000,178.000000,128.000000,360.000000,178.018997,-130.005005,135.020004,177.977005,127.989998,360.052002,-93.000000,-65.000000,1136.000000,-100.000000,414.000000,11.000000
875,1743667110937733,178.000000,-130.000000,135.000000,178.000000,128.000000,360.000000,178.018997,-130.005005,135.020004,177.977997,127.992996,360.049988,-94.000000,-61.000000,1109.000000,-103.000000,403.000000,10.000000
875,1743667110942576,178.000000,-130.000000,135.000000,178.000000,128.000000,360.000000,178.018005,-130.001999,135.020004,177.977997,127.994003,360.049988,-108.000000,-65.000000,1088.000000,-93.000000,413.000000,14.000000
875,1743667110947261,178.000000,-130.000000,135.000000,178.000000,128.000000,360.000000,178.018005,-130.001999,135.020004,177.977997,127.994003,360.049988,-108.000000,-65.000000,1088.000000,-93.000000,413.000000,14.000000
875,1743667110951916,178.000000,-130.000000,135.000000,178.000000,128.000000,360.000000,178.018997,-130.001007,135.020004,177.981003,127.994003,360.049988,-121.000000,-84.000000,1044.000000,-90.000000,401.000000,0.000000
875,1743667110957802,178.000000,-130.000000,135.000000,178.000000,128.000000,360.000000,178.018005,-130.001007,135.020004,177.981003,127.996002,360.049011,-123.000000,-95.000000,1028.000000,-96.000000,381.000000,0.000000
875,1743667110962306,178.000000,-130.000000,135.000000,178.000000,128.000000,360.000000,178.018005,-130.001007,135.020004,177.981003,127.996002,360.049011,-123.000000,-95.000000,1028.000000,-96.000000,381.000000,0.000000
875,1743667110967943,178.000000,-130.000000,135.000000,178.000000,128.000000,360.000000,178.014008,-130.001007,135.020996,177.981995,127.997002,360.049988,-130.000000,-87.000000,1016.000000,-63.000000,370.000000,5.000000
875,1743667110972398,178.000000,-130.000000,135.000000,178.000000,128.000000,360.000000,178.011002,-130.001999,135.020004,177.981995,127.998001,360.049011,-118.000000,-93.000000,1002.000000,-85.000000,381.000000,5.000000
875,1743667110977900,178.000000,-130.000000,135.000000,178.000000,128.000000,360.000000,178.007996,-130.001007,135.020996,177.981995,127.998001,360.049011,-112.000000,-91.000000,979.000000,-75.000000,382.000000,0.000000
875,1743667110982367,178.000000,-130.000000,135.000000,178.000000,128.000000,360.000000,178.007004,-130.001007,135.020004,177.983994,128.000000,360.045990,-112.000000,-85.000000,955.000000,-59.000000,353.000000,4.000000
875,1743667110986979,178.000000,-130.000000,135.000000,178.000000,128.000000,360.000000,178.007996,-130.001007,135.020004,177.983994,128.003006,360.048004,-130.000000,-94.000000,950.000000,-62.000000,363.000000,-9.000000
875,1743667110992486,178.000000,-130.000000,135.000000,178.000000,128.000000,360.000000,178.007996,-130.001007,135.020996,177.985001,128.003006,360.048004,-130.000000,-95.000000,925.000000,-61.000000,367.000000,-11.000000
875,1743667110997894,178.000000,-130.000000,135.000000,178.000000,128.000000,360.000000,178.007004,-129.998993,135.020004,177.983994,128.003006,360.049011,-127.000000,-93.000000,901.000000,-51.000000,366.000000,-20.000000
875,1743667111002240,178.000000,-130.000000,135.000000,178.000000,128.000000,360.000000,178.009995,-129.998993,135.020004,177.985001,128.003006,360.048004,-128.000000,-95.000000,899.000000,-45.000000,366.000000,-19.000000
875,1743667111008178,178.000000,-130.000000,135.000000,178.000000,128.000000,360.000000,178.009995,-130.001007,135.020004,177.985992,128.003998,360.045990,-138.000000,-93.000000,872.000000,-54.000000,354.000000,-37.000000
875,1743667111012760,178.000000,-130.000000,135.000000,178.000000,128.000000,360.000000,178.007996,-130.001007,135.020004,177.988007,128.003006,360.048004,-155.000000,-94.000000,856.000000,-48.000000,352.000000,-23.000000
875,1743667111017486,178.000000,-130.000000,135.000000,178.000000,128.000000,360.000000,178.007004,-130.001007,135.020004,177.988007,128.003998,360.045990,-154.000000,-95.000000,830.000000,-47.000000,345.000000,-31.000000
875,1743667111022010,178.000000,-130.000000,135.000000,178.000000,128.000000,360.000000,178.007004,-130.001007,135.020004,177.988007,128.003006,360.048004,-154.000000,-91.000000,821.000000,-53.000000,342.000000,-40.000000
875,1743667111027808,178.000000,-130.000000,135.000000,178.000000,128.000000,360.000000,178.005005,-129.998993,135.018997,177.988007,128.003006,360.045990,-149.000000,-97.000000,801.000000,-53.000000,338.000000,-40.000000
875,1743667111032444,178.000000,-130.000000,135.000000,178.000000,128.000000,360.000000,178.007004,-129.998993,135.018997,177.988998,128.003998,360.045013,-149.000000,-95.000000,782.000000,-39.000000,339.000000,-42.000000
875,1743667111037096,178.000000,-130.000000,135.000000,178.000000,128.000000,360.000000,178.007004,-129.998993,135.020004,177.988998,128.003998,360.045013,-170.000000,-100.000000,771.000000,-30.000000,332.000000,-41.000000
875,1743667111041827,178.000000,-130.000000,135.000000,178.000000,128.000000,360.000000,178.007004,-129.998993,135.020996,177.988998,128.003998,360.042999,-155.000000,-104.000000,747.000000,-46.000000,322.000000,-25.000000
875,1743667111047614,178.000000,-130.000000,135.000000,178.000000,128.000000,360.000000,178.005005,-130.001007,135.020996,177.990005,128.003998,360.042999,-160.000000,-100.000000,733.000000,-36.000000,322.000000,-33.000000
875,1743667111052119,178.000000,-130.000000,135.000000,178.000000,128.000000,360.000000,178.003998,-129.998993,135.020004,177.992004,128.003006,360.045013,-156.000000,-101.000000,708.000000,-24.000000,318.000000,-48.000000
875,1743667111057513,178.000000,-130.000000,135.000000,178.000000,128.000000,360.000000,178.003998,-130.001007,135.018997,177.992004,128.003998,360.042999,-163.000000,-102.000000,721.000000,-38.000000,319.000000,-35.000000
875,1743667111061845,178.000000,-130.000000,135.000000,178.000000,128.000000,360.000000,178.003006,-129.998993,135.020004,177.994995,128.003998,360.041992,-156.000000,-113.000000,698.000000,-30.000000,309.000000,-39.000000
875,1743667111067284,178.000000,-130.000000,135.000000,178.000000,128.000000,360.000000,178.001007,-130.001007,135.020004,177.992996,128.003998,360.042999,-141.000000,-104.000000,669.000000,-25.000000,300.000000,-53.000000
875,1743667111072853,178.000000,-130.000000,135.000000,178.000000,128.000000,360.000000,178.001007,-129.998993,135.020004,177.992996,128.003998,360.042999,-147.000000,-106.000000,659.000000,-26.000000,294.000000,-47.000000
875,1743667111077582,178.000000,-130.000000,135.000000,178.000000,128.000000,360.000000,178.001007,-129.998993,135.020004,177.994995,128.003998,360.041992,-150.000000,-104.000000,649.000000,-29.000000,289.000000,-50.000000
875,1743667111082187,178.000000,-130.000000,135.000000,178.000000,128.000000,360.000000,178.000000,-129.998001,135.020004,177.996002,128.003998,360.042999,-143.000000,-109.000000,642.000000,-22.000000,291.000000,-50.000000
875,1743667111088001,178.000000,-130.000000,135.000000,178.000000,128.000000,360.000000,177.998993,-129.998993,135.020004,177.996002,128.003998,360.041992,-148.000000,-109.000000,606.000000,-28.000000,282.000000,-47.000000
875,1743667111092777,178.000000,-130.000000,135.000000,178.000000,128.000000,360.000000,177.998993,-129.998993,135.018997,177.996002,128.005005,360.041992,-147.000000,-107.000000,621.000000,-25.000000,276.000000,-56.000000
875,1743667111097521,178.000000,-130.000000,135.000000,178.000000,128.000000,360.000000,177.998993,-129.998993,135.016006,177.996002,128.003998,360.040985,-151.000000,-107.000000,629.000000,-33.000000,282.000000,-46.000000
875,1743667111102142,178.000000,-130.000000,135.000000,178.000000,128.000000,360.000000,178.000000,-129.998993,135.016998,177.996994,128.003998,360.040985,-157.000000,-110.000000,584.000000,-29.000000,285.000000,-62.000000
875,1743667111107927,178.000000,-130.000000,135.000000,178.000000,128.000000,360.000000,177.998993,-129.998993,135.016006,177.996002,128.005005,360.040985,-146.000000,-112.000000,598.000000,-31.000000,266.000000,-53.000000
875,1743667111112739,178.000000,-130.000000,135.000000,178.000000,128.000000,360.000000,178.000000,-129.998001,135.016006,177.996002,128.003998,360.039001,-144.000000,-120.000000,595.000000,-30.000000,258.000000,-70.000000
875,1743667111117481,178.000000,-130.000000,135.000000,178.000000,128.000000,360.000000,178.000000,-129.998993,135.016006,177.996994,128.003998,360.039001,-138.000000,-119.000000,613.000000,-30.000000,258.000000,-67.000000
875,1743667111122208,178.000000,-130.000000,135.000000,178.000000,128.000000,360.000000,177.996994,-129.998993,135.014999,177.996002,128.003998,360.040985,-148.000000,-113.000000,591.000000,-28.000000,249.000000,-66.000000
875,1743667111128034,178.000000,-130.000000,135.000000,178.000000,128.000000,360.000000,177.996994,-129.998993,135.013000,177.996994,128.003998,360.037994,-140.000000,-116.000000,591.000000,-24.000000,252.000000,-72.000000
875,1743667111132772,178.000000,-130.000000,135.000000,178.000000,128.000000,360.000000,177.996994,-129.998993,135.013000,177.996994,128.003998,360.037994,-140.000000,-116.000000,591.000000,-24.000000,252.000000,-72.000000
875,1743667111137551,178.000000,-130.000000,135.000000,178.000000,128.000000,360.000000,178.000000,-129.998993,135.009995,177.996994,128.003998,360.037994,-151.000000,-121.000000,557.000000,-30.000000,234.000000,-55.000000
875,1743667111142165,178.000000,-130.000000,135.000000,178.000000,128.000000,360.000000,178.001007,-129.998993,135.011993,177.998993,128.003998,360.037994,-146.000000,-118.000000,573.000000,-28.000000,239.000000,-61.000000
875,1743667111147991,178.000000,-130.000000,135.000000,178.000000,128.000000,360.000000,178.001007,-129.998993,135.011993,177.998993,128.003998,360.037994,-146.000000,-118.000000,573.000000,-28.000000,239.000000,-61.000000
875,1743667111152747,178.000000,-130.000000,135.000000,178.000000,128.000000,360.000000,178.003006,-129.998993,135.009003,177.998993,128.003998,360.039001,-148.000000,-111.000000,574.000000,-30.000000,229.000000,-72.000000
875,1743667111157554,178.000000,-130.000000,135.000000,178.000000,128.000000,360.000000,178.001007,-129.998993,135.007996,177.998993,128.005005,360.037994,-147.000000,-119.000000,588.000000,-35.000000,219.000000,-57.000000
875,1743667111162181,178.000000,-130.000000,135.000000,178.000000,128.000000,360.000000,178.001007,-129.998993,135.007996,177.998993,128.005005,360.037994,-147.000000,-119.000000,588.000000,-35.000000,219.000000,-57.000000
875,1743667111168009,178.000000,-130.000000,135.000000,178.000000,128.000000,360.000000,178.001007,-129.998993,135.007996,177.998993,128.003998,360.036987,-147.000000,-119.000000,557.000000,-27.000000,209.000000,-64.000000
875,1743667111172686,178.000000,-130.000000,135.000000,178.000000,128.000000,360.000000,178.000000,-129.998993,135.005997,177.998993,128.003998,360.037994,-152.000000,-117.000000,561.000000,-31.000000,219.000000,-72.000000
875,1743667111177158,178.000000,-130.000000,135.000000,178.000000,128.000000,360.000000,177.998993,-129.998993,135.005997,177.998993,128.003998,360.036987,-135.000000,-117.000000,552.000000,-33.000000,214.000000,-88.000000
875,1743667111181768,178.000000,-130.000000,135.000000,178.000000,128.000000,360.000000,177.998993,-129.998001,135.007996,177.996994,128.003998,360.036987,-152.000000,-110.000000,564.000000,-27.000000,207.000000,-80.000000
875,1743667111187603,178.000000,-130.000000,135.000000,178.000000,128.000000,360.000000,177.998993,-129.998993,135.005997,177.998993,128.003998,360.036987,-145.000000,-114.000000,540.000000,-30.000000,198.000000,-95.000000
875,1743667111192316,178.000000,-130.000000,135.000000,178.000000,128.000000,360.000000,177.998993,-129.998993,135.005005,177.998993,128.003998,360.035004,-145.000000,-115.000000,583.000000,-33.000000,200.000000,-83.000000
875,1743667111198084,178.000000,-130.000000,135.000000,178.000000,128.000000,360.000000,177.998993,-129.998993,135.005005,177.998993,128.003998,360.035004,-145.000000,-115.000000,555.000000,-30.000000,185.000000,-80.000000
875,1743667111202852,178.000000,-130.000000,135.000000,178.000000,128.000000,360.000000,177.998993,-129.998001,135.001999,177.998993,128.003006,360.035004,-151.000000,-108.000000,527.000000,-31.000000,189.000000,-90.000000
875,1743667111207629,178.000000,-130.000000,135.000000,178.000000,128.000000,360.000000,178.000000,-129.998993,135.005005,177.998993,128.003998,360.033997,-147.000000,-111.000000,583.000000,-27.000000,184.000000,-88.000000
875,1743667111212361,178.000000,-130.000000,135.000000,178.000000,128.000000,360.000000,178.000000,-129.998993,135.001007,178.000000,128.003998,360.035004,-153.000000,-105.000000,555.000000,-31.000000,177.000000,-95.000000
875,1743667111216979,178.000000,-130.000000,135.000000,178.000000,128.000000,360.000000,177.998993,-129.998001,135.001999,177.998993,128.003998,360.033997,-150.000000,-106.000000,546.000000,-31.000000,177.000000,-68.000000
875,1743667111222802,178.000000,-130.000000,135.000000,178.000000,128.000000,360.000000,178.000000,-129.998993,135.001999,177.998993,128.003998,360.032013,-154.000000,-111.000000,553.000000,-30.000000,171.000000,-94.000000
875,1743667111227443,178.000000,-130.000000,135.000000,178.000000,128.000000,360.000000,178.000000,-129.998993,135.001007,177.998993,128.003006,360.033997,-145.000000,-102.000000,577.000000,-31.000000,165.000000,-99.000000
875,1743667111231987,178.000000,-130.000000,135.000000,178.000000,128.000000,360.000000,177.998993,-129.998001,135.001007,177.998993,128.003998,360.032013,-146.000000,-106.000000,559.000000,-37.000000,160.000000,-90.000000
875,1743667111237802,178.000000,-130.000000,135.000000,178.000000,128.000000,360.000000,178.000000,-130.001007,135.001007,178.000000,128.005005,360.032013,-147.000000,-120.000000,574.000000,-25.000000,159.000000,-102.000000
875,1743667111242416,178.000000,-130.000000,135.000000,178.000000,128.000000,360.000000,178.000000,-129.998001,135.001007,178.000000,128.003006,360.033997,-151.000000,-106.000000,559.000000,-24.000000,146.000000,-85.000000
875,1743667111247182,178.000000,-130.000000,135.000000,178.000000,128.000000,360.000000,178.000000,-129.998001,135.001999,177.998993,128.003998,360.033997,-155.000000,-117.000000,556.000000,-29.000000,163.000000,-112.000000
875,1743667111251805,178.000000,-130.000000,135.000000,178.000000,128.000000,360.000000,178.000000,-129.996994,135.001007,178.000000,128.003998,360.031006,-146.000000,-112.000000,571.000000,-30.000000,144.000000,-106.000000
875,1743667111257702,178.000000,-130.000000,135.000000,178.000000,128.000000,360.000000,178.000000,-129.998001,134.998993,178.000000,128.003006,360.031006,-146.000000,-113.000000,572.000000,-33.000000,142.000000,-96.000000
875,1743667111262455,178.000000,-130.000000,135.000000,178.000000,128.000000,360.000000,178.000000,-129.998001,134.998993,177.998993,128.003998,360.032013,-148.000000,-113.000000,567.000000,-35.000000,143.000000,-111.000000
875,1743667111267058,178.000000,-130.000000,135.000000,178.000000,128.000000,360.000000,178.000000,-129.998993,135.001007,178.000000,128.003998,360.029999,-148.000000,-110.000000,565.000000,-28.000000,127.000000,-102.000000
875,1743667111272549,178.000000,-130.000000,135.000000,178.000000,128.000000,360.000000,178.000000,-129.998993,135.001007,177.998993,128.003006,360.031006,-150.000000,-104.000000,576.000000,-24.000000,132.000000,-109.000000
875,1743667111277226,178.000000,-130.000000,135.000000,178.000000,128.000000,360.000000,177.998993,-129.998001,135.001007,178.000000,128.003998,360.029999,-148.000000,-112.000000,560.000000,-35.000000,129.000000,-107.000000
875,1743667111281985,178.000000,-130.000000,135.000000,178.000000,128.000000,360.000000,177.996994,-129.998993,135.001007,177.998993,128.003998,360.029999,-150.000000,-108.000000,564.000000,-27.000000,118.000000,-127.000000
875,1743667111287661,178.000000,-130.000000,135.000000,178.000000,128.000000,360.000000,178.000000,-129.998993,135.001007,178.000000,128.003998,360.028015,-151.000000,-112.000000,569.000000,-33.000000,121.000000,-108.000000
875,1743667111292391,178.000000,-130.000000,135.000000,178.000000,128.000000,360.000000,177.996994,-129.998001,134.998993,177.998993,128.003006,360.029999,-155.000000,-110.000000,569.000000,-30.000000,117.000000,-101.000000
875,1743667111297024,178.000000,-130.000000,135.000000,178.000000,128.000000,360.000000,178.000000,-129.998001,135.001007,178.000000,128.003998,360.028015,-150.000000,-110.000000,575.000000,-38.000000,111.000000,-114.000000
875,1743667111301785,178.000000,-130.000000,135.000000,178.000000,128.000000,360.000000,178.001007,-129.998001,135.001007,178.000000,128.003998,360.027008,-154.000000,-106.000000,570.000000,-32.000000,110.000000,-100.000000
875,1743667111307648,178.000000,-130.000000,135.000000,178.000000,128.000000,360.000000,177.998993,-129.998993,135.001999,178.000000,128.003998,360.029999,-151.000000,-103.000000,568.000000,-33.000000,106.000000,-127.000000
875,1743667111312379,178.000000,-130.000000,135.000000,178.000000,128.000000,360.000000,178.000000,-129.998993,134.998993,178.000000,128.003998,360.027008,-146.000000,-108.000000,572.000000,-34.000000,93.000000,-123.000000
875,1743667111317015,178.000000,-130.000000,135.000000,178.000000,128.000000,360.000000,178.000000,-129.998001,134.998993,177.998993,128.003998,360.027008,-147.000000,-107.000000,575.000000,-31.000000,103.000000,-113.000000
875,1743667111321791,178.000000,-130.000000,135.000000,178.000000,128.000000,360.000000,178.000000,-129.998993,134.998993,177.998993,128.003998,360.027008,-156.000000,-108.000000,577.000000,-28.000000,101.000000,-121.000000
875,1743667111327663,178.000000,-130.000000,135.000000,178.000000,128.000000,360.000000,177.998993,-129.998993,134.998993,178.001007,128.003998,360.027008,-151.000000,-107.000000,570.000000,-32.000000,103.000000,-140.000000
875,1743667111332432,178.000000,-130.000000,135.000000,178.000000,128.000000,360.000000,177.998993,-129.998001,135.001007,178.000000,128.003998,360.026001,-153.000000,-111.000000,568.000000,-33.000000,89.000000,-130.000000
875,1743667111336886,178.000000,-130.000000,135.000000,178.000000,128.000000,360.000000,177.996994,-129.998993,135.001007,178.000000,128.003998,360.026001,-154.000000,-108.000000,570.000000,-34.000000,96.000000,-129.000000
875,1743667111342779,178.000000,-130.000000,135.000000,178.000000,128.000000,360.000000,177.998993,-129.998001,134.998993,178.000000,128.003006,360.027008,-150.000000,-113.000000,565.000000,-33.000000,86.000000,-141.000000
875,1743667111347545,178.000000,-130.000000,135.000000,178.000000,128.000000,360.000000,177.998993,-129.998001,134.998993,178.000000,128.003006,360.027008,-150.000000,-113.000000,565.000000,-33.000000,86.000000,-141.000000
875,1743667111352206,178.000000,-130.000000,135.000000,178.000000,128.000000,360.000000,177.998993,-129.998993,134.998993,178.000000,128.003998,360.026001,-148.000000,-105.000000,561.000000,-33.000000,72.000000,-135.000000
875,1743667111356844,178.000000,-130.000000,135.000000,178.000000,128.000000,360.000000,177.998993,-129.998993,134.998993,178.000000,128.003998,360.026001,-160.000000,-108.000000,562.000000,-35.000000,82.000000,-140.000000
875,1743667111362677,178.000000,-130.000000,135.000000,178.000000,128.000000,360.000000,177.998993,-129.998993,134.998993,178.000000,128.003998,360.026001,-160.000000,-108.000000,562.000000,-35.000000,82.000000,-140.000000
875,1743667111367428,178.000000,-130.000000,135.000000,178.000000,128.000000,360.000000,177.998993,-129.998993,134.998993,178.000000,128.003998,360.023987,-150.000000,-108.000000,568.000000,-31.000000,64.000000,-141.000000
875,1743667111372151,178.000000,-130.000000,135.000000,178.000000,128.000000,360.000000,177.998993,-129.998001,135.001007,178.000000,128.003006,360.026001,-150.000000,-105.000000,572.000000,-34.000000,74.000000,-131.000000
875,1743667111377937,178.000000,-130.000000,135.000000,178.000000,128.000000,360.000000,177.998993,-129.998001,135.001007,178.000000,128.003006,360.026001,-150.000000,-105.000000,572.000000,-34.000000,74.000000,-131.000000
875,1743667111382523,178.000000,-130.000000,135.000000,178.000000,128.000000,360.000000,177.998993,-129.998001,134.998993,178.000000,128.003006,360.026001,-164.000000,-108.000000,570.000000,-33.000000,74.000000,-134.000000
875,1743667111387102,178.000000,-130.000000,135.000000,178.000000,128.000000,360.000000,178.000000,-129.998001,134.998993,178.000000,128.003006,360.023987,-146.000000,-108.000000,566.000000,-36.000000,81.000000,-127.000000
875,1743667111392827,178.000000,-130.000000,135.000000,178.000000,128.000000,360.000000,178.000000,-129.998993,134.998993,178.000000,128.003006,360.023987,-150.000000,-107.000000,576.000000,-33.000000,73.000000,-135.000000
875,1743667111397469,178.000000,-130.000000,135.000000,178.000000,128.000000,360.000000,178.000000,-129.996994,134.998993,178.001007,128.003006,360.023010,-154.000000,-107.000000,560.000000,-31.000000,70.000000,-152.000000
875,1743667111401917,178.000000,-130.000000,135.000000,178.000000,128.000000,360.000000,178.001007,-129.998993,134.998993,177.998993,128.001007,360.020996,-160.000000,-109.000000,584.000000,-38.000000,76.000000,-147.000000
875,1743667111407604,178.000000,-130.000000,135.000000,178.000000,128.000000,360.000000,177.998993,-129.998001,134.998993,178.000000,128.003006,360.020996,-154.000000,-110.000000,571.000000,-33.000000,84.000000,-152.000000
875,1743667111412290,178.000000,-130.000000,135.000000,178.000000,128.000000,360.000000,178.000000,-129.998001,134.998993,178.000000,128.001007,360.020996,-155.000000,-109.000000,572.000000,-33.000000,76.000000,-143.000000
875,1743667111418030,178.000000,-130.000000,135.000000,178.000000,128.000000,360.000000,177.998993,-129.998001,134.998001,178.000000,128.003006,360.023010,-165.000000,-113.000000,566.000000,-33.000000,75.000000,-154.000000
875,1743667111422511,178.000000,-130.000000,135.000000,178.000000,128.000000,360.000000,177.998993,-129.998993,134.998993,178.000000,128.003006,360.023010,-159.000000,-113.000000,582.000000,-36.000000,80.000000,-169.000000
875,1743667111427196,178.000000,-130.000000,135.000000,178.000000,128.000000,360.000000,178.000000,-129.998001,135.001007,178.000000,128.003006,360.019012,-168.000000,-113.000000,578.000000,-30.000000,74.000000,-142.000000
875,1743667111431765,178.000000,-130.000000,135.000000,178.000000,128.000000,360.000000,178.000000,-129.998001,134.998993,178.000000,128.003006,360.019989,-157.000000,-112.000000,579.000000,-37.000000,83.000000,-146.000000
875,1743667111437496,178.000000,-130.000000,135.000000,178.000000,128.000000,360.000000,177.996994,-129.998001,134.998993,178.000000,128.003006,360.019989,-151.000000,-112.000000,576.000000,-30.000000,69.000000,-160.000000
875,1743667111441984,178.000000,-130.000000,135.000000,178.000000,128.000000,360.000000,177.998993,-129.996994,134.998993,178.000000,128.001007,360.019989,-154.000000,-114.000000,575.000000,-34.000000,75.000000,-154.000000
875,1743667111447654,178.000000,-130.000000,135.000000,178.000000,128.000000,360.000000,177.998993,-129.998001,135.001007,178.000000,128.003006,360.019989,-169.000000,-117.000000,563.000000,-37.000000,75.000000,-153.000000
875,1743667111452112,178.000000,-130.000000,135.000000,178.000000,128.000000,360.000000,178.000000,-129.998001,134.998993,178.000000,128.003006,360.016998,-161.000000,-115.000000,574.000000,-32.000000,73.000000,-161.000000
875,1743667111457610,178.000000,-130.000000,135.000000,178.000000,128.000000,360.000000,177.998993,-129.998001,134.998993,178.000000,128.003006,360.019989,-161.000000,-115.000000,567.000000,-36.000000,75.000000,-174.000000
875,1743667111462198,178.000000,-130.000000,135.000000,178.000000,128.000000,360.000000,178.000000,-129.996994,134.998993,178.000000,128.003006,360.019012,-162.000000,-115.000000,566.000000,-31.000000,73.000000,-162.000000
875,1743667111467721,178.000000,-130.000000,135.000000,178.000000,128.000000,360.000000,177.998993,-129.996994,135.001007,178.000000,128.001007,360.016998,-168.000000,-116.000000,568.000000,-36.000000,75.000000,-161.000000
875,1743667111472305,178.000000,-130.000000,135.000000,178.000000,128.000000,360.000000,178.000000,-129.998993,134.998993,178.000000,128.001007,360.019012,-161.000000,-121.000000,570.000000,-35.000000,79.000000,-173.000000
875,1743667111476889,178.000000,-130.000000,135.000000,178.000000,128.000000,360.000000,178.000000,-129.998001,134.998993,178.000000,128.003006,360.019012,-170.000000,-120.000000,581.000000,-35.000000,81.000000,-151.000000
875,1743667111482508,178.000000,-130.000000,135.000000,178.000000,128.000000,360.000000,177.998993,-129.998993,134.998993,178.000000,128.001007,360.019012,-166.000000,-125.000000,570.000000,-33.000000,80.000000,-178.000000
875,1743667111487912,178.000000,-130.000000,135.000000,178.000000,128.000000,360.000000,177.998993,-129.998001,135.001007,178.000000,128.001007,360.016998,-166.000000,-126.000000,568.000000,-31.000000,80.000000,-165.000000
875,1743667111492442,178.000000,-130.000000,135.000000,178.000000,128.000000,360.000000,177.998993,-129.998001,134.998993,178.000000,128.001007,360.015991,-166.000000,-123.000000,567.000000,-36.000000,86.000000,-193.000000
875,1743667111496965,178.000000,-130.000000,135.000000,178.000000,128.000000,360.000000,177.998993,-129.998001,134.998993,178.000000,128.001007,360.015991,-176.000000,-121.000000,581.000000,-32.000000,74.000000,-155.000000
875,1743667111502462,178.000000,-130.000000,135.000000,178.000000,128.000000,360.000000,177.998993,-129.996994,134.998993,178.001007,128.003006,360.015991,-161.000000,-117.000000,556.000000,-36.000000,79.000000,-174.000000
875,1743667111506938,178.000000,-130.000000,135.000000,178.000000,128.000000,360.000000,178.000000,-129.998001,134.998993,178.000000,128.003006,360.016998,-156.000000,-122.000000,568.000000,-31.000000,74.000000,-204.000000
875,1743667111512408,178.000000,-130.000000,135.000000,178.000000,128.000000,360.000000,178.000000,-129.998001,134.998993,178.000000,128.003006,360.015991,-159.000000,-119.000000,586.000000,-37.000000,77.000000,-166.000000
875,1743667111516826,178.000000,-130.000000,135.000000,178.000000,128.000000,360.000000,178.000000,-129.998001,135.001007,178.000000,128.003006,360.016998,-157.000000,-120.000000,575.000000,-36.000000,80.000000,-181.000000
875,1743667111522442,178.000000,-130.000000,135.000000,178.000000,128.000000,360.000000,177.998993,-129.998001,135.001007,178.000000,128.001007,360.015015,-164.000000,-121.000000,573.000000,-31.000000,81.000000,-189.000000
875,1743667111526839,178.000000,-130.000000,135.000000,178.000000,128.000000,360.000000,178.000000,-129.998001,135.001007,178.001007,128.001007,360.015991,-164.000000,-120.000000,576.000000,-40.000000,81.000000,-200.000000
875,1743667111532428,178.000000,-130.000000,135.000000,178.000000,128.000000,360.000000,177.998993,-129.998001,135.001007,178.000000,128.001007,360.019012,-160.000000,-118.000000,577.000000,-31.000000,81.000000,-190.000000
875,1743667111536820,178.000000,-130.000000,135.000000,178.000000,128.000000,360.000000,178.000000,-129.998001,135.001007,178.000000,128.001007,360.016998,-154.000000,-117.000000,574.000000,-40.000000,78.000000,-177.000000
875,1743667111542433,178.000000,-130.000000,135.000000,178.000000,128.000000,360.000000,177.998993,-129.996994,135.001007,178.001007,128.003006,360.015991,-149.000000,-118.000000,582.000000,-36.000000,79.000000,-175.000000
875,1743667111546987,178.000000,-130.000000,135.000000,178.000000,128.000000,360.000000,177.998993,-129.996994,135.001007,178.001007,128.003006,360.015991,-149.000000,-118.000000,582.000000,-36.000000,79.000000,-175.000000
875,1743667111551735,178.000000,-130.000000,135.000000,178.000000,128.000000,360.000000,177.998993,-129.998001,134.998993,178.000000,128.001007,360.015991,-148.000000,-121.000000,572.000000,-36.000000,85.000000,-196.000000
875,1743667111557437,178.000000,-130.000000,135.000000,178.000000,128.000000,360.000000,178.000000,-129.998001,134.998001,178.000000,128.003006,360.013000,-147.000000,-127.000000,586.000000,-30.000000,75.000000,-183.000000
875,1743667111561985,178.000000,-130.000000,135.000000,178.000000,128.000000,360.000000,178.000000,-129.998001,134.998001,178.000000,128.003006,360.013000,-147.000000,-127.000000,586.000000,-30.000000,75.000000,-183.000000
875,1743667111567544,178.000000,-130.000000,135.000000,178.000000,128.000000,360.000000,177.998993,-129.996994,134.998993,178.000000,128.001007,360.015015,-140.000000,-117.000000,577.000000,-35.000000,76.000000,-195.000000
875,1743667111572152,178.000000,-130.000000,135.000000,178.000000,128.000000,360.000000,177.998993,-129.998001,134.998001,178.000000,128.001007,360.013000,-138.000000,-118.000000,567.000000,-41.000000,82.000000,-182.000000
875,1743667111577720,178.000000,-130.000000,135.000000,178.000000,128.000000,360.000000,178.000000,-129.998001,134.998993,178.000000,128.001007,360.013000,-144.000000,-119.000000,577.000000,-42.000000,78.000000,-177.000000
875,1743667111582171,178.000000,-130.000000,135.000000,178.000000,128.000000,360.000000,178.000000,-129.998001,134.998993,178.000000,128.003006,360.015015,-133.000000,-119.000000,598.000000,-39.000000,76.000000,-198.000000
875,1743667111588008,178.000000,-130.000000,135.000000,178.000000,128.000000,360.000000,177.996994,-129.998993,134.998993,178.000000,128.001007,360.013000,-143.000000,-118.000000,574.000000,-35.000000,87.000000,-190.000000
875,1743667111592392,178.000000,-130.000000,135.000000,178.000000,128.000000,360.000000,177.998993,-129.996994,134.998993,178.000000,128.000000,360.013000,-145.000000,-118.000000,601.000000,-36.000000,85.000000,-224.000000
875,1743667111596938,178.000000,-130.000000,135.000000,178.000000,128.000000,360.000000,177.996994,-129.998001,134.998993,178.000000,128.001007,360.011993,-150.000000,-118.000000,584.000000,-33.000000,74.000000,-187.000000
875,1743667111602472,178.000000,-130.000000,135.000000,178.000000,128.000000,360.000000,178.000000,-129.998001,134.998993,178.000000,128.001007,360.015015,-151.000000,-119.000000,585.000000,-34.000000,82.000000,-192.000000
875,1743667111606984,178.000000,-130.000000,135.000000,178.000000,128.000000,360.000000,177.998993,-129.998001,134.998001,178.000000,128.000000,360.013000,-146.000000,-117.000000,599.000000,-37.000000,84.000000,-190.000000
875,1743667111612711,178.000000,-130.000000,135.000000,178.000000,128.000000,360.000000,177.998993,-129.998001,134.998993,178.000000,128.001007,360.015015,-148.000000,-118.000000,570.000000,-37.000000,79.000000,-188.000000
875,1743667111617380,178.000000,-130.000000,135.000000,178.000000,128.000000,360.000000,177.998993,-129.996994,134.998993,178.000000,128.001007,360.013000,-145.000000,-116.000000,584.000000,-34.000000,73.000000,-183.000000
875,1743667111621831,178.000000,-130.000000,135.000000,178.000000,128.000000,360.000000,178.000000,-129.998001,134.998001,178.001007,128.001007,360.013000,-144.000000,-117.000000,569.000000,-34.000000,77.000000,-191.000000
875,1743667111627552,178.000000,-130.000000,135.000000,178.000000,128.000000,360.000000,177.996994,-129.998001,134.998993,178.001007,128.001007,360.011993,-143.000000,-122.000000,586.000000,-32.000000,83.000000,-214.000000
875,1743667111632123,178.000000,-130.000000,135.000000,178.000000,128.000000,360.000000,177.998993,-129.996994,134.998993,178.000000,128.001007,360.011993,-135.000000,-125.000000,585.000000,-38.000000,74.000000,-204.000000
875,1743667111637893,178.000000,-130.000000,135.000000,178.000000,128.000000,360.000000,177.998993,-129.998001,134.998993,178.000000,128.001007,360.011993,-133.000000,-122.000000,588.000000,-29.000000,74.000000,-205.000000
875,1743667111642447,178.000000,-130.000000,135.000000,178.000000,128.000000,360.000000,177.996994,-129.998001,134.998993,178.001007,128.001007,360.013000,-141.000000,-122.000000,576.000000,-36.000000,76.000000,-219.000000
875,1743667111647064,178.000000,-130.000000,135.000000,178.000000,128.000000,360.000000,177.998993,-129.996994,134.998993,178.000000,128.000000,360.011993,-132.000000,-123.000000,586.000000,-34.000000,74.000000,-216.000000
875,1743667111652653,178.000000,-130.000000,135.000000,178.000000,128.000000,360.000000,177.998993,-129.998001,135.001007,178.001007,128.000000,360.013000,-123.000000,-135.000000,584.000000,-31.000000,87.000000,-223.000000
875,1743667111657314,178.000000,-130.000000,135.000000,178.000000,128.000000,360.000000,177.998993,-129.996994,134.998993,178.000000,128.000000,360.010010,-140.000000,-130.000000,582.000000,-37.000000,73.000000,-194.000000
875,1743667111661899,178.000000,-130.000000,135.000000,178.000000,128.000000,360.000000,177.998993,-129.998001,134.998993,178.001007,128.001007,360.010010,-134.000000,-132.000000,592.000000,-34.000000,78.000000,-226.000000
875,1743667111667544,178.000000,-130.000000,135.000000,178.000000,128.000000,360.000000,177.996994,-129.998001,134.998993,178.001007,128.001007,360.013000,-134.000000,-131.000000,601.000000,-33.000000,77.000000,-246.000000
875,1743667111672051,178.000000,-130.000000,135.000000,178.000000,128.000000,360.000000,178.000000,-129.996994,134.998993,178.000000,128.000000,360.010010,-141.000000,-131.000000,594.000000,-33.000000,74.000000,-191.000000
875,1743667111677808,178.000000,-130.000000,135.000000,178.000000,128.000000,360.000000,178.000000,-129.998001,134.998993,178.000000,128.000000,360.011993,-138.000000,-129.000000,587.000000,-34.000000,79.000000,-201.000000
875,1743667111682316,178.000000,-130.000000,135.000000,178.000000,128.000000,360.000000,178.000000,-129.998001,134.998001,178.000000,128.001007,360.011993,-151.000000,-129.000000,599.000000,-35.000000,66.000000,-206.000000
875,1743667111687947,178.000000,-130.000000,135.000000,178.000000,128.000000,360.000000,177.998993,-129.994995,134.998001,178.000000,128.001007,360.011993,-149.000000,-134.000000,591.000000,-34.000000,79.000000,-214.000000
875,1743667111692483,178.000000,-130.000000,135.000000,178.000000,128.000000,360.000000,177.998993,-129.996994,134.998993,178.000000,128.001007,360.011993,-154.000000,-140.000000,590.000000,-39.000000,62.000000,-190.000000
875,1743667111696970,178.000000,-130.000000,135.000000,178.000000,128.000000,360.000000,178.000000,-129.996994,134.998001,178.000000,128.001007,360.010010,-145.000000,-133.000000,591.000000,-42.000000,74.000000,-215.000000
875,1743667111702525,178.000000,-130.000000,135.000000,178.000000,128.000000,360.000000,177.998993,-129.996994,134.998993,178.001007,128.001007,360.011993,-146.000000,-134.000000,595.000000,-38.000000,71.000000,-250.000000
875,1743667111707071,178.000000,-130.000000,135.000000,178.000000,128.000000,360.000000,177.998993,-129.996994,134.998993,178.001007,128.001007,360.011993,-146.000000,-134.000000,595.000000,-38.000000,71.000000,-250.000000
875,1743667111712641,178.000000,-130.000000,135.000000,178.000000,128.000000,360.000000,178.000000,-129.996994,135.001007,178.000000,128.001007,360.010010,-142.000000,-137.000000,590.000000,-37.000000,66.000000,-240.000000
875,1743667111717301,178.000000,-130.000000,135.000000,178.000000,128.000000,360.000000,178.000000,-129.998001,134.998993,178.000000,128.001007,360.009003,-143.000000,-135.000000,591.000000,-41.000000,72.000000,-224.000000
875,1743667111722806,178.000000,-130.000000,135.000000,178.000000,128.000000,360.000000,178.000000,-129.998001,134.998993,178.000000,128.001007,360.009003,-143.000000,-135.000000,591.000000,-41.000000,72.000000,-224.000000
875,1743667111727152,178.000000,-130.000000,135.000000,178.000000,128.000000,360.000000,177.998993,-129.998001,135.001007,178.000000,128.001007,360.011993,-141.000000,-141.000000,594.000000,-35.000000,71.000000,-241.000000
875,1743667111732544,178.000000,-130.000000,135.000000,178.000000,128.000000,360.000000,177.998993,-129.998001,135.001007,178.000000,128.001007,360.011993,-141.000000,-141.000000,594.000000,-35.000000,71.000000,-241.000000
875,1743667111737095,178.000000,-130.000000,135.000000,178.000000,128.000000,360.000000,177.998993,-129.998001,134.998993,178.001007,128.001007,360.011993,-148.000000,-139.000000,597.000000,-37.000000,70.000000,-205.000000
875,1743667111742541,178.000000,-130.000000,135.000000,178.000000,128.000000,360.000000,177.998993,-129.998001,134.998993,178.000000,128.001007,360.009003,-138.000000,-137.000000,597.000000,-39.000000,77.000000,-244.000000
875,1743667111747067,178.000000,-130.000000,135.000000,178.000000,128.000000,360.000000,178.000000,-129.998001,134.998993,178.000000,128.001007,360.010010,-143.000000,-140.000000,587.000000,-35.000000,65.000000,-234.000000
875,1743667111752724,178.000000,-130.000000,135.000000,178.000000,128.000000,360.000000,178.000000,-129.996994,134.998993,178.000000,128.003006,360.010010,-145.000000,-142.000000,585.000000,-35.000000,71.000000,-208.000000
875,1743667111757351,178.000000,-130.000000,135.000000,178.000000,128.000000,360.000000,177.998993,-129.998001,134.998993,178.000000,128.001007,360.010010,-130.000000,-135.000000,596.000000,-33.000000,75.000000,-253.000000
875,1743667111761735,178.000000,-130.000000,135.000000,178.000000,128.000000,360.000000,178.001007,-129.996994,134.998993,178.001007,128.003006,360.009003,-136.000000,-143.000000,598.000000,-36.000000,85.000000,-257.000000
875,1743667111767135,178.000000,-130.000000,135.000000,178.000000,128.000000,360.000000,177.998993,-129.998001,134.998993,178.001007,128.001007,360.009003,-146.000000,-133.000000,609.000000,-37.000000,73.000000,-219.000000
875,1743667111772508,178.000000,-130.000000,135.000000,178.000000,128.000000,360.000000,178.000000,-129.998001,135.001007,178.000000,128.001007,360.011993,-130.000000,-136.000000,608.000000,-34.000000,72.000000,-220.000000
875,1743667111776995,178.000000,-130.000000,135.000000,178.000000,128.000000,360.000000,178.000000,-129.998001,134.998993,178.001007,128.001007,360.010010,-129.000000,-131.000000,607.000000,-30.000000,71.000000,-208.000000
875,1743667111781720,178.000000,-130.000000,135.000000,178.000000,128.000000,360.000000,178.001007,-129.998001,134.998001,178.001007,128.001007,360.013000,-141.000000,-135.000000,607.000000,-29.000000,74.000000,-213.000000
875,1743667111787525,178.000000,-130.000000,135.000000,178.000000,128.000000,360.000000,178.000000,-129.996994,134.998001,178.000000,128.000000,360.010010,-131.000000,-135.000000,597.000000,-34.000000,71.000000,-231.000000
875,1743667111792059,178.000000,-130.000000,135.000000,178.000000,128.000000,360.000000,177.998993,-129.996994,134.998993,178.000000,128.001007,360.010010,-133.000000,-136.000000,595.000000,-35.000000,77.000000,-212.000000
875,1743667111797731,178.000000,-130.000000,135.000000,178.000000,128.000000,360.000000,177.998993,-129.996994,134.998993,178.000000,128.001007,360.010010,-139.000000,-138.000000,596.000000,-35.000000,78.000000,-192.000000
875,1743667111802049,178.000000,-130.000000,135.000000,178.000000,128.000000,360.000000,177.998993,-129.998001,134.998001,178.001007,128.001007,360.011993,-130.000000,-138.000000,583.000000,-35.000000,73.000000,-224.000000
875,1743667111807576,178.000000,-130.000000,135.000000,178.000000,128.000000,360.000000,177.998993,-129.998993,134.998993,178.000000,128.001007,360.011993,-126.000000,-139.000000,593.000000,-32.000000,72.000000,-222.000000
875,1743667111812082,178.000000,-130.000000,135.000000,178.000000,128.000000,360.000000,177.998993,-129.998001,134.998001,178.000000,128.001007,360.010010,-123.000000,-139.000000,586.000000,-38.000000,80.000000,-260.000000
875,1743667111817440,178.000000,-130.000000,135.000000,178.000000,128.000000,360.000000,178.000000,-129.996994,135.001007,178.000000,128.001007,360.010010,-128.000000,-145.000000,596.000000,-34.000000,76.000000,-224.000000
875,1743667111821747,178.000000,-130.000000,135.000000,178.000000,128.000000,360.000000,177.998993,-129.996994,134.998001,178.000000,128.000000,360.009003,-126.000000,-143.000000,593.000000,-37.000000,79.000000,-234.000000
875,1743667111827315,178.000000,-130.000000,135.000000,178.000000,128.000000,360.000000,178.000000,-129.998001,134.998993,178.000000,128.001007,360.010010,-127.000000,-137.000000,591.000000,-37.000000,69.000000,-228.000000
875,1743667111831860,178.000000,-130.000000,135.000000,178.000000,128.000000,360.000000,177.998993,-129.998993,135.001007,178.000000,128.001007,360.011993,-134.000000,-156.000000,592.000000,-35.000000,80.000000,-199.000000
875,1743667111837748,178.000000,-130.000000,135.000000,178.000000,128.000000,360.000000,177.996994,-129.998001,134.998001,178.000000,128.000000,360.010010,-124.000000,-144.000000,590.000000,-33.000000,72.000000,-208.000000
875,1743667111842294,178.000000,-130.000000,135.000000,178.000000,128.000000,360.000000,177.996994,-129.996994,134.998001,178.000000,128.000000,360.011993,-134.000000,-145.000000,590.000000,-40.000000,74.000000,-219.000000
875,1743667111847827,178.000000,-130.000000,135.000000,178.000000,128.000000,360.000000,177.998993,-129.998001,134.998001,178.000000,128.001007,360.011993,-129.000000,-145.000000,596.000000,-38.000000,80.000000,-215.000000
875,1743667111852389,178.000000,-130.000000,135.000000,178.000000,128.000000,360.000000,177.998993,-129.996994,134.998993,178.000000,128.000000,360.010010,-127.000000,-145.000000,595.000000,-37.000000,72.000000,-199.000000
875,1743667111856911,178.000000,-130.000000,135.000000,178.000000,128.000000,360.000000,177.998993,-129.998001,134.998993,178.001007,128.001007,360.010010,-125.000000,-144.000000,600.000000,-33.000000,81.000000,-215.000000
875,1743667111862503,178.000000,-130.000000,135.000000,178.000000,128.000000,360.000000,177.996994,-129.996994,134.998993,178.000000,128.001007,360.011993,-125.000000,-145.000000,594.000000,-36.000000,80.000000,-231.000000
875,1743667111866831,178.000000,-130.000000,135.000000,178.000000,128.000000,360.000000,177.996994,-129.996994,134.998993,178.000000,128.001007,360.011993,-125.000000,-145.000000,594.000000,-36.000000,80.000000,-231.000000
875,1743667111872208,178.000000,-130.000000,135.000000,178.000000,128.000000,360.000000,177.998993,-129.998993,134.998993,178.000000,128.001007,360.010010,-120.000000,-146.000000,595.000000,-31.000000,77.000000,-216.000000
875,1743667111877560,178.000000,-130.000000,135.000000,178.000000,128.000000,360.000000,177.998993,-129.998993,134.998993,178.000000,128.001007,360.010010,-120.000000,-146.000000,595.000000,-31.000000,77.000000,-216.000000
875,1743667111881910,178.000000,-130.000000,135.000000,178.000000,128.000000,360.000000,178.000000,-129.998001,134.998993,178.000000,128.000000,360.009003,-126.000000,-145.000000,599.000000,-38.000000,80.000000,-242.000000
875,1743667111887379,178.000000,-130.000000,135.000000,178.000000,128.000000,360.000000,178.000000,-129.998001,134.998993,178.000000,128.001007,360.011993,-122.000000,-146.000000,599.000000,-28.000000,77.000000,-222.000000
875,1743667111891926,178.000000,-130.000000,135.000000,178.000000,128.000000,360.000000,177.998993,-129.998993,135.001007,178.000000,128.001007,360.010010,-126.000000,-146.000000,599.000000,-33.000000,77.000000,-239.000000
875,1743667111897826,178.000000,-130.000000,135.000000,178.000000,128.000000,360.000000,178.000000,-129.996994,134.998993,178.001007,128.001007,360.011993,-120.000000,-152.000000,590.000000,-33.000000,74.000000,-255.000000
875,1743667111902455,178.000000,-130.000000,135.000000,178.000000,128.000000,360.000000,177.998993,-129.998001,134.998993,178.000000,128.000000,360.010010,-126.000000,-151.000000,598.000000,-28.000000,68.000000,-220.000000
875,1743667111907067,178.000000,-130.000000,135.000000,178.000000,128.000000,360.000000,178.000000,-129.998001,134.998993,178.000000,128.001007,360.010010,-122.000000,-148.000000,588.000000,-33.000000,80.000000,-223.000000
875,1743667111911743,178.000000,-130.000000,135.000000,178.000000,128.000000,360.000000,177.996994,-129.996994,134.998001,177.998993,128.000000,360.010010,-124.000000,-150.000000,592.000000,-31.000000,75.000000,-254.000000
875,1743667111917568,178.000000,-130.000000,135.000000,178.000000,128.000000,360.000000,177.998993,-129.994995,134.998993,178.001007,128.000000,360.010010,-130.000000,-146.000000,581.000000,-32.000000,76.000000,-215.000000
875,1743667111922179,178.000000,-130.000000,135.000000,178.000000,128.000000,360.000000,178.000000,-129.998001,134.998001,178.000000,128.001007,360.013000,-131.000000,-157.000000,592.000000,-34.000000,78.000000,-233.000000
875,1743667111927918,178.000000,-130.000000,135.000000,178.000000,128.000000,360.000000,178.000000,-129.998001,134.998993,178.000000,128.001007,360.010010,-130.000000,-150.000000,591.000000,-28.000000,74.000000,-259.000000
875,1743667111932712,178.000000,-130.000000,135.000000,178.000000,128.000000,360.000000,178.000000,-129.998001,134.998001,178.000000,128.000000,360.011993,-130.000000,-150.000000,594.000000,-32.000000,73.000000,-249.000000
875,1743667111937343,178.000000,-130.000000,135.000000,178.000000,128.000000,360.000000,177.998993,-129.996994,134.998993,178.000000,128.000000,360.011993,-129.000000,-159.000000,591.000000,-35.000000,77.000000,-231.000000
875,1743667111941817,178.000000,-130.000000,135.000000,178.000000,128.000000,360.000000,177.998993,-129.998001,134.998993,178.000000,128.001007,360.009003,-129.000000,-160.000000,589.000000,-30.000000,81.000000,-241.000000
875,1743667111947322,178.000000,-130.000000,135.000000,178.000000,128.000000,360.000000,177.998993,-129.998993,134.998001,178.000000,128.000000,360.011993,-132.000000,-156.000000,592.000000,-34.000000,82.000000,-217.000000
875,1743667111952741,178.000000,-130.000000,135.000000,178.000000,128.000000,360.000000,178.000000,-129.998001,134.998993,178.000000,128.000000,360.011993,-136.000000,-156.000000,579.000000,-33.000000,74.000000,-204.000000
875,1743667111957381,178.000000,-130.000000,135.000000,178.000000,128.000000,360.000000,177.998993,-129.996994,134.998993,178.000000,128.000000,360.010010,-132.000000,-156.000000,587.000000,-34.000000,79.000000,-242.000000
875,1743667111962021,178.000000,-130.000000,135.000000,178.000000,128.000000,360.000000,177.998993,-129.996994,134.998993,178.000000,127.998001,360.010010,-132.000000,-154.000000,596.000000,-36.000000,79.000000,-194.000000
875,1743667111967733,178.000000,-130.000000,135.000000,178.000000,128.000000,360.000000,177.998993,-129.996994,134.998993,178.000000,127.998001,360.010010,-132.000000,-154.000000,596.000000,-36.000000,79.000000,-194.000000
875,1743667111972451,178.000000,-130.000000,135.000000,178.000000,128.000000,360.000000,177.998993,-129.994995,134.998993,178.000000,127.998001,360.009003,-132.000000,-156.000000,591.000000,-30.000000,79.000000,-209.000000
875,1743667111976997,178.000000,-130.000000,135.000000,178.000000,128.000000,360.000000,177.998993,-129.996994,134.998993,178.000000,128.000000,360.009003,-132.000000,-168.000000,593.000000,-33.000000,78.000000,-218.000000
875,1743667111981765,178.000000,-130.000000,135.000000,178.000000,128.000000,360.000000,177.998993,-129.998001,134.998001,178.000000,128.000000,360.010010,-131.000000,-166.000000,587.000000,-32.000000,75.000000,-231.000000
875,1743667111987690,178.000000,-130.000000,135.000000,178.000000,128.000000,360.000000,177.998993,-129.996994,135.001007,178.001007,128.000000,360.009003,-129.000000,-171.000000,601.000000,-36.000000,81.000000,-219.000000
875,1743667111992344,178.000000,-130.000000,135.000000,178.000000,128.000000,360.000000,178.000000,-129.998001,134.998001,178.000000,128.000000,360.010010,-128.000000,-165.000000,601.000000,-30.000000,75.000000,-208.000000
875,1743667111996970,178.000000,-130.000000,135.000000,178.000000,128.000000,360.000000,177.998993,-129.998001,134.998993,178.000000,127.998001,360.010010,-125.000000,-167.000000,595.000000,-36.000000,88.000000,-235.000000
875,1743667112001749,178.000000,-130.000000,135.000000,178.000000,128.000000,360.000000,177.998993,-129.998001,134.998993,178.000000,127.998001,360.010010,-137.000000,-169.000000,584.000000,-29.000000,81.000000,-222.000000
875,1743667112007501,178.000000,-130.000000,135.000000,178.000000,128.000000,360.000000,178.000000,-129.998001,134.998001,178.000000,127.998001,360.010010,-129.000000,-164.000000,613.000000,-33.000000,75.000000,-189.000000
875,1743667112012237,178.000000,-130.000000,135.000000,178.000000,128.000000,360.000000,178.000000,-129.996994,134.998001,178.000000,128.000000,360.010010,-143.000000,-170.000000,598.000000,-32.000000,83.000000,-236.000000
875,1743667112016899,178.000000,-130.000000,135.000000,178.000000,128.000000,360.000000,178.000000,-129.996994,134.998993,178.001007,128.000000,360.011993,-137.000000,-169.000000,598.000000,-28.000000,79.000000,-248.000000
875,1743667112021641,178.000000,-130.000000,135.000000,178.000000,128.000000,360.000000,178.000000,-129.996994,134.998993,178.001007,128.000000,360.011993,-137.000000,-169.000000,598.000000,-28.000000,79.000000,-248.000000
875,1743667112027384,178.000000,-130.000000,135.000000,178.000000,128.000000,360.000000,178.000000,-129.996994,134.998993,178.000000,128.000000,360.009003,-146.000000,-170.000000,596.000000,-35.000000,81.000000,-216.000000
875,1743667112032151,178.000000,-130.000000,135.000000,178.000000,128.000000,360.000000,178.000000,-129.996994,134.998993,178.000000,128.000000,360.009003,-146.000000,-170.000000,596.000000,-35.000000,81.000000,-216.000000
875,1743667112037866,178.000000,-130.000000,135.000000,178.000000,128.000000,360.000000,177.998993,-129.996994,134.998001,178.001007,128.000000,360.010010,-152.000000,-169.000000,598.000000,-32.000000,77.000000,-262.000000
875,1743667112042608,178.000000,-130.000000,135.000000,178.000000,128.000000,360.000000,177.998993,-129.996994,134.998001,178.001007,128.000000,360.010010,-152.000000,-169.000000,598.000000,-32.000000,77.000000,-262.000000
875,1743667112049539,178.000000,-130.000000,135.000000,178.000000,128.000000,360.000000,177.998993,-129.998001,134.998993,178.000000,127.998001,360.011993,-145.000000,-165.000000,614.000000,-27.000000,83.000000,-250.000000
875,1743667112051856,178.000000,-130.000000,135.000000,178.000000,128.000000,360.000000,177.998993,-129.996994,134.998993,178.000000,127.998001,360.010010,-144.000000,-166.000000,599.000000,-31.000000,76.000000,-274.000000
875,1743667112057659,178.000000,-130.000000,135.000000,178.000000,128.000000,360.000000,177.998993,-129.998001,134.998993,178.001007,128.000000,360.011993,-146.000000,-167.000000,609.000000,-34.000000,86.000000,-264.000000
875,1743667112062217,178.000000,-130.000000,135.000000,178.000000,128.000000,360.000000,177.996994,-129.996994,134.998001,178.000000,127.998001,360.011993,-143.000000,-172.000000,583.000000,-33.000000,82.000000,-274.000000
875,1743667112067897,178.000000,-130.000000,135.000000,178.000000,128.000000,360.000000,178.000000,-129.996994,134.998001,178.001007,127.997002,360.009003,-152.000000,-174.000000,589.000000,-34.000000,86.000000,-193.000000
875,1743667112072666,178.000000,-130.000000,135.000000,178.000000,128.000000,360.000000,178.000000,-129.996994,134.998993,178.000000,127.998001,360.009003,-159.000000,-173.000000,595.000000,-32.000000,73.000000,-219.000000
875,1743667112077480,178.000000,-130.000000,135.000000,178.000000,128.000000,360.000000,177.998993,-129.996994,134.998001,178.000000,127.997002,360.007996,-157.000000,-176.000000,586.000000,-33.000000,85.000000,-259.000000
875,1743667112081931,178.000000,-130.000000,135.000000,178.000000,128.000000,360.000000,177.998993,-129.996994,134.998001,178.001007,127.998001,360.010010,-158.000000,-183.000000,576.000000,-26.000000,77.000000,-207.000000
875,1743667112087743,178.000000,-130.000000,135.000000,178.000000,128.000000,360.000000,177.996994,-129.998001,134.998001,178.000000,127.998001,360.009003,-153.000000,-179.000000,590.000000,-39.000000,76.000000,-192.000000
875,1743667112092299,178.000000,-130.000000,135.000000,178.000000,128.000000,360.000000,177.998993,-129.996994,134.998993,178.001007,127.998001,360.011993,-153.000000,-187.000000,589.000000,-36.000000,80.000000,-214.000000
875,1743667112098038,178.000000,-130.000000,135.000000,178.000000,128.000000,360.000000,178.000000,-129.996994,134.998993,178.001007,127.998001,360.009003,-144.000000,-186.000000,591.000000,-34.000000,81.000000,-243.000000
875,1743667112102717,178.000000,-130.000000,135.000000,178.000000,128.000000,360.000000,177.998993,-129.998001,134.998001,178.000000,127.998001,360.011993,-136.000000,-185.000000,590.000000,-32.000000,79.000000,-234.000000
875,1743667112107396,178.000000,-130.000000,135.000000,178.000000,128.000000,360.000000,178.000000,-129.994995,134.998993,178.000000,127.998001,360.010010,-149.000000,-188.000000,591.000000,-32.000000,85.000000,-213.000000
875,1743667112112086,178.000000,-130.000000,135.000000,178.000000,128.000000,360.000000,177.998993,-129.998001,134.998993,178.000000,128.000000,360.011993,-154.000000,-186.000000,590.000000,-33.000000,78.000000,-253.000000
875,1743667112118010,178.000000,-130.000000,135.000000,178.000000,128.000000,360.000000,178.000000,-129.996994,134.998001,178.001007,127.998001,360.010010,-151.000000,-189.000000,603.000000,-31.000000,85.000000,-229.000000
875,1743667112122634,178.000000,-130.000000,135.000000,178.000000,128.000000,360.000000,177.998993,-129.996994,134.998993,178.001007,127.998001,360.011993,-147.000000,-186.000000,586.000000,-39.000000,85.000000,-165.000000
875,1743667112127284,178.000000,-130.000000,135.000000,178.000000,128.000000,360.000000,177.998993,-129.996994,134.998993,178.001007,127.998001,360.010010,-147.000000,-187.000000,587.000000,-32.000000,82.000000,-184.000000
875,1743667112131935,178.000000,-130.000000,135.000000,178.000000,128.000000,360.000000,177.998993,-129.996994,134.998993,178.001007,127.998001,360.011993,-147.000000,-191.000000,593.000000,-33.000000,83.000000,-229.000000
875,1743667112137898,178.000000,-130.000000,135.000000,178.000000,128.000000,360.000000,177.998993,-129.996994,134.998993,178.003006,127.998001,360.010010,-150.000000,-186.000000,575.000000,-34.000000,85.000000,-236.000000
875,1743667112142537,178.000000,-130.000000,135.000000,178.000000,128.000000,360.000000,177.998993,-129.998001,134.998001,178.003006,127.997002,360.007996,-152.000000,-188.000000,586.000000,-32.000000,76.000000,-213.000000
875,1743667112147381,178.000000,-130.000000,135.000000,178.000000,128.000000,360.000000,177.998993,-129.998001,134.998993,178.001007,127.998001,360.011993,-151.000000,-190.000000,587.000000,-31.000000,84.000000,-198.000000
875,1743667112152173,178.000000,-130.000000,135.000000,178.000000,128.000000,360.000000,177.998993,-129.996994,134.998993,178.001007,127.998001,360.010010,-148.000000,-189.000000,585.000000,-35.000000,83.000000,-162.000000
875,1743667112156806,178.000000,-130.000000,135.000000,178.000000,128.000000,360.000000,178.000000,-129.996994,134.998001,178.001007,127.998001,360.010010,-148.000000,-194.000000,583.000000,-33.000000,83.000000,-241.000000
875,1743667112162739,178.000000,-130.000000,135.000000,178.000000,128.000000,360.000000,177.998993,-129.996994,134.998001,178.001007,127.998001,360.011993,-150.000000,-191.000000,587.000000,-34.000000,84.000000,-176.000000
875,1743667112167462,178.000000,-130.000000,135.000000,178.000000,128.000000,360.000000,178.000000,-129.996994,134.998001,178.001007,127.998001,360.010010,-151.000000,-199.000000,595.000000,-34.000000,86.000000,-216.000000
875,1743667112172094,178.000000,-130.000000,135.000000,178.000000,128.000000,360.000000,178.000000,-129.996994,134.998001,178.001007,127.998001,360.010010,-151.000000,-199.000000,595.000000,-34.000000,86.000000,-216.000000
875,1743667112177948,178.000000,-130.000000,135.000000,178.000000,128.000000,360.000000,177.998993,-129.996994,134.998993,178.001007,127.997002,360.009003,-150.000000,-191.000000,588.000000,-34.000000,81.000000,-146.000000
875,1743667112182573,178.000000,-130.000000,135.000000,178.000000,128.000000,360.000000,177.998993,-129.996994,134.998993,178.001007,127.997002,360.009003,-150.000000,-191.000000,588.000000,-34.000000,81.000000,-146.000000
875,1743667112187375,178.000000,-130.000000,135.000000,178.000000,128.000000,360.000000,178.000000,-129.996994,134.998993,178.003006,127.998001,360.010010,-150.000000,-206.000000,589.000000,-35.000000,89.000000,-191.000000
875,1743667112192140,178.000000,-130.000000,135.000000,178.000000,128.000000,360.000000,177.998993,-129.996994,134.998993,178.001007,127.997002,360.010010,-147.000000,-202.000000,590.000000,-35.000000,84.000000,-180.000000
875,1743667112196718,178.000000,-130.000000,135.000000,178.000000,128.000000,360.000000,177.998993,-129.996994,134.998001,178.003006,127.997002,360.010010,-143.000000,-202.000000,577.000000,-34.000000,86.000000,-172.000000
875,1743667112202529,178.000000,-130.000000,135.000000,178.000000,128.000000,360.000000,177.998993,-129.996994,134.998001,178.001007,127.998001,360.010010,-146.000000,-205.000000,578.000000,-42.000000,85.000000,-202.000000
875,1743667112207248,178.000000,-130.000000,135.000000,178.000000,128.000000,360.000000,178.000000,-129.996994,134.998001,178.003006,127.997002,360.009003,-141.000000,-214.000000,592.000000,-40.000000,83.000000,-187.000000
875,1743667112211877,178.000000,-130.000000,135.000000,178.000000,128.000000,360.000000,178.000000,-129.996994,134.998993,178.003006,127.998001,360.010010,-142.000000,-208.000000,591.000000,-34.000000,82.000000,-180.000000
875,1743667112217833,178.000000,-130.000000,135.000000,178.000000,128.000000,360.000000,177.998993,-129.998001,134.998993,178.003006,127.998001,360.007996,-146.000000,-210.000000,587.000000,-38.000000,83.000000,-134.000000
875,1743667112222455,178.000000,-130.000000,135.000000,178.000000,128.000000,360.000000,178.000000,-129.996994,134.998993,178.003006,127.997002,360.009003,-157.000000,-208.000000,588.000000,-33.000000,86.000000,-207.000000
875,1743667112227227,178.000000,-130.000000,135.000000,178.000000,128.000000,360.000000,177.998993,-129.996994,134.998993,178.001007,127.997002,360.007996,-152.000000,-218.000000,589.000000,-35.000000,95.000000,-175.000000
875,1743667112231888,178.000000,-130.000000,135.000000,178.000000,128.000000,360.000000,178.000000,-129.996994,134.998001,178.001007,127.996002,360.007996,-151.000000,-222.000000,592.000000,-31.000000,87.000000,-155.000000
875,1743667112237813,178.000000,-130.000000,135.000000,178.000000,128.000000,360.000000,177.998993,-129.996994,134.998993,178.001007,127.998001,360.007996,-141.000000,-222.000000,588.000000,-36.000000,86.000000,-157.000000
875,1743667112242454,178.000000,-130.000000,135.000000,178.000000,128.000000,360.000000,177.998993,-129.998001,134.998001,178.003006,127.997002,360.006012,-135.000000,-219.000000,588.000000,-30.000000,91.000000,-143.000000
875,1743667112247186,178.000000,-130.000000,135.000000,178.000000,128.000000,360.000000,177.998993,-129.994995,134.998993,178.001007,127.998001,360.006012,-141.000000,-225.000000,600.000000,-38.000000,91.000000,-157.000000
875,1743667112251732,178.000000,-130.000000,135.000000,178.000000,128.000000,360.000000,177.998993,-129.998001,134.998001,178.003006,127.997002,360.007996,-141.000000,-223.000000,582.000000,-37.000000,87.000000,-158.000000
875,1743667112257702,178.000000,-130.000000,135.000000,178.000000,128.000000,360.000000,178.000000,-129.996994,134.998993,178.003006,127.997002,360.006012,-141.000000,-219.000000,596.000000,-35.000000,87.000000,-121.000000
875,1743667112262469,178.000000,-130.000000,135.000000,178.000000,128.000000,360.000000,178.000000,-129.996994,134.998001,178.003006,127.996002,360.007996,-143.000000,-224.000000,576.000000,-32.000000,92.000000,-140.000000
875,1743667112267121,178.000000,-130.000000,135.000000,178.000000,128.000000,360.000000,177.998993,-129.996994,134.998001,178.001007,127.997002,360.006012,-140.000000,-221.000000,587.000000,-29.000000,91.000000,-137.000000
875,1743667112271742,178.000000,-130.000000,135.000000,178.000000,128.000000,360.000000,177.998993,-129.994995,134.998993,178.003006,127.997002,360.005005,-143.000000,-222.000000,590.000000,-32.000000,90.000000,-118.000000
875,1743667112277758,178.000000,-130.000000,135.000000,178.000000,128.000000,360.000000,177.998993,-129.994995,134.998993,178.003006,127.997002,360.005005,-141.000000,-236.000000,584.000000,-35.000000,90.000000,-118.000000
875,1743667112282392,178.000000,-130.000000,135.000000,178.000000,128.000000,360.000000,177.996994,-129.996994,134.998001,178.003006,127.997002,360.005005,-135.000000,-232.000000,588.000000,-35.000000,91.000000,-139.000000
875,1743667112287028,178.000000,-130.000000,135.000000,178.000000,128.000000,360.000000,177.998993,-129.996994,134.998001,178.003006,127.998001,360.003998,-126.000000,-228.000000,593.000000,-36.000000,91.000000,-134.000000
875,1743667112291583,178.000000,-130.000000,135.000000,178.000000,128.000000,360.000000,177.998993,-129.996994,134.998001,178.001007,127.997002,360.003998,-134.000000,-238.000000,586.000000,-35.000000,86.000000,-120.000000
875,1743667112297308,178.000000,-130.000000,135.000000,178.000000,128.000000,360.000000,177.998993,-129.996994,134.998001,178.001007,127.998001,360.005005,-141.000000,-233.000000,594.000000,-37.000000,93.000000,-141.000000
875,1743667112301809,178.000000,-130.000000,135.000000,178.000000,128.000000,360.000000,177.996994,-129.996994,134.998993,178.003998,127.998001,360.002014,-136.000000,-235.000000,592.000000,-34.000000,94.000000,-163.000000
875,1743667112307202,178.000000,-130.000000,135.000000,178.000000,128.000000,360.000000,178.000000,-129.996994,134.998993,178.003006,127.997002,360.002014,-141.000000,-241.000000,587.000000,-47.000000,85.000000,-134.000000
875,1743667112312612,178.000000,-130.000000,135.000000,178.000000,128.000000,360.000000,178.000000,-129.994995,134.998001,178.003006,127.996002,360.003998,-130.000000,-236.000000,593.000000,-37.000000,90.000000,-130.000000
875,1743667112316902,178.000000,-130.000000,135.000000,178.000000,128.000000,360.000000,177.996002,-129.996994,134.998001,178.001007,127.997002,360.002014,-130.000000,-247.000000,595.000000,-45.000000,87.000000,-137.000000
875,1743667112322279,178.000000,-130.000000,135.000000,178.000000,128.000000,360.000000,178.000000,-129.996994,134.998001,178.003006,127.998001,360.003998,-136.000000,-250.000000,588.000000,-38.000000,84.000000,-146.000000
875,1743667112327694,178.000000,-130.000000,135.000000,178.000000,128.000000,360.000000,178.000000,-129.998001,134.998001,178.003006,127.997002,360.001007,-135.000000,-255.000000,591.000000,-41.000000,92.000000,-136.000000
875,1743667112332146,178.000000,-130.000000,135.000000,178.000000,128.000000,360.000000,178.000000,-129.998001,134.998001,178.003006,127.997002,360.001007,-135.000000,-255.000000,591.000000,-41.000000,92.000000,-136.000000
875,1743667112337454,178.000000,-130.000000,135.000000,178.000000,128.000000,360.000000,178.000000,-129.994995,134.998993,178.003006,127.997002,359.998993,-130.000000,-249.000000,587.000000,-39.000000,89.000000,-93.000000
875,1743667112341754,178.000000,-130.000000,135.000000,178.000000,128.000000,360.000000,178.000000,-129.994995,134.998993,178.003006,127.997002,359.998993,-130.000000,-249.000000,587.000000,-39.000000,89.000000,-93.000000
875,1743667112347163,178.000000,-130.000000,135.000000,178.000000,128.000000,360.000000,177.998993,-129.998001,134.998993,178.003006,127.997002,360.002014,-134.000000,-251.000000,590.000000,-42.000000,102.000000,-115.000000
875,1743667112352509,178.000000,-130.000000,135.000000,178.000000,128.000000,360.000000,177.998993,-129.998001,134.998993,178.003006,127.997002,360.002014,-134.000000,-251.000000,590.000000,-42.000000,102.000000,-115.000000
875,1743667112356895,178.000000,-130.000000,135.000000,178.000000,128.000000,360.000000,178.000000,-129.996994,134.998993,178.003006,127.997002,360.001007,-136.000000,-255.000000,574.000000,-40.000000,97.000000,-121.000000
875,1743667112361632,178.000000,-130.000000,135.000000,178.000000,128.000000,360.000000,177.998993,-129.996994,134.998001,178.003006,127.996002,359.998993,-136.000000,-259.000000,594.000000,-44.000000,97.000000,-100.000000
875,1743667112367459,178.000000,-130.000000,135.000000,178.000000,128.000000,360.000000,177.998993,-129.996994,134.998001,178.003006,127.997002,360.001007,-132.000000,-256.000000,587.000000,-43.000000,105.000000,-127.000000
875,1743667112372062,178.000000,-130.000000,135.000000,178.000000,128.000000,360.000000,177.996994,-129.998001,134.998001,178.003998,127.997002,360.002014,-140.000000,-255.000000,589.000000,-40.000000,95.000000,-131.000000
875,1743667112377904,178.000000,-130.000000,135.000000,178.000000,128.000000,360.000000,177.998993,-129.998001,134.998993,178.003006,127.997002,360.001007,-142.000000,-260.000000,594.000000,-40.000000,99.000000,-85.000000
875,1743667112382534,178.000000,-130.000000,135.000000,178.000000,128.000000,360.000000,177.998993,-129.996994,134.998001,178.003006,127.997002,360.001007,-137.000000,-257.000000,589.000000,-42.000000,96.000000,-128.000000
875,1743667112387271,178.000000,-130.000000,135.000000,178.000000,128.000000,360.000000,177.998993,-129.996994,134.998001,178.003006,127.996002,360.001007,-126.000000,-274.000000,594.000000,-50.000000,98.000000,-113.000000
875,1743667112391931,178.000000,-130.000000,135.000000,178.000000,128.000000,360.000000,177.998993,-129.998001,134.998001,178.003006,127.997002,360.001007,-130.000000,-262.000000,585.000000,-43.000000,98.000000,-120.000000
875,1743667112397856,178.000000,-130.000000,135.000000,178.000000,128.000000,360.000000,177.998993,-129.996994,135.001007,178.003998,127.998001,360.001007,-133.000000,-271.000000,594.000000,-48.000000,99.000000,-116.000000
875,1743667112402468,178.000000,-130.000000,135.000000,178.000000,128.000000,360.000000,178.000000,-129.998001,134.998001,178.003006,127.997002,360.002014,-120.000000,-265.000000,590.000000,-55.000000,95.000000,-114.000000
875,1743667112407187,178.000000,-130.000000,135.000000,178.000000,128.000000,360.000000,177.998993,-129.996994,134.998993,178.003006,127.997002,359.998993,-124.000000,-272.000000,586.000000,-50.000000,97.000000,-109.000000
875,1743667112412981,178.000000,-130.000000,135.000000,178.000000,128.000000,360.000000,177.998993,-129.998001,134.998993,178.003006,127.997002,360.002014,-133.000000,-265.000000,596.000000,-48.000000,106.000000,-106.000000
875,1743667112417590,178.000000,-130.000000,135.000000,178.000000,128.000000,360.000000,178.001007,-129.996994,134.998993,178.003998,127.997002,359.998993,-125.000000,-266.000000,588.000000,-51.000000,100.000000,-105.000000
875,1743667112422241,178.000000,-130.000000,135.000000,178.000000,128.000000,360.000000,178.000000,-129.996994,134.998993,178.003998,127.997002,360.001007,-125.000000,-266.000000,587.000000,-67.000000,99.000000,-115.000000
875,1743667112427706,178.000000,-130.000000,135.000000,178.000000,128.000000,360.000000,177.996994,-129.996994,134.998993,178.003006,127.997002,359.998993,-128.000000,-268.000000,596.000000,-64.000000,99.000000,-136.000000
875,1743667112432257,178.000000,-130.000000,135.000000,178.000000,128.000000,360.000000,177.998993,-129.994995,134.998993,178.003006,127.997002,360.001007,-119.000000,-276.000000,592.000000,-66.000000,100.000000,-110.000000
875,1743667112437762,178.000000,-130.000000,135.000000,178.000000,128.000000,360.000000,177.996994,-129.996994,134.998993,178.003006,127.996002,359.998993,-123.000000,-275.000000,588.000000,-58.000000,100.000000,-111.000000
875,1743667112442118,178.000000,-130.000000,135.000000,178.000000,128.000000,360.000000,178.000000,-129.996994,134.998993,178.003006,127.997002,359.998993,-124.000000,-273.000000,597.000000,-57.000000,107.000000,-101.000000
875,1743667112447548,178.000000,-130.000000,135.000000,178.000000,128.000000,360.000000,177.996994,-129.998001,134.998993,178.003006,127.997002,359.997986,-123.000000,-278.000000,592.000000,-73.000000,107.000000,-121.000000
875,1743667112451869,178.000000,-130.000000,135.000000,178.000000,128.000000,360.000000,177.996994,-129.996994,134.998001,178.003998,127.997002,359.998993,-123.000000,-277.000000,592.000000,-63.000000,102.000000,-135.000000
875,1743667112457543,178.000000,-130.000000,135.000000,178.000000,128.000000,360.000000,177.998993,-129.996994,134.998001,178.003006,127.997002,359.998993,-126.000000,-289.000000,594.000000,-71.000000,102.000000,-102.000000
875,1743667112462144,178.000000,-130.000000,135.000000,178.000000,128.000000,360.000000,177.998993,-129.998001,134.998993,178.003006,127.997002,360.001007,-119.000000,-282.000000,586.000000,-66.000000,106.000000,-95.000000
875,1743667112467848,178.000000,-130.000000,135.000000,178.000000,128.000000,360.000000,178.000000,-129.998001,134.998993,178.003998,127.998001,359.998993,-134.000000,-290.000000,591.000000,-70.000000,106.000000,-87.000000
875,1743667112472241,178.000000,-130.000000,135.000000,178.000000,128.000000,360.000000,178.000000,-129.996994,134.998001,178.003006,127.997002,360.001007,-136.000000,-277.000000,590.000000,-75.000000,111.000000,-110.000000
875,1743667112477632,178.000000,-130.000000,135.000000,178.000000,128.000000,360.000000,178.000000,-129.996994,134.998001,178.003006,127.998001,359.998993,-124.000000,-294.000000,597.000000,-69.000000,102.000000,-101.000000
875,1743667112482020,178.000000,-130.000000,135.000000,178.000000,128.000000,360.000000,177.998993,-129.994995,134.998001,178.003998,127.998001,359.998993,-121.000000,-296.000000,590.000000,-72.000000,114.000000,-110.000000
875,1743667112487465,178.000000,-130.000000,135.000000,178.000000,128.000000,360.000000,178.001007,-129.994995,134.998001,178.003006,127.997002,359.998993,-123.000000,-307.000000,591.000000,-68.000000,106.000000,-114.000000
875,1743667112491803,178.000000,-130.000000,135.000000,178.000000,128.000000,360.000000,178.001007,-129.994995,134.998001,178.003006,127.997002,359.998993,-123.000000,-307.000000,591.000000,-68.000000,106.000000,-114.000000
875,1743667112497198,178.000000,-130.000000,135.000000,178.000000,128.000000,360.000000,177.998993,-129.998001,134.998001,178.003006,127.998001,359.998993,-125.000000,-300.000000,592.000000,-75.000000,117.000000,-85.000000
875,1743667112502854,178.000000,-130.000000,135.000000,178.000000,128.000000,360.000000,177.998993,-129.998001,134.998001,178.003006,127.998001,359.998993,-125.000000,-300.000000,592.000000,-75.000000,117.000000,-85.000000
875,1743667112507323,178.000000,-130.000000,135.000000,178.000000,128.000000,360.000000,177.996994,-129.996994,134.998993,178.003006,127.997002,359.998993,-121.000000,-310.000000,590.000000,-68.000000,109.000000,-92.000000
875,1743667112512872,178.000000,-130.000000,135.000000,178.000000,128.000000,360.000000,177.998993,-129.996994,134.998993,178.003006,127.998001,360.001007,-128.000000,-304.000000,585.000000,-79.000000,104.000000,-100.000000
875,1743667112517302,178.000000,-130.000000,135.000000,178.000000,128.000000,360.000000,177.998993,-129.996994,134.998993,178.003006,127.997002,359.998993,-125.000000,-299.000000,593.000000,-84.000000,110.000000,-111.000000
875,1743667112522859,178.000000,-130.000000,135.000000,178.000000,128.000000,360.000000,178.000000,-129.996994,134.998001,178.003998,127.997002,359.998993,-137.000000,-305.000000,582.000000,-84.000000,112.000000,-93.000000
875,1743667112527236,178.000000,-130.000000,135.000000,178.000000,128.000000,360.000000,177.998993,-129.998001,134.998993,178.003006,127.997002,359.998993,-128.000000,-314.000000,598.000000,-78.000000,110.000000,-136.000000
875,1743667112532657,178.000000,-130.000000,135.000000,178.000000,128.000000,360.000000,178.000000,-129.996994,134.998993,178.003006,127.996002,359.998993,-129.000000,-315.000000,590.000000,-77.000000,122.000000,-98.000000
875,1743667112538034,178.000000,-130.000000,135.000000,178.000000,128.000000,360.000000,178.000000,-129.996994,134.998001,178.003006,127.997002,359.997986,-131.000000,-315.000000,603.000000,-87.000000,126.000000,-130.000000
875,1743667112542397,178.000000,-130.000000,135.000000,178.000000,128.000000,360.000000,178.000000,-129.996994,134.998993,178.003006,127.997002,359.998993,-138.000000,-312.000000,606.000000,-84.000000,121.000000,-115.000000
875,1743667112546985,178.000000,-130.000000,135.000000,178.000000,128.000000,360.000000,178.000000,-129.996994,134.998993,178.003006,127.998001,359.998993,-133.000000,-312.000000,598.000000,-91.000000,130.000000,-111.000000
875,1743667112552650,178.000000,-130.000000,135.000000,178.000000,128.000000,360.000000,178.000000,-129.998001,134.998993,178.003006,127.997002,359.998993,-131.000000,-322.000000,603.000000,-82.000000,121.000000,-106.000000
875,1743667112557202,178.000000,-130.000000,135.000000,178.000000,128.000000,360.000000,177.998993,-129.996994,134.998001,178.001007,127.996002,360.001007,-142.000000,-323.000000,606.000000,-81.000000,125.000000,-105.000000
875,1743667112562777,178.000000,-130.000000,135.000000,178.000000,128.000000,360.000000,178.000000,-129.996994,134.998001,178.003006,127.997002,360.001007,-138.000000,-325.000000,587.000000,-84.000000,131.000000,-103.000000
875,1743667112567271,178.000000,-130.000000,135.000000,178.000000,128.000000,360.000000,177.998993,-129.998001,134.998993,178.003006,127.997002,359.998993,-143.000000,-319.000000,600.000000,-83.000000,130.000000,-112.000000
875,1743667112572671,178.000000,-130.000000,135.000000,178.000000,128.000000,360.000000,177.998993,-129.996994,134.998993,178.003006,127.998001,359.998993,-140.000000,-315.000000,588.000000,-85.000000,120.000000,-133.000000
875,1743667112576994,178.000000,-130.000000,135.000000,178.000000,128.000000,360.000000,177.998993,-129.996994,134.998993,178.003006,127.997002,359.998993,-147.000000,-318.000000,601.000000,-82.000000,130.000000,-85.000000
875,1743667112582434,178.000000,-130.000000,135.000000,178.000000,128.000000,360.000000,177.998993,-129.996994,134.998001,178.003006,127.997002,359.998993,-145.000000,-318.000000,582.000000,-91.000000,132.000000,-90.000000
875,1743667112586858,178.000000,-130.000000,135.000000,178.000000,128.000000,360.000000,178.001007,-129.994995,134.998001,178.003998,127.997002,360.001007,-144.000000,-323.000000,593.000000,-89.000000,132.000000,-83.000000
875,1743667112592350,178.000000,-130.000000,135.000000,178.000000,128.000000,360.000000,177.998993,-129.996994,134.998993,178.003006,127.997002,360.001007,-145.000000,-326.000000,600.000000,-95.000000,123.000000,-135.000000
875,1743667112596817,178.000000,-130.000000,135.000000,178.000000,128.000000,360.000000,177.998993,-129.996994,134.998993,178.003998,127.996002,360.001007,-144.000000,-313.000000,590.000000,-83.000000,129.000000,-68.000000
875,1743667112602365,178.000000,-130.000000,135.000000,178.000000,128.000000,360.000000,178.000000,-129.998001,134.998993,178.003006,127.996002,359.998993,-148.000000,-325.000000,594.000000,-93.000000,127.000000,-72.000000
875,1743667112607809,178.000000,-130.000000,135.000000,178.000000,128.000000,360.000000,177.996994,-129.998001,134.998001,178.003006,127.998001,359.998993,-148.000000,-322.000000,598.000000,-88.000000,133.000000,-78.000000
875,1743667112612546,178.000000,-130.000000,135.000000,178.000000,128.000000,360.000000,177.998993,-129.996994,134.998001,178.003006,127.998001,359.998993,-141.000000,-321.000000,598.000000,-89.000000,130.000000,-99.000000
875,1743667112617185,178.000000,-130.000000,135.000000,178.000000,128.000000,360.000000,178.000000,-129.994995,134.998993,178.003006,127.997002,359.997986,-149.000000,-334.000000,594.000000,-95.000000,138.000000,-71.000000
875,1743667112622725,178.000000,-130.000000,135.000000,178.000000,128.000000,360.000000,177.998993,-129.996994,134.998001,178.003006,127.997002,359.997986,-143.000000,-345.000000,600.000000,-87.000000,126.000000,-71.000000
875,1743667112627422,178.000000,-130.000000,135.000000,178.000000,128.000000,360.000000,178.000000,-129.996994,134.998993,178.001007,127.997002,359.998993,-144.000000,-349.000000,584.000000,-93.000000,130.000000,-80.000000
875,1743667112632114,178.000000,-130.000000,135.000000,178.000000,128.000000,360.000000,177.998993,-129.996994,134.998993,178.003006,127.998001,359.998993,-135.000000,-344.000000,591.000000,-94.000000,131.000000,-105.000000
875,1743667112637670,178.000000,-130.000000,135.000000,178.000000,128.000000,360.000000,177.998993,-129.998001,134.998993,178.003006,127.997002,359.997986,-134.000000,-342.000000,580.000000,-100.000000,127.000000,-94.000000
875,1743667112642113,178.000000,-130.000000,135.000000,178.000000,128.000000,360.000000,177.998993,-129.996994,134.998001,178.003006,127.997002,359.997009,-142.000000,-343.000000,593.000000,-99.000000,135.000000,-67.000000
875,1743667112647679,178.000000,-130.000000,135.000000,178.000000,128.000000,360.000000,177.998993,-129.996994,134.998001,178.003006,127.997002,359.997986,-135.000000,-349.000000,588.000000,-98.000000,130.000000,-106.000000
875,1743667112652215,178.000000,-130.000000,135.000000,178.000000,128.000000,360.000000,178.000000,-129.998001,134.998001,178.003998,127.997002,359.998993,-140.000000,-344.000000,590.000000,-95.000000,131.000000,-67.000000
875,1743667112657841,178.000000,-130.000000,135.000000,178.000000,128.000000,360.000000,178.000000,-129.996994,134.998993,178.003006,127.997002,359.997986,-127.000000,-361.000000,593.000000,-95.000000,129.000000,-88.000000
875,1743667112662362,178.000000,-130.000000,135.000000,178.000000,128.000000,360.000000,177.998993,-129.998001,134.998993,178.003006,127.997002,359.997986,-128.000000,-360.000000,590.000000,-99.000000,128.000000,-73.000000
875,1743667112666750,178.000000,-130.000000,135.000000,178.000000,128.000000,360.000000,178.000000,-129.996994,134.998001,178.003006,127.997002,359.997986,-134.000000,-351.000000,593.000000,-97.000000,136.000000,-117.000000
875,1743667112672606,178.000000,-130.000000,135.000000,178.000000,128.000000,360.000000,178.000000,-129.996994,134.998001,178.003006,127.997002,359.997986,-134.000000,-351.000000,593.000000,-97.000000,136.000000,-117.000000
875,1743667112677282,178.000000,-130.000000,135.000000,178.000000,128.000000,360.000000,177.998993,-129.996994,134.998001,178.003006,127.997002,359.997986,-134.000000,-350.000000,607.000000,-106.000000,138.000000,-89.000000
875,1743667112682685,178.000000,-130.000000,135.000000,178.000000,128.000000,360.000000,177.998993,-129.996994,134.998001,178.003998,127.997002,359.997986,-135.000000,-354.000000,603.000000,-107.000000,139.000000,-85.000000
875,1743667112687029,178.000000,-130.000000,135.000000,178.000000,128.000000,360.000000,177.998993,-129.996994,134.998001,178.003998,127.997002,359.997986,-135.000000,-354.000000,603.000000,-107.000000,139.000000,-85.000000
875,1743667112692432,178.000000,-130.000000,135.000000,178.000000,128.000000,360.000000,177.998993,-129.996994,134.998001,178.003998,127.998001,359.997986,-135.000000,-352.000000,601.000000,-108.000000,136.000000,-75.000000
875,1743667112696778,178.000000,-130.000000,135.000000,178.000000,128.000000,360.000000,178.000000,-129.996994,134.996994,178.003006,127.997002,359.997986,-135.000000,-353.000000,588.000000,-108.000000,127.000000,-88.000000
875,1743667112702217,178.000000,-130.000000,135.000000,178.000000,128.000000,360.000000,178.000000,-129.996994,134.998993,178.003006,127.996002,359.997986,-127.000000,-365.000000,598.000000,-107.000000,140.000000,-99.000000
875,1743667112707587,178.000000,-130.000000,135.000000,178.000000,128.000000,360.000000,177.996994,-129.998001,134.998993,178.003998,127.997002,359.997986,-139.000000,-352.000000,597.000000,-104.000000,139.000000,-101.000000
875,1743667112712003,178.000000,-130.000000,135.000000,178.000000,128.000000,360.000000,178.000000,-129.996994,134.998993,178.003998,127.997002,359.997986,-135.000000,-355.000000,594.000000,-115.000000,134.000000,-96.000000
875,1743667112717362,178.000000,-130.000000,135.000000,178.000000,128.000000,360.000000,177.998993,-129.996994,134.998993,178.003006,127.998001,359.997986,-141.000000,-363.000000,574.000000,-111.000000,128.000000,-50.000000
875,1743667112721735,178.000000,-130.000000,135.000000,178.000000,128.000000,360.000000,177.998993,-129.996994,134.998993,178.003006,127.996002,359.997986,-138.000000,-377.000000,589.000000,-108.000000,138.000000,-126.000000
875,1743667112727098,178.000000,-130.000000,135.000000,178.000000,128.000000,360.000000,177.998993,-129.998001,134.998993,178.003006,127.997002,359.998993,-137.000000,-374.000000,597.000000,-110.000000,163.000000,-117.000000
875,1743667112732443,178.000000,-130.000000,135.000000,178.000000,128.000000,360.000000,177.996994,-129.996994,134.998993,178.003006,127.997002,359.997009,-138.000000,-371.000000,595.000000,-116.000000,149.000000,-92.000000
875,1743667112737839,178.000000,-130.000000,135.000000,178.000000,128.000000,360.000000,177.998993,-129.996994,134.998001,178.003006,127.998001,359.997986,-147.000000,-375.000000,590.000000,-113.000000,135.000000,-109.000000
875,1743667112742143,178.000000,-130.000000,135.000000,178.000000,128.000000,360.000000,177.998993,-129.996994,134.998001,178.003006,127.997002,359.997009,-143.000000,-369.000000,590.000000,-115.000000,138.000000,-80.000000
875,1743667112747484,178.000000,-130.000000,135.000000,178.000000,128.000000,360.000000,177.998993,-129.996994,134.996994,178.003006,127.997002,359.997986,-137.000000,-372.000000,592.000000,-120.000000,140.000000,-65.000000
875,1743667112751828,178.000000,-130.000000,135.000000,178.000000,128.000000,360.000000,178.000000,-129.996994,134.998993,178.003006,127.997002,359.997986,-132.000000,-369.000000,590.000000,-114.000000,135.000000,-135.000000
875,1743667112757253,178.000000,-130.000000,135.000000,178.000000,128.000000,360.000000,177.998993,-129.998001,134.998993,178.003006,127.997002,359.998993,-127.000000,-374.000000,592.000000,-112.000000,147.000000,-99.000000
875,1743667112761557,178.000000,-130.000000,135.000000,178.000000,128.000000,360.000000,178.000000,-129.996994,134.998001,178.003006,127.996002,359.997986,-128.000000,-366.000000,593.000000,-113.000000,146.000000,-45.000000
875,1743667112766932,178.000000,-130.000000,135.000000,178.000000,128.000000,360.000000,178.000000,-129.996994,134.998001,178.003006,127.998001,359.998993,-123.000000,-374.000000,591.000000,-116.000000,146.000000,-105.000000
875,1743667112772359,178.000000,-130.000000,135.000000,178.000000,128.000000,360.000000,178.000000,-129.996994,134.998993,178.003006,127.997002,359.998993,-128.000000,-369.000000,592.000000,-112.000000,143.000000,-88.000000
875,1743667112777775,178.000000,-130.000000,135.000000,178.000000,128.000000,360.000000,178.000000,-129.998001,134.998993,178.003006,127.997002,359.997009,-124.000000,-373.000000,596.000000,-111.000000,151.000000,-121.000000
875,1743667112782120,178.000000,-130.000000,135.000000,178.000000,128.000000,360.000000,177.998993,-129.996994,134.998001,178.003006,127.997002,359.997986,-121.000000,-366.000000,594.000000,-124.000000,144.000000,-63.000000
875,1743667112787526,178.000000,-130.000000,135.000000,178.000000,128.000000,360.000000,177.998993,-129.994995,134.998993,178.003998,127.997002,359.998993,-125.000000,-374.000000,593.000000,-115.000000,142.000000,-127.000000
875,1743667112792008,178.000000,-130.000000,135.000000,178.000000,128.000000,360.000000,177.998993,-129.998001,134.998001,178.003006,127.998001,359.998993,-130.000000,-376.000000,587.000000,-124.000000,150.000000,-114.000000
875,1743667112797861,178.000000,-130.000000,135.000000,178.000000,128.000000,360.000000,178.000000,-129.996994,134.998993,178.003006,127.997002,359.997986,-122.000000,-372.000000,593.000000,-119.000000,144.000000,-106.000000
875,1743667112802401,178.000000,-130.000000,135.000000,178.000000,128.000000,360.000000,177.996994,-129.998001,134.998001,178.003006,127.996002,360.001007,-123.000000,-376.000000,590.000000,-125.000000,154.000000,-47.000000
875,1743667112807333,178.000000,-130.000000,135.000000,178.000000,128.000000,360.000000,177.998993,-129.996994,134.998993,178.003006,127.997002,359.994995,-120.000000,-375.000000,592.000000,-116.000000,156.000000,-91.000000
875,1743667112812114,178.000000,-130.000000,135.000000,178.000000,128.000000,360.000000,178.000000,-129.998001,134.998001,178.003998,127.997002,359.997009,-113.000000,-376.000000,586.000000,-121.000000,144.000000,-60.000000
875,1743667112816857,178.000000,-130.000000,135.000000,178.000000,128.000000,360.000000,177.996994,-129.996994,134.998001,178.003998,127.997002,359.997009,-117.000000,-379.000000,590.000000,-131.000000,144.000000,-89.000000
875,1743667112821611,178.000000,-130.000000,135.000000,178.000000,128.000000,360.000000,177.998993,-129.996994,134.998001,178.003006,127.997002,359.998993,-119.000000,-377.000000,589.000000,-135.000000,144.000000,-82.000000
875,1743667112827293,178.000000,-130.000000,135.000000,178.000000,128.000000,360.000000,177.998993,-129.998001,134.998001,178.003006,127.997002,359.998993,-119.000000,-375.000000,588.000000,-125.000000,151.000000,-63.000000
875,1743667112831751,178.000000,-130.000000,135.000000,178.000000,128.000000,360.000000,177.998993,-129.998001,134.998001,178.003006,127.997002,359.998993,-119.000000,-375.000000,588.000000,-125.000000,151.000000,-63.000000
875,1743667112837501,178.000000,-130.000000,135.000000,178.000000,128.000000,360.000000,177.998993,-129.996994,134.998993,178.003006,127.997002,359.997986,-119.000000,-378.000000,593.000000,-132.000000,154.000000,-58.000000
875,1743667112842085,178.000000,-130.000000,135.000000,178.000000,128.000000,360.000000,177.998993,-129.996994,134.998993,178.003006,127.998001,359.997986,-123.000000,-376.000000,587.000000,-124.000000,148.000000,-116.000000
875,1743667112847973,178.000000,-130.000000,135.000000,178.000000,128.000000,360.000000,177.998993,-129.996994,134.998993,178.003006,127.998001,359.997986,-123.000000,-376.000000,587.000000,-124.000000,148.000000,-116.000000
875,1743667112852440,178.000000,-130.000000,135.000000,178.000000,128.000000,360.000000,177.996994,-129.996994,134.998001,178.003006,127.997002,359.997009,-128.000000,-376.000000,593.000000,-131.000000,146.000000,-93.000000
875,1743667112856953,178.000000,-130.000000,135.000000,178.000000,128.000000,360.000000,177.998993,-129.996994,134.998001,178.003998,127.997002,359.997009,-118.000000,-380.000000,590.000000,-124.000000,146.000000,-107.000000
875,1743667112862528,178.000000,-130.000000,135.000000,178.000000,128.000000,360.000000,177.998993,-129.996994,134.998001,178.003998,127.997002,359.997009,-118.000000,-380.000000,590.000000,-124.000000,146.000000,-107.000000
875,1743667112867146,178.000000,-130.000000,135.000000,178.000000,128.000000,360.000000,178.000000,-129.996994,134.998993,178.003006,127.997002,359.997986,-115.000000,-381.000000,586.000000,-128.000000,155.000000,-48.000000
875,1743667112872746,178.000000,-130.000000,135.000000,178.000000,128.000000,360.000000,178.000000,-129.998001,134.998993,178.003006,127.997002,359.998993,-116.000000,-379.000000,592.000000,-132.000000,146.000000,-110.000000
875,1743667112877256,178.000000,-130.000000,135.000000,178.000000,128.000000,360.000000,178.000000,-129.996994,134.998001,178.003006,127.998001,359.997986,-109.000000,-386.000000,592.000000,-126.000000,157.000000,-112.000000
875,1743667112881666,178.000000,-130.000000,135.000000,178.000000,128.000000,360.000000,177.998993,-129.996994,134.998001,178.003006,127.997002,359.997009,-116.000000,-378.000000,593.000000,-136.000000,146.000000,-112.000000
875,1743667112887166,178.000000,-130.000000,135.000000,178.000000,128.000000,360.000000,178.000000,-129.996994,134.998001,178.003006,127.997002,359.997986,-114.000000,-386.000000,590.000000,-136.000000,154.000000,-69.000000
875,1743667112892683,178.000000,-130.000000,135.000000,178.000000,128.000000,360.000000,177.998993,-129.998001,134.998001,178.003006,127.997002,359.998993,-107.000000,-374.000000,591.000000,-133.000000,156.000000,-104.000000
875,1743667112897135,178.000000,-130.000000,135.000000,178.000000,128.000000,360.000000,177.998993,-129.996994,134.998993,178.003006,127.997002,359.997009,-127.000000,-378.000000,592.000000,-132.000000,154.000000,-65.000000
875,1743667112901719,178.000000,-130.000000,135.000000,178.000000,128.000000,360.000000,178.000000,-129.996994,134.998001,178.003006,127.996002,359.998993,-115.000000,-378.000000,587.000000,-131.000000,161.000000,-116.000000
875,1743667112907411,178.000000,-130.000000,135.000000,178.000000,128.000000,360.000000,177.996994,-129.998001,134.998001,178.003006,127.998001,359.997009,-118.000000,-380.000000,592.000000,-134.000000,171.000000,-68.000000
875,1743667112911983,178.000000,-130.000000,135.000000,178.000000,128.000000,360.000000,178.000000,-129.996994,134.998993,178.003006,127.997002,359.998993,-114.000000,-390.000000,592.000000,-140.000000,155.000000,-118.000000
875,1743667112917812,178.000000,-130.000000,135.000000,178.000000,128.000000,360.000000,178.000000,-129.996994,134.998993,178.003006,127.998001,359.997009,-123.000000,-382.000000,590.000000,-135.000000,157.000000,-108.000000
875,1743667112922389,178.000000,-130.000000,135.000000,178.000000,128.000000,360.000000,177.998993,-129.996994,135.001007,178.003006,127.998001,359.997986,-109.000000,-384.000000,591.000000,-130.000000,169.000000,-62.000000
875,1743667112927896,178.000000,-130.000000,135.000000,178.000000,128.000000,360.000000,177.998993,-129.996994,134.998993,178.003006,127.997002,359.997009,-108.000000,-387.000000,593.000000,-133.000000,155.000000,-57.000000
875,1743667112932231,178.000000,-130.000000,135.000000,178.000000,128.000000,360.000000,178.000000,-129.998001,134.998993,178.003006,127.997002,359.997986,-111.000000,-387.000000,580.000000,-130.000000,159.000000,-145.000000
875,1743667112937585,178.000000,-130.000000,135.000000,178.000000,128.000000,360.000000,178.000000,-129.996994,134.998993,178.003006,127.997002,359.997986,-110.000000,-385.000000,588.000000,-133.000000,157.000000,-42.000000
875,1743667112941908,178.000000,-130.000000,135.000000,178.000000,128.000000,360.000000,177.998993,-129.996994,134.998993,178.003006,127.997002,359.997986,-111.000000,-392.000000,586.000000,-137.000000,164.000000,-79.000000
875,1743667112947271,178.000000,-130.000000,135.000000,178.000000,128.000000,360.000000,177.998993,-129.998001,134.998993,178.003006,127.997002,359.997986,-117.000000,-387.000000,577.000000,-133.000000,160.000000,-87.000000
875,1743667112952650,178.000000,-130.000000,135.000000,178.000000,128.000000,360.000000,177.998993,-129.996994,134.998001,178.003006,127.997002,359.997986,-115.000000,-396.000000,585.000000,-134.000000,158.000000,-110.000000
875,1743667112956940,178.000000,-130.000000,135.000000,178.000000,128.000000,360.000000,178.000000,-129.998001,134.998001,178.003006,127.997002,359.997009,-117.000000,-388.000000,586.000000,-137.000000,165.000000,-90.000000
875,1743667112962326,178.000000,-130.000000,135.000000,178.000000,128.000000,360.000000,177.998993,-129.996994,134.998001,178.003006,127.997002,359.997009,-113.000000,-385.000000,578.000000,-142.000000,160.000000,-99.000000
875,1743667112967682,178.000000,-130.000000,135.000000,178.000000,128.000000,360.000000,178.000000,-129.996994,134.998993,178.003006,127.997002,359.997986,-120.000000,-388.000000,579.000000,-134.000000,173.000000,-108.000000
875,1743667112972005,178.000000,-130.000000,135.000000,178.000000,128.000000,360.000000,177.998993,-129.996994,134.998993,178.003006,127.998001,359.997986,-121.000000,-398.000000,578.000000,-141.000000,169.000000,-91.000000
875,1743667112977398,178.000000,-130.000000,135.000000,178.000000,128.000000,360.000000,178.000000,-129.998001,134.998993,178.003006,127.998001,359.997986,-119.000000,-389.000000,576.000000,-140.000000,162.000000,-52.000000
875,1743667112982781,178.000000,-130.000000,135.000000,178.000000,128.000000,360.000000,178.000000,-129.996994,134.998001,178.003006,127.997002,359.997986,-120.000000,-390.000000,580.000000,-133.000000,157.000000,-69.000000
875,1743667112987222,178.000000,-130.000000,135.000000,178.000000,128.000000,360.000000,178.000000,-129.996994,134.998001,178.003006,127.997002,359.997009,-124.000000,-399.000000,599.000000,-135.000000,164.000000,-96.000000
875,1743667112991781,178.000000,-130.000000,135.000000,178.000000,128.000000,360.000000,178.000000,-129.998001,134.998001,178.003006,127.997002,359.998993,-117.000000,-395.000000,597.000000,-139.000000,166.000000,-85.000000
875,1743667112997440,178.000000,-130.000000,135.000000,178.000000,128.000000,360.000000,178.000000,-129.998001,134.998993,178.003006,127.997002,359.997009,-117.000000,-403.000000,603.000000,-138.000000,169.000000,-67.000000
875,1743667113001969,178.000000,-130.000000,135.000000,178.000000,128.000000,360.000000,177.996994,-129.994995,134.998993,178.001007,127.997002,359.998993,-118.000000,-398.000000,588.000000,-145.000000,174.000000,-90.000000
875,1743667113007570,178.000000,-130.000000,135.000000,178.000000,128.000000,360.000000,177.998993,-129.998001,134.998993,178.003006,127.998001,359.998993,-118.000000,-404.000000,594.000000,-138.000000,167.000000,-101.000000
875,1743667113012123,178.000000,-130.000000,135.000000,178.000000,128.000000,360.000000,177.998993,-129.998001,134.998993,178.003006,127.998001,359.998993,-118.000000,-404.000000,594.000000,-138.000000,167.000000,-101.000000
875,1743667113016726,178.000000,-130.000000,135.000000,178.000000,128.000000,360.000000,178.000000,-129.998001,134.998001,178.003006,127.997002,359.997986,-120.000000,-401.000000,597.000000,-145.000000,164.000000,-118.000000
875,1743667113022545,178.000000,-130.000000,135.000000,178.000000,128.000000,360.000000,178.000000,-129.998001,134.998001,178.003006,127.997002,359.997986,-120.000000,-401.000000,597.000000,-145.000000,164.000000,-118.000000
875,1743667113027150,178.000000,-130.000000,135.000000,178.000000,128.000000,360.000000,177.998993,-129.998001,134.998001,178.003998,127.997002,359.997009,-123.000000,-401.000000,594.000000,-141.000000,163.000000,-56.000000
875,1743667113031746,178.000000,-130.000000,135.000000,178.000000,128.000000,360.000000,178.000000,-129.996994,134.998993,178.003006,127.998001,359.997986,-124.000000,-401.000000,607.000000,-140.000000,166.000000,-58.000000
875,1743667113037575,178.000000,-130.000000,135.000000,178.000000,128.000000,360.000000,177.998993,-129.996994,134.998993,178.003006,127.997002,359.997986,-123.000000,-405.000000,588.000000,-144.000000,161.000000,-118.000000
875,1743667113042206,178.000000,-130.000000,135.000000,178.000000,128.000000,360.000000,177.996994,-129.996994,134.998001,178.003006,127.996002,359.998993,-116.000000,-407.000000,606.000000,-141.000000,172.000000,-50.000000
875,1743667113047723,178.000000,-130.000000,135.000000,178.000000,128.000000,360.000000,177.998993,-129.998001,134.998993,178.003006,127.997002,359.997986,-119.000000,-405.000000,617.000000,-141.000000,176.000000,-93.000000
875,1743667113052275,178.000000,-130.000000,135.000000,178.000000,128.000000,360.000000,177.998993,-129.996994,134.998001,178.003006,127.997002,359.997986,-115.000000,-405.000000,600.000000,-144.000000,170.000000,-78.000000
875,1743667113056917,178.000000,-130.000000,135.000000,178.000000,128.000000,360.000000,177.998993,-129.998001,134.996994,178.003006,127.997002,359.997986,-117.000000,-402.000000,598.000000,-135.000000,170.000000,-67.000000
875,1743667113061724,178.000000,-130.000000,135.000000,178.000000,128.000000,360.000000,178.000000,-129.998001,134.998993,178.003006,127.998001,359.997009,-116.000000,-407.000000,604.000000,-149.000000,189.000000,-87.000000
875,1743667113067199,178.000000,-130.000000,135.000000,178.000000,128.000000,360.000000,177.998993,-129.996994,134.998993,178.003998,127.997002,359.997009,-111.000000,-405.000000,616.000000,-142.000000,175.000000,-108.000000
875,1743667113072585,178.000000,-130.000000,135.000000,178.000000,128.000000,360.000000,178.000000,-129.998001,134.998993,178.003006,127.998001,359.997986,-108.000000,-403.000000,614.000000,-153.000000,182.000000,-98.000000
875,1743667113076945,178.000000,-130.000000,135.000000,178.000000,128.000000,360.000000,177.998993,-129.996994,134.998001,178.003006,127.997002,359.997986,-116.000000,-404.000000,583.000000,-146.000000,179.000000,-72.000000
875,1743667113082372,178.000000,-130.000000,135.000000,178.000000,128.000000,360.000000,177.998993,-129.998001,134.998001,178.003006,127.997002,359.997986,-111.000000,-407.000000,588.000000,-147.000000,178.000000,-102.000000
875,1743667113087792,178.000000,-130.000000,135.000000,178.000000,128.000000,360.000000,177.998993,-129.998001,134.998993,178.003006,127.997002,359.997009,-112.000000,-400.000000,605.000000,-148.000000,175.000000,-93.000000
875,1743667113092132,178.000000,-130.000000,135.000000,178.000000,128.000000,360.000000,177.998993,-129.998001,134.998001,178.003006,127.997002,359.998993,-117.000000,-404.000000,598.000000,-147.000000,176.000000,-91.000000
875,1743667113097517,178.000000,-130.000000,135.000000,178.000000,128.000000,360.000000,177.998993,-129.996994,134.998993,178.003006,127.997002,359.998993,-111.000000,-401.000000,610.000000,-144.000000,181.000000,-116.000000
875,1743667113101825,178.000000,-130.000000,135.000000,178.000000,128.000000,360.000000,178.000000,-129.996994,134.998993,178.003006,127.997002,359.997986,-115.000000,-403.000000,603.000000,-148.000000,177.000000,-55.000000
875,1743667113107481,178.000000,-130.000000,135.000000,178.000000,128.000000,360.000000,177.998993,-129.996994,134.998993,178.003998,127.997002,359.997986,-122.000000,-399.000000,605.000000,-144.000000,181.000000,-62.000000
875,1743667113111825,178.000000,-130.000000,135.000000,178.000000,128.000000,360.000000,178.000000,-129.996994,134.998001,178.003006,127.997002,359.997986,-126.000000,-401.000000,601.000000,-149.000000,178.000000,-104.000000
875,1743667113117169,178.000000,-130.000000,135.000000,178.000000,128.000000,360.000000,178.000000,-129.996994,134.998001,178.003006,127.997002,359.997009,-125.000000,-400.000000,599.000000,-148.000000,178.000000,-43.000000
875,1743667113122599,178.000000,-130.000000,135.000000,178.000000,128.000000,360.000000,177.998993,-129.998001,134.998001,178.003006,127.997002,359.997009,-126.000000,-400.000000,604.000000,-154.000000,178.000000,-102.000000
875,1743667113126902,178.000000,-130.000000,135.000000,178.000000,128.000000,360.000000,178.000000,-129.998001,134.998993,178.003006,127.997002,359.997986,-125.000000,-413.000000,595.000000,-149.000000,178.000000,-102.000000
875,1743667113132590,178.000000,-130.000000,135.000000,178.000000,128.000000,360.000000,177.998993,-129.998001,134.998001,178.003006,127.997002,359.997986,-123.000000,-406.000000,598.000000,-149.000000,182.000000,-83.000000
875,1743667113137222,178.000000,-130.000000,135.000000,178.000000,128.000000,360.000000,178.000000,-129.994995,134.996994,178.003006,127.997002,359.997986,-125.000000,-406.000000,600.000000,-147.000000,184.000000,-60.000000
875,1743667113141958,178.000000,-130.000000,135.000000,178.000000,128.000000,360.000000,178.000000,-129.996994,134.998001,178.003998,127.997002,359.997009,-123.000000,-410.000000,604.000000,-156.000000,173.000000,-62.000000
875,1743667113147802,178.000000,-130.000000,135.000000,178.000000,128.000000,360.000000,177.998993,-129.998001,135.001007,178.003006,127.996002,359.997009,-125.000000,-407.000000,602.000000,-156.000000,185.000000,-65.000000
875,1743667113152612,178.000000,-130.000000,135.000000,178.000000,128.000000,360.000000,178.000000,-129.996994,134.998001,178.003006,127.998001,359.997986,-123.000000,-413.000000,590.000000,-150.000000,188.000000,-66.000000
875,1743667113157252,178.000000,-130.000000,135.000000,178.000000,128.000000,360.000000,177.996994,-129.998001,134.996994,178.003006,127.996002,359.997009,-114.000000,-418.000000,594.000000,-149.000000,178.000000,-134.000000
875,1743667113161822,178.000000,-130.000000,135.000000,178.000000,128.000000,360.000000,177.998993,-129.996994,134.998001,178.003006,127.997002,359.997009,-110.000000,-416.000000,598.000000,-154.000000,195.000000,-116.000000
875,1743667113167527,178.000000,-130.000000,135.000000,178.000000,128.000000,360.000000,178.000000,-129.996994,134.996994,178.003006,127.997002,359.997986,-114.000000,-414.000000,607.000000,-149.000000,180.000000,-56.000000
875,1743667113172289,178.000000,-130.000000,135.000000,178.000000,128.000000,360.000000,177.998993,-129.998001,134.998993,178.003006,127.997002,359.997986,-119.000000,-413.000000,601.000000,-162.000000,187.000000,-54.000000
875,1743667113176879,178.000000,-130.000000,135.000000,178.000000,128.000000,360.000000,177.998993,-129.996994,134.998993,178.003006,127.998001,359.997986,-117.000000,-421.000000,594.000000,-150.000000,191.000000,-86.000000
875,1743667113182468,178.000000,-130.000000,135.000000,178.000000,128.000000,360.000000,177.998993,-129.996994,134.998993,178.003006,127.998001,359.997986,-117.000000,-421.000000,594.000000,-150.000000,191.000000,-86.000000
875,1743667113187240,178.000000,-130.000000,135.000000,178.000000,128.000000,360.000000,177.998993,-129.998001,134.998993,178.003006,127.997002,359.997009,-114.000000,-413.000000,598.000000,-159.000000,188.000000,-87.000000
875,1743667113191861,178.000000,-130.000000,135.000000,178.000000,128.000000,360.000000,178.000000,-129.996994,134.998993,178.003006,127.996002,359.997986,-115.000000,-419.000000,600.000000,-153.000000,181.000000,-95.000000
875,1743667113197765,178.000000,-130.000000,135.000000,178.000000,128.000000,360.000000,178.000000,-129.996994,134.998993,178.003006,127.996002,359.997986,-115.000000,-419.000000,600.000000,-153.000000,181.000000,-95.000000
875,1743667113202402,178.000000,-130.000000,135.000000,178.000000,128.000000,360.000000,177.998993,-129.996994,134.998993,178.003006,127.997002,359.997986,-110.000000,-417.000000,593.000000,-152.000000,186.000000,-106.000000
875,1743667113207107,178.000000,-130.000000,135.000000,178.000000,128.000000,360.000000,177.998993,-129.998001,135.001007,178.003006,127.996002,359.998993,-112.000000,-418.000000,594.000000,-154.000000,191.000000,-96.000000
875,1743667113211744,178.000000,-130.000000,135.000000,178.000000,128.000000,360.000000,178.000000,-129.996994,134.998001,178.003998,127.997002,359.997986,-111.000000,-417.000000,597.000000,-161.000000,190.000000,-75.000000
875,1743667113217504,178.000000,-130.000000,135.000000,178.000000,128.000000,360.000000,177.998993,-129.998001,134.998993,178.003006,127.998001,359.997986,-118.000000,-415.000000,594.000000,-162.000000,185.000000,-106.000000
875,1743667113221848,178.000000,-130.000000,135.000000,178.000000,128.000000,360.000000,178.000000,-129.998001,135.001007,178.003006,127.997002,359.997986,-114.000000,-422.000000,597.000000,-158.000000,192.000000,-45.000000
875,1743667113227508,178.000000,-130.000000,135.000000,178.000000,128.000000,360.000000,178.000000,-129.996994,134.998001,178.003006,127.998001,359.997986,-114.000000,-417.000000,594.000000,-148.000000,197.000000,-88.000000
875,1743667113232116,178.000000,-130.000000,135.000000,178.000000,128.000000,360.000000,177.998993,-129.996994,134.998993,178.003006,127.998001,359.997986,-113.000000,-417.000000,608.000000,-158.000000,188.000000,-63.000000
875,1743667113237738,178.000000,-130.000000,135.000000,178.000000,128.000000,360.000000,177.998993,-129.998001,134.998001,178.003006,127.997002,359.997986,-117.000000,-417.000000,600.000000,-165.000000,202.000000,-85.000000
875,1743667113242211,178.000000,-130.000000,135.000000,178.000000,128.000000,360.000000,177.998993,-129.998001,134.998001,178.003006,127.997002,359.997986,-116.000000,-425.000000,594.000000,-159.000000,195.000000,-70.000000
875,1743667113246666,178.000000,-130.000000,135.000000,178.000000,128.000000,360.000000,178.000000,-129.996994,134.998001,178.003998,127.997002,359.997009,-119.000000,-421.000000,600.000000,-165.000000,196.000000,-99.000000
875,1743667113252322,178.000000,-130.000000,135.000000,178.000000,128.000000,360.000000,177.998993,-129.996994,134.998993,178.003006,127.997002,359.997986,-120.000000,-420.000000,593.000000,-164.000000,192.000000,-39.000000
875,1743667113256930,178.000000,-130.000000,135.000000,178.000000,128.000000,360.000000,177.998993,-129.996994,134.998993,178.003006,127.997002,359.998993,-129.000000,-421.000000,597.000000,-161.000000,192.000000,-103.000000
875,1743667113261736,178.000000,-130.000000,135.000000,178.000000,128.000000,360.000000,178.001007,-129.996994,134.998001,178.003006,127.997002,359.997009,-116.000000,-412.000000,587.000000,-158.000000,189.000000,-103.000000
875,1743667113267306,178.000000,-130.000000,135.000000,178.000000,128.000000,360.000000,177.998993,-129.998993,135.001007,178.003998,127.997002,359.997986,-119.000000,-417.000000,604.000000,-160.000000,194.000000,-43.000000
875,1743667113272011,178.000000,-130.000000,135.000000,178.000000,128.000000,360.000000,178.000000,-129.998001,134.998001,178.003006,127.997002,359.997986,-123.000000,-419.000000,602.000000,-158.000000,203.000000,-108.000000
875,1743667113277715,178.000000,-130.000000,135.000000,178.000000,128.000000,360.000000,178.000000,-129.996994,134.998001,178.003006,127.997002,359.997986,-115.000000,-430.000000,601.000000,-163.000000,201.000000,-108.000000
875,1743667113282295,178.000000,-130.000000,135.000000,178.000000,128.000000,360.000000,177.998993,-129.998001,134.998001,178.003006,127.997002,360.001007,-119.000000,-416.000000,601.000000,-165.000000,200.000000,-47.000000
875,1743667113287905,178.000000,-130.000000,135.000000,178.000000,128.000000,360.000000,177.996994,-129.998001,134.998001,178.003006,127.997002,359.998993,-119.000000,-414.000000,603.000000,-161.000000,206.000000,-108.000000
875,1743667113292560,178.000000,-130.000000,135.000000,178.000000,128.000000,360.000000,178.000000,-129.998001,134.998993,178.003006,127.997002,359.998993,-120.000000,-414.000000,607.000000,-160.000000,201.000000,-64.000000
875,1743667113297077,178.000000,-130.000000,135.000000,178.000000,128.000000,360.000000,177.998993,-129.996994,134.998993,178.003006,127.998001,359.997986,-113.000000,-416.000000,599.000000,-154.000000,203.000000,-104.000000
875,1743667113301678,178.000000,-130.000000,135.000000,178.000000,128.000000,360.000000,177.998993,-129.996994,134.998993,178.003006,127.998001,359.997986,-112.000000,-417.000000,592.000000,-162.000000,207.000000,-86.000000
875,1743667113307401,178.000000,-130.000000,135.000000,178.000000,128.000000,360.000000,178.000000,-129.996994,134.998001,178.003006,127.998001,359.997009,-110.000000,-419.000000,581.000000,-162.000000,204.000000,-84.000000
875,1743667113312014,178.000000,-130.000000,135.000000,178.000000,128.000000,360.000000,178.000000,-129.996994,134.998001,178.001007,127.996002,359.998993,-103.000000,-415.000000,593.000000,-157.000000,198.000000,-82.000000
875,1743667113317687,178.000000,-130.000000,135.000000,178.000000,128.000000,360.000000,177.996994,-129.998001,134.998001,178.003006,127.997002,359.997009,-108.000000,-416.000000,594.000000,-160.000000,205.000000,-66.000000
875,1743667113322271,178.000000,-130.000000,135.000000,178.000000,128.000000,360.000000,177.998993,-129.998001,134.996994,178.003006,127.997002,359.997986,-112.000000,-417.000000,591.000000,-156.000000,205.000000,-78.000000
875,1743667113326875,178.000000,-130.000000,135.000000,178.000000,128.000000,360.000000,177.998993,-129.998001,134.998993,178.003006,127.998001,359.998993,-103.000000,-408.000000,592.000000,-159.000000,205.000000,-34.000000
875,1743667113332649,178.000000,-130.000000,135.000000,178.000000,128.000000,360.000000,178.000000,-129.998001,134.998993,178.003006,127.996002,359.997986,-96.000000,-413.000000,591.000000,-161.000000,197.000000,-82.000000
875,1743667113337298,178.000000,-130.000000,135.000000,178.000000,128.000000,360.000000,177.998993,-129.996994,134.998001,178.003006,127.997002,359.997986,-96.000000,-413.000000,593.000000,-161.000000,213.000000,-89.000000
875,1743667113341751,178.000000,-130.000000,135.000000,178.000000,128.000000,360.000000,178.000000,-129.998001,134.998001,178.003006,127.998001,359.998993,-100.000000,-410.000000,594.000000,-174.000000,212.000000,-100.000000
875,1743667113347404,178.000000,-130.000000,135.000000,178.000000,128.000000,360.000000,178.000000,-129.998001,134.998993,178.003006,127.997002,359.997009,-102.000000,-414.000000,591.000000,-163.000000,202.000000,-85.000000
875,1743667113351847,178.000000,-130.000000,135.000000,178.000000,128.000000,360.000000,177.998993,-129.998001,134.998993,178.003006,127.997002,359.997986,-100.000000,-406.000000,593.000000,-162.000000,218.000000,-84.000000
875,1743667113357367,178.000000,-130.000000,135.000000,178.000000,128.000000,360.000000,177.998993,-129.996994,134.998993,178.003006,127.997002,359.997009,-110.000000,-409.000000,597.000000,-164.000000,211.000000,-86.000000
875,1743667113361837,178.000000,-130.000000,135.000000,178.000000,128.000000,360.000000,178.000000,-129.996994,134.998001,178.003006,127.997002,359.997009,-105.000000,-409.000000,596.000000,-162.000000,218.000000,-109.000000
875,1743667113367353,178.000000,-130.000000,135.000000,178.000000,128.000000,360.000000,177.998993,-129.996994,134.998993,178.003006,127.997002,359.997009,-100.000000,-407.000000,614.000000,-170.000000,212.000000,-40.000000
875,1743667113372917,178.000000,-130.000000,135.000000,178.000000,128.000000,360.000000,177.998993,-129.996994,134.998993,178.003006,127.997002,359.997009,-100.000000,-407.000000,614.000000,-170.000000,212.000000,-40.000000
875,1743667113377404,178.000000,-130.000000,135.000000,178.000000,128.000000,360.000000,178.000000,-129.996994,134.998001,178.003006,127.997002,359.997009,-109.000000,-406.000000,594.000000,-163.000000,214.000000,-107.000000
875,1743667113382811,178.000000,-130.000000,135.000000,178.000000,128.000000,360.000000,178.000000,-129.996994,134.998001,178.003006,127.998001,359.997986,-109.000000,-406.000000,581.000000,-176.000000,220.000000,-47.000000
875,1743667113387136,178.000000,-130.000000,135.000000,178.000000,128.000000,360.000000,177.998993,-129.996994,134.998001,178.003006,127.997002,359.997986,-115.000000,-408.000000,595.000000,-167.000000,214.000000,-98.000000
875,1743667113392559,178.000000,-130.000000,135.000000,178.000000,128.000000,360.000000,178.000000,-129.996994,134.998001,178.003006,127.998001,359.997986,-113.000000,-407.000000,588.000000,-166.000000,208.000000,-76.000000
875,1743667113396946,178.000000,-130.000000,135.000000,178.000000,128.000000,360.000000,178.000000,-129.996994,134.998001,178.003006,127.998001,359.997986,-113.000000,-406.000000,593.000000,-167.000000,213.000000,-96.000000
875,1743667113402463,178.000000,-130.000000,135.000000,178.000000,128.000000,360.000000,178.000000,-129.998001,134.998993,178.003006,127.996002,359.997986,-111.000000,-405.000000,588.000000,-172.000000,204.000000,-72.000000
875,1743667113407125,178.000000,-130.000000,135.000000,178.000000,128.000000,360.000000,177.998993,-129.998001,134.998993,178.003006,127.998001,359.997009,-115.000000,-410.000000,596.000000,-169.000000,218.000000,-84.000000
875,1743667113411676,178.000000,-130.000000,135.000000,178.000000,128.000000,360.000000,177.998993,-129.998001,134.998001,178.003998,127.997002,359.997986,-123.000000,-411.000000,582.000000,-170.000000,212.000000,-63.000000
875,1743667113417383,178.000000,-130.000000,135.000000,178.000000,128.000000,360.000000,177.998993,-129.996994,134.998001,178.003006,127.997002,359.997009,-116.000000,-404.000000,586.000000,-172.000000,212.000000,-123.000000
875,1743667113421869,178.000000,-130.000000,135.000000,178.000000,128.000000,360.000000,178.000000,-129.998001,134.998001,178.003006,127.998001,359.997986,-109.000000,-411.000000,588.000000,-164.000000,210.000000,-54.000000
875,1743667113427541,178.000000,-130.000000,135.000000,178.000000,128.000000,360.000000,178.000000,-129.998993,134.998993,178.003006,127.998001,359.997009,-98.000000,-410.000000,590.000000,-176.000000,212.000000,-71.000000
875,1743667113432161,178.000000,-130.000000,135.000000,178.000000,128.000000,360.000000,177.998993,-129.996994,134.998001,178.003006,127.997002,359.997009,-107.000000,-412.000000,603.000000,-169.000000,213.000000,-69.000000
875,1743667113437582,178.000000,-130.000000,135.000000,178.000000,128.000000,360.000000,178.000000,-129.998001,134.998993,178.003006,127.998001,359.997986,-109.000000,-406.000000,589.000000,-173.000000,223.000000,-114.000000
875,1743667113442039,178.000000,-130.000000,135.000000,178.000000,128.000000,360.000000,178.000000,-129.996994,134.998993,178.003006,127.997002,359.997009,-98.000000,-409.000000,591.000000,-169.000000,215.000000,-84.000000
875,1743667113447586,178.000000,-130.000000,135.000000,178.000000,128.000000,360.000000,178.000000,-129.998001,134.998001,178.003006,127.997002,359.997986,-101.000000,-418.000000,596.000000,-182.000000,207.000000,-61.000000
875,1743667113452218,178.000000,-130.000000,135.000000,178.000000,128.000000,360.000000,177.998993,-129.998001,134.998993,178.001007,127.997002,359.997009,-107.000000,-413.000000,595.000000,-178.000000,220.000000,-97.000000
875,1743667113457776,178.000000,-130.000000,135.000000,178.000000,128.000000,360.000000,178.000000,-129.998001,134.998001,178.003006,127.997002,359.997986,-102.000000,-413.000000,597.000000,-179.000000,215.000000,-58.000000
875,1743667113462405,178.000000,-130.000000,135.000000,178.000000,128.000000,360.000000,177.998993,-129.996994,134.998001,178.003006,127.998001,359.997986,-102.000000,-413.000000,578.000000,-174.000000,213.000000,-81.000000
875,1743667113466941,178.000000,-130.000000,135.000000,178.000000,128.000000,360.000000,177.996994,-129.996994,134.998993,178.003006,127.997002,359.997009,-98.000000,-413.000000,579.000000,-176.000000,218.000000,-70.000000
875,1743667113472503,178.000000,-130.000000,135.000000,178.000000,128.000000,360.000000,177.998993,-129.998001,134.998001,178.003006,127.997002,359.997986,-103.000000,-413.000000,585.000000,-172.000000,224.000000,-96.000000
875,1743667113477906,178.000000,-130.000000,135.000000,178.000000,128.000000,360.000000,177.998993,-129.998001,134.998001,178.003006,127.998001,359.998993,-112.000000,-415.000000,582.000000,-175.000000,210.000000,-96.000000
875,1743667113482291,178.000000,-130.000000,135.000000,178.000000,128.000000,360.000000,177.998993,-129.998001,134.998993,178.003006,127.997002,359.998993,-113.000000,-419.000000,584.000000,-172.000000,211.000000,-56.000000
875,1743667113487691,178.000000,-130.000000,135.000000,178.000000,128.000000,360.000000,178.000000,-129.996994,134.998001,178.003006,127.997002,359.998993,-112.000000,-414.000000,585.000000,-178.000000,222.000000,-97.000000
875,1743667113491977,178.000000,-130.000000,135.000000,178.000000,128.000000,360.000000,178.000000,-129.998001,134.998993,178.003006,127.997002,359.997009,-119.000000,-418.000000,585.000000,-174.000000,218.000000,-86.000000
875,1743667113497368,178.000000,-130.000000,135.000000,178.000000,128.000000,360.000000,178.000000,-129.996994,134.998993,178.003006,127.998001,359.997009,-109.000000,-417.000000,568.000000,-175.000000,224.000000,-100.000000
875,1743667113501664,178.000000,-130.000000,135.000000,178.000000,128.000000,360.000000,178.000000,-129.996994,134.998001,178.003006,127.997002,359.997009,-113.000000,-417.000000,560.000000,-176.000000,219.000000,-50.000000
875,1743667113507118,178.000000,-130.000000,135.000000,178.000000,128.000000,360.000000,177.998993,-129.996994,134.998993,178.003006,127.997002,359.997009,-109.000000,-410.000000,583.000000,-177.000000,213.000000,-92.000000
875,1743667113512554,178.000000,-130.000000,135.000000,178.000000,128.000000,360.000000,178.000000,-129.998001,134.998001,178.003006,127.996002,359.998993,-118.000000,-419.000000,590.000000,-176.000000,220.000000,-81.000000
875,1743667113517911,178.000000,-130.000000,135.000000,178.000000,128.000000,360.000000,178.000000,-129.998001,134.998001,178.003006,127.996002,359.998993,-118.000000,-419.000000,590.000000,-176.000000,220.000000,-81.000000
875,1743667113522243,178.000000,-130.000000,135.000000,178.000000,128.000000,360.000000,178.000000,-129.998001,134.998993,178.003006,127.997002,359.997009,-113.000000,-415.000000,579.000000,-178.000000,217.000000,-83.000000
875,1743667113527628,178.000000,-130.000000,135.000000,178.000000,128.000000,360.000000,178.000000,-129.998001,134.998001,178.003006,127.997002,359.997009,-109.000000,-412.000000,576.000000,-178.000000,221.000000,-51.000000
875,1743667113531923,178.000000,-130.000000,135.000000,178.000000,128.000000,360.000000,178.000000,-129.998001,134.998001,178.003006,127.997002,359.997009,-109.000000,-412.000000,576.000000,-178.000000,221.000000,-51.000000
875,1743667113537332,178.000000,-130.000000,135.000000,178.000000,128.000000,360.000000,178.000000,-129.998001,134.998993,178.003006,127.997002,359.997986,-112.000000,-416.000000,571.000000,-181.000000,224.000000,-102.000000
875,1743667113542717,178.000000,-130.000000,135.000000,178.000000,128.000000,360.000000,177.998993,-129.996994,134.998001,178.003006,127.997002,359.997009,-118.000000,-416.000000,589.000000,-183.000000,220.000000,-99.000000
875,1743667113547052,178.000000,-130.000000,135.000000,178.000000,128.000000,360.000000,178.001007,-129.996994,134.998001,178.003006,127.997002,359.998993,-116.000000,-416.000000,589.000000,-179.000000,219.000000,-85.000000
875,1743667113552503,178.000000,-130.000000,135.000000,178.000000,128.000000,360.000000,178.000000,-129.998001,134.998993,178.003006,127.997002,359.998993,-120.000000,-418.000000,571.000000,-184.000000,213.000000,-92.000000
875,1743667113557928,178.000000,-130.000000,135.000000,178.000000,128.000000,360.000000,178.000000,-129.998001,134.998001,178.003006,127.998001,359.997986,-105.000000,-417.000000,580.000000,-179.000000,218.000000,-62.000000
875,1743667113562221,178.000000,-130.000000,135.000000,178.000000,128.000000,360.000000,178.000000,-129.998001,134.998993,178.003998,127.997002,359.997009,-113.000000,-421.000000,586.000000,-177.000000,224.000000,-117.000000
875,1743667113567655,178.000000,-130.000000,135.000000,178.000000,128.000000,360.000000,178.000000,-129.996994,134.998993,178.003006,127.997002,359.997986,-120.000000,-417.000000,579.000000,-187.000000,223.000000,-110.000000
875,1743667113571971,178.000000,-130.000000,135.000000,178.000000,128.000000,360.000000,178.000000,-129.998001,134.998001,178.003006,127.998001,359.997986,-116.000000,-418.000000,576.000000,-183.000000,220.000000,-41.000000
875,1743667113577389,178.000000,-130.000000,135.000000,178.000000,128.000000,360.000000,177.998993,-129.996994,134.998001,178.003998,127.997002,359.997986,-120.000000,-424.000000,581.000000,-182.000000,221.000000,-55.000000
875,1743667113581677,178.000000,-130.000000,135.000000,178.000000,128.000000,360.000000,178.000000,-129.998001,134.998993,178.003006,127.998001,359.997986,-114.000000,-422.000000,582.000000,-181.000000,229.000000,-42.000000
875,1743667113587150,178.000000,-130.000000,135.000000,178.000000,128.000000,360.000000,178.000000,-129.996994,134.998993,178.003006,127.997002,359.994995,-124.000000,-422.000000,583.000000,-187.000000,226.000000,-69.000000
875,1743667113592558,178.000000,-130.000000,135.000000,178.000000,128.000000,360.000000,177.998993,-129.998001,134.998993,178.003006,127.996002,359.997986,-128.000000,-418.000000,584.000000,-177.000000,222.000000,-75.000000
875,1743667113597949,178.000000,-130.000000,135.000000,178.000000,128.000000,360.000000,178.000000,-129.996994,134.998001,178.003006,127.997002,359.997986,-123.000000,-421.000000,577.000000,-191.000000,225.000000,-77.000000
875,1743667113602261,178.000000,-130.000000,135.000000,178.000000,128.000000,360.000000,178.000000,-129.998001,134.998993,178.003998,127.997002,359.998993,-126.000000,-421.000000,580.000000,-180.000000,225.000000,-62.000000
875,1743667113607734,178.000000,-130.000000,135.000000,178.000000,128.000000,360.000000,178.000000,-129.998993,134.998001,178.003006,127.997002,359.997009,-123.000000,-420.000000,581.000000,-183.000000,226.000000,-60.000000
875,1743667113612023,178.000000,-130.000000,135.000000,178.000000,128.000000,360.000000,177.998993,-129.998001,134.998993,178.003006,127.997002,359.997986,-121.000000,-412.000000,581.000000,-186.000000,223.000000,-116.000000
875,1743667113617425,178.000000,-130.000000,135.000000,178.000000,128.000000,360.000000,177.998993,-129.998001,134.998993,178.003006,127.996002,359.997986,-123.000000,-416.000000,577.000000,-177.000000,237.000000,-62.000000
875,1743667113621756,178.000000,-130.000000,135.000000,178.000000,128.000000,360.000000,178.000000,-129.996994,134.998001,178.003998,127.997002,359.997986,-125.000000,-417.000000,565.000000,-187.000000,232.000000,-77.000000
875,1743667113627125,178.000000,-130.000000,135.000000,178.000000,128.000000,360.000000,177.998993,-129.996994,134.998001,178.003006,127.997002,359.998993,-124.000000,-416.000000,575.000000,-189.000000,228.000000,-79.000000
875,1743667113632495,178.000000,-130.000000,135.000000,178.000000,128.000000,360.000000,178.000000,-129.998001,134.998001,178.003006,127.996002,359.997009,-124.000000,-416.000000,576.000000,-181.000000,224.000000,-61.000000
875,1743667113637830,178.000000,-130.000000,135.000000,178.000000,128.000000,360.000000,178.000000,-129.996994,134.998993,178.003006,127.998001,359.997009,-125.000000,-420.000000,578.000000,-178.000000,231.000000,-70.000000
875,1743667113642199,178.000000,-130.000000,135.000000,178.000000,128.000000,360.000000,177.996994,-129.998001,134.998001,178.001007,127.997002,359.997009,-125.000000,-415.000000,575.000000,-171.000000,221.000000,-133.000000
875,1743667113647612,178.000000,-130.000000,135.000000,178.000000,128.000000,360.000000,177.998993,-129.998001,134.998001,178.001007,127.997002,359.997009,-122.000000,-427.000000,572.000000,-181.000000,223.000000,-52.000000
875,1743667113651933,178.000000,-130.000000,135.000000,178.000000,128.000000,360.000000,178.000000,-129.996994,134.998993,178.003006,127.997002,359.997986,-116.000000,-421.000000,589.000000,-180.000000,233.000000,-48.000000
875,1743667113657351,178.000000,-130.000000,135.000000,178.000000,128.000000,360.000000,178.000000,-129.996994,134.998993,178.003006,127.997002,359.998993,-121.000000,-412.000000,583.000000,-189.000000,226.000000,-67.000000
875,1743667113661649,178.000000,-130.000000,135.000000,178.000000,128.000000,360.000000,177.998993,-129.996994,134.998001,178.003006,127.997002,359.997986,-125.000000,-410.000000,581.000000,-188.000000,235.000000,-67.000000
875,1743667113666978,178.000000,-130.000000,135.000000,178.000000,128.000000,360.000000,178.000000,-129.998001,134.998993,178.003006,127.996002,359.997986,-121.000000,-414.000000,580.000000,-189.000000,228.000000,-66.000000
875,1743667113672337,178.000000,-130.000000,135.000000,178.000000,128.000000,360.000000,178.000000,-129.996994,134.998001,178.003006,127.998001,359.997986,-118.000000,-413.000000,578.000000,-183.000000,226.000000,-65.000000
875,1743667113677722,178.000000,-130.000000,135.000000,178.000000,128.000000,360.000000,177.996994,-129.998001,134.998001,178.001007,127.997002,359.997986,-117.000000,-414.000000,570.000000,-183.000000,227.000000,-61.000000
875,1743667113682001,178.000000,-130.000000,135.000000,178.000000,128.000000,360.000000,177.998993,-129.998001,134.998001,178.003006,127.997002,359.997009,-116.000000,-409.000000,576.000000,-189.000000,227.000000,-68.000000
875,1743667113687439,178.000000,-130.000000,135.000000,178.000000,128.000000,360.000000,177.998993,-129.998001,134.998001,178.003006,127.997002,359.997009,-119.000000,-411.000000,585.000000,-188.000000,230.000000,-51.000000
875,1743667113691797,178.000000,-130.000000,135.000000,178.000000,128.000000,360.000000,178.000000,-129.998001,134.998993,178.003006,127.997002,359.997009,-114.000000,-413.000000,580.000000,-183.000000,240.000000,-69.000000
875,1743667113697247,178.000000,-130.000000,135.000000,178.000000,128.000000,360.000000,177.998993,-129.998001,134.998001,178.003006,127.997002,359.997986,-118.000000,-411.000000,584.000000,-185.000000,230.000000,-54.000000
875,1743667113702707,178.000000,-130.000000,135.000000,178.000000,128.000000,360.000000,177.998993,-129.996994,134.998993,178.003998,127.997002,359.994995,-122.000000,-412.000000,571.000000,-181.000000,230.000000,-84.000000
875,1743667113707017,178.000000,-130.000000,135.000000,178.000000,128.000000,360.000000,178.000000,-129.998001,134.998001,178.003006,127.997002,359.997009,-119.000000,-412.000000,570.000000,-186.000000,231.000000,-100.000000
875,1743667113712417,178.000000,-130.000000,135.000000,178.000000,128.000000,360.000000,178.000000,-129.996994,134.998001,178.003006,127.997002,359.997986,-116.000000,-412.000000,584.000000,-184.000000,225.000000,-48.000000
875,1743667113717824,178.000000,-130.000000,135.000000,178.000000,128.000000,360.000000,178.000000,-129.996994,134.998001,178.003006,127.997002,359.997986,-116.000000,-412.000000,584.000000,-184.000000,225.000000,-48.000000
875,1743667113722151,178.000000,-130.000000,135.000000,178.000000,128.000000,360.000000,178.000000,-129.998001,134.996994,178.003006,127.998001,359.997986,-119.000000,-411.000000,607.000000,-185.000000,226.000000,-108.000000
875,1743667113727564,178.000000,-130.000000,135.000000,178.000000,128.000000,360.000000,178.000000,-129.998001,134.998993,178.003006,127.997002,359.997986,-104.000000,-413.000000,583.000000,-186.000000,239.000000,-31.000000
875,1743667113731863,178.000000,-130.000000,135.000000,178.000000,128.000000,360.000000,178.000000,-129.998001,134.998993,178.003006,127.997002,359.997986,-104.000000,-413.000000,583.000000,-186.000000,239.000000,-31.000000
875,1743667113737200,178.000000,-130.000000,135.000000,178.000000,128.000000,360.000000,177.998993,-129.996994,134.998993,178.003998,127.997002,359.997009,-116.000000,-410.000000,589.000000,-182.000000,232.000000,-101.000000
875,1743667113742567,178.000000,-130.000000,135.000000,178.000000,128.000000,360.000000,177.998993,-129.996994,134.998001,178.001007,127.997002,359.997986,-109.000000,-417.000000,587.000000,-181.000000,228.000000,-109.000000
875,1743667113748010,178.000000,-130.000000,135.000000,178.000000,128.000000,360.000000,177.998993,-129.996994,134.998001,178.001007,127.997002,359.997986,-109.000000,-417.000000,587.000000,-181.000000,228.000000,-109.000000
875,1743667113752381,178.000000,-130.000000,135.000000,178.000000,128.000000,360.000000,178.000000,-129.998001,134.998993,178.003006,127.997002,359.997986,-122.000000,-413.000000,590.000000,-187.000000,234.000000,-47.000000
875,1743667113757788,178.000000,-130.000000,135.000000,178.000000,128.000000,360.000000,177.998993,-129.998001,134.998001,178.001007,127.997002,359.997986,-127.000000,-414.000000,598.000000,-182.000000,230.000000,-52.000000
875,1743667113762118,178.000000,-130.000000,135.000000,178.000000,128.000000,360.000000,178.000000,-129.998001,134.998001,178.001007,127.998001,359.997986,-123.000000,-409.000000,591.000000,-184.000000,237.000000,-65.000000
875,1743667113767491,178.000000,-130.000000,135.000000,178.000000,128.000000,360.000000,178.000000,-129.998001,134.998993,178.003006,127.998001,359.997986,-116.000000,-412.000000,594.000000,-188.000000,233.000000,-82.000000
875,1743667113771773,178.000000,-130.000000,135.000000,178.000000,128.000000,360.000000,177.998993,-129.996994,134.998001,178.003006,127.997002,359.998993,-118.000000,-406.000000,599.000000,-185.000000,230.000000,-67.000000
875,1743667113777175,178.000000,-130.000000,135.000000,178.000000,128.000000,360.000000,178.000000,-129.998001,134.998001,178.003006,127.996002,359.997009,-112.000000,-411.000000,607.000000,-186.000000,232.000000,-102.000000
875,1743667113782510,178.000000,-130.000000,135.000000,178.000000,128.000000,360.000000,178.000000,-129.998001,134.998001,178.003006,127.998001,359.997986,-117.000000,-409.000000,609.000000,-180.000000,240.000000,-11.000000
875,1743667113787890,178.000000,-130.000000,135.000000,178.000000,128.000000,360.000000,178.000000,-129.998001,134.998001,178.003006,127.998001,359.997009,-117.000000,-410.000000,603.000000,-175.000000,234.000000,-73.000000
875,1743667113792251,178.000000,-130.000000,135.000000,178.000000,128.000000,360.000000,177.998993,-129.998001,134.998001,178.003006,127.997002,359.998993,-117.000000,-410.000000,614.000000,-177.000000,237.000000,-107.000000
875,1743667113797649,178.000000,-130.000000,135.000000,178.000000,128.000000,360.000000,177.998993,-129.996994,134.998993,178.003006,127.997002,359.997986,-113.000000,-420.000000,605.000000,-181.000000,232.000000,-107.000000
875,1743667113801985,178.000000,-130.000000,135.000000,178.000000,128.000000,360.000000,178.000000,-129.998001,134.998993,178.003006,127.996002,359.997009,-108.000000,-415.000000,606.000000,-183.000000,235.000000,-93.000000
875,1743667113807389,178.000000,-130.000000,135.000000,178.000000,128.000000,360.000000,177.998993,-129.998001,134.998001,178.003006,127.997002,359.997986,-105.000000,-417.000000,606.000000,-180.000000,233.000000,-34.000000
875,1743667113811724,178.000000,-130.000000,135.000000,178.000000,128.000000,360.000000,177.998993,-129.996994,134.998001,178.001007,127.997002,359.997009,-109.000000,-422.000000,598.000000,-182.000000,229.000000,-42.000000
875,1743667113817067,178.000000,-130.000000,135.000000,178.000000,128.000000,360.000000,177.998993,-129.996994,134.998001,178.001007,127.997002,359.997009,-115.000000,-418.000000,608.000000,-180.000000,229.000000,-70.000000
875,1743667113822422,178.000000,-130.000000,135.000000,178.000000,128.000000,360.000000,177.998993,-129.998001,134.998001,178.001007,127.997002,359.997009,-117.000000,-419.000000,602.000000,-181.000000,236.000000,-69.000000
875,1743667113827829,178.000000,-130.000000,135.000000,178.000000,128.000000,360.000000,178.001007,-129.998001,134.998993,178.001007,127.997002,359.997986,-110.000000,-417.000000,606.000000,-183.000000,242.000000,-39.000000
875,1743667113832166,178.000000,-130.000000,135.000000,178.000000,128.000000,360.000000,178.000000,-129.998001,134.998001,178.003006,127.997002,359.997009,-105.000000,-425.000000,601.000000,-191.000000,236.000000,-70.000000
875,1743667113837521,178.000000,-130.000000,135.000000,178.000000,128.000000,360.000000,178.000000,-129.998993,134.998001,178.001007,127.997002,359.998993,-104.000000,-423.000000,603.000000,-188.000000,236.000000,-58.000000
875,1743667113841762,178.000000,-130.000000,135.000000,178.000000,128.000000,360.000000,178.000000,-129.998001,134.998001,178.003006,127.997002,359.997009,-114.000000,-423.000000,620.000000,-187.000000,235.000000,-111.000000
875,1743667113847085,178.000000,-130.000000,135.000000,178.000000,128.000000,360.000000,177.998993,-129.996994,134.998001,178.003006,127.997002,359.997009,-110.000000,-423.000000,609.000000,-186.000000,241.000000,-31.000000
875,1743667113852477,178.000000,-130.000000,135.000000,178.000000,128.000000,360.000000,178.000000,-129.998001,134.998001,178.003006,127.996002,359.998993,-116.000000,-423.000000,633.000000,-177.000000,239.000000,-82.000000
875,1743667113857875,178.000000,-130.000000,135.000000,178.000000,128.000000,360.000000,177.998993,-129.996994,134.998001,178.001007,127.998001,359.998993,-125.000000,-423.000000,610.000000,-181.000000,239.000000,-78.000000
875,1743667113862192,178.000000,-130.000000,135.000000,178.000000,128.000000,360.000000,177.998993,-129.998001,134.998993,178.003006,127.997002,359.997986,-127.000000,-421.000000,613.000000,-182.000000,244.000000,-40.000000
875,1743667113867574,178.000000,-130.000000,135.000000,178.000000,128.000000,360.000000,178.000000,-129.996994,134.998993,178.003006,127.997002,359.997009,-112.000000,-419.000000,619.000000,-190.000000,239.000000,-86.000000
875,1743667113871881,178.000000,-130.000000,135.000000,178.000000,128.000000,360.000000,178.000000,-129.998001,134.998993,178.003006,127.997002,359.997009,-107.000000,-416.000000,618.000000,-184.000000,248.000000,-103.000000
875,1743667113877281,178.000000,-130.000000,135.000000,178.000000,128.000000,360.000000,177.998993,-129.996994,134.998001,178.003006,127.997002,359.997986,-117.000000,-418.000000,619.000000,-181.000000,247.000000,-110.000000
875,1743667113882720,178.000000,-130.000000,135.000000,178.000000,128.000000,360.000000,178.000000,-129.998001,134.998001,178.001007,127.997002,359.997986,-110.000000,-423.000000,616.000000,-187.000000,243.000000,-61.000000
875,1743667113887262,178.000000,-130.000000,135.000000,178.000000,128.000000,360.000000,178.000000,-129.998001,134.998001,178.001007,127.998001,359.997009,-121.000000,-419.000000,617.000000,-179.000000,248.000000,-60.000000
875,1743667113891792,178.000000,-130.000000,135.000000,178.000000,128.000000,360.000000,177.998993,-129.996994,134.998001,178.001007,127.996002,359.998993,-114.000000,-422.000000,603.000000,-184.000000,240.000000,-48.000000
875,1743667113897661,178.000000,-130.000000,135.000000,178.000000,128.000000,360.000000,177.998993,-129.998001,134.998993,178.003006,127.998001,359.997986,-119.000000,-419.000000,617.000000,-185.000000,248.000000,-69.000000
875,1743667113902022,178.000000,-130.000000,135.000000,178.000000,128.000000,360.000000,178.000000,-129.998001,134.998001,178.003006,127.997002,359.997986,-109.000000,-420.000000,613.000000,-182.000000,244.000000,-63.000000
875,1743667113907378,178.000000,-130.000000,135.000000,178.000000,128.000000,360.000000,178.000000,-129.998001,134.998993,178.003006,127.997002,359.997009,-109.000000,-421.000000,619.000000,-189.000000,234.000000,-40.000000
875,1743667113911672,178.000000,-130.000000,135.000000,178.000000,128.000000,360.000000,178.000000,-129.998001,134.998001,178.001007,127.997002,359.997986,-113.000000,-417.000000,612.000000,-183.000000,242.000000,-56.000000
875,1743667113917038,178.000000,-130.000000,135.000000,178.000000,128.000000,360.000000,177.998993,-129.998001,134.998993,178.003006,127.997002,359.997009,-114.000000,-412.000000,611.000000,-181.000000,248.000000,-55.000000
875,1743667113922419,178.000000,-130.000000,135.000000,178.000000,128.000000,360.000000,178.000000,-129.998001,134.998001,178.001007,127.998001,359.997986,-116.000000,-415.000000,614.000000,-183.000000,242.000000,-63.000000
875,1743667113927821,178.000000,-130.000000,135.000000,178.000000,128.000000,360.000000,177.998993,-129.998001,134.998001,178.003006,127.997002,359.997986,-135.000000,-418.000000,611.000000,-182.000000,246.000000,-63.000000
875,1743667113932192,178.000000,-130.000000,135.000000,178.000000,128.000000,360.000000,177.998993,-129.998001,134.998993,178.003006,127.996002,359.997009,-97.000000,-417.000000,629.000000,-189.000000,251.000000,-51.000000
875,1743667113937754,178.000000,-130.000000,135.000000,178.000000,128.000000,360.000000,177.998993,-129.998001,134.996994,178.003006,127.997002,359.997986,-111.000000,-416.000000,603.000000,-185.000000,251.000000,-54.000000
875,1743667113942095,178.000000,-130.000000,135.000000,178.000000,128.000000,360.000000,177.998993,-129.996994,134.998001,178.003006,127.997002,359.997986,-111.000000,-418.000000,618.000000,-182.000000,255.000000,-109.000000
875,1743667113947592,178.000000,-130.000000,135.000000,178.000000,128.000000,360.000000,178.000000,-129.996994,134.998001,178.003006,127.997002,359.997009,-111.000000,-415.000000,616.000000,-183.000000,237.000000,-31.000000
875,1743667113952316,178.000000,-130.000000,135.000000,178.000000,128.000000,360.000000,177.998993,-129.996994,134.998993,178.003006,127.998001,359.997986,-113.000000,-417.000000,614.000000,-186.000000,247.000000,-53.000000
875,1743667113956910,178.000000,-130.000000,135.000000,178.000000,128.000000,360.000000,178.000000,-129.996994,134.998001,178.003006,127.997002,359.997009,-124.000000,-417.000000,613.000000,-193.000000,251.000000,-83.000000
875,1743667113962744,178.000000,-130.000000,135.000000,178.000000,128.000000,360.000000,178.000000,-129.996994,134.998001,178.003006,127.997002,359.997009,-124.000000,-417.000000,613.000000,-193.000000,251.000000,-83.000000
875,1743667113967362,178.000000,-130.000000,135.000000,178.000000,128.000000,360.000000,177.998993,-129.998001,134.998993,178.003006,127.997002,359.994995,-114.000000,-415.000000,611.000000,-187.000000,246.000000,-62.000000
875,1743667113971699,178.000000,-130.000000,135.000000,178.000000,128.000000,360.000000,177.996994,-129.996994,134.998001,178.003006,127.997002,359.997986,-110.000000,-417.000000,626.000000,-187.000000,248.000000,-70.000000
875,1743667113977008,178.000000,-130.000000,135.000000,178.000000,128.000000,360.000000,177.996994,-129.998001,134.998001,178.003006,127.997002,359.997986,-113.000000,-422.000000,624.000000,-183.000000,248.000000,-63.000000
875,1743667113982280,178.000000,-130.000000,135.000000,178.000000,128.000000,360.000000,177.998993,-129.998001,134.998993,178.001007,127.997002,359.997986,-106.000000,-418.000000,609.000000,-181.000000,250.000000,-110.000000
875,1743667113987610,178.000000,-130.000000,135.000000,178.000000,128.000000,360.000000,177.998993,-129.998001,134.996994,178.003006,127.997002,359.997986,-102.000000,-428.000000,619.000000,-182.000000,248.000000,-23.000000
875,1743667113992152,178.000000,-130.000000,135.000000,178.000000,128.000000,360.000000,177.998993,-129.998001,134.998001,178.003006,127.998001,359.998993,-101.000000,-422.000000,606.000000,-180.000000,248.000000,-55.000000
875,1743667113997737,178.000000,-130.000000,135.000000,178.000000,128.000000,360.000000,178.000000,-129.996994,134.998001,178.003006,127.997002,359.997986,-103.000000,-422.000000,616.000000,-183.000000,250.000000,-57.000000
875,1743667114002366,178.000000,-130.000000,135.000000,178.000000,128.000000,360.000000,178.000000,-129.996994,134.998001,178.003006,127.998001,359.997009,-105.000000,-419.000000,610.000000,-188.000000,251.000000,-109.000000
875,1743667114007949,178.000000,-130.000000,135.000000,178.000000,128.000000,360.000000,177.998993,-129.996994,134.998001,178.003006,127.997002,359.997986,-109.000000,-418.000000,622.000000,-188.000000,241.000000,-48.000000
875,1743667114012639,178.000000,-130.000000,135.000000,178.000000,128.000000,360.000000,178.000000,-129.996994,134.998001,178.001007,127.997002,359.997009,-105.000000,-421.000000,609.000000,-189.000000,250.000000,-87.000000
875,1743667114017264,178.000000,-130.000000,135.000000,178.000000,128.000000,360.000000,177.998993,-129.996994,134.998993,178.003006,127.998001,359.997009,-98.000000,-420.000000,612.000000,-181.000000,245.000000,-29.000000
875,1743667114021940,178.000000,-130.000000,135.000000,178.000000,128.000000,360.000000,177.998993,-129.996994,134.998001,178.001007,127.997002,359.997986,-101.000000,-421.000000,621.000000,-187.000000,248.000000,-61.000000
875,1743667114027640,178.000000,-130.000000,135.000000,178.000000,128.000000,360.000000,178.000000,-129.998001,134.998993,178.001007,127.998001,359.997009,-101.000000,-421.000000,621.000000,-182.000000,249.000000,-114.000000
875,1743667114032263,178.000000,-130.000000,135.000000,178.000000,128.000000,360.000000,178.000000,-129.998001,134.998001,178.003006,127.998001,359.997986,-101.000000,-421.000000,614.000000,-187.000000,248.000000,-48.000000
875,1743667114037846,178.000000,-130.000000,135.000000,178.000000,128.000000,360.000000,178.000000,-129.998001,134.998993,178.003006,127.997002,359.997009,-110.000000,-421.000000,615.000000,-183.000000,236.000000,-57.000000
875,1743667114042284,178.000000,-130.000000,135.000000,178.000000,128.000000,360.000000,177.998993,-129.996994,134.998001,178.001007,127.997002,359.998993,-106.000000,-421.000000,643.000000,-187.000000,244.000000,-112.000000
875,1743667114047719,178.000000,-130.000000,135.000000,178.000000,128.000000,360.000000,177.996002,-129.996994,134.998993,178.003006,127.998001,359.998993,-108.000000,-421.000000,629.000000,-187.000000,244.000000,-58.000000
875,1743667114052043,178.000000,-130.000000,135.000000,178.000000,128.000000,360.000000,177.998993,-129.998001,134.998001,178.001007,127.997002,359.997009,-102.000000,-421.000000,621.000000,-184.000000,243.000000,-27.000000
875,1743667114057433,178.000000,-130.000000,135.000000,178.000000,128.000000,360.000000,177.998993,-129.998001,134.998001,178.003006,127.998001,359.997009,-95.000000,-425.000000,624.000000,-190.000000,254.000000,-58.000000
875,1743667114061943,178.000000,-130.000000,135.000000,178.000000,128.000000,360.000000,177.996994,-129.996994,134.998001,178.001007,127.997002,359.997986,-104.000000,-422.000000,628.000000,-183.000000,250.000000,-48.000000
875,1743667114067544,178.000000,-130.000000,135.000000,178.000000,128.000000,360.000000,177.998993,-129.996994,134.998001,178.001007,127.997002,359.997986,-101.000000,-423.000000,626.000000,-177.000000,250.000000,-51.000000
875,1743667114072274,178.000000,-130.000000,135.000000,178.000000,128.000000,360.000000,178.000000,-129.998001,134.998001,178.001007,127.997002,359.997986,-116.000000,-423.000000,626.000000,-182.000000,252.000000,-69.000000
875,1743667114078021,178.000000,-130.000000,135.000000,178.000000,128.000000,360.000000,178.000000,-129.998993,134.998993,178.001007,127.998001,359.997986,-112.000000,-424.000000,621.000000,-185.000000,250.000000,-78.000000
875,1743667114082653,178.000000,-130.000000,135.000000,178.000000,128.000000,360.000000,177.998993,-129.996994,134.998001,178.001007,127.997002,359.997986,-99.000000,-423.000000,627.000000,-181.000000,248.000000,-35.000000
875,1743667114087407,178.000000,-130.000000,135.000000,178.000000,128.000000,360.000000,177.998993,-129.998001,134.998993,178.001007,127.996002,359.998993,-103.000000,-421.000000,621.000000,-187.000000,246.000000,-46.000000
875,1743667114092108,178.000000,-130.000000,135.000000,178.000000,128.000000,360.000000,178.000000,-129.998001,134.998993,178.001007,127.997002,359.997986,-94.000000,-414.000000,627.000000,-182.000000,250.000000,-110.000000
875,1743667114097692,178.000000,-130.000000,135.000000,178.000000,128.000000,360.000000,178.000000,-129.998001,134.998993,178.001007,127.997002,359.998993,-100.000000,-420.000000,624.000000,-184.000000,252.000000,-21.000000
875,1743667114102340,178.000000,-130.000000,135.000000,178.000000,128.000000,360.000000,177.998993,-129.996994,134.998001,178.001007,127.998001,359.997009,-103.000000,-416.000000,622.000000,-187.000000,248.000000,-43.000000
875,1743667114106876,178.000000,-130.000000,135.000000,178.000000,128.000000,360.000000,178.000000,-129.998001,134.998001,178.001007,127.997002,359.997009,-101.000000,-417.000000,626.000000,-180.000000,254.000000,-40.000000
875,1743667114112483,178.000000,-130.000000,135.000000,178.000000,128.000000,360.000000,177.998993,-129.996994,134.998993,178.001007,127.996002,360.001007,-100.000000,-416.000000,623.000000,-183.000000,252.000000,-68.000000
875,1743667114116903,178.000000,-130.000000,135.000000,178.000000,128.000000,360.000000,177.998993,-129.998001,134.998993,178.001007,127.997002,359.997986,-101.000000,-417.000000,624.000000,-183.000000,257.000000,-42.000000
875,1743667114122514,178.000000,-130.000000,135.000000,178.000000,128.000000,360.000000,178.000000,-129.998001,134.998993,178.003006,127.998001,359.997986,-100.000000,-415.000000,624.000000,-187.000000,252.000000,-109.000000
875,1743667114127280,178.000000,-130.000000,135.000000,178.000000,128.000000,360.000000,177.998993,-129.998001,134.998001,178.001007,127.998001,359.998993,-100.000000,-409.000000,625.000000,-181.000000,256.000000,-126.000000
875,1743667114131754,178.000000,-130.000000,135.000000,178.000000,128.000000,360.000000,177.998993,-129.996994,134.998993,178.001007,127.997002,359.997986,-101.000000,-412.000000,625.000000,-184.000000,253.000000,-88.000000
875,1743667114137120,178.000000,-130.000000,135.000000,178.000000,128.000000,360.000000,177.998993,-129.996994,134.998993,178.003006,127.998001,359.998993,-97.000000,-418.000000,611.000000,-187.000000,252.000000,-34.000000
875,1743667114142449,178.000000,-130.000000,135.000000,178.000000,128.000000,360.000000,178.000000,-129.996994,134.998001,178.001007,127.997002,359.997986,-104.000000,-419.000000,621.000000,-182.000000,252.000000,-48.000000
875,1743667114147766,178.000000,-130.000000,135.000000,178.000000,128.000000,360.000000,178.000000,-129.998001,134.998001,178.001007,127.998001,359.997986,-101.000000,-422.000000,626.000000,-184.000000,256.000000,-51.000000
875,1743667114152101,178.000000,-130.000000,135.000000,178.000000,128.000000,360.000000,178.000000,-129.996994,134.998993,178.001007,127.998001,359.997009,-110.000000,-418.000000,625.000000,-180.000000,257.000000,-53.000000
875,1743667114157755,178.000000,-130.000000,135.000000,178.000000,128.000000,360.000000,178.000000,-129.996994,134.998993,178.001007,127.998001,359.997009,-110.000000,-418.000000,625.000000,-180.000000,257.000000,-53.000000
875,1743667114162163,178.000000,-130.000000,135.000000,178.000000,128.000000,360.000000,177.998993,-129.998001,134.998993,178.001007,127.998001,359.997009,-105.000000,-415.000000,625.000000,-182.000000,250.000000,-57.000000
875,1743667114167527,178.000000,-130.000000,135.000000,178.000000,128.000000,360.000000,177.998993,-129.996994,134.998001,178.001007,127.997002,359.997986,-111.000000,-430.000000,618.000000,-187.000000,247.000000,-70.000000
875,1743667114171870,178.000000,-130.000000,135.000000,178.000000,128.000000,360.000000,177.998993,-129.996994,134.998001,178.001007,127.997002,359.997986,-111.000000,-430.000000,618.000000,-187.000000,247.000000,-70.000000
875,1743667114177329,178.000000,-130.000000,135.000000,178.000000,128.000000,360.000000,178.000000,-129.996994,134.998993,178.003006,127.997002,359.997009,-103.000000,-423.000000,618.000000,-183.000000,251.000000,-113.000000
875,1743667114182742,178.000000,-130.000000,135.000000,178.000000,128.000000,360.000000,178.000000,-129.996994,134.998001,178.003006,127.997002,359.997009,-106.000000,-421.000000,608.000000,-181.000000,254.000000,-45.000000
875,1743667114187117,178.000000,-130.000000,135.000000,178.000000,128.000000,360.000000,177.998993,-129.998001,134.998993,178.003006,127.998001,359.997009,-106.000000,-428.000000,620.000000,-183.000000,248.000000,-63.000000
875,1743667114191730,178.000000,-130.000000,135.000000,178.000000,128.000000,360.000000,177.998993,-129.996994,134.998001,178.001007,127.998001,359.997986,-106.000000,-419.000000,617.000000,-183.000000,251.000000,-49.000000
875,1743667114197408,178.000000,-130.000000,135.000000,178.000000,128.000000,360.000000,177.996994,-129.998001,134.998001,178.003006,127.997002,359.998993,-108.000000,-429.000000,623.000000,-184.000000,257.000000,-69.000000
875,1743667114201857,178.000000,-130.000000,135.000000,178.000000,128.000000,360.000000,177.998993,-129.996994,134.998993,178.001007,127.997002,359.997009,-115.000000,-427.000000,619.000000,-182.000000,255.000000,-58.000000
875,1743667114207546,178.000000,-130.000000,135.000000,178.000000,128.000000,360.000000,178.000000,-129.998001,134.998001,178.001007,127.998001,359.997986,-111.000000,-426.000000,620.000000,-182.000000,247.000000,-44.000000
875,1743667114212408,178.000000,-130.000000,135.000000,178.000000,128.000000,360.000000,178.000000,-129.998001,134.998001,178.003006,127.997002,359.997986,-104.000000,-425.000000,636.000000,-184.000000,256.000000,-47.000000
875,1743667114216903,178.000000,-130.000000,135.000000,178.000000,128.000000,360.000000,178.000000,-129.996994,134.998993,178.001007,127.998001,359.997009,-117.000000,-430.000000,611.000000,-183.000000,259.000000,-53.000000
875,1743667114222594,178.000000,-130.000000,135.000000,178.000000,128.000000,360.000000,177.996994,-129.998001,134.998001,178.001007,127.997002,359.998993,-112.000000,-427.000000,615.000000,-182.000000,253.000000,-63.000000
875,1743667114227350,178.000000,-130.000000,135.000000,178.000000,128.000000,360.000000,177.998993,-129.998001,134.998001,178.001007,127.998001,360.001007,-119.000000,-428.000000,615.000000,-189.000000,254.000000,-63.000000
875,1743667114232020,178.000000,-130.000000,135.000000,178.000000,128.000000,360.000000,178.000000,-129.998001,134.998001,178.003006,127.998001,359.997986,-115.000000,-434.000000,616.000000,-187.000000,254.000000,-123.000000
875,1743667114237723,178.000000,-130.000000,135.000000,178.000000,128.000000,360.000000,178.000000,-129.998001,134.998001,178.001007,127.997002,359.997986,-123.000000,-430.000000,616.000000,-186.000000,250.000000,-123.000000
875,1743667114242471,178.000000,-130.000000,135.000000,178.000000,128.000000,360.000000,178.000000,-129.996994,134.998001,178.003006,127.997002,359.997986,-122.000000,-431.000000,608.000000,-187.000000,257.000000,-27.000000
875,1743667114247204,178.000000,-130.000000,135.000000,178.000000,128.000000,360.000000,177.998993,-129.998001,134.998993,178.001007,127.998001,359.997986,-121.000000,-430.000000,617.000000,-182.000000,251.000000,-99.000000
875,1743667114252777,178.000000,-130.000000,135.000000,178.000000,128.000000,360.000000,178.000000,-129.998001,134.998993,178.003006,127.997002,359.997986,-120.000000,-433.000000,613.000000,-176.000000,252.000000,-30.000000
875,1743667114257310,178.000000,-130.000000,135.000000,178.000000,128.000000,360.000000,177.998993,-129.998001,134.998001,178.001007,127.997002,359.997986,-123.000000,-438.000000,603.000000,-183.000000,250.000000,-41.000000
875,1743667114261881,178.000000,-130.000000,135.000000,178.000000,128.000000,360.000000,178.000000,-129.998001,134.998001,178.003006,127.997002,359.997986,-119.000000,-444.000000,608.000000,-179.000000,254.000000,-106.000000
875,1743667114267486,178.000000,-130.000000,135.000000,178.000000,128.000000,360.000000,177.998993,-129.996994,134.996994,178.003006,127.997002,359.997009,-121.000000,-433.000000,623.000000,-183.000000,254.000000,-122.000000
875,1743667114272013,178.000000,-130.000000,135.000000,178.000000,128.000000,360.000000,177.998993,-129.998001,134.998001,178.001007,127.998001,359.997009,-116.000000,-436.000000,597.000000,-178.000000,251.000000,-86.000000
875,1743667114277786,178.000000,-130.000000,135.000000,178.000000,128.000000,360.000000,177.996994,-129.998001,134.998001,178.003006,127.998001,359.997986,-126.000000,-435.000000,608.000000,-183.000000,254.000000,-108.000000
875,1743667114282344,178.000000,-130.000000,135.000000,178.000000,128.000000,360.000000,177.998993,-129.998993,134.998001,178.003006,127.997002,359.997986,-123.000000,-427.000000,611.000000,-189.000000,257.000000,-98.000000
875,1743667114286922,178.000000,-130.000000,135.000000,178.000000,128.000000,360.000000,178.000000,-129.998001,134.998993,178.001007,127.997002,359.998993,-119.000000,-435.000000,606.000000,-180.000000,257.000000,-70.000000
875,1743667114292617,178.000000,-130.000000,135.000000,178.000000,128.000000,360.000000,177.998993,-129.998001,134.998993,178.003006,127.997002,359.997986,-110.000000,-434.000000,598.000000,-180.000000,259.000000,-50.000000
875,1743667114297214,178.000000,-130.000000,135.000000,178.000000,128.000000,360.000000,178.000000,-129.998001,134.998001,178.003006,127.998001,359.998993,-114.000000,-434.000000,611.000000,-180.000000,258.000000,-75.000000
875,1743667114302001,178.000000,-130.000000,135.000000,178.000000,128.000000,360.000000,177.998993,-129.998001,134.998001,178.001007,127.996002,359.998993,-127.000000,-433.000000,608.000000,-178.000000,252.000000,-105.000000
875,1743667114307656,178.000000,-130.000000,135.000000,178.000000,128.000000,360.000000,177.998993,-129.996994,134.998001,178.003006,127.998001,359.997986,-122.000000,-426.000000,607.000000,-181.000000,255.000000,-77.000000
875,1743667114312258,178.000000,-130.000000,135.000000,178.000000,128.000000,360.000000,178.000000,-129.996994,134.998993,178.001007,127.998001,359.997986,-118.000000,-430.000000,605.000000,-179.000000,256.000000,-102.000000
875,1743667114317816,178.000000,-130.000000,135.000000,178.000000,128.000000,360.000000,178.000000,-129.996994,134.998993,178.001007,127.998001,359.997986,-118.000000,-430.000000,605.000000,-179.000000,256.000000,-102.000000
875,1743667114322312,178.000000,-130.000000,135.000000,178.000000,128.000000,360.000000,177.998993,-129.996994,134.998993,178.003006,127.997002,359.998993,-126.000000,-426.000000,630.000000,-179.000000,261.000000,-41.000000
875,1743667114327901,178.000000,-130.000000,135.000000,178.000000,128.000000,360.000000,178.000000,-129.998001,134.998993,178.003006,127.997002,359.997009,-136.000000,-428.000000,603.000000,-180.000000,250.000000,-61.000000
875,1743667114332455,178.000000,-130.000000,135.000000,178.000000,128.000000,360.000000,178.000000,-129.998001,134.998993,178.003006,127.997002,359.997009,-136.000000,-428.000000,603.000000,-180.000000,250.000000,-61.000000
875,1743667114337017,178.000000,-130.000000,135.000000,178.000000,128.000000,360.000000,177.998993,-129.998001,134.998993,178.003006,127.997002,359.997986,-130.000000,-427.000000,620.000000,-180.000000,264.000000,-69.000000
875,1743667114342521,178.000000,-130.000000,135.000000,178.000000,128.000000,360.000000,177.998993,-129.996994,134.998001,178.003006,127.998001,359.997986,-122.000000,-428.000000,601.000000,-180.000000,258.000000,-88.000000
875,1743667114347024,178.000000,-130.000000,135.000000,178.000000,128.000000,360.000000,177.998993,-129.996994,134.998001,178.003006,127.998001,359.997986,-122.000000,-428.000000,601.000000,-180.000000,258.000000,-88.000000
875,1743667114351650,178.000000,-130.000000,135.000000,178.000000,128.000000,360.000000,177.998993,-129.998001,134.998001,178.001007,127.996002,359.997986,-120.000000,-427.000000,611.000000,-177.000000,256.000000,-102.000000
875,1743667114357309,178.000000,-130.000000,135.000000,178.000000,128.000000,360.000000,178.000000,-129.996994,134.998993,178.003006,127.998001,359.997009,-131.000000,-425.000000,614.000000,-182.000000,258.000000,-42.000000
875,1743667114361859,178.000000,-130.000000,135.000000,178.000000,128.000000,360.000000,177.998993,-129.998001,134.998001,178.003006,127.998001,359.997986,-132.000000,-428.000000,612.000000,-181.000000,255.000000,-46.000000
875,1743667114367580,178.000000,-130.000000,135.000000,178.000000,128.000000,360.000000,177.998993,-129.996994,134.998001,178.003006,127.998001,359.997986,-141.000000,-429.000000,611.000000,-184.000000,253.000000,-56.000000
875,1743667114372097,178.000000,-130.000000,135.000000,178.000000,128.000000,360.000000,178.000000,-129.998001,134.998001,178.003006,127.997002,359.997986,-141.000000,-426.000000,611.000000,-179.000000,262.000000,-59.000000
875,1743667114377732,178.000000,-130.000000,135.000000,178.000000,128.000000,360.000000,178.000000,-129.996994,134.998993,178.001007,127.997002,359.997986,-132.000000,-433.000000,612.000000,-181.000000,261.000000,-77.000000
875,1743667114382191,178.000000,-130.000000,135.000000,178.000000,128.000000,360.000000,177.998993,-129.996994,134.998001,178.003006,127.997002,359.997009,-135.000000,-434.000000,609.000000,-179.000000,264.000000,-79.000000
875,1743667114387824,178.000000,-130.000000,135.000000,178.000000,128.000000,360.000000,178.000000,-129.996994,134.998001,178.001007,127.998001,359.997009,-128.000000,-436.000000,611.000000,-188.000000,259.000000,-97.000000
875,1743667114392319,178.000000,-130.000000,135.000000,178.000000,128.000000,360.000000,178.000000,-129.996994,134.998001,178.003006,127.998001,359.997986,-129.000000,-435.000000,607.000000,-180.000000,260.000000,-72.000000
875,1743667114396876,178.000000,-130.000000,135.000000,178.000000,128.000000,360.000000,177.998993,-129.998001,134.998993,178.003006,127.997002,359.998993,-132.000000,-431.000000,615.000000,-177.000000,257.000000,-54.000000
875,1743667114402470,178.000000,-130.000000,135.000000,178.000000,128.000000,360.000000,178.000000,-129.996994,134.998001,178.003006,127.997002,359.997986,-124.000000,-433.000000,622.000000,-177.000000,263.000000,-89.000000
875,1743667114407094,178.000000,-130.000000,135.000000,178.000000,128.000000,360.000000,177.998993,-129.996994,134.998993,178.003006,127.997002,359.998993,-133.000000,-430.000000,616.000000,-182.000000,263.000000,-72.000000
875,1743667114411638,178.000000,-130.000000,135.000000,178.000000,128.000000,360.000000,177.998993,-129.998993,134.998001,178.001007,127.997002,359.997009,-125.000000,-430.000000,613.000000,-179.000000,264.000000,-57.000000
875,1743667114417430,178.000000,-130.000000,135.000000,178.000000,128.000000,360.000000,177.998993,-129.998993,134.998001,178.001007,127.998001,359.997986,-127.000000,-443.000000,609.000000,-186.000000,257.000000,-122.000000
875,1743667114421924,178.000000,-130.000000,135.000000,178.000000,128.000000,360.000000,178.000000,-129.998001,134.998001,178.003006,127.997002,359.997986,-123.000000,-437.000000,612.000000,-182.000000,262.000000,-68.000000
875,1743667114427576,178.000000,-130.000000,135.000000,178.000000,128.000000,360.000000,177.996994,-129.998001,134.998993,178.003006,127.997002,359.997986,-127.000000,-437.000000,615.000000,-184.000000,266.000000,-21.000000
875,1743667114431999,178.000000,-130.000000,135.000000,178.000000,128.000000,360.000000,177.998993,-129.996994,134.996994,178.001007,127.997002,359.998993,-121.000000,-438.000000,613.000000,-184.000000,249.000000,-47.000000
875,1743667114437746,178.000000,-130.000000,135.000000,178.000000,128.000000,360.000000,178.000000,-129.996994,134.998001,178.001007,127.997002,359.997986,-125.000000,-438.000000,621.000000,-180.000000,263.000000,-79.000000
875,1743667114442208,178.000000,-130.000000,135.000000,178.000000,128.000000,360.000000,177.998993,-129.998993,134.998001,178.003006,127.997002,359.997009,-119.000000,-444.000000,617.000000,-187.000000,262.000000,-98.000000
875,1743667114447876,178.000000,-130.000000,135.000000,178.000000,128.000000,360.000000,178.000000,-129.998001,134.998001,178.003006,127.998001,359.997009,-124.000000,-430.000000,637.000000,-180.000000,260.000000,-30.000000
875,1743667114452376,178.000000,-130.000000,135.000000,178.000000,128.000000,360.000000,178.000000,-129.998001,134.998001,178.003006,127.997002,359.997986,-127.000000,-436.000000,615.000000,-189.000000,256.000000,-95.000000
875,1743667114456808,178.000000,-130.000000,135.000000,178.000000,128.000000,360.000000,177.998993,-129.998001,134.998001,178.003006,127.998001,359.998993,-126.000000,-432.000000,620.000000,-182.000000,260.000000,-49.000000
875,1743667114462314,178.000000,-130.000000,135.000000,178.000000,128.000000,360.000000,177.998993,-129.998001,134.998001,178.001007,127.998001,359.997986,-126.000000,-436.000000,619.000000,-185.000000,266.000000,-50.000000
875,1743667114467873,178.000000,-130.000000,135.000000,178.000000,128.000000,360.000000,177.998993,-129.998001,134.998001,178.003006,127.997002,359.998993,-121.000000,-436.000000,617.000000,-184.000000,262.000000,-84.000000
875,1743667114472442,178.000000,-130.000000,135.000000,178.000000,128.000000,360.000000,178.000000,-129.998001,134.998993,178.003006,127.997002,359.998993,-126.000000,-435.000000,621.000000,-186.000000,253.000000,-50.000000
875,1743667114476884,178.000000,-130.000000,135.000000,178.000000,128.000000,360.000000,177.998993,-129.998001,134.998001,178.001007,127.997002,359.997986,-123.000000,-440.000000,612.000000,-187.000000,262.000000,-130.000000
875,1743667114482474,178.000000,-130.000000,135.000000,178.000000,128.000000,360.000000,177.998993,-129.998001,134.998001,178.001007,127.997002,359.997986,-123.000000,-440.000000,612.000000,-187.000000,262.000000,-130.000000
875,1743667114487030,178.000000,-130.000000,135.000000,178.000000,128.000000,360.000000,177.998993,-129.996994,134.998001,178.003006,127.997002,359.997986,-124.000000,-434.000000,615.000000,-180.000000,263.000000,-100.000000
875,1743667114491582,178.000000,-130.000000,135.000000,178.000000,128.000000,360.000000,177.998993,-129.996994,134.998001,178.003006,127.997002,359.997986,-124.000000,-434.000000,615.000000,-180.000000,263.000000,-100.000000
875,1743667114497460,178.000000,-130.000000,135.000000,178.000000,128.000000,360.000000,177.998993,-129.998001,134.998001,178.001007,127.997002,359.998993,-126.000000,-436.000000,616.000000,-182.000000,258.000000,-78.000000
875,1743667114501932,178.000000,-130.000000,135.000000,178.000000,128.000000,360.000000,177.998993,-129.998001,134.998001,178.003006,127.998001,359.998993,-120.000000,-444.000000,602.000000,-181.000000,263.000000,-78.000000
875,1743667114507629,178.000000,-130.000000,135.000000,178.000000,128.000000,360.000000,177.998993,-129.998001,134.998001,178.003006,127.998001,359.998993,-120.000000,-444.000000,602.000000,-181.000000,263.000000,-78.000000
875,1743667114512267,178.000000,-130.000000,135.000000,178.000000,128.000000,360.000000,178.000000,-129.998001,134.998993,178.001007,128.000000,359.997009,-126.000000,-436.000000,612.000000,-183.000000,269.000000,-40.000000
875,1743667114516869,178.000000,-130.000000,135.000000,178.000000,128.000000,360.000000,178.000000,-129.998001,134.998001,178.001007,127.998001,359.997009,-127.000000,-438.000000,615.000000,-187.000000,263.000000,-58.000000
875,1743667114522448,178.000000,-130.000000,135.000000,178.000000,128.000000,360.000000,177.998993,-129.998001,134.998001,178.003006,127.998001,359.997986,-129.000000,-437.000000,612.000000,-182.000000,263.000000,-83.000000
875,1743667114527797,178.000000,-130.000000,135.000000,178.000000,128.000000,360.000000,177.998993,-129.998001,134.998001,178.003006,127.998001,359.997986,-121.000000,-433.000000,611.000000,-186.000000,256.000000,-89.000000
875,1743667114532151,178.000000,-130.000000,135.000000,178.000000,128.000000,360.000000,177.998993,-129.998001,135.001007,178.001007,127.998001,359.997986,-117.000000,-439.000000,614.000000,-179.000000,259.000000,-37.000000
875,1743667114537921,178.000000,-130.000000,135.000000,178.000000,128.000000,360.000000,177.998993,-129.998001,134.998001,178.001007,127.998001,359.997986,-132.000000,-440.000000,606.000000,-180.000000,264.000000,-87.000000
875,1743667114542358,178.000000,-130.000000,135.000000,178.000000,128.000000,360.000000,178.000000,-129.996994,134.998001,178.003006,127.997002,359.997986,-130.000000,-438.000000,610.000000,-175.000000,259.000000,-75.000000
875,1743667114546754,178.000000,-130.000000,135.000000,178.000000,128.000000,360.000000,177.998993,-129.998001,134.998993,178.001007,127.997002,359.998993,-122.000000,-437.000000,608.000000,-184.000000,257.000000,-30.000000
875,1743667114552425,178.000000,-130.000000,135.000000,178.000000,128.000000,360.000000,177.998993,-129.996994,134.998993,178.003006,127.997002,359.997986,-125.000000,-439.000000,608.000000,-183.000000,258.000000,-62.000000
875,1743667114556871,178.000000,-130.000000,135.000000,178.000000,128.000000,360.000000,177.998993,-129.998001,134.998001,178.001007,127.997002,359.997986,-127.000000,-439.000000,598.000000,-182.000000,260.000000,-87.000000
875,1743667114562489,178.000000,-130.000000,135.000000,178.000000,128.000000,360.000000,177.996994,-129.998001,134.998001,178.003006,127.997002,359.997009,-125.000000,-442.000000,608.000000,-191.000000,257.000000,-49.000000
875,1743667114567187,178.000000,-130.000000,135.000000,178.000000,128.000000,360.000000,178.000000,-129.998001,134.998993,178.001007,127.997002,359.997009,-129.000000,-441.000000,605.000000,-183.000000,262.000000,-53.000000
875,1743667114571799,178.000000,-130.000000,135.000000,178.000000,128.000000,360.000000,178.000000,-129.998001,134.996994,178.001007,127.997002,359.997986,-127.000000,-439.000000,614.000000,-184.000000,262.000000,-46.000000
875,1743667114577372,178.000000,-130.000000,135.000000,178.000000,128.000000,360.000000,177.998993,-129.998001,134.998993,178.003006,127.997002,359.997986,-127.000000,-441.000000,590.000000,-183.000000,263.000000,-100.000000
875,1743667114581756,178.000000,-130.000000,135.000000,178.000000,128.000000,360.000000,178.000000,-129.998001,134.998001,178.003006,127.998001,359.997986,-133.000000,-439.000000,599.000000,-182.000000,263.000000,-34.000000
875,1743667114587133,178.000000,-130.000000,135.000000,178.000000,128.000000,360.000000,177.998993,-129.998001,134.998001,178.003006,127.998001,359.997009,-126.000000,-441.000000,604.000000,-180.000000,255.000000,-50.000000
875,1743667114592507,178.000000,-130.000000,135.000000,178.000000,128.000000,360.000000,177.998993,-129.998001,134.998993,178.001007,127.998001,359.994995,-125.000000,-437.000000,594.000000,-184.000000,262.000000,-64.000000
875,1743667114597911,178.000000,-130.000000,135.000000,178.000000,128.000000,360.000000,178.000000,-129.998001,134.998001,178.001007,127.998001,359.997009,-135.000000,-442.000000,609.000000,-182.000000,262.000000,-80.000000
875,1743667114602216,178.000000,-130.000000,135.000000,178.000000,128.000000,360.000000,177.998993,-129.998001,134.998001,178.003006,127.997002,359.997009,-132.000000,-436.000000,614.000000,-182.000000,265.000000,-44.000000
875,1743667114607635,178.000000,-130.000000,135.000000,178.000000,128.000000,360.000000,177.998993,-129.996994,134.998993,178.003006,127.997002,359.997009,-137.000000,-441.000000,618.000000,-184.000000,263.000000,-93.000000
875,1743667114611966,178.000000,-130.000000,135.000000,178.000000,128.000000,360.000000,178.000000,-129.996994,134.998001,178.001007,127.997002,359.997009,-133.000000,-437.000000,605.000000,-185.000000,264.000000,-42.000000
875,1743667114617443,178.000000,-130.000000,135.000000,178.000000,128.000000,360.000000,177.998993,-129.998001,134.998001,178.003006,127.997002,359.997009,-132.000000,-424.000000,601.000000,-180.000000,269.000000,-83.000000
875,1743667114621802,178.000000,-130.000000,135.000000,178.000000,128.000000,360.000000,177.998993,-129.998001,134.998001,178.003006,127.998001,359.997986,-137.000000,-432.000000,606.000000,-185.000000,258.000000,-43.000000
875,1743667114627300,178.000000,-130.000000,135.000000,178.000000,128.000000,360.000000,177.996994,-129.998001,134.998001,178.003006,127.997002,359.998993,-135.000000,-431.000000,623.000000,-183.000000,265.000000,-42.000000
875,1743667114632744,178.000000,-130.000000,135.000000,178.000000,128.000000,360.000000,177.998993,-129.998001,134.998001,178.003006,127.997002,359.997986,-137.000000,-431.000000,606.000000,-182.000000,270.000000,-64.000000
875,1743667114637045,178.000000,-130.000000,135.000000,178.000000,128.000000,360.000000,177.996994,-129.998001,134.998001,178.001007,127.997002,359.997986,-137.000000,-439.000000,609.000000,-181.000000,272.000000,-54.000000
875,1743667114642368,178.000000,-130.000000,135.000000,178.000000,128.000000,360.000000,177.998993,-129.998993,134.998001,178.001007,127.997002,359.997009,-136.000000,-437.000000,612.000000,-181.000000,270.000000,-80.000000
875,1743667114646662,178.000000,-130.000000,135.000000,178.000000,128.000000,360.000000,177.998993,-129.998001,134.998001,178.003006,127.997002,359.997009,-132.000000,-440.000000,596.000000,-179.000000,269.000000,-54.000000
875,1743667114652046,178.000000,-130.000000,135.000000,178.000000,128.000000,360.000000,177.998993,-129.996994,134.998001,178.003006,127.998001,359.997986,-131.000000,-439.000000,605.000000,-181.000000,259.000000,-41.000000
875,1743667114657386,178.000000,-130.000000,135.000000,178.000000,128.000000,360.000000,177.998993,-129.998001,134.996994,178.001007,127.997002,359.997009,-145.000000,-433.000000,607.000000,-188.000000,266.000000,-63.000000
875,1743667114661735,178.000000,-130.000000,135.000000,178.000000,128.000000,360.000000,177.998993,-129.998001,134.998993,178.003006,127.997002,359.997986,-148.000000,-437.000000,609.000000,-180.000000,259.000000,-37.000000
875,1743667114667078,178.000000,-130.000000,135.000000,178.000000,128.000000,360.000000,177.998993,-129.998001,134.998993,178.003006,127.997002,359.997986,-148.000000,-437.000000,609.000000,-180.000000,259.000000,-37.000000
875,1743667114672436,178.000000,-130.000000,135.000000,178.000000,128.000000,360.000000,178.000000,-129.998993,134.998001,178.003006,127.998001,359.997009,-147.000000,-438.000000,620.000000,-183.000000,269.000000,-47.000000
875,1743667114676723,178.000000,-130.000000,135.000000,178.000000,128.000000,360.000000,178.000000,-129.998001,134.996994,178.003006,127.998001,359.997986,-147.000000,-434.000000,638.000000,-184.000000,267.000000,-50.000000
875,1743667114682069,178.000000,-130.000000,135.000000,178.000000,128.000000,360.000000,178.000000,-129.998001,134.996994,178.003006,127.998001,359.997986,-147.000000,-434.000000,638.000000,-184.000000,267.000000,-50.000000
875,1743667114687480,178.000000,-130.000000,135.000000,178.000000,128.000000,360.000000,177.998993,-129.998001,134.998001,178.003006,127.997002,359.997986,-151.000000,-435.000000,618.000000,-182.000000,265.000000,-78.000000
875,1743667114691818,178.000000,-130.000000,135.000000,178.000000,128.000000,360.000000,177.998993,-129.998001,134.998001,178.001007,127.997002,359.997986,-146.000000,-434.000000,626.000000,-182.000000,262.000000,-60.000000
875,1743667114697237,178.000000,-130.000000,135.000000,178.000000,128.000000,360.000000,178.000000,-129.998001,134.998001,178.003006,127.997002,359.997009,-155.000000,-424.000000,616.000000,-183.000000,269.000000,-71.000000
875,1743667114702671,178.000000,-130.000000,135.000000,178.000000,128.000000,360.000000,177.998993,-129.998001,134.998001,178.001007,127.997002,359.997986,-161.000000,-424.000000,630.000000,-185.000000,273.000000,-87.000000
875,1743667114706964,178.000000,-130.000000,135.000000,178.000000,128.000000,360.000000,178.000000,-129.998001,134.998993,178.003006,127.997002,359.997986,-148.000000,-429.000000,619.000000,-185.000000,271.000000,-67.000000
875,1743667114712506,178.000000,-130.000000,135.000000,178.000000,128.000000,360.000000,177.998993,-129.998993,134.998993,178.001007,127.998001,359.997986,-150.000000,-430.000000,622.000000,-180.000000,265.000000,-79.000000
875,1743667114717051,178.000000,-130.000000,135.000000,178.000000,128.000000,360.000000,177.998993,-129.998001,134.998001,178.001007,127.997002,359.997986,-146.000000,-429.000000,614.000000,-185.000000,267.000000,-61.000000
875,1743667114722518,178.000000,-130.000000,135.000000,178.000000,128.000000,360.000000,178.000000,-129.998001,134.998993,178.003006,127.997002,359.997986,-144.000000,-429.000000,621.000000,-187.000000,267.000000,-72.000000
875,1743667114727203,178.000000,-130.000000,135.000000,178.000000,128.000000,360.000000,177.998993,-129.998001,134.998993,178.001007,127.998001,359.998993,-144.000000,-430.000000,622.000000,-181.000000,269.000000,-28.000000
875,1743667114732821,178.000000,-130.000000,135.000000,178.000000,128.000000,360.000000,177.998993,-130.001007,134.996994,178.003006,127.997002,359.997986,-147.000000,-430.000000,635.000000,-177.000000,270.000000,-59.000000
875,1743667114737443,178.000000,-130.000000,135.000000,178.000000,128.000000,360.000000,178.000000,-129.998001,134.998993,178.003006,127.998001,359.997986,-157.000000,-430.000000,625.000000,-183.000000,270.000000,-47.000000
875,1743667114742135,178.000000,-130.000000,135.000000,178.000000,128.000000,360.000000,177.998993,-129.996994,134.998001,178.001007,127.998001,359.997986,-152.000000,-430.000000,629.000000,-185.000000,265.000000,-91.000000
875,1743667114747973,178.000000,-130.000000,135.000000,178.000000,128.000000,360.000000,177.996994,-129.998993,134.998001,178.003006,127.996002,359.997986,-151.000000,-429.000000,620.000000,-182.000000,264.000000,-58.000000
875,1743667114752703,178.000000,-130.000000,135.000000,178.000000,128.000000,360.000000,178.000000,-129.998001,134.998993,178.003006,127.998001,359.997986,-152.000000,-430.000000,617.000000,-187.000000,265.000000,-52.000000
875,1743667114757443,178.000000,-130.000000,135.000000,178.000000,128.000000,360.000000,177.998993,-129.998001,134.998001,178.001007,127.998001,359.997986,-159.000000,-425.000000,633.000000,-183.000000,266.000000,-74.000000
875,1743667114761988,178.000000,-130.000000,135.000000,178.000000,128.000000,360.000000,178.000000,-129.998001,134.998001,178.003006,127.997002,359.998993,-154.000000,-439.000000,628.000000,-181.000000,270.000000,-53.000000
875,1743667114767588,178.000000,-130.000000,135.000000,178.000000,128.000000,360.000000,178.001007,-129.998001,134.998993,178.003006,127.998001,359.997986,-156.000000,-434.000000,625.000000,-181.000000,268.000000,-85.000000
875,1743667114772148,178.000000,-130.000000,135.000000,178.000000,128.000000,360.000000,177.998993,-129.998993,134.998001,178.001007,127.997002,359.997009,-161.000000,-439.000000,625.000000,-182.000000,265.000000,-29.000000
875,1743667114777861,178.000000,-130.000000,135.000000,178.000000,128.000000,360.000000,177.998993,-129.998993,134.998001,178.003006,127.997002,359.997009,-156.000000,-428.000000,627.000000,-184.000000,269.000000,-51.000000
875,1743667114782505,178.000000,-130.000000,135.000000,178.000000,128.000000,360.000000,177.998993,-129.998001,134.998001,178.003006,127.997002,359.997986,-150.000000,-427.000000,625.000000,-187.000000,273.000000,-84.000000
875,1743667114787254,178.000000,-130.000000,135.000000,178.000000,128.000000,360.000000,178.000000,-129.998001,134.998993,178.001007,127.998001,359.997009,-160.000000,-439.000000,628.000000,-179.000000,265.000000,-53.000000
875,1743667114791767,178.000000,-130.000000,135.000000,178.000000,128.000000,360.000000,177.998993,-129.998001,134.998001,178.003006,127.998001,359.997986,-160.000000,-439.000000,627.000000,-190.000000,267.000000,-55.000000
875,1743667114797524,178.000000,-130.000000,135.000000,178.000000,128.000000,360.000000,178.000000,-129.998001,134.998001,178.003006,127.997002,359.997986,-167.000000,-439.000000,626.000000,-189.000000,270.000000,-66.000000
875,1743667114802137,178.000000,-130.000000,135.000000,178.000000,128.000000,360.000000,177.998993,-129.998001,134.998993,178.001007,127.998001,359.997986,-155.000000,-437.000000,624.000000,-187.000000,265.000000,-76.000000
875,1743667114807918,178.000000,-130.000000,135.000000,178.000000,128.000000,360.000000,178.000000,-129.998001,134.998001,178.001007,127.997002,359.997986,-150.000000,-441.000000,630.000000,-183.000000,271.000000,-81.000000
875,1743667114812567,178.000000,-130.000000,135.000000,178.000000,128.000000,360.000000,178.000000,-129.998001,134.998993,178.003006,127.998001,359.997009,-157.000000,-439.000000,623.000000,-186.000000,269.000000,-85.000000
875,1743667114817152,178.000000,-130.000000,135.000000,178.000000,128.000000,360.000000,177.998993,-129.998001,134.998001,178.003006,127.997002,359.994995,-155.000000,-439.000000,619.000000,-187.000000,270.000000,-26.000000
875,1743667114821765,178.000000,-130.000000,135.000000,178.000000,128.000000,360.000000,177.998993,-129.998001,134.998001,178.003006,127.997002,359.998993,-157.000000,-439.000000,631.000000,-184.000000,277.000000,-85.000000
875,1743667114827641,178.000000,-130.000000,135.000000,178.000000,128.000000,360.000000,177.998993,-129.998001,134.998993,178.001007,127.998001,359.997986,-166.000000,-439.000000,626.000000,-188.000000,266.000000,-77.000000
875,1743667114832384,178.000000,-130.000000,135.000000,178.000000,128.000000,360.000000,177.996994,-129.998993,134.998001,178.003006,127.997002,359.998993,-149.000000,-442.000000,624.000000,-186.000000,266.000000,-49.000000
875,1743667114836841,178.000000,-130.000000,135.000000,178.000000,128.000000,360.000000,177.996994,-129.998993,134.998001,178.003006,127.997002,359.998993,-149.000000,-442.000000,624.000000,-186.000000,266.000000,-49.000000
875,1743667114842619,178.000000,-130.000000,135.000000,178.000000,128.000000,360.000000,177.998993,-129.998001,134.998993,178.001007,127.997002,359.997009,-155.000000,-440.000000,624.000000,-185.000000,271.000000,-54.000000
875,1743667114847345,178.000000,-130.000000,135.000000,178.000000,128.000000,360.000000,177.998993,-129.998001,134.998001,178.001007,127.998001,359.997986,-149.000000,-446.000000,623.000000,-186.000000,279.000000,-59.000000
875,1743667114851986,178.000000,-130.000000,135.000000,178.000000,128.000000,360.000000,177.998993,-129.998001,134.998001,178.001007,127.998001,359.997986,-149.000000,-446.000000,623.000000,-186.000000,279.000000,-59.000000
875,1743667114857896,178.000000,-130.000000,135.000000,178.000000,128.000000,360.000000,177.998993,-129.998001,134.998001,178.003006,127.997002,359.997009,-142.000000,-442.000000,631.000000,-183.000000,270.000000,-48.000000
875,1743667114862515,178.000000,-130.000000,135.000000,178.000000,128.000000,360.000000,177.998993,-129.998001,134.996994,178.001007,127.997002,359.998993,-156.000000,-440.000000,653.000000,-188.000000,285.000000,-67.000000
875,1743667114867203,178.000000,-130.000000,135.000000,178.000000,128.000000,360.000000,177.998993,-129.998001,134.996994,178.001007,127.997002,359.998993,-156.000000,-440.000000,653.000000,-188.000000,285.000000,-67.000000
875,1743667114871844,178.000000,-130.000000,135.000000,178.000000,128.000000,360.000000,177.998993,-129.996994,134.996994,178.001007,127.997002,359.997009,-155.000000,-445.000000,633.000000,-185.000000,278.000000,-58.000000
875,1743667114877669,178.000000,-130.000000,135.000000,178.000000,128.000000,360.000000,177.998993,-129.998993,134.998001,178.001007,127.998001,359.997009,-150.000000,-442.000000,641.000000,-187.000000,272.000000,-62.000000
875,1743667114882288,178.000000,-130.000000,135.000000,178.000000,128.000000,360.000000,178.000000,-129.998001,134.998993,178.003006,127.997002,359.998993,-156.000000,-442.000000,636.000000,-183.000000,278.000000,-72.000000
875,1743667114887019,178.000000,-130.000000,135.000000,178.000000,128.000000,360.000000,177.998993,-129.996994,134.998001,178.003006,127.998001,359.997986,-162.000000,-442.000000,630.000000,-185.000000,276.000000,-47.000000
875,1743667114891669,178.000000,-130.000000,135.000000,178.000000,128.000000,360.000000,177.998993,-129.998993,134.998001,178.001007,127.997002,359.997986,-156.000000,-443.000000,634.000000,-180.000000,280.000000,-55.000000
875,1743667114897436,178.000000,-130.000000,135.000000,178.000000,128.000000,360.000000,177.998993,-129.998001,134.998001,178.001007,127.998001,359.997986,-152.000000,-455.000000,633.000000,-186.000000,278.000000,-58.000000
875,1743667114901939,178.000000,-130.000000,135.000000,178.000000,128.000000,360.000000,177.998993,-129.996994,134.996994,178.001007,127.997002,359.997009,-153.000000,-445.000000,633.000000,-186.000000,284.000000,-64.000000
875,1743667114907684,178.000000,-130.000000,135.000000,178.000000,128.000000,360.000000,177.998993,-129.998001,134.998001,178.003006,127.996002,359.994995,-154.000000,-455.000000,635.000000,-184.000000,280.000000,-49.000000
875,1743667114912405,178.000000,-130.000000,135.000000,178.000000,128.000000,360.000000,178.000000,-129.998001,134.998001,178.001007,127.998001,359.997009,-150.000000,-452.000000,639.000000,-186.000000,282.000000,-66.000000
875,1743667114917013,178.000000,-130.000000,135.000000,178.000000,128.000000,360.000000,177.998993,-129.998001,134.996994,178.001007,127.997002,359.998993,-141.000000,-451.000000,636.000000,-182.000000,279.000000,-74.000000
875,1743667114921669,178.000000,-130.000000,135.000000,178.000000,128.000000,360.000000,177.998993,-129.998001,134.998001,178.003006,127.998001,359.997986,-153.000000,-445.000000,635.000000,-184.000000,287.000000,-81.000000
875,1743667114927565,178.000000,-130.000000,135.000000,178.000000,128.000000,360.000000,178.000000,-129.998001,134.998993,178.003006,127.998001,359.998993,-145.000000,-457.000000,643.000000,-186.000000,280.000000,-104.000000
875,1743667114932212,178.000000,-130.000000,135.000000,178.000000,128.000000,360.000000,177.998993,-129.998001,134.998001,178.001007,127.997002,359.997009,-147.000000,-450.000000,655.000000,-185.000000,283.000000,-53.000000
875,1743667114936824,178.000000,-130.000000,135.000000,178.000000,128.000000,360.000000,177.998993,-129.998001,134.996994,178.003006,127.997002,359.997009,-148.000000,-452.000000,640.000000,-185.000000,287.000000,-76.000000
875,1743667114942650,178.000000,-130.000000,135.000000,178.000000,128.000000,360.000000,177.998993,-129.998993,134.998001,178.001007,127.998001,359.997986,-148.000000,-452.000000,641.000000,-183.000000,268.000000,-77.000000
875,1743667114947371,178.000000,-130.000000,135.000000,178.000000,128.000000,360.000000,178.000000,-129.998001,134.998993,178.001007,127.997002,359.997009,-142.000000,-451.000000,637.000000,-186.000000,276.000000,-67.000000
875,1743667114952119,178.000000,-130.000000,135.000000,178.000000,128.000000,360.000000,177.998993,-129.998001,134.998001,178.001007,127.997002,359.998993,-149.000000,-454.000000,643.000000,-186.000000,278.000000,-66.000000
875,1743667114957816,178.000000,-130.000000,135.000000,178.000000,128.000000,360.000000,177.998993,-129.996994,134.998001,178.001007,127.997002,359.997986,-151.000000,-461.000000,643.000000,-187.000000,284.000000,-57.000000
875,1743667114962389,178.000000,-130.000000,135.000000,178.000000,128.000000,360.000000,178.000000,-129.998001,134.998001,178.003006,127.998001,359.997986,-144.000000,-457.000000,630.000000,-184.000000,281.000000,-55.000000
875,1743667114966865,178.000000,-130.000000,135.000000,178.000000,128.000000,360.000000,177.996994,-129.998001,134.998001,178.001007,127.998001,359.997986,-145.000000,-457.000000,634.000000,-186.000000,280.000000,-42.000000
875,1743667114971552,178.000000,-130.000000,135.000000,178.000000,128.000000,360.000000,178.000000,-129.998993,134.998001,178.003006,127.998001,359.997986,-145.000000,-457.000000,643.000000,-183.000000,282.000000,-59.000000
875,1743667114977206,178.000000,-130.000000,135.000000,178.000000,128.000000,360.000000,177.996994,-129.998001,134.998993,178.001007,127.997002,359.997986,-138.000000,-453.000000,629.000000,-190.000000,286.000000,-79.000000
875,1743667114981589,178.000000,-130.000000,135.000000,178.000000,128.000000,360.000000,177.998993,-129.998993,134.998001,178.003006,127.997002,359.997009,-143.000000,-441.000000,630.000000,-186.000000,277.000000,-39.000000
875,1743667114987316,178.000000,-130.000000,135.000000,178.000000,128.000000,360.000000,177.998993,-129.998001,134.998001,178.001007,127.998001,359.997986,-143.000000,-447.000000,613.000000,-186.000000,280.000000,-65.000000
875,1743667114991830,178.000000,-130.000000,135.000000,178.000000,128.000000,360.000000,177.998993,-129.998001,134.998001,178.003006,127.997002,359.997986,-147.000000,-456.000000,634.000000,-193.000000,277.000000,-62.000000
875,1743667114997546,178.000000,-130.000000,135.000000,178.000000,128.000000,360.000000,177.998993,-129.998001,134.998001,178.003006,127.997002,359.997986,-147.000000,-456.000000,634.000000,-193.000000,277.000000,-62.000000
875,1743667115002148,178.000000,-130.000000,135.000000,178.000000,128.000000,360.000000,178.000000,-129.998001,134.998001,178.003006,127.997002,359.997986,-149.000000,-447.000000,623.000000,-187.000000,290.000000,-62.000000
875,1743667115006911,178.000000,-130.000000,135.000000,178.000000,128.000000,360.000000,177.998993,-129.998001,134.996994,178.003006,127.998001,359.997009,-159.000000,-443.000000,621.000000,-185.000000,285.000000,-28.000000
875,1743667115012666,178.000000,-130.000000,135.000000,178.000000,128.000000,360.000000,177.998993,-129.998001,134.996994,178.003006,127.998001,359.997009,-159.000000,-443.000000,621.000000,-185.000000,285.000000,-28.000000
875,1743667115017462,178.000000,-130.000000,135.000000,178.000000,128.000000,360.000000,177.998993,-129.998001,134.998993,178.003006,127.998001,359.997986,-154.000000,-445.000000,628.000000,-180.000000,281.000000,-96.000000
875,1743667115021967,178.000000,-130.000000,135.000000,178.000000,128.000000,360.000000,178.000000,-129.998993,134.998001,178.001007,127.998001,359.997986,-164.000000,-444.000000,604.000000,-183.000000,283.000000,-102.000000
875,1743667115027568,178.000000,-130.000000,135.000000,178.000000,128.000000,360.000000,177.998993,-129.998001,134.998993,178.003006,127.998001,359.998993,-152.000000,-446.000000,623.000000,-187.000000,292.000000,-45.000000
875,1743667115032168,178.000000,-130.000000,135.000000,178.000000,128.000000,360.000000,177.998993,-129.998993,134.998001,178.003006,127.998001,359.997009,-149.000000,-443.000000,606.000000,-185.000000,285.000000,-60.000000
875,1743667115037876,178.000000,-130.000000,135.000000,178.000000,128.000000,360.000000,178.000000,-129.998001,134.998001,178.003006,127.997002,359.997986,-155.000000,-445.000000,620.000000,-182.000000,284.000000,-54.000000
875,1743667115042598,178.000000,-130.000000,135.000000,178.000000,128.000000,360.000000,177.998993,-129.998001,134.996994,178.003006,127.998001,359.997009,-154.000000,-447.000000,607.000000,-184.000000,283.000000,-53.000000
875,1743667115047247,178.000000,-130.000000,135.000000,178.000000,128.000000,360.000000,177.998993,-129.998001,134.998001,178.003006,127.997002,359.997986,-151.000000,-439.000000,606.000000,-184.000000,283.000000,-93.000000
875,1743667115051747,178.000000,-130.000000,135.000000,178.000000,128.000000,360.000000,177.998993,-129.998001,134.998993,178.003006,127.998001,359.997986,-150.000000,-443.000000,615.000000,-182.000000,284.000000,-106.000000
875,1743667115057688,178.000000,-130.000000,135.000000,178.000000,128.000000,360.000000,178.000000,-129.998001,134.998993,178.003006,127.998001,359.998993,-164.000000,-444.000000,613.000000,-185.000000,285.000000,-70.000000
875,1743667115062183,178.000000,-130.000000,135.000000,178.000000,128.000000,360.000000,177.998993,-129.998001,134.998001,178.003006,127.997002,359.997986,-152.000000,-443.000000,617.000000,-181.000000,282.000000,-61.000000
875,1743667115066946,178.000000,-130.000000,135.000000,178.000000,128.000000,360.000000,177.998993,-129.998993,134.998001,178.003006,127.997002,359.998993,-153.000000,-440.000000,617.000000,-186.000000,287.000000,-54.000000
875,1743667115072689,178.000000,-130.000000,135.000000,178.000000,128.000000,360.000000,177.998993,-129.998993,134.998001,178.003006,127.998001,359.998993,-159.000000,-436.000000,597.000000,-183.000000,285.000000,-104.000000
875,1743667115077220,178.000000,-130.000000,135.000000,178.000000,128.000000,360.000000,178.000000,-129.996994,134.998993,178.003006,127.998001,359.997009,-149.000000,-441.000000,611.000000,-179.000000,291.000000,-51.000000
875,1743667115082624,178.000000,-130.000000,135.000000,178.000000,128.000000,360.000000,177.998993,-129.998001,134.998001,178.003006,127.997002,359.997009,-158.000000,-440.000000,578.000000,-178.000000,276.000000,-61.000000
875,1743667115086939,178.000000,-130.000000,135.000000,178.000000,128.000000,360.000000,177.996994,-129.998001,134.998001,178.003006,127.997002,359.997986,-157.000000,-436.000000,596.000000,-189.000000,280.000000,-84.000000
875,1743667115092510,178.000000,-130.000000,135.000000,178.000000,128.000000,360.000000,177.998993,-129.998993,134.998001,178.001007,127.997002,359.998993,-150.000000,-445.000000,596.000000,-183.000000,275.000000,-40.000000
875,1743667115097124,178.000000,-130.000000,135.000000,178.000000,128.000000,360.000000,177.998993,-129.998001,134.998993,178.003006,127.998001,359.997009,-158.000000,-441.000000,614.000000,-181.000000,285.000000,-75.000000
875,1743667115101962,178.000000,-130.000000,135.000000,178.000000,128.000000,360.000000,178.000000,-129.996994,134.998993,178.001007,127.998001,359.997009,-154.000000,-439.000000,605.000000,-188.000000,281.000000,-61.000000
875,1743667115107686,178.000000,-130.000000,135.000000,178.000000,128.000000,360.000000,177.996994,-129.998993,134.998001,178.003006,127.997002,359.997009,-157.000000,-440.000000,607.000000,-182.000000,280.000000,-108.000000
875,1743667115112312,178.000000,-130.000000,135.000000,178.000000,128.000000,360.000000,177.996994,-129.998001,134.998001,178.003006,127.997002,359.997986,-150.000000,-444.000000,628.000000,-181.000000,293.000000,-27.000000
875,1743667115117878,178.000000,-130.000000,135.000000,178.000000,128.000000,360.000000,177.998993,-129.998993,134.998993,178.003006,127.998001,359.997986,-161.000000,-444.000000,593.000000,-183.000000,288.000000,-51.000000
875,1743667115122415,178.000000,-130.000000,135.000000,178.000000,128.000000,360.000000,177.998993,-129.998001,134.998001,178.003006,127.998001,359.998993,-155.000000,-445.000000,602.000000,-184.000000,284.000000,-53.000000
875,1743667115127034,178.000000,-130.000000,135.000000,178.000000,128.000000,360.000000,177.998993,-129.996994,134.998993,178.003006,127.997002,359.997986,-159.000000,-441.000000,596.000000,-182.000000,281.000000,-70.000000
875,1743667115131679,178.000000,-130.000000,135.000000,178.000000,128.000000,360.000000,177.998993,-129.998001,134.998001,178.003006,127.998001,359.997986,-167.000000,-447.000000,601.000000,-187.000000,283.000000,-61.000000
875,1743667115137427,178.000000,-130.000000,135.000000,178.000000,128.000000,360.000000,177.998993,-129.996994,134.998001,178.001007,127.997002,359.997986,-161.000000,-446.000000,604.000000,-184.000000,285.000000,-66.000000
875,1743667115142040,178.000000,-130.000000,135.000000,178.000000,128.000000,360.000000,177.998993,-129.996994,134.998001,178.001007,127.997002,359.997986,-161.000000,-446.000000,604.000000,-184.000000,285.000000,-66.000000
875,1743667115147728,178.000000,-130.000000,135.000000,178.000000,128.000000,360.000000,177.998993,-129.998001,134.998001,178.003006,127.998001,359.997986,-158.000000,-444.000000,596.000000,-186.000000,282.000000,-88.000000
875,1743667115152616,178.000000,-130.000000,135.000000,178.000000,128.000000,360.000000,177.996994,-129.998001,134.998993,178.001007,127.997002,359.997986,-160.000000,-438.000000,609.000000,-186.000000,282.000000,-99.000000
875,1743667115157275,178.000000,-130.000000,135.000000,178.000000,128.000000,360.000000,177.996994,-129.998001,134.998993,178.001007,127.997002,359.997986,-160.000000,-438.000000,609.000000,-186.000000,282.000000,-99.000000
875,1743667115161921,178.000000,-130.000000,135.000000,178.000000,128.000000,360.000000,177.998993,-129.996994,134.996994,178.001007,127.998001,359.997009,-165.000000,-444.000000,589.000000,-190.000000,279.000000,-43.000000
875,1743667115170066,178.000000,-130.000000,135.000000,178.000000,128.000000,360.000000,178.000000,-129.998001,134.998993,178.003006,127.998001,359.997986,-164.000000,-449.000000,602.000000,-187.000000,292.000000,-119.000000
875,1743667115172392,178.000000,-130.000000,135.000000,178.000000,128.000000,360.000000,178.000000,-129.998001,134.998993,178.003006,127.998001,359.997986,-164.000000,-449.000000,602.000000,-187.000000,292.000000,-119.000000
875,1743667115177025,178.000000,-130.000000,135.000000,178.000000,128.000000,360.000000,177.996994,-129.998001,134.998001,178.001007,127.998001,359.997986,-165.000000,-447.000000,601.000000,-184.000000,283.000000,-51.000000
875,1743667115181701,178.000000,-130.000000,135.000000,178.000000,128.000000,360.000000,177.998993,-129.998993,134.998001,178.001007,127.998001,359.997009,-151.000000,-445.000000,596.000000,-184.000000,292.000000,-75.000000
875,1743667115187426,178.000000,-130.000000,135.000000,178.000000,128.000000,360.000000,178.000000,-129.998001,134.998993,178.003998,127.998001,359.997986,-154.000000,-451.000000,605.000000,-184.000000,290.000000,-104.000000
875,1743667115192104,178.000000,-130.000000,135.000000,178.000000,128.000000,360.000000,178.000000,-129.998001,134.998001,178.003006,127.998001,359.997986,-158.000000,-447.000000,588.000000,-183.000000,277.000000,-87.000000
875,1743667115197875,178.000000,-130.000000,135.000000,178.000000,128.000000,360.000000,177.998993,-129.998993,134.998001,178.003006,127.998001,359.997009,-159.000000,-444.000000,597.000000,-184.000000,280.000000,-108.000000
875,1743667115202447,178.000000,-130.000000,135.000000,178.000000,128.000000,360.000000,178.000000,-129.998993,134.998993,178.003006,127.998001,359.997986,-148.000000,-447.000000,600.000000,-178.000000,278.000000,-50.000000
875,1743667115207159,178.000000,-130.000000,135.000000,178.000000,128.000000,360.000000,178.000000,-129.998993,134.998001,178.003006,127.998001,359.997009,-154.000000,-446.000000,606.000000,-182.000000,282.000000,-55.000000
875,1743667115211664,178.000000,-130.000000,135.000000,178.000000,128.000000,360.000000,177.998993,-129.998993,134.998993,178.001007,127.998001,359.997986,-156.000000,-445.000000,601.000000,-184.000000,284.000000,-80.000000
875,1743667115217461,178.000000,-130.000000,135.000000,178.000000,128.000000,360.000000,178.000000,-129.998001,134.998001,178.001007,127.998001,359.997986,-146.000000,-446.000000,600.000000,-184.000000,275.000000,-98.000000
875,1743667115221928,178.000000,-130.000000,135.000000,178.000000,128.000000,360.000000,177.998993,-129.998993,134.996994,178.003006,127.998001,359.997986,-161.000000,-442.000000,600.000000,-186.000000,282.000000,-63.000000
875,1743667115227681,178.000000,-130.000000,135.000000,178.000000,128.000000,360.000000,177.998993,-129.998001,134.998001,178.001007,127.998001,359.997986,-149.000000,-443.000000,593.000000,-184.000000,283.000000,-87.000000
875,1743667115232421,178.000000,-130.000000,135.000000,178.000000,128.000000,360.000000,177.998993,-129.998993,134.998001,178.001007,127.998001,359.997009,-146.000000,-443.000000,598.000000,-182.000000,285.000000,-53.000000
875,1743667115237032,178.000000,-130.000000,135.000000,178.000000,128.000000,360.000000,177.998993,-129.998993,134.996994,178.003006,127.998001,359.998993,-144.000000,-446.000000,596.000000,-191.000000,282.000000,-90.000000
875,1743667115242768,178.000000,-130.000000,135.000000,178.000000,128.000000,360.000000,177.998993,-129.998001,134.998001,178.001007,127.997002,359.997986,-146.000000,-449.000000,598.000000,-181.000000,272.000000,-89.000000
875,1743667115247299,178.000000,-130.000000,135.000000,178.000000,128.000000,360.000000,177.998993,-129.998001,134.998001,178.003006,127.998001,359.997009,-143.000000,-447.000000,598.000000,-186.000000,282.000000,-57.000000
875,1743667115251732,178.000000,-130.000000,135.000000,178.000000,128.000000,360.000000,178.000000,-129.996994,134.998001,178.001007,127.998001,359.997986,-145.000000,-452.000000,604.000000,-189.000000,278.000000,-83.000000
875,1743667115257560,178.000000,-130.000000,135.000000,178.000000,128.000000,360.000000,178.000000,-129.998001,134.998993,178.001007,127.998001,359.997009,-145.000000,-442.000000,603.000000,-178.000000,279.000000,-57.000000
875,1743667115262105,178.000000,-130.000000,135.000000,178.000000,128.000000,360.000000,177.998993,-129.998993,134.996994,178.001007,127.997002,359.998993,-141.000000,-446.000000,596.000000,-185.000000,283.000000,-67.000000
875,1743667115266797,178.000000,-130.000000,135.000000,178.000000,128.000000,360.000000,177.998993,-129.998001,134.998001,178.001007,127.998001,359.997009,-142.000000,-435.000000,593.000000,-175.000000,280.000000,-106.000000
875,1743667115272378,178.000000,-130.000000,135.000000,178.000000,128.000000,360.000000,177.996994,-129.998993,134.998001,178.001007,127.998001,359.998993,-147.000000,-453.000000,606.000000,-180.000000,281.000000,-113.000000
875,1743667115276916,178.000000,-130.000000,135.000000,178.000000,128.000000,360.000000,178.000000,-129.998001,134.998993,178.003006,127.998001,359.997986,-147.000000,-445.000000,598.000000,-185.000000,269.000000,-60.000000
875,1743667115281666,178.000000,-130.000000,135.000000,178.000000,128.000000,360.000000,177.998993,-129.998001,134.998001,178.003006,127.998001,359.997986,-145.000000,-450.000000,599.000000,-182.000000,272.000000,-36.000000
875,1743667115287418,178.000000,-130.000000,135.000000,178.000000,128.000000,360.000000,177.996994,-129.998993,134.998001,178.003006,127.998001,359.997986,-143.000000,-448.000000,601.000000,-183.000000,278.000000,-46.000000
875,1743667115292086,178.000000,-130.000000,135.000000,178.000000,128.000000,360.000000,177.998993,-129.998001,134.998001,178.001007,128.000000,359.997009,-140.000000,-447.000000,605.000000,-188.000000,284.000000,-58.000000
875,1743667115297824,178.000000,-130.000000,135.000000,178.000000,128.000000,360.000000,178.000000,-129.998993,134.998993,178.003006,127.997002,359.997009,-139.000000,-445.000000,603.000000,-186.000000,285.000000,-69.000000
875,1743667115302464,178.000000,-130.000000,135.000000,178.000000,128.000000,360.000000,177.998993,-129.998001,134.998001,178.001007,127.998001,359.997986,-144.000000,-439.000000,601.000000,-185.000000,282.000000,-90.000000
875,1743667115306911,178.000000,-130.000000,135.000000,178.000000,128.000000,360.000000,177.998993,-129.998001,134.998993,178.003006,127.998001,359.997986,-141.000000,-442.000000,605.000000,-191.000000,281.000000,-52.000000
875,1743667115312734,178.000000,-130.000000,135.000000,178.000000,128.000000,360.000000,178.000000,-129.998993,134.998993,178.003006,127.998001,359.997986,-139.000000,-444.000000,604.000000,-186.000000,287.000000,-118.000000
875,1743667115317414,178.000000,-130.000000,135.000000,178.000000,128.000000,360.000000,178.000000,-129.998993,134.998993,178.003006,127.998001,359.997986,-139.000000,-444.000000,604.000000,-186.000000,287.000000,-118.000000
875,1743667115322030,178.000000,-130.000000,135.000000,178.000000,128.000000,360.000000,178.000000,-129.998001,134.998001,178.001007,127.998001,359.997009,-143.000000,-446.000000,600.000000,-184.000000,271.000000,-62.000000
875,1743667115327815,178.000000,-130.000000,135.000000,178.000000,128.000000,360.000000,178.000000,-129.998001,134.998001,178.003006,127.998001,359.997009,-143.000000,-441.000000,600.000000,-183.000000,277.000000,-28.000000
875,1743667115332483,178.000000,-130.000000,135.000000,178.000000,128.000000,360.000000,178.000000,-129.998001,134.998001,178.003006,127.998001,359.997009,-143.000000,-441.000000,600.000000,-183.000000,277.000000,-28.000000
875,1743667115337104,178.000000,-130.000000,135.000000,178.000000,128.000000,360.000000,178.000000,-129.998001,134.998001,178.003006,127.998001,359.998993,-146.000000,-441.000000,600.000000,-185.000000,276.000000,-59.000000
875,1743667115341749,178.000000,-130.000000,135.000000,178.000000,128.000000,360.000000,177.998993,-129.998993,134.998001,178.001007,127.997002,359.997009,-138.000000,-433.000000,606.000000,-185.000000,278.000000,-99.000000
875,1743667115347617,178.000000,-130.000000,135.000000,178.000000,128.000000,360.000000,177.998993,-129.998993,134.998001,178.001007,127.997002,359.997009,-138.000000,-433.000000,606.000000,-185.000000,278.000000,-99.000000
875,1743667115352234,178.000000,-130.000000,135.000000,178.000000,128.000000,360.000000,177.996994,-129.998993,134.998993,178.003006,127.998001,359.997986,-140.000000,-429.000000,601.000000,-182.000000,276.000000,-57.000000
875,1743667115357934,178.000000,-130.000000,135.000000,178.000000,128.000000,360.000000,177.998993,-129.996994,134.998001,178.001007,127.997002,359.998993,-141.000000,-442.000000,603.000000,-183.000000,281.000000,-70.000000
875,1743667115362444,178.000000,-130.000000,135.000000,178.000000,128.000000,360.000000,178.000000,-129.998993,134.998001,178.003006,127.998001,359.997009,-145.000000,-445.000000,601.000000,-178.000000,280.000000,-85.000000
875,1743667115367104,178.000000,-130.000000,135.000000,178.000000,128.000000,360.000000,177.998993,-129.998001,134.996994,178.003006,127.997002,359.997986,-142.000000,-434.000000,605.000000,-182.000000,281.000000,-45.000000
875,1743667115371710,178.000000,-130.000000,135.000000,178.000000,128.000000,360.000000,178.000000,-129.998001,134.998993,178.003006,127.998001,359.997986,-148.000000,-438.000000,605.000000,-186.000000,279.000000,-69.000000
875,1743667115377550,178.000000,-130.000000,135.000000,178.000000,128.000000,360.000000,177.998993,-129.998001,134.998993,178.003006,127.998001,359.997009,-154.000000,-437.000000,610.000000,-183.000000,282.000000,-73.000000
875,1743667115382279,178.000000,-130.000000,135.000000,178.000000,128.000000,360.000000,178.000000,-129.998001,134.998001,178.003006,127.998001,359.997986,-146.000000,-438.000000,602.000000,-186.000000,280.000000,-76.000000
875,1743667115387880,178.000000,-130.000000,135.000000,178.000000,128.000000,360.000000,178.000000,-129.998993,134.998993,178.003006,127.998001,359.997986,-157.000000,-437.000000,606.000000,-181.000000,281.000000,-59.000000
875,1743667115392629,178.000000,-130.000000,135.000000,178.000000,128.000000,360.000000,177.998993,-129.998001,134.998001,178.003006,127.998001,359.997986,-141.000000,-438.000000,590.000000,-189.000000,281.000000,-63.000000
875,1743667115397093,178.000000,-130.000000,135.000000,178.000000,128.000000,360.000000,177.998993,-129.998993,134.998001,178.003006,127.998001,359.997986,-148.000000,-442.000000,610.000000,-185.000000,285.000000,-58.000000
875,1743667115401976,178.000000,-130.000000,135.000000,178.000000,128.000000,360.000000,177.998993,-129.998001,134.998001,178.001007,127.998001,359.997009,-153.000000,-449.000000,611.000000,-190.000000,278.000000,-58.000000
875,1743667115407798,178.000000,-130.000000,135.000000,178.000000,128.000000,360.000000,177.998993,-129.998001,134.998993,178.003006,127.998001,359.997009,-158.000000,-445.000000,607.000000,-184.000000,285.000000,-65.000000
875,1743667115412560,178.000000,-130.000000,135.000000,178.000000,128.000000,360.000000,177.996994,-129.998001,134.998993,178.003006,127.997002,359.997009,-162.000000,-445.000000,610.000000,-186.000000,280.000000,-74.000000
875,1743667115417300,178.000000,-130.000000,135.000000,178.000000,128.000000,360.000000,177.998993,-129.998001,134.998001,178.003006,127.998001,359.997009,-160.000000,-441.000000,606.000000,-191.000000,285.000000,-72.000000
875,1743667115421847,178.000000,-130.000000,135.000000,178.000000,128.000000,360.000000,177.998993,-129.998001,134.998993,178.003006,127.997002,359.997009,-161.000000,-442.000000,606.000000,-187.000000,281.000000,-55.000000
875,1743667115427733,178.000000,-130.000000,135.000000,178.000000,128.000000,360.000000,177.998993,-129.998001,134.996994,178.003006,127.998001,359.997986,-162.000000,-441.000000,603.000000,-183.000000,284.000000,-56.000000
875,1743667115432407,178.000000,-130.000000,135.000000,178.000000,128.000000,360.000000,178.000000,-129.998001,134.998001,178.003006,128.000000,359.997009,-146.000000,-443.000000,592.000000,-189.000000,276.000000,-99.000000
875,1743667115438001,178.000000,-130.000000,135.000000,178.000000,128.000000,360.000000,177.996994,-129.998993,134.998001,178.003006,127.997002,359.994995,-157.000000,-443.000000,604.000000,-186.000000,279.000000,-103.000000
875,1743667115442695,178.000000,-130.000000,135.000000,178.000000,128.000000,360.000000,177.998993,-129.998001,134.998001,178.003006,127.997002,359.997009,-155.000000,-443.000000,612.000000,-182.000000,274.000000,-67.000000
875,1743667115447400,178.000000,-130.000000,135.000000,178.000000,128.000000,360.000000,177.998993,-129.998001,134.998993,178.003006,127.998001,359.997009,-155.000000,-442.000000,606.000000,-186.000000,277.000000,-39.000000
875,1743667115451936,178.000000,-130.000000,135.000000,178.000000,128.000000,360.000000,177.998993,-129.998001,134.998993,178.003006,127.998001,359.997986,-155.000000,-442.000000,595.000000,-185.000000,287.000000,-50.000000
875,1743667115457655,178.000000,-130.000000,135.000000,178.000000,128.000000,360.000000,177.998993,-129.998001,134.998001,178.003006,128.000000,359.997009,-155.000000,-439.000000,603.000000,-182.000000,278.000000,-56.000000
875,1743667115462263,178.000000,-130.000000,135.000000,178.000000,128.000000,360.000000,177.998993,-129.998001,134.998001,178.003006,128.000000,359.997009,-155.000000,-439.000000,603.000000,-182.000000,278.000000,-56.000000
875,1743667115466802,178.000000,-130.000000,135.000000,178.000000,128.000000,360.000000,178.000000,-129.998001,134.998993,178.003006,127.997002,359.997986,-151.000000,-440.000000,599.000000,-184.000000,277.000000,-73.000000
875,1743667115472592,178.000000,-130.000000,135.000000,178.000000,128.000000,360.000000,177.998993,-129.998001,134.998993,178.003006,127.997002,359.997009,-144.000000,-441.000000,604.000000,-185.000000,284.000000,-40.000000
875,1743667115477064,178.000000,-130.000000,135.000000,178.000000,128.000000,360.000000,177.998993,-129.998001,134.998993,178.003006,127.997002,359.997009,-144.000000,-441.000000,604.000000,-185.000000,284.000000,-40.000000
875,1743667115481728,178.000000,-130.000000,135.000000,178.000000,128.000000,360.000000,177.996994,-129.998993,134.998993,178.003006,127.997002,359.997009,-149.000000,-434.000000,603.000000,-183.000000,283.000000,-100.000000
875,1743667115487609,178.000000,-130.000000,135.000000,178.000000,128.000000,360.000000,178.000000,-129.998001,134.998001,178.003006,127.997002,359.997986,-153.000000,-436.000000,608.000000,-184.000000,285.000000,-36.000000
875,1743667115492138,178.000000,-130.000000,135.000000,178.000000,128.000000,360.000000,177.998993,-129.998001,134.998993,178.003006,127.998001,359.997986,-150.000000,-438.000000,603.000000,-184.000000,280.000000,-109.000000
875,1743667115496783,178.000000,-130.000000,135.000000,178.000000,128.000000,360.000000,178.001007,-129.998993,134.998001,178.003006,127.998001,359.997986,-153.000000,-438.000000,606.000000,-177.000000,278.000000,-95.000000
875,1743667115502566,178.000000,-130.000000,135.000000,178.000000,128.000000,360.000000,177.998993,-129.998001,134.998001,178.003006,128.000000,359.997986,-150.000000,-438.000000,605.000000,-181.000000,286.000000,-21.000000
875,1743667115507146,178.000000,-130.000000,135.000000,178.000000,128.000000,360.000000,178.000000,-129.998001,134.998001,178.001007,127.998001,359.998993,-154.000000,-439.000000,612.000000,-186.000000,280.000000,-19.000000
875,1743667115511697,178.000000,-130.000000,135.000000,178.000000,128.000000,360.000000,177.998993,-129.998001,134.998001,178.001007,127.998001,359.997009,-153.000000,-445.000000,606.000000,-180.000000,273.000000,-56.000000
875,1743667115517386,178.000000,-130.000000,135.000000,178.000000,128.000000,360.000000,177.998993,-129.998001,134.998001,178.003006,127.997002,359.997986,-168.000000,-435.000000,605.000000,-187.000000,280.000000,-98.000000
875,1743667115521891,178.000000,-130.000000,135.000000,178.000000,128.000000,360.000000,178.000000,-129.998993,134.998993,178.001007,127.998001,359.997986,-158.000000,-438.000000,607.000000,-184.000000,286.000000,-72.000000
875,1743667115527691,178.000000,-130.000000,135.000000,178.000000,128.000000,360.000000,177.996994,-129.998001,134.998001,178.001007,127.997002,359.997986,-158.000000,-438.000000,624.000000,-183.000000,278.000000,-57.000000
875,1743667115532184,178.000000,-130.000000,135.000000,178.000000,128.000000,360.000000,177.998993,-129.998001,134.998001,178.001007,127.998001,359.997986,-156.000000,-436.000000,606.000000,-182.000000,281.000000,-68.000000
875,1743667115536809,178.000000,-130.000000,135.000000,178.000000,128.000000,360.000000,177.998993,-129.998993,134.998993,178.003006,127.998001,359.997009,-160.000000,-439.000000,605.000000,-182.000000,278.000000,-44.000000
875,1743667115542520,178.000000,-130.000000,135.000000,178.000000,128.000000,360.000000,177.996994,-129.998993,134.998001,178.001007,127.998001,359.997986,-167.000000,-437.000000,600.000000,-185.000000,277.000000,-65.000000
875,1743667115547056,178.000000,-130.000000,135.000000,178.000000,128.000000,360.000000,177.998993,-129.998001,134.998001,178.003006,127.998001,359.998993,-163.000000,-438.000000,607.000000,-184.000000,276.000000,-60.000000
875,1743667115552744,178.000000,-130.000000,135.000000,178.000000,128.000000,360.000000,177.996994,-129.998993,134.998001,178.003006,127.997002,359.997986,-153.000000,-437.000000,604.000000,-176.000000,272.000000,-55.000000
875,1743667115557447,178.000000,-130.000000,135.000000,178.000000,128.000000,360.000000,177.998993,-129.998001,134.998993,178.003006,127.997002,359.997986,-160.000000,-437.000000,607.000000,-183.000000,281.000000,-34.000000
875,1743667115562057,178.000000,-130.000000,135.000000,178.000000,128.000000,360.000000,177.998993,-129.998001,134.998993,178.003006,128.000000,359.997009,-159.000000,-434.000000,602.000000,-184.000000,276.000000,-74.000000
875,1743667115567685,178.000000,-130.000000,135.000000,178.000000,128.000000,360.000000,177.998993,-129.998001,134.998993,178.001007,127.998001,359.997986,-174.000000,-434.000000,617.000000,-186.000000,270.000000,-116.000000
875,1743667115572201,178.000000,-130.000000,135.000000,178.000000,128.000000,360.000000,178.000000,-129.998993,134.998001,178.003006,127.998001,359.997986,-160.000000,-435.000000,611.000000,-189.000000,271.000000,-92.000000
875,1743667115576849,178.000000,-130.000000,135.000000,178.000000,128.000000,360.000000,177.996994,-129.998001,134.998993,178.001007,127.998001,359.997009,-160.000000,-435.000000,611.000000,-185.000000,265.000000,-24.000000
875,1743667115582455,178.000000,-130.000000,135.000000,178.000000,128.000000,360.000000,177.996994,-129.996994,134.998001,178.001007,127.998001,359.997986,-156.000000,-434.000000,599.000000,-189.000000,276.000000,-32.000000
875,1743667115587204,178.000000,-130.000000,135.000000,178.000000,128.000000,360.000000,177.998993,-129.998993,134.998001,178.003006,127.998001,359.997009,-162.000000,-436.000000,608.000000,-180.000000,257.000000,-39.000000
875,1743667115591821,178.000000,-130.000000,135.000000,178.000000,128.000000,360.000000,177.998993,-129.998001,134.998001,178.003006,128.000000,359.997986,-160.000000,-436.000000,608.000000,-187.000000,261.000000,-57.000000
875,1743667115597602,178.000000,-130.000000,135.000000,178.000000,128.000000,360.000000,178.000000,-129.998993,134.998001,178.001007,128.001007,359.997009,-164.000000,-436.000000,600.000000,-185.000000,257.000000,-35.000000
875,1743667115602179,178.000000,-130.000000,135.000000,178.000000,128.000000,360.000000,177.998993,-129.998001,134.998001,178.001007,128.001007,359.997009,-155.000000,-435.000000,611.000000,-182.000000,262.000000,-108.000000
875,1743667115607738,178.000000,-130.000000,135.000000,178.000000,128.000000,360.000000,177.998993,-129.998001,134.998001,178.003006,128.001007,359.997009,-163.000000,-436.000000,621.000000,-181.000000,267.000000,-109.000000
875,1743667115612374,178.000000,-130.000000,135.000000,178.000000,128.000000,360.000000,177.998993,-129.998993,134.996994,178.003006,128.001007,359.997009,-148.000000,-435.000000,592.000000,-183.000000,264.000000,-35.000000
875,1743667115616880,178.000000,-130.000000,135.000000,178.000000,128.000000,360.000000,177.998993,-129.998001,134.998993,178.003006,128.001007,359.997986,-155.000000,-440.000000,592.000000,-185.000000,267.000000,-53.000000
875,1743667115622653,178.000000,-130.000000,135.000000,178.000000,128.000000,360.000000,178.000000,-129.998993,134.998001,178.003006,128.001007,359.997009,-151.000000,-439.000000,604.000000,-189.000000,266.000000,-69.000000
875,1743667115627201,178.000000,-130.000000,135.000000,178.000000,128.000000,360.000000,177.998993,-129.998001,134.998993,178.001007,128.001007,360.001007,-142.000000,-437.000000,589.000000,-183.000000,268.000000,-37.000000
875,1743667115631746,178.000000,-130.000000,135.000000,178.000000,128.000000,360.000000,177.998993,-129.998001,134.998001,178.003006,128.000000,359.997986,-152.000000,-438.000000,591.000000,-187.000000,259.000000,-71.000000
875,1743667115637408,178.000000,-130.000000,135.000000,178.000000,128.000000,360.000000,177.998993,-129.998001,134.998001,178.003006,128.000000,359.997986,-152.000000,-438.000000,591.000000,-187.000000,259.000000,-71.000000
875,1743667115642004,178.000000,-130.000000,135.000000,178.000000,128.000000,360.000000,177.998993,-129.998993,134.996994,178.003006,128.001007,359.997986,-142.000000,-440.000000,596.000000,-188.000000,269.000000,-54.000000
875,1743667115647635,178.000000,-130.000000,135.000000,178.000000,128.000000,360.000000,177.998993,-129.998993,134.996994,178.003006,128.001007,359.997986,-142.000000,-440.000000,596.000000,-188.000000,269.000000,-54.000000
875,1743667115652352,178.000000,-130.000000,135.000000,178.000000,128.000000,360.000000,177.998993,-129.998993,134.998993,178.001007,128.000000,359.997009,-154.000000,-447.000000,592.000000,-183.000000,267.000000,-60.000000
875,1743667115656992,178.000000,-130.000000,135.000000,178.000000,128.000000,360.000000,177.996994,-129.998993,134.998001,178.003006,128.001007,359.997986,-159.000000,-443.000000,593.000000,-184.000000,269.000000,-50.000000
875,1743667115661708,178.000000,-130.000000,135.000000,178.000000,128.000000,360.000000,177.998993,-129.998993,134.998993,178.003006,128.001007,359.997986,-139.000000,-446.000000,590.000000,-184.000000,264.000000,-77.000000
875,1743667115667217,178.000000,-130.000000,135.000000,178.000000,128.000000,360.000000,177.998993,-129.998993,134.998993,178.003006,128.001007,359.997986,-146.000000,-445.000000,595.000000,-187.000000,268.000000,-58.000000
875,1743667115671792,178.000000,-130.000000,135.000000,178.000000,128.000000,360.000000,177.998993,-129.998001,134.998001,178.003006,128.001007,359.997986,-137.000000,-446.000000,585.000000,-193.000000,270.000000,-90.000000
875,1743667115677713,178.000000,-130.000000,135.000000,178.000000,128.000000,360.000000,177.998993,-129.998001,134.998993,178.003006,128.001007,359.997986,-146.000000,-443.000000,590.000000,-194.000000,261.000000,-27.000000
875,1743667115682375,178.000000,-130.000000,135.000000,178.000000,128.000000,360.000000,178.000000,-129.998001,134.998993,178.001007,128.001007,359.997009,-141.000000,-443.000000,600.000000,-187.000000,264.000000,-41.000000
875,1743667115687003,178.000000,-130.000000,135.000000,178.000000,128.000000,360.000000,178.000000,-129.998993,134.998001,178.001007,128.001007,359.997009,-142.000000,-440.000000,579.000000,-194.000000,274.000000,-48.000000
875,1743667115691607,178.000000,-130.000000,135.000000,178.000000,128.000000,360.000000,177.998993,-129.998001,134.998001,178.003006,128.000000,359.997986,-145.000000,-450.000000,589.000000,-189.000000,263.000000,-48.000000
875,1743667115697384,178.000000,-130.000000,135.000000,178.000000,128.000000,360.000000,177.998993,-129.998001,134.998001,178.001007,128.001007,359.997986,-142.000000,-447.000000,598.000000,-190.000000,264.000000,-34.000000
875,1743667115701976,178.000000,-130.000000,135.000000,178.000000,128.000000,360.000000,177.998993,-129.998001,134.998001,178.003006,128.000000,359.997986,-149.000000,-437.000000,581.000000,-189.000000,261.000000,-44.000000
875,1743667115707847,178.000000,-130.000000,135.000000,178.000000,128.000000,360.000000,177.998993,-129.998001,134.998001,178.003006,128.003006,359.997009,-134.000000,-444.000000,587.000000,-192.000000,267.000000,-55.000000
875,1743667115712417,178.000000,-130.000000,135.000000,178.000000,128.000000,360.000000,177.998993,-129.998993,134.998001,178.001007,128.001007,359.997009,-139.000000,-442.000000,587.000000,-185.000000,260.000000,-93.000000
875,1743667115717130,178.000000,-130.000000,135.000000,178.000000,128.000000,360.000000,178.000000,-129.998993,134.998001,178.001007,128.001007,359.997986,-142.000000,-442.000000,591.000000,-188.000000,264.000000,-25.000000
875,1743667115721997,178.000000,-130.000000,135.000000,178.000000,128.000000,360.000000,177.998993,-129.998001,134.998001,178.003006,128.000000,359.997986,-141.000000,-443.000000,589.000000,-187.000000,268.000000,-41.000000
