point_index,timestamp_us,plan_pos_0,plan_pos_1,plan_pos_2,plan_pos_3,plan_pos_4,plan_pos_5,actual_pos_0,actual_pos_1,actual_pos_2,actual_pos_3,actual_pos_4,actual_pos_5,current_0,current_1,current_2,current_3,current_4,current_5
1,1743685960986259,0.049471,-0.036138,0.037527,0.049471,0.035582,0.100027,0.111000,-0.026000,0.048000,0.065000,0.050000,0.177000,-181.000000,-958.000000,-2347.000000,-771.000000,-325.000000,-85.000000
3,1743685960991570,0.049658,-0.036324,0.037713,0.049658,0.035769,0.100213,0.108000,-0.026000,0.045000,0.065000,0.049000,0.175000,-178.000000,-981.000000,-2339.000000,-773.000000,-302.000000,-87.000000
6,1743685960996141,0.050588,-0.037254,0.038643,0.050588,0.036699,0.101143,0.109000,-0.026000,0.046000,0.065000,0.046000,0.173000,-162.000000,-996.000000,-2320.000000,-779.000000,-304.000000,-68.000000
8,1743685961001632,0.051874,-0.038541,0.039930,0.051874,0.037986,0.102430,0.109000,-0.024000,0.046000,0.067000,0.046000,0.174000,-178.000000,-1013.000000,-2330.000000,-787.000000,-314.000000,-112.000000
11,1743685961007080,0.055204,-0.041871,0.043260,0.055204,0.041316,0.105760,0.108000,-0.022000,0.045000,0.065000,0.046000,0.173000,-151.000000,-1032.000000,-2352.000000,-788.000000,-283.000000,-87.000000
13,1743685961011454,0.058591,-0.045258,0.046647,0.058591,0.044702,0.109147,0.109000,-0.024000,0.045000,0.065000,0.045000,0.171000,-158.000000,-1050.000000,-2355.000000,-789.000000,-313.000000,-82.000000
15,1743685961016926,0.063098,-0.049764,0.051153,0.063098,0.049209,0.113653,0.107000,-0.022000,0.045000,0.067000,0.043000,0.171000,-186.000000,-1071.000000,-2401.000000,-799.000000,-309.000000,-92.000000
17,1743685961021323,0.068884,-0.055551,0.056940,0.068884,0.054996,0.119440,0.107000,-0.022000,0.044000,0.065000,0.042000,0.168000,-168.000000,-1091.000000,-2396.000000,-795.000000,-317.000000,-73.000000
20,1743685961026866,0.080314,-0.066981,0.068370,0.080314,0.066426,0.130870,0.108000,-0.023000,0.042000,0.065000,0.042000,0.168000,-191.000000,-1116.000000,-2422.000000,-815.000000,-315.000000,-111.000000
22,1743685961031360,0.090001,-0.076668,0.078057,0.090001,0.076112,0.140557,0.105000,-0.023000,0.042000,0.065000,0.042000,0.168000,-185.000000,-1131.000000,-2405.000000,-814.000000,-318.000000,-91.000000
24,1743685961036918,0.101528,-0.088194,0.089583,0.101528,0.087639,0.152083,0.107000,-0.023000,0.042000,0.065000,0.039000,0.168000,-192.000000,-1146.000000,-2407.000000,-819.000000,-315.000000,-116.000000
26,1743685961041384,0.115054,-0.101721,0.103110,0.115054,0.101166,0.165610,0.104000,-0.023000,0.042000,0.064000,0.039000,0.167000,-173.000000,-1184.000000,-2353.000000,-786.000000,-286.000000,-99.000000
29,1743685961046940,0.139444,-0.126111,0.127500,0.139444,0.125556,0.190000,0.104000,-0.024000,0.041000,0.065000,0.038000,0.166000,-74.000000,-1247.000000,-2240.000000,-745.000000,-249.000000,-60.000000
31,1743685961051426,0.158671,-0.145338,0.146727,0.158671,0.144782,0.209227,0.104000,-0.024000,0.039000,0.065000,0.039000,0.167000,-33.000000,-1389.000000,-2094.000000,-703.000000,-193.000000,-55.000000
34,1743685961056905,0.192361,-0.179028,0.180417,0.192361,0.178472,0.242917,0.104000,-0.024000,0.042000,0.067000,0.038000,0.168000,-40.000000,-1452.000000,-2004.000000,-677.000000,-164.000000,-11.000000
36,1743685961061273,0.218288,-0.204954,0.206343,0.218288,0.204399,0.268843,0.107000,-0.024000,0.041000,0.068000,0.038000,0.168000,28.000000,-1556.000000,-1934.000000,-647.000000,-138.000000,5.000000
38,1743685961066693,0.247174,-0.233841,0.235230,0.247174,0.233286,0.297730,0.105000,-0.023000,0.039000,0.068000,0.037000,0.168000,52.000000,-1633.000000,-1851.000000,-623.000000,-133.000000,3.000000
41,1743685961072145,0.296404,-0.283071,0.284460,0.296404,0.282516,0.346960,0.107000,-0.023000,0.041000,0.068000,0.038000,0.167000,69.000000,-1705.000000,-1779.000000,-618.000000,-108.000000,0.000000
43,1743685961076532,0.333391,-0.320058,0.321447,0.333391,0.319502,0.383947,0.107000,-0.023000,0.041000,0.068000,0.038000,0.167000,69.000000,-1705.000000,-1779.000000,-618.000000,-108.000000,0.000000
45,1743685961082016,0.373898,-0.360564,0.361953,0.373898,0.360009,0.424453,0.112000,-0.022000,0.041000,0.072000,0.038000,0.171000,277.000000,-2038.000000,-1419.000000,-509.000000,19.000000,148.000000
47,1743685961086422,0.418084,-0.404751,0.406140,0.418084,0.404196,0.468640,0.112000,-0.022000,0.041000,0.072000,0.038000,0.171000,277.000000,-2038.000000,-1419.000000,-509.000000,19.000000,148.000000
50,1743685961091891,0.491614,-0.478281,0.479670,0.491614,0.477726,0.542170,0.122000,-0.023000,0.041000,0.076000,0.042000,0.174000,239.000000,-2149.000000,-1113.000000,-475.000000,54.000000,141.000000
52,1743685961096396,0.545701,-0.532368,0.533757,0.545701,0.531812,0.596257,0.137000,-0.030000,0.042000,0.079000,0.048000,0.188000,113.000000,-2274.000000,-788.000000,-340.000000,90.000000,139.000000
55,1743685961103016,0.634831,-0.621498,0.622887,0.634831,0.620942,0.685387,0.137000,-0.030000,0.042000,0.079000,0.048000,0.188000,113.000000,-2274.000000,-788.000000,-340.000000,90.000000,139.000000
57,1743685961107498,0.699818,-0.686484,0.687873,0.699818,0.685929,0.750373,0.145000,-0.037000,0.044000,0.083000,0.053000,0.194000,138.000000,-2299.000000,-667.000000,-284.000000,99.000000,96.000000
59,1743685961113074,0.769444,-0.756111,0.757500,0.769444,0.755556,0.820000,0.155000,-0.042000,0.048000,0.083000,0.056000,0.200000,70.000000,-2317.000000,-617.000000,-264.000000,81.000000,99.000000
62,1743685961117565,0.882934,-0.869601,0.870990,0.882934,0.869046,0.933490,0.160000,-0.049000,0.049000,0.086000,0.061000,0.204000,304.000000,-2455.000000,-374.000000,-149.000000,194.000000,126.000000
64,1743685961122039,0.964861,-0.951528,0.952917,0.964861,0.950972,1.015420,0.174000,-0.064000,0.060000,0.094000,0.075000,0.205000,507.000000,-2710.000000,-183.000000,-6.000000,201.000000,194.000000
67,1743685961129765,1.097550,-1.084220,1.085610,1.097550,1.083660,1.148110,0.197000,-0.085000,0.081000,0.103000,0.092000,0.205000,243.000000,-2616.000000,-403.000000,105.000000,136.000000,175.000000
69,1743685961133198,1.192780,-1.179440,1.180830,1.192780,1.178890,1.243330,0.218000,-0.105000,0.096000,0.107000,0.112000,0.205000,-82.000000,-2605.000000,-464.000000,220.000000,-22.000000,121.000000
71,1743685961138808,1.293600,-1.280270,1.281660,1.293600,1.279720,1.344160,0.233000,-0.123000,0.116000,0.112000,0.127000,0.205000,50.000000,-2675.000000,-512.000000,375.000000,-14.000000,43.000000
73,1743685961143280,1.400190,-1.386860,1.388250,1.400190,1.386300,1.450750,0.251000,-0.144000,0.138000,0.118000,0.148000,0.212000,250.000000,-2602.000000,-384.000000,482.000000,-44.000000,-105.000000
76,1743685961148923,1.571220,-1.557880,1.559280,1.571220,1.557300,1.621780,0.269000,-0.163000,0.156000,0.122000,0.168000,0.232000,205.000000,-2604.000000,-334.000000,550.000000,-48.000000,-76.000000
79,1743685961155633,1.756110,-1.742320,1.744060,1.756110,1.741520,1.806670,0.281000,-0.178000,0.173000,0.130000,0.192000,0.259000,467.000000,-2882.000000,46.000000,797.000000,105.000000,127.000000
81,1743685961160138,1.887340,-1.872490,1.874770,1.887340,1.871420,1.937890,0.307000,-0.208000,0.210000,0.145000,0.226000,0.288000,762.000000,-3010.000000,1.000000,1040.000000,201.000000,335.000000
83,1743685961164634,2.025120,-2.008250,2.011310,2.025120,2.006810,2.075680,0.332000,-0.236000,0.240000,0.155000,0.255000,0.310000,575.000000,-2985.000000,-135.000000,1148.000000,138.000000,364.000000
85,1743685961169167,2.169630,-2.149430,2.153530,2.169630,2.147520,2.220190,0.370000,-0.276000,0.291000,0.168000,0.296000,0.346000,229.000000,-2654.000000,-873.000000,1469.000000,83.000000,414.000000
88,1743685961174756,2.399340,-2.371030,2.377140,2.399340,2.368220,2.449900,0.396000,-0.304000,0.321000,0.178000,0.329000,0.369000,137.000000,-2727.000000,-606.000000,1573.000000,-85.000000,461.000000
91,1743685961181452,2.645010,-2.603930,2.612610,2.645010,2.599990,2.695630,0.439000,-0.352000,0.368000,0.195000,0.354000,0.395000,26.000000,-2536.000000,-753.000000,1720.000000,-118.000000,345.000000
93,1743685961185924,2.817610,-2.765210,2.775920,2.817610,2.760400,2.868610,0.472000,-0.390000,0.405000,0.210000,0.399000,0.442000,378.000000,-2805.000000,-594.000000,1870.000000,-55.000000,326.000000
95,1743685961190449,2.997080,-2.931120,2.944100,2.997080,2.925330,3.049120,0.549000,-0.488000,0.513000,0.282000,0.465000,0.536000,874.000000,-3286.000000,-297.000000,1979.000000,341.000000,435.000000
98,1743685961196044,3.278820,-3.188300,3.205160,3.278820,3.180850,3.334330,0.549000,-0.488000,0.513000,0.282000,0.465000,0.536000,874.000000,-3286.000000,-297.000000,1979.000000,341.000000,435.000000
100,1743685961200525,3.474770,-3.365060,3.384820,3.474770,3.356390,3.534330,0.605000,-0.557000,0.589000,0.337000,0.546000,0.617000,302.000000,-2735.000000,-687.000000,1020.000000,143.000000,232.000000
103,1743685961207181,3.780480,-3.637780,3.662360,3.780480,3.627090,3.849330,0.645000,-0.601000,0.627000,0.483000,0.613000,0.701000,290.000000,-2450.000000,-335.000000,-1027.000000,-68.000000,17.000000
105,1743685961211630,3.991900,-3.824410,3.852500,3.991900,3.812240,4.069330,0.705000,-0.667000,0.693000,0.582000,0.670000,0.778000,183.000000,-2623.000000,-464.000000,-706.000000,66.000000,215.000000
107,1743685961216084,4.209240,-4.014700,4.046560,4.209240,4.000950,4.297330,0.753000,-0.712000,0.741000,0.607000,0.716000,0.817000,184.000000,-2703.000000,-439.000000,963.000000,202.000000,233.000000
110,1743685961221602,4.545980,-4.306660,4.344630,4.545980,4.290350,4.654330,0.819000,-0.781000,0.813000,0.646000,0.786000,0.873000,797.000000,-3088.000000,34.000000,2034.000000,276.000000,572.000000
112,1743685961226049,4.777390,-4.505410,4.547770,4.777390,4.487280,4.902330,0.895000,-0.865000,0.895000,0.704000,0.880000,0.951000,1191.000000,-3483.000000,185.000000,2312.000000,189.000000,636.000000
115,1743685961233678,5.134500,-4.809310,4.858720,5.134500,4.788250,5.289330,0.951000,-0.929000,0.965000,0.775000,0.946000,1.020000,684.000000,-3052.000000,-272.000000,1062.000000,173.000000,205.000000
117,1743685961237159,5.378990,-5.015530,5.069940,5.378990,4.992380,5.557330,1.024000,-1.021000,1.057000,0.943000,1.056000,1.127000,110.000000,-2620.000000,-592.000000,-1279.000000,-3.000000,180.000000
119,1743685961242720,5.628430,-5.224450,5.284120,5.628430,5.199120,5.833330,1.148000,-1.189000,1.207000,1.073000,1.218000,1.286000,147.000000,-3061.000000,-618.000000,1776.000000,66.000000,301.000000
121,1743685961247170,5.882660,-5.435910,5.501080,5.882660,5.408300,6.117330,1.148000,-1.189000,1.207000,1.073000,1.218000,1.286000,147.000000,-3061.000000,-618.000000,1776.000000,66.000000,301.000000
124,1743685961252756,6.272650,-5.757520,5.831420,6.272650,5.726300,6.558330,1.304000,-1.373000,1.356000,1.248000,1.402000,1.455000,1355.000000,-3941.000000,306.000000,1157.000000,289.000000,560.000000
127,1743685961259410,6.672510,-6.083970,6.167150,6.672510,6.048910,7.017330,1.304000,-1.373000,1.356000,1.248000,1.402000,1.455000,1355.000000,-3941.000000,306.000000,1157.000000,289.000000,560.000000
129,1743685961263882,6.944310,-6.304010,6.393690,6.944310,6.266260,7.333330,1.426000,-1.503000,1.490000,1.439000,1.539000,1.572000,584.000000,-3182.000000,-191.000000,-1082.000000,188.000000,160.000000
131,1743685961268345,7.220100,-6.525790,6.622220,7.220100,6.485260,7.657330,1.701000,-1.731000,1.687000,1.613000,1.694000,1.728000,173.000000,-2542.000000,-655.000000,2160.000000,82.000000,350.000000
134,1743685961273931,7.640910,-6.861390,6.968400,7.640910,6.816500,8.158330,1.822000,-1.812000,1.790000,1.752000,1.845000,1.864000,440.000000,-2727.000000,-395.000000,625.000000,113.000000,520.000000
136,1743685961278474,7.925980,-7.086840,7.201220,7.925980,7.038910,8.502330,1.822000,-1.812000,1.790000,1.752000,1.845000,1.864000,440.000000,-2727.000000,-395.000000,625.000000,113.000000,520.000000
138,1743685961284074,8.214480,-7.313470,7.435460,8.214480,7.262410,8.854330,1.966000,-1.962000,1.941000,1.966000,1.973000,2.018000,1202.000000,-3307.000000,419.000000,-1039.000000,382.000000,453.000000
141,1743685961289695,8.653310,-7.655280,7.789170,8.653310,7.599330,9.397330,2.064000,-2.069000,2.054000,2.054000,2.084000,2.154000,1215.000000,-3196.000000,103.000000,1788.000000,375.000000,677.000000
143,1743685961294135,8.949680,-7.884180,8.026300,8.949680,7.824840,9.769330,2.235000,-2.220000,2.222000,2.237000,2.190000,2.261000,513.000000,-2960.000000,-339.000000,784.000000,160.000000,464.000000
146,1743685961299622,9.399580,-8.228640,8.383580,9.399580,8.164030,10.342300,2.422000,-2.370000,2.393000,2.412000,2.348000,2.436000,352.000000,-2620.000000,-785.000000,-1317.000000,111.000000,336.000000
148,1743685961304130,9.702830,-8.458790,8.622590,9.702830,8.390540,10.734300,2.532000,-2.465000,2.498000,2.528000,2.443000,2.552000,186.000000,-2796.000000,-279.000000,1650.000000,154.000000,164.000000
151,1743685961310825,10.162300,-8.804390,8.981950,10.162300,8.730510,11.337300,2.699000,-2.559000,2.601000,2.632000,2.585000,2.716000,74.000000,-2788.000000,-544.000000,1715.000000,188.000000,434.000000
153,1743685961315336,10.471400,-9.034840,9.221840,10.471400,8.957160,11.749300,2.790000,-2.704000,2.749000,2.846000,2.726000,2.909000,724.000000,-2830.000000,-40.000000,-1044.000000,213.000000,486.000000
155,1743685961321050,10.782600,-9.265290,9.461810,10.782600,9.183810,12.169300,3.165000,-2.963000,3.044000,3.087000,2.980000,3.225000,874.000000,-3551.000000,506.000000,1747.000000,281.000000,577.000000
158,1743685961325501,11.253000,-9.610960,9.821770,11.253000,9.523790,12.814300,3.165000,-2.963000,3.044000,3.087000,2.980000,3.225000,874.000000,-3551.000000,506.000000,1747.000000,281.000000,577.000000
160,1743685961331011,11.568600,-9.841410,10.061700,11.568600,9.750440,13.254300,3.556000,-3.305000,3.371000,3.448000,3.290000,3.599000,238.000000,-3102.000000,-345.000000,2172.000000,54.000000,329.000000
163,1743685961337587,12.044900,-10.187100,10.421700,12.044900,10.090400,13.929300,3.556000,-3.305000,3.371000,3.448000,3.290000,3.599000,238.000000,-3102.000000,-345.000000,2172.000000,54.000000,329.000000
165,1743685961342029,12.364100,-10.417500,10.661700,12.364100,10.317100,14.389300,3.742000,-3.448000,3.499000,3.662000,3.396000,3.727000,137.000000,-2852.000000,-497.000000,-702.000000,61.000000,144.000000
167,1743685961346534,12.684400,-10.648000,10.901700,12.684400,10.543700,14.857300,4.040000,-3.735000,3.767000,3.979000,3.762000,4.092000,1416.000000,-3591.000000,249.000000,2139.000000,465.000000,754.000000
169,1743685961351026,13.005600,-10.878400,11.141600,13.005600,10.770400,15.333300,4.040000,-3.735000,3.767000,3.979000,3.762000,4.092000,1416.000000,-3591.000000,249.000000,2139.000000,465.000000,754.000000
172,1743685961356651,13.488800,-11.224100,11.501600,13.488800,11.110300,16.062300,4.465000,-4.085000,4.118000,4.331000,4.049000,4.546000,434.000000,-2850.000000,-635.000000,144.000000,261.000000,409.000000
175,1743685961362287,13.973300,-11.569800,11.861500,13.973300,11.450300,16.809299,4.465000,-4.085000,4.118000,4.331000,4.049000,4.546000,434.000000,-2850.000000,-635.000000,144.000000,261.000000,409.000000
177,1743685961367768,14.296800,-11.800200,12.101500,14.296800,11.677000,17.317301,4.604000,-4.211000,4.246000,4.589000,4.209000,4.781000,281.000000,-2958.000000,-419.000000,530.000000,21.000000,190.000000
179,1743685961372155,14.620300,-12.030700,12.341500,14.620300,11.903600,17.833300,5.022000,-4.523000,4.575000,4.985000,4.500000,5.175000,278.000000,-2585.000000,-334.000000,1212.000000,241.000000,343.000000
182,1743685961377647,15.105700,-12.376400,12.701500,15.105700,12.243600,18.622200,5.240000,-4.718000,4.779000,5.224000,4.612000,5.427000,1266.000000,-3050.000000,546.000000,-231.000000,495.000000,776.000000
184,1743685961382119,15.429300,-12.606800,12.941400,15.429300,12.470300,19.157900,5.462000,-4.887000,4.882000,5.311000,4.776000,5.685000,1258.000000,-3481.000000,490.000000,1987.000000,387.000000,698.000000
187,1743685961389860,15.914700,-12.952500,13.301400,15.914700,12.810200,19.975599,5.646000,-5.022000,5.100000,5.601000,4.979000,5.966000,650.000000,-3141.000000,-167.000000,-1021.000000,36.000000,547.000000
189,1743685961393288,16.238300,-13.182900,13.541400,16.238300,13.036900,20.530001,5.646000,-5.022000,5.100000,5.601000,4.979000,5.966000,650.000000,-3141.000000,-167.000000,-1021.000000,36.000000,547.000000
191,1743685961398822,16.561899,-13.413400,13.781300,16.561899,13.263500,21.091600,6.053000,-5.350000,5.449000,6.008000,5.316000,6.457000,149.000000,-2625.000000,-554.000000,-678.000000,60.000000,497.000000
193,1743685961403281,16.885500,-13.643800,14.021300,16.885500,13.490200,21.660200,6.255000,-5.509000,5.609000,6.155000,5.517000,6.751000,585.000000,-3033.000000,-306.000000,1178.000000,184.000000,412.000000
196,1743685961408951,17.370899,-13.989500,14.381300,17.370899,13.830200,22.525999,6.519000,-5.741000,5.767000,6.428000,5.664000,6.950000,902.000000,-3073.000000,-226.000000,0.000000,301.000000,654.000000
199,1743685961415583,17.856300,-14.335200,14.741200,17.856300,14.170100,23.406700,6.692000,-5.870000,5.965000,6.623000,5.869000,7.235000,1253.000000,-3518.000000,54.000000,1521.000000,298.000000,890.000000
201,1743685961420056,18.179899,-14.565600,14.981200,18.179899,14.396800,24.001801,6.692000,-5.870000,5.965000,6.623000,5.869000,7.235000,1253.000000,-3518.000000,54.000000,1521.000000,298.000000,890.000000
203,1743685961424590,18.503500,-14.796100,15.221200,18.503500,14.623400,24.603300,7.293000,-6.189000,6.317000,7.115000,6.219000,7.830000,341.000000,-2867.000000,-383.000000,927.000000,222.000000,561.000000
205,1743685961429139,18.827101,-15.026500,15.461200,18.827101,14.850100,25.210699,7.433000,-6.391000,6.528000,7.439000,6.409000,8.165000,187.000000,-2567.000000,-542.000000,-803.000000,31.000000,393.000000
208,1743685961434732,19.312500,-15.372200,15.821100,19.312500,15.190100,26.132999,7.719000,-6.606000,6.671000,7.558000,6.545000,8.381000,276.000000,-2920.000000,-230.000000,789.000000,252.000000,461.000000
211,1743685961441431,19.797800,-15.717900,16.181101,19.797800,15.530100,27.068100,7.857000,-6.742000,6.884000,7.840000,6.725000,8.724000,302.000000,-3120.000000,-226.000000,-503.000000,151.000000,623.000000
213,1743685961445833,20.121401,-15.948300,16.421000,20.121401,15.756700,27.698299,7.857000,-6.742000,6.884000,7.840000,6.725000,8.724000,302.000000,-3120.000000,-226.000000,-503.000000,151.000000,623.000000
215,1743685961450226,20.445000,-16.178801,16.660999,20.445000,15.983400,28.333799,8.349000,-7.175000,7.251000,8.286000,7.043000,9.316000,925.000000,-3107.000000,300.000000,373.000000,319.000000,643.000000
218,1743685961455694,20.930401,-16.524401,17.021000,20.930401,16.323299,29.296600,8.532000,-7.318000,7.490000,8.569000,7.215000,9.743000,395.000000,-2584.000000,-371.000000,1288.000000,147.000000,437.000000
220,1743685961460205,21.254000,-16.754900,17.261000,21.254000,16.549999,29.944599,8.830000,-7.524000,7.696000,8.878000,7.419000,10.140000,350.000000,-2812.000000,-748.000000,-818.000000,164.000000,460.000000
223,1743685961466851,21.739401,-17.100599,17.620899,21.739401,16.889999,30.925400,9.017000,-7.665000,7.838000,9.051000,7.559000,10.379000,201.000000,-2798.000000,-616.000000,1450.000000,248.000000,172.000000
225,1743685961471399,22.063000,-17.330999,17.860901,22.063000,17.116600,31.584900,9.017000,-7.665000,7.838000,9.051000,7.559000,10.379000,201.000000,-2798.000000,-616.000000,1450.000000,248.000000,172.000000
227,1743685961476979,22.386600,-17.561501,18.100901,22.386600,17.343300,32.248699,9.519000,-8.033000,8.209000,9.602000,7.978000,11.186000,1264.000000,-3453.000000,164.000000,1554.000000,380.000000,848.000000
229,1743685961481472,22.710199,-17.791901,18.340799,22.710199,17.569901,32.916698,9.867000,-8.297000,8.466000,9.885000,8.146000,11.423000,735.000000,-2817.000000,350.000000,1092.000000,214.000000,739.000000
232,1743685961487078,23.195601,-18.137600,18.700800,23.195601,17.909901,33.926102,10.062000,-8.426000,8.624000,10.107000,8.353000,11.884000,440.000000,-2803.000000,17.000000,-228.000000,189.000000,442.000000
235,1743685961493650,23.681000,-18.483299,19.060801,23.681000,18.249901,34.943901,10.372000,-8.642000,8.826000,10.375000,8.570000,12.311000,121.000000,-2896.000000,-224.000000,1304.000000,302.000000,504.000000
237,1743685961498093,24.004601,-18.713699,19.300699,24.004601,18.476500,35.626999,10.372000,-8.642000,8.826000,10.375000,8.570000,12.311000,121.000000,-2896.000000,-224.000000,1304.000000,302.000000,504.000000
239,1743685961502606,24.328199,-18.944201,19.540701,24.328199,18.703199,36.313301,10.932000,-9.023000,9.246000,10.935000,8.860000,12.918000,545.000000,-2846.000000,-206.000000,1110.000000,374.000000,731.000000
242,1743685961508195,24.813601,-19.289801,19.900700,24.813601,19.043200,37.348801,11.226000,-9.177000,9.404000,11.138000,9.063000,13.381000,981.000000,-3141.000000,21.000000,-656.000000,141.000000,446.000000
244,1743685961512667,25.137199,-19.520300,20.140600,25.137199,19.269800,38.042900,11.418000,-9.396000,9.643000,11.412000,9.213000,13.635000,327.000000,-2618.000000,-405.000000,853.000000,221.000000,521.000000
247,1743685961519326,25.622601,-19.865999,20.500601,25.622601,19.609800,39.089199,11.699000,-9.595000,9.793000,11.600000,9.413000,14.120000,292.000000,-2654.000000,-121.000000,-583.000000,139.000000,324.000000
250,1743685961524856,26.108000,-20.211599,20.860600,26.108000,19.949800,40.141300,11.920000,-9.762000,10.025000,11.955000,9.548000,14.414000,247.000000,-2841.000000,-151.000000,-419.000000,41.000000,343.000000
252,1743685961529238,26.431499,-20.442101,21.100500,26.431499,20.176399,40.845600,12.198000,-9.971000,10.229000,12.106000,9.797000,14.953000,980.000000,-3209.000000,618.000000,764.000000,343.000000,980.000000
254,1743685961534697,26.755100,-20.672501,21.340500,26.755100,20.403099,41.552101,12.406000,-10.126000,10.384000,12.421000,10.033000,15.284000,1359.000000,-3509.000000,459.000000,-401.000000,184.000000,998.000000
256,1743685961539079,27.078699,-20.903000,21.580500,27.078699,20.629700,42.260601,12.730000,-10.360000,10.629000,12.729000,10.193000,15.799000,300.000000,-2980.000000,-585.000000,1176.000000,197.000000,605.000000
259,1743685961545611,27.564100,-21.248699,21.940399,27.564100,20.969700,43.326698,13.044000,-10.588000,10.862000,13.043000,10.435000,16.318001,333.000000,-3021.000000,-652.000000,619.000000,-85.000000,468.000000
261,1743685961550007,27.887699,-21.479099,22.180401,27.887699,21.196301,44.039398,13.044000,-10.588000,10.862000,13.043000,10.435000,16.318001,333.000000,-3021.000000,-652.000000,619.000000,-85.000000,468.000000
263,1743685961554430,28.211300,-21.709600,22.420401,28.211300,21.423000,44.753700,13.542000,-10.936000,11.243000,13.537000,10.787000,17.122000,1062.000000,-3160.000000,238.000000,1432.000000,290.000000,1141.000000
266,1743685961560009,28.696699,-22.055201,22.780300,28.696699,21.763000,45.827301,13.840000,-11.169000,11.386000,13.790000,10.976000,17.684999,825.000000,-3262.000000,310.000000,-179.000000,234.000000,796.000000
268,1743685961564499,29.020300,-22.285700,23.020300,29.020300,21.989599,46.544399,14.077000,-11.317000,11.635000,14.081000,11.119000,18.065001,374.000000,-2871.000000,-42.000000,1081.000000,275.000000,313.000000
271,1743685961571139,29.505699,-22.631399,23.380301,29.505699,22.329599,47.621700,14.387000,-11.534000,11.869000,14.375000,11.318000,18.601000,247.000000,-2611.000000,-358.000000,347.000000,135.000000,388.000000
273,1743685961575584,29.829300,-22.861799,23.620300,29.829300,22.556299,48.340698,14.387000,-11.534000,11.869000,14.375000,11.318000,18.601000,247.000000,-2611.000000,-358.000000,347.000000,135.000000,388.000000
275,1743685961580091,30.152901,-23.092300,23.860201,30.152901,22.782900,49.060200,14.690000,-11.681000,12.028000,14.595000,11.516000,19.158001,245.000000,-2776.000000,-357.000000,467.000000,160.000000,432.000000
278,1743685961585597,30.638300,-23.437901,24.220200,30.638300,23.122900,50.139999,15.114000,-12.112000,12.443000,15.144000,11.906000,20.146999,680.000000,-2936.000000,159.000000,-168.000000,142.000000,553.000000
280,1743685961591142,30.961901,-23.668400,24.460199,30.961901,23.349501,50.860001,15.114000,-12.112000,12.443000,15.144000,11.906000,20.146999,680.000000,-2936.000000,159.000000,-168.000000,142.000000,553.000000
283,1743685961597740,31.447300,-24.014099,24.820101,31.447300,23.689501,51.939999,15.621000,-12.477000,12.823000,15.667000,12.284000,21.132000,211.000000,-2761.000000,-181.000000,-746.000000,220.000000,389.000000
285,1743685961602219,31.770901,-24.244499,25.060101,31.770901,23.916201,52.660000,15.621000,-12.477000,12.823000,15.667000,12.284000,21.132000,211.000000,-2761.000000,-181.000000,-746.000000,220.000000,389.000000
287,1743685961606709,32.094501,-24.475000,25.300100,32.094501,24.142799,53.380001,15.945000,-12.702000,13.053000,15.993000,12.516000,21.677999,449.000000,-2784.000000,326.000000,588.000000,372.000000,1233.000000
289,1743685961611174,32.418098,-24.705400,25.540001,32.418098,24.369499,54.099998,16.511999,-13.138000,13.505000,16.579000,12.891000,22.629000,1244.000000,-3401.000000,303.000000,-327.000000,439.000000,795.000000
292,1743685961616715,32.903400,-25.051100,25.900000,32.903400,24.709400,55.180000,16.511999,-13.138000,13.505000,16.579000,12.891000,22.629000,1244.000000,-3401.000000,303.000000,-327.000000,439.000000,795.000000
295,1743685961623368,33.388802,-25.396799,26.260000,33.388802,25.049400,56.259998,16.848000,-13.373000,13.774000,16.903000,13.128000,23.281000,360.000000,-2668.000000,-696.000000,510.000000,325.000000,489.000000
297,1743685961627837,33.712399,-25.627199,26.499901,33.712399,25.276100,56.980000,17.076000,-13.526000,13.941000,17.072001,13.348000,23.856001,318.000000,-2578.000000,-359.000000,194.000000,160.000000,484.000000
299,1743685961632245,34.035999,-25.857599,26.739901,34.035999,25.502701,57.700001,17.639000,-13.908000,14.356000,17.625999,13.705000,24.912001,510.000000,-3174.000000,120.000000,1237.000000,303.000000,1043.000000
302,1743685961637728,34.521400,-26.203300,27.099899,34.521400,25.842699,58.779999,17.639000,-13.908000,14.356000,17.625999,13.705000,24.912001,510.000000,-3174.000000,120.000000,1237.000000,303.000000,1043.000000
304,1743685961643300,34.845001,-26.433800,27.339800,34.845001,26.069401,59.500000,18.329000,-14.371000,14.805000,18.344999,14.096000,26.021999,237.000000,-2778.000000,-271.000000,-455.000000,170.000000,595.000000
307,1743685961648911,35.330399,-26.779400,27.699800,35.330399,26.409300,60.580002,18.329000,-14.371000,14.805000,18.344999,14.096000,26.021999,237.000000,-2778.000000,-271.000000,-455.000000,170.000000,595.000000
309,1743685961653408,35.653999,-27.009899,27.939800,35.653999,26.636000,61.299999,18.656000,-14.620000,15.052000,18.525000,14.346000,26.677000,210.000000,-2941.000000,-648.000000,374.000000,212.000000,580.000000
311,1743685961659014,35.977600,-27.240299,28.179800,35.977600,26.862600,62.020000,19.138000,-14.956000,15.409000,19.099001,14.758000,27.820999,1258.000000,-3308.000000,430.000000,1482.000000,652.000000,1277.000000
314,1743685961663504,36.463001,-27.586000,28.539700,36.463001,27.202600,63.099998,19.365999,-15.115000,15.559000,19.326000,14.924000,28.263000,889.000000,-3018.000000,176.000000,-318.000000,116.000000,753.000000
316,1743685961669065,36.786598,-27.816500,28.779699,36.786598,27.429300,63.820000,19.712999,-15.364000,15.827000,19.671000,15.180000,28.952999,292.000000,-2563.000000,-54.000000,-99.000000,323.000000,568.000000
319,1743685961674821,37.271999,-28.162100,29.139601,37.271999,27.769199,64.900002,20.000999,-15.533000,15.998000,19.858999,15.335000,29.402000,230.000000,-2324.000000,-73.000000,597.000000,183.000000,581.000000
321,1743685961679322,37.595600,-28.392599,29.379601,37.595600,27.995899,65.620003,20.000999,-15.533000,15.998000,19.858999,15.335000,29.402000,230.000000,-2324.000000,-73.000000,597.000000,183.000000,581.000000
323,1743685961684906,37.919201,-28.622999,29.619600,37.919201,28.222601,66.339996,20.562000,-16.059000,16.552000,20.618000,15.709000,30.650000,1537.000000,-3628.000000,733.000000,8.000000,589.000000,1465.000000
325,1743685961689380,38.242802,-28.853500,29.859600,38.242802,28.449200,67.059998,20.788000,-16.226000,16.730000,20.802000,15.854000,31.120001,977.000000,-2742.000000,-313.000000,1020.000000,440.000000,838.000000
328,1743685961694957,38.728199,-29.199200,30.219500,38.728199,28.789200,68.139999,21.141001,-16.478001,16.979000,21.132999,16.115999,31.853001,148.000000,-2834.000000,116.000000,-18.000000,192.000000,349.000000
331,1743685961701571,39.213600,-29.544800,30.579500,39.213600,29.129200,69.220001,21.438999,-16.688000,17.190001,21.437000,16.389999,32.629002,268.000000,-2976.000000,-369.000000,67.000000,133.000000,433.000000
333,1743685961706033,39.537102,-29.775299,30.819500,39.537102,29.355801,69.940002,21.438999,-16.688000,17.190001,21.437000,16.389999,32.629002,268.000000,-2976.000000,-369.000000,67.000000,133.000000,433.000000
335,1743685961710485,39.860699,-30.005699,31.059401,39.860699,29.582500,70.660004,22.037001,-17.076000,17.611000,22.027000,16.818001,33.856998,686.000000,-3128.000000,38.000000,-241.000000,337.000000,646.000000
338,1743685961716075,40.346100,-30.351400,31.419399,40.346100,29.922400,71.739998,22.348000,-17.339001,17.886999,22.412001,17.037001,34.382999,1015.000000,-3213.000000,361.000000,56.000000,502.000000,1145.000000
340,1743685961720551,40.669701,-30.581900,31.659401,40.669701,30.149099,72.459999,22.348000,-17.339001,17.886999,22.412001,17.037001,34.382999,1015.000000,-3213.000000,361.000000,56.000000,502.000000,1145.000000
343,1743685961727227,41.155102,-30.927500,32.019299,41.155102,30.489100,73.540001,22.962000,-17.785000,18.344000,22.982000,17.554001,35.626999,162.000000,-2778.000000,-167.000000,265.000000,189.000000,469.000000
345,1743685961731687,41.478699,-31.158001,32.259300,41.478699,30.715700,74.260002,22.962000,-17.785000,18.344000,22.982000,17.554001,35.626999,162.000000,-2778.000000,-167.000000,265.000000,189.000000,469.000000
348,1743685961737215,41.964100,-31.503700,32.619301,41.964100,31.055700,75.339996,23.540001,-18.176001,18.740000,23.479000,17.947001,36.962002,169.000000,-2533.000000,-92.000000,477.000000,445.000000,595.000000
350,1743685961741625,42.287701,-31.734100,32.859200,42.287701,31.282301,76.059998,23.929001,-18.469999,19.028000,23.885000,18.079000,37.606998,1605.000000,-3675.000000,624.000000,631.000000,503.000000,1441.000000
352,1743685961747099,42.611301,-31.964600,33.099201,42.611301,31.509001,76.779999,24.318001,-18.740999,19.296000,24.292000,18.319000,38.395000,583.000000,-2800.000000,-328.000000,-216.000000,179.000000,569.000000
355,1743685961753600,43.096699,-32.310200,33.459202,43.096699,31.849001,77.860001,24.570000,-18.914000,19.483999,24.566000,18.483000,38.938999,353.000000,-2551.000000,-390.000000,676.000000,193.000000,531.000000
357,1743685961757975,43.420300,-32.540699,33.699100,43.420300,32.075600,78.580002,24.570000,-18.914000,19.483999,24.566000,18.483000,38.938999,353.000000,-2551.000000,-390.000000,676.000000,193.000000,531.000000
359,1743685961762368,43.743900,-32.771099,33.939098,43.743900,32.302299,79.300003,25.247000,-19.315001,19.912001,25.132000,19.013000,40.365002,201.000000,-2542.000000,-256.000000,-65.000000,166.000000,542.000000
362,1743685961767875,44.229301,-33.116798,34.299099,44.229301,32.642300,80.379997,25.561001,-19.614000,20.223000,25.518999,19.235001,40.976002,409.000000,-2838.000000,191.000000,307.000000,373.000000,698.000000
364,1743685961772331,44.552898,-33.347301,34.539101,44.552898,32.868900,81.099998,25.785999,-19.783001,20.410999,25.738001,19.493000,41.721001,192.000000,-2347.000000,-172.000000,541.000000,133.000000,598.000000
367,1743685961778985,45.038300,-33.692902,34.898998,45.038300,33.208900,82.180000,26.107000,-20.045000,20.698000,26.070000,19.677000,42.235001,216.000000,-2548.000000,-252.000000,-106.000000,388.000000,475.000000
369,1743685961783497,45.361900,-33.923401,35.139000,45.361900,33.435501,82.900002,26.107000,-20.045000,20.698000,26.070000,19.677000,42.235001,216.000000,-2548.000000,-252.000000,-106.000000,388.000000,475.000000
371,1743685961789113,45.685501,-34.153801,35.379002,45.685501,33.662201,83.620003,26.688000,-20.462999,21.129000,26.670000,20.114000,43.522999,1198.000000,-3025.000000,851.000000,1362.000000,700.000000,1018.000000
374,1743685961793603,46.170799,-34.499500,35.738899,46.170799,34.002201,84.699997,26.992001,-20.650000,21.330000,26.996000,20.304001,44.362000,1796.000000,-3714.000000,837.000000,90.000000,552.000000,1234.000000
376,1743685961799103,46.494400,-34.730000,35.978901,46.494400,34.228802,85.419998,27.334999,-20.934000,21.618999,27.424000,20.607000,45.182999,687.000000,-2741.000000,7.000000,-151.000000,205.000000,553.000000
379,1743685961805668,46.979801,-35.075600,36.338902,46.979801,34.568802,86.500000,27.605000,-21.118000,21.830999,27.641001,20.777000,45.748001,301.000000,-2758.000000,-455.000000,781.000000,278.000000,645.000000
381,1743685961810118,47.303398,-35.306099,36.578800,47.303398,34.795399,87.220001,27.954000,-21.386999,22.115000,27.995001,21.058001,46.521999,226.000000,-2919.000000,-329.000000,114.000000,236.000000,487.000000
383,1743685961814609,47.626999,-35.536499,36.818802,47.626999,35.022099,87.940002,28.414000,-21.707001,22.346001,28.315001,21.288000,47.187000,35.000000,-2633.000000,-334.000000,-49.000000,306.000000,560.000000
385,1743685961819165,47.950600,-35.766998,37.058800,47.950600,35.248798,88.660004,28.667999,-21.871000,22.625999,28.656000,21.579000,47.939999,519.000000,-2945.000000,36.000000,567.000000,384.000000,606.000000
388,1743685961824735,48.436001,-36.112701,37.418701,48.436001,35.588699,89.739998,29.041000,-22.136000,22.879999,29.004999,21.750999,48.435001,105.000000,-2679.000000,-104.000000,759.000000,180.000000,713.000000
391,1743685961831437,48.921398,-36.458302,37.778702,48.921398,35.928699,90.820000,29.360001,-22.398001,23.145000,29.358999,22.011000,49.254002,142.000000,-2302.000000,-335.000000,742.000000,267.000000,570.000000
393,1743685961835998,49.244999,-36.688801,38.018700,49.244999,36.155399,91.540001,29.360001,-22.398001,23.145000,29.358999,22.011000,49.254002,142.000000,-2302.000000,-335.000000,742.000000,267.000000,570.000000
395,1743685961840439,49.568600,-36.919201,38.258598,49.568600,36.382000,92.260002,29.922001,-22.839001,23.582001,30.003000,22.399000,50.515999,1100.000000,-2670.000000,642.000000,917.000000,655.000000,1105.000000
398,1743685961845927,50.054001,-37.264900,38.618599,50.054001,36.722000,93.339996,30.333000,-23.014999,23.750999,30.197001,22.618999,51.258999,660.000000,-3049.000000,483.000000,444.000000,336.000000,854.000000
400,1743685961850380,50.377602,-37.495300,38.858601,50.377602,36.948601,94.059998,30.618000,-23.284000,24.025000,30.594000,22.766001,51.862000,127.000000,-2500.000000,-64.000000,-162.000000,405.000000,522.000000
403,1743685961856970,50.862999,-37.841000,39.218498,50.862999,37.288601,95.139999,30.993000,-23.565001,24.222000,30.827000,23.065001,52.641998,233.000000,-2484.000000,295.000000,730.000000,406.000000,449.000000
405,1743685961861449,51.186600,-38.071499,39.458500,51.186600,37.515301,95.860001,30.993000,-23.565001,24.222000,30.827000,23.065001,52.641998,233.000000,-2484.000000,295.000000,730.000000,406.000000,449.000000
407,1743685961866998,51.510201,-38.301899,39.698502,51.510201,37.741901,96.580002,31.615000,-23.987000,24.785000,31.448999,23.497000,53.908001,1092.000000,-3189.000000,378.000000,-138.000000,297.000000,1087.000000
409,1743685961871522,51.833801,-38.532398,39.938499,51.833801,37.968601,97.300003,31.957001,-24.253000,24.966000,31.823000,23.719999,54.740002,985.000000,-2827.000000,501.000000,389.000000,528.000000,848.000000
412,1743685961877157,52.319199,-38.877998,40.298401,52.319199,38.308601,98.379997,32.228001,-24.438999,25.259001,32.213001,24.013000,55.549999,426.000000,-2446.000000,-72.000000,567.000000,255.000000,614.000000
414,1743685961882790,52.642700,-39.108501,40.538399,52.642700,38.535198,99.099998,32.622002,-24.709000,25.444000,32.438000,24.247999,56.091999,-27.000000,-2469.000000,75.000000,184.000000,448.000000,514.000000
417,1743685961888261,53.128101,-39.454201,40.898300,53.128101,38.875198,100.180000,32.622002,-24.709000,25.444000,32.438000,24.247999,56.091999,-27.000000,-2469.000000,75.000000,184.000000,448.000000,514.000000
419,1743685961892649,53.451698,-39.684601,41.138302,53.451698,39.101799,100.900002,33.143002,-25.101000,25.948000,33.110001,24.698000,57.639000,987.000000,-3365.000000,569.000000,1186.000000,423.000000,1014.000000
422,1743685961898148,53.937099,-40.030300,41.498299,53.937099,39.441799,101.980003,33.457001,-25.337999,26.184000,33.417000,24.870001,58.188999,930.000000,-3090.000000,-34.000000,446.000000,520.000000,807.000000
424,1743685961902603,54.260700,-40.260700,41.738300,54.260700,39.668499,102.699997,33.847000,-25.603001,26.457001,33.787998,25.068001,58.730999,126.000000,-2993.000000,4.000000,128.000000,450.000000,399.000000
427,1743685961909328,54.746101,-40.606400,42.098202,54.746101,40.008400,103.779999,34.202999,-25.861000,26.743000,34.196999,25.361000,59.567001,153.000000,-2518.000000,-333.000000,-128.000000,193.000000,529.000000
429,1743685961914879,55.069698,-40.836899,42.338200,55.069698,40.235100,104.500000,34.578999,-26.136000,26.930000,34.469002,25.635000,60.426998,211.000000,-2338.000000,-69.000000,853.000000,374.000000,514.000000
431,1743685961919339,55.393299,-41.067299,42.578201,55.393299,40.461700,105.220001,34.752998,-26.283001,27.167000,34.737999,25.889000,61.068001,517.000000,-2495.000000,190.000000,602.000000,467.000000,1158.000000
434,1743685961924920,55.878700,-41.412998,42.938099,55.878700,40.801701,106.300003,35.249001,-26.663000,27.461000,35.070999,26.146000,61.889999,774.000000,-2356.000000,679.000000,216.000000,220.000000,736.000000
436,1743685961929373,56.202301,-41.643398,43.178101,56.202301,41.028400,107.019997,35.537998,-26.819000,27.764999,35.506001,26.283001,62.397999,157.000000,-2141.000000,-127.000000,-5.000000,304.000000,486.000000
438,1743685961934860,56.525902,-41.873901,43.538101,56.687698,41.368301,108.099998,35.946999,-27.093000,27.927999,35.773998,26.548000,63.220001,108.000000,-2148.000000,56.000000,730.000000,512.000000,516.000000
441,1743685961939269,57.011299,-42.219601,43.778000,57.011299,41.595001,108.820000,35.946999,-27.093000,27.927999,35.773998,26.548000,63.220001,108.000000,-2148.000000,56.000000,730.000000,512.000000,516.000000
443,1743685961944818,57.334900,-42.450001,44.018002,57.334900,41.821701,109.540001,36.634998,-27.600000,28.517000,36.507000,27.004999,64.584000,936.000000,-3141.000000,245.000000,875.000000,391.000000,1075.000000
445,1743685961949314,57.658501,-42.680500,44.257999,57.658501,42.048302,110.260002,36.877998,-27.768999,28.707001,36.838001,27.159000,65.317001,855.000000,-2734.000000,531.000000,153.000000,414.000000,820.000000
448,1743685961954870,58.143902,-43.026100,44.617901,58.143902,42.388302,111.339996,37.284000,-27.966999,28.929001,37.067001,27.474001,66.170998,189.000000,-2372.000000,284.000000,563.000000,603.000000,436.000000
450,1743685961959344,58.467499,-43.256599,44.857899,58.467499,42.614899,112.059998,37.554001,-28.230000,29.225000,37.431000,27.774000,66.927002,208.000000,-2209.000000,-386.000000,388.000000,234.000000,499.000000
452,1743685961964918,58.791100,-43.487000,45.097900,58.791100,42.841599,112.779999,38.007999,-28.487000,29.481001,37.813000,27.912001,67.490997,47.000000,-2031.000000,-141.000000,99.000000,89.000000,436.000000
454,1743685961969333,59.114601,-43.717499,45.337898,59.114601,43.068199,113.500000,38.248001,-28.722000,29.724001,38.161999,28.141001,68.174004,965.000000,-2842.000000,823.000000,216.000000,789.000000,1185.000000
457,1743685961974822,59.599998,-44.063202,45.697800,59.599998,43.408199,114.580002,38.535000,-28.968000,29.983999,38.530998,28.409000,68.882004,915.000000,-2826.000000,270.000000,898.000000,388.000000,755.000000
459,1743685961979243,59.923599,-44.293598,45.937801,59.923599,43.634899,115.300003,38.931999,-29.257000,30.278000,38.908001,28.729000,69.742996,301.000000,-2554.000000,-442.000000,822.000000,434.000000,603.000000
462,1743685961984744,60.409000,-44.639301,46.297798,60.409000,43.974800,116.379997,39.203999,-29.440001,30.458000,39.151001,28.997000,70.587997,22.000000,-2574.000000,-243.000000,79.000000,105.000000,442.000000
464,1743685961990262,60.732601,-44.869701,46.537701,60.732601,44.201500,117.099998,39.203999,-29.440001,30.458000,39.151001,28.997000,70.587997,22.000000,-2574.000000,-243.000000,79.000000,105.000000,442.000000
467,1743685961995836,61.217999,-45.215401,46.897701,61.217999,44.541500,118.180000,39.997002,-30.025000,31.032000,39.917000,29.377001,72.043999,523.000000,-2569.000000,476.000000,306.000000,556.000000,775.000000
469,1743685962000315,61.541599,-45.445900,47.137699,61.541599,44.768101,118.900002,40.250999,-30.201000,31.216000,40.186001,29.653999,72.832001,1060.000000,-2840.000000,872.000000,1072.000000,713.000000,1191.000000
471,1743685962005942,61.865200,-45.676300,47.377602,61.865200,44.994801,119.620003,40.638000,-30.496000,31.541000,40.582001,29.847000,73.464996,385.000000,-2207.000000,261.000000,338.000000,443.000000,538.000000
473,1743685962010527,62.188801,-45.906799,47.617599,62.188801,45.221401,120.339996,41.020000,-30.804001,31.864000,40.999001,30.160999,74.360001,37.000000,-2239.000000,-293.000000,480.000000,485.000000,548.000000
477,1743685962017178,62.835999,-46.367699,48.097599,62.835999,45.674702,121.779999,41.020000,-30.804001,31.864000,40.999001,30.160999,74.360001,37.000000,-2239.000000,-293.000000,480.000000,485.000000,548.000000
479,1743685962021592,63.159599,-46.598099,48.337502,63.159599,45.901402,122.500000,41.646999,-31.232000,32.312000,41.643002,30.708000,75.959999,29.000000,-1992.000000,71.000000,773.000000,326.000000,517.000000
481,1743685962027091,63.483200,-46.828602,48.577499,63.483200,46.127998,123.220001,41.978001,-31.452999,32.542000,41.893002,30.936001,76.700996,537.000000,-2338.000000,310.000000,256.000000,418.000000,788.000000
483,1743685962031564,63.806801,-47.058998,48.817501,63.806801,46.354698,123.940002,42.381001,-31.746000,32.839001,42.286999,31.174999,77.568001,220.000000,-2197.000000,160.000000,77.000000,234.000000,513.000000
486,1743685962037185,64.292198,-47.404701,49.177399,64.292198,46.694698,125.019997,42.794998,-32.040001,33.125000,42.689999,31.353001,78.082001,-35.000000,-2149.000000,-90.000000,-72.000000,472.000000,558.000000
488,1743685962042755,64.615799,-47.635101,49.417400,64.615799,46.921299,125.739998,43.060001,-32.202999,33.287998,42.967999,31.610001,78.934998,23.000000,-2082.000000,203.000000,734.000000,427.000000,504.000000
490,1743685962047333,64.939400,-47.865601,49.657398,64.939400,47.147999,126.459999,43.464001,-32.490002,33.598999,43.345001,31.792999,79.476997,726.000000,-2460.000000,969.000000,1267.000000,765.000000,1145.000000
493,1743685962052949,65.424797,-48.211201,50.017300,65.424797,47.487900,127.540001,43.832001,-32.796001,33.923000,43.617001,32.099998,80.363998,678.000000,-2810.000000,71.000000,252.000000,438.000000,781.000000
495,1743685962057401,65.748299,-48.441700,50.257301,65.748299,47.714600,128.259995,44.092999,-32.990002,34.123001,44.019001,32.389999,81.241997,90.000000,-2302.000000,-75.000000,121.000000,268.000000,500.000000
498,1743685962062905,66.233704,-48.787399,50.617298,66.233704,48.054600,129.339996,44.511002,-33.265999,34.417999,44.416000,32.654999,82.139999,97.000000,-1817.000000,212.000000,342.000000,568.000000,482.000000
500,1743685962068487,66.557297,-49.017799,50.857300,66.557297,48.281200,130.059998,44.776001,-33.453999,34.616001,44.686001,32.868000,82.655998,181.000000,-2069.000000,230.000000,790.000000,508.000000,620.000000
503,1743685962074097,67.042702,-49.363499,51.217201,67.042702,48.621201,131.139999,45.240002,-33.748001,34.847000,45.011002,33.169998,83.371002,830.000000,-2543.000000,508.000000,179.000000,596.000000,977.000000
505,1743685962078579,67.366302,-49.593899,51.457199,67.366302,48.847900,131.860001,45.497002,-33.938000,35.112000,45.412998,33.416000,84.266998,1262.000000,-2848.000000,800.000000,373.000000,560.000000,1145.000000
507,1743685962084248,67.689903,-49.824402,51.697201,67.689903,49.074501,132.580002,45.855999,-34.230000,35.432999,45.693001,33.529999,84.874001,915.000000,-2406.000000,117.000000,884.000000,511.000000,977.000000
510,1743685962088765,68.175301,-50.170101,52.057098,68.175301,49.414501,133.660004,46.132000,-34.431000,35.652000,46.085999,33.835999,85.786003,345.000000,-2599.000000,108.000000,649.000000,737.000000,618.000000
512,1743685962094401,68.498901,-50.400501,52.297100,68.498901,49.641102,134.380005,46.561001,-34.742001,35.972000,46.479000,34.186001,86.700996,-15.000000,-2360.000000,-162.000000,620.000000,290.000000,647.000000
515,1743685962099920,68.984299,-50.746201,52.657101,68.984299,49.981098,135.460007,46.983002,-35.030998,36.285999,46.905998,34.334999,87.341003,-82.000000,-2087.000000,53.000000,448.000000,231.000000,553.000000
517,1743685962104424,69.307899,-50.976601,52.896999,69.307899,50.207802,136.179993,47.377998,-35.320999,36.568001,47.313999,34.599998,88.166000,544.000000,-2214.000000,678.000000,367.000000,622.000000,769.000000
519,1743685962110004,69.631500,-51.207100,53.137001,69.631500,50.434399,136.899994,47.646000,-35.527000,36.769001,47.629002,34.811001,88.758003,41.000000,-1782.000000,216.000000,217.000000,333.000000,511.000000
521,1743685962114498,69.955101,-51.437500,53.376999,69.955101,50.661098,137.619995,48.028999,-35.818001,37.055000,47.861000,35.076000,89.649002,-36.000000,-1632.000000,263.000000,793.000000,336.000000,622.000000
525,1743685962121181,70.602303,-51.898399,53.856899,70.602303,51.114399,139.059998,48.313000,-36.014000,37.256001,48.245998,35.242001,90.205002,13.000000,-1836.000000,311.000000,702.000000,511.000000,416.000000
527,1743685962125639,70.925903,-52.128899,54.096901,70.925903,51.341000,139.779999,48.723000,-36.213001,37.455002,48.506001,35.530998,91.079002,202.000000,-1910.000000,40.000000,63.000000,591.000000,581.000000
529,1743685962131138,71.249496,-52.359299,54.336899,71.249496,51.567699,140.500000,49.066002,-36.547001,37.801998,48.957001,35.768002,91.837997,1035.000000,-2781.000000,716.000000,418.000000,536.000000,1089.000000
531,1743685962135533,71.573097,-52.589802,54.576801,71.573097,51.794300,141.220001,49.463001,-36.824001,38.005001,49.294998,36.071999,92.726997,147.000000,-1904.000000,275.000000,645.000000,494.000000,686.000000
534,1743685962141082,72.058502,-52.935501,54.936798,72.058502,52.134300,142.300003,49.751999,-37.016998,38.327999,49.661999,36.391998,93.555000,125.000000,-1892.000000,224.000000,711.000000,518.000000,625.000000
536,1743685962146625,72.382004,-53.165901,55.176800,72.382004,52.361000,143.020004,50.159000,-37.282001,38.534000,49.945999,36.554001,94.151001,-47.000000,-1613.000000,-46.000000,104.000000,317.000000,520.000000
538,1743685962151114,72.705597,-53.396400,55.416801,72.705597,52.587601,143.740005,50.419998,-37.464001,38.823002,50.355000,36.834999,94.990997,3.000000,-1690.000000,-43.000000,-69.000000,352.000000,461.000000
541,1743685962156719,73.191002,-53.742001,55.776699,73.191002,52.927601,144.820007,50.786999,-37.757000,39.104000,50.748001,37.111000,95.905998,1022.000000,-2453.000000,1408.000000,510.000000,852.000000,1014.000000
543,1743685962161236,73.514603,-53.972500,56.016701,73.514603,53.154202,145.539993,51.167000,-38.063000,39.417000,51.132999,37.323002,96.519997,259.000000,-2201.000000,300.000000,212.000000,637.000000,742.000000
546,1743685962166754,74.000000,-54.318199,56.376598,74.000000,53.494202,146.619995,51.442001,-38.257000,39.618999,51.376999,37.627998,97.370003,153.000000,-2028.000000,16.000000,461.000000,369.000000,528.000000
548,1743685962172309,74.323601,-54.548599,56.616600,74.323601,53.720901,147.339996,51.847000,-38.541000,39.921001,51.778999,37.792000,97.910004,-47.000000,-2084.000000,-462.000000,324.000000,356.000000,548.000000
551,1743685962177779,74.808998,-54.894299,56.976601,74.808998,54.060799,148.419998,52.271000,-38.801998,40.196999,52.082001,38.034000,98.846001,1138.000000,-2893.000000,1197.000000,629.000000,795.000000,1368.000000
553,1743685962182272,75.132599,-55.124699,57.216599,75.132599,54.287498,149.139999,52.595001,-39.056000,40.462002,52.571999,38.287998,99.584000,529.000000,-2276.000000,525.000000,172.000000,673.000000,788.000000
555,1743685962187932,75.456200,-55.355202,57.456501,75.456200,54.514099,149.860001,52.869999,-39.257999,40.672001,52.838001,38.612000,100.518997,126.000000,-1887.000000,186.000000,872.000000,349.000000,702.000000
557,1743685962192436,75.779800,-55.585602,57.696499,75.779800,54.740799,150.580002,53.283001,-39.553001,40.977001,53.215000,38.765999,101.135002,-5.000000,-1718.000000,256.000000,556.000000,359.000000,427.000000
560,1743685962198024,76.265198,-55.931301,58.056499,76.265198,55.080799,151.660004,53.691002,-39.859001,41.290001,53.485001,39.049999,101.999001,-223.000000,-1731.000000,46.000000,171.000000,648.000000,312.000000
562,1743685962202441,76.588799,-56.161800,58.296398,76.588799,55.307400,152.380005,54.036999,-40.101002,41.520000,53.952999,39.340000,102.754997,229.000000,-1900.000000,358.000000,291.000000,533.000000,462.000000
565,1743685962207952,77.074203,-56.507401,58.656399,77.074203,55.647400,153.460007,54.387001,-40.307999,41.737999,54.076000,39.515999,103.415001,792.000000,-2602.000000,1028.000000,1175.000000,678.000000,1412.000000
567,1743685962212389,77.397797,-56.737900,58.896400,77.397797,55.874100,154.179993,54.659000,-40.512001,41.937000,54.562000,39.804001,104.343002,219.000000,-1968.000000,322.000000,552.000000,555.000000,723.000000
569,1743685962217936,77.721397,-56.968300,59.136299,77.721397,56.100700,154.899994,55.082001,-40.818001,42.264999,54.966999,40.099998,105.283997,72.000000,-1630.000000,334.000000,697.000000,627.000000,521.000000
572,1743685962223566,78.206802,-57.313999,59.496300,78.206802,56.440701,155.979996,55.323002,-41.015999,42.469002,55.290001,40.294998,105.850998,-49.000000,-1542.000000,111.000000,75.000000,362.000000,541.000000
574,1743685962228128,78.530403,-57.544498,59.736301,78.530403,56.667301,156.699997,55.678001,-41.255001,42.716999,55.604000,40.542999,106.603996,45.000000,-1642.000000,158.000000,235.000000,506.000000,520.000000
576,1743685962233765,78.853897,-57.774899,59.976200,78.853897,56.894001,157.419998,56.178001,-41.610001,43.099998,56.096001,40.771000,107.377998,1160.000000,-2526.000000,1049.000000,977.000000,918.000000,1217.000000
578,1743685962238179,79.339302,-58.120602,60.336201,79.339302,57.234001,158.500000,56.597000,-41.823002,43.316002,56.340000,41.075001,108.196999,161.000000,-2059.000000,69.000000,496.000000,466.000000,667.000000
581,1743685962243680,79.662903,-58.351002,60.576199,79.662903,57.460602,159.220001,56.874001,-42.091999,43.627998,56.737999,41.251999,108.808998,-19.000000,-1578.000000,204.000000,325.000000,466.000000,550.000000
584,1743685962250259,80.148300,-58.696701,60.936100,80.148300,57.800598,160.300003,57.278999,-42.279999,43.803001,57.041000,41.525002,109.758003,-204.000000,-1614.000000,32.000000,211.000000,473.000000,426.000000
586,1743685962254643,80.471901,-58.927101,61.176102,80.471901,58.027199,161.020004,57.553001,-42.562000,44.095001,57.444000,41.824001,110.629997,21.000000,-1636.000000,286.000000,456.000000,511.000000,618.000000
589,1743685962260072,80.957298,-59.272800,61.536098,80.957298,58.367199,162.100006,58.013000,-42.908001,44.294998,57.696999,42.043999,111.403999,1258.000000,-2400.000000,998.000000,1027.000000,833.000000,1394.000000
591,1743685962264435,81.280899,-59.503300,61.776001,81.280899,58.593899,162.820007,58.292000,-43.118000,44.674999,58.216000,42.334000,112.353996,972.000000,-2396.000000,1206.000000,929.000000,569.000000,952.000000
593,1743685962269867,81.604500,-59.733700,62.015999,81.604500,58.820499,163.539993,58.716000,-43.445999,44.905998,58.469002,42.555000,112.914001,7.000000,-1736.000000,383.000000,17.000000,738.000000,449.000000
596,1743685962275325,82.089897,-60.079399,62.375999,82.089897,59.160500,164.619995,58.997002,-43.632000,45.233002,58.907001,42.889999,113.890999,-200.000000,-1972.000000,-10.000000,334.000000,478.000000,515.000000
598,1743685962280777,82.413498,-60.309799,62.616001,82.413498,59.387199,165.339996,59.419998,-43.931999,45.514999,59.337002,43.063000,114.510002,-125.000000,-1680.000000,145.000000,132.000000,243.000000,529.000000
600,1743685962285251,82.737099,-60.540298,62.855900,82.737099,59.613800,166.059998,59.806000,-44.235001,45.818001,59.761002,43.352001,115.414001,234.000000,-2072.000000,556.000000,218.000000,601.000000,725.000000
603,1743685962290853,83.222504,-60.886002,63.215900,83.222504,59.953800,167.139999,60.077000,-44.438000,46.013000,60.002998,43.674000,116.065002,150.000000,-1593.000000,478.000000,558.000000,551.000000,697.000000
605,1743685962296468,83.546097,-61.116402,63.455898,83.546097,60.180401,167.860001,60.495998,-44.734001,46.323002,60.428001,43.848999,116.964996,-51.000000,-1343.000000,287.000000,729.000000,323.000000,528.000000
608,1743685962301040,84.031502,-61.462101,63.815800,84.031502,60.520401,168.940002,60.924000,-45.035000,46.512001,60.757999,44.130001,117.879997,-248.000000,-1279.000000,133.000000,11.000000,526.000000,452.000000
610,1743685962305517,84.355103,-61.692501,64.055801,84.355103,60.747101,169.660004,61.195999,-45.237000,46.820999,61.167000,44.339001,118.484001,-30.000000,-1601.000000,712.000000,-77.000000,515.000000,609.000000
612,1743685962310980,84.678703,-61.923000,64.295799,84.678703,60.973701,170.380005,61.537998,-45.457001,47.098000,61.471001,44.631001,119.446999,900.000000,-2084.000000,1371.000000,1075.000000,688.000000,1394.000000
614,1743685962315368,85.002296,-62.153400,64.535698,85.002296,61.200401,171.100006,61.938000,-45.748001,47.380001,61.879002,44.828999,120.080002,191.000000,-1633.000000,169.000000,758.000000,590.000000,694.000000
617,1743685962320942,85.487602,-62.499100,64.895699,85.487602,61.540298,172.179993,61.938000,-45.748001,47.380001,61.879002,44.828999,120.080002,191.000000,-1633.000000,169.000000,758.000000,590.000000,694.000000
619,1743685962326493,85.811203,-62.729599,65.135696,85.811203,61.766998,172.899994,62.318001,-46.056999,47.709999,62.152000,45.144001,121.055000,-80.000000,-1545.000000,337.000000,357.000000,594.000000,644.000000
622,1743685962332114,86.296600,-63.075199,65.495598,86.296600,62.106998,173.979996,62.946999,-46.494999,48.168999,62.931999,45.688000,122.258003,-14.000000,-1269.000000,404.000000,-35.000000,574.000000,586.000000
624,1743685962336644,86.620201,-63.305698,65.735603,86.620201,62.333599,174.699997,63.323002,-46.738998,48.415001,63.219002,45.924999,123.428001,999.000000,-2138.000000,1298.000000,1013.000000,855.000000,1316.000000
626,1743685962341162,86.943802,-63.536098,65.975601,86.943802,62.560299,175.419998,63.748001,-47.057999,48.750000,63.664001,46.227001,124.089996,160.000000,-1908.000000,276.000000,437.000000,565.000000,745.000000
629,1743685962346622,87.429199,-63.881802,66.335503,87.429199,62.900299,176.500000,64.035004,-47.266998,48.964001,63.932999,46.412998,124.962997,-94.000000,-1906.000000,-101.000000,445.000000,350.000000,501.000000
632,1743685962353131,87.914597,-64.227501,66.695503,87.914597,63.240200,177.580002,64.459999,-47.532001,49.247002,64.365997,46.682999,125.591003,-213.000000,-1534.000000,260.000000,369.000000,560.000000,526.000000
634,1743685962357493,88.238197,-64.457901,66.935501,88.238197,63.466900,178.300003,64.811996,-47.768002,49.497002,64.695000,46.936001,126.627998,-16.000000,-1768.000000,626.000000,196.000000,656.000000,1023.000000
636,1743685962362971,88.561798,-64.688400,67.175499,88.561798,63.693501,179.020004,65.275002,-48.119999,49.764000,65.054001,47.195000,127.447998,1310.000000,-2137.000000,1189.000000,770.000000,843.000000,1130.000000
638,1743685962367380,88.885399,-64.918800,67.415398,88.885399,63.920200,179.740005,65.565002,-48.333000,50.081001,65.502998,47.516998,128.388000,715.000000,-1835.000000,945.000000,861.000000,586.000000,762.000000
641,1743685962373006,89.370796,-65.264503,67.775398,89.370796,64.260201,180.820007,66.000999,-48.549000,50.313000,65.772003,47.721001,128.975998,-136.000000,-1386.000000,445.000000,241.000000,531.000000,566.000000
643,1743685962377480,89.694397,-65.495003,68.015404,89.694397,64.486801,181.539993,66.287003,-48.849998,50.647999,66.186996,48.014000,129.977005,-174.000000,-1512.000000,313.000000,392.000000,539.000000,667.000000
645,1743685962383047,90.017998,-65.725403,68.255302,90.017998,64.713501,182.259995,66.821999,-49.111000,50.907001,66.566002,48.261002,130.731003,-107.000000,-1451.000000,134.000000,276.000000,399.000000,501.000000
647,1743685962387567,90.341599,-65.955902,68.495300,90.341599,64.940102,182.979996,67.000999,-49.370998,51.130001,66.941002,48.519001,131.529007,84.000000,-1490.000000,497.000000,374.000000,653.000000,768.000000
650,1743685962393158,90.827003,-66.301498,68.855301,90.827003,65.280098,184.059998,67.429001,-49.683998,51.462002,67.397003,48.716999,132.205002,-46.000000,-1548.000000,779.000000,147.000000,708.000000,581.000000
652,1743685962397564,91.150597,-66.531998,69.095200,91.150597,65.506798,184.779999,67.429001,-49.683998,51.462002,67.397003,48.716999,132.205002,-46.000000,-1548.000000,779.000000,147.000000,708.000000,581.000000
655,1743685962403062,91.636002,-66.877701,69.455200,91.636002,65.846703,185.860001,67.858002,-49.991001,51.792000,67.788002,49.009998,133.128006,-333.000000,-967.000000,399.000000,346.000000,594.000000,700.000000
657,1743685962407456,91.959503,-67.108101,69.695198,91.959503,66.073402,186.580002,68.277000,-50.193001,51.997002,68.057999,49.306000,134.070007,-221.000000,-958.000000,574.000000,677.000000,473.000000,436.000000
659,1743685962413079,92.283096,-67.338600,69.935204,92.283096,66.300003,187.300003,68.621002,-50.548000,52.345001,68.533997,49.562000,134.817993,17.000000,-1185.000000,813.000000,918.000000,625.000000,814.000000
661,1743685962417546,92.606697,-67.569000,70.175102,92.606697,66.526703,188.020004,68.755997,-50.653000,52.446999,68.644997,49.791000,135.526993,518.000000,-1604.000000,1344.000000,546.000000,930.000000,1263.000000
664,1743685962423146,93.092102,-67.914703,70.535103,93.092102,66.866699,189.100006,69.241997,-50.976002,52.810001,69.148003,50.118000,136.623001,1232.000000,-2399.000000,1299.000000,476.000000,802.000000,1192.000000
667,1743685962429762,93.577499,-68.260399,70.894997,93.577499,67.206596,190.179993,69.696999,-51.318001,53.183998,69.646004,50.331001,137.162003,-3.000000,-1493.000000,438.000000,280.000000,697.000000,674.000000
669,1743685962434319,93.901100,-68.490799,71.135002,93.901100,67.433296,190.899994,70.168999,-51.605000,53.487000,70.094002,50.651001,138.186996,-62.000000,-1376.000000,207.000000,104.000000,604.000000,440.000000
672,1743685962439781,94.386497,-68.836502,71.495003,94.386497,67.773300,191.979996,70.889999,-52.138000,54.029999,70.797997,51.152000,139.796005,-285.000000,-1236.000000,392.000000,673.000000,653.000000,426.000000
674,1743685962444188,94.710098,-69.066902,71.735001,94.710098,67.999901,192.699997,70.889999,-52.138000,54.029999,70.797997,51.152000,139.796005,-285.000000,-1236.000000,392.000000,673.000000,653.000000,426.000000
676,1743685962449684,95.033699,-69.297401,71.974899,95.033699,68.226601,193.419998,71.165001,-52.355000,54.256001,71.087997,51.457001,140.763000,43.000000,-1182.000000,480.000000,341.000000,336.000000,440.000000
679,1743685962455287,95.519096,-69.642998,72.334900,95.519096,68.566597,194.500000,71.577003,-52.678001,54.580002,71.494003,51.757000,141.662994,-263.000000,-1268.000000,569.000000,410.000000,521.000000,509.000000
681,1743685962459764,95.842697,-69.873497,72.574898,95.842697,68.793198,195.220001,71.939003,-52.929001,54.830002,71.897003,51.851002,141.988007,-168.000000,-984.000000,327.000000,155.000000,589.000000,644.000000
683,1743685962464238,96.166298,-70.103897,72.814796,96.166298,69.019897,195.940002,72.376999,-53.223000,55.055000,72.197998,52.137001,142.839996,797.000000,-2040.000000,1296.000000,1143.000000,775.000000,1461.000000
685,1743685962469852,96.489899,-70.334396,73.054802,96.489899,69.246498,196.660004,72.666000,-53.398998,55.292000,72.585999,52.437000,143.955994,-11.000000,-1434.000000,810.000000,517.000000,450.000000,963.000000
688,1743685962474390,96.975304,-70.680099,73.414803,96.975304,69.586502,197.740005,73.099998,-53.705002,55.655998,73.024002,52.750000,144.959000,-24.000000,-1168.000000,787.000000,451.000000,767.000000,544.000000
691,1743685962480976,97.460701,-71.025703,73.774696,97.460701,69.926498,198.820007,73.530998,-54.016998,55.972000,73.422997,52.980999,145.585007,-234.000000,-1101.000000,907.000000,362.000000,481.000000,545.000000
693,1743685962486508,97.784302,-71.256203,74.014702,97.784302,70.153099,199.539993,73.786003,-54.224998,56.208000,73.699997,53.279999,146.537994,-181.000000,-947.000000,677.000000,97.000000,407.000000,618.000000
696,1743685962492121,98.269699,-71.601898,74.374702,98.269699,70.493103,200.619995,74.216003,-54.522999,56.526001,74.170998,53.480999,147.160995,231.000000,-1087.000000,352.000000,281.000000,540.000000,590.000000
698,1743685962496687,98.593201,-71.832298,74.614601,98.593201,70.719704,201.339996,74.863998,-54.974998,56.987000,74.778000,54.051998,148.929993,219.000000,-1541.000000,954.000000,617.000000,545.000000,616.000000
700,1743685962501246,98.916801,-72.062798,74.854599,98.916801,70.946404,202.059998,75.304001,-55.290001,57.314999,75.199997,54.379002,149.835007,-273.000000,-1080.000000,551.000000,508.000000,685.000000,512.000000
703,1743685962506878,99.402199,-72.408401,75.214600,99.402199,71.286400,203.139999,75.304001,-55.290001,57.314999,75.199997,54.379002,149.835007,-273.000000,-1080.000000,551.000000,508.000000,685.000000,512.000000
705,1743685962511339,99.725800,-72.638901,75.454498,99.725800,71.513000,203.860001,75.772003,-55.563999,57.623001,75.612000,54.574001,150.462997,-393.000000,-1006.000000,539.000000,580.000000,355.000000,504.000000
707,1743685962516810,100.049004,-72.869301,75.694504,100.049004,71.739700,204.580002,76.192001,-55.778000,57.830002,75.920998,54.825001,151.367996,16.000000,-1216.000000,229.000000,151.000000,394.000000,479.000000
709,1743685962521250,100.373001,-73.099800,75.934502,100.373001,71.966301,205.300003,76.514999,-56.154999,58.175999,76.408997,55.063000,152.173996,624.000000,-2038.000000,1323.000000,286.000000,953.000000,1118.000000
712,1743685962526789,100.858002,-73.445503,76.294403,100.858002,72.306297,206.380005,76.786003,-56.365002,58.402000,76.694000,55.279999,152.792007,297.000000,-1422.000000,952.000000,487.000000,790.000000,724.000000
715,1743685962533463,101.344002,-73.791100,76.654404,101.344002,72.646301,207.460007,77.198997,-56.671001,58.741001,77.140999,55.594002,153.783005,-214.000000,-1033.000000,628.000000,458.000000,645.000000,576.000000
717,1743685962537933,101.667000,-74.021599,76.894402,101.667000,72.872902,208.179993,77.627998,-56.967999,59.047001,77.416000,55.896999,154.731003,-358.000000,-856.000000,448.000000,428.000000,441.000000,518.000000
719,1743685962542420,101.990997,-74.251999,77.134399,101.990997,73.099602,208.899994,77.904999,-57.174999,59.241001,77.857002,56.105000,155.326996,-11.000000,-1026.000000,601.000000,177.000000,606.000000,573.000000
722,1743685962548071,102.475998,-74.597702,77.494301,102.475998,73.439598,209.979996,78.332001,-57.457001,59.539001,78.112000,56.388000,156.240005,1284.000000,-1909.000000,1909.000000,670.000000,941.000000,1495.000000
724,1743685962552582,102.800003,-74.828201,77.734299,102.800003,73.666199,210.699997,78.626999,-57.665001,59.730000,78.599998,56.701000,157.255005,1024.000000,-1953.000000,1516.000000,605.000000,736.000000,669.000000
727,1743685962559136,103.285004,-75.173798,78.094299,103.285004,74.006203,211.779999,79.056999,-57.994999,60.092999,79.042000,57.013000,158.289001,-126.000000,-1306.000000,764.000000,196.000000,646.000000,598.000000
729,1743685962563601,103.609001,-75.404297,78.334198,103.609001,74.232803,212.500000,79.365997,-58.220001,60.356998,79.341003,57.222000,158.936005,-326.000000,-1318.000000,699.000000,657.000000,539.000000,618.000000
731,1743685962569161,103.932999,-75.634697,78.574203,103.932999,74.459503,213.220001,79.869003,-58.595001,60.645000,79.697998,57.527000,159.720001,-372.000000,-839.000000,133.000000,343.000000,341.000000,536.000000
733,1743685962573659,104.255997,-75.865196,78.814201,104.255997,74.686096,213.940002,80.153999,-58.799999,60.967999,80.085999,57.799000,160.643997,-197.000000,-867.000000,532.000000,455.000000,361.000000,652.000000
736,1743685962579263,104.741997,-76.210899,79.174103,104.741997,75.026100,215.020004,80.577003,-59.084999,61.287998,80.550003,58.068001,161.660995,-220.000000,-1139.000000,933.000000,459.000000,780.000000,547.000000
738,1743685962583759,105.065002,-76.441299,79.414101,105.065002,75.252800,215.740005,81.055000,-59.394001,61.571999,80.987000,58.296001,162.285004,-272.000000,-936.000000,713.000000,304.000000,574.000000,463.000000
740,1743685962588248,105.389000,-76.671799,79.654099,105.389000,75.479401,216.460007,81.323997,-59.605999,61.779999,81.286003,58.627998,163.242996,-396.000000,-964.000000,414.000000,107.000000,706.000000,494.000000
743,1743685962593715,105.874001,-77.017403,80.014000,105.874001,75.819397,217.539993,81.692001,-59.867001,62.037998,81.624001,58.845001,164.001007,-579.000000,-810.000000,907.000000,354.000000,406.000000,575.000000
745,1743685962598165,106.197998,-77.247902,80.253998,106.197998,76.046097,218.259995,82.191002,-60.221001,62.237000,81.907997,59.087002,164.811996,974.000000,-1823.000000,1251.000000,806.000000,1017.000000,1197.000000
748,1743685962604869,106.682999,-77.593597,80.613998,106.682999,76.386002,219.339996,82.485001,-60.425999,62.582001,82.413002,59.403000,165.826004,1031.000000,-1889.000000,1844.000000,609.000000,861.000000,1073.000000
750,1743685962609407,107.007004,-77.823997,80.853897,107.007004,76.612701,220.059998,82.963997,-60.743999,62.813999,82.753998,59.612999,166.481003,-319.000000,-868.000000,1022.000000,158.000000,620.000000,685.000000
752,1743685962615005,107.330002,-78.054497,81.093903,107.330002,76.839302,220.779999,83.279999,-60.960999,63.155998,83.195999,59.990002,167.514008,-270.000000,-829.000000,707.000000,-28.000000,484.000000,590.000000
754,1743685962619514,107.653999,-78.284897,81.333900,107.653999,77.066002,221.500000,83.709999,-61.286999,63.525002,83.639999,60.320000,168.408005,-396.000000,-830.000000,924.000000,-9.000000,340.000000,585.000000
757,1743685962625071,108.139000,-78.630600,81.693901,108.139000,77.405998,222.580002,84.056999,-61.527000,63.800999,83.988998,60.377998,168.714996,-249.000000,-714.000000,748.000000,253.000000,271.000000,655.000000
759,1743685962629539,108.462997,-78.861000,81.933800,108.462997,77.632599,223.300003,84.446999,-61.828999,64.112000,84.389999,60.713001,169.884003,125.000000,-1029.000000,328.000000,481.000000,728.000000,780.000000
762,1743685962635010,108.947998,-79.206703,82.293800,108.947998,77.972603,224.380005,84.748001,-62.034000,64.310997,84.699997,61.015999,170.807999,-194.000000,-946.000000,561.000000,643.000000,574.000000,639.000000
764,1743685962639397,109.272003,-79.437202,82.533798,109.272003,78.199203,225.100006,85.181999,-62.344002,64.606003,85.161003,61.318001,171.785995,-423.000000,-1073.000000,759.000000,529.000000,432.000000,628.000000
766,1743685962644903,109.595001,-79.667603,82.773697,109.595001,78.425903,225.820007,85.463997,-62.549999,64.806999,85.416000,61.535000,172.514999,457.000000,-1241.000000,1706.000000,282.000000,763.000000,1374.000000
769,1743685962650493,110.081001,-80.013298,83.133698,110.081001,78.765900,226.899994,85.972000,-62.877998,65.183998,85.917000,61.751999,173.158005,356.000000,-1550.000000,1352.000000,386.000000,780.000000,926.000000
771,1743685962656057,110.403999,-80.243698,83.373703,110.403999,78.992500,227.619995,86.296997,-63.094002,65.383003,86.220001,62.061001,174.184006,364.000000,-1413.000000,1241.000000,313.000000,903.000000,743.000000
773,1743685962660542,110.727997,-80.474197,83.613602,110.727997,79.219200,228.339996,86.296997,-63.094002,65.383003,86.220001,62.061001,174.184006,364.000000,-1413.000000,1241.000000,313.000000,903.000000,743.000000
775,1743685962665056,111.052002,-80.704597,83.853600,111.052002,79.445801,229.059998,87.170998,-63.777000,66.113998,87.115997,62.625999,175.862000,-451.000000,-539.000000,850.000000,85.000000,443.000000,488.000000
778,1743685962670560,111.537003,-81.050301,84.213600,111.537003,79.785797,230.139999,87.539001,-64.035004,66.392998,87.501999,62.880001,176.660004,-72.000000,-829.000000,856.000000,469.000000,290.000000,590.000000
781,1743685962676050,112.022003,-81.396004,84.573502,112.022003,80.125801,231.220001,87.984001,-64.334000,66.595001,87.773003,63.175999,177.651001,205.000000,-940.000000,1292.000000,566.000000,578.000000,839.000000
783,1743685962681537,112.346001,-81.626404,84.813499,112.346001,80.352402,231.940002,88.460999,-64.540001,66.904999,88.205002,63.463001,178.656006,-286.000000,-866.000000,534.000000,264.000000,557.000000,474.000000
786,1743685962687017,112.831001,-81.972099,85.173500,112.831001,80.692398,233.020004,88.764000,-64.834000,67.207001,88.674004,63.678001,179.199005,-250.000000,-977.000000,936.000000,-16.000000,726.000000,519.000000
788,1743685962691410,113.154999,-82.202499,85.413399,113.154999,80.919098,233.740005,89.195000,-65.142998,67.509003,89.066002,63.951000,180.179001,-417.000000,-690.000000,1126.000000,24.000000,355.000000,495.000000
790,1743685962696965,113.478996,-82.432999,85.653397,113.478996,81.145699,234.460007,89.492996,-65.398003,67.800003,89.446999,64.136002,180.843994,33.000000,-1153.000000,1279.000000,417.000000,641.000000,893.000000
793,1743685962702492,113.963997,-82.778702,86.013397,113.963997,81.485703,235.539993,89.780998,-65.601997,68.023003,89.736000,64.514000,181.938995,250.000000,-1382.000000,1151.000000,786.000000,707.000000,725.000000
795,1743685962706985,114.288002,-83.009102,86.253403,114.288002,81.712303,236.259995,90.225998,-65.917000,68.324997,90.163002,64.730003,182.606003,-521.000000,-991.000000,687.000000,536.000000,670.000000,672.000000
797,1743685962711447,114.611000,-83.239601,86.493301,114.611000,81.939003,236.979996,90.644997,-66.239998,68.634003,90.573997,65.059998,183.565002,-597.000000,-495.000000,1119.000000,507.000000,475.000000,404.000000
799,1743685962717129,114.934998,-83.470001,86.733299,114.934998,82.165703,237.699997,90.969002,-66.494003,68.896004,90.940002,65.313004,184.345001,-32.000000,-765.000000,1415.000000,369.000000,469.000000,591.000000
802,1743685962721570,115.419998,-83.815697,87.093300,115.419998,82.505600,238.779999,91.315002,-66.739998,69.150002,91.240997,65.625000,185.436005,665.000000,-1206.000000,1741.000000,162.000000,625.000000,854.000000
804,1743685962727051,115.744003,-84.046097,87.333199,115.744003,82.732300,239.500000,91.763000,-67.015999,69.476997,91.711998,65.824997,186.067001,-88.000000,-962.000000,1013.000000,193.000000,692.000000,673.000000
806,1743685962731465,116.067001,-84.276604,87.573196,116.067001,82.958900,240.220001,92.178001,-67.331001,69.811996,92.032997,66.140999,187.046005,-122.000000,-714.000000,684.000000,210.000000,604.000000,697.000000
809,1743685962736923,116.553001,-84.622299,87.933197,116.553001,83.298897,241.300003,92.399002,-67.486000,69.964996,92.362000,66.456001,187.809006,-183.000000,-757.000000,633.000000,532.000000,494.000000,760.000000
811,1743685962741337,116.875999,-84.852699,88.173103,116.875999,83.525597,242.020004,92.842003,-67.789001,70.297997,92.837997,66.761002,188.813004,979.000000,-1219.000000,1720.000000,1037.000000,490.000000,801.000000
813,1743685962746923,117.199997,-85.083199,88.413101,117.199997,83.752197,242.740005,93.290001,-68.100998,70.649002,93.227997,66.894997,189.503006,-347.000000,-857.000000,1102.000000,176.000000,291.000000,685.000000
815,1743685962751463,117.524002,-85.313599,88.653099,117.524002,83.978897,243.460007,93.586998,-68.318001,70.876999,93.476997,67.177002,190.423004,-398.000000,-914.000000,814.000000,32.000000,800.000000,593.000000
818,1743685962757104,118.009003,-85.659302,89.013000,118.009003,84.318802,244.539993,94.033997,-68.615997,71.186996,93.991997,67.420998,191.050003,-464.000000,-841.000000,806.000000,214.000000,837.000000,543.000000
820,1743685962761660,118.333000,-85.889702,89.252998,118.333000,84.545502,245.259995,94.033997,-68.615997,71.186996,93.991997,67.420998,191.050003,-464.000000,-841.000000,806.000000,214.000000,837.000000,543.000000
823,1743685962767153,118.818001,-86.235397,89.612999,118.818001,84.885498,246.339996,94.704002,-69.153000,71.702003,94.666000,67.899002,192.667999,227.000000,-1042.000000,1293.000000,862.000000,570.000000,1141.000000
825,1743685962771553,119.141998,-86.465897,89.852997,119.141998,85.112099,247.059998,95.049004,-69.397003,71.948997,95.088997,68.120003,193.459000,409.000000,-1139.000000,1336.000000,725.000000,843.000000,759.000000
828,1743685962778095,119.626999,-86.811501,90.212898,119.626999,85.452103,248.139999,95.049004,-69.397003,71.948997,95.088997,68.120003,193.459000,409.000000,-1139.000000,1336.000000,725.000000,843.000000,759.000000
830,1743685962782500,119.950996,-87.042000,90.452904,119.950996,85.678802,248.860001,95.823997,-69.931999,72.489998,95.833000,68.804001,195.449997,-327.000000,-913.000000,1554.000000,-138.000000,478.000000,499.000000
832,1743685962788125,120.274002,-87.272400,90.692902,120.274002,85.905403,249.580002,96.245003,-70.264999,72.838997,96.204002,69.005997,196.013000,-304.000000,-514.000000,912.000000,45.000000,177.000000,607.000000
834,1743685962792679,120.598000,-87.502899,90.932800,120.598000,86.132103,250.300003,96.599998,-70.508003,73.103996,96.563004,69.227997,196.722000,530.000000,-1130.000000,1659.000000,353.000000,667.000000,1204.000000
837,1743685962798254,121.083000,-87.848602,91.292801,121.083000,86.472000,251.380005,97.049004,-70.778999,73.403000,97.007004,69.528999,197.804001,-63.000000,-768.000000,1100.000000,37.000000,348.000000,603.000000
839,1743685962802751,121.406998,-88.079002,91.532799,121.406998,86.698700,252.100006,97.049004,-70.778999,73.403000,97.007004,69.528999,197.804001,-63.000000,-768.000000,1100.000000,37.000000,348.000000,603.000000
842,1743685962808284,121.891998,-88.424698,91.892700,121.891998,87.038696,253.179993,97.775002,-71.307999,73.939003,97.774002,70.086998,199.436005,-294.000000,-710.000000,1005.000000,562.000000,418.000000,543.000000
844,1743685962812720,122.216003,-88.655098,92.132698,122.216003,87.265297,253.899994,97.775002,-71.307999,73.939003,97.774002,70.086998,199.436005,-294.000000,-710.000000,1005.000000,562.000000,418.000000,543.000000
846,1743685962818309,122.539001,-88.885597,92.372704,122.539001,87.491997,254.619995,98.063004,-71.526001,74.154999,98.051003,70.399002,200.393997,-615.000000,-543.000000,1019.000000,122.000000,326.000000,736.000000
848,1743685962822858,122.862999,-89.115997,92.612701,122.862999,87.718597,255.339996,98.563004,-71.883003,74.557999,98.521004,70.560997,201.223999,395.000000,-1249.000000,1688.000000,321.000000,617.000000,1049.000000
850,1743685962827391,123.185997,-89.346497,92.852600,123.185997,87.945297,256.059998,98.880997,-72.089996,74.773003,98.800003,70.806000,201.789001,-188.000000,-1042.000000,995.000000,95.000000,891.000000,632.000000
853,1743685962832995,123.671997,-89.692200,93.212601,123.671997,88.285202,257.140015,99.341003,-72.383003,75.080002,99.268997,71.117996,202.815002,-423.000000,-854.000000,1332.000000,280.000000,573.000000,517.000000
855,1743685962837494,123.995003,-89.922600,93.452599,123.995003,88.511902,257.859985,99.703003,-72.660004,75.362999,99.637001,71.457001,203.619003,385.000000,-1385.000000,1639.000000,700.000000,597.000000,1168.000000
858,1743685962843038,124.481003,-90.268303,93.812500,124.481003,88.851898,258.940002,100.067001,-72.919998,75.641998,100.019997,71.744003,204.781998,322.000000,-964.000000,1212.000000,424.000000,282.000000,838.000000
860,1743685962848661,124.804001,-90.498703,94.052498,124.804001,89.078499,259.660004,100.480003,-73.222000,75.962997,100.482002,71.953003,205.485992,-107.000000,-580.000000,1048.000000,338.000000,825.000000,570.000000
862,1743685962853172,125.127998,-90.729202,94.292503,125.127998,89.305199,260.380005,100.972000,-73.529999,76.176003,100.791000,72.273003,206.492996,-422.000000,-900.000000,1129.000000,60.000000,690.000000,596.000000
865,1743685962858748,125.612999,-91.074799,94.652397,125.612999,89.645203,261.459991,101.276001,-73.759003,76.500000,101.228996,72.497002,207.128998,-315.000000,-950.000000,1111.000000,20.000000,488.000000,588.000000
867,1743685962863231,125.936996,-91.305298,94.892403,125.936996,89.871803,262.179993,101.707001,-74.098000,76.841003,101.635002,72.824997,208.106995,-177.000000,-794.000000,1576.000000,107.000000,392.000000,734.000000
870,1743685962868793,126.421997,-91.651001,95.252403,126.421997,90.211800,263.260010,102.064003,-74.364998,77.122002,102.002998,73.050003,208.893997,456.000000,-942.000000,1774.000000,253.000000,626.000000,1075.000000
872,1743685962873228,126.746002,-91.881401,95.492302,126.746002,90.438400,263.980011,102.501999,-74.649002,77.432999,102.445999,73.344002,209.873993,-328.000000,-766.000000,1370.000000,-30.000000,639.000000,642.000000
874,1743685962878680,127.070000,-92.111900,95.732300,127.070000,90.665100,264.700012,102.807999,-74.860001,77.651001,102.744003,73.550003,210.520996,-439.000000,-814.000000,1543.000000,296.000000,649.000000,519.000000
876,1743685962883097,127.392998,-92.342300,95.972298,127.392998,90.891701,265.420013,103.219002,-75.193001,77.972000,103.194000,73.928001,211.529007,-529.000000,-464.000000,988.000000,436.000000,597.000000,480.000000
879,1743685962888626,127.878998,-92.688004,96.332199,127.878998,91.231697,266.500000,103.530998,-75.406998,78.214996,103.470001,74.181999,212.500000,-348.000000,-453.000000,1249.000000,229.000000,285.000000,698.000000
881,1743685962893118,128.201996,-92.918404,96.572197,128.201996,91.458397,267.220001,103.915001,-75.716003,78.414001,103.761002,74.370003,213.156006,468.000000,-1154.000000,2069.000000,398.000000,804.000000,1195.000000
883,1743685962898659,128.526001,-93.148903,96.812202,128.526001,91.684998,267.940002,104.231003,-75.911003,78.754997,104.241997,74.653999,214.179001,20.000000,-694.000000,1290.000000,-161.000000,536.000000,690.000000
885,1743685962903191,128.848999,-93.379303,97.052200,128.848999,91.911697,268.660004,104.695000,-76.216003,79.086998,104.677002,74.995003,215.139008,-458.000000,-964.000000,1183.000000,115.000000,476.000000,457.000000
888,1743685962908752,129.335007,-93.724998,97.412102,129.335007,92.251701,269.739990,105.043999,-76.489998,79.375999,105.033997,75.290001,215.942993,-455.000000,-695.000000,1226.000000,349.000000,406.000000,698.000000
891,1743685962914352,129.820007,-94.070702,97.772102,129.820007,92.591599,270.820007,105.494003,-76.807999,79.700996,105.430000,75.581001,216.869995,861.000000,-1182.000000,1818.000000,850.000000,601.000000,1243.000000
893,1743685962918780,130.143997,-94.301102,98.012100,130.143997,92.818298,271.540009,105.964996,-77.096001,80.010002,105.732002,75.748001,217.546997,-112.000000,-772.000000,1483.000000,135.000000,380.000000,644.000000
895,1743685962923225,130.466995,-94.531601,98.251999,130.466995,93.044899,272.260010,106.239998,-77.313004,80.225998,106.219002,76.078003,218.554993,-456.000000,-896.000000,1042.000000,125.000000,982.000000,610.000000
897,1743685962928784,130.791000,-94.762001,98.491997,130.791000,93.271599,272.980011,106.630997,-77.581001,80.472000,106.608002,76.385002,219.358002,-283.000000,-644.000000,1230.000000,-71.000000,496.000000,504.000000
899,1743685962933254,131.115005,-94.992500,98.732002,131.115005,93.498199,273.700012,107.130997,-77.975998,80.746002,106.960999,76.639999,220.229996,37.000000,-707.000000,1768.000000,255.000000,412.000000,701.000000
902,1743685962938841,131.600006,-95.338203,99.091904,131.600006,93.838203,274.779999,107.406998,-78.192001,81.107002,107.346001,76.917999,221.115997,153.000000,-852.000000,1878.000000,381.000000,582.000000,986.000000
904,1743685962943368,131.923996,-95.568604,99.331902,131.923996,94.064903,275.500000,107.875999,-78.462997,81.435997,107.794998,77.192001,222.104996,-255.000000,-661.000000,1450.000000,-111.000000,636.000000,603.000000
907,1743685962949032,132.408997,-95.914299,99.691902,132.408997,94.404800,276.579987,108.195999,-78.670998,81.630997,108.105003,77.416000,222.768005,-634.000000,-658.000000,1467.000000,326.000000,470.000000,593.000000
909,1743685962953447,132.733002,-96.144699,99.931801,132.733002,94.631500,277.299988,108.600998,-79.000999,81.973000,108.568001,77.738998,223.772003,-474.000000,-646.000000,1315.000000,253.000000,459.000000,511.000000
911,1743685962958976,133.056000,-96.375198,100.171997,133.056000,94.858101,278.019989,108.600998,-79.000999,81.973000,108.568001,77.738998,223.772003,-474.000000,-646.000000,1315.000000,253.000000,459.000000,511.000000
914,1743685962964465,133.542007,-96.720901,100.531998,133.542007,95.198097,279.100006,109.028000,-79.317001,82.293999,109.017998,77.967003,224.401993,34.000000,-835.000000,1591.000000,667.000000,317.000000,873.000000
916,1743685962968917,133.865005,-96.951302,100.772003,133.865005,95.424797,279.820007,109.311996,-79.521004,82.504997,109.311996,78.253998,225.425003,130.000000,-678.000000,1437.000000,-1.000000,431.000000,612.000000
918,1743685962973414,134.188995,-97.181801,101.012001,134.188995,95.651398,280.540009,109.746002,-79.825996,82.828003,109.727997,78.445999,226.078995,-339.000000,-828.000000,1428.000000,-74.000000,378.000000,628.000000
920,1743685962979013,134.511993,-97.412201,101.251999,134.511993,95.878098,281.260010,110.462997,-80.356003,83.369003,110.462997,78.997002,227.684006,-194.000000,-814.000000,1554.000000,246.000000,367.000000,676.000000
923,1743685962983606,134.998001,-97.757896,101.612000,134.998001,96.218102,282.339996,110.462997,-80.356003,83.369003,110.462997,78.997002,227.684006,-194.000000,-814.000000,1554.000000,246.000000,367.000000,676.000000
925,1743685962989194,135.320999,-97.988297,101.851997,135.320999,96.444702,283.059998,110.893997,-80.572998,83.599998,110.732002,79.280998,228.557999,564.000000,-1023.000000,2339.000000,742.000000,566.000000,908.000000
928,1743685962994725,135.807007,-98.334000,102.211998,135.807007,96.784698,284.140015,111.195000,-80.858002,83.912003,111.182999,79.512001,229.548996,-263.000000,-617.000000,1790.000000,36.000000,489.000000,710.000000
930,1743685962999240,136.130005,-98.564499,102.452003,136.130005,97.011299,284.859985,111.945000,-81.362999,84.459999,111.905998,80.094002,231.197006,-579.000000,-917.000000,1596.000000,-10.000000,334.000000,434.000000
932,1743685963004840,136.453995,-98.794899,102.692001,136.453995,97.237999,285.579987,112.440002,-81.737999,84.732002,112.258003,80.406998,232.001999,426.000000,-1008.000000,1507.000000,465.000000,533.000000,1273.000000
934,1743685963009403,136.776993,-99.025398,102.931999,136.776993,97.464600,286.299988,112.440002,-81.737999,84.732002,112.258003,80.406998,232.001999,426.000000,-1008.000000,1507.000000,465.000000,533.000000,1273.000000
937,1743685963016087,137.263000,-99.371002,103.291000,137.263000,97.804604,287.380005,112.736000,-81.936996,85.045998,112.663002,80.657997,232.962006,243.000000,-887.000000,1617.000000,348.000000,345.000000,775.000000
940,1743685963020578,137.748001,-99.716698,103.651001,137.748001,98.144600,288.459991,113.184998,-82.250000,85.373001,113.133003,80.945000,233.893005,-373.000000,-499.000000,1644.000000,51.000000,810.000000,567.000000
942,1743685963026085,138.072006,-99.947197,103.890999,138.072006,98.371201,289.179993,113.621002,-82.558998,85.702003,113.569000,81.132004,234.554993,-397.000000,-684.000000,1751.000000,121.000000,558.000000,436.000000
944,1743685963030491,138.395004,-100.178001,104.130997,138.395004,98.597900,289.899994,114.059998,-82.869003,85.899002,113.836998,81.477997,235.509003,676.000000,-1456.000000,2203.000000,604.000000,764.000000,1365.000000
947,1743685963035998,138.880997,-100.523003,104.490997,138.880997,98.937897,290.980011,114.316002,-83.084999,86.227997,114.272003,81.815002,236.188995,327.000000,-802.000000,1796.000000,260.000000,448.000000,769.000000
949,1743685963040507,139.203995,-100.753998,104.731003,139.203995,99.164497,291.700012,114.763000,-83.415001,86.459000,114.565002,81.984001,237.233994,-325.000000,-641.000000,1620.000000,-162.000000,301.000000,475.000000
951,1743685963046077,139.528000,-100.984001,104.971001,139.528000,99.391197,292.420013,115.063004,-83.619003,86.787003,115.026001,82.266998,238.212006,-409.000000,-596.000000,1193.000000,-146.000000,604.000000,511.000000
953,1743685963050526,139.852005,-101.214996,105.210999,139.852005,99.617798,293.140015,115.539001,-83.827003,86.995003,115.333000,82.500000,238.886002,-604.000000,-560.000000,1002.000000,404.000000,547.000000,462.000000
956,1743685963056141,140.337006,-101.559998,105.570999,140.337006,99.957802,294.220001,115.834000,-84.138000,87.302002,115.741997,82.831001,239.828003,-406.000000,-476.000000,1744.000000,468.000000,479.000000,747.000000
959,1743685963061682,140.822006,-101.905998,105.931000,140.822006,100.297997,295.299988,116.220001,-84.445999,87.614998,116.141998,83.084000,240.731995,485.000000,-1159.000000,2126.000000,640.000000,502.000000,924.000000
961,1743685963066121,141.145996,-102.136002,106.170998,141.145996,100.524002,296.019989,116.499001,-84.648003,87.845001,116.445999,83.288002,241.389999,47.000000,-710.000000,2152.000000,80.000000,517.000000,436.000000
963,1743685963071621,141.470001,-102.366997,106.411003,141.470001,100.750999,296.739990,116.916000,-84.943001,88.181000,116.904999,83.597000,242.404999,-325.000000,-655.000000,1798.000000,-221.000000,388.000000,606.000000
965,1743685963076060,141.792999,-102.597000,106.651001,141.792999,100.977997,297.459991,117.349998,-85.255997,88.527000,117.358002,83.808998,243.042999,-327.000000,-657.000000,1413.000000,-80.000000,359.000000,581.000000
968,1743685963081694,142.279007,-102.943001,107.011002,142.279007,101.318001,298.540009,117.721001,-85.513000,88.791000,117.750000,84.160004,243.858994,582.000000,-1120.000000,1880.000000,232.000000,687.000000,1179.000000
970,1743685963087278,142.602005,-103.172997,107.250999,142.602005,101.543999,299.260010,118.179001,-85.834000,89.115997,118.160004,84.386002,244.860992,24.000000,-522.000000,1588.000000,-146.000000,503.000000,592.000000
972,1743685963091751,142.925995,-103.403999,107.490997,142.925995,101.771004,299.980011,118.487000,-86.045998,89.339996,118.412003,84.698997,245.423004,-482.000000,-535.000000,1371.000000,143.000000,397.000000,569.000000
974,1743685963096229,143.248993,-103.634003,107.731003,143.248993,101.998001,300.700012,118.943001,-86.331001,89.641998,118.821999,84.905998,246.384003,-702.000000,-808.000000,1385.000000,384.000000,601.000000,490.000000
977,1743685963101789,143.735001,-103.980003,108.091003,143.735001,102.337997,301.779999,119.248001,-86.542000,89.846001,119.112999,85.214996,247.358994,-469.000000,-663.000000,1267.000000,7.000000,356.000000,713.000000
980,1743685963107225,144.220001,-104.325996,108.450996,144.220001,102.678001,302.859985,119.752998,-86.907997,90.233002,119.660004,85.444000,248.182007,416.000000,-1167.000000,2137.000000,383.000000,688.000000,1181.000000
982,1743685963111619,144.544006,-104.556000,108.691002,144.544006,102.903999,303.579987,120.005997,-87.121002,90.461998,119.959000,85.620003,248.856003,-215.000000,-767.000000,2142.000000,-223.000000,367.000000,658.000000
984,1743685963117078,144.867004,-104.787003,108.931000,144.867004,103.130997,304.299988,120.459999,-87.406998,90.775002,120.391998,85.918999,249.837997,-388.000000,-513.000000,1596.000000,-102.000000,622.000000,599.000000
986,1743685963121473,145.190994,-105.016998,109.170998,145.190994,103.358002,305.019989,120.839996,-87.668999,91.040001,120.731003,86.140999,250.473007,-473.000000,-481.000000,1782.000000,288.000000,494.000000,435.000000
989,1743685963126958,145.675995,-105.362999,109.530998,145.675995,103.697998,306.100006,121.209000,-87.936996,91.314003,121.081001,86.556999,251.761002,503.000000,-1225.000000,2604.000000,796.000000,399.000000,869.000000
991,1743685963131475,146.000000,-105.593002,109.771004,146.000000,103.924004,306.820007,121.496002,-88.122002,91.531998,121.341003,86.760002,252.386002,264.000000,-920.000000,1648.000000,12.000000,507.000000,682.000000
993,1743685963137075,146.324005,-105.823997,110.011002,146.324005,104.151001,307.540009,121.921997,-88.447998,91.827003,121.813004,87.086998,253.401001,-235.000000,-580.000000,1300.000000,-153.000000,351.000000,520.000000
995,1743685963141562,146.647003,-106.054001,110.250999,146.647003,104.377998,308.260010,122.327003,-88.764999,92.157997,122.275002,87.300003,254.072998,-407.000000,-589.000000,1595.000000,-236.000000,563.000000,516.000000
997,1743685963146063,146.970993,-106.285004,110.490997,146.970993,104.603996,308.980011,122.774002,-89.073997,92.490997,122.577003,87.646004,254.998001,-484.000000,-530.000000,1780.000000,102.000000,457.000000,399.000000
1000,1743685963151673,147.455994,-106.629997,110.850998,147.455994,104.944000,310.059998,123.070000,-89.282997,92.709000,122.988998,87.930000,256.016998,583.000000,-1123.000000,2614.000000,548.000000,652.000000,1302.000000
1003,1743685963157237,147.940994,-106.975998,111.210999,147.940994,105.283997,311.140015,123.489998,-89.617996,93.061996,123.407997,88.111000,256.604004,-263.000000,-568.000000,2080.000000,-57.000000,364.000000,672.000000
1005,1743685963162812,148.264999,-107.206001,111.450996,148.264999,105.511002,311.859009,123.783997,-89.803001,93.282997,123.706001,88.374001,257.589996,-580.000000,-500.000000,1876.000000,76.000000,482.000000,581.000000
1007,1743685963167292,148.589005,-107.436996,111.691002,148.589005,105.737000,312.578003,124.230003,-90.100998,93.575996,124.162003,88.598999,258.239990,-398.000000,-520.000000,1745.000000,356.000000,604.000000,548.000000
1010,1743685963172901,149.074005,-107.781998,112.051003,149.074005,106.077003,313.654999,124.612000,-90.347000,93.841003,124.497002,88.882004,259.028015,-319.000000,-847.000000,1498.000000,143.000000,303.000000,583.000000
1013,1743685963179602,149.559006,-108.127998,112.410004,149.559006,106.417000,314.730011,124.939003,-90.603996,94.110001,124.847000,89.227997,260.190002,948.000000,-1597.000000,2184.000000,239.000000,546.000000,705.000000
1015,1743685963184131,149.882996,-108.359001,112.650002,149.882996,106.643997,315.446014,125.366997,-90.943001,94.443001,125.303001,89.445999,260.856995,57.000000,-758.000000,1444.000000,215.000000,415.000000,619.000000
1017,1743685963188620,150.207001,-108.588997,112.889999,150.207001,106.871002,316.160004,125.830002,-91.264000,94.772003,125.716003,89.736000,261.748993,-388.000000,-409.000000,1891.000000,-103.000000,355.000000,568.000000
1019,1743685963193097,150.529999,-108.819000,113.129997,150.529999,107.097000,316.872009,126.141998,-91.457001,94.968002,126.013000,89.938004,262.412994,-597.000000,-301.000000,2138.000000,378.000000,709.000000,434.000000
1022,1743685963198635,151.016006,-109.165001,113.489998,151.016006,107.436996,317.937988,126.447998,-91.690002,95.212997,126.316002,90.244003,263.536987,-129.000000,-1033.000000,2057.000000,82.000000,627.000000,1301.000000
1024,1743685963203116,151.339005,-109.396004,113.730003,151.339005,107.664001,318.645996,126.961998,-92.040001,95.570000,126.855003,90.446999,264.225006,108.000000,-728.000000,2073.000000,-61.000000,558.000000,665.000000
1026,1743685963208700,151.662994,-109.625999,113.970001,151.662994,107.890999,319.351990,127.205002,-92.264000,95.791000,127.139999,90.726997,265.237000,-308.000000,-745.000000,2101.000000,-244.000000,483.000000,538.000000
1028,1743685963213223,151.985992,-109.856003,114.209999,151.985992,108.116997,320.056000,127.632004,-92.557999,96.107002,127.540001,90.989998,265.854004,-346.000000,-492.000000,1734.000000,-151.000000,667.000000,411.000000
1031,1743685963218973,152.472000,-110.202003,114.570000,152.472000,108.457001,321.108002,128.091995,-92.846001,96.424004,127.781998,91.406998,266.819000,523.000000,-1175.000000,2570.000000,699.000000,656.000000,1140.000000
1033,1743685963223377,152.794998,-110.432999,114.809998,152.794998,108.683998,321.806000,128.384003,-93.044998,96.655998,128.313004,91.664001,267.769012,165.000000,-901.000000,1974.000000,243.000000,211.000000,778.000000
1036,1743685963228873,153.281006,-110.778000,115.169998,153.281006,109.024002,322.846985,128.806000,-93.359001,97.028999,128.772995,91.945000,268.765015,-142.000000,-789.000000,1681.000000,337.000000,475.000000,500.000000
1038,1743685963233380,153.604004,-111.009003,115.410004,153.604004,109.250999,323.537994,129.100006,-93.584999,97.223000,129.076004,92.141998,269.433990,-322.000000,-875.000000,1482.000000,108.000000,657.000000,485.000000
1040,1743685963238967,153.927994,-111.238998,115.650002,153.927994,109.476997,324.226013,129.526001,-93.890999,97.531998,129.490005,92.484001,270.446991,-279.000000,-473.000000,1814.000000,90.000000,632.000000,500.000000
1042,1743685963243521,154.251999,-111.470001,115.889999,154.251999,109.704002,324.910004,129.832001,-94.112999,97.763000,129.748993,92.741997,271.246002,-326.000000,-900.000000,2175.000000,362.000000,516.000000,1256.000000
1045,1743685963249137,154.737000,-111.815002,116.250000,154.737000,110.043999,325.929993,130.266998,-94.430000,98.096001,130.207993,92.955002,272.098999,473.000000,-1007.000000,2282.000000,25.000000,404.000000,881.000000
1047,1743685963253602,155.061005,-112.045998,116.489998,155.061005,110.269997,326.605011,130.707001,-94.763000,98.406998,130.677994,93.139000,272.779999,-273.000000,-523.000000,1776.000000,13.000000,410.000000,699.000000
1049,1743685963258066,155.384003,-112.276001,116.730003,155.384003,110.497002,327.276001,131.162994,-95.083000,98.736000,130.962997,93.489998,273.705994,-366.000000,-444.000000,2430.000000,90.000000,653.000000,463.000000
1052,1743685963263585,155.869995,-112.622002,117.089996,155.869995,110.836998,328.276001,131.557999,-95.337997,99.022003,131.472000,93.695999,274.371002,-258.000000,-747.000000,1901.000000,245.000000,340.000000,488.000000
1054,1743685963268140,156.192993,-112.851997,117.330002,156.192993,111.064003,328.937012,131.557999,-95.337997,99.022003,131.472000,93.695999,274.371002,-258.000000,-747.000000,1901.000000,245.000000,340.000000,488.000000
1056,1743685963273782,156.516998,-113.083000,117.570000,156.516998,111.290001,329.593994,131.940994,-95.574997,99.278999,131.804001,94.114998,275.690002,555.000000,-871.000000,2007.000000,580.000000,508.000000,1062.000000
1058,1743685963278303,156.839996,-113.313004,117.809998,156.839996,111.516998,330.246002,132.197006,-95.794998,99.514000,132.087997,94.311996,276.388000,320.000000,-1009.000000,1950.000000,46.000000,323.000000,576.000000
1061,1743685963283949,157.326004,-113.658997,118.169998,157.326004,111.857002,331.214996,132.621994,-96.112999,99.853996,132.554993,94.602997,277.329987,-335.000000,-531.000000,1737.000000,-218.000000,326.000000,499.000000
1063,1743685963288343,157.649002,-113.889000,118.410004,157.649002,112.084000,331.855011,133.080994,-96.410004,100.157997,133.018005,94.808998,277.989014,-473.000000,-536.000000,2204.000000,-304.000000,370.000000,516.000000
1066,1743685963293838,158.134995,-114.235001,118.769997,158.134995,112.424004,332.804993,133.554993,-96.622002,100.388000,133.315002,95.149002,278.977997,-61.000000,-356.000000,2129.000000,135.000000,408.000000,1069.000000
1068,1743685963298270,158.457993,-114.464996,119.010002,158.457993,112.650002,333.432007,133.856995,-96.914001,100.704002,133.710007,95.325996,279.639008,521.000000,-1409.000000,2202.000000,649.000000,657.000000,1202.000000
1070,1743685963303748,158.781998,-114.695999,119.250000,158.781998,112.876999,334.053009,134.270004,-97.220001,100.924004,134.001007,95.617996,280.549988,-207.000000,-1070.000000,1686.000000,131.000000,451.000000,643.000000
1072,1743685963308206,159.106003,-114.926003,119.489998,159.106003,113.103996,334.667999,134.544998,-97.446999,101.244003,134.436996,95.955002,281.546997,-349.000000,-849.000000,2147.000000,239.000000,297.000000,542.000000
1075,1743685963313773,159.591003,-115.272003,119.849998,159.591003,113.444000,335.580994,135.009003,-97.807999,101.646004,134.822006,96.254997,282.380005,429.000000,-1237.000000,2263.000000,132.000000,804.000000,1003.000000
1077,1743685963318283,159.914993,-115.501999,120.089996,159.914993,113.669998,336.181000,135.270996,-97.959000,101.806000,135.173996,96.487999,283.239014,532.000000,-981.000000,1858.000000,96.000000,173.000000,763.000000
1079,1743685963323862,160.238007,-115.733002,120.330002,160.238007,113.897003,336.774994,135.671997,-98.274002,102.134003,135.667007,96.763000,283.875000,281.000000,-961.000000,1950.000000,-35.000000,582.000000,772.000000
1082,1743685963328323,160.723999,-116.079002,120.690002,160.723999,114.237000,337.654999,136.100006,-98.601997,102.462997,136.076004,96.944000,284.873993,76.000000,-531.000000,2293.000000,-237.000000,445.000000,545.000000
1084,1743685963333923,161.046997,-116.308998,120.930000,161.046997,114.463997,338.233002,136.552994,-98.930000,102.678001,136.306000,97.230003,285.834015,-478.000000,-687.000000,2288.000000,158.000000,509.000000,571.000000
1086,1743685963338318,161.371002,-116.540001,121.169998,161.371002,114.690002,338.803986,136.710999,-99.036003,102.880997,136.584000,97.513000,286.544006,-399.000000,-534.000000,1737.000000,-47.000000,413.000000,461.000000
1089,1743685963343784,161.856003,-116.885002,121.528999,161.856003,115.029999,339.647003,137.113007,-99.283997,103.146004,137.009995,97.792999,287.389008,-119.000000,-1062.000000,2393.000000,15.000000,664.000000,1214.000000
1091,1743685963349220,162.179993,-117.115997,121.768997,162.179993,115.257004,340.200989,137.625000,-99.627998,103.514000,137.522003,98.070000,288.358002,117.000000,-1054.000000,1984.000000,-136.000000,307.000000,638.000000
1094,1743685963354655,162.664993,-117.460999,122.128998,162.664993,115.597000,341.016998,138.009995,-99.959999,103.848999,137.962006,98.302002,289.003998,-352.000000,-765.000000,2345.000000,-285.000000,438.000000,563.000000
1096,1743685963359050,162.988998,-117.692001,122.369003,162.988998,115.822998,341.552002,138.311005,-100.157997,104.063004,138.229996,98.642998,290.018005,-212.000000,-467.000000,2443.000000,41.000000,541.000000,440.000000
1098,1743685963364487,163.311996,-117.921997,122.609001,163.311996,116.050003,342.078003,138.692001,-100.408997,104.344002,138.550995,98.900002,290.783997,-250.000000,-357.000000,2074.000000,379.000000,353.000000,622.000000
1101,1743685963369977,163.798004,-118.267998,122.969002,163.798004,116.389999,342.854004,139.218002,-100.764999,104.739998,139.048996,99.112999,291.596985,774.000000,-1428.000000,2030.000000,615.000000,616.000000,1082.000000
1103,1743685963374492,164.121002,-118.498001,123.209000,164.121002,116.616997,343.360992,139.651001,-100.980003,104.948997,139.360992,99.379997,292.501007,-76.000000,-986.000000,1253.000000,171.000000,547.000000,513.000000
1105,1743685963380083,164.444000,-118.728996,123.448997,164.444000,116.843002,343.859009,139.927994,-101.277000,105.239998,139.847000,99.573997,293.138000,-351.000000,-1052.000000,2231.000000,193.000000,475.000000,412.000000
1107,1743685963384578,164.766998,-118.959000,123.689003,164.766998,117.070000,344.350006,140.203995,-101.483002,105.463997,140.143997,99.893997,294.089996,-399.000000,-895.000000,2314.000000,-332.000000,472.000000,442.000000
1110,1743685963390147,165.248993,-119.305000,124.049004,165.248993,117.410004,345.071991,140.682007,-101.839996,105.834999,140.630005,100.204002,294.851013,572.000000,-1290.000000,2635.000000,386.000000,669.000000,1095.000000
1112,1743685963394550,165.570007,-119.535004,124.289001,165.570007,117.637001,345.542999,140.957993,-102.052002,106.058998,140.906006,100.528000,295.850006,626.000000,-864.000000,2719.000000,-20.000000,173.000000,611.000000
1115,1743685963400027,166.048996,-119.880997,124.649002,166.048996,117.976997,346.234009,141.363007,-102.405998,106.410004,141.362000,100.709999,296.485992,-210.000000,-664.000000,2312.000000,-166.000000,481.000000,545.000000
1117,1743685963404409,166.365997,-120.111000,124.889000,166.365997,118.203003,346.684998,141.651993,-102.627998,106.629997,141.667007,101.010002,297.386993,-291.000000,-588.000000,1991.000000,91.000000,593.000000,496.000000
1119,1743685963409864,166.682999,-120.342003,125.128998,166.682999,118.430000,347.127991,142.132004,-102.917999,106.959999,142.082001,101.310997,298.351990,104.000000,-868.000000,2441.000000,353.000000,470.000000,847.000000
1122,1743685963415306,167.154007,-120.688004,125.488998,167.154007,118.769997,347.777008,142.542007,-103.178001,107.237999,142.425995,101.535004,299.097992,1028.000000,-1296.000000,1983.000000,382.000000,561.000000,620.000000
1124,1743685963420833,167.466003,-120.917999,125.728996,167.466003,118.997002,348.200012,142.985001,-103.469002,107.530998,142.882004,101.809998,300.041992,129.000000,-874.000000,1692.000000,44.000000,482.000000,436.000000
1126,1743685963425327,167.776001,-121.149002,125.969002,167.776001,119.223000,348.614990,143.283997,-103.685997,107.744003,143.167007,102.025002,300.612000,-31.000000,-883.000000,2449.000000,62.000000,480.000000,516.000000
1129,1743685963430886,168.235992,-121.494003,126.328003,168.235992,119.563004,349.221985,143.699005,-104.005997,108.086998,143.623993,102.403999,301.528992,-404.000000,-566.000000,2904.000000,-49.000000,474.000000,535.000000
1131,1743685963435370,168.541000,-121.723999,126.568001,168.541000,119.790001,349.617004,144.195999,-104.307999,108.432999,144.052002,102.671997,302.177002,358.000000,-1207.000000,2606.000000,334.000000,454.000000,915.000000
1133,1743685963440997,168.841995,-121.954002,126.806000,168.841995,120.015999,350.003998,144.649994,-104.602997,108.750000,144.554993,102.947998,303.088013,105.000000,-1147.000000,1534.000000,-30.000000,276.000000,697.000000
1136,1743685963445419,169.289001,-122.297997,127.163002,169.289001,120.355003,350.569000,144.649994,-104.602997,108.750000,144.554993,102.947998,303.088013,105.000000,-1147.000000,1534.000000,-30.000000,276.000000,697.000000
1138,1743685963450895,169.584000,-122.527000,127.399002,169.584000,120.580002,350.936005,145.376999,-105.169998,109.302002,145.085999,103.462997,304.566986,-362.000000,-879.000000,2260.000000,-177.000000,579.000000,451.000000
1140,1743685963455294,169.875000,-122.753998,127.635002,169.875000,120.804001,351.295013,145.781998,-105.424004,109.550003,145.593994,103.643997,305.131012,-176.000000,-441.000000,1874.000000,335.000000,301.000000,585.000000
1143,1743685963460762,170.306000,-123.093002,127.985001,170.306000,121.139000,351.817993,146.186005,-105.661003,109.828003,145.990005,104.099998,306.274994,714.000000,-857.000000,2638.000000,392.000000,536.000000,760.000000
1145,1743685963465155,170.589005,-123.318001,128.216995,170.589005,121.361000,352.157013,146.186005,-105.661003,109.828003,145.990005,104.099998,306.274994,714.000000,-857.000000,2638.000000,392.000000,536.000000,760.000000
1147,1743685963470603,170.867996,-123.541000,128.447006,170.867996,121.581001,352.488007,146.494003,-105.861000,110.031998,146.292007,104.275002,306.881012,701.000000,-1240.000000,2434.000000,-15.000000,372.000000,576.000000
1150,1743685963476057,171.279007,-123.873001,128.789001,171.279007,121.907997,352.968994,146.891006,-106.195999,110.363998,146.744995,104.502998,307.791992,-26.000000,-978.000000,2234.000000,42.000000,427.000000,627.000000
1152,1743685963480451,171.548004,-124.092003,129.014008,171.548004,122.125000,353.279999,147.300995,-106.535004,110.722000,147.153000,104.788002,308.358002,-365.000000,-918.000000,2539.000000,39.000000,1083.000000,488.000000
1154,1743685963485919,171.813004,-124.308998,129.237000,171.813004,122.338997,353.583008,147.664993,-106.776001,110.998001,147.487000,105.070000,309.053009,265.000000,-951.000000,2204.000000,664.000000,133.000000,499.000000
1156,1743685963490419,172.074005,-124.523003,129.457001,172.074005,122.551003,353.877991,147.962997,-106.971001,111.212997,147.796997,105.335999,309.936005,698.000000,-1066.000000,1977.000000,512.000000,535.000000,549.000000
1159,1743685963496011,172.455994,-124.841003,129.783005,172.455994,122.864998,354.304993,148.378006,-107.300003,111.544998,148.235001,105.632004,310.515991,-181.000000,-621.000000,2241.000000,-164.000000,541.000000,595.000000
1161,1743685963500515,172.705002,-125.049004,129.996994,172.705002,123.071999,354.579987,148.779999,-107.584999,111.850998,148.695007,105.792000,311.273987,-218.000000,-724.000000,2365.000000,-284.000000,454.000000,591.000000
1163,1743685963506154,172.949005,-125.254997,130.207993,172.949005,123.275002,354.846985,149.065002,-107.829002,112.070000,148.992996,106.103996,312.121002,-151.000000,-873.000000,2358.000000,-34.000000,490.000000,635.000000
1166,1743685963510579,173.304993,-125.557999,130.518005,173.304993,123.575996,355.233002,149.520996,-108.127998,112.402000,149.393005,106.315002,312.674011,1059.000000,-1344.000000,2884.000000,575.000000,693.000000,650.000000
1169,1743685963517139,173.647995,-125.855003,130.820999,173.647995,123.869003,355.600006,149.800995,-108.333000,112.626999,149.666000,106.622002,313.487000,774.000000,-1083.000000,1740.000000,290.000000,574.000000,458.000000
1171,1743685963521538,173.871002,-126.047997,131.018005,173.871002,124.060997,355.834991,150.238998,-108.653000,112.954002,150.162994,107.000999,314.289001,23.000000,-1161.000000,2031.000000,326.000000,662.000000,420.000000
1173,1743685963527050,174.087006,-126.237999,131.212006,174.087006,124.249001,356.062012,150.681000,-109.001999,113.277000,150.621994,107.225998,314.821014,-319.000000,-760.000000,2463.000000,156.000000,279.000000,505.000000
1175,1743685963531525,174.298004,-126.424004,131.401001,174.298004,124.433998,356.281006,151.162003,-109.311996,113.487000,150.938004,107.531998,315.592987,310.000000,-605.000000,2585.000000,-227.000000,538.000000,561.000000
1178,1743685963537101,174.602005,-126.695999,131.677994,174.602005,124.704002,356.593994,151.552002,-109.535004,113.873001,151.412003,107.755997,316.178986,374.000000,-1031.000000,2516.000000,194.000000,709.000000,541.000000
1180,1743685963541613,174.796997,-126.872002,131.856995,174.796997,124.878998,356.792999,151.968002,-109.848000,114.165001,151.832993,108.007004,316.958008,-229.000000,-759.000000,1583.000000,122.000000,467.000000,417.000000
1182,1743685963546098,174.985992,-127.043999,132.031006,174.985992,125.050003,356.984009,152.197006,-110.066002,114.376999,152.113998,108.190002,317.421997,-127.000000,-1126.000000,2247.000000,-92.000000,496.000000,533.000000
1185,1743685963551656,175.255997,-127.293999,132.285004,175.255997,125.297997,357.256012,152.621002,-110.387001,114.723000,152.557007,108.490997,318.200989,-192.000000,-872.000000,2838.000000,-171.000000,532.000000,404.000000
1187,1743685963556077,175.427994,-127.454002,132.447006,175.427994,125.457001,357.428009,153.039993,-110.637001,115.018997,152.901993,108.760002,318.713989,492.000000,-1102.000000,2513.000000,624.000000,650.000000,520.000000
1189,1743685963561558,175.591995,-127.610001,132.604996,175.591995,125.612999,357.592010,153.375000,-110.828003,115.238998,153.229996,109.151001,319.550995,562.000000,-1170.000000,2024.000000,63.000000,285.000000,393.000000
1192,1743685963567013,175.826004,-127.834000,132.830994,175.826004,125.835999,357.825989,153.835007,-111.150002,115.571999,153.632004,109.287003,320.028015,-45.000000,-1014.000000,2252.000000,-187.000000,362.000000,511.000000
1194,1743685963571391,175.973007,-127.976997,132.975006,175.973007,125.978996,357.972992,154.250000,-111.468002,115.919998,154.031006,109.676003,320.699005,-88.000000,-1276.000000,2479.000000,-187.000000,1096.000000,579.000000
1196,1743685963576827,176.113007,-128.115005,133.113998,176.113007,126.115997,358.113007,154.386002,-111.579002,116.026001,154.164001,109.872002,321.312012,-187.000000,-1193.000000,2398.000000,318.000000,293.000000,427.000000
1199,1743685963582295,176.311005,-128.311005,133.311005,176.311005,126.311996,358.311005,154.901001,-111.945000,116.383003,154.666000,110.213997,321.973999,208.000000,-1131.000000,1907.000000,661.000000,964.000000,612.000000
1201,1743685963587771,176.434998,-128.434998,133.434998,176.434998,126.434998,358.434998,155.276001,-112.258003,116.699997,155.113998,110.393997,322.445007,71.000000,-1059.000000,1482.000000,421.000000,255.000000,366.000000
1203,1743685963592285,176.552994,-128.552994,133.552994,176.552994,126.553001,358.553009,155.645004,-112.570000,116.998001,155.554001,110.653999,323.119995,-221.000000,-687.000000,2970.000000,387.000000,452.000000,516.000000
1206,1743685963597831,176.718002,-128.718002,133.718002,176.718002,126.718002,358.717987,155.897995,-112.792000,117.214996,155.822998,110.897003,323.575989,-152.000000,-561.000000,3366.000000,-286.000000,598.000000,597.000000
1208,1743685963602315,176.820999,-128.820999,133.820999,176.820999,126.820999,358.821014,156.225998,-113.052002,117.498001,156.132004,111.262001,324.101990,56.000000,-671.000000,2944.000000,-55.000000,485.000000,354.000000
1211,1743685963607939,176.964996,-128.964996,133.964996,176.964996,126.964996,358.964996,156.587997,-113.288002,117.780998,156.449997,111.519997,324.880005,297.000000,-1172.000000,2046.000000,634.000000,406.000000,384.000000
1213,1743685963612376,177.054001,-129.054001,134.054001,177.054001,127.054001,359.053986,157.031998,-113.591003,118.098000,156.871002,111.844002,325.476013,265.000000,-1078.000000,1500.000000,768.000000,631.000000,426.000000
1215,1743685963617882,177.138000,-129.138000,134.138000,177.138000,127.138000,359.138000,157.423004,-113.894997,118.380997,157.147995,112.003998,325.901001,137.000000,-1307.000000,1730.000000,-170.000000,427.000000,446.000000
1217,1743685963622276,177.216003,-129.216003,134.216003,177.216003,127.216003,359.216003,157.688004,-114.114998,118.582001,157.561005,112.309998,326.507996,44.000000,-907.000000,2027.000000,-363.000000,444.000000,526.000000
1220,1743685963627717,177.324997,-129.324997,134.324997,177.324997,127.324997,359.325012,158.031998,-114.402000,118.856003,157.910004,112.583000,327.040009,-212.000000,-897.000000,2887.000000,-145.000000,501.000000,284.000000
1222,1743685963632213,177.391998,-129.391998,134.391998,177.391998,127.391998,359.391998,158.406998,-114.621002,119.106003,158.210007,112.813004,327.549988,-233.000000,-552.000000,2989.000000,444.000000,346.000000,521.000000
1224,1743685963637810,177.453995,-129.453995,134.453995,177.453995,127.454002,359.454010,158.789993,-114.901001,119.431999,158.561005,112.968002,327.942993,-372.000000,-720.000000,2152.000000,476.000000,263.000000,382.000000
1226,1743685963642339,177.511993,-129.511993,134.511993,177.511993,127.512001,359.511993,159.042999,-115.094002,119.636002,158.809998,113.218002,328.498993,-214.000000,-978.000000,2009.000000,-362.000000,488.000000,297.000000
1229,1743685963647919,177.589996,-129.589996,134.589996,177.589996,127.589996,359.589996,159.470001,-115.455002,120.011002,159.285004,113.501999,328.976990,70.000000,-1216.000000,2408.000000,-618.000000,759.000000,525.000000
1231,1743685963652413,177.638000,-129.638000,134.638000,177.638000,127.638000,359.638000,159.774002,-115.598999,120.178001,159.462006,113.788002,329.463989,-57.000000,-1519.000000,2052.000000,558.000000,638.000000,273.000000
1234,1743685963657888,177.701996,-129.701996,134.701996,177.701996,127.702003,359.701996,160.024002,-115.882004,120.481003,159.798004,114.124001,330.036011,2.000000,-877.000000,1395.000000,-274.000000,350.000000,408.000000
1236,1743685963662337,177.740005,-129.740005,134.740005,177.740005,127.739998,359.739990,160.391998,-116.184998,120.730003,160.199005,114.341003,330.338989,34.000000,-650.000000,1225.000000,-415.000000,403.000000,450.000000
1238,1743685963667912,177.774994,-129.774994,134.774994,177.774994,127.775002,359.774994,160.632996,-116.348999,120.883003,160.399994,114.542000,330.848999,281.000000,-601.000000,2550.000000,827.000000,646.000000,446.000000
1240,1743685963672445,177.806000,-129.806000,134.806000,177.806000,127.806000,359.806000,160.985001,-116.647003,121.180000,160.716995,114.714996,331.196991,12.000000,-718.000000,2954.000000,401.000000,420.000000,437.000000
1243,1743685963679089,177.848007,-129.848007,134.848007,177.848007,127.848000,359.847992,161.276993,-116.941002,121.500999,161.076004,114.966003,331.730011,-400.000000,-728.000000,2154.000000,-681.000000,321.000000,339.000000
1245,1743685963683566,177.871994,-129.871994,134.871994,177.871994,127.872002,359.882996,161.276993,-116.941002,121.500999,161.076004,114.966003,331.730011,-400.000000,-728.000000,2154.000000,-681.000000,321.000000,339.000000
1248,1743685963689099,177.903000,-129.903000,134.903000,177.903000,127.903000,359.903015,161.798004,-117.367996,121.948997,161.623993,115.366997,332.571991,-369.000000,-905.000000,2246.000000,597.000000,486.000000,541.000000
1250,1743685963693486,177.921005,-129.921005,134.921005,177.921005,127.920998,359.920990,162.102997,-117.625000,122.246002,161.787003,115.617996,333.010010,-172.000000,-1052.000000,2366.000000,-546.000000,563.000000,383.000000
1253,1743685963698923,177.942993,-129.942993,134.942993,177.942993,127.943001,359.942993,162.294006,-117.800003,122.421997,162.186996,115.913002,333.496002,-46.000000,-700.000000,1262.000000,1248.000000,486.000000,255.000000
1255,1743685963703287,177.955994,-129.955994,134.955994,177.955994,127.956001,359.955994,162.595993,-118.041000,122.658997,162.498001,116.174004,333.954010,-14.000000,-442.000000,1575.000000,167.000000,314.000000,319.000000
1257,1743685963708733,177.966003,-129.966003,134.966003,177.966003,127.966003,359.966003,162.595993,-118.041000,122.658997,162.498001,116.174004,333.954010,-14.000000,-442.000000,1575.000000,167.000000,314.000000,319.000000
1259,1743685963713141,177.973999,-129.973999,134.973999,177.973999,127.973999,359.973999,162.798004,-118.193001,122.827003,162.673996,116.342003,334.266998,92.000000,-508.000000,1693.000000,288.000000,338.000000,463.000000
1262,1743685963718753,177.983994,-129.983994,134.983994,177.983994,127.984001,359.984009,163.070999,-118.438004,123.047997,162.964996,116.574997,334.718994,-69.000000,-698.000000,1898.000000,996.000000,642.000000,507.000000
1264,1743685963724386,177.988998,-129.988998,134.988998,177.988998,127.988998,359.989014,163.354996,-118.661003,123.302002,163.270004,116.785004,335.157013,-567.000000,-643.000000,2504.000000,-1054.000000,205.000000,279.000000
1266,1743685963728902,177.992996,-129.992996,134.992996,177.992996,127.992996,359.993011,163.548996,-118.833000,123.459999,163.404999,116.934998,335.429993,-890.000000,-488.000000,1680.000000,1309.000000,421.000000,377.000000
1268,1743685963733381,177.996002,-129.996002,134.996002,177.996002,127.996002,359.996002,163.806000,-119.056000,123.693001,163.729996,117.138000,335.872009,-120.000000,-872.000000,2317.000000,-974.000000,498.000000,397.000000
1271,1743685963738983,177.998001,-129.998001,134.998001,177.998001,127.998001,359.997986,164.082993,-119.292999,123.933998,163.865997,117.279999,336.102997,362.000000,-819.000000,1709.000000,1073.000000,324.000000,285.000000
1273,1743685963743401,177.998993,-129.998993,134.998993,177.998993,127.999001,359.998993,164.300995,-119.461998,124.109001,164.205002,117.550003,336.582001,259.000000,-671.000000,2111.000000,-243.000000,632.000000,447.000000
1276,1743685963748877,178.000000,-130.000000,135.000000,178.000000,128.000000,360.000000,164.587997,-119.667000,124.350998,164.348007,117.734001,336.852997,-515.000000,24.000000,1260.000000,221.000000,-18.000000,163.000000
1278,1743685963754482,178.000000,-130.000000,135.000000,178.000000,128.000000,360.000000,164.828995,-119.850998,124.486000,164.626999,117.862000,337.231995,-449.000000,-340.000000,1919.000000,-857.000000,410.000000,209.000000
1279,1743685963760091,178.000000,-130.000000,135.000000,178.000000,128.000000,360.000000,164.990997,-119.970001,124.660004,164.740997,118.134003,337.587006,-356.000000,-493.000000,1062.000000,1078.000000,557.000000,433.000000
1279,1743685963764587,178.000000,-130.000000,135.000000,178.000000,128.000000,360.000000,165.182999,-120.074997,124.766998,165.005005,118.247002,337.824005,-174.000000,-772.000000,2457.000000,-957.000000,456.000000,368.000000
1279,1743685963769102,178.000000,-130.000000,135.000000,178.000000,128.000000,360.000000,165.410995,-120.307999,124.995003,165.134003,118.419998,338.166992,-121.000000,-822.000000,1507.000000,1497.000000,305.000000,299.000000
1279,1743685963774681,178.000000,-130.000000,135.000000,178.000000,128.000000,360.000000,165.524994,-120.414001,125.100998,165.389999,118.586998,338.520996,-142.000000,-557.000000,1388.000000,-707.000000,372.000000,333.000000
1279,1743685963779123,178.000000,-130.000000,135.000000,178.000000,128.000000,360.000000,165.766998,-120.616997,125.264000,165.503998,118.759003,338.863007,196.000000,-551.000000,1573.000000,1552.000000,591.000000,261.000000
1279,1743685963784646,178.000000,-130.000000,135.000000,178.000000,128.000000,360.000000,165.996994,-120.778999,125.425003,165.787003,118.856003,339.066010,266.000000,-929.000000,2255.000000,-691.000000,507.000000,496.000000
1279,1743685963789083,178.000000,-130.000000,135.000000,178.000000,128.000000,360.000000,166.166000,-120.891998,125.539001,165.921997,118.987999,339.381989,306.000000,-601.000000,1769.000000,-433.000000,401.000000,329.000000
1279,1743685963794586,178.000000,-130.000000,135.000000,178.000000,128.000000,360.000000,166.322998,-121.003998,125.670998,166.016998,119.123001,339.639008,-202.000000,-322.000000,2236.000000,1867.000000,137.000000,261.000000
1279,1743685963800084,178.000000,-130.000000,135.000000,178.000000,128.000000,360.000000,166.524994,-121.168999,125.836998,166.317001,119.235001,339.951996,-532.000000,-314.000000,1577.000000,-1536.000000,389.000000,395.000000
1279,1743685963804520,178.000000,-130.000000,135.000000,178.000000,128.000000,360.000000,166.699005,-121.307999,126.002998,166.412003,119.376999,340.157013,-169.000000,-450.000000,2114.000000,1968.000000,256.000000,280.000000
1279,1743685963810154,178.000000,-130.000000,135.000000,178.000000,128.000000,360.000000,166.806000,-121.380997,126.101997,166.528000,119.445999,340.493011,-175.000000,-759.000000,2238.000000,838.000000,228.000000,288.000000
1279,1743685963814618,178.000000,-130.000000,135.000000,178.000000,128.000000,360.000000,166.957001,-121.518997,126.255997,166.811996,119.550003,340.696014,25.000000,-594.000000,1580.000000,-992.000000,673.000000,392.000000
1279,1743685963819156,178.000000,-130.000000,135.000000,178.000000,128.000000,360.000000,167.085999,-121.627998,126.396004,166.841003,119.678001,341.022003,-187.000000,-575.000000,1433.000000,1912.000000,236.000000,254.000000
1279,1743685963824695,178.000000,-130.000000,135.000000,178.000000,128.000000,360.000000,167.182007,-121.709999,126.463997,166.945999,119.775002,341.223999,325.000000,-836.000000,1315.000000,590.000000,365.000000,93.000000
1279,1743685963829182,178.000000,-130.000000,135.000000,178.000000,128.000000,360.000000,167.320999,-121.867996,126.594002,167.207001,119.901001,341.479004,256.000000,-844.000000,2141.000000,-865.000000,354.000000,350.000000
1279,1743685963834810,178.000000,-130.000000,135.000000,178.000000,128.000000,360.000000,167.524002,-122.008003,126.745003,167.272003,119.987000,341.673004,347.000000,-604.000000,1808.000000,2079.000000,232.000000,456.000000
1279,1743685963839261,178.000000,-130.000000,135.000000,178.000000,128.000000,360.000000,167.703995,-122.107002,126.842003,167.485992,120.139000,341.924011,-94.000000,-498.000000,1731.000000,-587.000000,496.000000,359.000000
1279,1743685963844770,178.000000,-130.000000,135.000000,178.000000,128.000000,360.000000,167.813995,-122.217003,126.953003,167.604004,120.234001,342.074005,-181.000000,-380.000000,1892.000000,-1292.000000,148.000000,400.000000
1279,1743685963849206,178.000000,-130.000000,135.000000,178.000000,128.000000,360.000000,167.968994,-122.335999,127.078003,167.699997,120.346001,342.321014,-121.000000,-602.000000,1733.000000,1982.000000,376.000000,284.000000
1279,1743685963854723,178.000000,-130.000000,135.000000,178.000000,128.000000,360.000000,168.056000,-122.384003,127.127998,167.809006,120.474998,342.605011,-152.000000,-632.000000,1534.000000,1289.000000,391.000000,360.000000
1279,1743685963859255,178.000000,-130.000000,135.000000,178.000000,128.000000,360.000000,168.195007,-122.547997,127.279999,168.072998,120.586998,342.813995,-223.000000,-734.000000,1908.000000,-1598.000000,439.000000,254.000000
1279,1743685963864850,178.000000,-130.000000,135.000000,178.000000,128.000000,360.000000,168.272003,-122.628998,127.352997,168.143005,120.646004,342.990997,-96.000000,-646.000000,1272.000000,700.000000,370.000000,456.000000
1279,1743685963869372,178.000000,-130.000000,135.000000,178.000000,128.000000,360.000000,168.350998,-122.684998,127.402000,168.184998,120.810997,343.281006,-80.000000,-732.000000,1726.000000,1923.000000,384.000000,314.000000
1279,1743685963874968,178.000000,-130.000000,135.000000,178.000000,128.000000,360.000000,168.429001,-122.820000,127.522003,168.332993,120.874001,343.428009,298.000000,-822.000000,2168.000000,231.000000,481.000000,453.000000
1279,1743685963879500,178.000000,-130.000000,135.000000,178.000000,128.000000,360.000000,168.429001,-122.820000,127.522003,168.332993,120.874001,343.428009,298.000000,-822.000000,2168.000000,231.000000,481.000000,453.000000
1279,1743685963885011,178.000000,-130.000000,135.000000,178.000000,128.000000,360.000000,168.608994,-122.971001,127.686996,168.576996,121.031998,343.819000,473.000000,-788.000000,1741.000000,1327.000000,286.000000,349.000000
1279,1743685963889462,178.000000,-130.000000,135.000000,178.000000,128.000000,360.000000,168.608994,-122.971001,127.686996,168.576996,121.031998,343.819000,473.000000,-788.000000,1741.000000,1327.000000,286.000000,349.000000
1279,1743685963894921,178.000000,-130.000000,135.000000,178.000000,128.000000,360.000000,168.733994,-123.059998,127.801003,168.654999,121.136002,344.062012,312.000000,-638.000000,2076.000000,2000.000000,394.000000,216.000000
1279,1743685963899361,178.000000,-130.000000,135.000000,178.000000,128.000000,360.000000,168.824005,-123.142998,127.887001,168.817993,121.227997,344.285004,275.000000,-560.000000,1835.000000,327.000000,338.000000,338.000000
1279,1743685963904845,178.000000,-130.000000,135.000000,178.000000,128.000000,360.000000,168.957001,-123.228996,127.985001,168.979004,121.275002,344.429993,359.000000,-864.000000,1754.000000,-1523.000000,350.000000,399.000000
1279,1743685963909271,178.000000,-130.000000,135.000000,178.000000,128.000000,360.000000,169.042999,-123.274002,128.033005,169.007996,121.375000,344.634003,184.000000,-758.000000,1857.000000,825.000000,370.000000,242.000000
1279,1743685963914742,178.000000,-130.000000,135.000000,178.000000,128.000000,360.000000,169.255997,-123.380997,128.158997,169.093994,121.462997,344.869995,40.000000,-798.000000,1915.000000,2092.000000,259.000000,230.000000
1279,1743685963919149,178.000000,-130.000000,135.000000,178.000000,128.000000,360.000000,169.371994,-123.441002,128.222000,169.220993,121.507004,345.015015,393.000000,-647.000000,1422.000000,342.000000,374.000000,385.000000
1279,1743685963924866,178.000000,-130.000000,135.000000,178.000000,128.000000,360.000000,169.509995,-123.532997,128.317001,169.406006,121.584999,345.231995,-206.000000,-633.000000,2009.000000,-1350.000000,378.000000,419.000000
1279,1743685963929402,178.000000,-130.000000,135.000000,178.000000,128.000000,360.000000,169.639008,-123.626999,128.416000,169.460999,121.640999,345.377991,-88.000000,-673.000000,2242.000000,1675.000000,296.000000,276.000000
1279,1743685963934963,178.000000,-130.000000,135.000000,178.000000,128.000000,360.000000,169.753006,-123.710999,128.511002,169.509003,121.733002,345.591003,-272.000000,-763.000000,1801.000000,2024.000000,520.000000,350.000000
1279,1743685963939476,178.000000,-130.000000,135.000000,178.000000,128.000000,360.000000,169.815994,-123.769997,128.574997,169.634995,121.838997,345.785004,-167.000000,-725.000000,1689.000000,600.000000,284.000000,315.000000
1279,1743685963945096,178.000000,-130.000000,135.000000,178.000000,128.000000,360.000000,169.893005,-123.862000,128.658005,169.768997,121.879997,345.911987,70.000000,-675.000000,1456.000000,-1330.000000,282.000000,362.000000
1279,1743685963949573,178.000000,-130.000000,135.000000,178.000000,128.000000,360.000000,169.934998,-123.925003,128.718002,169.865997,121.968002,346.113007,255.000000,-613.000000,1551.000000,525.000000,554.000000,551.000000
1279,1743685963955049,178.000000,-130.000000,135.000000,178.000000,128.000000,360.000000,169.990005,-124.015999,128.802994,169.944000,122.055000,346.319000,303.000000,-833.000000,2212.000000,2044.000000,253.000000,214.000000
1279,1743685963959473,178.000000,-130.000000,135.000000,178.000000,128.000000,360.000000,170.070999,-124.112000,128.897003,170.065002,122.106003,346.441986,180.000000,-380.000000,1857.000000,973.000000,247.000000,343.000000
1279,1743685963965015,178.000000,-130.000000,135.000000,178.000000,128.000000,360.000000,170.167999,-124.194000,128.983002,170.192993,122.186996,346.635010,291.000000,-603.000000,1828.000000,-833.000000,419.000000,341.000000
1279,1743685963969392,178.000000,-130.000000,135.000000,178.000000,128.000000,360.000000,170.244003,-124.249001,129.044998,170.322006,122.244003,346.739990,423.000000,-824.000000,1660.000000,-300.000000,309.000000,265.000000
1279,1743685963974889,178.000000,-130.000000,135.000000,178.000000,128.000000,360.000000,170.371002,-124.321999,129.125000,170.354004,122.331001,346.937988,247.000000,-764.000000,1461.000000,1613.000000,294.000000,409.000000
1279,1743685963979317,178.000000,-130.000000,135.000000,178.000000,128.000000,360.000000,170.466003,-124.376999,129.175003,170.434998,122.412003,347.140015,129.000000,-697.000000,1907.000000,1905.000000,529.000000,402.000000
1279,1743685963984839,178.000000,-130.000000,135.000000,178.000000,128.000000,360.000000,170.619995,-124.464996,129.266998,170.542007,122.512001,347.322998,317.000000,-709.000000,2093.000000,66.000000,361.000000,193.000000
1279,1743685963989329,178.000000,-130.000000,135.000000,178.000000,128.000000,360.000000,170.737000,-124.513000,129.317993,170.669006,122.567001,347.445007,226.000000,-679.000000,1749.000000,-1423.000000,353.000000,423.000000
1279,1743685963994947,178.000000,-130.000000,135.000000,178.000000,128.000000,360.000000,170.904007,-124.593002,129.397995,170.804001,122.644997,347.628998,174.000000,-630.000000,1650.000000,98.000000,408.000000,200.000000
1279,1743685963999475,178.000000,-130.000000,135.000000,178.000000,128.000000,360.000000,171.039001,-124.666000,129.475998,170.858002,122.704002,347.725006,-87.000000,-618.000000,1837.000000,1772.000000,438.000000,210.000000
1279,1743685964005093,178.000000,-130.000000,135.000000,178.000000,128.000000,360.000000,171.149994,-124.736000,129.548996,170.914001,122.785004,347.907990,-56.000000,-693.000000,1702.000000,1748.000000,326.000000,361.000000
1279,1743685964009573,178.000000,-130.000000,135.000000,178.000000,128.000000,360.000000,171.218994,-124.785004,129.604004,171.022003,122.858002,348.078003,-122.000000,-644.000000,1726.000000,-50.000000,523.000000,173.000000
1279,1743685964014078,178.000000,-130.000000,135.000000,178.000000,128.000000,360.000000,171.218994,-124.785004,129.604004,171.022003,122.858002,348.078003,-122.000000,-644.000000,1726.000000,-50.000000,523.000000,173.000000
1279,1743685964019638,178.000000,-130.000000,135.000000,178.000000,128.000000,360.000000,171.365997,-124.894997,129.718994,171.242996,122.980003,348.351013,43.000000,-699.000000,1734.000000,296.000000,481.000000,459.000000
1279,1743685964024126,178.000000,-130.000000,135.000000,178.000000,128.000000,360.000000,171.440994,-124.964996,129.781006,171.298004,123.052002,348.519989,126.000000,-701.000000,1872.000000,1828.000000,532.000000,86.000000
1279,1743685964029741,178.000000,-130.000000,135.000000,178.000000,128.000000,360.000000,171.440994,-124.964996,129.781006,171.298004,123.052002,348.519989,126.000000,-701.000000,1872.000000,1828.000000,532.000000,86.000000
1279,1743685964034246,178.000000,-130.000000,135.000000,178.000000,128.000000,360.000000,171.514999,-125.049004,129.865005,171.335007,123.096001,348.610992,160.000000,-780.000000,2131.000000,1599.000000,565.000000,260.000000
1279,1743685964039818,178.000000,-130.000000,135.000000,178.000000,128.000000,360.000000,171.602005,-125.108002,129.914001,171.395996,123.164001,348.770996,282.000000,-675.000000,1766.000000,626.000000,436.000000,315.000000
1279,1743685964044294,178.000000,-130.000000,135.000000,178.000000,128.000000,360.000000,171.649994,-125.155998,129.979996,171.580002,123.208000,348.877014,232.000000,-699.000000,1367.000000,-1422.000000,359.000000,407.000000
1279,1743685964049866,178.000000,-130.000000,135.000000,178.000000,128.000000,360.000000,171.731995,-125.230003,130.033997,171.645996,123.268997,349.033997,93.000000,-549.000000,1679.000000,-668.000000,368.000000,206.000000
1279,1743685964054391,178.000000,-130.000000,135.000000,178.000000,128.000000,360.000000,171.783005,-125.274002,130.098007,171.675995,123.331001,349.199005,386.000000,-542.000000,2055.000000,1585.000000,552.000000,458.000000
1279,1743685964060036,178.000000,-130.000000,135.000000,178.000000,128.000000,360.000000,171.871002,-125.337997,130.167999,171.716003,123.393997,349.365997,207.000000,-698.000000,2180.000000,1949.000000,450.000000,146.000000
1279,1743685964064583,178.000000,-130.000000,135.000000,178.000000,128.000000,360.000000,171.977005,-125.407997,130.253006,171.789001,123.435997,349.463989,183.000000,-576.000000,1791.000000,1442.000000,391.000000,268.000000
1279,1743685964070167,178.000000,-130.000000,135.000000,178.000000,128.000000,360.000000,172.065002,-125.460999,130.311005,171.871002,123.492996,349.613007,171.000000,-652.000000,1659.000000,125.000000,372.000000,275.000000
1279,1743685964074600,178.000000,-130.000000,135.000000,178.000000,128.000000,360.000000,172.106995,-125.505997,130.354004,172.016998,123.526001,349.714996,65.000000,-716.000000,1696.000000,-1487.000000,407.000000,330.000000
1279,1743685964079063,178.000000,-130.000000,135.000000,178.000000,128.000000,360.000000,172.182999,-125.579002,130.399994,172.069000,123.584999,349.865997,-14.000000,-676.000000,1697.000000,-198.000000,334.000000,331.000000
1279,1743685964084656,178.000000,-130.000000,135.000000,178.000000,128.000000,360.000000,172.238007,-125.615997,130.468994,172.108994,123.651001,350.010010,222.000000,-719.000000,1816.000000,1627.000000,268.000000,344.000000
1279,1743685964089156,178.000000,-130.000000,135.000000,178.000000,128.000000,360.000000,172.326996,-125.683998,130.539001,172.151001,123.703003,350.152008,123.000000,-727.000000,1775.000000,1806.000000,445.000000,381.000000
1279,1743685964094788,178.000000,-130.000000,135.000000,178.000000,128.000000,360.000000,172.404007,-125.745003,130.604004,172.227005,123.730003,350.239014,58.000000,-592.000000,1809.000000,1226.000000,421.000000,286.000000
1279,1743685964099250,178.000000,-130.000000,135.000000,178.000000,128.000000,360.000000,172.479004,-125.800003,130.649994,172.304993,123.785004,350.367004,224.000000,-667.000000,1965.000000,6.000000,308.000000,231.000000
1279,1743685964104791,178.000000,-130.000000,135.000000,178.000000,128.000000,360.000000,172.526993,-125.848999,130.701996,172.455002,123.825996,350.450012,223.000000,-690.000000,1879.000000,-1558.000000,378.000000,54.000000
1279,1743685964109297,178.000000,-130.000000,135.000000,178.000000,128.000000,360.000000,172.636002,-125.917000,130.751007,172.529999,123.869003,350.587006,252.000000,-578.000000,1888.000000,-147.000000,351.000000,420.000000
1279,1743685964114869,178.000000,-130.000000,135.000000,178.000000,128.000000,360.000000,172.710007,-125.946999,130.804993,172.559006,123.931000,350.723999,253.000000,-668.000000,1744.000000,1488.000000,438.000000,188.000000
1279,1743685964119342,178.000000,-130.000000,135.000000,178.000000,128.000000,360.000000,172.806000,-126.009003,130.873001,172.610001,123.994003,350.839996,46.000000,-672.000000,1792.000000,1873.000000,308.000000,209.000000
1279,1743685964124927,178.000000,-130.000000,135.000000,178.000000,128.000000,360.000000,172.863998,-126.057999,130.921005,172.636002,124.033997,350.928986,54.000000,-796.000000,1467.000000,1795.000000,237.000000,421.000000
1279,1743685964129401,178.000000,-130.000000,135.000000,178.000000,128.000000,360.000000,172.863998,-126.057999,130.921005,172.636002,124.033997,350.928986,54.000000,-796.000000,1467.000000,1795.000000,237.000000,421.000000
1279,1743685964134948,178.000000,-130.000000,135.000000,178.000000,128.000000,360.000000,173.022003,-126.155998,131.024994,172.832001,124.127998,351.131989,210.000000,-613.000000,2107.000000,-967.000000,458.000000,246.000000
1279,1743685964139460,178.000000,-130.000000,135.000000,178.000000,128.000000,360.000000,173.095993,-126.219002,131.063995,172.953003,124.167999,351.264008,10.000000,-704.000000,1989.000000,-1504.000000,455.000000,128.000000
1279,1743685964145068,178.000000,-130.000000,135.000000,178.000000,128.000000,360.000000,173.095993,-126.219002,131.063995,172.953003,124.167999,351.264008,10.000000,-704.000000,1989.000000,-1504.000000,455.000000,128.000000
1279,1743685964149518,178.000000,-130.000000,135.000000,178.000000,128.000000,360.000000,173.143997,-126.250000,131.110001,172.988998,124.224998,351.393005,-135.000000,-716.000000,1647.000000,597.000000,467.000000,384.000000
1279,1743685964155042,178.000000,-130.000000,135.000000,178.000000,128.000000,360.000000,173.212997,-126.301003,131.167999,173.011993,124.280998,351.510986,238.000000,-596.000000,1799.000000,1718.000000,310.000000,305.000000
1279,1743685964159550,178.000000,-130.000000,135.000000,178.000000,128.000000,360.000000,173.257004,-126.339996,131.207993,173.059998,124.307999,351.600006,187.000000,-721.000000,1921.000000,1896.000000,442.000000,269.000000
1279,1743685964164041,178.000000,-130.000000,135.000000,178.000000,128.000000,360.000000,173.322006,-126.386002,131.259003,173.102997,124.362000,351.734985,38.000000,-587.000000,1632.000000,1669.000000,480.000000,129.000000
1279,1743685964169652,178.000000,-130.000000,135.000000,178.000000,128.000000,360.000000,173.373001,-126.431999,131.307007,173.156006,124.402000,351.815002,175.000000,-668.000000,1535.000000,1073.000000,354.000000,241.000000
1279,1743685964174161,178.000000,-130.000000,135.000000,178.000000,128.000000,360.000000,173.423996,-126.486000,131.350998,173.210999,124.460999,351.928986,158.000000,-760.000000,1607.000000,-102.000000,330.000000,352.000000
1279,1743685964179750,178.000000,-130.000000,135.000000,178.000000,128.000000,360.000000,173.460999,-126.513000,131.403000,173.365005,124.502998,352.010986,139.000000,-593.000000,1749.000000,-1462.000000,298.000000,176.000000
1279,1743685964184316,178.000000,-130.000000,135.000000,178.000000,128.000000,360.000000,173.535004,-126.543999,131.432007,173.449005,124.550003,352.121002,195.000000,-786.000000,1841.000000,-648.000000,369.000000,293.000000
1279,1743685964189848,178.000000,-130.000000,135.000000,178.000000,128.000000,360.000000,173.593002,-126.583000,131.487000,173.459000,124.598999,352.231995,158.000000,-689.000000,2181.000000,1045.000000,542.000000,239.000000
1279,1743685964194286,178.000000,-130.000000,135.000000,178.000000,128.000000,360.000000,173.658997,-126.624001,131.518005,173.514008,124.650002,352.312012,126.000000,-635.000000,1918.000000,1805.000000,593.000000,311.000000
1279,1743685964199807,178.000000,-130.000000,135.000000,178.000000,128.000000,360.000000,173.707001,-126.680000,131.580994,173.526993,124.692001,352.425995,107.000000,-659.000000,1734.000000,1791.000000,470.000000,267.000000
1279,1743685964204306,178.000000,-130.000000,135.000000,178.000000,128.000000,360.000000,173.735992,-126.711998,131.608994,173.557007,124.731003,352.500000,40.000000,-611.000000,1843.000000,1862.000000,465.000000,247.000000
1279,1743685964209884,178.000000,-130.000000,135.000000,178.000000,128.000000,360.000000,173.783005,-126.751999,131.653000,173.606003,124.790001,352.600006,245.000000,-773.000000,1683.000000,1149.000000,347.000000,184.000000
1279,1743685964214425,178.000000,-130.000000,135.000000,178.000000,128.000000,360.000000,173.820999,-126.786003,131.688004,173.658005,124.837997,352.691986,129.000000,-537.000000,1623.000000,304.000000,502.000000,214.000000
1279,1743685964220038,178.000000,-130.000000,135.000000,178.000000,128.000000,360.000000,173.843002,-126.830002,131.735001,173.798004,124.884003,352.790985,101.000000,-578.000000,1429.000000,-1438.000000,461.000000,313.000000
1279,1743685964224588,178.000000,-130.000000,135.000000,178.000000,128.000000,360.000000,173.891998,-126.877998,131.781006,173.860001,124.941002,352.864990,220.000000,-623.000000,1386.000000,-65.000000,337.000000,401.000000
1279,1743685964229144,178.000000,-130.000000,135.000000,178.000000,128.000000,360.000000,173.953995,-126.918999,131.820007,173.893997,124.983002,352.967010,238.000000,-717.000000,1764.000000,1327.000000,331.000000,228.000000
1279,1743685964234667,178.000000,-130.000000,135.000000,178.000000,128.000000,360.000000,174.000000,-126.945000,131.850998,173.910004,125.014000,353.029999,191.000000,-570.000000,1847.000000,1602.000000,263.000000,90.000000
1279,1743685964239109,178.000000,-130.000000,135.000000,178.000000,128.000000,360.000000,174.059006,-126.986000,131.889008,173.936005,125.054001,353.134003,133.000000,-554.000000,1998.000000,1840.000000,456.000000,269.000000
1279,1743685964244571,178.000000,-130.000000,135.000000,178.000000,128.000000,360.000000,174.091995,-127.016998,131.916000,173.951996,125.097000,353.220001,142.000000,-664.000000,1977.000000,1942.000000,534.000000,340.000000
1279,1743685964250024,178.000000,-130.000000,135.000000,178.000000,128.000000,360.000000,174.141998,-127.058998,131.960007,173.983002,125.136002,353.308990,62.000000,-718.000000,1938.000000,1769.000000,607.000000,304.000000
1279,1743685964254482,178.000000,-130.000000,135.000000,178.000000,128.000000,360.000000,174.179001,-127.091003,131.988007,174.018005,125.175003,353.364990,64.000000,-659.000000,1554.000000,1520.000000,413.000000,259.000000
1279,1743685964260076,178.000000,-130.000000,135.000000,178.000000,128.000000,360.000000,174.231995,-127.132004,132.029999,174.110992,125.216003,353.458008,254.000000,-623.000000,1709.000000,288.000000,491.000000,111.000000
1279,1743685964264566,178.000000,-130.000000,135.000000,178.000000,128.000000,360.000000,174.279999,-127.171997,132.072006,174.244003,125.249001,353.526001,16.000000,-505.000000,1763.000000,-1569.000000,330.000000,199.000000
1279,1743685964269039,178.000000,-130.000000,135.000000,178.000000,128.000000,360.000000,174.279999,-127.171997,132.072006,174.244003,125.249001,353.526001,16.000000,-505.000000,1763.000000,-1569.000000,330.000000,199.000000
1279,1743685964274604,178.000000,-130.000000,135.000000,178.000000,128.000000,360.000000,174.335999,-127.216003,132.115997,174.309006,125.281998,353.614014,191.000000,-612.000000,1843.000000,-194.000000,478.000000,429.000000
1279,1743685964279104,178.000000,-130.000000,135.000000,178.000000,128.000000,360.000000,174.431000,-127.275002,132.186005,174.358002,125.337997,353.759003,169.000000,-651.000000,1624.000000,1460.000000,503.000000,253.000000
1279,1743685964284699,178.000000,-130.000000,135.000000,178.000000,128.000000,360.000000,174.431000,-127.275002,132.186005,174.358002,125.337997,353.759003,169.000000,-651.000000,1624.000000,1460.000000,503.000000,253.000000
1279,1743685964289120,178.000000,-130.000000,135.000000,178.000000,128.000000,360.000000,174.475998,-127.308998,132.225006,174.378998,125.371002,353.835999,37.000000,-589.000000,1623.000000,1702.000000,516.000000,181.000000
1279,1743685964294603,178.000000,-130.000000,135.000000,178.000000,128.000000,360.000000,174.516006,-127.338997,132.257004,174.397995,125.425003,353.959991,-23.000000,-558.000000,1569.000000,1747.000000,345.000000,78.000000
1279,1743685964300103,178.000000,-130.000000,135.000000,178.000000,128.000000,360.000000,174.554001,-127.377998,132.289001,174.419006,125.443001,353.997009,154.000000,-687.000000,1913.000000,1871.000000,283.000000,182.000000
1279,1743685964304477,178.000000,-130.000000,135.000000,178.000000,128.000000,360.000000,174.595993,-127.411003,132.317001,174.449997,125.490997,354.100006,84.000000,-611.000000,1920.000000,1803.000000,261.000000,337.000000
1279,1743685964309942,178.000000,-130.000000,135.000000,178.000000,128.000000,360.000000,174.632996,-127.441002,132.348999,174.496994,125.519997,354.160004,223.000000,-633.000000,1921.000000,1261.000000,312.000000,383.000000
1279,1743685964314384,178.000000,-130.000000,135.000000,178.000000,128.000000,360.000000,174.677994,-127.486000,132.386002,174.589996,125.542000,354.225006,197.000000,-505.000000,2070.000000,-294.000000,409.000000,217.000000
1279,1743685964319924,178.000000,-130.000000,135.000000,178.000000,128.000000,360.000000,174.703995,-127.514000,132.414993,174.699005,125.569000,354.302002,112.000000,-600.000000,1925.000000,-1556.000000,501.000000,248.000000
1279,1743685964324421,178.000000,-130.000000,135.000000,178.000000,128.000000,360.000000,174.733002,-127.544998,132.449005,174.759995,125.591003,354.365997,249.000000,-692.000000,1950.000000,-528.000000,389.000000,174.000000
1279,1743685964330013,178.000000,-130.000000,135.000000,178.000000,128.000000,360.000000,174.766006,-127.570000,132.481003,174.781998,125.630997,354.457001,112.000000,-557.000000,1780.000000,516.000000,409.000000,251.000000
1279,1743685964334524,178.000000,-130.000000,135.000000,178.000000,128.000000,360.000000,174.796997,-127.596001,132.511002,174.802994,125.661003,354.527008,195.000000,-820.000000,1737.000000,1297.000000,347.000000,278.000000
1279,1743685964340131,178.000000,-130.000000,135.000000,178.000000,128.000000,360.000000,174.852005,-127.642998,132.556000,174.824997,125.685997,354.592987,139.000000,-653.000000,1679.000000,1601.000000,250.000000,371.000000
1279,1743685964344687,178.000000,-130.000000,135.000000,178.000000,128.000000,360.000000,174.871994,-127.656998,132.572006,174.832001,125.709999,354.664001,123.000000,-606.000000,1738.000000,1679.000000,314.000000,235.000000
1279,1743685964349168,178.000000,-130.000000,135.000000,178.000000,128.000000,360.000000,174.925995,-127.705002,132.617996,174.852005,125.732002,354.710999,148.000000,-669.000000,1648.000000,1825.000000,388.000000,396.000000
1279,1743685964354711,178.000000,-130.000000,135.000000,178.000000,128.000000,360.000000,174.968994,-127.733002,132.653000,174.871994,125.764999,354.795990,71.000000,-418.000000,1427.000000,1861.000000,446.000000,350.000000
1279,1743685964359182,178.000000,-130.000000,135.000000,178.000000,128.000000,360.000000,175.001007,-127.757004,132.679001,174.895004,125.793999,354.863007,248.000000,-763.000000,1509.000000,1733.000000,372.000000,5.000000
1279,1743685964364767,178.000000,-130.000000,135.000000,178.000000,128.000000,360.000000,175.028000,-127.787003,132.707001,174.923996,125.807999,354.894012,0.000000,-564.000000,1667.000000,1400.000000,345.000000,297.000000
1279,1743685964369292,178.000000,-130.000000,135.000000,178.000000,128.000000,360.000000,175.050995,-127.813004,132.735001,174.983994,125.851997,354.975006,292.000000,-825.000000,1897.000000,455.000000,201.000000,443.000000
1279,1743685964374921,178.000000,-130.000000,135.000000,178.000000,128.000000,360.000000,175.076004,-127.838997,132.759995,175.069000,125.876999,355.037994,187.000000,-625.000000,1958.000000,-986.000000,232.000000,254.000000
1279,1743685964379453,178.000000,-130.000000,135.000000,178.000000,128.000000,360.000000,175.098007,-127.866997,132.785995,175.177994,125.891998,355.079010,61.000000,-679.000000,2050.000000,-1516.000000,266.000000,221.000000
1279,1743685964385032,178.000000,-130.000000,135.000000,178.000000,128.000000,360.000000,175.130997,-127.897003,132.815002,175.216003,125.914001,355.144012,237.000000,-623.000000,2046.000000,-56.000000,210.000000,224.000000
1279,1743685964389523,178.000000,-130.000000,135.000000,178.000000,128.000000,360.000000,175.164993,-127.922997,132.837006,175.229996,125.945000,355.229004,211.000000,-559.000000,1941.000000,870.000000,479.000000,178.000000
1279,1743685964395131,178.000000,-130.000000,135.000000,178.000000,128.000000,360.000000,175.197998,-127.952003,132.860992,175.255005,125.961998,355.278992,35.000000,-662.000000,2064.000000,1312.000000,423.000000,143.000000
1279,1743685964399669,178.000000,-130.000000,135.000000,178.000000,128.000000,360.000000,175.251007,-127.986000,132.908005,175.264008,125.980003,355.338989,224.000000,-705.000000,1572.000000,1465.000000,469.000000,204.000000
1279,1743685964404193,178.000000,-130.000000,135.000000,178.000000,128.000000,360.000000,175.278000,-127.994003,132.919006,175.278000,126.000000,355.391998,210.000000,-756.000000,1630.000000,1583.000000,461.000000,400.000000
1279,1743685964409792,178.000000,-130.000000,135.000000,178.000000,128.000000,360.000000,175.309998,-128.029007,132.962997,175.291000,126.026001,355.444000,34.000000,-640.000000,1872.000000,1746.000000,352.000000,269.000000
1279,1743685964414295,178.000000,-130.000000,135.000000,178.000000,128.000000,360.000000,175.337006,-128.052002,132.985992,175.307999,126.045998,355.490997,319.000000,-665.000000,1572.000000,1786.000000,296.000000,268.000000
1279,1743685964419898,178.000000,-130.000000,135.000000,178.000000,128.000000,360.000000,175.373993,-128.074997,133.007996,175.320999,126.080002,355.563995,77.000000,-514.000000,1696.000000,1786.000000,286.000000,212.000000
1279,1743685964424461,178.000000,-130.000000,135.000000,178.000000,128.000000,360.000000,175.404007,-128.098999,133.033997,175.343002,126.092003,355.589996,192.000000,-642.000000,1737.000000,1788.000000,235.000000,316.000000
1279,1743685964430080,178.000000,-130.000000,135.000000,178.000000,128.000000,360.000000,175.436996,-128.125000,133.059998,175.373001,126.124001,355.665009,96.000000,-572.000000,1679.000000,1503.000000,342.000000,354.000000
1279,1743685964434600,178.000000,-130.000000,135.000000,178.000000,128.000000,360.000000,175.462997,-128.143997,133.082001,175.412994,126.141998,355.722992,104.000000,-631.000000,1771.000000,861.000000,410.000000,57.000000
1279,1743685964439119,178.000000,-130.000000,135.000000,178.000000,128.000000,360.000000,175.462997,-128.143997,133.082001,175.412994,126.141998,355.722992,104.000000,-631.000000,1771.000000,861.000000,410.000000,57.000000
1279,1743685964444727,178.000000,-130.000000,135.000000,178.000000,128.000000,360.000000,175.509003,-128.188004,133.132004,175.572998,126.180000,355.821991,211.000000,-552.000000,1401.000000,-1636.000000,462.000000,296.000000
1279,1743685964449266,178.000000,-130.000000,135.000000,178.000000,128.000000,360.000000,175.548996,-128.216995,133.169998,175.656006,126.197998,355.871002,244.000000,-724.000000,1560.000000,-1251.000000,441.000000,392.000000
1279,1743685964454877,178.000000,-130.000000,135.000000,178.000000,128.000000,360.000000,175.548996,-128.216995,133.169998,175.656006,126.197998,355.871002,244.000000,-724.000000,1560.000000,-1251.000000,441.000000,392.000000
1279,1743685964459398,178.000000,-130.000000,135.000000,178.000000,128.000000,360.000000,175.574997,-128.237000,133.186996,175.667007,126.223999,355.911011,-20.000000,-475.000000,1618.000000,447.000000,358.000000,134.000000
1279,1743685964465013,178.000000,-130.000000,135.000000,178.000000,128.000000,360.000000,175.606003,-128.257004,133.201996,175.686996,126.255997,355.989014,262.000000,-565.000000,1912.000000,1063.000000,320.000000,136.000000
1279,1743685964469552,178.000000,-130.000000,135.000000,178.000000,128.000000,360.000000,175.638000,-128.279999,133.225006,175.699997,126.276001,356.010010,30.000000,-599.000000,2031.000000,1301.000000,299.000000,203.000000
1279,1743685964475160,178.000000,-130.000000,135.000000,178.000000,128.000000,360.000000,175.669006,-128.298004,133.238007,175.714996,126.296997,356.079010,130.000000,-479.000000,2045.000000,1434.000000,190.000000,274.000000
1279,1743685964479645,178.000000,-130.000000,135.000000,178.000000,128.000000,360.000000,175.712997,-128.320999,133.264008,175.723007,126.315002,356.127014,77.000000,-720.000000,2207.000000,1587.000000,255.000000,194.000000
1279,1743685964484153,178.000000,-130.000000,135.000000,178.000000,128.000000,360.000000,175.740997,-128.343002,133.285995,175.733002,126.333000,356.179993,202.000000,-633.000000,2118.000000,1680.000000,325.000000,77.000000
1279,1743685964489792,178.000000,-130.000000,135.000000,178.000000,128.000000,360.000000,175.759995,-128.360001,133.307999,175.740005,126.351997,356.227997,46.000000,-690.000000,2051.000000,1731.000000,425.000000,207.000000
1279,1743685964494297,178.000000,-130.000000,135.000000,178.000000,128.000000,360.000000,175.781998,-128.376007,133.328003,175.742004,126.366997,356.270996,134.000000,-668.000000,1719.000000,1787.000000,469.000000,170.000000
1279,1743685964499931,178.000000,-130.000000,135.000000,178.000000,128.000000,360.000000,175.804993,-128.397995,133.354004,175.748001,126.391998,356.329987,52.000000,-451.000000,1661.000000,1841.000000,523.000000,376.000000
1279,1743685964504453,178.000000,-130.000000,135.000000,178.000000,128.000000,360.000000,175.834000,-128.416000,133.378006,175.763000,126.408997,356.363007,223.000000,-596.000000,1771.000000,1850.000000,493.000000,437.000000
1279,1743685964510048,178.000000,-130.000000,135.000000,178.000000,128.000000,360.000000,175.871002,-128.442001,133.397995,175.774994,126.426003,356.406006,48.000000,-477.000000,1674.000000,1799.000000,432.000000,270.000000
1279,1743685964514549,178.000000,-130.000000,135.000000,178.000000,128.000000,360.000000,175.899994,-128.459000,133.425995,175.802994,126.438004,356.444000,200.000000,-505.000000,1775.000000,1341.000000,438.000000,247.000000
1279,1743685964520126,178.000000,-130.000000,135.000000,178.000000,128.000000,360.000000,175.927994,-128.473999,133.445999,175.845001,126.458000,356.490997,199.000000,-743.000000,1796.000000,839.000000,393.000000,169.000000
1279,1743685964524598,178.000000,-130.000000,135.000000,178.000000,128.000000,360.000000,175.951996,-128.488998,133.462997,175.912994,126.484001,356.561005,222.000000,-736.000000,1704.000000,-206.000000,334.000000,95.000000
1279,1743685964530189,178.000000,-130.000000,135.000000,178.000000,128.000000,360.000000,175.975998,-128.507996,133.485001,176.001999,126.499001,356.601990,4.000000,-670.000000,1640.000000,-1447.000000,291.000000,112.000000
1279,1743685964534637,178.000000,-130.000000,135.000000,178.000000,128.000000,360.000000,176.022003,-128.529999,133.505005,176.078995,126.517998,356.644989,338.000000,-712.000000,1601.000000,-1148.000000,315.000000,56.000000
1279,1743685964539094,178.000000,-130.000000,135.000000,178.000000,128.000000,360.000000,176.059006,-128.552002,133.529999,176.102005,126.537003,356.678986,142.000000,-571.000000,1598.000000,411.000000,370.000000,83.000000
1279,1743685964544618,178.000000,-130.000000,135.000000,178.000000,128.000000,360.000000,176.087006,-128.567993,133.550995,176.117004,126.551003,356.717010,76.000000,-533.000000,1499.000000,896.000000,368.000000,338.000000
1279,1743685964549126,178.000000,-130.000000,135.000000,178.000000,128.000000,360.000000,176.117004,-128.589996,133.570999,176.126007,126.569000,356.752991,16.000000,-556.000000,1375.000000,1070.000000,475.000000,309.000000
1279,1743685964554726,178.000000,-130.000000,135.000000,178.000000,128.000000,360.000000,176.143005,-128.604004,133.585007,176.130997,126.584000,356.807007,15.000000,-540.000000,1435.000000,1265.000000,537.000000,448.000000
1279,1743685964559251,178.000000,-130.000000,135.000000,178.000000,128.000000,360.000000,176.164001,-128.621002,133.604004,176.132004,126.601997,356.846008,164.000000,-573.000000,1562.000000,1424.000000,560.000000,275.000000
1279,1743685964564857,178.000000,-130.000000,135.000000,178.000000,128.000000,360.000000,176.184006,-128.639999,133.621994,176.138000,126.610001,356.873993,8.000000,-627.000000,1674.000000,1522.000000,536.000000,254.000000
1279,1743685964569360,178.000000,-130.000000,135.000000,178.000000,128.000000,360.000000,176.201996,-128.656006,133.636002,176.141006,126.635002,356.929993,162.000000,-650.000000,1766.000000,1592.000000,433.000000,266.000000
1279,1743685964574868,178.000000,-130.000000,135.000000,178.000000,128.000000,360.000000,176.223999,-128.671005,133.651001,176.145004,126.651001,356.963989,144.000000,-568.000000,1863.000000,1674.000000,438.000000,195.000000
1279,1743685964579357,178.000000,-130.000000,135.000000,178.000000,128.000000,360.000000,176.242004,-128.686996,133.664993,176.151993,126.658997,356.981995,133.000000,-659.000000,1918.000000,1747.000000,441.000000,157.000000
1279,1743685964584903,178.000000,-130.000000,135.000000,178.000000,128.000000,360.000000,176.264999,-128.699997,133.677002,176.160004,126.686996,357.035004,281.000000,-695.000000,1976.000000,1768.000000,392.000000,43.000000
1279,1743685964589389,178.000000,-130.000000,135.000000,178.000000,128.000000,360.000000,176.289993,-128.714005,133.688995,176.164993,126.706001,357.070007,23.000000,-614.000000,2002.000000,1806.000000,328.000000,133.000000
1279,1743685964594944,178.000000,-130.000000,135.000000,178.000000,128.000000,360.000000,176.326996,-128.737000,133.707001,176.175995,126.724998,357.106995,156.000000,-598.000000,2036.000000,1859.000000,329.000000,56.000000
1279,1743685964599399,178.000000,-130.000000,135.000000,178.000000,128.000000,360.000000,176.341003,-128.742996,133.716995,176.188995,126.742996,357.139008,124.000000,-608.000000,2130.000000,1850.000000,364.000000,284.000000
1279,1743685964604967,178.000000,-130.000000,135.000000,178.000000,128.000000,360.000000,176.378998,-128.763000,133.731995,176.197998,126.761002,357.170013,131.000000,-623.000000,2065.000000,1843.000000,363.000000,207.000000
1279,1743685964609486,178.000000,-130.000000,135.000000,178.000000,128.000000,360.000000,176.378998,-128.763000,133.731995,176.197998,126.761002,357.170013,131.000000,-623.000000,2065.000000,1843.000000,363.000000,207.000000
1279,1743685964615033,178.000000,-130.000000,135.000000,178.000000,128.000000,360.000000,176.403000,-128.792007,133.759003,176.227997,126.775002,357.199005,221.000000,-440.000000,1928.000000,1620.000000,420.000000,410.000000
1279,1743685964619484,178.000000,-130.000000,135.000000,178.000000,128.000000,360.000000,176.451004,-128.817001,133.781006,176.278000,126.802002,357.264008,82.000000,-548.000000,1768.000000,881.000000,521.000000,226.000000
1279,1743685964625098,178.000000,-130.000000,135.000000,178.000000,128.000000,360.000000,176.451004,-128.817001,133.781006,176.278000,126.802002,357.264008,82.000000,-548.000000,1768.000000,881.000000,521.000000,226.000000
1279,1743685964629571,178.000000,-130.000000,135.000000,178.000000,128.000000,360.000000,176.464996,-128.828995,133.806000,176.363998,126.813004,357.292999,187.000000,-529.000000,1710.000000,-486.000000,559.000000,238.000000
1279,1743685964635156,178.000000,-130.000000,135.000000,178.000000,128.000000,360.000000,176.481995,-128.841995,133.820999,176.455994,126.832001,357.350006,174.000000,-615.000000,1546.000000,-1699.000000,567.000000,172.000000
1279,1743685964639670,178.000000,-130.000000,135.000000,178.000000,128.000000,360.000000,176.500000,-128.854004,133.837997,176.505997,126.845001,357.377991,230.000000,-693.000000,1613.000000,-975.000000,562.000000,234.000000
1279,1743685964644203,178.000000,-130.000000,135.000000,178.000000,128.000000,360.000000,176.522003,-128.865005,133.847000,176.529007,126.856003,357.407013,146.000000,-758.000000,1675.000000,178.000000,584.000000,222.000000
1279,1743685964649777,178.000000,-130.000000,135.000000,178.000000,128.000000,360.000000,176.552002,-128.884003,133.865005,176.542999,126.867996,357.433014,-88.000000,-660.000000,1788.000000,749.000000,565.000000,154.000000
1279,1743685964655381,178.000000,-130.000000,135.000000,178.000000,128.000000,360.000000,176.576996,-128.899002,133.880005,176.548004,126.882004,357.463989,72.000000,-610.000000,1699.000000,990.000000,561.000000,42.000000
1279,1743685964659886,178.000000,-130.000000,135.000000,178.000000,128.000000,360.000000,176.595993,-128.912994,133.893997,176.554001,126.898003,357.497009,238.000000,-586.000000,1688.000000,1105.000000,501.000000,51.000000
1279,1743685964664364,178.000000,-130.000000,135.000000,178.000000,128.000000,360.000000,176.617996,-128.923996,133.904007,176.557999,126.919998,357.529999,72.000000,-568.000000,1739.000000,1214.000000,457.000000,28.000000
1279,1743685964669894,178.000000,-130.000000,135.000000,178.000000,128.000000,360.000000,176.638000,-128.942001,133.917007,176.561996,126.934998,357.582001,11.000000,-440.000000,1639.000000,1299.000000,485.000000,158.000000
1279,1743685964674358,178.000000,-130.000000,135.000000,178.000000,128.000000,360.000000,176.653000,-128.955994,133.931000,176.565994,126.945000,357.600006,135.000000,-458.000000,1665.000000,1340.000000,470.000000,270.000000
1279,1743685964679902,178.000000,-130.000000,135.000000,178.000000,128.000000,360.000000,176.662003,-128.968002,133.942001,176.569000,126.967003,357.635986,123.000000,-530.000000,1615.000000,1412.000000,420.000000,369.000000
1279,1743685964684442,178.000000,-130.000000,135.000000,178.000000,128.000000,360.000000,176.684006,-128.979996,133.953003,176.572998,126.978996,357.661011,141.000000,-586.000000,1650.000000,1500.000000,423.000000,363.000000
1279,1743685964690026,178.000000,-130.000000,135.000000,178.000000,128.000000,360.000000,176.697006,-128.996994,133.970993,176.578995,126.997002,357.681000,154.000000,-563.000000,1581.000000,1545.000000,394.000000,373.000000
1279,1743685964694506,178.000000,-130.000000,135.000000,178.000000,128.000000,360.000000,176.709000,-129.007996,133.977997,176.580994,127.010002,357.705994,161.000000,-655.000000,1508.000000,1589.000000,432.000000,348.000000
1279,1743685964700122,178.000000,-130.000000,135.000000,178.000000,128.000000,360.000000,176.723999,-129.018997,134.003998,176.589996,127.022003,357.734985,86.000000,-640.000000,1345.000000,1662.000000,472.000000,206.000000
1279,1743685964704667,178.000000,-130.000000,135.000000,178.000000,128.000000,360.000000,176.740997,-129.028000,134.014999,176.597000,127.033997,357.757996,57.000000,-669.000000,1364.000000,1689.000000,497.000000,178.000000
1279,1743685964710200,178.000000,-130.000000,135.000000,178.000000,128.000000,360.000000,176.757996,-129.037994,134.026001,176.602997,127.052002,357.795013,51.000000,-680.000000,1471.000000,1741.000000,577.000000,162.000000
1279,1743685964714635,178.000000,-130.000000,135.000000,178.000000,128.000000,360.000000,176.778000,-129.048996,134.035004,176.613007,127.056000,357.809998,13.000000,-647.000000,1533.000000,1756.000000,575.000000,210.000000
1279,1743685964720136,178.000000,-130.000000,135.000000,178.000000,128.000000,360.000000,176.792999,-129.059998,134.044998,176.621002,127.070000,357.846008,202.000000,-670.000000,1695.000000,1787.000000,567.000000,280.000000
1279,1743685964724534,178.000000,-130.000000,135.000000,178.000000,128.000000,360.000000,176.809006,-129.072006,134.054993,176.628006,127.081001,357.872009,254.000000,-683.000000,1801.000000,1813.000000,574.000000,162.000000
1279,1743685964730158,178.000000,-130.000000,135.000000,178.000000,128.000000,360.000000,176.830002,-129.089005,134.067001,176.639999,127.091003,357.895996,142.000000,-625.000000,1805.000000,1853.000000,568.000000,270.000000
1279,1743685964734632,178.000000,-130.000000,135.000000,178.000000,128.000000,360.000000,176.837997,-129.100006,134.074005,176.651001,127.101997,357.920013,12.000000,-599.000000,1836.000000,1812.000000,557.000000,103.000000
1279,1743685964739166,178.000000,-130.000000,135.000000,178.000000,128.000000,360.000000,176.850006,-129.112000,134.082001,176.664993,127.119003,357.963013,100.000000,-487.000000,1887.000000,1712.000000,515.000000,-1.000000
1279,1743685964744691,178.000000,-130.000000,135.000000,178.000000,128.000000,360.000000,176.860001,-129.121994,134.087997,176.686005,127.132004,357.989014,206.000000,-509.000000,1980.000000,1527.000000,505.000000,23.000000
1279,1743685964750307,178.000000,-130.000000,135.000000,178.000000,128.000000,360.000000,176.871002,-129.138000,134.098999,176.731995,127.146004,358.011993,181.000000,-520.000000,2056.000000,871.000000,435.000000,115.000000
1279,1743685964754742,178.000000,-130.000000,135.000000,178.000000,128.000000,360.000000,176.880997,-129.149002,134.108002,176.785995,127.157997,358.032013,158.000000,-582.000000,2066.000000,-6.000000,419.000000,186.000000
1279,1743685964759183,178.000000,-130.000000,135.000000,178.000000,128.000000,360.000000,176.889999,-129.158997,134.115997,176.871002,127.176003,358.065002,114.000000,-534.000000,2051.000000,-1324.000000,441.000000,318.000000
1279,1743685964764708,178.000000,-130.000000,135.000000,178.000000,128.000000,360.000000,176.899994,-129.169998,134.125000,176.953995,127.180000,358.074005,128.000000,-544.000000,2014.000000,-1578.000000,410.000000,331.000000
1279,1743685964769154,178.000000,-130.000000,135.000000,178.000000,128.000000,360.000000,176.916000,-129.182007,134.136993,176.977005,127.202003,358.104004,87.000000,-651.000000,1888.000000,-367.000000,405.000000,324.000000
1279,1743685964774668,178.000000,-130.000000,135.000000,178.000000,128.000000,360.000000,176.936005,-129.188004,134.147003,176.990997,127.213997,358.123993,-22.000000,-659.000000,1991.000000,324.000000,399.000000,397.000000
1279,1743685964780219,178.000000,-130.000000,135.000000,178.000000,128.000000,360.000000,176.968994,-129.203995,134.162994,177.003998,127.222000,358.143005,59.000000,-662.000000,2000.000000,564.000000,386.000000,324.000000
1279,1743685964784688,178.000000,-130.000000,135.000000,178.000000,128.000000,360.000000,176.977005,-129.207993,134.169006,177.011002,127.231003,358.161987,124.000000,-666.000000,1985.000000,739.000000,426.000000,269.000000
1279,1743685964789197,178.000000,-130.000000,135.000000,178.000000,128.000000,360.000000,176.996002,-129.218994,134.179993,177.014999,127.241997,358.188995,167.000000,-692.000000,1950.000000,872.000000,452.000000,205.000000
1279,1743685964794794,178.000000,-130.000000,135.000000,178.000000,128.000000,360.000000,177.005997,-129.229996,134.192001,177.016998,127.250000,358.213013,123.000000,-651.000000,1922.000000,974.000000,467.000000,118.000000
1279,1743685964799318,178.000000,-130.000000,135.000000,178.000000,128.000000,360.000000,177.005997,-129.229996,134.192001,177.016998,127.250000,358.213013,123.000000,-651.000000,1922.000000,974.000000,467.000000,118.000000
1279,1743685964804921,178.000000,-130.000000,135.000000,178.000000,128.000000,360.000000,177.018997,-129.246994,134.212997,177.020004,127.264000,358.257996,86.000000,-647.000000,1633.000000,1082.000000,523.000000,199.000000
1279,1743685964809435,178.000000,-130.000000,135.000000,178.000000,128.000000,360.000000,177.018997,-129.246994,134.212997,177.020004,127.264000,358.257996,86.000000,-647.000000,1633.000000,1082.000000,523.000000,199.000000
1279,1743685964814953,178.000000,-130.000000,135.000000,178.000000,128.000000,360.000000,177.026001,-129.255997,134.223999,177.020996,127.268997,358.282990,132.000000,-623.000000,1582.000000,1153.000000,550.000000,225.000000
1279,1743685964819405,178.000000,-130.000000,135.000000,178.000000,128.000000,360.000000,177.029999,-129.266998,134.235992,177.024994,127.281998,358.316986,113.000000,-587.000000,1618.000000,1200.000000,561.000000,246.000000
1279,1743685964825015,178.000000,-130.000000,135.000000,178.000000,128.000000,360.000000,177.035995,-129.276993,134.242996,177.024994,127.286003,358.334991,133.000000,-555.000000,1650.000000,1222.000000,597.000000,265.000000
1279,1743685964829517,178.000000,-130.000000,135.000000,178.000000,128.000000,360.000000,177.044998,-129.287003,134.251999,177.026001,127.293999,358.358002,154.000000,-532.000000,1774.000000,1291.000000,603.000000,170.000000
1279,1743685964835067,178.000000,-130.000000,135.000000,178.000000,128.000000,360.000000,177.061996,-129.302002,134.264999,177.031998,127.299004,358.381989,177.000000,-497.000000,1754.000000,1333.000000,601.000000,95.000000
1279,1743685964839552,178.000000,-130.000000,135.000000,178.000000,128.000000,360.000000,177.072998,-129.309006,134.272995,177.031998,127.308998,358.403992,157.000000,-505.000000,1797.000000,1375.000000,604.000000,144.000000
1279,1743685964845169,178.000000,-130.000000,135.000000,178.000000,128.000000,360.000000,177.082993,-129.320007,134.281006,177.035995,127.316002,358.437988,55.000000,-509.000000,1810.000000,1436.000000,605.000000,55.000000
1279,1743685964849709,178.000000,-130.000000,135.000000,178.000000,128.000000,360.000000,177.106003,-129.328995,134.291000,177.039001,127.323997,358.459015,81.000000,-542.000000,1804.000000,1475.000000,607.000000,69.000000
1279,1743685964854158,178.000000,-130.000000,135.000000,178.000000,128.000000,360.000000,177.113007,-129.332001,134.298004,177.041000,127.331001,358.476013,73.000000,-545.000000,1818.000000,1504.000000,597.000000,102.000000
1279,1743685964859656,178.000000,-130.000000,135.000000,178.000000,128.000000,360.000000,177.136993,-129.343002,134.307007,177.046997,127.338997,358.496002,91.000000,-567.000000,1892.000000,1569.000000,601.000000,181.000000
1279,1743685964865130,178.000000,-130.000000,135.000000,178.000000,128.000000,360.000000,177.147995,-129.350006,134.315994,177.050995,127.347000,358.511993,57.000000,-603.000000,1923.000000,1610.000000,592.000000,210.000000
1279,1743685964869517,178.000000,-130.000000,135.000000,178.000000,128.000000,360.000000,177.156998,-129.354996,134.324005,177.054001,127.360001,358.536987,61.000000,-634.000000,1934.000000,1641.000000,535.000000,317.000000
1279,1743685964875018,178.000000,-130.000000,135.000000,178.000000,128.000000,360.000000,177.169998,-129.362000,134.332001,177.057999,127.367996,358.549011,146.000000,-659.000000,1904.000000,1688.000000,511.000000,334.000000
1279,1743685964879457,178.000000,-130.000000,135.000000,178.000000,128.000000,360.000000,177.184006,-129.371994,134.347000,177.061996,127.377998,358.563995,242.000000,-697.000000,1765.000000,1702.000000,514.000000,284.000000
1279,1743685964885079,178.000000,-130.000000,135.000000,178.000000,128.000000,360.000000,177.190002,-129.376999,134.350998,177.065002,127.386002,358.578003,226.000000,-678.000000,1717.000000,1724.000000,518.000000,227.000000
1279,1743685964889623,178.000000,-130.000000,135.000000,178.000000,128.000000,360.000000,177.195007,-129.386002,134.363998,177.070007,127.392998,358.589996,194.000000,-684.000000,1721.000000,1786.000000,512.000000,300.000000
1279,1743685964895214,178.000000,-130.000000,135.000000,178.000000,128.000000,360.000000,177.203003,-129.391998,134.371994,177.072998,127.403999,358.606995,137.000000,-675.000000,1642.000000,1785.000000,506.000000,317.000000
1279,1743685964899679,178.000000,-130.000000,135.000000,178.000000,128.000000,360.000000,177.212006,-129.401001,134.380005,177.078995,127.412003,358.622009,83.000000,-704.000000,1681.000000,1827.000000,477.000000,314.000000
1279,1743685964904165,178.000000,-130.000000,135.000000,178.000000,128.000000,360.000000,177.223007,-129.406006,134.388000,177.085007,127.422997,358.635986,90.000000,-691.000000,1725.000000,1820.000000,462.000000,272.000000
1279,1743685964909777,178.000000,-130.000000,135.000000,178.000000,128.000000,360.000000,177.229004,-129.412003,134.397003,177.091003,127.431000,358.652008,68.000000,-733.000000,1709.000000,1853.000000,452.000000,197.000000
1279,1743685964914245,178.000000,-130.000000,135.000000,178.000000,128.000000,360.000000,177.246002,-129.423996,134.404999,177.095001,127.439003,358.670013,166.000000,-725.000000,1611.000000,1863.000000,426.000000,141.000000
1279,1743685964919715,178.000000,-130.000000,135.000000,178.000000,128.000000,360.000000,177.259995,-129.431000,134.419998,177.106995,127.447998,358.688995,133.000000,-724.000000,1561.000000,1824.000000,423.000000,189.000000
1279,1743685964924133,178.000000,-130.000000,135.000000,178.000000,128.000000,360.000000,177.264008,-129.434998,134.427002,177.112000,127.457001,358.705994,102.000000,-687.000000,1514.000000,1821.000000,432.000000,153.000000
1279,1743685964929650,178.000000,-130.000000,135.000000,178.000000,128.000000,360.000000,177.283997,-129.445007,134.434006,177.123993,127.463997,358.723999,123.000000,-628.000000,1514.000000,1720.000000,430.000000,163.000000
1279,1743685964935133,178.000000,-130.000000,135.000000,178.000000,128.000000,360.000000,177.296997,-129.460007,134.447006,177.139008,127.471001,358.742004,82.000000,-599.000000,1500.000000,1595.000000,453.000000,181.000000
1279,1743685964939547,178.000000,-130.000000,135.000000,178.000000,128.000000,360.000000,177.304001,-129.466003,134.453995,177.175003,127.477997,358.759003,122.000000,-565.000000,1554.000000,1174.000000,470.000000,207.000000
1279,1743685964945148,178.000000,-130.000000,135.000000,178.000000,128.000000,360.000000,177.311996,-129.475006,134.460007,177.203995,127.483002,358.773010,145.000000,-570.000000,1601.000000,556.000000,475.000000,212.000000
1279,1743685964949673,178.000000,-130.000000,135.000000,178.000000,128.000000,360.000000,177.319000,-129.481995,134.464996,177.261002,127.489998,358.790985,94.000000,-569.000000,1615.000000,-486.000000,500.000000,186.000000
1279,1743685964955275,178.000000,-130.000000,135.000000,178.000000,128.000000,360.000000,177.322998,-129.488998,134.472000,177.330002,127.497002,358.812988,63.000000,-563.000000,1638.000000,-1510.000000,524.000000,116.000000
1279,1743685964959712,178.000000,-130.000000,135.000000,178.000000,128.000000,360.000000,177.322998,-129.488998,134.472000,177.330002,127.497002,358.812988,63.000000,-563.000000,1638.000000,-1510.000000,524.000000,116.000000
1279,1743685964964210,178.000000,-130.000000,135.000000,178.000000,128.000000,360.000000,177.326996,-129.496994,134.477997,177.406998,127.500000,358.829010,57.000000,-560.000000,1635.000000,-1450.000000,545.000000,120.000000
1279,1743685964969774,178.000000,-130.000000,135.000000,178.000000,128.000000,360.000000,177.341003,-129.507996,134.487000,177.423004,127.507004,358.846008,66.000000,-549.000000,1757.000000,-218.000000,549.000000,89.000000
1279,1743685964975312,178.000000,-130.000000,135.000000,178.000000,128.000000,360.000000,177.354004,-129.513000,134.490005,177.436005,127.511002,358.859985,55.000000,-546.000000,1791.000000,377.000000,558.000000,57.000000
1279,1743685964979760,178.000000,-130.000000,135.000000,178.000000,128.000000,360.000000,177.367004,-129.522995,134.494995,177.438004,127.515999,358.876007,104.000000,-556.000000,1833.000000,471.000000,558.000000,30.000000
1279,1743685964984197,178.000000,-130.000000,135.000000,178.000000,128.000000,360.000000,177.376007,-129.526001,134.501007,177.444000,127.525002,358.898010,111.000000,-540.000000,1837.000000,593.000000,573.000000,24.000000
1279,1743685964989713,178.000000,-130.000000,135.000000,178.000000,128.000000,360.000000,177.382004,-129.531006,134.505005,177.442001,127.527000,358.906006,140.000000,-590.000000,1864.000000,658.000000,573.000000,55.000000
1279,1743685964994211,178.000000,-130.000000,135.000000,178.000000,128.000000,360.000000,177.391998,-129.537003,134.511002,177.445007,127.529999,358.920013,162.000000,-628.000000,1899.000000,700.000000,580.000000,110.000000
1279,1743685964999815,178.000000,-130.000000,135.000000,178.000000,128.000000,360.000000,177.397003,-129.542007,134.516006,177.447006,127.537003,358.934998,198.000000,-639.000000,1901.000000,727.000000,592.000000,185.000000
1279,1743685965004358,178.000000,-130.000000,135.000000,178.000000,128.000000,360.000000,177.401001,-129.548004,134.518997,177.447006,127.543999,358.946014,149.000000,-658.000000,1938.000000,773.000000,578.000000,232.000000
1279,1743685965009925,178.000000,-130.000000,135.000000,178.000000,128.000000,360.000000,177.404999,-129.554001,134.524002,177.449005,127.543999,358.950012,136.000000,-658.000000,1973.000000,800.000000,575.000000,273.000000
1279,1743685965014505,178.000000,-130.000000,135.000000,178.000000,128.000000,360.000000,177.408997,-129.557007,134.526993,177.451004,127.557999,358.963013,129.000000,-652.000000,1988.000000,826.000000,535.000000,302.000000
1279,1743685965019976,178.000000,-130.000000,135.000000,178.000000,128.000000,360.000000,177.412003,-129.561005,134.529999,177.449005,127.563004,358.973999,88.000000,-670.000000,2060.000000,870.000000,524.000000,311.000000
1279,1743685965024376,178.000000,-130.000000,135.000000,178.000000,128.000000,360.000000,177.419006,-129.570007,134.537003,177.451996,127.567001,358.983002,51.000000,-671.000000,2088.000000,904.000000,501.000000,306.000000
1279,1743685965029845,178.000000,-130.000000,135.000000,178.000000,128.000000,360.000000,177.423996,-129.574005,134.537994,177.453003,127.573997,358.993988,52.000000,-681.000000,2069.000000,907.000000,476.000000,345.000000
1279,1743685965034247,178.000000,-130.000000,135.000000,178.000000,128.000000,360.000000,177.432999,-129.578995,134.548004,177.455002,127.584000,359.002014,87.000000,-698.000000,2105.000000,968.000000,433.000000,344.000000
1279,1743685965039713,178.000000,-130.000000,135.000000,178.000000,128.000000,360.000000,177.438004,-129.585007,134.554993,177.455994,127.595001,359.011993,90.000000,-687.000000,2026.000000,990.000000,393.000000,325.000000
1279,1743685965045166,178.000000,-130.000000,135.000000,178.000000,128.000000,360.000000,177.445007,-129.587006,134.559998,177.457993,127.598999,359.019989,110.000000,-677.000000,2027.000000,1030.000000,386.000000,334.000000
1279,1743685965049553,178.000000,-130.000000,135.000000,178.000000,128.000000,360.000000,177.455002,-129.593994,134.565994,177.459000,127.611000,359.035004,144.000000,-696.000000,2054.000000,1061.000000,339.000000,268.000000
1279,1743685965055016,178.000000,-130.000000,135.000000,178.000000,128.000000,360.000000,177.462997,-129.597000,134.570999,177.459000,127.619003,359.045990,156.000000,-686.000000,2016.000000,1083.000000,336.000000,311.000000
1279,1743685965059414,178.000000,-130.000000,135.000000,178.000000,128.000000,360.000000,177.473999,-129.602005,134.574997,177.460007,127.625000,359.059998,151.000000,-706.000000,2063.000000,1114.000000,312.000000,323.000000
1279,1743685965064863,178.000000,-130.000000,135.000000,178.000000,128.000000,360.000000,177.481003,-129.610992,134.582993,177.462006,127.634003,359.072998,160.000000,-691.000000,2088.000000,1167.000000,273.000000,221.000000
1279,1743685965069236,178.000000,-130.000000,135.000000,178.000000,128.000000,360.000000,177.485992,-129.613007,134.585007,177.462006,127.640999,359.085999,149.000000,-680.000000,2112.000000,1176.000000,288.000000,124.000000
1279,1743685965074677,178.000000,-130.000000,135.000000,178.000000,128.000000,360.000000,177.496002,-129.621994,134.593002,177.464005,127.648003,359.096985,139.000000,-624.000000,2066.000000,1229.000000,257.000000,206.000000
1279,1743685965080134,178.000000,-130.000000,135.000000,178.000000,128.000000,360.000000,177.503998,-129.626999,134.600006,177.466003,127.654999,359.109985,150.000000,-604.000000,2113.000000,1231.000000,257.000000,187.000000
1279,1743685965084521,178.000000,-130.000000,135.000000,178.000000,128.000000,360.000000,177.509995,-129.630997,134.602997,177.468994,127.665001,359.131989,141.000000,-614.000000,2090.000000,1272.000000,254.000000,134.000000
1279,1743685965089977,178.000000,-130.000000,135.000000,178.000000,128.000000,360.000000,177.516998,-129.638000,134.610992,177.468994,127.668999,359.140991,103.000000,-599.000000,2118.000000,1297.000000,266.000000,127.000000
1279,1743685965094377,178.000000,-130.000000,135.000000,178.000000,128.000000,360.000000,177.526001,-129.639999,134.612000,177.468994,127.671997,359.151001,86.000000,-599.000000,2131.000000,1309.000000,277.000000,141.000000
1279,1743685965099830,178.000000,-130.000000,135.000000,178.000000,128.000000,360.000000,177.531998,-129.649002,134.619995,177.470993,127.677002,359.158997,74.000000,-588.000000,2083.000000,1370.000000,277.000000,171.000000
1279,1743685965104202,178.000000,-130.000000,135.000000,178.000000,128.000000,360.000000,177.533997,-129.653000,134.625000,177.473007,127.683998,359.170013,78.000000,-584.000000,1983.000000,1378.000000,303.000000,210.000000
1279,1743685965109636,178.000000,-130.000000,135.000000,178.000000,128.000000,360.000000,177.539993,-129.660004,134.630997,177.473999,127.686996,359.173004,21.000000,-549.000000,1881.000000,1411.000000,288.000000,194.000000
1279,1743685965115086,178.000000,-130.000000,135.000000,178.000000,128.000000,360.000000,177.544998,-129.666000,134.639999,177.475006,127.692001,359.184998,51.000000,-564.000000,1870.000000,1422.000000,317.000000,204.000000
1279,1743685965119464,178.000000,-130.000000,135.000000,178.000000,128.000000,360.000000,177.554001,-129.669998,134.645004,177.477005,127.695999,359.195007,65.000000,-521.000000,1826.000000,1450.000000,320.000000,206.000000
1279,1743685965124892,178.000000,-130.000000,135.000000,178.000000,128.000000,360.000000,177.561996,-129.677994,134.654999,177.479996,127.698997,359.201996,138.000000,-503.000000,1761.000000,1496.000000,341.000000,172.000000
1279,1743685965130370,178.000000,-130.000000,135.000000,178.000000,128.000000,360.000000,177.561996,-129.677994,134.654999,177.479996,127.698997,359.201996,138.000000,-503.000000,1761.000000,1496.000000,341.000000,172.000000
1279,1743685965134798,178.000000,-130.000000,135.000000,178.000000,128.000000,360.000000,177.565994,-129.682007,134.660004,177.481003,127.703003,359.210999,170.000000,-523.000000,1741.000000,1487.000000,361.000000,144.000000
1279,1743685965139229,178.000000,-130.000000,135.000000,178.000000,128.000000,360.000000,177.569000,-129.684998,134.666000,177.481995,127.703003,359.221985,196.000000,-539.000000,1694.000000,1520.000000,361.000000,132.000000
1279,1743685965144763,178.000000,-130.000000,135.000000,178.000000,128.000000,360.000000,177.576004,-129.688995,134.671005,177.481995,127.706001,359.237000,247.000000,-546.000000,1694.000000,1545.000000,378.000000,117.000000
1279,1743685965149258,178.000000,-130.000000,135.000000,178.000000,128.000000,360.000000,177.576996,-129.692001,134.675003,177.485001,127.709000,359.243011,241.000000,-565.000000,1739.000000,1572.000000,402.000000,175.000000
1279,1743685965154914,178.000000,-130.000000,135.000000,178.000000,128.000000,360.000000,177.584000,-129.697006,134.682007,177.485992,127.710999,359.251007,239.000000,-594.000000,1752.000000,1584.000000,411.000000,150.000000
1279,1743685965159451,178.000000,-130.000000,135.000000,178.000000,128.000000,360.000000,177.584000,-129.699005,134.684998,177.488998,127.712997,359.263000,228.000000,-597.000000,1763.000000,1602.000000,414.000000,66.000000
1279,1743685965165087,178.000000,-130.000000,135.000000,178.000000,128.000000,360.000000,177.591003,-129.703995,134.692001,177.492004,127.713997,359.272003,215.000000,-591.000000,1818.000000,1635.000000,413.000000,36.000000
1279,1743685965169607,178.000000,-130.000000,135.000000,178.000000,128.000000,360.000000,177.591995,-129.705002,134.695007,177.492996,127.717003,359.283997,139.000000,-610.000000,1818.000000,1654.000000,432.000000,32.000000
1279,1743685965175224,178.000000,-130.000000,135.000000,178.000000,128.000000,360.000000,177.598999,-129.710007,134.699005,177.496002,127.721001,359.302002,110.000000,-640.000000,1817.000000,1674.000000,447.000000,-26.000000
1279,1743685965179749,178.000000,-130.000000,135.000000,178.000000,128.000000,360.000000,177.602005,-129.712006,134.703003,177.496994,127.722000,359.312988,73.000000,-656.000000,1778.000000,1699.000000,438.000000,-18.000000
1279,1743685965184309,178.000000,-130.000000,135.000000,178.000000,128.000000,360.000000,177.606003,-129.718002,134.707993,177.500000,127.723999,359.321991,49.000000,-665.000000,1766.000000,1708.000000,458.000000,22.000000
1279,1743685965189939,178.000000,-130.000000,135.000000,178.000000,128.000000,360.000000,177.608994,-129.720001,134.710999,177.501999,127.725998,359.330994,27.000000,-690.000000,1787.000000,1725.000000,463.000000,6.000000
1279,1743685965194439,178.000000,-130.000000,135.000000,178.000000,128.000000,360.000000,177.613998,-129.723007,134.714005,177.503998,127.728996,359.342010,18.000000,-681.000000,1817.000000,1738.000000,463.000000,48.000000
1279,1743685965200051,178.000000,-130.000000,135.000000,178.000000,128.000000,360.000000,177.621994,-129.725998,134.716995,177.507004,127.731003,359.348999,47.000000,-691.000000,1794.000000,1746.000000,491.000000,82.000000
1279,1743685965204604,178.000000,-130.000000,135.000000,178.000000,128.000000,360.000000,177.628998,-129.729996,134.720993,177.511002,127.733002,359.352997,83.000000,-676.000000,1818.000000,1777.000000,478.000000,126.000000
1279,1743685965210235,178.000000,-130.000000,135.000000,178.000000,128.000000,360.000000,177.634995,-129.733002,134.725998,177.513000,127.735001,359.359985,109.000000,-697.000000,1796.000000,1791.000000,480.000000,149.000000
1279,1743685965214734,178.000000,-130.000000,135.000000,178.000000,128.000000,360.000000,177.643997,-129.735992,134.727997,177.514999,127.737000,359.368011,126.000000,-700.000000,1800.000000,1789.000000,484.000000,180.000000
1279,1743685965219225,178.000000,-130.000000,135.000000,178.000000,128.000000,360.000000,177.651993,-129.737000,134.731995,177.518997,127.738998,359.368988,114.000000,-708.000000,1812.000000,1818.000000,488.000000,205.000000
1279,1743685965224844,178.000000,-130.000000,135.000000,178.000000,128.000000,360.000000,177.658997,-129.740997,134.737000,177.522003,127.741997,359.376007,143.000000,-721.000000,1841.000000,1824.000000,492.000000,222.000000
1279,1743685965229356,178.000000,-130.000000,135.000000,178.000000,128.000000,360.000000,177.667999,-129.744003,134.738998,177.524994,127.742996,359.378998,165.000000,-718.000000,1803.000000,1866.000000,489.000000,256.000000
1279,1743685965234936,178.000000,-130.000000,135.000000,178.000000,128.000000,360.000000,177.671997,-129.748001,134.742996,177.529007,127.746002,359.381012,158.000000,-724.000000,1870.000000,1855.000000,507.000000,287.000000
1279,1743685965239406,178.000000,-130.000000,135.000000,178.000000,128.000000,360.000000,177.679001,-129.751007,134.744995,177.531998,127.747002,359.386993,151.000000,-734.000000,1909.000000,1896.000000,499.000000,273.000000
1279,1743685965245009,178.000000,-130.000000,135.000000,178.000000,128.000000,360.000000,177.682999,-129.755005,134.746994,177.535995,127.750999,359.390991,171.000000,-732.000000,1910.000000,1879.000000,499.000000,284.000000
1279,1743685965249561,178.000000,-130.000000,135.000000,178.000000,128.000000,360.000000,177.684998,-129.757996,134.750000,177.539993,127.753998,359.394012,164.000000,-734.000000,1933.000000,1885.000000,491.000000,326.000000
1279,1743685965255198,178.000000,-130.000000,135.000000,178.000000,128.000000,360.000000,177.684998,-129.761993,134.751999,177.542999,127.757004,359.398987,157.000000,-715.000000,1906.000000,1875.000000,485.000000,367.000000
1279,1743685965259666,178.000000,-130.000000,135.000000,178.000000,128.000000,360.000000,177.688004,-129.763000,134.755005,177.546997,127.759003,359.403015,166.000000,-713.000000,1918.000000,1909.000000,483.000000,350.000000
1279,1743685965264166,178.000000,-130.000000,135.000000,178.000000,128.000000,360.000000,177.688004,-129.766006,134.757996,177.550995,127.764000,359.406006,151.000000,-720.000000,1906.000000,1851.000000,478.000000,375.000000
1279,1743685965269828,178.000000,-130.000000,135.000000,178.000000,128.000000,360.000000,177.694000,-129.770996,134.761002,177.554993,127.767998,359.410004,148.000000,-717.000000,1956.000000,1811.000000,476.000000,356.000000
1279,1743685965274300,178.000000,-130.000000,135.000000,178.000000,128.000000,360.000000,177.695007,-129.774002,134.764999,177.565994,127.768997,359.415985,155.000000,-729.000000,1941.000000,1718.000000,465.000000,389.000000
1279,1743685965280007,178.000000,-130.000000,135.000000,178.000000,128.000000,360.000000,177.697998,-129.776993,134.766998,177.576996,127.776001,359.423004,134.000000,-723.000000,1925.000000,1593.000000,456.000000,400.000000
1279,1743685965284549,178.000000,-130.000000,135.000000,178.000000,128.000000,360.000000,177.699005,-129.778000,134.770004,177.591003,127.778999,359.424011,94.000000,-705.000000,1904.000000,1401.000000,445.000000,408.000000
1279,1743685965290186,178.000000,-130.000000,135.000000,178.000000,128.000000,360.000000,177.701996,-129.781006,134.772995,177.617004,127.780998,359.432007,71.000000,-711.000000,1891.000000,1068.000000,427.000000,326.000000
1279,1743685965294678,178.000000,-130.000000,135.000000,178.000000,128.000000,360.000000,177.705994,-129.785004,134.776993,177.647003,127.786003,359.438995,68.000000,-674.000000,1858.000000,494.000000,418.000000,300.000000
1279,1743685965299236,178.000000,-130.000000,135.000000,178.000000,128.000000,360.000000,177.705994,-129.785004,134.776993,177.647003,127.786003,359.438995,68.000000,-674.000000,1858.000000,494.000000,418.000000,300.000000
1279,1743685965304776,178.000000,-130.000000,135.000000,178.000000,128.000000,360.000000,177.710007,-129.789001,134.781006,177.720001,127.788002,359.446014,44.000000,-664.000000,1816.000000,-812.000000,418.000000,352.000000
1279,1743685965310374,178.000000,-130.000000,135.000000,178.000000,128.000000,360.000000,177.710007,-129.792999,134.785004,177.794006,127.791000,359.450012,35.000000,-652.000000,1795.000000,-1979.000000,402.000000,366.000000
1279,1743685965314899,178.000000,-130.000000,135.000000,178.000000,128.000000,360.000000,177.716003,-129.798996,134.787003,177.848999,127.793999,359.457001,25.000000,-659.000000,1813.000000,-1424.000000,390.000000,352.000000
1279,1743685965319482,178.000000,-130.000000,135.000000,178.000000,128.000000,360.000000,177.727005,-129.802002,134.792007,177.837997,127.799004,359.463989,31.000000,-625.000000,1834.000000,-883.000000,364.000000,338.000000
1279,1743685965325142,178.000000,-130.000000,135.000000,178.000000,128.000000,360.000000,177.738998,-129.800003,134.792007,177.841995,127.802002,359.471008,10.000000,-632.000000,1822.000000,-116.000000,380.000000,348.000000
1279,1743685965329678,178.000000,-130.000000,135.000000,178.000000,128.000000,360.000000,177.753006,-129.807999,134.798004,177.869995,127.805000,359.475006,18.000000,-600.000000,1783.000000,-15.000000,351.000000,321.000000
1279,1743685965334228,178.000000,-130.000000,135.000000,178.000000,128.000000,360.000000,177.761002,-129.811005,134.800003,177.871002,127.805000,359.481995,50.000000,-600.000000,1731.000000,-86.000000,343.000000,314.000000
1279,1743685965339749,178.000000,-130.000000,135.000000,178.000000,128.000000,360.000000,177.770996,-129.811005,134.802994,177.863007,127.809998,359.489014,39.000000,-607.000000,1724.000000,73.000000,353.000000,305.000000
1279,1743685965344241,178.000000,-130.000000,135.000000,178.000000,128.000000,360.000000,177.779007,-129.813995,134.806000,177.863998,127.814003,359.500000,50.000000,-594.000000,1714.000000,109.000000,310.000000,280.000000
1279,1743685965349837,178.000000,-130.000000,135.000000,178.000000,128.000000,360.000000,177.785995,-129.820999,134.809998,177.873993,127.817001,359.507996,78.000000,-601.000000,1691.000000,97.000000,342.000000,247.000000
1279,1743685965354394,178.000000,-130.000000,135.000000,178.000000,128.000000,360.000000,177.787994,-129.820999,134.811005,177.871002,127.818001,359.516998,85.000000,-574.000000,1718.000000,127.000000,331.000000,215.000000
1279,1743685965360086,178.000000,-130.000000,135.000000,178.000000,128.000000,360.000000,177.792999,-129.826004,134.817001,177.869995,127.820999,359.526001,80.000000,-548.000000,1678.000000,162.000000,326.000000,179.000000
1279,1743685965364616,178.000000,-130.000000,135.000000,178.000000,128.000000,360.000000,177.794006,-129.828003,134.817001,177.871994,127.823997,359.535004,115.000000,-542.000000,1752.000000,175.000000,316.000000,200.000000
1279,1743685965370238,178.000000,-130.000000,135.000000,178.000000,128.000000,360.000000,177.794998,-129.830002,134.817993,177.869995,127.829002,359.545013,147.000000,-574.000000,1753.000000,186.000000,314.000000,125.000000
1279,1743685965374705,178.000000,-130.000000,135.000000,178.000000,128.000000,360.000000,177.792999,-129.832993,134.822006,177.869995,127.829002,359.552002,163.000000,-571.000000,1793.000000,212.000000,298.000000,152.000000
1279,1743685965379190,178.000000,-130.000000,135.000000,178.000000,128.000000,360.000000,177.791000,-129.835007,134.822006,177.871002,127.834000,359.563995,160.000000,-573.000000,1763.000000,218.000000,289.000000,160.000000
1279,1743685965384768,178.000000,-130.000000,135.000000,178.000000,128.000000,360.000000,177.789993,-129.837006,134.822006,177.869995,127.835999,359.566986,169.000000,-567.000000,1800.000000,230.000000,284.000000,170.000000
1279,1743685965389303,178.000000,-130.000000,135.000000,178.000000,128.000000,360.000000,177.791000,-129.839005,134.828003,177.871002,127.839996,359.575989,185.000000,-550.000000,1768.000000,245.000000,276.000000,190.000000
1279,1743685965394868,178.000000,-130.000000,135.000000,178.000000,128.000000,360.000000,177.792999,-129.839996,134.828995,177.871002,127.842003,359.580994,182.000000,-563.000000,1833.000000,261.000000,276.000000,185.000000
1279,1743685965399340,178.000000,-130.000000,135.000000,178.000000,128.000000,360.000000,177.794006,-129.845001,134.832001,177.871002,127.843002,359.585999,203.000000,-523.000000,1826.000000,280.000000,282.000000,205.000000
1279,1743685965404915,178.000000,-130.000000,135.000000,178.000000,128.000000,360.000000,177.796997,-129.845001,134.832993,177.871994,127.846001,359.592010,190.000000,-543.000000,1817.000000,293.000000,261.000000,188.000000
1279,1743685965409464,178.000000,-130.000000,135.000000,178.000000,128.000000,360.000000,177.800995,-129.848007,134.837006,177.873993,127.847000,359.597992,189.000000,-547.000000,1854.000000,303.000000,258.000000,198.000000
1279,1743685965414997,178.000000,-130.000000,135.000000,178.000000,128.000000,360.000000,177.804993,-129.852005,134.839996,177.871994,127.848999,359.601013,202.000000,-551.000000,1826.000000,311.000000,248.000000,220.000000
1279,1743685965419499,178.000000,-130.000000,135.000000,178.000000,128.000000,360.000000,177.809998,-129.852005,134.841995,177.871994,127.850998,359.604004,202.000000,-533.000000,1888.000000,336.000000,232.000000,232.000000
1279,1743685965425097,178.000000,-130.000000,135.000000,178.000000,128.000000,360.000000,177.815002,-129.854004,134.841995,177.875000,127.853996,359.609009,169.000000,-513.000000,1832.000000,332.000000,256.000000,231.000000
1279,1743685965429606,178.000000,-130.000000,135.000000,178.000000,128.000000,360.000000,177.819000,-129.856003,134.847000,177.873993,127.856003,359.614990,152.000000,-537.000000,1807.000000,355.000000,240.000000,239.000000
1279,1743685965435206,178.000000,-130.000000,135.000000,178.000000,128.000000,360.000000,177.819000,-129.858994,134.850998,177.876007,127.857002,359.618011,154.000000,-534.000000,1792.000000,371.000000,237.000000,216.000000
1279,1743685965439652,178.000000,-130.000000,135.000000,178.000000,128.000000,360.000000,177.822998,-129.858994,134.850998,177.876007,127.860001,359.625000,76.000000,-528.000000,1716.000000,372.000000,272.000000,212.000000
1279,1743685965445267,178.000000,-130.000000,135.000000,178.000000,128.000000,360.000000,177.828003,-129.862000,134.854996,177.876007,127.860001,359.630005,69.000000,-555.000000,1715.000000,396.000000,274.000000,199.000000
1279,1743685965449802,178.000000,-130.000000,135.000000,178.000000,128.000000,360.000000,177.828003,-129.862000,134.854996,177.876007,127.860001,359.630005,69.000000,-555.000000,1715.000000,396.000000,274.000000,199.000000
1279,1743685965454317,178.000000,-130.000000,135.000000,178.000000,128.000000,360.000000,177.830994,-129.862000,134.856995,177.876007,127.862000,359.635986,54.000000,-547.000000,1714.000000,410.000000,262.000000,216.000000
1279,1743685965459927,178.000000,-130.000000,135.000000,178.000000,128.000000,360.000000,177.835007,-129.867996,134.862000,177.878006,127.867996,359.644012,79.000000,-543.000000,1677.000000,442.000000,248.000000,245.000000
1279,1743685965464464,178.000000,-130.000000,135.000000,178.000000,128.000000,360.000000,177.835007,-129.867996,134.862000,177.878006,127.867996,359.644012,79.000000,-543.000000,1677.000000,442.000000,248.000000,245.000000
1279,1743685965470017,178.000000,-130.000000,135.000000,178.000000,128.000000,360.000000,177.837997,-129.869003,134.863998,177.878998,127.869003,359.651001,27.000000,-534.000000,1687.000000,438.000000,261.000000,166.000000
1279,1743685965474473,178.000000,-130.000000,135.000000,178.000000,128.000000,360.000000,177.839005,-129.871994,134.865997,177.878998,127.871002,359.654999,13.000000,-540.000000,1653.000000,469.000000,272.000000,147.000000
1279,1743685965480069,178.000000,-130.000000,135.000000,178.000000,128.000000,360.000000,177.843002,-129.873001,134.869003,177.878998,127.872002,359.660004,30.000000,-543.000000,1621.000000,491.000000,257.000000,188.000000
1279,1743685965484556,178.000000,-130.000000,135.000000,178.000000,128.000000,360.000000,177.847000,-129.873993,134.869995,177.880997,127.873001,359.664001,14.000000,-552.000000,1616.000000,486.000000,269.000000,217.000000
1279,1743685965490121,178.000000,-130.000000,135.000000,178.000000,128.000000,360.000000,177.852997,-129.876999,134.875000,177.880997,127.875000,359.673004,3.000000,-580.000000,1595.000000,500.000000,273.000000,93.000000
1279,1743685965494523,178.000000,-130.000000,135.000000,178.000000,128.000000,360.000000,177.854004,-129.878998,134.878998,177.882004,127.875999,359.678986,15.000000,-560.000000,1490.000000,526.000000,251.000000,82.000000
1279,1743685965500022,178.000000,-130.000000,135.000000,178.000000,128.000000,360.000000,177.856003,-129.880997,134.878998,177.882004,127.877998,359.684998,12.000000,-563.000000,1502.000000,536.000000,262.000000,57.000000
1279,1743685965504446,178.000000,-130.000000,135.000000,178.000000,128.000000,360.000000,177.856995,-129.882996,134.880997,177.882996,127.879997,359.687988,54.000000,-542.000000,1518.000000,549.000000,260.000000,102.000000
1279,1743685965509913,178.000000,-130.000000,135.000000,178.000000,128.000000,360.000000,177.860001,-129.884003,134.884003,177.882996,127.882004,359.692993,61.000000,-583.000000,1460.000000,563.000000,265.000000,91.000000
1279,1743685965514319,178.000000,-130.000000,135.000000,178.000000,128.000000,360.000000,177.865005,-129.884003,134.888000,177.882996,127.883003,359.700012,68.000000,-564.000000,1454.000000,587.000000,281.000000,42.000000
1279,1743685965519850,178.000000,-130.000000,135.000000,178.000000,128.000000,360.000000,177.863998,-129.884995,134.888000,177.882996,127.884003,359.709991,73.000000,-610.000000,1418.000000,589.000000,263.000000,-4.000000
1279,1743685965524327,178.000000,-130.000000,135.000000,178.000000,128.000000,360.000000,177.867004,-129.886993,134.889999,177.884995,127.884003,359.714996,89.000000,-584.000000,1430.000000,603.000000,297.000000,-7.000000
1279,1743685965529859,178.000000,-130.000000,135.000000,178.000000,128.000000,360.000000,177.867996,-129.888000,134.891006,177.884995,127.887001,359.721008,93.000000,-624.000000,1514.000000,610.000000,266.000000,-14.000000
1279,1743685965534345,178.000000,-130.000000,135.000000,178.000000,128.000000,360.000000,177.869003,-129.891998,134.891998,177.884995,127.889000,359.725006,103.000000,-595.000000,1543.000000,625.000000,286.000000,-26.000000
1279,1743685965539943,178.000000,-130.000000,135.000000,178.000000,128.000000,360.000000,177.869003,-129.891998,134.893997,177.886002,127.889999,359.731995,124.000000,-592.000000,1530.000000,632.000000,268.000000,-21.000000
1279,1743685965544427,178.000000,-130.000000,135.000000,178.000000,128.000000,360.000000,177.869003,-129.893997,134.895004,177.886002,127.889999,359.735992,144.000000,-596.000000,1532.000000,652.000000,292.000000,-37.000000
1279,1743685965549981,178.000000,-130.000000,135.000000,178.000000,128.000000,360.000000,177.869003,-129.893997,134.897003,177.886993,127.892998,359.743988,158.000000,-617.000000,1513.000000,666.000000,276.000000,-16.000000
1279,1743685965554510,178.000000,-130.000000,135.000000,178.000000,128.000000,360.000000,177.871994,-129.895996,134.897995,177.886993,127.892998,359.750000,160.000000,-613.000000,1548.000000,647.000000,290.000000,-47.000000
1279,1743685965560032,178.000000,-130.000000,135.000000,178.000000,128.000000,360.000000,177.875000,-129.895996,134.899002,177.886993,127.894997,359.752014,162.000000,-620.000000,1483.000000,677.000000,300.000000,-16.000000
1279,1743685965564464,178.000000,-130.000000,135.000000,178.000000,128.000000,360.000000,177.873993,-129.897995,134.901001,177.886993,127.894997,359.757996,173.000000,-613.000000,1529.000000,683.000000,297.000000,-18.000000
1279,1743685965569974,178.000000,-130.000000,135.000000,178.000000,128.000000,360.000000,177.876007,-129.899994,134.901993,177.886993,127.897003,359.759003,175.000000,-605.000000,1503.000000,688.000000,313.000000,-13.000000
1279,1743685965574408,178.000000,-130.000000,135.000000,178.000000,128.000000,360.000000,177.878998,-129.899994,134.903000,177.889008,127.898003,359.765015,177.000000,-599.000000,1523.000000,698.000000,305.000000,-2.000000
1279,1743685965580025,178.000000,-130.000000,135.000000,178.000000,128.000000,360.000000,177.878998,-129.903000,134.903000,177.889008,127.900002,359.769012,186.000000,-619.000000,1519.000000,702.000000,304.000000,-5.000000
1279,1743685965584553,178.000000,-130.000000,135.000000,178.000000,128.000000,360.000000,177.884995,-129.903000,134.904999,177.889008,127.900002,359.772003,181.000000,-617.000000,1525.000000,717.000000,321.000000,-3.000000
1279,1743685965590136,178.000000,-130.000000,135.000000,178.000000,128.000000,360.000000,177.884995,-129.903000,134.906006,177.889999,127.902000,359.773987,200.000000,-625.000000,1549.000000,726.000000,308.000000,-2.000000
1279,1743685965594597,178.000000,-130.000000,135.000000,178.000000,128.000000,360.000000,177.884995,-129.903000,134.906006,177.889999,127.902000,359.778015,207.000000,-638.000000,1552.000000,728.000000,310.000000,9.000000
1279,1743685965600200,178.000000,-130.000000,135.000000,178.000000,128.000000,360.000000,177.886993,-129.906006,134.908997,177.891998,127.903999,359.779999,197.000000,-639.000000,1539.000000,749.000000,321.000000,45.000000
1279,1743685965604673,178.000000,-130.000000,135.000000,178.000000,128.000000,360.000000,177.889999,-129.906006,134.908997,177.889999,127.903999,359.779999,199.000000,-630.000000,1561.000000,757.000000,320.000000,73.000000
1279,1743685965610166,178.000000,-130.000000,135.000000,178.000000,128.000000,360.000000,177.891006,-129.904999,134.910004,177.891998,127.903999,359.782013,200.000000,-631.000000,1557.000000,756.000000,325.000000,71.000000
1279,1743685965614556,178.000000,-130.000000,135.000000,178.000000,128.000000,360.000000,177.893005,-129.906998,134.910004,177.891998,127.904999,359.786987,220.000000,-631.000000,1572.000000,772.000000,316.000000,55.000000
1279,1743685965620086,178.000000,-130.000000,135.000000,178.000000,128.000000,360.000000,177.893005,-129.906998,134.908997,177.891998,127.904999,359.785004,211.000000,-628.000000,1570.000000,780.000000,311.000000,62.000000
1279,1743685965624534,178.000000,-130.000000,135.000000,178.000000,128.000000,360.000000,177.895996,-129.908997,134.910004,177.891998,127.905998,359.789001,207.000000,-634.000000,1570.000000,789.000000,320.000000,88.000000
1279,1743685965630126,178.000000,-130.000000,135.000000,178.000000,128.000000,360.000000,177.895996,-129.908997,134.912003,177.893005,127.905998,359.791992,244.000000,-642.000000,1603.000000,794.000000,323.000000,80.000000
1279,1743685965634600,178.000000,-130.000000,135.000000,178.000000,128.000000,360.000000,177.895996,-129.908997,134.912003,177.893005,127.905998,359.791992,244.000000,-642.000000,1603.000000,794.000000,323.000000,80.000000
1279,1743685965640207,178.000000,-130.000000,135.000000,178.000000,128.000000,360.000000,177.897003,-129.910004,134.912994,177.893005,127.907997,359.798004,213.000000,-643.000000,1605.000000,819.000000,320.000000,99.000000
1279,1743685965644707,178.000000,-130.000000,135.000000,178.000000,128.000000,360.000000,177.897995,-129.910995,134.912003,177.893005,127.907997,359.799011,194.000000,-635.000000,1632.000000,822.000000,328.000000,108.000000
1279,1743685965650288,178.000000,-130.000000,135.000000,178.000000,128.000000,360.000000,177.897995,-129.910995,134.912003,177.893005,127.907997,359.799011,194.000000,-635.000000,1632.000000,822.000000,328.000000,108.000000
1279,1743685965654763,178.000000,-130.000000,135.000000,178.000000,128.000000,360.000000,177.899994,-129.910995,134.914001,177.893005,127.908997,359.799011,175.000000,-648.000000,1591.000000,838.000000,333.000000,111.000000
1279,1743685965659196,178.000000,-130.000000,135.000000,178.000000,128.000000,360.000000,177.899994,-129.914001,134.916000,177.893005,127.910004,359.803009,158.000000,-640.000000,1607.000000,847.000000,337.000000,120.000000
1279,1743685965664719,178.000000,-130.000000,135.000000,178.000000,128.000000,360.000000,177.901001,-129.912994,134.916000,177.893997,127.910004,359.803986,197.000000,-640.000000,1625.000000,854.000000,333.000000,128.000000
1279,1743685965670237,178.000000,-130.000000,135.000000,178.000000,128.000000,360.000000,177.904999,-129.914001,134.917007,177.895996,127.910004,359.807007,182.000000,-641.000000,1602.000000,864.000000,338.000000,151.000000
1279,1743685965674647,178.000000,-130.000000,135.000000,178.000000,128.000000,360.000000,177.904007,-129.916000,134.917999,177.895996,127.912003,359.809998,194.000000,-647.000000,1643.000000,867.000000,353.000000,162.000000
1279,1743685965680184,178.000000,-130.000000,135.000000,178.000000,128.000000,360.000000,177.906998,-129.916000,134.917999,177.895996,127.913002,359.812988,193.000000,-652.000000,1643.000000,876.000000,341.000000,164.000000
1279,1743685965684630,178.000000,-130.000000,135.000000,178.000000,128.000000,360.000000,177.906998,-129.916000,134.919998,177.895996,127.913002,359.812988,176.000000,-637.000000,1661.000000,881.000000,351.000000,155.000000
1279,1743685965690211,178.000000,-130.000000,135.000000,178.000000,128.000000,360.000000,177.908005,-129.917007,134.919998,177.895996,127.913002,359.815002,166.000000,-645.000000,1683.000000,894.000000,347.000000,165.000000
1279,1743685965694669,178.000000,-130.000000,135.000000,178.000000,128.000000,360.000000,177.908005,-129.919998,134.919998,177.895996,127.913002,359.815002,191.000000,-640.000000,1693.000000,903.000000,348.000000,175.000000
1279,1743685965700294,178.000000,-130.000000,135.000000,178.000000,128.000000,360.000000,177.908997,-129.917999,134.921005,177.897003,127.915001,359.817993,191.000000,-637.000000,1703.000000,907.000000,358.000000,188.000000
1279,1743685965704782,178.000000,-130.000000,135.000000,178.000000,128.000000,360.000000,177.910995,-129.919998,134.921005,177.897003,127.913002,359.820007,196.000000,-643.000000,1694.000000,927.000000,359.000000,199.000000
1279,1743685965709298,178.000000,-130.000000,135.000000,178.000000,128.000000,360.000000,177.912003,-129.919998,134.923004,177.897995,127.915001,359.821014,171.000000,-642.000000,1688.000000,933.000000,356.000000,223.000000
1279,1743685965714788,178.000000,-130.000000,135.000000,178.000000,128.000000,360.000000,177.910995,-129.921005,134.923004,177.897995,127.917000,359.821991,172.000000,-655.000000,1729.000000,944.000000,358.000000,196.000000
1279,1743685965719217,178.000000,-130.000000,135.000000,178.000000,128.000000,360.000000,177.912994,-129.921997,134.923996,177.897995,127.916000,359.824005,168.000000,-641.000000,1707.000000,952.000000,362.000000,189.000000
1279,1743685965724735,178.000000,-130.000000,135.000000,178.000000,128.000000,360.000000,177.912994,-129.923996,134.925003,177.897995,127.917000,359.828003,152.000000,-649.000000,1722.000000,961.000000,372.000000,217.000000
1279,1743685965729198,178.000000,-130.000000,135.000000,178.000000,128.000000,360.000000,177.912994,-129.923996,134.925003,177.897995,127.917000,359.828003,179.000000,-659.000000,1714.000000,961.000000,368.000000,223.000000
1279,1743685965734770,178.000000,-130.000000,135.000000,178.000000,128.000000,360.000000,177.916000,-129.925003,134.925003,177.899994,127.918999,359.829010,136.000000,-653.000000,1746.000000,955.000000,367.000000,231.000000
1279,1743685965739295,178.000000,-130.000000,135.000000,178.000000,128.000000,360.000000,177.916000,-129.925003,134.927002,177.899994,127.918999,359.830994,165.000000,-642.000000,1744.000000,964.000000,368.000000,252.000000
1279,1743685965744895,178.000000,-130.000000,135.000000,178.000000,128.000000,360.000000,177.916000,-129.925003,134.927002,177.899994,127.918999,359.832001,169.000000,-641.000000,1746.000000,959.000000,381.000000,237.000000
1279,1743685965749436,178.000000,-130.000000,135.000000,178.000000,128.000000,360.000000,177.914993,-129.927002,134.929001,177.899994,127.918999,359.834991,140.000000,-653.000000,1750.000000,972.000000,380.000000,256.000000
1279,1743685965755021,178.000000,-130.000000,135.000000,178.000000,128.000000,360.000000,177.916000,-129.927002,134.929001,177.899994,127.919998,359.837006,152.000000,-651.000000,1759.000000,976.000000,379.000000,235.000000
1279,1743685965759564,178.000000,-130.000000,135.000000,178.000000,128.000000,360.000000,177.917999,-129.927994,134.929001,177.899994,127.920998,359.838989,146.000000,-662.000000,1779.000000,980.000000,390.000000,257.000000
1279,1743685965765088,178.000000,-130.000000,135.000000,178.000000,128.000000,360.000000,177.919006,-129.927994,134.932007,177.899994,127.924004,359.838989,149.000000,-640.000000,1765.000000,985.000000,372.000000,259.000000
1279,1743685965770586,178.000000,-130.000000,135.000000,178.000000,128.000000,360.000000,177.916000,-129.927994,134.932007,177.899994,127.920998,359.842987,144.000000,-671.000000,1782.000000,990.000000,389.000000,260.000000
1279,1743685965776050,178.000000,-130.000000,135.000000,178.000000,128.000000,360.000000,177.916000,-129.927994,134.932007,177.899994,127.920998,359.842987,144.000000,-671.000000,1782.000000,990.000000,389.000000,260.000000
1279,1743685965780473,178.000000,-130.000000,135.000000,178.000000,128.000000,360.000000,177.919006,-129.932007,134.931000,177.901001,127.924004,359.842987,156.000000,-665.000000,1798.000000,995.000000,388.000000,280.000000
1279,1743685965785911,178.000000,-130.000000,135.000000,178.000000,128.000000,360.000000,177.921997,-129.931000,134.934998,177.901001,127.926003,359.847992,133.000000,-667.000000,1810.000000,1000.000000,379.000000,264.000000
1279,1743685965790287,178.000000,-130.000000,135.000000,178.000000,128.000000,360.000000,177.921997,-129.932007,134.934006,177.901001,127.927002,359.847992,137.000000,-660.000000,1811.000000,1003.000000,386.000000,276.000000
1279,1743685965795747,178.000000,-130.000000,135.000000,178.000000,128.000000,360.000000,177.923996,-129.932999,134.934006,177.901001,127.927002,359.850006,100.000000,-676.000000,1852.000000,1014.000000,387.000000,302.000000
1279,1743685965800142,178.000000,-130.000000,135.000000,178.000000,128.000000,360.000000,177.925995,-129.934998,134.936005,177.901001,127.928001,359.850006,143.000000,-668.000000,1821.000000,1018.000000,394.000000,297.000000
1279,1743685965805597,178.000000,-130.000000,135.000000,178.000000,128.000000,360.000000,177.925995,-129.932999,134.936005,177.901001,127.928001,359.852997,119.000000,-670.000000,1838.000000,1023.000000,383.000000,288.000000
1279,1743685965811080,178.000000,-130.000000,135.000000,178.000000,128.000000,360.000000,177.927994,-129.934998,134.936005,177.901001,127.928001,359.854004,108.000000,-672.000000,1872.000000,1029.000000,400.000000,236.000000
1279,1743685965815521,178.000000,-130.000000,135.000000,178.000000,128.000000,360.000000,177.927994,-129.936005,134.936005,177.901001,127.930000,359.856995,91.000000,-683.000000,1845.000000,1026.000000,395.000000,324.000000
1279,1743685965821133,178.000000,-130.000000,135.000000,178.000000,128.000000,360.000000,177.929993,-129.936005,134.936005,177.901001,127.931000,359.856995,118.000000,-683.000000,1871.000000,1038.000000,403.000000,253.000000
1279,1743685965825635,178.000000,-130.000000,135.000000,178.000000,128.000000,360.000000,177.929993,-129.938004,134.938995,177.901001,127.931999,359.859009,108.000000,-704.000000,1856.000000,1040.000000,402.000000,286.000000
1279,1743685965831252,178.000000,-130.000000,135.000000,178.000000,128.000000,360.000000,177.929993,-129.938004,134.938995,177.901001,127.931999,359.859009,108.000000,-704.000000,1856.000000,1040.000000,402.000000,286.000000
1279,1743685965835744,178.000000,-130.000000,135.000000,178.000000,128.000000,360.000000,177.929993,-129.938004,134.940002,177.903000,127.931999,359.862000,116.000000,-698.000000,1861.000000,1046.000000,415.000000,291.000000
1279,1743685965840309,178.000000,-130.000000,135.000000,178.000000,128.000000,360.000000,177.929993,-129.938004,134.940002,177.903000,127.931999,359.862000,116.000000,-698.000000,1861.000000,1046.000000,415.000000,291.000000
1279,1743685965845852,178.000000,-130.000000,135.000000,178.000000,128.000000,360.000000,177.929993,-129.938995,134.940002,177.903000,127.933998,359.864014,125.000000,-704.000000,1867.000000,1056.000000,402.000000,303.000000
1279,1743685965850311,178.000000,-130.000000,135.000000,178.000000,128.000000,360.000000,177.932999,-129.942001,134.942993,177.903000,127.933998,359.864990,125.000000,-682.000000,1871.000000,1061.000000,423.000000,260.000000
1279,1743685965855964,178.000000,-130.000000,135.000000,178.000000,128.000000,360.000000,177.932999,-129.942001,134.942993,177.903000,127.933998,359.864990,125.000000,-682.000000,1871.000000,1061.000000,423.000000,260.000000
1279,1743685965860507,178.000000,-130.000000,135.000000,178.000000,128.000000,360.000000,177.931000,-129.942001,134.942993,177.903000,127.934998,359.868011,118.000000,-684.000000,1879.000000,1072.000000,421.000000,324.000000
1279,1743685965866129,178.000000,-130.000000,135.000000,178.000000,128.000000,360.000000,177.931000,-129.940002,134.942993,177.903000,127.934998,359.868988,128.000000,-689.000000,1868.000000,1071.000000,416.000000,321.000000
1279,1743685965870619,178.000000,-130.000000,135.000000,178.000000,128.000000,360.000000,177.931000,-129.940002,134.947006,177.903000,127.936996,359.869995,113.000000,-694.000000,1860.000000,1080.000000,409.000000,330.000000
1279,1743685965875220,178.000000,-130.000000,135.000000,178.000000,128.000000,360.000000,177.932999,-129.942993,134.945999,177.903000,127.936996,359.872009,111.000000,-690.000000,1870.000000,1084.000000,425.000000,278.000000
1279,1743685965880766,178.000000,-130.000000,135.000000,178.000000,128.000000,360.000000,177.934006,-129.942993,134.947006,177.904007,127.936996,359.869995,106.000000,-716.000000,1860.000000,1087.000000,413.000000,343.000000
1279,1743685965885182,178.000000,-130.000000,135.000000,178.000000,128.000000,360.000000,177.934006,-129.944000,134.949005,177.904007,127.938004,359.872009,107.000000,-715.000000,1889.000000,1093.000000,424.000000,314.000000
1279,1743685965890689,178.000000,-130.000000,135.000000,178.000000,128.000000,360.000000,177.936996,-129.944000,134.949997,177.904007,127.938004,359.875000,83.000000,-723.000000,1870.000000,1099.000000,430.000000,332.000000
1279,1743685965895120,178.000000,-130.000000,135.000000,178.000000,128.000000,360.000000,177.936996,-129.947006,134.951004,177.904007,127.938004,359.876007,94.000000,-719.000000,1865.000000,1104.000000,427.000000,313.000000
1279,1743685965900672,178.000000,-130.000000,135.000000,178.000000,128.000000,360.000000,177.938004,-129.945999,134.951004,177.904007,127.939003,359.878998,94.000000,-711.000000,1867.000000,1109.000000,433.000000,362.000000
1279,1743685965905186,178.000000,-130.000000,135.000000,178.000000,128.000000,360.000000,177.936996,-129.949005,134.953003,177.904999,127.941002,359.877014,106.000000,-710.000000,1871.000000,1106.000000,427.000000,363.000000
1279,1743685965910768,178.000000,-130.000000,135.000000,178.000000,128.000000,360.000000,177.938995,-129.949005,134.953995,177.904007,127.941002,359.881012,103.000000,-725.000000,1859.000000,1113.000000,430.000000,361.000000
1279,1743685965915264,178.000000,-130.000000,135.000000,178.000000,128.000000,360.000000,177.940994,-129.949997,134.953995,177.904999,127.942001,359.881012,79.000000,-722.000000,1870.000000,1119.000000,421.000000,352.000000
1279,1743685965920841,178.000000,-130.000000,135.000000,178.000000,128.000000,360.000000,177.942001,-129.951004,134.955994,177.904999,127.941002,359.882996,84.000000,-719.000000,1887.000000,1126.000000,444.000000,360.000000
1279,1743685965925328,178.000000,-130.000000,135.000000,178.000000,128.000000,360.000000,177.944000,-129.953003,134.957001,177.906998,127.942001,359.884003,73.000000,-715.000000,1901.000000,1132.000000,442.000000,325.000000
1279,1743685965930869,178.000000,-130.000000,135.000000,178.000000,128.000000,360.000000,177.944000,-129.951004,134.957993,177.904999,127.943001,359.886993,74.000000,-710.000000,1895.000000,1135.000000,429.000000,320.000000
1279,1743685965935304,178.000000,-130.000000,135.000000,178.000000,128.000000,360.000000,177.945007,-129.953003,134.957993,177.904999,127.945000,359.888000,80.000000,-717.000000,1888.000000,1141.000000,445.000000,302.000000
1279,1743685965940810,178.000000,-130.000000,135.000000,178.000000,128.000000,360.000000,177.945999,-129.953995,134.957993,177.906998,127.945999,359.890015,82.000000,-715.000000,1902.000000,1145.000000,429.000000,239.000000
1279,1743685965945239,178.000000,-130.000000,135.000000,178.000000,128.000000,360.000000,177.947998,-129.953003,134.960999,177.904999,127.945999,359.890991,87.000000,-713.000000,1922.000000,1150.000000,432.000000,320.000000
1279,1743685965950787,178.000000,-130.000000,135.000000,178.000000,128.000000,360.000000,177.949005,-129.953995,134.960007,177.906998,127.947998,359.890991,67.000000,-733.000000,1926.000000,1154.000000,433.000000,341.000000
1279,1743685965955280,178.000000,-130.000000,135.000000,178.000000,128.000000,360.000000,177.947998,-129.955002,134.960999,177.906998,127.947998,359.894012,76.000000,-736.000000,1942.000000,1160.000000,437.000000,348.000000
1279,1743685965960840,178.000000,-130.000000,135.000000,178.000000,128.000000,360.000000,177.949005,-129.955002,134.962006,177.906998,127.948997,359.894012,67.000000,-729.000000,1942.000000,1158.000000,439.000000,334.000000
1279,1743685965965302,178.000000,-130.000000,135.000000,178.000000,128.000000,360.000000,177.949005,-129.955002,134.962006,177.906998,127.948997,359.894989,82.000000,-730.000000,1957.000000,1170.000000,436.000000,359.000000
1279,1743685965970858,178.000000,-130.000000,135.000000,178.000000,128.000000,360.000000,177.951996,-129.957993,134.964005,177.908005,127.948997,359.894989,75.000000,-729.000000,1969.000000,1173.000000,436.000000,350.000000
1279,1743685965975353,178.000000,-130.000000,135.000000,178.000000,128.000000,360.000000,177.949005,-129.957993,134.964005,177.908005,127.953003,359.894989,100.000000,-732.000000,1991.000000,1176.000000,436.000000,344.000000
1279,1743685965980897,178.000000,-130.000000,135.000000,178.000000,128.000000,360.000000,177.951996,-129.957993,134.966995,177.906998,127.953003,359.895996,78.000000,-720.000000,1956.000000,1184.000000,439.000000,296.000000
1279,1743685965985342,178.000000,-130.000000,135.000000,178.000000,128.000000,360.000000,177.951996,-129.960007,134.964996,177.908005,127.956001,359.898010,72.000000,-722.000000,1997.000000,1189.000000,442.000000,306.000000
1279,1743685965990815,178.000000,-130.000000,135.000000,178.000000,128.000000,360.000000,177.951996,-129.962006,134.968002,177.906998,127.956001,359.902008,91.000000,-727.000000,1989.000000,1188.000000,438.000000,271.000000
1279,1743685965996105,178.000000,-130.000000,135.000000,178.000000,128.000000,360.000000,177.951996,-129.962006,134.968002,177.906998,127.956001,359.902008,91.000000,-727.000000,1989.000000,1188.000000,438.000000,271.000000
1279,1743685966000581,178.000000,-130.000000,135.000000,178.000000,128.000000,360.000000,177.953003,-129.964005,134.968002,177.908005,127.957001,359.902008,71.000000,-714.000000,1998.000000,1201.000000,435.000000,287.000000
1279,1743685966006085,178.000000,-130.000000,135.000000,178.000000,128.000000,360.000000,177.955994,-129.964005,134.968994,177.908997,127.959000,359.902008,58.000000,-725.000000,1986.000000,1206.000000,436.000000,251.000000
1279,1743685966010487,178.000000,-130.000000,135.000000,178.000000,128.000000,360.000000,177.955994,-129.964005,134.968994,177.908997,127.959000,359.902008,58.000000,-725.000000,1986.000000,1206.000000,436.000000,251.000000
1279,1743685966015986,178.000000,-130.000000,135.000000,178.000000,128.000000,360.000000,177.957001,-129.964005,134.970993,177.908005,127.960999,359.903015,72.000000,-704.000000,2024.000000,1210.000000,437.000000,282.000000
1279,1743685966020392,178.000000,-130.000000,135.000000,178.000000,128.000000,360.000000,177.957001,-129.964005,134.972000,177.908997,127.962997,359.906006,67.000000,-701.000000,2023.000000,1220.000000,433.000000,238.000000
1279,1743685966025888,178.000000,-130.000000,135.000000,178.000000,128.000000,360.000000,177.957001,-129.964005,134.972000,177.908997,127.962997,359.906006,67.000000,-701.000000,2023.000000,1220.000000,433.000000,238.000000
1279,1743685966030352,178.000000,-130.000000,135.000000,178.000000,128.000000,360.000000,177.960999,-129.968002,134.972000,177.910995,127.963997,359.908997,50.000000,-694.000000,2016.000000,1223.000000,419.000000,248.000000
1279,1743685966035937,178.000000,-130.000000,135.000000,178.000000,128.000000,360.000000,177.960999,-129.968002,134.973007,177.908997,127.962997,359.908997,54.000000,-692.000000,2025.000000,1232.000000,424.000000,294.000000
1279,1743685966040418,178.000000,-130.000000,135.000000,178.000000,128.000000,360.000000,177.960999,-129.968002,134.975998,177.908997,127.963997,359.908997,59.000000,-667.000000,2032.000000,1237.000000,427.000000,236.000000
1279,1743685966045995,178.000000,-130.000000,135.000000,178.000000,128.000000,360.000000,177.962997,-129.968994,134.975006,177.910995,127.964996,359.908997,63.000000,-660.000000,2038.000000,1242.000000,423.000000,249.000000
1279,1743685966050514,178.000000,-130.000000,135.000000,178.000000,128.000000,360.000000,177.962997,-129.970001,134.975998,177.908997,127.967003,359.910004,73.000000,-675.000000,2044.000000,1243.000000,418.000000,307.000000
1279,1743685966056105,178.000000,-130.000000,135.000000,178.000000,128.000000,360.000000,177.966003,-129.972000,134.975998,177.910995,127.970001,359.911987,66.000000,-651.000000,2074.000000,1246.000000,413.000000,309.000000
1279,1743685966060611,178.000000,-130.000000,135.000000,178.000000,128.000000,360.000000,177.964005,-129.972000,134.977997,177.910995,127.971001,359.911987,69.000000,-655.000000,2069.000000,1253.000000,409.000000,287.000000
1279,1743685966066125,178.000000,-130.000000,135.000000,178.000000,128.000000,360.000000,177.966003,-129.975006,134.979004,177.910995,127.971001,359.911987,75.000000,-647.000000,2051.000000,1255.000000,413.000000,320.000000
1279,1743685966070521,178.000000,-130.000000,135.000000,178.000000,128.000000,360.000000,177.966003,-129.975006,134.979004,177.908997,127.972000,359.910004,75.000000,-646.000000,2092.000000,1264.000000,410.000000,315.000000
1279,1743685966076038,178.000000,-130.000000,135.000000,178.000000,128.000000,360.000000,177.966003,-129.975998,134.979996,177.910995,127.973999,359.911987,77.000000,-603.000000,2065.000000,1265.000000,405.000000,230.000000
1279,1743685966080472,178.000000,-130.000000,135.000000,178.000000,128.000000,360.000000,177.966995,-129.977005,134.981995,177.912003,127.973999,359.911987,98.000000,-625.000000,2080.000000,1274.000000,403.000000,227.000000
1279,1743685966085956,178.000000,-130.000000,135.000000,178.000000,128.000000,360.000000,177.966995,-129.977005,134.983002,177.912003,127.974998,359.912994,56.000000,-625.000000,2077.000000,1277.000000,408.000000,257.000000
1279,1743685966090424,178.000000,-130.000000,135.000000,178.000000,128.000000,360.000000,177.966995,-129.979004,134.983002,177.912003,127.974998,359.914001,81.000000,-610.000000,2103.000000,1282.000000,381.000000,253.000000
1279,1743685966096005,178.000000,-130.000000,135.000000,178.000000,128.000000,360.000000,177.968002,-129.979004,134.983002,177.912003,127.975998,359.914001,71.000000,-621.000000,2111.000000,1284.000000,397.000000,279.000000
1279,1743685966100517,178.000000,-130.000000,135.000000,178.000000,128.000000,360.000000,177.970001,-129.979004,134.983994,177.912003,127.977997,359.915985,79.000000,-608.000000,2111.000000,1285.000000,384.000000,285.000000
1279,1743685966106099,178.000000,-130.000000,135.000000,178.000000,128.000000,360.000000,177.970993,-129.979004,134.985992,177.914001,127.978996,359.916992,86.000000,-600.000000,2110.000000,1298.000000,392.000000,228.000000
1279,1743685966110520,178.000000,-130.000000,135.000000,178.000000,128.000000,360.000000,177.972000,-129.983002,134.985992,177.914001,127.982002,359.916992,90.000000,-596.000000,2111.000000,1301.000000,405.000000,242.000000
1279,1743685966116158,178.000000,-130.000000,135.000000,178.000000,128.000000,360.000000,177.973999,-129.983002,134.987000,177.912003,127.982002,359.916992,78.000000,-584.000000,2141.000000,1293.000000,422.000000,290.000000
1279,1743685966120688,178.000000,-130.000000,135.000000,178.000000,128.000000,360.000000,177.975006,-129.983002,134.985992,177.914001,127.983002,359.915985,87.000000,-583.000000,2146.000000,1309.000000,422.000000,265.000000
1279,1743685966125143,178.000000,-130.000000,135.000000,178.000000,128.000000,360.000000,177.973999,-129.983994,134.988998,177.914001,127.982002,359.916992,58.000000,-576.000000,2149.000000,1308.000000,416.000000,283.000000
1279,1743685966130684,178.000000,-130.000000,135.000000,178.000000,128.000000,360.000000,177.977005,-129.983994,134.988998,177.914993,127.982002,359.917999,85.000000,-568.000000,2171.000000,1309.000000,436.000000,299.000000
1279,1743685966135110,178.000000,-130.000000,135.000000,178.000000,128.000000,360.000000,177.977005,-129.985992,134.988998,177.914993,127.983002,359.916992,80.000000,-566.000000,2172.000000,1319.000000,439.000000,320.000000
1279,1743685966140670,178.000000,-130.000000,135.000000,178.000000,128.000000,360.000000,177.977997,-129.987000,134.990005,177.914993,127.983002,359.916992,64.000000,-570.000000,2159.000000,1325.000000,435.000000,327.000000
1279,1743685966145126,178.000000,-130.000000,135.000000,178.000000,128.000000,360.000000,177.979004,-129.988007,134.990997,177.914993,127.985001,359.916992,90.000000,-572.000000,2187.000000,1328.000000,442.000000,280.000000
1279,1743685966150682,178.000000,-130.000000,135.000000,178.000000,128.000000,360.000000,177.977997,-129.988007,134.992996,177.914993,127.985001,359.920013,93.000000,-572.000000,2190.000000,1340.000000,439.000000,251.000000
1279,1743685966156244,178.000000,-130.000000,135.000000,178.000000,128.000000,360.000000,177.977997,-129.988007,134.992996,177.914993,127.985001,359.920013,93.000000,-572.000000,2190.000000,1340.000000,439.000000,251.000000
1279,1743685966160682,178.000000,-130.000000,135.000000,178.000000,128.000000,360.000000,177.979004,-129.990997,134.994003,177.914993,127.986000,359.920990,109.000000,-563.000000,2199.000000,1346.000000,417.000000,244.000000
1279,1743685966165142,178.000000,-130.000000,135.000000,178.000000,128.000000,360.000000,177.979004,-129.990997,134.994995,177.916000,127.988998,359.920013,103.000000,-563.000000,2193.000000,1352.000000,403.000000,320.000000
1279,1743685966170679,178.000000,-130.000000,135.000000,178.000000,128.000000,360.000000,177.979004,-129.990997,134.994995,177.916000,127.988998,359.920013,103.000000,-563.000000,2193.000000,1352.000000,403.000000,320.000000
1279,1743685966175174,178.000000,-130.000000,135.000000,178.000000,128.000000,360.000000,177.981003,-129.992996,134.996994,177.916000,127.988998,359.920990,102.000000,-557.000000,2155.000000,1355.000000,394.000000,308.000000
1279,1743685966180705,178.000000,-130.000000,135.000000,178.000000,128.000000,360.000000,177.981003,-129.994003,134.996994,177.916000,127.989998,359.920990,96.000000,-532.000000,2150.000000,1355.000000,356.000000,296.000000
1279,1743685966185169,178.000000,-130.000000,135.000000,178.000000,128.000000,360.000000,177.983002,-129.992996,134.998001,177.916000,127.992996,359.920990,81.000000,-533.000000,2172.000000,1364.000000,343.000000,327.000000
1279,1743685966190735,178.000000,-130.000000,135.000000,178.000000,128.000000,360.000000,177.983002,-129.994003,134.998001,177.917999,127.992996,359.917999,100.000000,-546.000000,2157.000000,1370.000000,363.000000,310.000000
1279,1743685966195265,178.000000,-130.000000,135.000000,178.000000,128.000000,360.000000,177.981995,-129.994995,134.996994,177.917999,127.996002,359.920990,104.000000,-517.000000,2155.000000,1371.000000,349.000000,265.000000
1279,1743685966200834,178.000000,-130.000000,135.000000,178.000000,128.000000,360.000000,177.983002,-129.996994,134.998001,177.917999,127.996002,359.920990,110.000000,-529.000000,2171.000000,1381.000000,331.000000,332.000000
1279,1743685966205283,178.000000,-130.000000,135.000000,178.000000,128.000000,360.000000,177.985992,-129.996994,134.998001,177.919006,127.998001,359.920990,129.000000,-512.000000,2173.000000,1383.000000,318.000000,299.000000
1279,1743685966210881,178.000000,-130.000000,135.000000,178.000000,128.000000,360.000000,177.985992,-129.996994,134.998993,177.917999,127.998001,359.923004,131.000000,-524.000000,2153.000000,1382.000000,330.000000,271.000000
1279,1743685966215376,178.000000,-130.000000,135.000000,178.000000,128.000000,360.000000,177.988007,-129.996994,134.998993,177.917999,128.000000,359.920990,127.000000,-514.000000,2159.000000,1391.000000,315.000000,334.000000
1279,1743685966220956,178.000000,-130.000000,135.000000,178.000000,128.000000,360.000000,177.988007,-129.996994,134.998993,177.919006,128.001007,359.923004,123.000000,-512.000000,2170.000000,1395.000000,311.000000,323.000000
1279,1743685966225403,178.000000,-130.000000,135.000000,178.000000,128.000000,360.000000,177.988998,-129.996994,134.998993,177.919006,128.001007,359.924011,119.000000,-511.000000,2164.000000,1395.000000,305.000000,317.000000
1279,1743685966230897,178.000000,-130.000000,135.000000,178.000000,128.000000,360.000000,177.988998,-129.996994,134.998001,177.919006,128.003006,359.924011,131.000000,-504.000000,2141.000000,1406.000000,311.000000,316.000000
1279,1743685966235321,178.000000,-130.000000,135.000000,178.000000,128.000000,360.000000,177.990005,-129.998001,134.998993,177.919006,128.003998,359.924011,135.000000,-508.000000,2134.000000,1409.000000,307.000000,303.000000
1279,1743685966240841,178.000000,-130.000000,135.000000,178.000000,128.000000,360.000000,177.988998,-129.998993,134.998993,177.919998,128.003006,359.924988,139.000000,-503.000000,2149.000000,1413.000000,306.000000,318.000000
1279,1743685966245291,178.000000,-130.000000,135.000000,178.000000,128.000000,360.000000,177.992996,-129.998001,134.998993,177.921997,128.005005,359.924988,135.000000,-502.000000,2131.000000,1420.000000,281.000000,339.000000
1279,1743685966250830,178.000000,-130.000000,135.000000,178.000000,128.000000,360.000000,177.992004,-129.998001,134.998993,177.921997,128.003998,359.924988,138.000000,-505.000000,2143.000000,1420.000000,289.000000,342.000000
1279,1743685966255314,178.000000,-130.000000,135.000000,178.000000,128.000000,360.000000,177.992996,-129.998001,134.998993,177.921997,128.005005,359.924011,134.000000,-504.000000,2143.000000,1426.000000,280.000000,345.000000
1279,1743685966260840,178.000000,-130.000000,135.000000,178.000000,128.000000,360.000000,177.992996,-129.998001,134.998993,177.921997,128.005005,359.924988,139.000000,-497.000000,2147.000000,1435.000000,276.000000,324.000000
1279,1743685966265311,178.000000,-130.000000,135.000000,178.000000,128.000000,360.000000,177.996002,-129.998993,134.998993,177.923004,128.003998,359.924988,148.000000,-501.000000,2152.000000,1434.000000,275.000000,352.000000
1279,1743685966270851,178.000000,-130.000000,135.000000,178.000000,128.000000,360.000000,177.996002,-129.998001,134.998993,177.921997,128.005005,359.927002,158.000000,-501.000000,2137.000000,1438.000000,266.000000,275.000000
1279,1743685966275329,178.000000,-130.000000,135.000000,178.000000,128.000000,360.000000,177.996002,-129.998001,134.998001,177.921997,128.003998,359.927002,160.000000,-501.000000,2151.000000,1446.000000,264.000000,335.000000
1279,1743685966280863,178.000000,-130.000000,135.000000,178.000000,128.000000,360.000000,177.996994,-129.998001,135.001007,177.923004,128.005005,359.928009,160.000000,-490.000000,2136.000000,1452.000000,259.000000,304.000000
1279,1743685966285371,178.000000,-130.000000,135.000000,178.000000,128.000000,360.000000,177.996994,-129.998993,134.998993,177.925003,128.003998,359.928986,144.000000,-496.000000,2138.000000,1449.000000,254.000000,253.000000
1279,1743685966290875,178.000000,-130.000000,135.000000,178.000000,128.000000,360.000000,177.998993,-129.998001,135.001007,177.923004,128.005005,359.933990,149.000000,-496.000000,2153.000000,1461.000000,251.000000,222.000000
1279,1743685966295288,178.000000,-130.000000,135.000000,178.000000,128.000000,360.000000,178.000000,-129.998993,134.998993,177.925003,128.005005,359.932007,150.000000,-498.000000,2143.000000,1469.000000,240.000000,264.000000
1279,1743685966300758,178.000000,-130.000000,135.000000,178.000000,128.000000,360.000000,177.998993,-129.998001,134.998993,177.925003,128.005005,359.933990,147.000000,-496.000000,2139.000000,1473.000000,245.000000,308.000000
1279,1743685966305167,178.000000,-130.000000,135.000000,178.000000,128.000000,360.000000,177.998993,-129.998001,134.998993,177.925003,128.005005,359.934998,149.000000,-492.000000,2147.000000,1470.000000,246.000000,184.000000
1279,1743685966310668,178.000000,-130.000000,135.000000,178.000000,128.000000,360.000000,177.998993,-129.998001,134.998993,177.925003,128.005005,359.934998,149.000000,-492.000000,2147.000000,1470.000000,246.000000,184.000000
1279,1743685966315111,178.000000,-130.000000,135.000000,178.000000,128.000000,360.000000,177.996994,-129.998001,134.998993,177.925003,128.005005,359.937988,140.000000,-486.000000,2141.000000,1484.000000,227.000000,289.000000
1279,1743685966320667,178.000000,-130.000000,135.000000,178.000000,128.000000,360.000000,177.998993,-129.998993,134.998993,177.925003,128.005005,359.937988,145.000000,-492.000000,2144.000000,1493.000000,224.000000,256.000000
1279,1743685966325157,178.000000,-130.000000,135.000000,178.000000,128.000000,360.000000,177.998993,-129.998993,134.998993,177.925003,128.005005,359.937988,145.000000,-492.000000,2144.000000,1493.000000,224.000000,256.000000
1279,1743685966330728,178.000000,-130.000000,135.000000,178.000000,128.000000,360.000000,178.000000,-129.998001,135.001999,177.925995,128.003998,359.938995,139.000000,-488.000000,2153.000000,1494.000000,219.000000,218.000000
1279,1743685966335263,178.000000,-130.000000,135.000000,178.000000,128.000000,360.000000,177.998993,-129.998001,135.001999,177.925995,128.003006,359.941986,142.000000,-497.000000,2128.000000,1502.000000,212.000000,216.000000
1279,1743685966340834,178.000000,-130.000000,135.000000,178.000000,128.000000,360.000000,177.996994,-129.998001,134.998993,177.925995,128.005005,359.942993,140.000000,-493.000000,2131.000000,1505.000000,209.000000,247.000000
1279,1743685966345317,178.000000,-130.000000,135.000000,178.000000,128.000000,360.000000,177.998993,-129.998001,135.001007,177.925995,128.005005,359.945007,143.000000,-495.000000,2116.000000,1506.000000,203.000000,222.000000
1279,1743685966350878,178.000000,-130.000000,135.000000,178.000000,128.000000,360.000000,177.998993,-129.998993,135.001999,177.925995,128.005005,359.942993,152.000000,-494.000000,2135.000000,1510.000000,212.000000,266.000000
1279,1743685966355342,178.000000,-130.000000,135.000000,178.000000,128.000000,360.000000,177.996994,-129.998001,135.001007,177.925995,128.005005,359.945007,140.000000,-500.000000,2139.000000,1512.000000,194.000000,207.000000
1279,1743685966360843,178.000000,-130.000000,135.000000,178.000000,128.000000,360.000000,177.998993,-129.998993,135.001007,177.927002,128.005005,359.945007,142.000000,-493.000000,2143.000000,1517.000000,189.000000,234.000000
1279,1743685966365265,178.000000,-130.000000,135.000000,178.000000,128.000000,360.000000,177.998993,-129.998001,135.001007,177.927002,128.005005,359.945007,135.000000,-499.000000,2129.000000,1519.000000,180.000000,228.000000
1279,1743685966370947,178.000000,-130.000000,135.000000,178.000000,128.000000,360.000000,177.998993,-129.998001,135.001007,177.927002,128.003998,359.946014,150.000000,-496.000000,2114.000000,1526.000000,182.000000,183.000000
1279,1743685966375459,178.000000,-130.000000,135.000000,178.000000,128.000000,360.000000,178.000000,-129.998993,135.001999,177.929001,128.005005,359.949005,152.000000,-497.000000,2120.000000,1535.000000,176.000000,210.000000
1279,1743685966381032,178.000000,-130.000000,135.000000,178.000000,128.000000,360.000000,177.998993,-129.998993,135.005005,177.927002,128.005005,359.949005,145.000000,-496.000000,2122.000000,1532.000000,167.000000,266.000000
1279,1743685966385525,178.000000,-130.000000,135.000000,178.000000,128.000000,360.000000,177.998993,-129.998001,135.001007,177.929001,128.003998,359.950012,144.000000,-497.000000,2138.000000,1543.000000,174.000000,217.000000
1279,1743685966391103,178.000000,-130.000000,135.000000,178.000000,128.000000,360.000000,178.000000,-129.998001,135.001999,177.929001,128.005005,359.949005,152.000000,-498.000000,2107.000000,1541.000000,158.000000,242.000000
1279,1743685966395581,178.000000,-130.000000,135.000000,178.000000,128.000000,360.000000,178.000000,-129.998001,135.001999,177.929993,128.005005,359.950012,143.000000,-495.000000,2115.000000,1553.000000,150.000000,234.000000
1279,1743685966401068,178.000000,-130.000000,135.000000,178.000000,128.000000,360.000000,177.998993,-129.998993,135.001999,177.929001,128.005005,359.950989,150.000000,-495.000000,2114.000000,1541.000000,156.000000,257.000000
1279,1743685966405455,178.000000,-130.000000,135.000000,178.000000,128.000000,360.000000,178.000000,-129.998993,135.001999,177.929993,128.005005,359.950012,151.000000,-495.000000,2108.000000,1559.000000,141.000000,223.000000
1279,1743685966410939,178.000000,-130.000000,135.000000,178.000000,128.000000,360.000000,177.998993,-129.998993,135.001999,177.929993,128.005005,359.950012,149.000000,-494.000000,2118.000000,1561.000000,136.000000,246.000000
1279,1743685966415374,178.000000,-130.000000,135.000000,178.000000,128.000000,360.000000,177.998993,-129.998001,135.001999,177.931000,128.005005,359.950989,148.000000,-486.000000,2101.000000,1566.000000,130.000000,206.000000
1279,1743685966420850,178.000000,-130.000000,135.000000,178.000000,128.000000,360.000000,177.996994,-129.998993,135.001999,177.931000,128.003998,359.953003,150.000000,-491.000000,2121.000000,1564.000000,130.000000,277.000000
1279,1743685966425214,178.000000,-130.000000,135.000000,178.000000,128.000000,360.000000,178.000000,-129.998001,135.001999,177.931000,128.003998,359.953003,148.000000,-492.000000,2108.000000,1573.000000,123.000000,217.000000
1279,1743685966430642,178.000000,-130.000000,135.000000,178.000000,128.000000,360.000000,177.998993,-129.998993,135.001007,177.931000,128.005005,359.953003,140.000000,-492.000000,2096.000000,1575.000000,119.000000,223.000000
1279,1743685966436083,178.000000,-130.000000,135.000000,178.000000,128.000000,360.000000,177.996994,-129.998993,135.001007,177.931000,128.005005,359.953003,150.000000,-492.000000,2093.000000,1570.000000,119.000000,258.000000
1279,1743685966440448,178.000000,-130.000000,135.000000,178.000000,128.000000,360.000000,177.996994,-129.998993,135.005005,177.932999,128.003998,359.953003,159.000000,-493.000000,2087.000000,1590.000000,110.000000,251.000000
1279,1743685966445920,178.000000,-130.000000,135.000000,178.000000,128.000000,360.000000,177.996994,-129.998001,135.001999,177.931000,128.005005,359.954010,156.000000,-490.000000,2072.000000,1586.000000,106.000000,198.000000
1279,1743685966450319,178.000000,-130.000000,135.000000,178.000000,128.000000,360.000000,177.998993,-129.998993,135.001999,177.931000,128.005005,359.955994,156.000000,-485.000000,2080.000000,1595.000000,114.000000,220.000000
1279,1743685966455768,178.000000,-130.000000,135.000000,178.000000,128.000000,360.000000,177.998993,-129.998001,135.001007,177.934006,128.005005,359.957001,152.000000,-490.000000,2061.000000,1594.000000,93.000000,216.000000
1279,1743685966460146,178.000000,-130.000000,135.000000,178.000000,128.000000,360.000000,177.998993,-129.998993,135.001999,177.934006,128.005005,359.957001,151.000000,-491.000000,2058.000000,1595.000000,89.000000,288.000000
1279,1743685966465666,178.000000,-130.000000,135.000000,178.000000,128.000000,360.000000,177.998993,-129.998993,135.005005,177.934998,128.003998,359.957001,154.000000,-493.000000,2077.000000,1598.000000,91.000000,229.000000
1279,1743685966471194,178.000000,-130.000000,135.000000,178.000000,128.000000,360.000000,178.001007,-129.998001,135.005005,177.934006,128.005005,359.958008,152.000000,-485.000000,2034.000000,1609.000000,82.000000,221.000000
1279,1743685966475656,178.000000,-130.000000,135.000000,178.000000,128.000000,360.000000,178.000000,-129.998001,135.001999,177.934006,128.007004,359.958008,159.000000,-490.000000,2046.000000,1613.000000,79.000000,240.000000
1279,1743685966481124,178.000000,-130.000000,135.000000,178.000000,128.000000,360.000000,178.000000,-129.998993,135.005005,177.934006,128.005005,359.958008,148.000000,-491.000000,2024.000000,1618.000000,73.000000,208.000000
1279,1743685966485614,178.000000,-130.000000,135.000000,178.000000,128.000000,360.000000,178.000000,-130.001007,135.001007,177.934998,128.005005,359.958008,149.000000,-493.000000,2011.000000,1617.000000,69.000000,200.000000
1279,1743685966491259,178.000000,-130.000000,135.000000,178.000000,128.000000,360.000000,178.000000,-129.998001,135.001999,177.934998,128.003998,359.958008,153.000000,-490.000000,2028.000000,1631.000000,63.000000,271.000000
1279,1743685966495755,178.000000,-130.000000,135.000000,178.000000,128.000000,360.000000,178.000000,-129.998993,135.005005,177.934998,128.007004,359.959991,142.000000,-491.000000,1997.000000,1632.000000,61.000000,259.000000
1279,1743685966500239,178.000000,-130.000000,135.000000,178.000000,128.000000,360.000000,178.000000,-129.998993,135.001999,177.934998,128.005005,359.959991,138.000000,-491.000000,1983.000000,1634.000000,51.000000,265.000000
1279,1743685966505852,178.000000,-130.000000,135.000000,178.000000,128.000000,360.000000,178.000000,-129.998001,135.001007,177.936996,128.003998,359.960999,146.000000,-488.000000,2015.000000,1641.000000,51.000000,263.000000
1279,1743685966510292,178.000000,-130.000000,135.000000,178.000000,128.000000,360.000000,178.000000,-129.998993,135.005005,177.936996,128.003998,359.960999,145.000000,-490.000000,1991.000000,1647.000000,47.000000,265.000000
1279,1743685966515858,178.000000,-130.000000,135.000000,178.000000,128.000000,360.000000,177.998993,-129.998993,135.005005,177.936996,128.003998,359.959991,151.000000,-486.000000,1981.000000,1652.000000,39.000000,274.000000
1279,1743685966520290,178.000000,-130.000000,135.000000,178.000000,128.000000,360.000000,177.998993,-129.998993,135.005005,177.936996,128.003998,359.959991,151.000000,-486.000000,1981.000000,1652.000000,39.000000,274.000000
1279,1743685966525813,178.000000,-130.000000,135.000000,178.000000,128.000000,360.000000,177.998993,-129.998993,135.001999,177.936996,128.005005,359.958008,143.000000,-486.000000,1971.000000,1653.000000,38.000000,231.000000
1279,1743685966530270,178.000000,-130.000000,135.000000,178.000000,128.000000,360.000000,178.000000,-129.998993,135.001999,177.936996,128.003998,359.959991,151.000000,-483.000000,1980.000000,1666.000000,21.000000,237.000000
1279,1743685966535827,178.000000,-130.000000,135.000000,178.000000,128.000000,360.000000,178.000000,-129.998993,135.001999,177.936996,128.003998,359.959991,151.000000,-483.000000,1980.000000,1666.000000,21.000000,237.000000
1279,1743685966540299,178.000000,-130.000000,135.000000,178.000000,128.000000,360.000000,178.000000,-129.998993,135.005005,177.936996,128.005005,359.962006,153.000000,-483.000000,1964.000000,1679.000000,20.000000,271.000000
1279,1743685966545853,178.000000,-130.000000,135.000000,178.000000,128.000000,360.000000,178.000000,-129.998993,135.005005,177.936996,128.003998,359.962006,146.000000,-485.000000,1965.000000,1675.000000,18.000000,280.000000
1279,1743685966550314,178.000000,-130.000000,135.000000,178.000000,128.000000,360.000000,178.000000,-129.998001,135.001999,177.936996,128.005005,359.962006,152.000000,-486.000000,1922.000000,1687.000000,11.000000,247.000000
1279,1743685966555912,178.000000,-130.000000,135.000000,178.000000,128.000000,360.000000,178.000000,-130.001007,135.005005,177.936996,128.005005,359.962006,148.000000,-485.000000,1943.000000,1688.000000,18.000000,249.000000
1279,1743685966560480,178.000000,-130.000000,135.000000,178.000000,128.000000,360.000000,178.000000,-129.998993,135.005005,177.938004,128.005005,359.963989,146.000000,-479.000000,1913.000000,1692.000000,1.000000,258.000000
1279,1743685966565998,178.000000,-130.000000,135.000000,178.000000,128.000000,360.000000,177.998993,-129.998993,135.001999,177.936996,128.003998,359.962006,145.000000,-489.000000,1903.000000,1695.000000,-3.000000,229.000000
1279,1743685966570433,178.000000,-130.000000,135.000000,178.000000,128.000000,360.000000,177.998993,-129.998001,135.001999,177.936996,128.003998,359.963989,150.000000,-491.000000,1922.000000,1697.000000,-4.000000,255.000000
1279,1743685966575948,178.000000,-130.000000,135.000000,178.000000,128.000000,360.000000,177.998993,-129.998993,135.005005,177.938004,128.003998,359.967987,145.000000,-477.000000,1915.000000,1704.000000,-4.000000,207.000000
1279,1743685966580443,178.000000,-130.000000,135.000000,178.000000,128.000000,360.000000,177.998993,-129.998001,135.005005,177.938004,128.005005,359.967010,143.000000,-483.000000,1888.000000,1702.000000,-14.000000,233.000000
1279,1743685966585985,178.000000,-130.000000,135.000000,178.000000,128.000000,360.000000,177.998993,-129.998001,135.001007,177.938004,128.005005,359.967987,147.000000,-478.000000,1861.000000,1711.000000,-8.000000,171.000000
1279,1743685966590508,178.000000,-130.000000,135.000000,178.000000,128.000000,360.000000,178.000000,-129.998993,135.001999,177.940002,128.003998,359.968994,149.000000,-481.000000,1863.000000,1707.000000,-25.000000,164.000000
1279,1743685966596127,178.000000,-130.000000,135.000000,178.000000,128.000000,360.000000,177.998993,-129.998993,135.005005,177.938004,128.003998,359.968994,155.000000,-481.000000,1841.000000,1715.000000,-25.000000,186.000000
1279,1743685966600645,178.000000,-130.000000,135.000000,178.000000,128.000000,360.000000,177.998993,-129.998001,135.001999,177.940002,128.003006,359.971008,153.000000,-481.000000,1828.000000,1733.000000,-26.000000,256.000000
1279,1743685966605125,178.000000,-130.000000,135.000000,178.000000,128.000000,360.000000,178.000000,-129.998993,135.001999,177.940002,128.003998,359.971985,148.000000,-480.000000,1849.000000,1728.000000,-15.000000,211.000000
1279,1743685966610623,178.000000,-130.000000,135.000000,178.000000,128.000000,360.000000,178.000000,-129.998001,135.005005,177.940002,128.003998,359.971985,152.000000,-477.000000,1860.000000,1735.000000,-27.000000,225.000000
1279,1743685966616187,178.000000,-130.000000,135.000000,178.000000,128.000000,360.000000,177.998993,-129.998993,135.001999,177.940002,128.003998,359.971985,157.000000,-478.000000,1828.000000,1742.000000,-29.000000,185.000000
1279,1743685966620650,178.000000,-130.000000,135.000000,178.000000,128.000000,360.000000,178.000000,-129.998993,135.001999,177.940002,128.003998,359.972992,150.000000,-478.000000,1866.000000,1745.000000,-45.000000,232.000000
1279,1743685966625187,178.000000,-130.000000,135.000000,178.000000,128.000000,360.000000,177.998993,-129.998001,135.001999,177.940002,128.001007,359.972992,152.000000,-479.000000,1826.000000,1747.000000,-13.000000,166.000000
1279,1743685966630781,178.000000,-130.000000,135.000000,178.000000,128.000000,360.000000,178.000000,-129.998993,135.001999,177.940002,128.003006,359.972992,154.000000,-469.000000,1845.000000,1752.000000,-18.000000,167.000000
1279,1743685966635245,178.000000,-130.000000,135.000000,178.000000,128.000000,360.000000,178.000000,-129.998993,135.001999,177.940002,128.003006,359.976013,149.000000,-475.000000,1818.000000,1750.000000,-29.000000,243.000000
1279,1743685966640831,178.000000,-130.000000,135.000000,178.000000,128.000000,360.000000,178.000000,-129.998001,135.001999,177.940994,128.003006,359.975006,154.000000,-471.000000,1841.000000,1748.000000,-18.000000,218.000000
1279,1743685966645365,178.000000,-130.000000,135.000000,178.000000,128.000000,360.000000,178.000000,-129.998001,135.005005,177.942001,128.001007,359.975006,156.000000,-471.000000,1831.000000,1744.000000,-16.000000,219.000000
1279,1743685966650967,178.000000,-130.000000,135.000000,178.000000,128.000000,360.000000,178.001007,-129.998993,135.005005,177.942001,128.003006,359.976013,157.000000,-472.000000,1788.000000,1741.000000,-20.000000,222.000000
1279,1743685966655395,178.000000,-130.000000,135.000000,178.000000,128.000000,360.000000,178.000000,-129.998993,135.005005,177.944000,128.003006,359.977997,156.000000,-474.000000,1773.000000,1749.000000,-22.000000,166.000000
1279,1743685966660907,178.000000,-130.000000,135.000000,178.000000,128.000000,360.000000,177.998993,-129.998001,135.001999,177.944000,128.003006,359.979004,152.000000,-482.000000,1769.000000,1750.000000,-16.000000,160.000000
1279,1743685966665354,178.000000,-130.000000,135.000000,178.000000,128.000000,360.000000,178.000000,-129.998001,135.001999,177.944000,128.001007,359.977997,153.000000,-478.000000,1792.000000,1756.000000,-17.000000,221.000000
1279,1743685966670884,178.000000,-130.000000,135.000000,178.000000,128.000000,360.000000,177.998993,-129.998993,135.001007,177.945999,128.001007,359.977997,148.000000,-484.000000,1754.000000,1745.000000,-11.000000,176.000000
1279,1743685966675397,178.000000,-130.000000,135.000000,178.000000,128.000000,360.000000,177.998993,-129.998001,135.005005,177.945007,128.003006,359.981995,154.000000,-476.000000,1763.000000,1753.000000,-15.000000,138.000000
1279,1743685966681038,178.000000,-130.000000,135.000000,178.000000,128.000000,360.000000,177.998993,-129.998993,135.005005,177.945999,128.001007,359.979004,153.000000,-475.000000,1755.000000,1757.000000,-21.000000,193.000000
1279,1743685966685599,178.000000,-130.000000,135.000000,178.000000,128.000000,360.000000,177.998993,-129.998001,135.001999,177.947998,128.001007,359.979004,160.000000,-476.000000,1707.000000,1757.000000,-21.000000,192.000000
1279,1743685966691237,178.000000,-130.000000,135.000000,178.000000,128.000000,360.000000,177.998993,-129.998001,135.001999,177.947998,128.001007,359.979004,160.000000,-476.000000,1707.000000,1757.000000,-21.000000,192.000000
1279,1743685966695684,178.000000,-130.000000,135.000000,178.000000,128.000000,360.000000,177.998993,-129.998993,135.005005,177.949005,128.003006,359.983002,156.000000,-481.000000,1759.000000,1769.000000,-20.000000,143.000000
1279,1743685966700122,178.000000,-130.000000,135.000000,178.000000,128.000000,360.000000,177.996994,-129.998993,135.001999,177.949005,128.003006,359.981995,152.000000,-478.000000,1694.000000,1772.000000,-19.000000,156.000000
1279,1743685966705617,178.000000,-130.000000,135.000000,178.000000,128.000000,360.000000,177.998993,-129.998001,135.005005,177.951004,128.001007,359.984009,154.000000,-479.000000,1711.000000,1769.000000,-16.000000,186.000000
1279,1743685966711078,178.000000,-130.000000,135.000000,178.000000,128.000000,360.000000,178.000000,-129.998001,135.005005,177.951004,128.001007,359.984009,145.000000,-483.000000,1701.000000,1770.000000,-18.000000,158.000000
1279,1743685966715456,178.000000,-130.000000,135.000000,178.000000,128.000000,360.000000,177.998993,-129.998993,135.001999,177.951996,128.001007,359.984009,147.000000,-477.000000,1690.000000,1775.000000,-13.000000,106.000000
1279,1743685966720919,178.000000,-130.000000,135.000000,178.000000,128.000000,360.000000,177.998993,-129.998001,135.005005,177.951996,128.001007,359.984009,155.000000,-472.000000,1688.000000,1775.000000,-16.000000,186.000000
1279,1743685966725346,178.000000,-130.000000,135.000000,178.000000,128.000000,360.000000,178.000000,-129.998993,135.001999,177.953003,128.001007,359.987000,148.000000,-476.000000,1668.000000,1789.000000,-15.000000,132.000000
1279,1743685966730853,178.000000,-130.000000,135.000000,178.000000,128.000000,360.000000,178.000000,-129.998993,135.005005,177.955002,128.001007,359.987000,152.000000,-479.000000,1642.000000,1778.000000,-17.000000,153.000000
1279,1743685966735300,178.000000,-130.000000,135.000000,178.000000,128.000000,360.000000,177.998993,-129.998993,135.001999,177.953003,128.001007,359.985992,150.000000,-484.000000,1652.000000,1785.000000,-16.000000,188.000000
1279,1743685966740882,178.000000,-130.000000,135.000000,178.000000,128.000000,360.000000,178.000000,-129.998993,135.001999,177.953003,128.001007,359.987000,160.000000,-486.000000,1646.000000,1788.000000,-14.000000,167.000000
1279,1743685966745426,178.000000,-130.000000,135.000000,178.000000,128.000000,360.000000,178.000000,-129.998001,135.005005,177.955002,128.001007,359.987000,158.000000,-481.000000,1643.000000,1804.000000,-8.000000,192.000000
1279,1743685966751008,178.000000,-130.000000,135.000000,178.000000,128.000000,360.000000,178.000000,-129.998993,135.001999,177.955994,128.001007,359.987000,164.000000,-488.000000,1615.000000,1791.000000,-20.000000,170.000000
1279,1743685966755503,178.000000,-130.000000,135.000000,178.000000,128.000000,360.000000,178.000000,-129.998001,135.001999,177.955994,128.001007,359.988007,162.000000,-486.000000,1613.000000,1808.000000,-22.000000,122.000000
1279,1743685966761097,178.000000,-130.000000,135.000000,178.000000,128.000000,360.000000,177.998993,-130.001007,135.001999,177.955994,128.003006,359.989990,161.000000,-481.000000,1644.000000,1808.000000,-15.000000,111.000000
1279,1743685966765615,178.000000,-130.000000,135.000000,178.000000,128.000000,360.000000,178.000000,-129.998993,135.005997,177.957001,128.001007,359.989990,158.000000,-480.000000,1601.000000,1795.000000,-14.000000,164.000000
1279,1743685966771156,178.000000,-130.000000,135.000000,178.000000,128.000000,360.000000,177.998993,-129.998993,135.005005,177.957001,128.001007,359.990997,154.000000,-483.000000,1573.000000,1811.000000,-17.000000,149.000000
1279,1743685966775595,178.000000,-130.000000,135.000000,178.000000,128.000000,360.000000,178.000000,-129.998993,135.005005,177.959000,128.001007,359.990997,146.000000,-482.000000,1577.000000,1802.000000,-16.000000,161.000000
1279,1743685966781127,178.000000,-130.000000,135.000000,178.000000,128.000000,360.000000,177.998993,-129.998993,135.001999,177.959000,128.003006,359.993011,152.000000,-482.000000,1577.000000,1818.000000,-17.000000,127.000000
1279,1743685966785654,178.000000,-130.000000,135.000000,178.000000,128.000000,360.000000,178.000000,-129.998993,135.005005,177.960007,128.001007,359.993988,152.000000,-487.000000,1568.000000,1809.000000,-16.000000,131.000000
1279,1743685966790175,178.000000,-130.000000,135.000000,178.000000,128.000000,360.000000,178.000000,-129.998993,135.005005,177.960007,128.003006,359.993988,147.000000,-485.000000,1555.000000,1803.000000,-13.000000,103.000000
1279,1743685966795768,178.000000,-130.000000,135.000000,178.000000,128.000000,360.000000,177.998993,-129.998993,135.001999,177.962006,128.001007,359.993988,145.000000,-485.000000,1545.000000,1831.000000,-15.000000,105.000000
1279,1743685966800276,178.000000,-130.000000,135.000000,178.000000,128.000000,360.000000,178.000000,-129.998993,135.001999,177.962997,128.003006,359.994995,146.000000,-486.000000,1530.000000,1821.000000,-15.000000,148.000000
1279,1743685966805871,178.000000,-130.000000,135.000000,178.000000,128.000000,360.000000,178.001007,-129.998993,135.005005,177.962997,128.001007,359.994995,148.000000,-489.000000,1541.000000,1826.000000,-17.000000,102.000000
1279,1743685966810372,178.000000,-130.000000,135.000000,178.000000,128.000000,360.000000,178.000000,-129.998993,135.001999,177.962997,128.001007,359.994995,147.000000,-488.000000,1510.000000,1827.000000,-25.000000,141.000000
1279,1743685966815923,178.000000,-130.000000,135.000000,178.000000,128.000000,360.000000,178.000000,-129.998993,135.005005,177.962997,128.001007,359.997009,148.000000,-487.000000,1517.000000,1834.000000,-14.000000,116.000000
1279,1743685966820442,178.000000,-130.000000,135.000000,178.000000,128.000000,360.000000,177.998993,-129.998993,135.001999,177.966003,128.001007,359.997009,151.000000,-492.000000,1515.000000,1814.000000,-17.000000,139.000000
1279,1743685966826064,178.000000,-130.000000,135.000000,178.000000,128.000000,360.000000,178.000000,-129.998993,135.005005,177.964005,128.001007,359.997009,147.000000,-491.000000,1500.000000,1822.000000,-15.000000,132.000000
1279,1743685966830613,178.000000,-130.000000,135.000000,178.000000,128.000000,360.000000,178.000000,-129.998993,135.005005,177.966995,128.003006,359.997009,166.000000,-491.000000,1488.000000,1828.000000,-15.000000,132.000000
1279,1743685966835198,178.000000,-130.000000,135.000000,178.000000,128.000000,360.000000,177.998993,-129.998993,135.005005,177.966003,128.001007,359.997009,149.000000,-492.000000,1458.000000,1847.000000,-17.000000,119.000000
1279,1743685966840762,178.000000,-130.000000,135.000000,178.000000,128.000000,360.000000,178.000000,-129.998993,135.005005,177.966995,128.001007,359.997986,150.000000,-491.000000,1460.000000,1841.000000,-17.000000,119.000000
1279,1743685966845200,178.000000,-130.000000,135.000000,178.000000,128.000000,360.000000,178.000000,-129.998993,135.005005,177.966995,128.001007,359.998993,154.000000,-491.000000,1433.000000,1837.000000,-16.000000,104.000000
1279,1743685966850725,178.000000,-130.000000,135.000000,178.000000,128.000000,360.000000,178.000000,-129.998993,135.001999,177.968002,128.001007,359.997986,154.000000,-493.000000,1443.000000,1844.000000,-11.000000,109.000000
1279,1743685966855213,178.000000,-130.000000,135.000000,178.000000,128.000000,360.000000,178.000000,-129.998993,135.001999,177.968002,128.001007,359.997986,154.000000,-493.000000,1443.000000,1844.000000,-11.000000,109.000000
1279,1743685966860778,178.000000,-130.000000,135.000000,178.000000,128.000000,360.000000,177.998993,-130.001007,135.005005,177.968002,128.003006,359.997986,152.000000,-492.000000,1425.000000,1849.000000,-15.000000,98.000000
1279,1743685966865258,178.000000,-130.000000,135.000000,178.000000,128.000000,360.000000,177.998993,-130.001007,135.005005,177.968002,128.003006,359.997986,152.000000,-492.000000,1425.000000,1849.000000,-15.000000,98.000000
1279,1743685966870909,178.000000,-130.000000,135.000000,178.000000,128.000000,360.000000,178.001007,-129.998993,135.005005,177.970001,128.001007,359.998993,153.000000,-494.000000,1420.000000,1841.000000,-16.000000,95.000000
1279,1743685966875450,178.000000,-130.000000,135.000000,178.000000,128.000000,360.000000,177.998993,-129.998001,135.005997,177.970993,128.001007,359.997986,153.000000,-486.000000,1390.000000,1858.000000,-19.000000,108.000000
1279,1743685966881087,178.000000,-130.000000,135.000000,178.000000,128.000000,360.000000,177.998993,-129.998001,135.005997,177.970993,128.001007,359.997986,153.000000,-486.000000,1390.000000,1858.000000,-19.000000,108.000000
1279,1743685966885520,178.000000,-130.000000,135.000000,178.000000,128.000000,360.000000,178.001007,-130.001007,135.005997,177.973999,128.003006,359.998993,154.000000,-493.000000,1348.000000,1846.000000,-18.000000,99.000000
1279,1743685966891106,178.000000,-130.000000,135.000000,178.000000,128.000000,360.000000,178.001007,-129.998993,135.001999,177.973999,128.001007,359.998993,156.000000,-489.000000,1345.000000,1863.000000,-9.000000,119.000000
1279,1743685966895629,178.000000,-130.000000,135.000000,178.000000,128.000000,360.000000,178.000000,-130.001007,135.001007,177.973999,128.003006,360.002014,155.000000,-490.000000,1370.000000,1854.000000,-14.000000,109.000000
1279,1743685966900154,178.000000,-130.000000,135.000000,178.000000,128.000000,360.000000,178.000000,-130.001007,135.001999,177.975006,128.001007,359.998993,155.000000,-490.000000,1350.000000,1852.000000,-13.000000,107.000000
1279,1743685966905776,178.000000,-130.000000,135.000000,178.000000,128.000000,360.000000,177.998993,-130.001007,135.005005,177.975006,128.001007,360.001007,154.000000,-488.000000,1334.000000,1853.000000,-17.000000,92.000000
1279,1743685966910304,178.000000,-130.000000,135.000000,178.000000,128.000000,360.000000,178.000000,-129.998993,135.001999,177.977005,128.000000,359.998993,156.000000,-494.000000,1344.000000,1870.000000,-15.000000,98.000000
1279,1743685966915940,178.000000,-130.000000,135.000000,178.000000,128.000000,360.000000,177.998993,-130.001007,135.001999,177.977997,128.001007,360.001007,151.000000,-492.000000,1332.000000,1839.000000,-16.000000,95.000000
1279,1743685966920346,178.000000,-130.000000,135.000000,178.000000,128.000000,360.000000,178.000000,-130.001007,135.005997,177.977997,128.001007,359.998993,148.000000,-492.000000,1328.000000,1869.000000,-14.000000,87.000000
1279,1743685966925846,178.000000,-130.000000,135.000000,178.000000,128.000000,360.000000,177.998993,-129.998993,135.005005,177.979004,128.001007,359.998993,155.000000,-497.000000,1291.000000,1870.000000,-15.000000,70.000000
1279,1743685966930276,178.000000,-130.000000,135.000000,178.000000,128.000000,360.000000,177.998993,-130.001007,135.001999,177.979004,128.001007,360.001007,138.000000,-487.000000,1289.000000,1861.000000,-15.000000,100.000000
1279,1743685966935780,178.000000,-130.000000,135.000000,178.000000,128.000000,360.000000,178.000000,-129.998993,135.005005,177.979004,128.001007,360.001007,144.000000,-484.000000,1291.000000,1856.000000,-25.000000,95.000000
1279,1743685966940186,178.000000,-130.000000,135.000000,178.000000,128.000000,360.000000,178.001007,-129.998993,135.001999,177.981003,128.003006,360.001007,147.000000,-487.000000,1264.000000,1866.000000,-17.000000,78.000000
1279,1743685966945755,178.000000,-130.000000,135.000000,178.000000,128.000000,360.000000,178.000000,-129.998993,135.001999,177.981995,128.000000,360.001007,147.000000,-490.000000,1263.000000,1868.000000,-9.000000,87.000000
1279,1743685966950257,178.000000,-130.000000,135.000000,178.000000,128.000000,360.000000,177.998993,-129.998993,135.005005,177.981995,128.001007,360.002014,146.000000,-490.000000,1234.000000,1877.000000,-19.000000,85.000000
1279,1743685966955820,178.000000,-130.000000,135.000000,178.000000,128.000000,360.000000,177.998993,-129.998993,135.005005,177.983994,128.000000,360.001007,146.000000,-490.000000,1213.000000,1871.000000,-13.000000,73.000000
1279,1743685966960268,178.000000,-130.000000,135.000000,178.000000,128.000000,360.000000,178.001007,-130.001007,135.001999,177.983994,128.001007,360.001007,147.000000,-489.000000,1240.000000,1878.000000,-15.000000,88.000000
1279,1743685966965842,178.000000,-130.000000,135.000000,178.000000,128.000000,360.000000,178.000000,-130.001007,135.005997,177.985001,128.000000,360.001007,147.000000,-489.000000,1230.000000,1875.000000,-17.000000,100.000000
1279,1743685966970387,178.000000,-130.000000,135.000000,178.000000,128.000000,360.000000,178.001007,-129.998993,135.005005,177.985992,128.000000,360.001007,141.000000,-490.000000,1190.000000,1866.000000,-15.000000,95.000000
1279,1743685966975993,178.000000,-130.000000,135.000000,178.000000,128.000000,360.000000,177.998993,-130.001007,135.005005,177.985992,128.001007,360.002014,138.000000,-491.000000,1158.000000,1868.000000,-15.000000,85.000000
1279,1743685966980416,178.000000,-130.000000,135.000000,178.000000,128.000000,360.000000,178.000000,-130.001007,135.001999,177.988007,127.998001,360.001007,145.000000,-491.000000,1169.000000,1866.000000,-18.000000,89.000000
1279,1743685966985905,178.000000,-130.000000,135.000000,178.000000,128.000000,360.000000,178.000000,-130.001007,135.005005,177.988998,128.000000,360.002014,140.000000,-492.000000,1172.000000,1855.000000,-16.000000,93.000000
1279,1743685966990334,178.000000,-130.000000,135.000000,178.000000,128.000000,360.000000,178.001007,-130.001007,135.001999,177.990005,128.000000,360.001007,149.000000,-483.000000,1156.000000,1849.000000,-20.000000,82.000000
1279,1743685966995792,178.000000,-130.000000,135.000000,178.000000,128.000000,360.000000,178.000000,-129.998993,135.005005,177.992004,128.001007,360.002014,149.000000,-488.000000,1177.000000,1855.000000,-13.000000,77.000000
1279,1743685967000195,178.000000,-130.000000,135.000000,178.000000,128.000000,360.000000,178.000000,-130.001007,135.001999,177.992004,128.001007,360.002014,144.000000,-490.000000,1141.000000,1852.000000,-20.000000,88.000000
1279,1743685967005724,178.000000,-130.000000,135.000000,178.000000,128.000000,360.000000,178.000000,-130.001007,135.001999,177.992004,128.001007,360.002014,144.000000,-490.000000,1141.000000,1852.000000,-20.000000,88.000000
1279,1743685967010186,178.000000,-130.000000,135.000000,178.000000,128.000000,360.000000,178.001007,-129.998993,135.001999,177.992996,128.000000,360.001007,146.000000,-494.000000,1164.000000,1844.000000,-11.000000,80.000000
1279,1743685967015739,178.000000,-130.000000,135.000000,178.000000,128.000000,360.000000,178.000000,-130.001999,135.001999,177.996002,128.000000,360.001007,147.000000,-492.000000,1132.000000,1844.000000,-19.000000,85.000000
1279,1743685967020192,178.000000,-130.000000,135.000000,178.000000,128.000000,360.000000,177.998993,-129.998993,135.001999,177.996002,128.000000,360.002014,142.000000,-491.000000,1143.000000,1816.000000,-12.000000,77.000000
1279,1743685967025782,178.000000,-130.000000,135.000000,178.000000,128.000000,360.000000,178.000000,-129.998993,135.005005,177.996002,127.998001,360.002014,136.000000,-490.000000,1113.000000,1833.000000,-11.000000,78.000000
1279,1743685967030280,178.000000,-130.000000,135.000000,178.000000,128.000000,360.000000,178.001007,-129.998993,135.001999,177.996994,128.001007,360.003998,141.000000,-492.000000,1096.000000,1833.000000,-19.000000,68.000000
1279,1743685967035907,178.000000,-130.000000,135.000000,178.000000,128.000000,360.000000,178.000000,-129.998993,135.005005,177.996994,128.000000,360.001007,136.000000,-491.000000,1089.000000,1819.000000,-12.000000,67.000000
1279,1743685967040446,178.000000,-130.000000,135.000000,178.000000,128.000000,360.000000,178.000000,-129.998993,135.005005,178.000000,128.000000,360.003998,143.000000,-491.000000,1073.000000,1801.000000,-13.000000,86.000000
1279,1743685967046039,178.000000,-130.000000,135.000000,178.000000,128.000000,360.000000,178.001007,-130.001007,135.005005,178.000000,128.000000,360.002014,143.000000,-493.000000,1063.000000,1804.000000,-17.000000,67.000000
1279,1743685967050501,178.000000,-130.000000,135.000000,178.000000,128.000000,360.000000,178.001007,-130.001007,135.005005,178.000000,128.000000,360.001007,140.000000,-500.000000,1040.000000,1809.000000,-14.000000,73.000000
1279,1743685967056102,178.000000,-130.000000,135.000000,178.000000,128.000000,360.000000,178.000000,-130.001007,135.005005,178.001007,128.000000,360.002014,145.000000,-494.000000,1042.000000,1798.000000,-9.000000,79.000000
1279,1743685967060634,178.000000,-130.000000,135.000000,178.000000,128.000000,360.000000,178.000000,-130.001007,135.001999,178.001007,128.000000,359.998993,143.000000,-491.000000,1042.000000,1788.000000,-16.000000,68.000000
1279,1743685967065169,178.000000,-130.000000,135.000000,178.000000,128.000000,360.000000,178.000000,-129.998993,135.001999,178.003998,128.000000,360.002014,142.000000,-495.000000,1032.000000,1771.000000,-10.000000,78.000000
1279,1743685967070727,178.000000,-130.000000,135.000000,178.000000,128.000000,360.000000,178.000000,-129.998993,135.001999,178.005997,128.000000,360.003998,142.000000,-495.000000,1049.000000,1749.000000,-14.000000,55.000000
1279,1743685967075196,178.000000,-130.000000,135.000000,178.000000,128.000000,360.000000,177.998993,-130.001007,135.005005,178.007004,128.000000,360.003998,142.000000,-495.000000,1034.000000,1751.000000,-8.000000,76.000000
1279,1743685967080777,178.000000,-130.000000,135.000000,178.000000,128.000000,360.000000,177.998993,-129.998993,135.001999,178.005997,128.000000,360.002014,135.000000,-494.000000,1001.000000,1736.000000,-16.000000,60.000000
1279,1743685967085299,178.000000,-130.000000,135.000000,178.000000,128.000000,360.000000,178.000000,-129.998993,135.001999,178.007996,127.998001,360.002014,136.000000,-493.000000,1005.000000,1726.000000,-11.000000,63.000000
1279,1743685967090837,178.000000,-130.000000,135.000000,178.000000,128.000000,360.000000,178.000000,-130.001007,135.001999,178.007996,128.001007,360.001007,135.000000,-493.000000,1001.000000,1714.000000,-6.000000,73.000000
1279,1743685967095300,178.000000,-130.000000,135.000000,178.000000,128.000000,360.000000,178.001007,-130.001007,135.005005,178.009995,128.000000,360.002014,140.000000,-489.000000,997.000000,1710.000000,-12.000000,75.000000
1279,1743685967100901,178.000000,-130.000000,135.000000,178.000000,128.000000,360.000000,178.000000,-129.998993,135.001999,178.011002,128.000000,360.003998,139.000000,-487.000000,976.000000,1695.000000,-16.000000,60.000000
1279,1743685967105437,178.000000,-130.000000,135.000000,178.000000,128.000000,360.000000,178.000000,-130.001007,135.001999,178.011002,128.000000,360.001007,138.000000,-489.000000,984.000000,1696.000000,-12.000000,68.000000
1279,1743685967110993,178.000000,-130.000000,135.000000,178.000000,128.000000,360.000000,178.000000,-129.998993,135.001999,178.011993,128.000000,360.002014,138.000000,-486.000000,972.000000,1676.000000,-8.000000,51.000000
1279,1743685967115458,178.000000,-130.000000,135.000000,178.000000,128.000000,360.000000,178.000000,-130.001007,135.001999,178.011993,128.000000,360.002014,138.000000,-487.000000,984.000000,1654.000000,-15.000000,53.000000
1279,1743685967121060,178.000000,-130.000000,135.000000,178.000000,128.000000,360.000000,177.998993,-130.001007,135.005005,178.014008,128.000000,360.002014,137.000000,-487.000000,975.000000,1658.000000,-18.000000,59.000000
1279,1743685967125580,178.000000,-130.000000,135.000000,178.000000,128.000000,360.000000,177.998993,-130.001007,135.001999,178.016998,127.998001,360.003998,137.000000,-488.000000,938.000000,1630.000000,-11.000000,71.000000
1279,1743685967130112,178.000000,-130.000000,135.000000,178.000000,128.000000,360.000000,178.000000,-130.001007,135.001999,178.016998,128.000000,360.002014,138.000000,-488.000000,973.000000,1649.000000,-14.000000,59.000000
1279,1743685967135648,178.000000,-130.000000,135.000000,178.000000,128.000000,360.000000,178.001007,-129.998993,135.005005,178.016998,128.000000,360.002014,138.000000,-486.000000,940.000000,1628.000000,-13.000000,63.000000
1279,1743685967141250,178.000000,-130.000000,135.000000,178.000000,128.000000,360.000000,178.001007,-130.001007,135.005005,178.016998,128.000000,360.002014,137.000000,-486.000000,957.000000,1623.000000,-16.000000,53.000000
1279,1743685967145781,178.000000,-130.000000,135.000000,178.000000,128.000000,360.000000,178.000000,-130.001999,135.001999,178.018997,127.998001,360.002014,138.000000,-490.000000,953.000000,1614.000000,-10.000000,68.000000
1279,1743685967150320,178.000000,-130.000000,135.000000,178.000000,128.000000,360.000000,178.000000,-129.998993,135.001999,178.018997,128.000000,360.002014,137.000000,-485.000000,951.000000,1589.000000,-6.000000,53.000000
1279,1743685967155923,178.000000,-130.000000,135.000000,178.000000,128.000000,360.000000,178.000000,-130.001007,135.001999,178.020996,128.000000,360.003998,143.000000,-488.000000,928.000000,1573.000000,-9.000000,54.000000
1279,1743685967160385,178.000000,-130.000000,135.000000,178.000000,128.000000,360.000000,178.000000,-130.001007,135.001999,178.020996,128.000000,360.003998,143.000000,-488.000000,928.000000,1573.000000,-9.000000,54.000000
1279,1743685967165965,178.000000,-130.000000,135.000000,178.000000,128.000000,360.000000,178.000000,-129.998993,135.001999,178.022995,128.000000,360.001007,140.000000,-488.000000,918.000000,1528.000000,-2.000000,65.000000
1279,1743685967170515,178.000000,-130.000000,135.000000,178.000000,128.000000,360.000000,178.000000,-130.001007,135.005005,178.022995,128.001007,360.002014,146.000000,-499.000000,918.000000,1527.000000,-11.000000,60.000000
1279,1743685967176094,178.000000,-130.000000,135.000000,178.000000,128.000000,360.000000,178.000000,-130.001007,135.001999,178.028000,128.000000,360.003998,139.000000,-496.000000,896.000000,1478.000000,-5.000000,51.000000
1279,1743685967180576,178.000000,-130.000000,135.000000,178.000000,128.000000,360.000000,178.000000,-130.001007,135.001999,178.028000,128.000000,360.001007,145.000000,-494.000000,923.000000,1462.000000,-10.000000,50.000000
1279,1743685967186147,178.000000,-130.000000,135.000000,178.000000,128.000000,360.000000,177.998993,-130.001007,135.001999,178.029999,128.000000,360.002014,142.000000,-494.000000,904.000000,1414.000000,-11.000000,62.000000
1279,1743685967190589,178.000000,-130.000000,135.000000,178.000000,128.000000,360.000000,178.001007,-130.001007,135.005005,178.033005,128.000000,360.002014,142.000000,-494.000000,890.000000,1375.000000,-7.000000,62.000000
1279,1743685967195122,178.000000,-130.000000,135.000000,178.000000,128.000000,360.000000,178.000000,-130.001007,135.005005,178.035995,128.001007,360.002014,142.000000,-493.000000,879.000000,1317.000000,-11.000000,52.000000
1279,1743685967200612,178.000000,-130.000000,135.000000,178.000000,128.000000,360.000000,178.000000,-130.001007,135.005005,178.037003,127.998001,360.002014,147.000000,-494.000000,855.000000,1286.000000,-5.000000,57.000000
1279,1743685967206130,178.000000,-130.000000,135.000000,178.000000,128.000000,360.000000,178.000000,-130.001007,135.001999,178.042999,128.000000,360.002014,140.000000,-498.000000,849.000000,1194.000000,-10.000000,41.000000
1279,1743685967210536,178.000000,-130.000000,135.000000,178.000000,128.000000,360.000000,178.000000,-129.998993,135.001999,178.046997,128.000000,360.002014,143.000000,-495.000000,861.000000,1113.000000,-8.000000,64.000000
1279,1743685967216024,178.000000,-130.000000,135.000000,178.000000,128.000000,360.000000,178.001007,-129.998993,135.001999,178.054993,128.000000,360.002014,152.000000,-490.000000,856.000000,968.000000,-13.000000,55.000000
1279,1743685967220434,178.000000,-130.000000,135.000000,178.000000,128.000000,360.000000,178.000000,-130.001999,135.001999,178.059998,128.000000,360.001007,148.000000,-492.000000,856.000000,851.000000,-13.000000,45.000000
1279,1743685967225946,178.000000,-130.000000,135.000000,178.000000,128.000000,360.000000,178.000000,-130.001999,135.001999,178.059998,128.000000,360.001007,148.000000,-492.000000,856.000000,851.000000,-13.000000,45.000000
1279,1743685967230382,178.000000,-130.000000,135.000000,178.000000,128.000000,360.000000,178.000000,-130.001999,135.001999,178.059998,128.001007,360.002014,148.000000,-492.000000,856.000000,851.000000,-8.000000,40.000000
1279,1743685967235944,178.000000,-130.000000,135.000000,178.000000,128.000000,360.000000,178.000000,-130.001007,135.001999,178.087997,128.000000,360.002014,154.000000,-492.000000,844.000000,321.000000,-13.000000,39.000000
1279,1743685967240408,178.000000,-130.000000,135.000000,178.000000,128.000000,360.000000,178.000000,-130.001999,135.001999,178.106003,128.000000,360.002014,151.000000,-489.000000,830.000000,-143.000000,-9.000000,60.000000
1279,1743685967245953,178.000000,-130.000000,135.000000,178.000000,128.000000,360.000000,177.998993,-130.001007,135.001999,178.121002,128.000000,360.002014,151.000000,-484.000000,835.000000,-455.000000,-9.000000,53.000000
1279,1743685967250444,178.000000,-130.000000,135.000000,178.000000,128.000000,360.000000,178.001007,-130.001999,135.005005,178.141006,128.001007,360.002014,154.000000,-493.000000,827.000000,-850.000000,-3.000000,31.000000
1279,1743685967256030,178.000000,-130.000000,135.000000,178.000000,128.000000,360.000000,178.000000,-130.001007,135.001999,178.166000,128.003006,360.001007,149.000000,-486.000000,829.000000,-1365.000000,-7.000000,30.000000
1279,1743685967260505,178.000000,-130.000000,135.000000,178.000000,128.000000,360.000000,178.000000,-130.001007,135.001999,178.201996,128.001007,360.002014,150.000000,-489.000000,803.000000,-1681.000000,-8.000000,55.000000
1279,1743685967266091,178.000000,-130.000000,135.000000,178.000000,128.000000,360.000000,178.000000,-130.001999,135.001999,178.210007,127.998001,360.002014,154.000000,-493.000000,813.000000,-1675.000000,-8.000000,43.000000
1279,1743685967270492,178.000000,-130.000000,135.000000,178.000000,128.000000,360.000000,178.001007,-130.001007,135.005005,178.223007,128.000000,360.003998,143.000000,-492.000000,810.000000,-1483.000000,-9.000000,22.000000
1279,1743685967276060,178.000000,-130.000000,135.000000,178.000000,128.000000,360.000000,178.003998,-130.001999,135.001999,178.233994,128.000000,360.003998,133.000000,-492.000000,795.000000,-1159.000000,-8.000000,38.000000
1279,1743685967280525,178.000000,-130.000000,135.000000,178.000000,128.000000,360.000000,178.003998,-130.001999,135.001007,178.238998,128.000000,360.002014,124.000000,-491.000000,798.000000,-1197.000000,-8.000000,41.000000
1279,1743685967286172,178.000000,-130.000000,135.000000,178.000000,128.000000,360.000000,178.003998,-130.001007,135.005005,178.240005,127.998001,360.002014,108.000000,-491.000000,781.000000,-1065.000000,-9.000000,47.000000
1279,1743685967290658,178.000000,-130.000000,135.000000,178.000000,128.000000,360.000000,178.003006,-130.001007,135.001999,178.242996,128.000000,360.002014,92.000000,-491.000000,765.000000,-1038.000000,-9.000000,30.000000
1279,1743685967296234,178.000000,-130.000000,135.000000,178.000000,128.000000,360.000000,178.003998,-130.001007,135.005005,178.242996,128.000000,360.002014,83.000000,-492.000000,781.000000,-1015.000000,-11.000000,31.000000
1279,1743685967300718,178.000000,-130.000000,135.000000,178.000000,128.000000,360.000000,178.003998,-130.001007,135.005005,178.242996,128.000000,360.001007,64.000000,-478.000000,754.000000,-1020.000000,-5.000000,46.000000
1279,1743685967305243,178.000000,-130.000000,135.000000,178.000000,128.000000,360.000000,178.003006,-130.001007,135.001999,178.242004,128.000000,360.003998,75.000000,-486.000000,781.000000,-1038.000000,-10.000000,29.000000
1279,1743685967310868,178.000000,-130.000000,135.000000,178.000000,128.000000,360.000000,178.001007,-130.001999,135.001999,178.242004,128.000000,360.001007,77.000000,-486.000000,768.000000,-1045.000000,-6.000000,29.000000
1279,1743685967315339,178.000000,-130.000000,135.000000,178.000000,128.000000,360.000000,178.001007,-130.001999,135.001999,178.242996,128.000000,360.002014,71.000000,-487.000000,760.000000,-1075.000000,-11.000000,33.000000
1279,1743685967320921,178.000000,-130.000000,135.000000,178.000000,128.000000,360.000000,178.001007,-130.001007,135.005005,178.242004,128.001007,360.002014,74.000000,-482.000000,754.000000,-1081.000000,-5.000000,41.000000
1279,1743685967325447,178.000000,-130.000000,135.000000,178.000000,128.000000,360.000000,178.001007,-130.001007,135.005005,178.242996,127.998001,360.002014,75.000000,-488.000000,736.000000,-1098.000000,-5.000000,27.000000
1279,1743685967330991,178.000000,-130.000000,135.000000,178.000000,128.000000,360.000000,178.001007,-129.998993,135.001999,178.242996,128.000000,360.002014,75.000000,-485.000000,747.000000,-1114.000000,-4.000000,34.000000
1279,1743685967335503,178.000000,-130.000000,135.000000,178.000000,128.000000,360.000000,178.003006,-130.001007,135.001007,178.242004,127.998001,360.001007,74.000000,-497.000000,732.000000,-1126.000000,-8.000000,31.000000
1279,1743685967341126,178.000000,-130.000000,135.000000,178.000000,128.000000,360.000000,178.000000,-130.001007,135.001999,178.242996,128.000000,360.002014,84.000000,-484.000000,750.000000,-1143.000000,-8.000000,24.000000
1279,1743685967345609,178.000000,-130.000000,135.000000,178.000000,128.000000,360.000000,178.000000,-129.998993,135.001999,178.242996,128.000000,360.003998,87.000000,-490.000000,714.000000,-1164.000000,-10.000000,29.000000
1279,1743685967351158,178.000000,-130.000000,135.000000,178.000000,128.000000,360.000000,178.000000,-129.998993,135.001999,178.242996,128.000000,360.003998,87.000000,-490.000000,714.000000,-1164.000000,-10.000000,29.000000
1279,1743685967355588,178.000000,-130.000000,135.000000,178.000000,128.000000,360.000000,178.003006,-130.001007,135.005005,178.242004,127.998001,360.002014,83.000000,-489.000000,721.000000,-1169.000000,-8.000000,30.000000
1279,1743685967361121,178.000000,-130.000000,135.000000,178.000000,128.000000,360.000000,178.000000,-130.001007,135.001999,178.242004,128.000000,360.001007,86.000000,-489.000000,731.000000,-1198.000000,-3.000000,32.000000
1279,1743685967365568,178.000000,-130.000000,135.000000,178.000000,128.000000,360.000000,178.000000,-130.001007,135.001999,178.242004,128.000000,360.001007,86.000000,-489.000000,731.000000,-1198.000000,-3.000000,32.000000
1279,1743685967371075,178.000000,-130.000000,135.000000,178.000000,128.000000,360.000000,178.000000,-130.001007,135.005005,178.240005,128.000000,360.003998,81.000000,-488.000000,744.000000,-1215.000000,-9.000000,18.000000
1279,1743685967375515,178.000000,-130.000000,135.000000,178.000000,128.000000,360.000000,178.001007,-130.001007,135.005005,178.242004,128.001007,360.001007,83.000000,-489.000000,728.000000,-1216.000000,-14.000000,40.000000
1279,1743685967381078,178.000000,-130.000000,135.000000,178.000000,128.000000,360.000000,178.001007,-129.998993,135.001999,178.240005,128.001007,360.001007,84.000000,-490.000000,692.000000,-1239.000000,-9.000000,42.000000
1279,1743685967385575,178.000000,-130.000000,135.000000,178.000000,128.000000,360.000000,178.001007,-130.001999,135.001007,178.242004,128.000000,360.002014,99.000000,-490.000000,722.000000,-1259.000000,-5.000000,42.000000
1279,1743685967391154,178.000000,-130.000000,135.000000,178.000000,128.000000,360.000000,178.001007,-130.001007,135.001999,178.242004,128.000000,360.001007,92.000000,-490.000000,722.000000,-1271.000000,-9.000000,31.000000
1279,1743685967395618,178.000000,-130.000000,135.000000,178.000000,128.000000,360.000000,178.001007,-130.001007,135.001007,178.242004,128.001007,360.002014,91.000000,-489.000000,721.000000,-1289.000000,-9.000000,24.000000
1279,1743685967400138,178.000000,-130.000000,135.000000,178.000000,128.000000,360.000000,178.001007,-130.001999,135.001999,178.240005,128.000000,360.002014,86.000000,-489.000000,725.000000,-1303.000000,-9.000000,20.000000
1279,1743685967405767,178.000000,-130.000000,135.000000,178.000000,128.000000,360.000000,178.001007,-130.001999,135.001999,178.238998,128.000000,360.001007,88.000000,-495.000000,729.000000,-1302.000000,-12.000000,25.000000
1279,1743685967410165,178.000000,-130.000000,135.000000,178.000000,128.000000,360.000000,178.003006,-130.001007,135.001999,178.238998,127.998001,360.003998,87.000000,-491.000000,728.000000,-1324.000000,-11.000000,36.000000
1279,1743685967415660,178.000000,-130.000000,135.000000,178.000000,128.000000,360.000000,178.003006,-130.001007,135.001007,178.238998,128.000000,360.002014,95.000000,-493.000000,711.000000,-1332.000000,-8.000000,21.000000
1279,1743685967421170,178.000000,-130.000000,135.000000,178.000000,128.000000,360.000000,178.001007,-130.001999,135.001007,178.238007,128.000000,360.001007,95.000000,-497.000000,721.000000,-1348.000000,-16.000000,24.000000
1279,1743685967425572,178.000000,-130.000000,135.000000,178.000000,128.000000,360.000000,178.003006,-130.001007,135.001999,178.238007,128.000000,360.002014,99.000000,-489.000000,699.000000,-1377.000000,0.000000,21.000000
1279,1743685967431080,178.000000,-130.000000,135.000000,178.000000,128.000000,360.000000,178.000000,-130.001007,135.001999,178.235992,127.998001,360.002014,100.000000,-494.000000,715.000000,-1380.000000,-14.000000,33.000000
1279,1743685967435514,178.000000,-130.000000,135.000000,178.000000,128.000000,360.000000,178.001007,-130.001999,135.001999,178.235001,127.998001,360.001007,96.000000,-492.000000,719.000000,-1400.000000,-15.000000,6.000000
1279,1743685967441060,178.000000,-130.000000,135.000000,178.000000,128.000000,360.000000,178.001007,-130.001007,135.001999,178.235001,128.000000,360.002014,89.000000,-495.000000,720.000000,-1401.000000,-15.000000,16.000000
1279,1743685967445532,178.000000,-130.000000,135.000000,178.000000,128.000000,360.000000,178.000000,-130.001999,135.001007,178.233994,127.998001,360.001007,93.000000,-495.000000,721.000000,-1402.000000,-14.000000,19.000000
1279,1743685967451054,178.000000,-130.000000,135.000000,178.000000,128.000000,360.000000,178.001007,-130.001007,135.001007,178.233994,128.001007,360.002014,93.000000,-493.000000,722.000000,-1408.000000,-6.000000,12.000000
1279,1743685967455567,178.000000,-130.000000,135.000000,178.000000,128.000000,360.000000,178.003006,-130.001999,135.001007,178.231003,128.000000,360.003998,90.000000,-494.000000,722.000000,-1405.000000,-8.000000,34.000000
1279,1743685967461158,178.000000,-130.000000,135.000000,178.000000,128.000000,360.000000,178.003006,-130.001999,135.001999,178.227997,128.000000,360.001007,100.000000,-494.000000,723.000000,-1402.000000,-14.000000,31.000000
1279,1743685967465640,178.000000,-130.000000,135.000000,178.000000,128.000000,360.000000,178.003006,-130.001999,135.001007,178.227005,127.998001,360.002014,83.000000,-492.000000,724.000000,-1422.000000,-18.000000,23.000000
1279,1743685967471225,178.000000,-130.000000,135.000000,178.000000,128.000000,360.000000,178.001007,-130.001999,135.001999,178.225006,128.000000,360.002014,90.000000,-496.000000,724.000000,-1449.000000,-17.000000,24.000000
1279,1743685967475627,178.000000,-130.000000,135.000000,178.000000,128.000000,360.000000,178.001007,-130.001007,135.001007,178.225006,128.000000,360.002014,91.000000,-493.000000,707.000000,-1448.000000,-8.000000,26.000000
1279,1743685967481144,178.000000,-130.000000,135.000000,178.000000,128.000000,360.000000,178.001007,-130.001999,135.001999,178.223999,127.998001,360.002014,93.000000,-493.000000,716.000000,-1495.000000,-12.000000,12.000000
1279,1743685967485576,178.000000,-130.000000,135.000000,178.000000,128.000000,360.000000,178.003006,-130.001999,135.001999,178.223007,128.000000,359.998993,93.000000,-498.000000,724.000000,-1504.000000,-13.000000,23.000000
1279,1743685967491059,178.000000,-130.000000,135.000000,178.000000,128.000000,360.000000,178.001007,-130.001007,135.001999,178.220993,128.001007,360.002014,95.000000,-484.000000,712.000000,-1515.000000,-1.000000,9.000000
1279,1743685967495489,178.000000,-130.000000,135.000000,178.000000,128.000000,360.000000,178.001007,-130.001999,135.001999,178.220993,127.998001,360.002014,74.000000,-485.000000,724.000000,-1545.000000,-9.000000,11.000000
1279,1743685967501075,178.000000,-130.000000,135.000000,178.000000,128.000000,360.000000,178.001007,-130.001007,135.001007,178.220001,128.000000,360.001007,93.000000,-489.000000,721.000000,-1579.000000,-6.000000,19.000000
1279,1743685967505548,178.000000,-130.000000,135.000000,178.000000,128.000000,360.000000,178.003006,-130.001007,135.005005,178.220001,128.000000,360.002014,81.000000,-492.000000,726.000000,-1601.000000,-5.000000,22.000000
1279,1743685967511128,178.000000,-130.000000,135.000000,178.000000,128.000000,360.000000,178.001007,-130.001007,135.001007,178.218002,127.998001,360.002014,83.000000,-492.000000,699.000000,-1612.000000,-9.000000,13.000000
1279,1743685967515567,178.000000,-130.000000,135.000000,178.000000,128.000000,360.000000,178.001007,-130.001007,135.001007,178.218002,127.998001,360.002014,83.000000,-492.000000,699.000000,-1612.000000,-9.000000,13.000000
1279,1743685967521121,178.000000,-130.000000,135.000000,178.000000,128.000000,360.000000,178.001007,-130.001999,135.001999,178.218002,128.000000,360.002014,70.000000,-488.000000,717.000000,-1642.000000,-8.000000,10.000000
1279,1743685967525587,178.000000,-130.000000,135.000000,178.000000,128.000000,360.000000,178.001007,-130.001007,135.001007,178.216995,128.000000,360.001007,68.000000,-488.000000,714.000000,-1662.000000,-10.000000,23.000000
1279,1743685967531184,178.000000,-130.000000,135.000000,178.000000,128.000000,360.000000,178.000000,-130.001007,135.001007,178.216003,127.998001,360.002014,77.000000,-486.000000,719.000000,-1688.000000,6.000000,9.000000
1279,1743685967535603,178.000000,-130.000000,135.000000,178.000000,128.000000,360.000000,178.003006,-130.001999,135.001007,178.216003,128.000000,360.002014,82.000000,-481.000000,729.000000,-1705.000000,-7.000000,7.000000
1279,1743685967541121,178.000000,-130.000000,135.000000,178.000000,128.000000,360.000000,178.003006,-130.001007,135.001999,178.214005,128.001007,360.001007,81.000000,-480.000000,721.000000,-1735.000000,-11.000000,10.000000
1279,1743685967545540,178.000000,-130.000000,135.000000,178.000000,128.000000,360.000000,178.001007,-130.001007,135.001007,178.212997,128.001007,360.002014,77.000000,-479.000000,719.000000,-1746.000000,-5.000000,15.000000
1279,1743685967551041,178.000000,-130.000000,135.000000,178.000000,128.000000,360.000000,178.001007,-130.001007,135.001999,178.212006,128.001007,360.002014,76.000000,-483.000000,709.000000,-1739.000000,-3.000000,-5.000000
1279,1743685967555477,178.000000,-130.000000,135.000000,178.000000,128.000000,360.000000,178.003006,-130.001999,134.998993,178.212006,128.000000,360.001007,81.000000,-483.000000,714.000000,-1790.000000,-3.000000,26.000000
1279,1743685967561079,178.000000,-130.000000,135.000000,178.000000,128.000000,360.000000,178.001007,-130.001007,135.001007,178.210007,127.998001,360.002014,75.000000,-484.000000,719.000000,-1808.000000,-8.000000,11.000000
1279,1743685967565566,178.000000,-130.000000,135.000000,178.000000,128.000000,360.000000,178.003006,-130.001007,135.001999,178.210007,127.998001,360.001007,91.000000,-482.000000,720.000000,-1802.000000,-14.000000,8.000000
1279,1743685967571144,178.000000,-130.000000,135.000000,178.000000,128.000000,360.000000,178.001007,-130.001007,135.001007,178.209000,128.000000,360.001007,75.000000,-481.000000,702.000000,-1845.000000,-14.000000,37.000000
1279,1743685967575594,178.000000,-130.000000,135.000000,178.000000,128.000000,360.000000,178.001007,-130.001999,135.001007,178.207001,128.001007,360.002014,77.000000,-481.000000,713.000000,-1855.000000,-10.000000,12.000000
1279,1743685967581223,178.000000,-130.000000,135.000000,178.000000,128.000000,360.000000,178.003006,-130.001007,135.001007,178.205994,127.998001,360.002014,80.000000,-475.000000,696.000000,-1887.000000,-11.000000,17.000000
1279,1743685967585752,178.000000,-130.000000,135.000000,178.000000,128.000000,360.000000,178.001007,-130.001007,135.001007,178.205002,127.998001,360.002014,87.000000,-471.000000,707.000000,-1887.000000,-4.000000,25.000000
1279,1743685967590180,178.000000,-130.000000,135.000000,178.000000,128.000000,360.000000,178.003006,-130.001007,135.001007,178.203003,127.998001,360.001007,75.000000,-475.000000,711.000000,-1895.000000,-8.000000,8.000000
1279,1743685967595641,178.000000,-130.000000,135.000000,178.000000,128.000000,360.000000,178.001007,-130.001007,135.001999,178.203003,128.000000,360.003998,79.000000,-475.000000,684.000000,-1907.000000,-10.000000,26.000000
1279,1743685967601150,178.000000,-130.000000,135.000000,178.000000,128.000000,360.000000,178.001007,-129.998993,135.001999,178.201004,127.998001,359.998993,74.000000,-487.000000,710.000000,-1913.000000,-9.000000,20.000000
1279,1743685967605567,178.000000,-130.000000,135.000000,178.000000,128.000000,360.000000,178.001007,-130.001007,135.001007,178.199005,128.000000,360.001007,80.000000,-482.000000,704.000000,-1948.000000,-11.000000,17.000000
1279,1743685967611061,178.000000,-130.000000,135.000000,178.000000,128.000000,360.000000,178.001007,-130.001007,135.001007,178.197998,128.000000,360.001007,75.000000,-479.000000,703.000000,-1931.000000,-10.000000,3.000000
1279,1743685967615521,178.000000,-130.000000,135.000000,178.000000,128.000000,360.000000,178.000000,-130.001007,135.001007,178.197998,128.000000,360.001007,79.000000,-480.000000,707.000000,-1976.000000,-13.000000,11.000000
1279,1743685967621035,178.000000,-130.000000,135.000000,178.000000,128.000000,360.000000,178.003006,-130.001007,135.001007,178.195007,128.000000,360.002014,70.000000,-481.000000,706.000000,-1957.000000,0.000000,28.000000
1279,1743685967625567,178.000000,-130.000000,135.000000,178.000000,128.000000,360.000000,178.003006,-130.001007,135.001007,178.194000,128.000000,360.002014,79.000000,-480.000000,699.000000,-1976.000000,-6.000000,5.000000
1279,1743685967631140,178.000000,-130.000000,135.000000,178.000000,128.000000,360.000000,178.001007,-130.001007,135.001999,178.192001,128.000000,360.002014,76.000000,-481.000000,703.000000,-1966.000000,-10.000000,23.000000
1279,1743685967635582,178.000000,-130.000000,135.000000,178.000000,128.000000,360.000000,178.001007,-130.001999,135.001007,178.190994,128.000000,360.002014,79.000000,-486.000000,680.000000,-1994.000000,-10.000000,12.000000
1279,1743685967641167,178.000000,-130.000000,135.000000,178.000000,128.000000,360.000000,178.001007,-130.001007,135.001007,178.188004,127.998001,359.998993,65.000000,-485.000000,692.000000,-1982.000000,-7.000000,4.000000
1279,1743685967645646,178.000000,-130.000000,135.000000,178.000000,128.000000,360.000000,178.001007,-130.001999,135.001007,178.186996,128.000000,360.002014,63.000000,-483.000000,682.000000,-1983.000000,-5.000000,20.000000
1279,1743685967651232,178.000000,-130.000000,135.000000,178.000000,128.000000,360.000000,178.003006,-130.001007,135.001007,178.184998,128.000000,360.002014,78.000000,-487.000000,708.000000,-1989.000000,-12.000000,15.000000
1279,1743685967655691,178.000000,-130.000000,135.000000,178.000000,128.000000,360.000000,178.003006,-130.001007,135.001007,178.184998,128.000000,360.002014,78.000000,-487.000000,708.000000,-1989.000000,-12.000000,15.000000
1279,1743685967661281,178.000000,-130.000000,135.000000,178.000000,128.000000,360.000000,178.001007,-130.001999,135.001007,178.179993,128.000000,360.002014,71.000000,-480.000000,703.000000,-1977.000000,-15.000000,14.000000
1279,1743685967665775,178.000000,-130.000000,135.000000,178.000000,128.000000,360.000000,178.001007,-130.001999,135.001007,178.179993,128.000000,360.002014,71.000000,-480.000000,703.000000,-1977.000000,-15.000000,14.000000
1279,1743685967670247,178.000000,-130.000000,135.000000,178.000000,128.000000,360.000000,178.001007,-130.001999,135.001007,178.179001,128.000000,360.001007,71.000000,-474.000000,694.000000,-1972.000000,-9.000000,21.000000
1279,1743685967675799,178.000000,-130.000000,135.000000,178.000000,128.000000,360.000000,178.001007,-130.001007,135.001007,178.177002,128.000000,360.003998,71.000000,-478.000000,710.000000,-1959.000000,-6.000000,0.000000
1279,1743685967680278,178.000000,-130.000000,135.000000,178.000000,128.000000,360.000000,178.003006,-130.001999,135.001007,178.173004,128.000000,360.001007,71.000000,-478.000000,696.000000,-1936.000000,-13.000000,2.000000
1279,1743685967685852,178.000000,-130.000000,135.000000,178.000000,128.000000,360.000000,178.001007,-130.001999,135.001007,178.171997,128.000000,360.001007,65.000000,-476.000000,703.000000,-1956.000000,-10.000000,16.000000
1279,1743685967690362,178.000000,-130.000000,135.000000,178.000000,128.000000,360.000000,178.001007,-130.001007,135.001999,178.169006,128.000000,360.001007,67.000000,-476.000000,710.000000,-1890.000000,-15.000000,7.000000
1279,1743685967695950,178.000000,-130.000000,135.000000,178.000000,128.000000,360.000000,178.001007,-130.001007,135.001999,178.166000,128.000000,360.001007,68.000000,-485.000000,700.000000,-1902.000000,-5.000000,-4.000000
1279,1743685967700441,178.000000,-130.000000,135.000000,178.000000,128.000000,360.000000,178.003006,-130.001007,135.001999,178.162003,128.000000,360.002014,68.000000,-480.000000,716.000000,-1822.000000,-7.000000,17.000000
1279,1743685967705954,178.000000,-130.000000,135.000000,178.000000,128.000000,360.000000,178.001007,-130.001999,135.001007,178.158997,128.000000,360.001007,62.000000,-481.000000,728.000000,-1791.000000,-6.000000,21.000000
1279,1743685967710457,178.000000,-130.000000,135.000000,178.000000,128.000000,360.000000,178.003006,-130.001007,134.998993,178.154007,127.998001,360.001007,62.000000,-481.000000,721.000000,-1710.000000,-10.000000,12.000000
1279,1743685967715981,178.000000,-130.000000,135.000000,178.000000,128.000000,360.000000,178.001007,-130.001007,135.001999,178.143005,128.000000,360.002014,70.000000,-482.000000,716.000000,-1520.000000,-3.000000,0.000000
1279,1743685967720448,178.000000,-130.000000,135.000000,178.000000,128.000000,360.000000,178.003006,-130.001007,135.001007,178.139008,128.000000,360.002014,73.000000,-488.000000,714.000000,-1450.000000,-8.000000,11.000000
1279,1743685967725971,178.000000,-130.000000,135.000000,178.000000,128.000000,360.000000,178.003006,-130.001999,135.001999,178.128998,127.998001,360.002014,71.000000,-484.000000,712.000000,-1243.000000,-11.000000,6.000000
1279,1743685967730407,178.000000,-130.000000,135.000000,178.000000,128.000000,360.000000,178.001007,-130.001999,135.001007,178.110992,128.000000,360.002014,60.000000,-476.000000,702.000000,-893.000000,-11.000000,11.000000
1279,1743685967735945,178.000000,-130.000000,135.000000,178.000000,128.000000,360.000000,178.003006,-130.001007,135.001007,178.095001,128.000000,360.002014,43.000000,-481.000000,712.000000,-502.000000,-9.000000,16.000000
1279,1743685967740362,178.000000,-130.000000,135.000000,178.000000,128.000000,360.000000,178.003006,-130.001999,135.001999,178.063004,128.000000,360.002014,41.000000,-480.000000,719.000000,149.000000,-8.000000,-1.000000
1279,1743685967745874,178.000000,-130.000000,135.000000,178.000000,128.000000,360.000000,178.003998,-130.001007,135.001999,178.050995,127.998001,359.998993,44.000000,-485.000000,714.000000,426.000000,-5.000000,4.000000
1279,1743685967750307,178.000000,-130.000000,135.000000,178.000000,128.000000,360.000000,178.003998,-130.001999,135.001007,178.009995,128.000000,360.002014,15.000000,-486.000000,711.000000,1168.000000,-6.000000,-13.000000
1279,1743685967755871,178.000000,-130.000000,135.000000,178.000000,128.000000,360.000000,178.001007,-130.001999,135.001007,177.977005,128.000000,360.002014,37.000000,-477.000000,703.000000,1653.000000,-3.000000,8.000000
1279,1743685967760347,178.000000,-130.000000,135.000000,178.000000,128.000000,360.000000,178.001007,-130.001999,135.001007,177.951996,128.000000,360.002014,24.000000,-481.000000,710.000000,1544.000000,-12.000000,-13.000000
1279,1743685967765846,178.000000,-130.000000,135.000000,178.000000,128.000000,360.000000,178.001007,-130.001999,135.001007,177.932999,127.998001,360.001007,28.000000,-486.000000,706.000000,1447.000000,-5.000000,-7.000000
1279,1743685967770300,178.000000,-130.000000,135.000000,178.000000,128.000000,360.000000,177.998993,-130.001999,135.001007,177.919006,127.998001,360.001007,20.000000,-488.000000,720.000000,1245.000000,-3.000000,5.000000
1279,1743685967775785,178.000000,-130.000000,135.000000,178.000000,128.000000,360.000000,177.996994,-129.998993,135.001007,177.912003,127.998001,360.002014,26.000000,-479.000000,712.000000,1050.000000,-7.000000,-6.000000
1279,1743685967780189,178.000000,-130.000000,135.000000,178.000000,128.000000,360.000000,177.996002,-130.001999,135.001007,177.908005,128.001007,360.001007,39.000000,-483.000000,712.000000,931.000000,-8.000000,31.000000
1279,1743685967785707,178.000000,-130.000000,135.000000,178.000000,128.000000,360.000000,177.994003,-130.001999,135.001007,177.906998,128.000000,360.001007,67.000000,-483.000000,712.000000,831.000000,-8.000000,-2.000000
1279,1743685967791280,178.000000,-130.000000,135.000000,178.000000,128.000000,360.000000,177.994003,-130.001999,135.001007,177.904999,128.000000,360.003998,80.000000,-472.000000,724.000000,798.000000,-7.000000,-11.000000
1279,1743685967795729,178.000000,-130.000000,135.000000,178.000000,128.000000,360.000000,177.994003,-130.001007,135.001007,177.904007,128.000000,360.001007,106.000000,-470.000000,718.000000,775.000000,-9.000000,1.000000
1279,1743685967800207,178.000000,-130.000000,135.000000,178.000000,128.000000,360.000000,177.996002,-130.001007,134.998993,177.904007,128.000000,359.998993,130.000000,-466.000000,710.000000,765.000000,-9.000000,10.000000
1279,1743685967805787,178.000000,-130.000000,135.000000,178.000000,128.000000,360.000000,177.998993,-130.001999,135.001007,177.904007,128.000000,360.002014,120.000000,-464.000000,715.000000,768.000000,-13.000000,-4.000000
1279,1743685967810272,178.000000,-130.000000,135.000000,178.000000,128.000000,360.000000,177.998993,-130.001999,135.001007,177.904999,128.000000,359.998993,112.000000,-457.000000,701.000000,773.000000,-10.000000,-2.000000
1279,1743685967815854,178.000000,-130.000000,135.000000,178.000000,128.000000,360.000000,177.998993,-130.001999,135.001007,177.904999,128.000000,359.998993,112.000000,-457.000000,701.000000,773.000000,-10.000000,-2.000000
1279,1743685967820265,178.000000,-130.000000,135.000000,178.000000,128.000000,360.000000,178.001007,-130.001999,135.001007,177.904999,128.000000,360.002014,113.000000,-465.000000,708.000000,780.000000,-6.000000,2.000000
1279,1743685967825768,178.000000,-130.000000,135.000000,178.000000,128.000000,360.000000,178.001007,-130.001999,135.001007,177.904999,128.000000,360.002014,113.000000,-465.000000,708.000000,780.000000,-6.000000,2.000000
1279,1743685967831301,178.000000,-130.000000,135.000000,178.000000,128.000000,360.000000,178.001007,-130.001007,134.998993,177.904007,127.998001,360.001007,113.000000,-464.000000,709.000000,788.000000,-5.000000,7.000000
1279,1743685967835701,178.000000,-130.000000,135.000000,178.000000,128.000000,360.000000,178.003006,-130.001999,134.998993,177.904999,128.000000,359.998993,103.000000,-464.000000,709.000000,791.000000,-6.000000,-7.000000
1279,1743685967841215,178.000000,-130.000000,135.000000,178.000000,128.000000,360.000000,178.003998,-130.001007,135.001007,177.904999,127.998001,360.001007,100.000000,-459.000000,708.000000,799.000000,-6.000000,-1.000000
1279,1743685967845667,178.000000,-130.000000,135.000000,178.000000,128.000000,360.000000,178.003998,-130.001007,135.001007,177.904007,127.998001,360.002014,90.000000,-462.000000,704.000000,803.000000,-13.000000,-11.000000
1279,1743685967850156,178.000000,-130.000000,135.000000,178.000000,128.000000,360.000000,178.003006,-130.001007,135.001007,177.904999,128.000000,360.002014,80.000000,-457.000000,709.000000,808.000000,-8.000000,12.000000
1279,1743685967855711,178.000000,-130.000000,135.000000,178.000000,128.000000,360.000000,178.000000,-130.001007,135.001007,177.904999,128.000000,360.002014,88.000000,-464.000000,708.000000,818.000000,-12.000000,7.000000
1279,1743685967860187,178.000000,-130.000000,135.000000,178.000000,128.000000,360.000000,178.001007,-130.001007,135.001007,177.904999,127.998001,360.001007,94.000000,-463.000000,718.000000,819.000000,-9.000000,0.000000
1279,1743685967865790,178.000000,-130.000000,135.000000,178.000000,128.000000,360.000000,178.001007,-130.001999,135.001007,177.904007,127.998001,360.002014,88.000000,-463.000000,710.000000,824.000000,-15.000000,13.000000
1279,1743685967870275,178.000000,-130.000000,135.000000,178.000000,128.000000,360.000000,178.001007,-130.001007,134.998993,177.904999,127.998001,360.002014,91.000000,-462.000000,716.000000,823.000000,-9.000000,-10.000000
1279,1743685967875878,178.000000,-130.000000,135.000000,178.000000,128.000000,360.000000,178.003998,-130.001999,134.998993,177.904999,127.998001,360.001007,99.000000,-463.000000,711.000000,832.000000,-8.000000,1.000000
1279,1743685967880291,178.000000,-130.000000,135.000000,178.000000,128.000000,360.000000,178.003998,-130.001999,134.998993,177.904007,128.000000,360.001007,90.000000,-455.000000,700.000000,837.000000,-8.000000,-4.000000
1279,1743685967885806,178.000000,-130.000000,135.000000,178.000000,128.000000,360.000000,178.003006,-130.001999,135.001007,177.904999,127.998001,360.002014,83.000000,-459.000000,711.000000,842.000000,-8.000000,-11.000000
1279,1743685967890269,178.000000,-130.000000,135.000000,178.000000,128.000000,360.000000,178.003998,-130.001007,134.998993,177.904999,128.000000,360.001007,88.000000,-450.000000,703.000000,845.000000,-7.000000,-14.000000
1279,1743685967895790,178.000000,-130.000000,135.000000,178.000000,128.000000,360.000000,178.001007,-130.001999,134.998993,177.904999,128.000000,360.001007,92.000000,-455.000000,693.000000,851.000000,-12.000000,0.000000
1279,1743685967900221,178.000000,-130.000000,135.000000,178.000000,128.000000,360.000000,178.001007,-129.998993,135.001007,177.904999,127.998001,360.002014,87.000000,-459.000000,712.000000,857.000000,-8.000000,5.000000
1279,1743685967905799,178.000000,-130.000000,135.000000,178.000000,128.000000,360.000000,178.003006,-129.998993,135.001007,177.904007,128.000000,360.003998,92.000000,-458.000000,709.000000,861.000000,-9.000000,-2.000000
1279,1743685967910299,178.000000,-130.000000,135.000000,178.000000,128.000000,360.000000,178.001007,-130.001007,134.998993,177.904999,128.000000,360.001007,89.000000,-453.000000,700.000000,878.000000,-6.000000,-17.000000
1279,1743685967915886,178.000000,-130.000000,135.000000,178.000000,128.000000,360.000000,178.003006,-130.001999,134.998993,177.904999,128.000000,360.001007,95.000000,-450.000000,700.000000,875.000000,-7.000000,-2.000000
1279,1743685967920368,178.000000,-130.000000,135.000000,178.000000,128.000000,360.000000,178.001007,-130.001007,134.998993,177.904007,128.000000,360.001007,98.000000,-449.000000,713.000000,875.000000,-10.000000,-5.000000
1279,1743685967925945,178.000000,-130.000000,135.000000,178.000000,128.000000,360.000000,178.001007,-130.001999,135.001007,177.904999,127.998001,360.001007,106.000000,-451.000000,702.000000,880.000000,-1.000000,-9.000000
1279,1743685967930461,178.000000,-130.000000,135.000000,178.000000,128.000000,360.000000,178.001007,-130.001007,135.001007,177.904999,127.998001,360.001007,106.000000,-452.000000,696.000000,880.000000,-9.000000,-12.000000
1279,1743685967936011,178.000000,-130.000000,135.000000,178.000000,128.000000,360.000000,178.001007,-130.001999,135.001007,177.904999,128.000000,360.001007,92.000000,-451.000000,709.000000,897.000000,-6.000000,0.000000
1279,1743685967940470,178.000000,-130.000000,135.000000,178.000000,128.000000,360.000000,178.003006,-130.001999,135.001007,177.904999,128.000000,360.002014,102.000000,-439.000000,683.000000,903.000000,-11.000000,-6.000000
1279,1743685967945994,178.000000,-130.000000,135.000000,178.000000,128.000000,360.000000,178.001007,-130.001999,134.998993,177.904999,128.000000,360.002014,94.000000,-446.000000,721.000000,907.000000,-13.000000,-2.000000
1279,1743685967950482,178.000000,-130.000000,135.000000,178.000000,128.000000,360.000000,178.001007,-130.001999,135.001007,177.904999,128.000000,360.001007,102.000000,-450.000000,697.000000,908.000000,-8.000000,-9.000000
1279,1743685967956019,178.000000,-130.000000,135.000000,178.000000,128.000000,360.000000,178.003998,-130.001999,135.001007,177.904999,127.998001,360.002014,98.000000,-438.000000,706.000000,912.000000,-9.000000,-6.000000
1279,1743685967960455,178.000000,-130.000000,135.000000,178.000000,128.000000,360.000000,178.001007,-130.001999,135.001007,177.904999,128.000000,360.002014,105.000000,-441.000000,701.000000,914.000000,-15.000000,-14.000000
1279,1743685967965953,178.000000,-130.000000,135.000000,178.000000,128.000000,360.000000,178.003006,-130.001999,135.001999,177.904999,128.000000,360.001007,101.000000,-445.000000,709.000000,923.000000,-17.000000,-9.000000
1279,1743685967970470,178.000000,-130.000000,135.000000,178.000000,128.000000,360.000000,178.001007,-130.001999,135.001007,177.904999,127.998001,360.002014,105.000000,-440.000000,707.000000,927.000000,-7.000000,15.000000
1279,1743685967975923,178.000000,-130.000000,135.000000,178.000000,128.000000,360.000000,178.001007,-130.001007,134.998993,177.904999,127.998001,360.001007,101.000000,-441.000000,705.000000,924.000000,-14.000000,-5.000000
1279,1743685967980346,178.000000,-130.000000,135.000000,178.000000,128.000000,360.000000,178.001007,-130.001007,134.998993,177.904999,127.998001,360.001007,101.000000,-441.000000,705.000000,924.000000,-14.000000,-5.000000
1279,1743685967985941,178.000000,-130.000000,135.000000,178.000000,128.000000,360.000000,178.003006,-130.001007,135.001007,177.906998,128.000000,360.001007,104.000000,-442.000000,699.000000,931.000000,-19.000000,-19.000000
1279,1743685967990462,178.000000,-130.000000,135.000000,178.000000,128.000000,360.000000,178.001007,-130.001007,135.001007,177.904999,127.998001,360.002014,93.000000,-434.000000,705.000000,943.000000,-14.000000,-2.000000
1279,1743685967996080,178.000000,-130.000000,135.000000,178.000000,128.000000,360.000000,178.001007,-130.001007,135.001007,177.904999,127.998001,360.002014,93.000000,-434.000000,705.000000,943.000000,-14.000000,-2.000000
1279,1743685968000505,178.000000,-130.000000,135.000000,178.000000,128.000000,360.000000,178.001007,-130.001999,134.998993,177.904999,127.998001,360.001007,106.000000,-447.000000,690.000000,955.000000,-12.000000,-12.000000
1279,1743685968006038,178.000000,-130.000000,135.000000,178.000000,128.000000,360.000000,178.001007,-130.001999,135.001007,177.906998,128.000000,360.003998,103.000000,-445.000000,704.000000,957.000000,-11.000000,-9.000000
1279,1743685968010483,178.000000,-130.000000,135.000000,178.000000,128.000000,360.000000,178.003006,-130.001999,134.998993,177.906998,127.998001,360.001007,105.000000,-442.000000,708.000000,960.000000,-11.000000,12.000000
1279,1743685968015985,178.000000,-130.000000,135.000000,178.000000,128.000000,360.000000,178.003006,-130.001007,134.998993,177.904999,127.998001,360.001007,104.000000,-443.000000,707.000000,966.000000,-13.000000,-5.000000
1279,1743685968020460,178.000000,-130.000000,135.000000,178.000000,128.000000,360.000000,178.000000,-130.001999,135.001007,177.904999,127.998001,360.002014,104.000000,-432.000000,702.000000,976.000000,-10.000000,-4.000000
1279,1743685968026069,178.000000,-130.000000,135.000000,178.000000,128.000000,360.000000,178.001007,-130.001999,134.998993,177.906998,127.998001,360.001007,113.000000,-427.000000,708.000000,974.000000,-12.000000,-14.000000
1279,1743685968030574,178.000000,-130.000000,135.000000,178.000000,128.000000,360.000000,178.000000,-130.001007,135.001007,177.906998,127.998001,359.998993,115.000000,-426.000000,707.000000,972.000000,-13.000000,-10.000000
1279,1743685968036159,178.000000,-130.000000,135.000000,178.000000,128.000000,360.000000,178.000000,-130.001999,135.001007,177.906998,128.000000,359.998993,107.000000,-428.000000,712.000000,983.000000,-11.000000,-3.000000
1279,1743685968040673,178.000000,-130.000000,135.000000,178.000000,128.000000,360.000000,178.003006,-130.001999,134.998993,177.906998,127.998001,359.998993,111.000000,-426.000000,685.000000,991.000000,-14.000000,-1.000000
1279,1743685968045231,178.000000,-130.000000,135.000000,178.000000,128.000000,360.000000,178.001007,-130.001999,135.001007,177.906998,127.998001,360.001007,109.000000,-428.000000,698.000000,983.000000,-13.000000,10.000000
1279,1743685968050781,178.000000,-130.000000,135.000000,178.000000,128.000000,360.000000,178.001007,-130.001007,135.001007,177.906998,127.998001,360.002014,106.000000,-427.000000,698.000000,997.000000,-14.000000,-9.000000
1279,1743685968055221,178.000000,-130.000000,135.000000,178.000000,128.000000,360.000000,178.003006,-130.001999,135.001007,177.906998,128.000000,360.002014,108.000000,-427.000000,705.000000,1000.000000,-14.000000,-5.000000
1279,1743685968060743,178.000000,-130.000000,135.000000,178.000000,128.000000,360.000000,178.003006,-130.001999,135.001007,177.906998,128.000000,360.002014,111.000000,-429.000000,694.000000,1008.000000,-6.000000,-12.000000
1279,1743685968065204,178.000000,-130.000000,135.000000,178.000000,128.000000,360.000000,178.001007,-130.001999,135.001007,177.906998,127.998001,360.001007,101.000000,-428.000000,700.000000,1011.000000,-14.000000,-14.000000
1279,1743685968070773,178.000000,-130.000000,135.000000,178.000000,128.000000,360.000000,178.001007,-130.001007,134.998993,177.906998,127.998001,360.001007,106.000000,-432.000000,704.000000,1016.000000,-8.000000,-15.000000
1279,1743685968075304,178.000000,-130.000000,135.000000,178.000000,128.000000,360.000000,178.001007,-130.001007,135.001007,177.906998,127.998001,360.002014,98.000000,-430.000000,698.000000,1018.000000,-13.000000,-14.000000
1279,1743685968080899,178.000000,-130.000000,135.000000,178.000000,128.000000,360.000000,178.001007,-130.001999,135.001007,177.906998,127.998001,360.002014,110.000000,-428.000000,708.000000,1024.000000,-14.000000,-16.000000
1279,1743685968085413,178.000000,-130.000000,135.000000,178.000000,128.000000,360.000000,178.003006,-130.001999,135.001007,177.906998,128.000000,360.001007,106.000000,-428.000000,697.000000,1028.000000,-6.000000,12.000000
1279,1743685968091001,178.000000,-130.000000,135.000000,178.000000,128.000000,360.000000,178.001007,-130.001007,135.001999,177.906998,127.998001,360.001007,105.000000,-430.000000,703.000000,1037.000000,-2.000000,12.000000
1279,1743685968095430,178.000000,-130.000000,135.000000,178.000000,128.000000,360.000000,178.001007,-130.001999,135.001999,177.908005,127.998001,359.998993,114.000000,-431.000000,698.000000,1039.000000,-4.000000,-10.000000
1279,1743685968100912,178.000000,-130.000000,135.000000,178.000000,128.000000,360.000000,178.001007,-130.001007,134.998993,177.908005,128.000000,360.002014,106.000000,-425.000000,704.000000,1044.000000,-9.000000,-7.000000
1279,1743685968105331,178.000000,-130.000000,135.000000,178.000000,128.000000,360.000000,178.003006,-130.001999,135.001007,177.908005,127.998001,360.001007,111.000000,-427.000000,696.000000,1052.000000,-9.000000,-18.000000
1279,1743685968110823,178.000000,-130.000000,135.000000,178.000000,128.000000,360.000000,178.003006,-130.001007,135.001007,177.908005,127.998001,360.001007,107.000000,-424.000000,700.000000,1054.000000,-10.000000,8.000000
1279,1743685968115291,178.000000,-130.000000,135.000000,178.000000,128.000000,360.000000,178.001007,-130.001999,135.001007,177.908005,127.998001,360.002014,101.000000,-425.000000,705.000000,1059.000000,-2.000000,-26.000000
1279,1743685968120863,178.000000,-130.000000,135.000000,178.000000,128.000000,360.000000,178.003006,-130.001999,135.001007,177.908005,127.998001,360.002014,106.000000,-425.000000,699.000000,1064.000000,-12.000000,-18.000000
1279,1743685968125324,178.000000,-130.000000,135.000000,178.000000,128.000000,360.000000,178.001007,-130.001999,135.001007,177.908005,128.000000,360.002014,97.000000,-409.000000,699.000000,1072.000000,-6.000000,17.000000
1279,1743685968130867,178.000000,-130.000000,135.000000,178.000000,128.000000,360.000000,178.003006,-130.001007,135.001007,177.908997,128.000000,360.002014,103.000000,-416.000000,688.000000,1074.000000,-6.000000,1.000000
1279,1743685968135337,178.000000,-130.000000,135.000000,178.000000,128.000000,360.000000,178.001007,-130.003006,135.001007,177.908997,128.000000,359.998993,95.000000,-417.000000,692.000000,1082.000000,0.000000,-22.000000
1279,1743685968140869,178.000000,-130.000000,135.000000,178.000000,128.000000,360.000000,178.000000,-130.003006,135.001007,177.908997,128.000000,359.998993,93.000000,-406.000000,702.000000,1087.000000,-10.000000,-16.000000
1279,1743685968145340,178.000000,-130.000000,135.000000,178.000000,128.000000,360.000000,178.003006,-130.001999,134.998001,177.908997,127.998001,360.001007,89.000000,-402.000000,705.000000,1088.000000,-8.000000,0.000000
1279,1743685968150895,178.000000,-130.000000,135.000000,178.000000,128.000000,360.000000,178.003006,-130.001007,135.001007,177.908005,128.000000,360.001007,99.000000,-409.000000,694.000000,1095.000000,-4.000000,-1.000000
1279,1743685968155309,178.000000,-130.000000,135.000000,178.000000,128.000000,360.000000,178.001007,-130.001999,134.998993,177.908997,128.000000,360.001007,92.000000,-410.000000,707.000000,1095.000000,-5.000000,1.000000
1279,1743685968160800,178.000000,-130.000000,135.000000,178.000000,128.000000,360.000000,178.003006,-130.001999,135.001007,177.908997,128.000000,360.001007,98.000000,-403.000000,693.000000,1105.000000,-8.000000,-2.000000
1279,1743685968165228,178.000000,-130.000000,135.000000,178.000000,128.000000,360.000000,178.001007,-130.001999,135.001007,177.908997,128.000000,359.998993,89.000000,-407.000000,680.000000,1110.000000,-9.000000,-16.000000
1279,1743685968170707,178.000000,-130.000000,135.000000,178.000000,128.000000,360.000000,178.001007,-130.001999,135.001007,177.908997,127.998001,359.998993,84.000000,-408.000000,697.000000,1111.000000,-9.000000,-9.000000
1279,1743685968176214,178.000000,-130.000000,135.000000,178.000000,128.000000,360.000000,178.001007,-130.001999,135.001007,177.908997,127.998001,359.998993,84.000000,-408.000000,697.000000,1111.000000,-9.000000,-9.000000
1279,1743685968180636,178.000000,-130.000000,135.000000,178.000000,128.000000,360.000000,178.003006,-130.001007,135.001007,177.910995,127.998001,360.002014,69.000000,-409.000000,700.000000,1117.000000,-8.000000,24.000000
1279,1743685968186209,178.000000,-130.000000,135.000000,178.000000,128.000000,360.000000,178.003006,-130.001999,135.001007,177.908997,128.000000,360.001007,74.000000,-409.000000,698.000000,1128.000000,-4.000000,-10.000000
1279,1743685968190668,178.000000,-130.000000,135.000000,178.000000,128.000000,360.000000,178.003006,-130.001999,135.001007,177.908997,128.000000,360.001007,74.000000,-409.000000,698.000000,1128.000000,-4.000000,-10.000000
1279,1743685968195162,178.000000,-130.000000,135.000000,178.000000,128.000000,360.000000,178.003006,-130.001007,135.001007,177.908997,127.998001,359.998993,77.000000,-405.000000,686.000000,1134.000000,-6.000000,-1.000000
1279,1743685968200716,178.000000,-130.000000,135.000000,178.000000,128.000000,360.000000,178.001007,-130.001007,134.998993,177.908997,128.000000,360.001007,70.000000,-408.000000,695.000000,1140.000000,-4.000000,-8.000000
1279,1743685968206316,178.000000,-130.000000,135.000000,178.000000,128.000000,360.000000,178.001007,-130.003006,135.001007,177.910995,128.000000,360.002014,75.000000,-408.000000,694.000000,1133.000000,-3.000000,-17.000000
1279,1743685968210802,178.000000,-130.000000,135.000000,178.000000,128.000000,360.000000,178.003006,-130.001007,135.001007,177.908997,127.998001,359.998993,72.000000,-398.000000,692.000000,1138.000000,-9.000000,7.000000
1279,1743685968215276,178.000000,-130.000000,135.000000,178.000000,128.000000,360.000000,178.001007,-130.001007,135.001007,177.910995,128.000000,360.001007,68.000000,-404.000000,691.000000,1150.000000,2.000000,-4.000000
1279,1743685968220757,178.000000,-130.000000,135.000000,178.000000,128.000000,360.000000,178.003998,-130.001007,134.998993,177.910995,128.000000,360.001007,71.000000,-404.000000,696.000000,1154.000000,1.000000,4.000000
1279,1743685968225174,178.000000,-130.000000,135.000000,178.000000,128.000000,360.000000,178.001007,-130.001999,134.998993,177.910995,127.998001,359.998993,68.000000,-399.000000,699.000000,1161.000000,-11.000000,9.000000
1279,1743685968230639,178.000000,-130.000000,135.000000,178.000000,128.000000,360.000000,178.003006,-130.001007,134.998001,177.910995,127.998001,360.001007,69.000000,-401.000000,694.000000,1167.000000,-8.000000,-11.000000
1279,1743685968236137,178.000000,-130.000000,135.000000,178.000000,128.000000,360.000000,178.001007,-130.001007,135.001007,177.912003,127.998001,359.998993,69.000000,-394.000000,695.000000,1172.000000,-1.000000,-4.000000
1279,1743685968240534,178.000000,-130.000000,135.000000,178.000000,128.000000,360.000000,178.000000,-130.001007,135.001007,177.912003,127.998001,360.001007,79.000000,-390.000000,702.000000,1175.000000,-5.000000,-9.000000
1279,1743685968246039,178.000000,-130.000000,135.000000,178.000000,128.000000,360.000000,178.001007,-130.001999,134.998993,177.912003,128.000000,360.001007,72.000000,-394.000000,685.000000,1173.000000,0.000000,6.000000
1279,1743685968250496,178.000000,-130.000000,135.000000,178.000000,128.000000,360.000000,178.003006,-130.001999,135.001007,177.910995,127.998001,359.998993,76.000000,-395.000000,702.000000,1180.000000,-11.000000,-4.000000
1279,1743685968256051,178.000000,-130.000000,135.000000,178.000000,128.000000,360.000000,178.001007,-130.001007,135.001007,177.910995,128.000000,360.001007,81.000000,-389.000000,699.000000,1177.000000,0.000000,-8.000000
1279,1743685968260523,178.000000,-130.000000,135.000000,178.000000,128.000000,360.000000,178.001007,-130.001999,135.001007,177.912003,127.998001,360.002014,77.000000,-391.000000,698.000000,1184.000000,-1.000000,-3.000000
1279,1743685968266094,178.000000,-130.000000,135.000000,178.000000,128.000000,360.000000,178.001007,-130.001999,135.001007,177.912003,127.998001,360.001007,77.000000,-393.000000,686.000000,1195.000000,-2.000000,14.000000
1279,1743685968270550,178.000000,-130.000000,135.000000,178.000000,128.000000,360.000000,178.003006,-130.001999,134.998993,177.912003,128.000000,360.001007,83.000000,-388.000000,695.000000,1198.000000,-5.000000,-2.000000
1279,1743685968276127,178.000000,-130.000000,135.000000,178.000000,128.000000,360.000000,178.003006,-130.001999,134.998993,177.912003,127.998001,360.001007,86.000000,-384.000000,687.000000,1204.000000,-6.000000,8.000000
1279,1743685968280622,178.000000,-130.000000,135.000000,178.000000,128.000000,360.000000,178.001007,-130.001007,135.001007,177.912003,128.000000,360.001007,75.000000,-391.000000,690.000000,1205.000000,-4.000000,0.000000
1279,1743685968286172,178.000000,-130.000000,135.000000,178.000000,128.000000,360.000000,178.003006,-130.001999,134.998993,177.912003,127.998001,360.001007,80.000000,-389.000000,706.000000,1211.000000,-19.000000,-2.000000
1279,1743685968290604,178.000000,-130.000000,135.000000,178.000000,128.000000,360.000000,178.003006,-130.001007,134.998993,177.912003,127.998001,360.001007,79.000000,-389.000000,686.000000,1216.000000,-13.000000,0.000000
1279,1743685968296110,178.000000,-130.000000,135.000000,178.000000,128.000000,360.000000,178.001007,-130.001999,134.998993,177.912003,127.998001,360.001007,82.000000,-385.000000,690.000000,1215.000000,2.000000,-10.000000
1279,1743685968300510,178.000000,-130.000000,135.000000,178.000000,128.000000,360.000000,178.001007,-130.001999,135.001007,177.912003,127.998001,360.001007,80.000000,-385.000000,691.000000,1226.000000,-7.000000,0.000000
1279,1743685968306025,178.000000,-130.000000,135.000000,178.000000,128.000000,360.000000,178.001007,-130.001007,134.998993,177.912003,128.000000,360.001007,76.000000,-388.000000,692.000000,1230.000000,-2.000000,-5.000000
1279,1743685968310504,178.000000,-130.000000,135.000000,178.000000,128.000000,360.000000,178.003006,-130.001007,135.001007,177.914001,128.000000,360.002014,83.000000,-380.000000,697.000000,1235.000000,-2.000000,-14.000000
1279,1743685968316056,178.000000,-130.000000,135.000000,178.000000,128.000000,360.000000,178.003006,-130.001999,135.001007,177.914001,128.000000,360.001007,77.000000,-391.000000,677.000000,1240.000000,-3.000000,-5.000000
1279,1743685968320563,178.000000,-130.000000,135.000000,178.000000,128.000000,360.000000,178.003006,-130.003006,134.998001,177.914001,127.998001,360.001007,68.000000,-390.000000,691.000000,1245.000000,-6.000000,-2.000000
1279,1743685968326143,178.000000,-130.000000,135.000000,178.000000,128.000000,360.000000,178.001007,-130.001999,134.998001,177.914993,128.000000,360.001007,67.000000,-378.000000,683.000000,1247.000000,0.000000,5.000000
1279,1743685968330628,178.000000,-130.000000,135.000000,178.000000,128.000000,360.000000,178.001007,-130.001999,135.001007,177.914001,127.998001,360.001007,72.000000,-381.000000,680.000000,1257.000000,-4.000000,-15.000000
1279,1743685968336222,178.000000,-130.000000,135.000000,178.000000,128.000000,360.000000,178.001007,-130.001999,135.001007,177.914001,127.998001,360.001007,72.000000,-382.000000,685.000000,1260.000000,0.000000,-8.000000
1279,1743685968340695,178.000000,-130.000000,135.000000,178.000000,128.000000,360.000000,178.003006,-130.001999,134.998993,177.914001,127.998001,359.998993,75.000000,-382.000000,672.000000,1266.000000,-6.000000,-23.000000
1279,1743685968346214,178.000000,-130.000000,135.000000,178.000000,128.000000,360.000000,178.001007,-130.001007,134.998993,177.914993,127.998001,359.998993,77.000000,-378.000000,682.000000,1271.000000,-2.000000,6.000000
1279,1743685968350635,178.000000,-130.000000,135.000000,178.000000,128.000000,360.000000,178.001007,-130.001007,134.998993,177.914993,127.998001,359.998993,80.000000,-371.000000,697.000000,1276.000000,-3.000000,0.000000
1279,1743685968356131,178.000000,-130.000000,135.000000,178.000000,128.000000,360.000000,178.003006,-130.001007,134.998993,177.916000,128.000000,360.001007,70.000000,-374.000000,698.000000,1275.000000,-5.000000,0.000000
1279,1743685968360556,178.000000,-130.000000,135.000000,178.000000,128.000000,360.000000,178.001007,-130.001999,134.998993,177.916000,128.000000,360.001007,73.000000,-364.000000,685.000000,1284.000000,-8.000000,-13.000000
1279,1743685968366117,178.000000,-130.000000,135.000000,178.000000,128.000000,360.000000,178.001007,-130.001999,135.001007,177.914993,128.000000,359.998993,72.000000,-367.000000,702.000000,1290.000000,-3.000000,-2.000000
1279,1743685968370604,178.000000,-130.000000,135.000000,178.000000,128.000000,360.000000,178.003006,-130.001999,135.001999,177.916000,127.998001,360.001007,73.000000,-364.000000,698.000000,1294.000000,-5.000000,11.000000
1279,1743685968376198,178.000000,-130.000000,135.000000,178.000000,128.000000,360.000000,178.003006,-130.001999,135.001999,177.916000,127.998001,360.001007,73.000000,-364.000000,698.000000,1294.000000,-5.000000,11.000000
1279,1743685968380670,178.000000,-130.000000,135.000000,178.000000,128.000000,360.000000,178.003006,-130.001007,134.998993,177.916000,127.998001,359.998993,69.000000,-373.000000,695.000000,1299.000000,-4.000000,3.000000
1279,1743685968386277,178.000000,-130.000000,135.000000,178.000000,128.000000,360.000000,178.003006,-130.001007,134.998993,177.916000,127.998001,359.998993,71.000000,-369.000000,712.000000,1300.000000,-7.000000,-1.000000
1279,1743685968390787,178.000000,-130.000000,135.000000,178.000000,128.000000,360.000000,178.001007,-130.001999,135.001007,177.916000,127.998001,360.001007,71.000000,-368.000000,693.000000,1308.000000,-5.000000,-27.000000
1279,1743685968395286,178.000000,-130.000000,135.000000,178.000000,128.000000,360.000000,178.001007,-130.001007,135.001007,177.916000,127.998001,360.002014,66.000000,-369.000000,694.000000,1314.000000,-6.000000,1.000000
1279,1743685968400779,178.000000,-130.000000,135.000000,178.000000,128.000000,360.000000,178.000000,-130.001007,135.001007,177.917999,128.000000,360.002014,74.000000,-370.000000,697.000000,1313.000000,-6.000000,-22.000000
1279,1743685968406277,178.000000,-130.000000,135.000000,178.000000,128.000000,360.000000,178.003006,-130.001007,135.001007,177.917999,127.998001,360.001007,70.000000,-363.000000,707.000000,1324.000000,-2.000000,6.000000
1279,1743685968410699,178.000000,-130.000000,135.000000,178.000000,128.000000,360.000000,178.001007,-130.001999,134.998993,177.917999,128.000000,359.998993,71.000000,-357.000000,696.000000,1327.000000,-1.000000,9.000000
1279,1743685968416217,178.000000,-130.000000,135.000000,178.000000,128.000000,360.000000,178.001007,-130.001007,134.998993,177.917999,127.998001,360.001007,64.000000,-363.000000,698.000000,1332.000000,-5.000000,0.000000
1279,1743685968420659,178.000000,-130.000000,135.000000,178.000000,128.000000,360.000000,178.001007,-130.001999,134.998993,177.919006,127.998001,359.997986,64.000000,-355.000000,699.000000,1337.000000,-8.000000,12.000000
1279,1743685968426249,178.000000,-130.000000,135.000000,178.000000,128.000000,360.000000,178.003006,-130.001007,134.998993,177.917999,128.000000,359.997986,65.000000,-359.000000,705.000000,1340.000000,-8.000000,1.000000
1279,1743685968430692,178.000000,-130.000000,135.000000,178.000000,128.000000,360.000000,178.001007,-130.001007,135.001007,177.919006,127.998001,359.998993,66.000000,-356.000000,701.000000,1346.000000,-2.000000,0.000000
1279,1743685968436288,178.000000,-130.000000,135.000000,178.000000,128.000000,360.000000,178.000000,-130.001999,134.998993,177.919006,127.998001,360.001007,64.000000,-356.000000,700.000000,1350.000000,-4.000000,-4.000000
1279,1743685968440779,178.000000,-130.000000,135.000000,178.000000,128.000000,360.000000,178.001007,-130.001007,134.998993,177.917999,127.998001,360.001007,66.000000,-361.000000,689.000000,1356.000000,-3.000000,4.000000
1279,1743685968445299,178.000000,-130.000000,135.000000,178.000000,128.000000,360.000000,178.003006,-130.001999,135.001007,177.919998,127.998001,360.001007,65.000000,-361.000000,687.000000,1362.000000,0.000000,-1.000000
1279,1743685968450856,178.000000,-130.000000,135.000000,178.000000,128.000000,360.000000,178.001007,-130.001999,135.001007,177.919006,127.997002,359.998993,66.000000,-355.000000,689.000000,1367.000000,-5.000000,1.000000
1279,1743685968455289,178.000000,-130.000000,135.000000,178.000000,128.000000,360.000000,178.003006,-130.001999,134.998993,177.919006,127.998001,360.001007,66.000000,-365.000000,683.000000,1370.000000,-11.000000,-3.000000
1279,1743685968460789,178.000000,-130.000000,135.000000,178.000000,128.000000,360.000000,178.001007,-130.001999,134.998993,177.919006,127.998001,359.998993,69.000000,-354.000000,705.000000,1375.000000,-1.000000,-7.000000
1279,1743685968465216,178.000000,-130.000000,135.000000,178.000000,128.000000,360.000000,178.001007,-130.001999,135.001007,177.919006,127.998001,359.998993,69.000000,-353.000000,696.000000,1384.000000,-4.000000,9.000000
1279,1743685968470695,178.000000,-130.000000,135.000000,178.000000,128.000000,360.000000,178.000000,-130.001999,134.998993,177.919006,127.998001,359.998993,73.000000,-353.000000,700.000000,1381.000000,-2.000000,-2.000000
1279,1743685968475194,178.000000,-130.000000,135.000000,178.000000,128.000000,360.000000,178.003006,-130.001999,135.001007,177.919006,127.998001,360.001007,71.000000,-350.000000,711.000000,1391.000000,-5.000000,2.000000
1279,1743685968480760,178.000000,-130.000000,135.000000,178.000000,128.000000,360.000000,178.003006,-130.001999,134.998993,177.919998,127.998001,359.998993,72.000000,-352.000000,698.000000,1395.000000,0.000000,-5.000000
1279,1743685968485282,178.000000,-130.000000,135.000000,178.000000,128.000000,360.000000,178.003006,-130.001999,134.998993,177.919998,128.000000,359.998993,72.000000,-339.000000,699.000000,1399.000000,0.000000,-18.000000
1279,1743685968490877,178.000000,-130.000000,135.000000,178.000000,128.000000,360.000000,178.001007,-130.003006,134.998993,177.919998,127.998001,359.998993,72.000000,-354.000000,707.000000,1404.000000,-6.000000,-1.000000
1279,1743685968495396,178.000000,-130.000000,135.000000,178.000000,128.000000,360.000000,178.000000,-130.001007,134.998993,177.919998,128.000000,360.002014,68.000000,-345.000000,699.000000,1407.000000,-5.000000,-25.000000
1279,1743685968501009,178.000000,-130.000000,135.000000,178.000000,128.000000,360.000000,178.001007,-130.001007,135.001007,177.919998,127.998001,360.002014,73.000000,-347.000000,704.000000,1410.000000,-9.000000,15.000000
1279,1743685968505445,178.000000,-130.000000,135.000000,178.000000,128.000000,360.000000,178.003006,-130.001007,134.998993,177.919998,127.998001,359.997986,72.000000,-346.000000,727.000000,1412.000000,-1.000000,4.000000
1279,1743685968510887,178.000000,-130.000000,135.000000,178.000000,128.000000,360.000000,178.001007,-130.001999,134.998993,177.921997,128.000000,359.998993,76.000000,-347.000000,722.000000,1423.000000,0.000000,-6.000000
1279,1743685968515311,178.000000,-130.000000,135.000000,178.000000,128.000000,360.000000,178.003006,-130.001007,134.998993,177.921997,127.998001,359.998993,73.000000,-346.000000,703.000000,1421.000000,-2.000000,1.000000
1279,1743685968520787,178.000000,-130.000000,135.000000,178.000000,128.000000,360.000000,178.003006,-130.001999,135.001007,177.921997,128.000000,359.998993,73.000000,-344.000000,692.000000,1432.000000,0.000000,11.000000
1279,1743685968525208,178.000000,-130.000000,135.000000,178.000000,128.000000,360.000000,178.001007,-130.001007,134.998001,177.921997,127.997002,359.997986,72.000000,-356.000000,705.000000,1430.000000,6.000000,2.000000
1279,1743685968530733,178.000000,-130.000000,135.000000,178.000000,128.000000,360.000000,178.001007,-130.001007,135.001007,177.923004,127.998001,359.997986,69.000000,-344.000000,703.000000,1439.000000,-1.000000,-12.000000
1279,1743685968535219,178.000000,-130.000000,135.000000,178.000000,128.000000,360.000000,178.001007,-130.001007,135.001007,177.923004,127.998001,359.997986,69.000000,-344.000000,703.000000,1439.000000,-1.000000,-12.000000
1279,1743685968540781,178.000000,-130.000000,135.000000,178.000000,128.000000,360.000000,178.000000,-130.001007,134.998993,177.925003,128.000000,359.997986,67.000000,-348.000000,704.000000,1449.000000,-5.000000,9.000000
1279,1743685968545256,178.000000,-130.000000,135.000000,178.000000,128.000000,360.000000,178.000000,-130.001007,134.998993,177.925003,128.000000,359.997986,67.000000,-348.000000,704.000000,1449.000000,-5.000000,9.000000
1279,1743685968550841,178.000000,-130.000000,135.000000,178.000000,128.000000,360.000000,178.001007,-130.001007,135.001007,177.925003,127.998001,360.001007,63.000000,-352.000000,707.000000,1448.000000,1.000000,4.000000
1279,1743685968555338,178.000000,-130.000000,135.000000,178.000000,128.000000,360.000000,178.001007,-130.001999,134.998993,177.925003,127.998001,359.997986,72.000000,-346.000000,709.000000,1453.000000,-3.000000,1.000000
1279,1743685968560860,178.000000,-130.000000,135.000000,178.000000,128.000000,360.000000,178.001007,-130.001999,134.998993,177.925003,127.998001,359.997986,72.000000,-346.000000,709.000000,1453.000000,-3.000000,1.000000
1279,1743685968565339,178.000000,-130.000000,135.000000,178.000000,128.000000,360.000000,178.001007,-130.001999,134.998001,177.925003,127.998001,360.001007,61.000000,-348.000000,721.000000,1463.000000,-6.000000,5.000000
1279,1743685968570880,178.000000,-130.000000,135.000000,178.000000,128.000000,360.000000,178.003006,-130.001999,135.001007,177.925995,127.998001,360.001007,67.000000,-338.000000,722.000000,1466.000000,-4.000000,-10.000000
1279,1743685968575352,178.000000,-130.000000,135.000000,178.000000,128.000000,360.000000,178.001007,-130.001007,134.998993,177.925995,127.998001,359.998993,66.000000,-359.000000,717.000000,1473.000000,-2.000000,-4.000000
1279,1743685968580913,178.000000,-130.000000,135.000000,178.000000,128.000000,360.000000,178.003006,-130.001007,134.998993,177.927002,127.998001,359.997986,70.000000,-350.000000,721.000000,1475.000000,-4.000000,-6.000000
1279,1743685968585431,178.000000,-130.000000,135.000000,178.000000,128.000000,360.000000,178.001007,-130.001007,134.998993,177.925995,127.997002,359.998993,68.000000,-350.000000,716.000000,1479.000000,-4.000000,-26.000000
1279,1743685968590985,178.000000,-130.000000,135.000000,178.000000,128.000000,360.000000,178.003006,-130.001999,134.998993,177.925995,128.000000,359.998993,67.000000,-357.000000,713.000000,1488.000000,2.000000,-5.000000
1279,1743685968595463,178.000000,-130.000000,135.000000,178.000000,128.000000,360.000000,178.001007,-130.001007,134.998993,177.925995,128.000000,360.001007,75.000000,-354.000000,730.000000,1490.000000,-1.000000,-3.000000
1279,1743685968601054,178.000000,-130.000000,135.000000,178.000000,128.000000,360.000000,178.001007,-130.001007,134.998001,177.925995,128.000000,359.998993,70.000000,-352.000000,717.000000,1494.000000,-1.000000,-7.000000
1279,1743685968605566,178.000000,-130.000000,135.000000,178.000000,128.000000,360.000000,178.003006,-130.003006,134.998993,177.927002,128.000000,360.001007,68.000000,-353.000000,725.000000,1497.000000,-1.000000,-3.000000
1279,1743685968611175,178.000000,-130.000000,135.000000,178.000000,128.000000,360.000000,178.000000,-130.001007,134.998993,177.927002,127.998001,360.001007,72.000000,-354.000000,714.000000,1499.000000,4.000000,-9.000000
1279,1743685968615630,178.000000,-130.000000,135.000000,178.000000,128.000000,360.000000,178.001007,-130.001007,134.998993,177.927002,127.998001,360.001007,68.000000,-362.000000,715.000000,1501.000000,1.000000,11.000000
1279,1743685968621202,178.000000,-130.000000,135.000000,178.000000,128.000000,360.000000,178.001007,-130.001999,134.998001,177.929001,128.000000,359.998993,63.000000,-355.000000,715.000000,1507.000000,-4.000000,-5.000000
1279,1743685968625675,178.000000,-130.000000,135.000000,178.000000,128.000000,360.000000,178.001007,-130.001999,134.998993,177.927002,127.997002,360.001007,70.000000,-354.000000,708.000000,1519.000000,-8.000000,-23.000000
1279,1743685968630165,178.000000,-130.000000,135.000000,178.000000,128.000000,360.000000,178.000000,-130.001999,134.998001,177.929001,127.997002,359.998993,58.000000,-361.000000,725.000000,1522.000000,0.000000,6.000000
1279,1743685968635774,178.000000,-130.000000,135.000000,178.000000,128.000000,360.000000,178.001007,-130.001999,134.998993,177.929001,127.998001,360.002014,73.000000,-353.000000,706.000000,1521.000000,-11.000000,-20.000000
1279,1743685968640271,178.000000,-130.000000,135.000000,178.000000,128.000000,360.000000,178.001007,-130.001999,134.998993,177.929001,128.000000,359.998993,66.000000,-356.000000,720.000000,1529.000000,-2.000000,-1.000000
1279,1743685968645849,178.000000,-130.000000,135.000000,178.000000,128.000000,360.000000,178.001007,-130.001999,134.998001,177.929001,127.998001,359.998993,68.000000,-355.000000,704.000000,1533.000000,-5.000000,-10.000000
1279,1743685968650357,178.000000,-130.000000,135.000000,178.000000,128.000000,360.000000,178.001007,-130.001999,134.998001,177.929001,128.000000,359.998993,71.000000,-351.000000,716.000000,1535.000000,-6.000000,-3.000000
1279,1743685968655928,178.000000,-130.000000,135.000000,178.000000,128.000000,360.000000,178.001007,-130.001007,134.998001,177.931000,128.000000,360.001007,70.000000,-354.000000,720.000000,1544.000000,-6.000000,0.000000
1279,1743685968660383,178.000000,-130.000000,135.000000,178.000000,128.000000,360.000000,178.001007,-130.001007,134.998993,177.929993,127.998001,360.001007,70.000000,-362.000000,714.000000,1547.000000,-1.000000,-16.000000
1279,1743685968665885,178.000000,-130.000000,135.000000,178.000000,128.000000,360.000000,178.001007,-130.001007,134.998001,177.929993,127.998001,360.001007,67.000000,-355.000000,715.000000,1546.000000,1.000000,-4.000000
1279,1743685968670320,178.000000,-130.000000,135.000000,178.000000,128.000000,360.000000,178.001007,-130.001999,134.998993,177.931000,127.998001,360.001007,77.000000,-358.000000,717.000000,1558.000000,0.000000,6.000000
1279,1743685968675816,178.000000,-130.000000,135.000000,178.000000,128.000000,360.000000,178.003006,-130.001007,134.998001,177.932999,127.998001,359.998993,73.000000,-361.000000,718.000000,1557.000000,-5.000000,-9.000000
1279,1743685968680293,178.000000,-130.000000,135.000000,178.000000,128.000000,360.000000,178.003006,-130.001999,134.998001,177.931000,127.998001,359.998993,73.000000,-362.000000,731.000000,1559.000000,-3.000000,-4.000000
1279,1743685968685855,178.000000,-130.000000,135.000000,178.000000,128.000000,360.000000,178.003006,-130.001999,134.998001,177.932999,127.998001,359.998993,67.000000,-358.000000,710.000000,1571.000000,-3.000000,-1.000000
1279,1743685968690366,178.000000,-130.000000,135.000000,178.000000,128.000000,360.000000,178.003006,-130.001007,134.998993,177.931000,127.998001,359.998993,71.000000,-355.000000,713.000000,1574.000000,-3.000000,0.000000
1279,1743685968695931,178.000000,-130.000000,135.000000,178.000000,128.000000,360.000000,178.001007,-130.001999,134.998993,177.932999,127.998001,359.998993,62.000000,-345.000000,705.000000,1576.000000,-1.000000,-9.000000
1279,1743685968700410,178.000000,-130.000000,135.000000,178.000000,128.000000,360.000000,178.001007,-130.001999,134.998001,177.934006,127.998001,359.998993,61.000000,-354.000000,715.000000,1577.000000,3.000000,-1.000000
1279,1743685968706030,178.000000,-130.000000,135.000000,178.000000,128.000000,360.000000,178.003006,-130.001999,134.998993,177.934006,127.998001,359.998993,64.000000,-352.000000,715.000000,1583.000000,-9.000000,-17.000000
1279,1743685968710532,178.000000,-130.000000,135.000000,178.000000,128.000000,360.000000,178.003006,-130.001999,135.001007,177.934006,127.998001,359.998993,60.000000,-353.000000,717.000000,1588.000000,-1.000000,13.000000
1279,1743685968716043,178.000000,-130.000000,135.000000,178.000000,128.000000,360.000000,178.003006,-130.001999,135.001007,177.934006,127.998001,359.998993,60.000000,-353.000000,717.000000,1588.000000,-1.000000,13.000000
1279,1743685968720452,178.000000,-130.000000,135.000000,178.000000,128.000000,360.000000,178.003006,-130.001999,134.998001,177.934006,127.998001,359.998993,66.000000,-353.000000,712.000000,1597.000000,-1.000000,-2.000000
1279,1743685968725953,178.000000,-130.000000,135.000000,178.000000,128.000000,360.000000,178.001007,-130.001999,134.998993,177.934998,127.998001,360.001007,67.000000,-348.000000,715.000000,1602.000000,-3.000000,-19.000000
1279,1743685968730430,178.000000,-130.000000,135.000000,178.000000,128.000000,360.000000,178.001007,-130.001999,134.998993,177.934998,127.998001,360.001007,67.000000,-348.000000,715.000000,1602.000000,-3.000000,-19.000000
1279,1743685968736026,178.000000,-130.000000,135.000000,178.000000,128.000000,360.000000,178.003998,-130.001999,134.998993,177.934998,127.998001,359.998993,55.000000,-351.000000,726.000000,1601.000000,0.000000,6.000000
1279,1743685968740486,178.000000,-130.000000,135.000000,178.000000,128.000000,360.000000,178.003006,-130.001007,134.998993,177.934998,128.000000,359.998993,46.000000,-337.000000,708.000000,1613.000000,-5.000000,11.000000
1279,1743685968746068,178.000000,-130.000000,135.000000,178.000000,128.000000,360.000000,178.003006,-130.001999,134.998993,177.936996,128.000000,359.997986,63.000000,-344.000000,700.000000,1616.000000,-8.000000,0.000000
1279,1743685968750546,178.000000,-130.000000,135.000000,178.000000,128.000000,360.000000,178.001007,-130.001007,134.998001,177.936996,127.998001,359.998993,52.000000,-344.000000,737.000000,1618.000000,1.000000,0.000000
1279,1743685968756144,178.000000,-130.000000,135.000000,178.000000,128.000000,360.000000,178.000000,-130.001007,134.998001,177.936996,127.998001,359.998993,58.000000,-349.000000,727.000000,1621.000000,-1.000000,4.000000
