point_index,timestamp_us,plan_pos_0,plan_pos_1,plan_pos_2,plan_pos_3,plan_pos_4,plan_pos_5,actual_pos_0,actual_pos_1,actual_pos_2,actual_pos_3,actual_pos_4,actual_pos_5,current_0,current_1,current_2,current_3,current_4,current_5
0,1743668119079223,0.049497,-0.036163,0.037552,0.049497,0.035608,0.100052,0.105000,-0.020000,0.048000,0.028000,0.065000,0.156000,-146.000000,-943.000000,-2337.000000,107.000000,-426.000000,-87.000000
1,1743668119083582,0.049861,-0.036528,0.037917,0.049861,0.035972,0.100417,0.105000,-0.020000,0.046000,0.028000,0.061000,0.155000,-143.000000,-971.000000,-2332.000000,106.000000,-401.000000,-93.000000
2,1743668119089000,0.050851,-0.037517,0.038906,0.050851,0.036962,0.101406,0.103000,-0.022000,0.046000,0.027000,0.060000,0.155000,-141.000000,-986.000000,-2327.000000,107.000000,-408.000000,-93.000000
3,1743668119093370,0.052778,-0.039444,0.040833,0.052778,0.038889,0.103333,0.103000,-0.017000,0.045000,0.027000,0.060000,0.152000,-133.000000,-1000.000000,-2348.000000,109.000000,-398.000000,-114.000000
4,1743668119098729,0.055955,-0.042622,0.044010,0.055955,0.042066,0.106510,0.103000,-0.019000,0.044000,0.027000,0.057000,0.153000,-156.000000,-1021.000000,-2358.000000,117.000000,-389.000000,-88.000000
5,1743668119104129,0.060694,-0.047361,0.048750,0.060694,0.046806,0.111250,0.101000,-0.019000,0.045000,0.027000,0.057000,0.155000,-141.000000,-1042.000000,-2373.000000,119.000000,-373.000000,-112.000000
6,1743668119108437,0.067309,-0.053976,0.055365,0.067309,0.053420,0.117865,0.103000,-0.017000,0.042000,0.028000,0.054000,0.153000,-133.000000,-1057.000000,-2360.000000,123.000000,-380.000000,-115.000000
7,1743668119113889,0.076111,-0.062778,0.064167,0.076111,0.062222,0.126667,0.101000,-0.017000,0.042000,0.027000,0.053000,0.151000,-159.000000,-1069.000000,-2420.000000,131.000000,-374.000000,-103.000000
8,1743668119118240,0.087413,-0.074080,0.075469,0.087413,0.073524,0.137969,0.103000,-0.016000,0.044000,0.028000,0.052000,0.153000,-143.000000,-1091.000000,-2387.000000,137.000000,-370.000000,-110.000000
9,1743668119124739,0.101528,-0.088194,0.089583,0.101528,0.087639,0.152083,0.101000,-0.017000,0.042000,0.028000,0.052000,0.151000,-155.000000,-1109.000000,-2406.000000,129.000000,-374.000000,-121.000000
10,1743668119129093,0.118767,-0.105434,0.106823,0.118767,0.104878,0.169323,0.100000,-0.019000,0.041000,0.027000,0.052000,0.149000,-165.000000,-1135.000000,-2414.000000,146.000000,-378.000000,-117.000000
10,1743668119133429,0.118767,-0.105434,0.106823,0.118767,0.104878,0.169323,0.098000,-0.017000,0.039000,0.027000,0.049000,0.151000,-171.000000,-1154.000000,-2422.000000,153.000000,-386.000000,-109.000000
12,1743668119138802,0.163872,-0.150538,0.151927,0.163872,0.149983,0.214427,0.097000,-0.017000,0.039000,0.026000,0.049000,0.151000,-148.000000,-1171.000000,-2357.000000,146.000000,-372.000000,-114.000000
13,1743668119144362,0.192361,-0.179028,0.180417,0.192361,0.178472,0.242917,0.096000,-0.020000,0.038000,0.027000,0.046000,0.149000,-147.000000,-1190.000000,-2360.000000,158.000000,-367.000000,-119.000000
13,1743668119149060,0.192361,-0.179028,0.180417,0.192361,0.178472,0.242917,0.096000,-0.020000,0.037000,0.027000,0.046000,0.148000,55.000000,-1368.000000,-2147.000000,245.000000,-277.000000,-72.000000
14,1743668119153603,0.225226,-0.211892,0.213281,0.225226,0.211337,0.275781,0.100000,-0.019000,0.038000,0.033000,0.046000,0.152000,454.000000,-1882.000000,-1558.000000,384.000000,-12.000000,122.000000
15,1743668119159197,0.262778,-0.249444,0.250833,0.262778,0.248889,0.313333,0.108000,-0.019000,0.039000,0.046000,0.052000,0.160000,375.000000,-2050.000000,-1074.000000,285.000000,19.000000,165.000000
16,1743668119163594,0.305330,-0.291997,0.293385,0.305330,0.291441,0.355885,0.120000,-0.024000,0.041000,0.063000,0.057000,0.167000,287.000000,-2289.000000,-659.000000,299.000000,70.000000,205.000000
17,1743668119169418,0.353194,-0.339861,0.341250,0.353194,0.339306,0.403750,0.137000,-0.034000,0.048000,0.085000,0.070000,0.175000,411.000000,-2459.000000,-439.000000,253.000000,98.000000,335.000000
18,1743668119174006,0.406684,-0.393351,0.394740,0.406684,0.392795,0.457240,0.137000,-0.034000,0.048000,0.085000,0.070000,0.175000,411.000000,-2459.000000,-439.000000,253.000000,98.000000,335.000000
19,1743668119178601,0.466111,-0.452778,0.454167,0.466111,0.452222,0.516667,0.164000,-0.048000,0.067000,0.107000,0.085000,0.181000,468.000000,-2805.000000,-215.000000,196.000000,121.000000,331.000000
20,1743668119184377,0.531788,-0.518455,0.519844,0.531788,0.517899,0.582344,0.222000,-0.090000,0.103000,0.175000,0.130000,0.189000,261.000000,-2918.000000,-273.000000,79.000000,-71.000000,357.000000
21,1743668119189048,0.604028,-0.590694,0.592083,0.604028,0.590139,0.654583,0.222000,-0.090000,0.103000,0.175000,0.130000,0.189000,261.000000,-2918.000000,-273.000000,79.000000,-71.000000,357.000000
22,1743668119193566,0.683142,-0.669809,0.671198,0.683142,0.669253,0.733698,0.252000,-0.122000,0.147000,0.229000,0.160000,0.192000,464.000000,-3115.000000,-268.000000,-38.000000,41.000000,381.000000
23,1743668119199253,0.769444,-0.756111,0.757500,0.769444,0.755556,0.820000,0.282000,-0.159000,0.185000,0.270000,0.211000,0.225000,316.000000,-3156.000000,-222.000000,-20.000000,15.000000,242.000000
24,1743668119203774,0.863247,-0.849913,0.851302,0.863247,0.849358,0.913802,0.318000,-0.201000,0.233000,0.315000,0.245000,0.265000,687.000000,-3223.000000,-137.000000,187.000000,294.000000,256.000000
25,1743668119208485,0.964861,-0.951528,0.952917,0.964861,0.950972,1.015420,0.357000,-0.243000,0.288000,0.368000,0.289000,0.310000,473.000000,-3029.000000,-550.000000,79.000000,242.000000,395.000000
26,1743668119214194,1.074600,-1.061270,1.062660,1.074600,1.060710,1.125160,0.399000,-0.293000,0.336000,0.421000,0.344000,0.363000,678.000000,-3275.000000,-135.000000,324.000000,199.000000,369.000000
27,1743668119218853,1.192780,-1.179440,1.180830,1.192780,1.178890,1.243330,0.465000,-0.377000,0.396000,0.475000,0.392000,0.422000,745.000000,-3290.000000,-189.000000,387.000000,131.000000,249.000000
28,1743668119224624,1.319700,-1.306370,1.307760,1.319700,1.305820,1.370260,0.495000,-0.418000,0.464000,0.528000,0.461000,0.498000,606.000000,-3195.000000,-390.000000,441.000000,120.000000,237.000000
29,1743668119229326,1.455690,-1.442360,1.443750,1.455690,1.441810,1.506250,0.567000,-0.520000,0.543000,0.600000,0.527000,0.582000,581.000000,-3201.000000,-348.000000,329.000000,175.000000,364.000000
30,1743668119233948,1.601060,-1.587700,1.589110,1.601060,1.587100,1.651610,0.624000,-0.598000,0.655000,0.710000,0.600000,0.659000,750.000000,-3114.000000,-101.000000,149.000000,115.000000,520.000000
31,1743668119238586,1.756110,-1.742320,1.744060,1.756110,1.741520,1.806670,0.699000,-0.674000,0.710000,0.755000,0.677000,0.751000,942.000000,-3406.000000,-76.000000,144.000000,135.000000,326.000000
32,1743668119244361,1.921160,-1.905920,1.908360,1.921160,1.904760,1.971720,0.793000,-0.766000,0.836000,0.884000,0.764000,0.841000,765.000000,-3526.000000,-197.000000,344.000000,412.000000,447.000000
33,1743668119249004,2.096530,-2.078180,2.081720,2.096530,2.076510,2.147080,0.892000,-0.866000,0.935000,0.968000,0.916000,0.935000,1042.000000,-3382.000000,85.000000,671.000000,221.000000,495.000000
33,1743668119253775,2.096530,-2.078180,2.081720,2.096530,2.076510,2.147080,1.003000,-1.005000,1.072000,1.102000,0.986000,1.054000,922.000000,-3661.000000,103.000000,209.000000,328.000000,412.000000
34,1743668119258497,2.282520,-2.258790,2.263820,2.282520,2.256450,2.333070,1.108000,-1.056000,1.126000,1.152000,1.152000,1.205000,1146.000000,-3711.000000,360.000000,281.000000,284.000000,502.000000
36,1743668119264378,2.687510,-2.643810,2.652980,2.687510,2.639660,2.738180,1.220000,-1.278000,1.329000,1.369000,1.277000,1.296000,873.000000,-4059.000000,-22.000000,600.000000,349.000000,535.000000
36,1743668119268884,2.687510,-2.643810,2.652980,2.687510,2.639660,2.738180,1.343000,-1.384000,1.442000,1.496000,1.487000,1.510000,1078.000000,-4167.000000,-51.000000,567.000000,256.000000,424.000000
37,1743668119274507,2.906500,-2.847600,2.859410,2.906500,2.842310,2.957920,1.566000,-1.572000,1.627000,1.689000,1.649000,1.657000,928.000000,-4197.000000,-8.000000,279.000000,302.000000,544.000000
38,1743668119279126,3.136100,-3.058480,3.073340,3.136100,3.051900,3.189530,1.723000,-1.704000,1.741000,1.805000,1.778000,1.777000,978.000000,-3657.000000,-100.000000,381.000000,361.000000,508.000000
39,1743668119283696,3.376000,-3.276160,3.294440,3.376000,3.268120,3.433330,1.999000,-1.944000,1.973000,2.058000,1.940000,1.941000,1013.000000,-3730.000000,70.000000,341.000000,267.000000,650.000000
40,1743668119289412,3.625880,-3.500310,3.522410,3.625880,3.490660,3.689580,2.146000,-2.124000,2.150000,2.241000,2.172000,2.124000,1067.000000,-3379.000000,74.000000,325.000000,316.000000,622.000000
41,1743668119293995,3.885440,-3.730630,3.756930,3.885440,3.719210,3.958330,2.320000,-2.307000,2.336000,2.443000,2.260000,2.283000,1258.000000,-3595.000000,48.000000,561.000000,405.000000,463.000000
42,1743668119299657,4.154360,-3.966790,3.997690,4.154360,3.953450,4.239580,2.524000,-2.471000,2.533000,2.665000,2.511000,2.482000,1356.000000,-3531.000000,481.000000,390.000000,246.000000,679.000000
43,1743668119304227,4.432330,-4.208500,4.244370,4.432330,4.193070,4.533330,2.745000,-2.660000,2.715000,2.855000,2.708000,2.789000,975.000000,-3283.000000,-60.000000,523.000000,614.000000,676.000000
44,1743668119308720,4.719030,-4.455430,4.496670,4.719030,4.437760,4.839580,3.025000,-2.944000,2.921000,3.035000,2.886000,3.032000,1075.000000,-3388.000000,289.000000,474.000000,273.000000,626.000000
45,1743668119314359,5.014160,-4.707270,4.754260,5.014160,4.687200,5.158330,3.164000,-3.067000,3.136000,3.232000,3.110000,3.257000,998.000000,-3451.000000,-23.000000,491.000000,440.000000,593.000000
46,1743668119318877,5.317390,-4.963710,5.016850,5.317390,4.941090,5.489580,3.485000,-3.278000,3.346000,3.448000,3.339000,3.512000,1100.000000,-3768.000000,91.000000,549.000000,344.000000,663.000000
47,1743668119324653,5.628430,-5.224450,5.284120,5.628430,5.199120,5.833330,3.755000,-3.574000,3.633000,3.797000,3.523000,3.735000,1236.000000,-3771.000000,119.000000,669.000000,281.000000,458.000000
48,1743668119329196,5.946950,-5.489150,5.555740,5.946950,5.460960,6.189580,4.038000,-3.776000,3.859000,4.078000,3.836000,4.088000,971.000000,-3648.000000,9.000000,325.000000,383.000000,658.000000
49,1743668119333694,6.272650,-5.757520,5.831420,6.272650,5.726300,6.558330,4.330000,-4.008000,4.067000,4.350000,4.066000,4.378000,566.000000,-3426.000000,-46.000000,411.000000,367.000000,593.000000
50,1743668119339317,6.605200,-6.029250,6.110840,6.605200,5.994840,6.939580,4.330000,-4.008000,4.067000,4.350000,4.066000,4.378000,566.000000,-3426.000000,-46.000000,411.000000,367.000000,593.000000
51,1743668119343834,6.944310,-6.304010,6.393690,6.944310,6.266260,7.333330,4.788000,-4.419000,4.477000,4.835000,4.461000,4.934000,1033.000000,-3492.000000,190.000000,563.000000,535.000000,560.000000
52,1743668119348407,7.289650,-6.581490,6.679640,7.289650,6.540250,7.739580,5.203000,-4.816000,4.784000,5.163000,4.703000,5.274000,1333.000000,-3439.000000,233.000000,335.000000,402.000000,677.000000
53,1743668119354058,7.640910,-6.861390,6.968400,7.640910,6.816500,8.158330,5.203000,-4.816000,4.784000,5.163000,4.703000,5.274000,1333.000000,-3439.000000,233.000000,335.000000,402.000000,677.000000
54,1743668119358607,7.997790,-7.143390,7.259650,7.997790,7.094690,8.589580,5.519000,-5.064000,5.143000,5.548000,4.906000,5.563000,1204.000000,-3661.000000,165.000000,405.000000,423.000000,789.000000
55,1743668119364481,8.359960,-7.427180,7.553080,8.359960,7.374510,9.033330,5.874000,-5.287000,5.398000,5.848000,5.241000,5.896000,1345.000000,-3766.000000,90.000000,505.000000,469.000000,755.000000
55,1743668119369130,8.727120,-7.712440,7.848360,8.727120,7.655650,9.489580,6.221000,-5.585000,5.675000,6.211000,5.413000,6.238000,1040.000000,-3507.000000,522.000000,628.000000,448.000000,919.000000
56,1743668119373884,8.727120,-7.712440,7.848360,8.727120,7.655650,9.489580,6.514000,-5.684000,5.772000,6.313000,5.749000,6.678000,1197.000000,-3496.000000,273.000000,420.000000,381.000000,710.000000
57,1743668119378554,9.098950,-7.998870,8.145200,9.098950,7.937790,9.958330,6.843000,-6.083000,6.197000,6.851000,5.960000,6.973000,1070.000000,-3542.000000,139.000000,405.000000,311.000000,847.000000
58,1743668119384493,9.475150,-8.286140,8.443280,9.475150,8.220630,10.439600,7.097000,-6.285000,6.420000,7.128000,6.389000,7.609000,941.000000,-3371.000000,115.000000,405.000000,421.000000,767.000000
59,1743668119389125,9.855390,-8.573960,8.742290,9.855390,8.503850,10.933300,7.599000,-6.670000,6.807000,7.603000,6.560000,7.896000,913.000000,-3309.000000,-12.000000,509.000000,311.000000,949.000000
60,1743668119393860,10.239400,-8.862000,9.041910,10.239400,8.787170,11.439600,7.786000,-6.806000,6.972000,7.786000,6.793000,8.301000,892.000000,-3393.000000,-32.000000,546.000000,266.000000,608.000000
61,1743668119398520,10.626800,-9.150060,9.341830,10.626800,9.070480,11.958300,8.184000,-7.186000,7.338000,8.261000,7.051000,8.725000,1006.000000,-3454.000000,-5.000000,444.000000,324.000000,1096.000000
62,1743668119404286,11.017300,-9.438130,9.641790,11.017300,9.353800,12.489600,8.477000,-7.459000,7.617000,8.595000,7.281000,9.161000,854.000000,-3308.000000,-14.000000,591.000000,286.000000,836.000000
63,1743668119408880,11.410600,-9.726190,9.941760,11.410600,9.637110,13.033300,8.867000,-7.779000,7.932000,9.012000,7.543000,9.617000,975.000000,-3342.000000,115.000000,388.000000,281.000000,711.000000
64,1743668119414457,11.806400,-10.014200,10.241700,11.806400,9.920430,13.589600,9.030000,-7.881000,8.032000,9.159000,7.882000,10.184000,1084.000000,-3446.000000,335.000000,456.000000,298.000000,872.000000
65,1743668119419049,12.204400,-10.302300,10.541700,12.204400,10.203700,14.158300,9.641000,-8.294000,8.480000,9.743000,8.073000,10.508000,793.000000,-3036.000000,39.000000,282.000000,138.000000,781.000000
66,1743668119424705,12.604200,-10.590400,10.841700,12.604200,10.487100,14.739600,9.976000,-8.570000,8.732000,10.081000,8.414000,11.097000,1012.000000,-3163.000000,219.000000,452.000000,284.000000,771.000000
67,1743668119429431,13.005600,-10.878400,11.141600,13.005600,10.770400,15.333300,10.338000,-8.838000,9.019000,10.453000,8.629000,11.490000,788.000000,-3463.000000,40.000000,364.000000,380.000000,901.000000
68,1743668119434038,13.408200,-11.166500,11.441600,13.408200,11.053700,15.939600,10.674000,-9.050000,9.254000,10.717000,8.964000,12.222000,958.000000,-3001.000000,-30.000000,551.000000,303.000000,804.000000
69,1743668119438563,13.811700,-11.454600,11.741600,13.811700,11.337000,16.558300,11.266000,-9.445000,9.661000,11.251000,9.257000,12.734000,580.000000,-2841.000000,137.000000,326.000000,286.000000,937.000000
70,1743668119444228,14.215900,-11.742600,12.041500,14.215900,11.620300,17.189600,11.567000,-9.700000,9.935000,11.604000,9.497000,13.268000,605.000000,-2952.000000,58.000000,443.000000,293.000000,957.000000
71,1743668119448745,14.620300,-12.030700,12.341500,14.620300,11.903600,17.833300,11.889000,-9.975000,10.205000,11.979000,9.736000,13.730000,841.000000,-3034.000000,269.000000,403.000000,376.000000,750.000000
72,1743668119454463,15.024800,-12.318700,12.641500,15.024800,12.186900,18.489500,12.262000,-10.233000,10.456000,12.321000,10.141000,14.316000,742.000000,-3108.000000,6.000000,514.000000,237.000000,621.000000
73,1743668119458975,15.429300,-12.606800,12.941400,15.429300,12.470300,19.157900,12.676000,-10.504000,10.744000,12.705000,10.423000,15.092000,695.000000,-3287.000000,72.000000,510.000000,326.000000,884.000000
74,1743668119464555,15.833800,-12.894900,13.241400,15.833800,12.753600,19.838200,13.092000,-10.774000,11.027000,13.077000,10.702000,15.670000,913.000000,-3393.000000,97.000000,542.000000,351.000000,855.000000
75,1743668119469181,16.238300,-13.182900,13.541400,16.238300,13.036900,20.530001,13.421000,-11.039000,11.314000,13.469000,10.953000,16.240999,705.000000,-3098.000000,-108.000000,352.000000,344.000000,985.000000
76,1743668119473799,16.642799,-13.471000,13.841300,16.642799,13.320200,21.233101,13.779000,-11.314000,11.614000,13.860000,11.193000,16.868000,645.000000,-3228.000000,66.000000,314.000000,340.000000,720.000000
76,1743668119478394,16.642799,-13.471000,13.841300,16.642799,13.320200,21.233101,14.355000,-11.655000,12.008000,14.371000,11.418000,17.427000,977.000000,-3271.000000,140.000000,379.000000,451.000000,814.000000
78,1743668119484132,17.451799,-14.047100,14.441300,17.451799,13.886800,22.671700,14.746000,-11.932000,12.253000,14.747000,11.656000,18.080000,457.000000,-2943.000000,-96.000000,380.000000,253.000000,1030.000000
78,1743668119488614,17.451799,-14.047100,14.441300,17.451799,13.886800,22.671700,14.746000,-11.932000,12.253000,14.747000,11.656000,18.080000,457.000000,-2943.000000,-96.000000,380.000000,253.000000,1030.000000
79,1743668119494290,17.856300,-14.335200,14.741200,17.856300,14.170100,23.406700,15.071000,-12.204000,12.525000,15.118000,12.047000,18.923000,630.000000,-3356.000000,309.000000,379.000000,316.000000,871.000000
80,1743668119498794,18.260799,-14.623200,15.041200,18.260799,14.453500,24.151600,15.430000,-12.480000,12.795000,15.471000,12.211000,19.334000,715.000000,-3476.000000,-212.000000,365.000000,317.000000,743.000000
81,1743668119504521,18.665300,-14.911300,15.341200,18.665300,14.736800,24.906300,15.773000,-12.755000,13.082000,15.853000,12.608000,20.256001,599.000000,-3143.000000,190.000000,329.000000,308.000000,833.000000
82,1743668119508942,19.069799,-15.199400,15.641100,19.069799,15.020100,25.670300,16.170000,-13.038000,13.381000,16.254000,12.897000,20.938999,745.000000,-3101.000000,216.000000,344.000000,349.000000,960.000000
83,1743668119513577,19.474300,-15.487400,15.941100,19.474300,15.303400,26.443300,16.722000,-13.410000,13.789000,16.764999,13.123000,21.530001,715.000000,-2963.000000,-54.000000,430.000000,441.000000,932.000000
84,1743668119519137,19.878700,-15.775500,16.241100,19.878700,15.586700,27.225201,17.162001,-13.547000,13.959000,16.971001,13.432000,22.377001,817.000000,-3070.000000,101.000000,547.000000,369.000000,976.000000
85,1743668119523611,20.283199,-16.063499,16.541000,20.283199,15.870000,28.015400,17.386999,-13.889000,14.280000,17.431000,13.533000,22.634001,824.000000,-2890.000000,276.000000,565.000000,494.000000,1041.000000
86,1743668119529246,20.687700,-16.351601,16.841000,20.687700,16.153299,28.813801,17.641001,-14.080000,14.477000,17.677000,13.966000,23.790001,612.000000,-3012.000000,-29.000000,473.000000,408.000000,951.000000
87,1743668119533801,21.092199,-16.639700,17.141001,21.092199,16.436701,29.620001,18.290001,-14.473000,14.882000,18.285000,14.265000,24.586000,694.000000,-3101.000000,77.000000,424.000000,349.000000,698.000000
88,1743668119538479,21.496700,-16.927700,17.440901,21.496700,16.719999,30.433701,18.627001,-14.694000,15.139000,18.636000,14.584000,25.408001,585.000000,-3342.000000,69.000000,286.000000,384.000000,858.000000
89,1743668119544266,21.901199,-17.215799,17.740900,21.901199,17.003300,31.254601,19.259001,-15.059000,15.516000,19.101999,14.913000,26.232000,760.000000,-3292.000000,73.000000,435.000000,398.000000,1001.000000
90,1743668119548834,22.305700,-17.503901,18.040899,22.305700,17.286600,32.082298,19.492001,-15.336000,15.779000,19.487000,15.198000,27.044001,741.000000,-3017.000000,-165.000000,375.000000,271.000000,1051.000000
91,1743668119553537,22.710199,-17.791901,18.340799,22.710199,17.569901,32.916698,19.931000,-15.687000,16.143999,19.917999,15.461000,27.802000,689.000000,-2877.000000,167.000000,408.000000,295.000000,883.000000
92,1743668119559200,23.114700,-18.080000,18.640800,23.114700,17.853201,33.757198,20.261999,-15.915000,16.413000,20.256001,15.748000,28.700001,684.000000,-3124.000000,-33.000000,299.000000,182.000000,700.000000
93,1743668119563757,23.519199,-18.368000,18.940800,23.519199,18.136600,34.603802,20.749001,-16.329000,16.799999,20.812000,15.917000,29.261999,649.000000,-2742.000000,-119.000000,418.000000,342.000000,781.000000
94,1743668119569571,23.923700,-18.656099,19.240700,23.923700,18.419901,35.455898,21.233000,-16.636999,17.129000,21.250000,16.252001,30.173000,524.000000,-3101.000000,316.000000,421.000000,356.000000,846.000000
95,1743668119574189,24.328199,-18.944201,19.540701,24.328199,18.703199,36.313301,21.482000,-16.796000,17.298000,21.483000,16.518999,30.936001,749.000000,-3230.000000,33.000000,568.000000,211.000000,835.000000
96,1743668119578983,24.732700,-19.232201,19.840700,24.732700,18.986500,37.175800,22.017000,-17.173000,17.672001,21.990000,16.820000,31.743999,546.000000,-3095.000000,317.000000,431.000000,458.000000,922.000000
97,1743668119583657,25.137199,-19.520300,20.140600,25.137199,19.269800,38.042900,22.389999,-17.464001,17.966000,22.386999,17.075001,32.400002,509.000000,-2895.000000,253.000000,401.000000,270.000000,950.000000
97,1743668119588442,25.137199,-19.520300,20.140600,25.137199,19.269800,38.042900,22.811001,-17.792999,18.313999,22.586000,17.436001,33.419998,680.000000,-2893.000000,142.000000,348.000000,259.000000,975.000000
99,1743668119594282,25.946199,-20.096399,20.740601,25.946199,19.836399,39.790001,23.084999,-17.955000,18.488001,23.065001,17.726000,34.314999,626.000000,-2949.000000,209.000000,397.000000,517.000000,920.000000
99,1743668119598914,25.946199,-20.096399,20.740601,25.946199,19.836399,39.790001,23.615999,-18.186001,18.719999,23.362000,17.941999,35.033001,675.000000,-2827.000000,108.000000,379.000000,281.000000,942.000000
100,1743668119603610,26.350599,-20.384501,21.040501,26.350599,20.119801,40.669300,23.983999,-18.599001,19.162001,23.974001,18.149000,35.686001,609.000000,-3176.000000,95.000000,297.000000,420.000000,963.000000
102,1743668119609423,27.159599,-20.960600,21.640499,27.159599,20.686399,42.438000,23.983999,-18.599001,19.162001,23.974001,18.149000,35.686001,609.000000,-3176.000000,95.000000,297.000000,420.000000,963.000000
102,1743668119614033,27.159599,-20.960600,21.640499,27.159599,20.686399,42.438000,24.653000,-19.059000,19.615999,24.601999,18.746000,37.598999,784.000000,-3376.000000,92.000000,418.000000,419.000000,820.000000
103,1743668119618680,27.564100,-21.248699,21.940399,27.564100,20.969700,43.326698,24.653000,-19.059000,19.615999,24.601999,18.746000,37.598999,784.000000,-3376.000000,92.000000,418.000000,419.000000,820.000000
104,1743668119624513,27.968599,-21.536699,22.240400,27.968599,21.253000,44.217899,25.153999,-19.399000,19.969999,25.091000,19.142000,38.273998,714.000000,-3085.000000,268.000000,438.000000,371.000000,791.000000
105,1743668119629298,28.373100,-21.824800,22.540400,28.373100,21.536301,45.111301,25.589001,-19.701000,20.295000,25.554001,19.434000,39.513000,485.000000,-2940.000000,-34.000000,410.000000,332.000000,816.000000
106,1743668119633930,28.777599,-22.112801,22.840300,28.777599,21.819599,46.006500,25.881001,-19.923000,20.541000,25.837999,19.702000,40.388000,465.000000,-2563.000000,276.000000,365.000000,361.000000,669.000000
107,1743668119638563,29.182100,-22.400900,23.140301,29.182100,22.103001,46.903301,26.334999,-20.289000,20.964001,26.337000,19.839001,40.758999,704.000000,-2733.000000,240.000000,458.000000,459.000000,863.000000
108,1743668119644372,29.586599,-22.688999,23.440300,29.586599,22.386299,47.801399,26.658001,-20.506001,21.162001,26.617001,20.181000,41.923000,571.000000,-2789.000000,25.000000,542.000000,303.000000,850.000000
109,1743668119648983,29.991100,-22.976999,23.740200,29.991100,22.669600,48.700401,27.132999,-20.830999,21.489000,27.122999,20.499001,42.977001,706.000000,-2927.000000,389.000000,401.000000,441.000000,930.000000
110,1743668119653684,30.395599,-23.265100,24.040199,30.395599,22.952900,49.600101,27.386000,-21.058001,21.722000,27.445000,20.764999,43.817001,649.000000,-3013.000000,226.000000,477.000000,422.000000,760.000000
111,1743668119659451,30.800100,-23.553200,24.340200,30.800100,23.236200,50.500000,27.971001,-21.500999,22.181999,28.025999,20.969999,44.416000,733.000000,-3024.000000,270.000000,433.000000,365.000000,757.000000
112,1743668119663880,31.204599,-23.841200,24.640100,31.204599,23.519501,51.400002,28.384001,-21.757999,22.472000,28.400999,21.312000,45.431000,512.000000,-2780.000000,162.000000,466.000000,449.000000,853.000000
113,1743668119669460,31.609100,-24.129299,24.940100,31.609100,23.802799,52.299999,28.795000,-22.044001,22.743000,28.788000,21.555000,46.110001,747.000000,-2996.000000,227.000000,452.000000,414.000000,942.000000
114,1743668119674025,32.013599,-24.417299,25.240101,32.013599,24.086201,53.200001,29.205000,-22.346001,23.094000,28.941999,21.945999,47.209000,635.000000,-2898.000000,331.000000,411.000000,303.000000,902.000000
115,1743668119678571,32.418098,-24.705400,25.540001,32.418098,24.369499,54.099998,29.559999,-22.624001,23.361000,29.608000,22.174999,48.070000,378.000000,-2783.000000,-257.000000,466.000000,525.000000,865.000000
116,1743668119684447,32.822498,-24.993500,25.840000,32.822498,24.652800,55.000000,29.829000,-22.818001,23.549999,29.878000,22.541000,49.305000,493.000000,-2669.000000,-74.000000,514.000000,540.000000,901.000000
117,1743668119688900,33.227001,-25.281500,26.139999,33.227001,24.936100,55.900002,30.459000,-23.226999,23.957001,30.417999,22.666000,49.688000,669.000000,-3191.000000,-156.000000,599.000000,391.000000,913.000000
118,1743668119694629,33.631500,-25.569599,26.439899,33.631500,25.219400,56.799999,30.634001,-23.337000,24.099001,30.601999,23.006001,50.888000,495.000000,-2918.000000,9.000000,498.000000,464.000000,824.000000
119,1743668119699286,34.035999,-25.857599,26.739901,34.035999,25.502701,57.700001,31.224001,-23.771000,24.540001,31.194000,23.245001,51.595001,663.000000,-3049.000000,388.000000,531.000000,524.000000,667.000000
120,1743668119703945,34.440498,-26.145700,27.039900,34.440498,25.785999,58.599998,31.695000,-24.112000,24.868999,31.606001,23.594000,52.591999,598.000000,-2664.000000,144.000000,385.000000,350.000000,817.000000
121,1743668119708645,34.845001,-26.433800,27.339800,34.845001,26.069401,59.500000,31.966000,-24.337000,25.113001,31.926001,23.826000,53.282001,568.000000,-2736.000000,263.000000,540.000000,461.000000,783.000000
122,1743668119714472,35.249500,-26.721800,27.639799,35.249500,26.352699,60.400002,32.457001,-24.679001,25.469000,32.394001,24.176001,54.317001,579.000000,-2624.000000,363.000000,356.000000,354.000000,893.000000
123,1743668119719159,35.653999,-27.009899,27.939800,35.653999,26.636000,61.299999,32.764999,-24.906000,25.702000,32.723999,24.455999,55.250999,483.000000,-2763.000000,383.000000,527.000000,325.000000,890.000000
123,1743668119723805,35.653999,-27.009899,27.939800,35.653999,26.636000,61.299999,33.113998,-25.143999,25.976999,33.082001,24.749001,56.292000,358.000000,-2669.000000,183.000000,308.000000,332.000000,836.000000
124,1743668119728556,36.058498,-27.298000,28.239700,36.058498,26.919300,62.200001,33.648998,-25.525999,26.351999,33.636002,24.945000,56.977001,648.000000,-2905.000000,-24.000000,429.000000,499.000000,883.000000
125,1743668119734491,36.463001,-27.586000,28.539700,36.463001,27.202600,63.099998,34.042999,-25.795000,26.625999,33.825001,25.257000,57.812000,597.000000,-3156.000000,242.000000,344.000000,413.000000,567.000000
126,1743668119739279,36.867500,-27.874100,28.839701,36.867500,27.485901,64.000000,34.391998,-26.059999,26.919001,34.383999,25.525999,58.664001,572.000000,-2734.000000,335.000000,550.000000,300.000000,833.000000
127,1743668119743976,37.271999,-28.162100,29.139601,37.271999,27.769199,64.900002,34.759998,-26.351999,27.218000,34.755001,25.938000,59.882000,609.000000,-2630.000000,227.000000,385.000000,468.000000,813.000000
128,1743668119748796,37.676498,-28.450199,29.439600,37.676498,28.052601,65.800003,35.130001,-26.635000,27.511000,35.120998,26.096001,60.325001,616.000000,-2535.000000,293.000000,515.000000,355.000000,780.000000
129,1743668119754534,38.081001,-28.738300,29.739599,38.081001,28.335899,66.699997,35.539001,-26.886000,27.813999,35.506001,26.472000,61.486000,512.000000,-2622.000000,345.000000,619.000000,311.000000,767.000000
130,1743668119759360,38.485500,-29.026300,30.039499,38.485500,28.619200,67.599998,35.539001,-26.886000,27.813999,35.506001,26.472000,61.486000,512.000000,-2622.000000,345.000000,619.000000,311.000000,767.000000
131,1743668119764042,38.889999,-29.314400,30.339500,38.889999,28.902500,68.500000,35.972000,-27.160000,28.063999,35.931999,26.739000,62.347000,479.000000,-2306.000000,40.000000,455.000000,436.000000,711.000000
132,1743668119768928,39.294498,-29.602501,30.639500,39.294498,29.185801,69.400002,36.672001,-27.655001,28.570000,36.576000,27.198999,64.022003,456.000000,-2783.000000,-37.000000,400.000000,307.000000,855.000000
133,1743668119774775,39.698898,-29.890499,30.939400,39.698898,29.469101,70.300003,36.672001,-27.655001,28.570000,36.576000,27.198999,64.022003,456.000000,-2783.000000,-37.000000,400.000000,307.000000,855.000000
134,1743668119778516,40.103401,-30.178600,31.239401,40.103401,29.752399,71.199997,37.240002,-28.090000,29.031000,37.019001,27.466999,64.917999,622.000000,-2614.000000,367.000000,472.000000,507.000000,830.000000
135,1743668119784492,40.507900,-30.466600,31.539400,40.507900,30.035801,72.099998,37.646999,-28.340000,29.325001,37.563000,27.733000,65.695999,641.000000,-2506.000000,404.000000,394.000000,697.000000,875.000000
136,1743668119789178,40.912399,-30.754700,31.839300,40.912399,30.319099,73.000000,38.035999,-28.618000,29.587000,37.938999,28.160000,66.873001,477.000000,-2505.000000,308.000000,359.000000,351.000000,583.000000
137,1743668119793901,41.316898,-31.042801,32.139301,41.316898,30.602400,73.900002,38.411999,-28.905001,29.879999,38.320999,28.438000,67.733002,532.000000,-2224.000000,248.000000,425.000000,468.000000,793.000000
138,1743668119798518,41.721401,-31.330799,32.439301,41.721401,30.885700,74.800003,38.938000,-29.302999,30.285000,38.842999,28.688999,68.574997,538.000000,-2637.000000,155.000000,616.000000,486.000000,846.000000
139,1743668119804417,42.125900,-31.618900,32.739201,42.125900,31.169001,75.699997,39.139999,-29.461000,30.444000,39.078999,28.973000,69.444000,513.000000,-2811.000000,167.000000,648.000000,439.000000,916.000000
140,1743668119809017,42.530399,-31.906900,33.039200,42.530399,31.452299,76.599998,39.583000,-29.737000,30.726000,39.464001,29.254999,70.380997,535.000000,-2822.000000,86.000000,618.000000,425.000000,936.000000
140,1743668119813746,42.530399,-31.906900,33.039200,42.530399,31.452299,76.599998,40.116001,-30.129999,31.160000,39.884998,29.479000,71.162003,570.000000,-2688.000000,425.000000,427.000000,462.000000,934.000000
141,1743668119818496,42.934898,-32.195000,33.339199,42.934898,31.735701,77.500000,40.319000,-30.298000,31.334999,40.275002,29.809999,72.192001,401.000000,-2701.000000,370.000000,485.000000,497.000000,805.000000
143,1743668119826518,43.743900,-32.771099,33.939098,43.743900,32.302299,79.300003,40.925999,-30.632000,31.658001,40.694000,30.054001,73.047997,584.000000,-2415.000000,453.000000,437.000000,581.000000,845.000000
144,1743668119830127,44.148399,-33.059200,34.239101,44.148399,32.585602,80.199997,41.167999,-30.924999,31.992001,41.131001,30.371000,73.935997,605.000000,-2565.000000,370.000000,490.000000,525.000000,745.000000
145,1743668119834766,44.552898,-33.347301,34.539101,44.552898,32.868900,81.099998,41.730000,-31.202000,32.254002,41.539001,30.683001,74.760002,428.000000,-2422.000000,290.000000,368.000000,406.000000,809.000000
145,1743668119839473,44.552898,-33.347301,34.539101,44.552898,32.868900,81.099998,42.105999,-31.582001,32.647999,42.013000,30.973000,75.620003,524.000000,-2422.000000,434.000000,428.000000,395.000000,863.000000
147,1743668119845239,45.361900,-33.923401,35.139000,45.361900,33.435501,82.900002,42.256001,-31.691000,32.765999,42.160000,31.174999,76.502998,499.000000,-2408.000000,336.000000,510.000000,471.000000,576.000000
147,1743668119849752,45.361900,-33.923401,35.139000,45.361900,33.435501,82.900002,42.875999,-32.132999,33.222000,42.776001,31.400999,77.337997,427.000000,-2535.000000,355.000000,502.000000,559.000000,755.000000
148,1743668119854408,45.766399,-34.211399,35.438999,45.766399,33.718899,83.800003,43.282001,-32.422001,33.518002,43.205002,31.780001,78.136002,518.000000,-2618.000000,548.000000,404.000000,556.000000,751.000000
149,1743668119860523,46.170799,-34.499500,35.738899,46.170799,34.002201,84.699997,43.673000,-32.674000,33.813999,43.570999,31.975000,78.987999,303.000000,-2266.000000,391.000000,497.000000,548.000000,853.000000
150,1743668119865478,46.575298,-34.787601,36.038898,46.575298,34.285500,85.599998,44.044998,-32.956001,34.115002,43.945000,32.250999,79.844002,446.000000,-2607.000000,382.000000,646.000000,470.000000,934.000000
151,1743668119870068,46.979801,-35.075600,36.338902,46.979801,34.568802,86.500000,44.521999,-33.291000,34.435001,44.373001,32.534000,80.803001,551.000000,-2500.000000,264.000000,532.000000,436.000000,943.000000
152,1743668119874683,47.384300,-35.363701,36.638802,47.384300,34.852100,87.400002,44.799999,-33.488998,34.632999,44.719002,32.866001,81.811996,549.000000,-2515.000000,299.000000,572.000000,508.000000,688.000000
153,1743668119880337,47.788799,-35.651798,36.938801,47.788799,35.135399,88.300003,45.269001,-33.808998,34.967999,45.181000,33.105000,82.551003,429.000000,-2115.000000,474.000000,448.000000,424.000000,717.000000
154,1743668119884864,48.193298,-35.939800,37.238800,48.193298,35.418701,89.199997,45.637001,-34.102001,35.277000,45.575001,33.403000,83.480003,726.000000,-2823.000000,565.000000,556.000000,396.000000,790.000000
155,1743668119890491,48.597801,-36.227901,37.538700,48.597801,35.702099,90.099998,46.006001,-34.388000,35.591000,45.972000,33.747002,84.623001,1501.000000,-3255.000000,1057.000000,689.000000,655.000000,1210.000000
156,1743668119895258,49.002300,-36.515900,37.838699,49.002300,35.985401,91.000000,46.428001,-34.664001,35.912998,46.362999,34.056999,85.521004,712.000000,-2710.000000,293.000000,581.000000,511.000000,766.000000
157,1743668119899838,49.406799,-36.804001,38.138699,49.406799,36.268700,91.900002,46.853001,-34.960999,36.183998,46.785000,34.374001,86.407997,306.000000,-2312.000000,146.000000,482.000000,491.000000,873.000000
158,1743668119904557,49.811298,-37.092098,38.438599,49.811298,36.551998,92.800003,47.183998,-35.194000,36.430000,47.108002,34.646000,87.355003,132.000000,-2296.000000,316.000000,403.000000,358.000000,825.000000
159,1743668119910420,50.215801,-37.380100,38.738602,50.215801,36.835300,93.699997,47.805000,-35.668999,36.922001,47.576000,34.905998,88.246002,129.000000,-2317.000000,270.000000,398.000000,481.000000,834.000000
160,1743668119915121,50.620300,-37.668201,39.038601,50.620300,37.118599,94.599998,48.102001,-35.901001,37.143002,48.043999,35.244999,89.289001,401.000000,-2292.000000,266.000000,693.000000,568.000000,712.000000
161,1743668119919734,51.024799,-37.956200,39.338501,51.024799,37.401901,95.500000,48.612999,-36.254002,37.493000,48.519001,35.549000,90.251999,259.000000,-2227.000000,134.000000,522.000000,634.000000,769.000000
162,1743668119925665,51.429298,-38.244301,39.638500,51.429298,37.685299,96.400002,48.935001,-36.458000,37.743000,48.839001,35.766998,90.963997,269.000000,-2394.000000,446.000000,417.000000,330.000000,760.000000
163,1743668119930320,51.833801,-38.532398,39.938499,51.833801,37.968601,97.300003,49.389000,-36.793999,38.098999,49.327000,36.110001,92.031998,284.000000,-2204.000000,366.000000,495.000000,581.000000,715.000000
164,1743668119934972,52.238300,-38.820400,40.238400,52.238300,38.251900,98.199997,49.722000,-37.012001,38.306000,49.605999,36.410000,92.896004,379.000000,-2085.000000,222.000000,526.000000,542.000000,720.000000
165,1743668119939592,52.642700,-39.108501,40.538399,52.642700,38.535198,99.099998,49.722000,-37.012001,38.306000,49.605999,36.410000,92.896004,379.000000,-2085.000000,222.000000,526.000000,542.000000,720.000000
166,1743668119945524,53.047199,-39.396599,40.838402,53.047199,38.818501,100.000000,50.480000,-37.588001,38.890999,50.421001,36.955002,94.628998,297.000000,-1897.000000,598.000000,451.000000,514.000000,882.000000
167,1743668119950056,53.451698,-39.684601,41.138302,53.451698,39.101799,100.900002,50.480000,-37.588001,38.890999,50.421001,36.955002,94.628998,297.000000,-1897.000000,598.000000,451.000000,514.000000,882.000000
167,1743668119954669,53.451698,-39.684601,41.138302,53.451698,39.101799,100.900002,51.076000,-38.049000,39.358002,51.007999,37.161999,95.234001,272.000000,-1840.000000,458.000000,341.000000,646.000000,763.000000
168,1743668119959378,53.856201,-39.972698,41.438301,53.856201,39.385101,101.800003,51.382999,-38.245998,39.603001,51.299000,37.543999,96.510002,421.000000,-2149.000000,642.000000,661.000000,384.000000,684.000000
169,1743668119965136,54.260700,-40.260700,41.738300,54.260700,39.668499,102.699997,51.859001,-38.570999,39.952999,51.810001,37.852001,97.505997,309.000000,-2227.000000,8.000000,509.000000,620.000000,775.000000
170,1743668119969760,54.665199,-40.548801,42.038200,54.665199,39.951801,103.599998,52.188999,-38.794998,40.154999,52.094002,38.077999,98.226997,475.000000,-2364.000000,532.000000,554.000000,613.000000,698.000000
171,1743668119975495,55.069698,-40.836899,42.338200,55.069698,40.235100,104.500000,52.742001,-39.186001,40.453999,52.488998,38.367001,99.095001,349.000000,-1962.000000,677.000000,345.000000,603.000000,724.000000
172,1743668119980221,55.474201,-41.124901,42.638199,55.474201,40.518398,105.400002,52.930000,-39.351002,40.742001,52.869999,38.692001,100.176003,426.000000,-1962.000000,490.000000,681.000000,448.000000,830.000000
173,1743668119984802,55.878700,-41.412998,42.938099,55.878700,40.801701,106.300003,53.566002,-39.799999,41.215000,53.466999,38.943001,100.973000,428.000000,-2155.000000,517.000000,643.000000,562.000000,696.000000
174,1743668119989567,56.283199,-41.701099,43.238098,56.283199,41.084999,107.199997,53.724998,-39.888000,41.335999,53.636002,39.230000,101.839996,440.000000,-2188.000000,386.000000,668.000000,700.000000,847.000000
175,1743668119995370,56.687698,-41.989101,43.538101,56.687698,41.368301,108.099998,54.375999,-40.339001,41.751999,54.212002,39.476002,102.527000,106.000000,-2140.000000,317.000000,466.000000,481.000000,727.000000
176,1743668120000056,57.092201,-42.277199,43.838001,57.092201,41.651699,109.000000,54.757000,-40.616001,42.042000,54.650002,39.797001,103.543999,210.000000,-2273.000000,356.000000,423.000000,492.000000,855.000000
177,1743668120004685,57.496700,-42.565201,44.138000,57.496700,41.935001,109.900002,55.159000,-40.897999,42.353001,55.036999,40.159000,104.807999,400.000000,-2167.000000,708.000000,461.000000,681.000000,796.000000
178,1743668120010514,57.901199,-42.853298,44.438000,57.901199,42.218300,110.800003,55.567001,-41.186001,42.646999,55.431999,40.438999,105.699997,484.000000,-2166.000000,312.000000,517.000000,713.000000,860.000000
179,1743668120015056,58.305698,-43.141399,44.737900,58.305698,42.501598,111.699997,56.033001,-41.507000,42.973000,55.875999,40.587002,106.113998,279.000000,-1740.000000,503.000000,455.000000,630.000000,864.000000
180,1743668120019694,58.710201,-43.429401,45.037899,58.710201,42.784901,112.599998,56.417999,-41.804001,43.276001,56.271999,40.915001,107.178001,437.000000,-2078.000000,528.000000,433.000000,541.000000,791.000000
181,1743668120025576,59.114601,-43.717499,45.337898,59.114601,43.068199,113.500000,56.771000,-42.083000,43.574001,56.661999,41.280998,108.380997,348.000000,-1855.000000,693.000000,512.000000,480.000000,873.000000
182,1743668120030275,59.519100,-44.005501,45.637798,59.519100,43.351601,114.400002,57.123001,-42.298000,43.798000,56.974998,41.562000,109.266998,262.000000,-1855.000000,326.000000,533.000000,645.000000,712.000000
183,1743668120035032,59.923599,-44.293598,45.937801,59.923599,43.634899,115.300003,57.646000,-42.651001,44.174000,57.522999,41.895000,110.227997,192.000000,-1966.000000,699.000000,576.000000,568.000000,830.000000
184,1743668120039753,60.328098,-44.581699,46.237801,60.328098,43.918201,116.199997,58.196999,-43.049000,44.588001,58.049000,42.153999,111.122002,362.000000,-1908.000000,630.000000,483.000000,535.000000,682.000000
185,1743668120045643,60.732601,-44.869701,46.537701,60.732601,44.201500,117.099998,58.196999,-43.049000,44.588001,58.049000,42.153999,111.122002,362.000000,-1908.000000,630.000000,483.000000,535.000000,682.000000
186,1743668120050221,61.137100,-45.157799,46.837700,61.137100,44.484798,118.000000,58.723000,-43.450001,45.013000,58.629002,42.744999,112.950996,391.000000,-1855.000000,747.000000,472.000000,735.000000,770.000000
187,1743668120054845,61.541599,-45.445900,47.137699,61.541599,44.768101,118.900002,58.723000,-43.450001,45.013000,58.629002,42.744999,112.950996,391.000000,-1855.000000,747.000000,472.000000,735.000000,770.000000
188,1743668120060404,61.946098,-45.733898,47.437599,61.946098,45.051399,119.800003,59.268002,-43.855999,45.419998,59.191002,43.076000,113.924004,450.000000,-2157.000000,405.000000,545.000000,533.000000,925.000000
189,1743668120065105,62.350601,-46.021999,47.737598,62.350601,45.334801,120.699997,60.118000,-44.476002,46.042000,60.021999,43.573002,115.481003,277.000000,-1721.000000,623.000000,368.000000,639.000000,782.000000
190,1743668120069884,62.755100,-46.310001,48.037601,62.755100,45.618099,121.599998,60.118000,-44.476002,46.042000,60.021999,43.573002,115.481003,277.000000,-1721.000000,623.000000,368.000000,639.000000,782.000000
191,1743668120075558,63.159599,-46.598099,48.337502,63.159599,45.901402,122.500000,60.519001,-44.747002,46.327999,60.387001,43.935001,116.738998,325.000000,-1692.000000,567.000000,589.000000,517.000000,714.000000
192,1743668120080289,63.564098,-46.886200,48.637501,63.564098,46.184700,123.400002,61.056999,-45.139999,46.616001,60.824001,44.215000,117.589996,248.000000,-1831.000000,547.000000,476.000000,745.000000,685.000000
192,1743668120084870,63.564098,-46.886200,48.637501,63.564098,46.184700,123.400002,61.298000,-45.311001,46.921001,61.223999,44.490002,118.460999,266.000000,-2163.000000,724.000000,437.000000,616.000000,717.000000
193,1743668120089612,63.968601,-47.174198,48.937500,63.968601,46.467999,124.300003,61.820000,-45.703999,47.338001,61.766998,44.784000,119.330002,192.000000,-1714.000000,402.000000,517.000000,449.000000,830.000000
194,1743668120095297,64.373100,-47.462299,49.237400,64.373100,46.751301,125.199997,62.236000,-45.987000,47.643002,62.145000,45.044998,120.196999,291.000000,-1809.000000,705.000000,457.000000,720.000000,673.000000
195,1743668120099880,64.777603,-47.750301,49.537399,64.777603,47.034599,126.099998,62.624001,-46.272999,47.938000,62.516998,45.334999,121.112999,133.000000,-1724.000000,582.000000,619.000000,731.000000,845.000000
196,1743668120105605,65.182098,-48.038399,49.837399,65.182098,47.318001,127.000000,63.001999,-46.556999,48.221001,62.925999,45.618000,121.985001,270.000000,-1493.000000,539.000000,525.000000,564.000000,700.000000
197,1743668120110257,65.586601,-48.326500,50.137299,65.586601,47.601299,127.900002,63.415001,-46.841999,48.493000,63.334000,45.990002,123.107002,386.000000,-1825.000000,711.000000,499.000000,727.000000,884.000000
198,1743668120114994,65.990997,-48.614498,50.437302,65.990997,47.884602,128.800003,63.803001,-47.130001,48.794998,63.734001,46.235001,123.938004,209.000000,-1751.000000,779.000000,334.000000,728.000000,833.000000
199,1743668120119485,66.395500,-48.902599,50.737301,66.395500,48.167900,129.699997,64.278000,-47.431999,49.127998,64.142998,46.463001,124.658997,340.000000,-1892.000000,728.000000,554.000000,563.000000,815.000000
200,1743668120125331,66.800003,-49.190701,51.037201,66.800003,48.451199,130.600006,64.771004,-47.761002,49.477001,64.599998,46.778999,125.704002,325.000000,-1739.000000,645.000000,476.000000,684.000000,882.000000
201,1743668120129756,67.204498,-49.478699,51.337200,67.204498,48.734501,131.500000,65.059998,-47.981998,49.715000,64.926003,47.119999,126.758003,92.000000,-1660.000000,503.000000,443.000000,583.000000,671.000000
202,1743668120134479,67.609001,-49.766800,51.637199,67.609001,49.017799,132.399994,65.542999,-48.327000,49.862000,65.141998,47.370998,127.463997,167.000000,-1619.000000,563.000000,398.000000,702.000000,727.000000
203,1743668120140317,68.013496,-50.054798,51.937099,68.013496,49.301201,133.300003,65.922997,-48.636002,50.386002,65.852997,47.660999,128.397995,297.000000,-1417.000000,678.000000,520.000000,487.000000,857.000000
204,1743668120144870,68.417999,-50.342899,52.237099,68.417999,49.584499,134.199997,66.318001,-48.890999,50.676998,66.239998,48.018002,129.557007,235.000000,-1711.000000,713.000000,524.000000,678.000000,721.000000
205,1743668120149515,68.822502,-50.631001,52.537102,68.822502,49.867802,135.100006,66.773003,-49.202000,50.959999,66.584999,48.164001,130.016006,34.000000,-1671.000000,299.000000,489.000000,731.000000,881.000000
206,1743668120155327,69.226997,-50.918999,52.837002,69.226997,50.151100,136.000000,67.166000,-49.483002,51.247002,67.099998,48.499001,131.016998,216.000000,-1630.000000,646.000000,566.000000,561.000000,710.000000
207,1743668120159818,69.631500,-51.207100,53.137001,69.631500,50.434399,136.899994,67.556000,-49.758999,51.549000,67.486000,48.884998,132.279999,206.000000,-1473.000000,890.000000,338.000000,485.000000,763.000000
208,1743668120165419,70.036003,-51.495201,53.437000,70.036003,50.717701,137.800003,67.556000,-49.758999,51.549000,67.486000,48.884998,132.279999,206.000000,-1473.000000,890.000000,338.000000,485.000000,763.000000
209,1743668120169962,70.440498,-51.783199,53.736900,70.440498,51.000999,138.699997,68.296997,-50.313999,52.141998,68.199997,49.418999,133.996994,360.000000,-1631.000000,818.000000,414.000000,779.000000,775.000000
210,1743668120174558,70.845001,-52.071301,54.036900,70.845001,51.284401,139.600006,68.296997,-50.313999,52.141998,68.199997,49.418999,133.996994,360.000000,-1631.000000,818.000000,414.000000,779.000000,775.000000
211,1743668120180037,71.249496,-52.359299,54.336899,71.249496,51.567699,140.500000,68.839996,-50.724998,52.435001,68.589996,49.720001,134.860992,242.000000,-1569.000000,685.000000,572.000000,720.000000,697.000000
211,1743668120184422,71.249496,-52.359299,54.336899,71.249496,51.567699,140.500000,69.210999,-50.965000,52.834000,69.106003,49.976002,135.645004,-36.000000,-1577.000000,505.000000,345.000000,485.000000,734.000000
212,1743668120189965,71.653999,-52.647400,54.636799,71.653999,51.851002,141.399994,69.594002,-51.236000,53.095001,69.531998,50.213001,136.542007,105.000000,-1466.000000,808.000000,534.000000,575.000000,839.000000
213,1743668120194504,72.058502,-52.935501,54.936798,72.058502,52.134300,142.300003,69.842003,-51.421001,53.290001,69.771004,50.501999,137.352005,88.000000,-1835.000000,538.000000,558.000000,834.000000,799.000000
214,1743668120200234,72.462898,-53.223499,55.236801,72.462898,52.417599,143.199997,70.466003,-51.819000,53.698002,70.371002,50.935001,138.363007,261.000000,-1667.000000,1011.000000,561.000000,468.000000,791.000000
215,1743668120204770,72.867401,-53.511600,55.536701,72.867401,52.700901,144.100006,70.857002,-52.112999,53.988998,70.751999,51.203999,139.552002,133.000000,-1567.000000,869.000000,383.000000,703.000000,785.000000
216,1743668120209552,73.271896,-53.799599,55.836700,73.271896,52.984200,145.000000,71.390999,-52.521000,54.290001,71.086998,51.480999,140.457993,360.000000,-1514.000000,840.000000,467.000000,614.000000,846.000000
217,1743668120215327,73.676399,-54.087700,56.136700,73.676399,53.267601,145.899994,71.624001,-52.691002,54.598999,71.473999,51.759998,141.317001,102.000000,-1371.000000,939.000000,554.000000,683.000000,640.000000
218,1743668120220074,74.080902,-54.375801,56.436600,74.080902,53.550900,146.800003,72.158997,-53.083000,54.999001,72.059998,52.023998,142.186996,-48.000000,-1438.000000,556.000000,579.000000,609.000000,860.000000
219,1743668120224647,74.485397,-54.663799,56.736599,74.485397,53.834202,147.699997,72.468002,-53.275002,55.178001,72.383003,52.342999,143.147003,205.000000,-1545.000000,854.000000,539.000000,733.000000,753.000000
220,1743668120230097,74.889900,-54.951900,57.036598,74.889900,54.117500,148.600006,72.897003,-53.598999,55.527000,72.828003,52.523998,143.815002,-152.000000,-1200.000000,759.000000,360.000000,446.000000,612.000000
221,1743668120234409,75.294403,-55.240002,57.336498,75.294403,54.400799,149.500000,73.358002,-53.893002,55.851002,73.223000,52.773998,144.625000,142.000000,-1392.000000,1056.000000,385.000000,767.000000,759.000000
222,1743668120240142,75.698898,-55.528000,57.636501,75.698898,54.684101,150.399994,73.718002,-54.175999,56.166000,73.591003,53.120998,145.666000,234.000000,-1458.000000,924.000000,393.000000,774.000000,827.000000
223,1743668120244743,76.103401,-55.816101,57.936501,76.103401,54.967499,151.300003,74.190002,-54.400002,56.416000,73.921997,53.449001,146.641006,215.000000,-1605.000000,613.000000,545.000000,549.000000,847.000000
224,1743668120250496,76.507896,-56.104099,58.236401,76.507896,55.250801,152.199997,74.426003,-54.681000,56.688000,74.330002,53.742001,147.593002,31.000000,-1328.000000,383.000000,402.000000,472.000000,717.000000
225,1743668120255042,76.912399,-56.392200,58.536400,76.912399,55.534100,153.100006,74.852997,-54.959000,56.971001,74.722000,54.012001,148.399994,79.000000,-1347.000000,1072.000000,371.000000,733.000000,813.000000
226,1743668120259490,77.316902,-56.680302,58.836399,77.316902,55.817402,154.000000,75.199997,-55.237000,57.262001,75.098999,54.345001,149.488998,64.000000,-1255.000000,764.000000,522.000000,778.000000,827.000000
227,1743668120265140,77.721397,-56.968300,59.136299,77.721397,56.100700,154.899994,75.781998,-55.618999,57.648998,75.467003,54.534000,150.091995,-26.000000,-1493.000000,852.000000,569.000000,697.000000,846.000000
227,1743668120269673,77.721397,-56.968300,59.136299,77.721397,56.100700,154.899994,76.169998,-55.880001,57.931999,76.054001,54.792000,150.934998,226.000000,-1428.000000,728.000000,598.000000,652.000000,881.000000
229,1743668120275309,78.530403,-57.544498,59.736301,78.530403,56.667301,156.699997,76.556000,-56.168999,58.219002,76.419998,55.053001,151.804001,-25.000000,-1606.000000,917.000000,331.000000,635.000000,787.000000
229,1743668120279746,78.530403,-57.544498,59.736301,78.530403,56.667301,156.699997,76.912003,-56.445999,58.483002,76.758003,55.452000,152.667999,172.000000,-1414.000000,1025.000000,485.000000,605.000000,799.000000
230,1743668120285587,78.934799,-57.832500,60.036201,78.934799,56.950699,157.600006,77.407997,-56.744999,58.848999,77.241997,55.636002,153.608002,249.000000,-1342.000000,846.000000,436.000000,652.000000,751.000000
231,1743668120290185,79.339302,-58.120602,60.336201,79.339302,57.234001,158.500000,77.602997,-56.931999,59.025002,77.471001,55.950001,154.557999,169.000000,-1322.000000,967.000000,374.000000,672.000000,900.000000
232,1743668120294802,79.743797,-58.408600,60.636200,79.743797,57.517300,159.399994,78.140999,-57.333000,59.418999,78.011002,56.151001,155.145996,220.000000,-1189.000000,880.000000,379.000000,686.000000,859.000000
233,1743668120299546,80.148300,-58.696701,60.936100,80.148300,57.800598,160.300003,78.598000,-57.479000,59.566002,78.213997,56.549999,156.501999,-81.000000,-1226.000000,803.000000,401.000000,529.000000,702.000000
234,1743668120305387,80.552803,-58.984798,61.236099,80.552803,58.083900,161.199997,78.913002,-57.893002,59.993000,78.848000,56.689999,156.942993,-42.000000,-1054.000000,643.000000,452.000000,652.000000,891.000000
235,1743668120309936,80.957298,-59.272800,61.536098,80.957298,58.367199,162.100006,78.913002,-57.893002,59.993000,78.848000,56.689999,156.942993,-42.000000,-1054.000000,643.000000,452.000000,652.000000,891.000000
236,1743668120314491,81.361801,-59.560902,61.835999,81.361801,58.650501,163.000000,79.271004,-58.162998,60.292999,79.209999,57.134998,158.421005,58.000000,-1405.000000,1014.000000,402.000000,689.000000,819.000000
237,1743668120320080,81.766296,-59.848900,62.136002,81.766296,58.933899,163.899994,79.649002,-58.448002,60.581001,79.589996,57.431999,159.281006,53.000000,-1434.000000,843.000000,448.000000,687.000000,810.000000
238,1743668120324608,82.170799,-60.137001,62.436001,82.170799,59.217201,164.800003,80.056999,-58.727001,60.870998,79.953003,57.751999,160.287003,-107.000000,-1487.000000,665.000000,437.000000,540.000000,807.000000
239,1743668120330214,82.575302,-60.425098,62.735901,82.575302,59.500500,165.699997,80.430000,-59.002998,61.171001,80.353996,57.966000,161.005005,82.000000,-1028.000000,937.000000,565.000000,603.000000,720.000000
240,1743668120334768,82.979797,-60.713100,63.035900,82.979797,59.783798,166.600006,81.005997,-59.370998,61.570000,80.910004,58.256001,161.835007,98.000000,-1203.000000,930.000000,394.000000,619.000000,764.000000
241,1743668120340429,83.384300,-61.001202,63.335899,83.384300,60.067101,167.500000,81.264000,-59.567001,61.763000,81.178001,58.568001,162.733002,-99.000000,-1003.000000,553.000000,313.000000,752.000000,697.000000
242,1743668120344847,83.788803,-61.289299,63.635799,83.788803,60.350399,168.399994,81.813004,-59.937000,62.161999,81.721001,58.821999,163.606995,-3.000000,-1261.000000,1120.000000,358.000000,603.000000,769.000000
243,1743668120350522,84.193298,-61.577301,63.935799,84.193298,60.633701,169.300003,82.198997,-60.214001,62.414001,82.095001,59.166000,164.447006,167.000000,-1142.000000,737.000000,424.000000,651.000000,862.000000
244,1743668120354808,84.597801,-61.865398,64.235802,84.597801,60.917099,170.199997,82.581001,-60.483002,62.686001,82.415001,59.324001,165.320007,70.000000,-1317.000000,1128.000000,300.000000,621.000000,803.000000
245,1743668120360207,85.002296,-62.153400,64.535698,85.002296,61.200401,171.100006,82.992996,-60.750000,62.974998,82.841003,59.717999,166.507004,-9.000000,-1134.000000,1075.000000,521.000000,751.000000,761.000000
245,1743668120364496,85.002296,-62.153400,64.535698,85.002296,61.200401,171.100006,83.394997,-61.036999,63.252998,83.268997,60.014999,167.404999,142.000000,-1237.000000,955.000000,299.000000,577.000000,851.000000
247,1743668120369900,85.811203,-62.729599,65.135696,85.811203,61.766998,172.899994,83.837997,-61.241001,63.442001,83.515999,60.231998,167.992996,141.000000,-1387.000000,1135.000000,287.000000,601.000000,871.000000
248,1743668120375296,86.215698,-63.017601,65.435600,86.215698,62.050301,173.800003,84.209999,-61.658001,63.888000,84.113998,60.485001,168.949005,-25.000000,-1200.000000,961.000000,362.000000,546.000000,901.000000
248,1743668120379601,86.215698,-63.017601,65.435600,86.215698,62.050301,173.800003,84.563004,-61.917999,64.179001,84.472000,60.765999,169.843002,112.000000,-1140.000000,1150.000000,501.000000,871.000000,759.000000
249,1743668120384973,86.620201,-63.305698,65.735603,86.620201,62.333599,174.699997,84.946999,-62.195999,64.492996,84.878998,61.158001,170.660004,-42.000000,-1176.000000,809.000000,507.000000,576.000000,705.000000
250,1743668120390349,87.024696,-63.593700,66.035599,87.024696,62.616901,175.600006,85.325996,-62.481998,64.775002,85.274002,61.388000,171.822998,89.000000,-1052.000000,872.000000,402.000000,450.000000,834.000000
251,1743668120394719,87.429199,-63.881802,66.335503,87.429199,62.900299,176.500000,85.714996,-62.737000,65.041000,85.642998,61.648998,172.705002,176.000000,-1108.000000,1039.000000,396.000000,740.000000,852.000000
252,1743668120399418,87.833702,-64.169899,66.635498,87.833702,63.183601,177.399994,86.101997,-63.009998,65.286003,86.046997,61.935001,173.542007,-51.000000,-948.000000,941.000000,370.000000,678.000000,792.000000
253,1743668120405104,88.238197,-64.457901,66.935501,88.238197,63.466900,178.300003,86.689003,-63.397999,65.691002,86.606003,62.215000,174.403000,-143.000000,-1358.000000,1055.000000,335.000000,782.000000,663.000000
254,1743668120409732,88.642700,-64.746002,67.235397,88.642700,63.750198,179.199997,87.069000,-63.568001,65.871002,86.796997,62.506001,175.255997,-208.000000,-1166.000000,1070.000000,324.000000,559.000000,694.000000
255,1743668120415453,89.047203,-65.034103,67.535400,89.047203,64.033501,180.100006,87.441002,-63.973999,66.292000,87.315002,62.766998,176.125000,16.000000,-1127.000000,886.000000,420.000000,429.000000,786.000000
256,1743668120419732,89.451698,-65.322098,67.835403,89.451698,64.316803,181.000000,87.792999,-64.242996,66.572998,87.708000,63.028999,176.985992,-61.000000,-754.000000,1114.000000,370.000000,710.000000,761.000000
257,1743668120425401,89.856201,-65.610199,68.135300,89.856201,64.600098,181.899994,88.195000,-64.499001,66.847000,88.098999,63.275002,177.764008,189.000000,-900.000000,917.000000,343.000000,670.000000,999.000000
258,1743668120429753,90.260696,-65.898201,68.435303,90.260696,64.883499,182.800003,88.602997,-64.745003,67.123001,88.511002,63.620998,178.964996,52.000000,-1247.000000,1300.000000,505.000000,625.000000,787.000000
259,1743668120435435,90.665199,-66.186302,68.735298,90.665199,65.166801,183.699997,88.987000,-65.014999,67.402000,88.886002,63.890999,179.820999,21.000000,-1036.000000,1306.000000,316.000000,595.000000,569.000000
260,1743668120440062,91.069702,-66.474403,69.035202,91.069702,65.450104,184.600006,89.511002,-65.411003,67.613998,89.155998,64.175003,180.709000,-77.000000,-1022.000000,1313.000000,304.000000,686.000000,706.000000
261,1743668120444585,91.474197,-66.762398,69.335197,91.474197,65.733398,185.500000,89.734001,-65.572998,67.987000,89.637001,64.454002,181.554993,-50.000000,-1045.000000,1217.000000,479.000000,547.000000,851.000000
262,1743668120450011,91.878700,-67.050499,69.635201,91.878700,66.016701,186.399994,89.734001,-65.572998,67.987000,89.637001,64.454002,181.554993,-50.000000,-1045.000000,1217.000000,479.000000,547.000000,851.000000
263,1743668120455392,92.283096,-67.338600,69.935204,92.283096,66.300003,187.300003,90.283997,-65.869003,68.306000,90.026001,64.734001,182.399002,42.000000,-1062.000000,943.000000,371.000000,787.000000,881.000000
264,1743668120459714,92.687599,-67.626602,70.235100,92.687599,66.583298,188.199997,90.694000,-66.254997,68.703003,90.593002,65.056000,183.352005,-130.000000,-1021.000000,1218.000000,349.000000,604.000000,815.000000
265,1743668120465165,93.092102,-67.914703,70.535103,93.092102,66.866699,189.100006,90.913002,-66.457001,68.888000,90.850998,65.359001,183.869003,-152.000000,-1000.000000,968.000000,247.000000,621.000000,800.000000
265,1743668120469509,93.092102,-67.914703,70.535103,93.092102,66.866699,189.100006,91.318001,-66.757004,69.174004,91.237999,65.639999,185.266006,35.000000,-876.000000,1046.000000,351.000000,583.000000,843.000000
266,1743668120474871,93.496597,-68.202698,70.835098,93.496597,67.150002,190.000000,91.714996,-67.023003,69.472000,91.648003,65.799004,185.776001,155.000000,-1218.000000,1408.000000,388.000000,805.000000,764.000000
268,1743668120480364,94.305603,-68.778900,71.434998,94.305603,67.716599,191.800003,92.120003,-67.291000,69.775002,92.069000,66.166000,186.994003,129.000000,-1082.000000,1125.000000,292.000000,669.000000,804.000000
268,1743668120484914,94.305603,-68.778900,71.434998,94.305603,67.716599,191.800003,92.657997,-67.655998,70.179001,92.612999,66.424004,187.764999,97.000000,-1229.000000,1112.000000,324.000000,538.000000,814.000000
269,1743668120489466,94.710098,-69.066902,71.735001,94.710098,67.999901,192.699997,92.888000,-67.855003,70.360001,92.861000,66.717003,188.716003,95.000000,-898.000000,1340.000000,534.000000,558.000000,712.000000
270,1743668120495146,95.114601,-69.355003,72.034897,95.114601,68.283203,193.600006,93.398003,-68.182999,70.705002,93.289001,66.946999,189.425995,-154.000000,-774.000000,1145.000000,317.000000,646.000000,693.000000
271,1743668120499774,95.519096,-69.642998,72.334900,95.519096,68.566597,194.500000,93.668999,-68.370003,70.942001,93.582001,67.277000,190.466995,-82.000000,-898.000000,1419.000000,443.000000,484.000000,813.000000
272,1743668120504401,95.923599,-69.931099,72.634903,95.923599,68.849899,195.399994,94.132004,-68.699997,71.264999,94.088997,67.607002,191.395996,-34.000000,-919.000000,1014.000000,474.000000,642.000000,728.000000
273,1743668120510099,96.328102,-70.219200,72.934799,96.328102,69.133202,196.300003,94.568001,-69.049004,71.478996,94.353996,67.797997,192.130997,-75.000000,-1123.000000,1069.000000,319.000000,425.000000,736.000000
274,1743668120514792,96.732597,-70.507202,73.234802,96.732597,69.416496,197.199997,94.983002,-69.362999,71.894997,94.949997,68.065002,193.028000,-112.000000,-938.000000,1332.000000,388.000000,574.000000,808.000000
275,1743668120520394,97.137100,-70.795303,73.534798,97.137100,69.699799,198.100006,95.408997,-69.627998,72.180000,95.349998,68.325996,193.910995,108.000000,-702.000000,1365.000000,297.000000,626.000000,690.000000
276,1743668120525008,97.541603,-71.083397,73.834702,97.541603,69.983101,199.000000,95.693001,-69.814003,72.375999,95.658997,68.685997,194.960999,-18.000000,-815.000000,1362.000000,234.000000,798.000000,869.000000
277,1743668120529734,97.946098,-71.371399,74.134697,97.946098,70.266403,199.899994,96.153000,-70.157997,72.735001,96.093002,69.015999,195.979996,-27.000000,-1183.000000,1438.000000,192.000000,340.000000,860.000000
278,1743668120535615,98.350601,-71.659500,74.434700,98.350601,70.549797,200.800003,96.551003,-70.473000,73.066002,96.521004,69.300003,196.824997,38.000000,-839.000000,1256.000000,288.000000,635.000000,696.000000
279,1743668120540285,98.754997,-71.947502,74.734596,98.754997,70.833099,201.699997,96.945999,-70.758003,73.372002,96.891998,69.601997,197.207001,-80.000000,-687.000000,1164.000000,312.000000,541.000000,746.000000
280,1743668120544733,99.159500,-72.235603,75.034599,99.159500,71.116402,202.600006,97.473999,-71.070000,73.716003,97.397003,69.781998,198.399994,-84.000000,-1059.000000,1240.000000,408.000000,733.000000,659.000000
281,1743668120550363,99.564003,-72.523697,75.334602,99.564003,71.399696,203.500000,97.862999,-71.375000,74.018997,97.808998,70.060997,199.248001,-204.000000,-903.000000,1194.000000,268.000000,636.000000,662.000000
282,1743668120554686,99.968498,-72.811699,75.634499,99.968498,71.682999,204.399994,98.014999,-71.497002,74.135002,97.959000,70.410004,200.464005,-317.000000,-1007.000000,1207.000000,336.000000,487.000000,924.000000
283,1743668120560107,100.373001,-73.099800,75.934502,100.373001,71.966301,205.300003,98.610001,-71.959999,74.619003,98.579002,70.698997,201.404007,-242.000000,-870.000000,1406.000000,405.000000,719.000000,725.000000
284,1743668120565507,100.778000,-73.387901,76.234497,100.778000,72.249603,206.199997,98.940002,-72.139999,74.834000,98.863998,70.926003,202.106995,80.000000,-751.000000,1363.000000,347.000000,763.000000,897.000000
285,1743668120569848,101.181999,-73.675903,76.534401,101.181999,72.532997,207.100006,99.426003,-72.462997,75.185997,99.356003,71.276001,203.145004,103.000000,-1089.000000,1453.000000,450.000000,741.000000,719.000000
286,1743668120575244,101.586998,-73.963997,76.834396,101.586998,72.816299,208.000000,99.426003,-72.462997,75.185997,99.356003,71.276001,203.145004,103.000000,-1089.000000,1453.000000,450.000000,741.000000,719.000000
287,1743668120579592,101.990997,-74.251999,77.134399,101.990997,73.099602,208.899994,99.797997,-72.744003,75.455002,99.718002,71.439003,203.651993,-28.000000,-1186.000000,1568.000000,157.000000,475.000000,828.000000
288,1743668120584992,102.394997,-74.540100,77.434303,102.394997,73.382896,209.800003,100.662003,-73.335999,76.063004,100.597000,72.032997,205.572006,-147.000000,-640.000000,1454.000000,193.000000,630.000000,703.000000
289,1743668120590355,102.800003,-74.828201,77.734299,102.800003,73.666199,210.699997,100.662003,-73.335999,76.063004,100.597000,72.032997,205.572006,-147.000000,-640.000000,1454.000000,193.000000,630.000000,703.000000
289,1743668120594733,102.800003,-74.828201,77.734299,102.800003,73.666199,210.699997,101.073997,-73.597000,76.349998,100.989998,72.401001,206.764008,-100.000000,-949.000000,1400.000000,280.000000,693.000000,694.000000
290,1743668120600326,103.204002,-75.116203,78.034302,103.204002,73.949501,211.600006,101.464996,-73.879997,76.630997,101.370003,72.696999,207.714996,-25.000000,-1108.000000,1256.000000,248.000000,628.000000,730.000000
291,1743668120604736,103.609001,-75.404297,78.334198,103.609001,74.232803,212.500000,101.902000,-74.265999,77.026001,101.857002,72.884003,208.311005,41.000000,-1093.000000,1755.000000,360.000000,445.000000,710.000000
292,1743668120610147,104.013000,-75.692299,78.634201,104.013000,74.516197,213.399994,102.338997,-74.565002,77.369003,102.035004,73.222000,209.358002,2.000000,-610.000000,1426.000000,294.000000,701.000000,709.000000
293,1743668120615525,104.417999,-75.980400,78.934196,104.417999,74.799500,214.300003,102.616997,-74.748001,77.541000,102.504997,73.541000,210.294006,60.000000,-781.000000,1567.000000,436.000000,612.000000,809.000000
294,1743668120619863,104.821999,-76.268501,79.234100,104.821999,75.082802,215.199997,102.930000,-74.994003,77.802002,102.879997,73.847000,211.264008,-87.000000,-849.000000,1607.000000,439.000000,584.000000,724.000000
295,1743668120625289,105.226997,-76.556503,79.534103,105.226997,75.366096,216.100006,103.386002,-75.337997,78.129997,103.330002,74.083000,212.048996,-77.000000,-979.000000,1309.000000,295.000000,545.000000,862.000000
296,1743668120629601,105.630997,-76.844597,79.834099,105.630997,75.649399,217.000000,103.679001,-75.540001,78.365997,103.639999,74.365997,212.953003,55.000000,-1034.000000,1711.000000,260.000000,603.000000,659.000000
297,1743668120635015,106.036003,-77.132698,80.134003,106.036003,75.932701,217.899994,104.234001,-75.916000,78.753998,104.162003,74.639000,213.927002,-67.000000,-710.000000,1450.000000,189.000000,534.000000,819.000000
298,1743668120640410,106.440002,-77.420700,80.433998,106.440002,76.216003,218.800003,104.639000,-76.197998,79.074997,104.575996,74.816002,214.535004,-183.000000,-939.000000,1354.000000,221.000000,639.000000,778.000000
299,1743668120644700,106.845001,-77.708801,80.734001,106.845001,76.499397,219.699997,105.092003,-76.505997,79.398003,104.989998,75.017998,215.218994,-161.000000,-1056.000000,1747.000000,229.000000,510.000000,704.000000
300,1743668120650154,107.249001,-77.996803,81.033897,107.249001,76.782700,220.600006,105.242996,-76.622002,79.544998,105.188004,75.439003,216.445007,-196.000000,-1008.000000,1694.000000,351.000000,572.000000,604.000000
301,1743668120654489,107.653999,-78.284897,81.333900,107.653999,77.066002,221.500000,105.794998,-77.047997,79.946999,105.722000,75.785004,217.464005,-27.000000,-514.000000,1691.000000,214.000000,525.000000,759.000000
302,1743668120659834,108.057999,-78.572998,81.633904,108.057999,77.349297,222.399994,106.287003,-77.337997,80.278000,106.218002,76.120003,218.065994,-149.000000,-950.000000,1349.000000,314.000000,718.000000,757.000000
303,1743668120665269,108.462997,-78.861000,81.933800,108.462997,77.632599,223.300003,106.766998,-77.663002,80.565002,106.663002,76.242996,218.856995,6.000000,-1013.000000,1458.000000,292.000000,533.000000,818.000000
304,1743668120669634,108.866997,-79.149101,82.233803,108.866997,77.915901,224.199997,106.917000,-77.806000,80.699997,106.842003,76.627998,220.070999,-169.000000,-1115.000000,1511.000000,267.000000,540.000000,963.000000
305,1743668120675223,109.272003,-79.437202,82.533798,109.272003,78.199203,225.100006,107.523003,-78.272003,81.195000,107.432999,76.864998,220.839996,-45.000000,-919.000000,1863.000000,425.000000,570.000000,630.000000
306,1743668120680565,109.676003,-79.725197,82.833702,109.676003,78.482597,226.000000,107.759003,-78.454002,81.393997,107.695999,77.212997,222.003998,-137.000000,-766.000000,1502.000000,276.000000,527.000000,766.000000
307,1743668120685084,110.081001,-80.013298,83.133698,110.081001,78.765900,226.899994,108.406998,-78.848000,81.851997,108.332001,77.403999,222.628006,-84.000000,-833.000000,1777.000000,459.000000,559.000000,777.000000
308,1743668120689791,110.485001,-80.301300,83.433701,110.485001,79.049202,227.800003,108.565002,-78.957001,81.966003,108.491997,77.728996,223.673996,-23.000000,-963.000000,1831.000000,271.000000,619.000000,578.000000
309,1743668120695327,110.889999,-80.589401,83.733597,110.889999,79.332497,228.699997,109.157997,-79.410004,82.392998,109.112999,77.964996,224.343002,136.000000,-866.000000,1460.000000,323.000000,563.000000,796.000000
310,1743668120699841,111.293999,-80.877502,84.033600,111.293999,79.615799,229.600006,109.459000,-79.627998,82.619003,109.370003,78.329002,225.212006,-184.000000,-809.000000,1534.000000,60.000000,534.000000,784.000000
311,1743668120705427,111.698997,-81.165497,84.333603,111.698997,79.899101,230.500000,109.917999,-79.942001,82.957001,109.821999,78.492996,226.089996,-23.000000,-1002.000000,1656.000000,315.000000,578.000000,796.000000
311,1743668120709948,111.698997,-81.165497,84.333603,111.698997,79.899101,230.500000,109.917999,-79.942001,82.957001,109.821999,78.492996,226.089996,-23.000000,-1002.000000,1656.000000,315.000000,578.000000,796.000000
312,1743668120714487,112.102997,-81.453598,84.633499,112.102997,80.182503,231.399994,110.186996,-80.155998,83.176003,110.120003,78.928001,227.341003,45.000000,-1048.000000,1446.000000,194.000000,683.000000,828.000000
313,1743668120720089,112.508003,-81.741600,84.933502,112.508003,80.465797,232.300003,110.567001,-80.449997,83.474998,110.540001,79.122002,228.041000,-23.000000,-887.000000,1851.000000,273.000000,465.000000,702.000000
314,1743668120724502,112.912003,-82.029701,85.233498,112.912003,80.749100,233.199997,111.088997,-80.830002,83.867996,111.070999,79.362999,228.927002,-139.000000,-621.000000,1876.000000,186.000000,350.000000,797.000000
315,1743668120729976,113.317001,-82.317802,85.533401,113.317001,81.032402,234.100006,111.587997,-81.139999,84.210999,111.453003,79.624001,229.776001,33.000000,-487.000000,1582.000000,407.000000,700.000000,752.000000
316,1743668120734510,113.721001,-82.605797,85.833397,113.721001,81.315697,235.000000,111.927002,-81.344002,84.440002,111.820000,79.925003,230.630005,-203.000000,-930.000000,1973.000000,264.000000,622.000000,676.000000
317,1743668120740297,114.125999,-82.893898,86.133400,114.125999,81.598999,235.899994,112.278000,-81.620003,84.722000,112.195999,80.334000,231.815994,-135.000000,-1046.000000,1607.000000,327.000000,532.000000,819.000000
318,1743668120744845,114.529999,-83.181999,86.433296,114.529999,81.882301,236.800003,112.644997,-81.898003,85.010002,112.581001,80.657997,232.697998,-94.000000,-947.000000,1526.000000,210.000000,644.000000,719.000000
319,1743668120750424,114.934998,-83.470001,86.733299,114.934998,82.165703,237.699997,113.119003,-82.226997,85.347000,113.063004,80.730003,233.080002,31.000000,-661.000000,1788.000000,202.000000,491.000000,754.000000
320,1743668120754841,115.338997,-83.758102,87.033302,115.338997,82.448997,238.600006,113.426003,-82.408997,85.570999,113.372002,81.149002,234.360001,-136.000000,-663.000000,1772.000000,80.000000,657.000000,781.000000
321,1743668120760484,115.744003,-84.046097,87.333199,115.744003,82.732300,239.500000,113.973000,-82.799004,85.946999,113.847000,81.355003,235.169006,-9.000000,-1097.000000,2223.000000,145.000000,553.000000,774.000000
322,1743668120765077,116.148003,-84.334198,87.633202,116.148003,83.015602,240.399994,114.337997,-83.098999,86.241997,114.216003,81.639000,236.054001,35.000000,-866.000000,1689.000000,281.000000,617.000000,694.000000
323,1743668120769926,116.553001,-84.622299,87.933197,116.553001,83.298897,241.300003,114.678001,-83.386002,86.530998,114.594002,81.900002,236.899002,6.000000,-758.000000,1732.000000,218.000000,415.000000,717.000000
324,1743668120775608,116.957001,-84.910301,88.233101,116.957001,83.582199,242.199997,115.069000,-83.642998,86.811996,115.013000,82.275002,238.125000,5.000000,-668.000000,1683.000000,233.000000,684.000000,760.000000
325,1743668120780350,117.362000,-85.198402,88.533096,117.362000,83.865501,243.100006,115.575996,-83.948997,87.079002,115.404999,82.422997,238.537003,-34.000000,-977.000000,1655.000000,289.000000,581.000000,907.000000
326,1743668120785029,117.765999,-85.486397,88.833099,117.765999,84.148903,244.000000,115.883003,-84.138000,87.327003,115.782997,82.816002,239.738007,-197.000000,-947.000000,1944.000000,299.000000,601.000000,745.000000
327,1743668120789947,118.170998,-85.774498,89.133003,118.170998,84.432198,244.899994,116.224998,-84.445000,87.632004,116.143997,83.080002,240.621002,-154.000000,-1009.000000,1756.000000,203.000000,484.000000,822.000000
328,1743668120795852,118.574997,-86.062599,89.432999,118.574997,84.715500,245.800003,116.624001,-84.754997,87.966003,116.570999,83.375999,241.570007,-107.000000,-687.000000,1890.000000,335.000000,681.000000,653.000000
329,1743668120800640,118.980003,-86.350601,89.733002,118.980003,84.998802,246.699997,117.100998,-85.065002,88.305000,117.014999,83.564003,242.160995,-9.000000,-715.000000,1915.000000,280.000000,389.000000,764.000000
330,1743668120805219,119.384003,-86.638702,90.032898,119.384003,85.282097,247.600006,117.375999,-85.250999,88.514999,117.308998,83.963997,243.481003,-3.000000,-794.000000,2027.000000,349.000000,368.000000,687.000000
331,1743668120809955,119.789001,-86.926804,90.332901,119.789001,85.565399,248.500000,117.763000,-85.554001,88.828003,117.750000,84.167000,244.128998,-42.000000,-929.000000,1812.000000,117.000000,550.000000,725.000000
332,1743668120814574,120.193001,-87.214798,90.632896,120.193001,85.848701,249.399994,118.146004,-85.848999,89.115997,118.129997,84.523003,245.110992,241.000000,-700.000000,1978.000000,191.000000,520.000000,816.000000
333,1743668120820300,120.598000,-87.502899,90.932800,120.598000,86.132103,250.300003,118.802002,-86.249001,89.539001,118.694000,84.725998,245.791000,166.000000,-939.000000,2126.000000,308.000000,509.000000,896.000000
333,1743668120825076,120.598000,-87.502899,90.932800,120.598000,86.132103,250.300003,119.127998,-86.456001,89.769997,119.005997,85.137001,247.018997,-224.000000,-1020.000000,1796.000000,123.000000,647.000000,951.000000
334,1743668120829888,121.001999,-87.790901,91.232803,121.001999,86.415398,251.199997,119.598000,-86.795998,90.122002,119.366997,85.268997,247.524002,-147.000000,-1135.000000,1728.000000,243.000000,245.000000,768.000000
335,1743668120834576,121.406998,-88.079002,91.532799,121.406998,86.698700,252.100006,119.855003,-87.031998,90.364998,119.767998,85.619003,248.735001,-64.000000,-1081.000000,1746.000000,215.000000,592.000000,745.000000
336,1743668120840426,121.810997,-88.367104,91.832703,121.810997,86.982002,253.000000,120.399002,-87.396004,90.749001,120.230003,85.785004,249.362000,25.000000,-635.000000,2011.000000,277.000000,476.000000,794.000000
337,1743668120844945,122.216003,-88.655098,92.132698,122.216003,87.265297,253.899994,120.612000,-87.499001,90.885002,120.487000,86.140999,250.371994,-5.000000,-712.000000,2121.000000,291.000000,532.000000,784.000000
338,1743668120850572,122.620003,-88.943199,92.432701,122.620003,87.548599,254.800003,121.052002,-87.819000,91.210999,120.888000,86.428001,251.341003,50.000000,-768.000000,2281.000000,383.000000,419.000000,855.000000
339,1743668120855289,123.025002,-89.231300,92.732597,123.025002,87.831902,255.699997,121.459000,-88.106003,91.498001,121.258003,86.742996,252.362000,-19.000000,-1096.000000,1635.000000,214.000000,612.000000,669.000000
340,1743668120859953,123.429001,-89.519302,93.032600,123.429001,88.115303,256.600006,121.971001,-88.533997,91.905998,121.877998,86.996002,253.059006,123.000000,-917.000000,1914.000000,209.000000,551.000000,791.000000
341,1743668120864643,123.834000,-89.807404,93.332603,123.834000,88.398598,257.500000,121.971001,-88.533997,91.905998,121.877998,86.996002,253.059006,123.000000,-917.000000,1914.000000,209.000000,551.000000,791.000000
342,1743668120870484,124.237999,-90.095398,93.632500,124.237999,88.681900,258.399994,122.762001,-89.043999,92.467003,122.627998,87.581001,254.811996,-236.000000,-839.000000,2140.000000,231.000000,491.000000,736.000000
343,1743668120875184,124.642998,-90.383499,93.932503,124.642998,88.965202,259.299988,122.762001,-89.043999,92.467003,122.627998,87.581001,254.811996,-236.000000,-839.000000,2140.000000,231.000000,491.000000,736.000000
344,1743668120879863,125.046997,-90.671600,94.232498,125.046997,89.248497,260.200012,123.177002,-89.364998,92.793999,123.030998,87.827003,255.673004,-151.000000,-840.000000,2072.000000,183.000000,485.000000,748.000000
345,1743668120885686,125.452003,-90.959602,94.532402,125.452003,89.531799,261.100006,123.538002,-89.660004,93.092003,123.430000,88.114998,256.628998,-37.000000,-684.000000,2169.000000,89.000000,464.000000,785.000000
346,1743668120890226,125.856003,-91.247704,94.832397,125.856003,89.815102,262.000000,123.884003,-89.927002,93.375999,123.820999,88.462997,257.812988,-77.000000,-750.000000,2311.000000,94.000000,405.000000,744.000000
347,1743668120894792,126.261002,-91.535698,95.132401,126.261002,90.098503,262.899994,124.292999,-90.174004,93.661003,124.222000,88.707001,258.601013,-128.000000,-546.000000,1995.000000,194.000000,606.000000,781.000000
348,1743668120899566,126.665001,-91.823799,95.432297,126.665001,90.381798,263.799988,124.710999,-90.412003,93.944000,124.567001,88.975998,259.483002,178.000000,-1128.000000,1718.000000,253.000000,482.000000,766.000000
349,1743668120905224,127.070000,-92.111900,95.732300,127.070000,90.665100,264.700012,124.996002,-90.629997,94.147003,124.865997,89.279999,260.313995,3.000000,-1344.000000,1789.000000,317.000000,679.000000,524.000000
349,1743668120909906,127.070000,-92.111900,95.732300,127.070000,90.665100,264.700012,125.597000,-91.097000,94.588997,125.441002,89.552002,261.169006,22.000000,-956.000000,1895.000000,382.000000,513.000000,817.000000
350,1743668120914546,127.473999,-92.399902,96.032303,127.473999,90.948402,265.600006,125.996002,-91.370003,94.879997,125.847000,89.815002,262.010986,28.000000,-527.000000,2611.000000,207.000000,400.000000,907.000000
352,1743668120920561,128.283005,-92.976097,96.632202,128.283005,91.514999,267.399994,126.373001,-91.640999,95.175003,126.234001,90.153000,263.239014,-135.000000,-822.000000,2138.000000,256.000000,499.000000,821.000000
352,1743668120925129,128.283005,-92.976097,96.632202,128.283005,91.514999,267.399994,126.751999,-91.918999,95.461998,126.649002,90.309998,263.769989,-211.000000,-707.000000,1765.000000,70.000000,521.000000,699.000000
353,1743668120929645,128.688004,-93.264099,96.932198,128.688004,91.798302,268.299988,127.112999,-92.212997,95.747002,127.012001,90.648003,264.851013,135.000000,-1089.000000,2181.000000,150.000000,542.000000,773.000000
354,1743668120935427,129.091995,-93.552200,97.232101,129.091995,92.081703,269.200012,127.476997,-92.477997,96.027000,127.366997,90.964996,265.772003,-35.000000,-700.000000,2280.000000,9.000000,615.000000,752.000000
355,1743668120939952,129.496994,-93.840202,97.532097,129.496994,92.364998,270.100006,128.039993,-92.717003,96.299004,127.757004,91.305000,266.619995,108.000000,-800.000000,2153.000000,288.000000,627.000000,801.000000
356,1743668120944713,129.901001,-94.128304,97.832100,129.901001,92.648300,271.000000,128.421005,-93.054001,96.708000,128.339996,91.551003,267.417999,44.000000,-972.000000,2006.000000,94.000000,249.000000,699.000000
357,1743668120950387,130.306000,-94.416397,98.132004,130.306000,92.931602,271.899994,128.632996,-93.227997,96.890999,128.585999,91.790001,268.300995,15.000000,-1016.000000,2076.000000,116.000000,537.000000,799.000000
358,1743668120955033,130.710007,-94.704399,98.431999,130.710007,93.214897,272.799988,129.147003,-93.643997,97.274002,129.085007,92.081001,269.135986,38.000000,-1078.000000,2107.000000,214.000000,606.000000,738.000000
359,1743668120959731,131.115005,-94.992500,98.732002,131.115005,93.498199,273.700012,129.554001,-93.901001,97.551003,129.449997,92.445000,270.023987,257.000000,-549.000000,2104.000000,266.000000,503.000000,691.000000
360,1743668120965476,131.518997,-95.280602,99.031898,131.518997,93.781601,274.600006,129.964005,-94.169998,97.851997,129.800003,92.683998,271.234009,-186.000000,-862.000000,2101.000000,447.000000,359.000000,713.000000
361,1743668120969968,131.923996,-95.568604,99.331902,131.923996,94.064903,275.500000,130.324997,-94.449997,98.167999,130.231003,92.828003,271.765991,-117.000000,-1021.000000,1836.000000,228.000000,500.000000,827.000000
362,1743668120975587,132.328003,-95.856697,99.631897,132.328003,94.348198,276.399994,130.738007,-94.799004,98.455002,130.675003,93.130997,272.705994,93.000000,-850.000000,2175.000000,174.000000,669.000000,914.000000
363,1743668120980130,132.733002,-96.144699,99.931801,132.733002,94.631500,277.299988,131.179001,-95.070000,98.735001,131.082993,93.453003,273.644012,-43.000000,-679.000000,2667.000000,-72.000000,467.000000,648.000000
364,1743668120985730,133.136993,-96.432800,100.232002,133.136993,94.914803,278.200012,131.639008,-95.389999,99.091003,131.520996,93.786003,274.572998,-168.000000,-757.000000,2193.000000,219.000000,451.000000,630.000000
365,1743668120990259,133.542007,-96.720901,100.531998,133.542007,95.198097,279.100006,131.912003,-95.553001,99.265999,131.737000,94.073997,275.545990,212.000000,-728.000000,1962.000000,234.000000,481.000000,829.000000
366,1743668120994799,133.945999,-97.008904,100.832001,133.945999,95.481400,280.000000,132.270996,-95.842003,99.561996,132.102005,94.346001,276.425995,170.000000,-1107.000000,1912.000000,258.000000,419.000000,767.000000
367,1743668121000613,134.350998,-97.296997,101.132004,134.350998,95.764801,280.899994,132.270996,-95.842003,99.561996,132.102005,94.346001,276.425995,170.000000,-1107.000000,1912.000000,258.000000,419.000000,767.000000
368,1743668121005206,134.755005,-97.584999,101.431999,134.755005,96.048103,281.799988,132.783005,-96.223000,99.956001,132.503998,94.600998,277.266998,-57.000000,-644.000000,2160.000000,180.000000,527.000000,760.000000
369,1743668121009709,135.158997,-97.873100,101.732002,135.158997,96.331398,282.700012,133.466003,-96.656998,100.442001,133.339005,95.123001,278.977997,171.000000,-781.000000,2440.000000,291.000000,475.000000,697.000000
370,1743668121015579,135.563995,-98.161201,102.031998,135.563995,96.614700,283.600006,133.466003,-96.656998,100.442001,133.339005,95.123001,278.977997,171.000000,-781.000000,2440.000000,291.000000,475.000000,697.000000
371,1743668121020325,135.968002,-98.449203,102.332001,135.968002,96.898003,284.500000,134.007996,-97.012001,100.816002,133.865005,95.367996,279.816986,-105.000000,-1228.000000,1897.000000,329.000000,484.000000,761.000000
371,1743668121024982,135.968002,-98.449203,102.332001,135.968002,96.898003,284.500000,134.363998,-97.310997,101.103996,134.199997,95.677002,280.707001,144.000000,-1315.000000,2129.000000,330.000000,896.000000,787.000000
372,1743668121029597,136.373001,-98.737297,102.632004,136.373001,97.181297,285.399994,134.735992,-97.594002,101.405998,134.602997,95.972000,281.563995,17.000000,-996.000000,2548.000000,120.000000,443.000000,818.000000
373,1743668121035298,136.776993,-99.025398,102.931999,136.776993,97.464600,286.299988,135.082001,-97.858002,101.705002,134.987000,96.233002,282.269989,-158.000000,-976.000000,1778.000000,171.000000,651.000000,683.000000
374,1743668121039877,137.182007,-99.313400,103.231003,137.182007,97.748001,287.200012,135.464005,-98.117996,101.974998,135.384995,96.598999,283.622986,405.000000,-800.000000,1768.000000,324.000000,480.000000,828.000000
375,1743668121044670,137.585999,-99.601501,103.530998,137.585999,98.031303,288.100006,135.824997,-98.410004,102.255997,135.772995,96.834000,284.399994,202.000000,-761.000000,2401.000000,58.000000,717.000000,859.000000
376,1743668121050300,137.990997,-99.889503,103.831001,137.990997,98.314598,289.000000,136.384003,-98.635002,102.483002,136.091003,97.071999,285.386993,-145.000000,-696.000000,2754.000000,56.000000,287.000000,691.000000
377,1743668121054883,138.395004,-100.178001,104.130997,138.395004,98.597900,289.899994,136.636002,-98.959000,102.809998,136.472000,97.369003,286.196014,-43.000000,-740.000000,2131.000000,175.000000,639.000000,805.000000
378,1743668121060653,138.800003,-100.466003,104.431000,138.800003,98.881203,290.799988,137.108002,-99.267998,103.147003,136.968994,97.595001,286.920013,117.000000,-884.000000,2264.000000,343.000000,406.000000,744.000000
379,1743668121065363,139.203995,-100.753998,104.731003,139.203995,99.164497,291.700012,137.569000,-99.581001,103.510002,137.440994,97.863998,287.888000,-5.000000,-1250.000000,2110.000000,138.000000,459.000000,801.000000
380,1743668121069887,139.608994,-101.042000,105.030998,139.608994,99.447800,292.600006,137.962006,-99.930000,103.829002,137.876999,98.231003,288.773987,-3.000000,-1045.000000,2367.000000,164.000000,801.000000,699.000000
381,1743668121075597,140.013000,-101.330002,105.331001,140.013000,99.731201,293.500000,138.238007,-100.089996,103.986000,138.128006,98.550003,289.742004,-23.000000,-861.000000,2765.000000,111.000000,378.000000,765.000000
382,1743668121080200,140.417999,-101.617996,105.630997,140.417999,100.014000,294.399994,138.565994,-100.294998,104.216003,138.404007,98.820999,290.579987,82.000000,-566.000000,2843.000000,338.000000,379.000000,892.000000
383,1743668121084556,140.822006,-101.905998,105.931000,140.822006,100.297997,295.299988,139.199005,-100.732002,104.705002,138.979004,99.014999,291.286987,23.000000,-923.000000,1965.000000,346.000000,552.000000,711.000000
384,1743668121090258,141.227005,-102.194000,106.231003,141.227005,100.581001,296.200012,139.455994,-100.954002,104.924004,139.302994,99.364998,292.506012,207.000000,-1068.000000,1282.000000,274.000000,636.000000,677.000000
385,1743668121094622,141.630997,-102.482002,106.530998,141.630997,100.863998,297.100006,139.889999,-101.287003,105.246002,139.802994,99.519997,292.989990,71.000000,-1131.000000,2269.000000,168.000000,651.000000,726.000000
386,1743668121100348,142.035995,-102.769997,106.831001,142.035995,101.148003,298.000000,140.184998,-101.469002,105.475998,140.125000,99.861000,294.119995,172.000000,-1072.000000,2651.000000,126.000000,496.000000,762.000000
387,1743668121104964,142.440002,-103.057999,107.130997,142.440002,101.431000,298.899994,140.731995,-101.838997,105.882004,140.636002,100.152000,294.949005,112.000000,-926.000000,2521.000000,213.000000,559.000000,846.000000
388,1743668121109716,142.845001,-103.346001,107.431000,142.845001,101.713997,299.799988,140.942001,-102.010002,106.030998,140.845993,100.445999,295.816010,136.000000,-877.000000,2487.000000,172.000000,442.000000,773.000000
389,1743668121115428,143.248993,-103.634003,107.731003,143.248993,101.998001,300.700012,141.423996,-102.442001,106.434998,141.199997,100.734001,296.714996,-51.000000,-872.000000,2544.000000,96.000000,502.000000,868.000000
390,1743668121119983,143.654007,-103.921997,108.030998,143.654007,102.280998,301.600006,141.613007,-102.610001,106.600998,141.593994,101.033997,297.710999,87.000000,-798.000000,2483.000000,80.000000,496.000000,685.000000
391,1743668121124756,144.057999,-104.209999,108.331001,144.057999,102.564003,302.500000,142.304993,-103.017998,107.075996,142.223999,101.259003,298.412994,382.000000,-973.000000,2298.000000,358.000000,493.000000,790.000000
391,1743668121129438,144.057999,-104.209999,108.331001,144.057999,102.564003,302.500000,142.477005,-103.129997,107.190002,142.373001,101.498001,299.348999,264.000000,-832.000000,1864.000000,389.000000,349.000000,835.000000
393,1743668121135088,144.867004,-104.787003,108.931000,144.867004,103.130997,304.299988,143.076004,-103.537003,107.594002,142.959000,101.704002,300.035004,124.000000,-1212.000000,2046.000000,253.000000,733.000000,746.000000
393,1743668121139639,144.867004,-104.787003,108.931000,144.867004,103.130997,304.299988,143.378006,-103.767998,107.821999,143.264008,102.098999,301.278992,266.000000,-893.000000,2892.000000,382.000000,379.000000,801.000000
394,1743668121145317,145.272003,-105.074997,109.231003,145.272003,103.414001,305.200012,143.871002,-104.040001,108.126999,143.660995,102.280998,301.757996,-28.000000,-881.000000,3421.000000,120.000000,539.000000,799.000000
395,1743668121149913,145.675995,-105.362999,109.530998,145.675995,103.697998,306.100006,144.222000,-104.290001,108.431999,143.994995,102.734001,302.983002,38.000000,-1015.000000,2231.000000,187.000000,418.000000,731.000000
396,1743668121154521,146.080994,-105.651001,109.831001,146.080994,103.981003,307.000000,144.723999,-104.680000,108.824997,144.582001,102.882004,303.529999,3.000000,-1054.000000,1807.000000,149.000000,333.000000,664.000000
397,1743668121160494,146.485001,-105.939003,110.130997,146.485001,104.264000,307.899994,144.901001,-104.806000,108.941002,144.764999,103.234001,304.617004,-31.000000,-1382.000000,2055.000000,63.000000,806.000000,800.000000
398,1743668121165193,146.889999,-106.226997,110.431000,146.889999,104.547997,308.799988,145.438995,-105.221001,109.350998,145.270004,103.433998,305.234009,-66.000000,-879.000000,2318.000000,94.000000,513.000000,712.000000
399,1743668121169649,147.294006,-106.514999,110.731003,147.294006,104.831001,309.700012,145.880005,-105.456001,109.591003,145.641006,103.867996,306.148987,359.000000,-870.000000,2521.000000,390.000000,464.000000,802.000000
400,1743668121175437,147.699005,-106.803001,111.030998,147.699005,105.113998,310.600006,146.341003,-105.780998,109.956001,146.132996,104.002998,307.196014,333.000000,-650.000000,2359.000000,105.000000,446.000000,809.000000
401,1743668121180125,148.102997,-107.091003,111.331001,148.102997,105.397003,311.500000,146.604996,-105.952003,110.136002,146.395996,104.253998,308.143005,258.000000,-995.000000,2268.000000,40.000000,615.000000,731.000000
402,1743668121184747,148.507996,-107.378998,111.630997,148.507996,105.681000,312.398010,147.100998,-106.393997,110.424004,146.800003,104.563004,309.010986,312.000000,-1028.000000,2677.000000,405.000000,841.000000,812.000000
403,1743668121190579,148.912003,-107.667000,111.931000,148.912003,105.963997,313.295990,147.100998,-106.393997,110.424004,146.800003,104.563004,309.010986,312.000000,-1028.000000,2677.000000,405.000000,841.000000,812.000000
404,1743668121195348,149.317001,-107.955002,112.230003,149.317001,106.247002,314.192993,147.807999,-106.863998,111.122002,147.580002,105.106003,310.583008,59.000000,-793.000000,2092.000000,486.000000,472.000000,754.000000
405,1743668121200009,149.720993,-108.242996,112.529999,149.720993,106.530998,315.088013,148.251999,-107.183998,111.448997,148.084000,105.398003,311.640015,203.000000,-1030.000000,2009.000000,275.000000,407.000000,817.000000
406,1743668121204828,150.126007,-108.530998,112.830002,150.126007,106.814003,315.980988,148.251999,-107.183998,111.448997,148.084000,105.398003,311.640015,203.000000,-1030.000000,2009.000000,275.000000,407.000000,817.000000
407,1743668121210670,150.529999,-108.819000,113.129997,150.529999,107.097000,316.872009,148.666000,-107.509003,111.648003,148.352997,105.695999,312.614014,111.000000,-975.000000,2332.000000,8.000000,647.000000,781.000000
408,1743668121215567,150.934998,-109.108002,113.430000,150.934998,107.380997,317.760986,148.917999,-107.704002,111.943001,148.804001,105.975998,313.604004,24.000000,-854.000000,2580.000000,65.000000,408.000000,554.000000
409,1743668121220240,151.339005,-109.396004,113.730003,151.339005,107.664001,318.645996,149.278000,-107.968002,112.236000,149.171997,106.264999,314.371002,254.000000,-953.000000,2897.000000,169.000000,747.000000,808.000000
410,1743668121224837,151.744003,-109.683998,114.029999,151.744003,107.946999,319.528992,149.843002,-108.237999,112.542000,149.516998,106.523003,315.273010,414.000000,-876.000000,2223.000000,237.000000,356.000000,841.000000
411,1743668121230475,152.147995,-109.972000,114.330002,152.147995,108.231003,320.407013,150.235992,-108.638000,112.944000,149.947998,106.823997,316.156006,245.000000,-1501.000000,2141.000000,296.000000,874.000000,888.000000
412,1743668121235166,152.552994,-110.260002,114.629997,152.552994,108.514000,321.282990,150.451996,-108.811996,113.130997,150.371994,107.200996,317.083008,277.000000,-1255.000000,2405.000000,77.000000,579.000000,736.000000
413,1743668121239855,152.957001,-110.547997,114.930000,152.957001,108.796997,322.153992,150.945007,-109.147003,113.432999,150.847000,107.396004,317.653015,390.000000,-877.000000,3118.000000,161.000000,415.000000,761.000000
414,1743668121245192,153.362000,-110.835999,115.230003,153.362000,109.081001,323.019989,151.453995,-109.487999,113.675003,151.128998,107.664001,318.704987,300.000000,-864.000000,2847.000000,310.000000,636.000000,678.000000
414,1743668121249689,153.362000,-110.835999,115.230003,153.362000,109.081001,323.019989,151.835007,-109.757004,114.095001,151.692001,107.949997,319.528992,114.000000,-1223.000000,1615.000000,325.000000,710.000000,696.000000
415,1743668121255194,153.766006,-111.124001,115.529999,153.766006,109.363998,323.881989,152.074005,-109.930000,114.250000,151.906006,108.161003,320.454010,-99.000000,-1105.000000,1933.000000,239.000000,304.000000,747.000000
416,1743668121259696,154.171005,-111.412003,115.830002,154.171005,109.647003,324.739014,152.587006,-110.336998,114.667999,152.447006,108.420998,321.316986,159.000000,-929.000000,3230.000000,295.000000,702.000000,699.000000
417,1743668121265357,154.574997,-111.699997,116.129997,154.574997,109.930000,325.591003,153.001007,-110.591003,114.971001,152.830002,108.740997,322.118988,298.000000,-778.000000,2743.000000,205.000000,495.000000,704.000000
418,1743668121269898,154.979996,-111.987999,116.430000,154.979996,110.213997,326.436005,153.445007,-110.845001,115.268997,153.244995,109.121002,323.201996,465.000000,-991.000000,2081.000000,283.000000,356.000000,713.000000
419,1743668121274495,155.384003,-112.276001,116.730003,155.384003,110.497002,327.276001,153.834000,-111.132004,115.557999,153.630005,109.380997,324.088989,147.000000,-1137.000000,2344.000000,108.000000,433.000000,731.000000
420,1743668121280153,155.789001,-112.564003,117.029999,155.789001,110.779999,328.109985,154.117996,-111.338997,115.764000,153.875000,109.622002,324.717010,226.000000,-1179.000000,2657.000000,32.000000,753.000000,544.000000
421,1743668121284725,156.192993,-112.851997,117.330002,156.192993,111.064003,328.937012,154.567001,-111.670998,116.098999,154.339996,109.967003,325.765015,405.000000,-1269.000000,2789.000000,324.000000,353.000000,685.000000
422,1743668121290461,156.598007,-113.139999,117.629997,156.598007,111.347000,329.756989,155.026001,-111.962997,116.424004,154.759995,110.237999,326.556000,418.000000,-1276.000000,1884.000000,361.000000,674.000000,682.000000
423,1743668121295155,157.001999,-113.428001,117.930000,157.001999,111.629997,330.570007,155.425995,-112.268997,116.741997,155.203003,110.512001,327.553986,223.000000,-1226.000000,1665.000000,150.000000,377.000000,577.000000
424,1743668121299783,157.406998,-113.717003,118.230003,157.406998,111.914001,331.375000,155.755005,-112.585999,117.029999,155.639999,110.802002,328.335999,9.000000,-900.000000,2719.000000,86.000000,732.000000,669.000000
425,1743668121305388,157.811005,-114.004997,118.529999,157.811005,112.196999,332.173004,156.112000,-112.869003,117.308998,155.992996,111.073997,329.020996,180.000000,-611.000000,3700.000000,214.000000,441.000000,542.000000
426,1743668121309935,158.216003,-114.292999,118.830002,158.216003,112.480003,332.962006,156.526993,-113.096001,117.613998,156.362000,111.355003,329.826996,483.000000,-758.000000,3208.000000,387.000000,395.000000,585.000000
427,1743668121315527,158.619995,-114.581001,119.129997,158.619995,112.764000,333.743011,157.112000,-113.453003,118.001999,156.854996,111.549004,330.447998,191.000000,-980.000000,1592.000000,365.000000,364.000000,608.000000
428,1743668121319937,159.024994,-114.869003,119.430000,159.024994,113.046997,334.515015,157.473007,-113.748001,118.281998,157.289001,111.893997,331.364014,319.000000,-1759.000000,1812.000000,146.000000,840.000000,731.000000
429,1743668121325642,159.429001,-115.156998,119.730003,159.429001,113.330002,335.278015,157.824005,-114.038002,118.544998,157.673996,112.248001,332.458008,358.000000,-1450.000000,2116.000000,240.000000,472.000000,503.000000
430,1743668121330322,159.834000,-115.445000,120.029999,159.834000,113.613998,336.032013,157.824005,-114.038002,118.544998,157.673996,112.248001,332.458008,358.000000,-1450.000000,2116.000000,240.000000,472.000000,503.000000
431,1743668121335003,160.238007,-115.733002,120.330002,160.238007,113.897003,336.774994,158.214005,-114.310997,118.807999,158.054001,112.524002,333.156006,470.000000,-998.000000,2836.000000,253.000000,749.000000,541.000000
431,1743668121339700,160.238007,-115.733002,120.330002,160.238007,113.897003,336.774994,158.664001,-114.577003,119.105003,158.427002,112.721001,333.835999,294.000000,-832.000000,3016.000000,186.000000,334.000000,699.000000
433,1743668121345384,161.046997,-116.308998,120.930000,161.046997,114.463997,338.233002,158.990997,-114.764999,119.355003,158.714005,112.957001,334.596008,440.000000,-908.000000,3054.000000,148.000000,631.000000,554.000000
433,1743668121350060,161.046997,-116.308998,120.930000,161.046997,114.463997,338.233002,159.569000,-115.226997,119.790001,159.369003,113.254997,335.296997,149.000000,-1319.000000,2390.000000,86.000000,656.000000,657.000000
434,1743668121354609,161.451996,-116.597000,121.228996,161.451996,114.747002,338.946014,159.953003,-115.482002,120.079002,159.688995,113.530998,336.075012,434.000000,-1107.000000,2884.000000,203.000000,442.000000,451.000000
435,1743668121360563,161.856003,-116.885002,121.528999,161.856003,115.029999,339.647003,160.464005,-115.792999,120.446999,159.953995,113.894997,336.843994,665.000000,-1516.000000,2292.000000,501.000000,961.000000,580.000000
436,1743668121365198,162.261002,-117.172997,121.829002,162.261002,115.313004,340.338013,160.695007,-115.955002,120.621002,160.406998,114.190002,337.561005,533.000000,-1320.000000,1605.000000,368.000000,495.000000,684.000000
437,1743668121369784,162.664993,-117.460999,122.128998,162.664993,115.597000,341.016998,161.177002,-116.241997,120.871002,160.751999,114.459999,338.289001,348.000000,-1297.000000,1441.000000,263.000000,615.000000,623.000000
438,1743668121375633,163.070007,-117.749001,122.429001,163.070007,115.879997,341.683990,161.470993,-116.665001,121.246002,161.319000,114.709999,338.970001,390.000000,-1072.000000,3663.000000,454.000000,578.000000,446.000000
439,1743668121380404,163.473999,-118.037003,122.728996,163.473999,116.163002,342.338989,161.878998,-116.900002,121.492996,161.625000,114.916000,339.428986,552.000000,-1040.000000,3765.000000,149.000000,596.000000,490.000000
440,1743668121385053,163.878006,-118.324997,123.028999,163.878006,116.446999,342.980988,162.291000,-117.172997,121.872002,162.128006,115.179001,340.205994,374.000000,-576.000000,2377.000000,351.000000,510.000000,525.000000
441,1743668121389846,164.283005,-118.613998,123.329002,164.283005,116.730003,343.610992,162.656998,-117.441002,122.127998,162.537003,115.533997,340.747009,40.000000,-1260.000000,1672.000000,71.000000,590.000000,427.000000
442,1743668121395521,164.686005,-118.902000,123.628998,164.686005,117.013000,344.227997,162.990997,-117.722000,122.412003,162.843002,115.841003,341.772003,307.000000,-1233.000000,2704.000000,123.000000,695.000000,541.000000
443,1743668121400000,165.089005,-119.190002,123.929001,165.089005,117.296997,344.833008,163.505005,-117.983002,122.681999,163.192001,116.137001,342.351013,369.000000,-1295.000000,2969.000000,160.000000,657.000000,455.000000
444,1743668121404588,165.490005,-119.477997,124.228996,165.490005,117.580002,345.425995,163.632996,-118.188004,122.907997,163.514999,116.413002,342.994995,622.000000,-1009.000000,2600.000000,552.000000,489.000000,434.000000
445,1743668121410200,165.889008,-119.765999,124.528999,165.889008,117.862999,346.005005,164.270004,-118.579002,123.347000,164.110992,116.608002,343.489990,658.000000,-1540.000000,2020.000000,206.000000,816.000000,468.000000
446,1743668121414643,166.287003,-120.054001,124.829002,166.287003,118.147003,346.572998,164.528000,-118.778000,123.539001,164.399994,116.964996,344.299988,353.000000,-1678.000000,1973.000000,208.000000,803.000000,424.000000
447,1743668121420136,166.682999,-120.342003,125.128998,166.682999,118.430000,347.127991,165.035995,-119.218002,123.954002,164.882004,117.084999,344.572998,379.000000,-1478.000000,3308.000000,363.000000,605.000000,582.000000
448,1743668121424690,167.076004,-120.629997,125.429001,167.076004,118.712997,347.670013,165.248993,-119.358002,124.100998,165.061005,117.522003,345.446991,329.000000,-1137.000000,2953.000000,427.000000,657.000000,352.000000
449,1743668121430239,167.466003,-120.917999,125.728996,167.466003,118.997002,348.200012,165.996002,-119.644997,124.435997,165.539993,117.761002,345.890015,210.000000,-841.000000,2900.000000,486.000000,451.000000,233.000000
450,1743668121434730,167.852997,-121.206001,126.028999,167.852997,119.279999,348.717010,166.235992,-119.877998,124.737000,165.938004,118.058998,346.542999,255.000000,-1167.000000,2504.000000,221.000000,526.000000,317.000000
451,1743668121440472,168.235992,-121.494003,126.328003,168.235992,119.563004,349.221985,166.764999,-120.329002,125.144997,166.447006,118.330002,346.971008,19.000000,-1522.000000,1914.000000,89.000000,981.000000,475.000000
452,1743668121444966,168.615997,-121.781998,126.626999,168.615997,119.846001,349.714996,166.884003,-120.439003,125.245003,166.628998,118.652000,347.606995,211.000000,-1634.000000,2028.000000,242.000000,395.000000,409.000000
452,1743668121449474,168.615997,-121.781998,126.626999,168.615997,119.846001,349.714996,167.363998,-120.804001,125.642998,167.130005,118.949997,348.144012,512.000000,-1539.000000,2741.000000,291.000000,673.000000,431.000000
453,1743668121455235,168.992004,-122.069000,126.925003,168.992004,120.128998,350.194000,167.720993,-121.084000,125.912003,167.481995,119.228996,348.687988,331.000000,-1371.000000,2604.000000,320.000000,553.000000,328.000000
454,1743668121459658,169.363007,-122.355003,127.222000,169.363007,120.411003,350.661987,168.182007,-121.459000,126.308998,168.024002,119.410004,349.066986,259.000000,-886.000000,2225.000000,230.000000,639.000000,401.000000
455,1743668121465279,169.729996,-122.640999,127.516998,169.729996,120.692001,351.117004,168.182007,-121.459000,126.308998,168.024002,119.410004,349.066986,259.000000,-886.000000,2225.000000,230.000000,639.000000,401.000000
456,1743668121469915,170.091995,-122.924004,127.809998,170.091995,120.972000,351.558990,168.858994,-121.985001,126.871002,168.751007,119.884003,350.036011,344.000000,-1058.000000,3468.000000,184.000000,569.000000,477.000000
457,1743668121475596,170.447998,-123.206001,128.100998,170.447998,121.250000,351.989014,169.264008,-122.233002,127.162003,169.067001,120.293999,350.653015,156.000000,-1472.000000,2358.000000,296.000000,715.000000,415.000000
458,1743668121480163,170.798004,-123.486000,128.389999,170.798004,121.526001,352.406006,169.264008,-122.233002,127.162003,169.067001,120.293999,350.653015,156.000000,-1472.000000,2358.000000,296.000000,715.000000,415.000000
459,1743668121484812,171.143005,-123.763000,128.675003,171.143005,121.800003,352.811005,169.585999,-122.518997,127.456001,169.412994,120.605003,351.067993,-75.000000,-1603.000000,1228.000000,307.000000,719.000000,320.000000
460,1743668121489526,171.481995,-124.037003,128.957993,171.481995,122.070999,353.203003,169.921005,-122.799004,127.720001,169.725998,120.903999,351.502991,-301.000000,-1851.000000,1679.000000,111.000000,476.000000,328.000000
461,1743668121495261,171.813004,-124.308998,129.237000,171.813004,122.338997,353.583008,170.214996,-123.096001,127.987000,170.078003,121.127998,351.889008,33.000000,-1478.000000,2254.000000,450.000000,807.000000,335.000000
462,1743668121499893,172.138000,-124.577003,129.511993,172.138000,122.603996,353.950989,170.735001,-123.456001,128.324005,170.444000,121.396004,352.304993,294.000000,-899.000000,3418.000000,185.000000,581.000000,388.000000
463,1743668121505659,172.455994,-124.841003,129.783005,172.455994,122.864998,354.304993,171.115997,-123.693001,128.617996,170.875000,121.665001,352.681000,61.000000,-415.000000,2980.000000,134.000000,393.000000,391.000000
464,1743668121510246,172.766006,-125.100998,130.050003,172.766006,123.123001,354.648010,171.432999,-123.943001,128.888000,171.087997,121.867996,353.059998,93.000000,-812.000000,1838.000000,182.000000,393.000000,368.000000
465,1743668121514724,173.067993,-125.357002,130.311996,173.067993,123.375999,354.977997,171.697006,-124.196999,129.162003,171.498993,122.114998,353.415009,19.000000,-1134.000000,1956.000000,83.000000,711.000000,249.000000
466,1743668121520501,173.363007,-125.608002,130.569000,173.363007,123.625000,355.295013,171.990005,-124.466003,129.427994,171.783005,122.483002,353.936005,149.000000,-2026.000000,2370.000000,244.000000,821.000000,90.000000
467,1743668121525108,173.647995,-125.855003,130.820999,173.647995,123.869003,355.600006,172.328003,-124.714996,129.690002,172.089005,122.638000,354.110992,-22.000000,-1498.000000,1939.000000,104.000000,879.000000,250.000000
468,1743668121530587,173.925003,-126.096001,131.067001,173.925003,124.108002,355.891998,172.666000,-124.949997,129.908997,172.429993,123.011002,354.587006,-179.000000,-919.000000,1453.000000,106.000000,210.000000,476.000000
469,1743668121535123,174.192993,-126.331001,131.307007,174.192993,124.342003,356.171997,173.048996,-125.240997,130.188995,172.753998,123.180000,354.799988,-613.000000,-645.000000,2251.000000,-87.000000,547.000000,-171.000000
470,1743668121539852,174.451996,-126.560997,131.541000,174.451996,124.570000,356.440002,173.261002,-125.473999,130.408997,173.005005,123.478996,355.230988,69.000000,-530.000000,3042.000000,180.000000,505.000000,59.000000
471,1743668121544648,174.701004,-126.783997,131.768005,174.701004,124.792000,356.694000,173.677994,-125.748001,130.727005,173.320999,123.638000,355.446014,-221.000000,-701.000000,2517.000000,125.000000,565.000000,396.000000
472,1743668121550311,174.938995,-127.000999,131.988007,174.938995,125.007004,356.937012,173.809998,-125.900002,130.910995,173.559006,123.865997,355.799988,-79.000000,-929.000000,2233.000000,317.000000,521.000000,254.000000
473,1743668121554815,175.167999,-127.211998,132.201004,175.167999,125.216003,357.166992,174.130997,-126.211998,131.167007,173.822006,124.085999,356.053986,-588.000000,-1170.000000,1230.000000,5.000000,684.000000,204.000000
474,1743668121560345,175.386002,-127.414001,132.406998,175.386002,125.417999,357.385986,174.304001,-126.440002,131.451996,174.132996,124.317001,356.322998,-290.000000,-1256.000000,1606.000000,202.000000,436.000000,353.000000
475,1743668121564913,175.591995,-127.610001,132.604996,175.591995,125.612999,357.592010,174.485992,-126.664001,131.656998,174.369995,124.637001,356.669006,-73.000000,-1004.000000,1680.000000,373.000000,771.000000,254.000000
476,1743668121570531,175.787994,-127.797997,132.794006,175.787994,125.799004,357.787994,174.701004,-126.876999,131.850998,174.612000,124.799004,356.817993,54.000000,-567.000000,2163.000000,4.000000,656.000000,268.000000
477,1743668121575062,175.973007,-127.976997,132.975006,175.973007,125.978996,357.972992,174.899994,-127.073997,132.057999,174.839005,125.112999,357.123993,-122.000000,-505.000000,2225.000000,272.000000,294.000000,270.000000
477,1743668121579682,175.973007,-127.976997,132.975006,175.973007,125.978996,357.972992,175.132004,-127.266998,132.268005,175.046005,125.335999,357.320007,-39.000000,-433.000000,1639.000000,1.000000,389.000000,183.000000
479,1743668121585506,176.311005,-128.311005,133.311005,176.311005,126.311996,358.311005,175.432999,-127.517998,132.546997,175.345001,125.485001,357.523010,-312.000000,-521.000000,1616.000000,5.000000,478.000000,216.000000
479,1743668121589941,176.311005,-128.311005,133.311005,176.311005,126.311996,358.311005,175.561005,-127.625999,132.641998,175.460999,125.664001,357.725006,-372.000000,-837.000000,2016.000000,-128.000000,308.000000,383.000000
480,1743668121594487,176.464996,-128.464996,133.464996,176.464996,126.464996,358.464996,175.832993,-127.889000,132.830002,175.664993,125.819000,357.899994,-628.000000,-574.000000,1783.000000,-19.000000,402.000000,241.000000
481,1743668121600479,176.608994,-128.608994,133.608994,176.608994,126.609001,358.609009,176.005005,-128.074005,133.091003,175.882004,125.981003,358.075012,-704.000000,-746.000000,1227.000000,-234.000000,326.000000,164.000000
482,1743668121605176,176.744003,-128.744003,133.744003,176.744003,126.744003,358.743988,176.082993,-128.173004,133.173996,175.968994,126.133003,358.243988,-553.000000,-340.000000,1261.000000,-133.000000,211.000000,190.000000
483,1743668121609863,176.869995,-128.869995,133.869995,176.869995,126.870003,358.869995,176.242996,-128.324997,133.317001,176.108002,126.272003,358.411987,-304.000000,-140.000000,1312.000000,268.000000,319.000000,144.000000
484,1743668121615601,176.987000,-128.987000,133.987000,176.987000,126.987000,358.987000,176.453995,-128.501999,133.514999,176.302994,126.389000,358.532990,-329.000000,-116.000000,1825.000000,-86.000000,352.000000,310.000000
485,1743668121620292,177.095993,-129.095993,134.095993,177.095993,127.096001,359.096008,176.621002,-128.634003,133.669006,176.423996,126.537003,358.683990,309.000000,-563.000000,1562.000000,77.000000,257.000000,218.000000
486,1743668121625003,177.197006,-129.197006,134.197006,177.197006,127.196999,359.196991,176.776001,-128.757996,133.809998,176.574997,126.661003,358.817993,-518.000000,-346.000000,1136.000000,71.000000,305.000000,139.000000
487,1743668121629774,177.289993,-129.289993,134.289993,177.289993,127.290001,359.290009,176.856995,-128.832993,133.876007,176.662003,126.805000,358.954010,-495.000000,-299.000000,801.000000,-306.000000,229.000000,150.000000
488,1743668121634548,177.375000,-129.375000,134.375000,177.375000,127.375000,359.375000,177.000000,-128.975998,133.996002,176.815002,126.902000,359.041992,-257.000000,-693.000000,1634.000000,-138.000000,410.000000,127.000000
489,1743668121640419,177.453995,-129.453995,134.453995,177.453995,127.454002,359.454010,177.000000,-128.975998,133.996002,176.815002,126.902000,359.041992,-257.000000,-693.000000,1634.000000,-138.000000,410.000000,127.000000
490,1743668121645018,177.524994,-129.524994,134.524994,177.524994,127.525002,359.524994,177.154999,-129.186005,134.177994,177.011002,127.172997,359.265991,-125.000000,-253.000000,1725.000000,74.000000,389.000000,353.000000
491,1743668121649705,177.589996,-129.589996,134.589996,177.589996,127.589996,359.589996,177.229004,-129.278000,134.270004,177.100998,127.258003,359.342010,-123.000000,-202.000000,1252.000000,-50.000000,176.000000,321.000000
492,1743668121655609,177.649002,-129.649002,134.649002,177.649002,127.649002,359.648987,177.229004,-129.278000,134.270004,177.100998,127.258003,359.342010,-123.000000,-202.000000,1252.000000,-50.000000,176.000000,321.000000
493,1743668121660431,177.701996,-129.701996,134.701996,177.701996,127.702003,359.701996,177.345993,-129.341003,134.345993,177.173004,127.332001,359.419006,108.000000,-551.000000,1502.000000,-68.000000,315.000000,235.000000
494,1743668121664991,177.748993,-129.748993,134.748993,177.748993,127.749001,359.748993,177.429001,-129.438995,134.442001,177.285004,127.403999,359.494995,-225.000000,-361.000000,1695.000000,56.000000,392.000000,200.000000
495,1743668121670687,177.791000,-129.791000,134.791000,177.791000,127.791000,359.790985,177.505997,-129.503998,134.511002,177.345001,127.494003,359.570007,-223.000000,-647.000000,1577.000000,118.000000,222.000000,-60.000000
496,1743668121675271,177.828003,-129.828003,134.828003,177.828003,127.828003,359.828003,177.556000,-129.567001,134.572006,177.399994,127.553001,359.651001,-36.000000,-588.000000,1590.000000,287.000000,520.000000,116.000000
497,1743668121679826,177.860001,-129.860001,134.860001,177.860001,127.860001,359.859985,177.602997,-129.630005,134.626007,177.451004,127.607002,359.683990,-175.000000,-396.000000,1561.000000,112.000000,523.000000,269.000000
498,1743668121685457,177.888000,-129.888000,134.888000,177.888000,127.888000,359.888000,177.641006,-129.684006,134.675003,177.503006,127.651001,359.750000,-176.000000,-216.000000,1647.000000,24.000000,292.000000,208.000000
499,1743668121690122,177.912003,-129.912003,134.912003,177.912003,127.912003,359.911987,177.709000,-129.742996,134.714005,177.550995,127.697998,359.798004,-110.000000,-260.000000,1628.000000,-130.000000,101.000000,34.000000
499,1743668121694657,177.912003,-129.912003,134.912003,177.912003,127.912003,359.911987,177.761993,-129.779999,134.778000,177.610992,127.733002,359.842987,-81.000000,-298.000000,1471.000000,-56.000000,233.000000,128.000000
501,1743668121700428,177.949997,-129.949997,134.949997,177.949997,127.949997,359.950012,177.798996,-129.802002,134.798996,177.643005,127.772003,359.885010,-247.000000,-358.000000,1581.000000,-6.000000,362.000000,176.000000
501,1743668121704859,177.949997,-129.949997,134.949997,177.949997,127.949997,359.950012,177.841003,-129.828995,134.828003,177.675003,127.788002,359.902008,-110.000000,-343.000000,1530.000000,0.000000,320.000000,256.000000
502,1743668121710273,177.962997,-129.962997,134.962997,177.962997,127.962997,359.963013,177.871994,-129.850998,134.850998,177.695007,127.820999,359.933990,-21.000000,-468.000000,1774.000000,149.000000,219.000000,62.000000
503,1743668121714601,177.973999,-129.973999,134.973999,177.973999,127.973999,359.973999,177.893997,-129.871994,134.871994,177.716003,127.846001,359.955994,-125.000000,-349.000000,1789.000000,179.000000,230.000000,167.000000
504,1743668121720398,177.983002,-129.983002,134.983002,177.983002,127.983002,359.983002,177.912003,-129.899002,134.895004,177.738007,127.861000,359.977997,-124.000000,-529.000000,1522.000000,218.000000,181.000000,-60.000000
505,1743668121724794,177.988998,-129.988998,134.988998,177.988998,127.988998,359.989014,177.916000,-129.910004,134.906006,177.748993,127.878998,359.989990,-29.000000,-488.000000,1414.000000,200.000000,134.000000,-40.000000
506,1743668121729519,177.994003,-129.994003,134.994003,177.994003,127.994003,359.993988,177.925995,-129.929001,134.929001,177.761002,127.892998,359.998993,135.000000,-423.000000,1401.000000,242.000000,177.000000,27.000000
507,1743668121735228,177.996994,-129.996994,134.996994,177.996994,127.997002,359.997009,177.940994,-129.938004,134.938995,177.768997,127.905998,360.010010,127.000000,-485.000000,1447.000000,287.000000,196.000000,44.000000
508,1743668121739889,177.998993,-129.998993,134.998993,177.998993,127.999001,359.998993,177.955002,-129.940002,134.945007,177.779999,127.912003,360.019989,-42.000000,-420.000000,1436.000000,245.000000,212.000000,50.000000
509,1743668121744619,178.000000,-130.000000,135.000000,178.000000,128.000000,360.000000,177.959000,-129.942001,134.945999,177.781998,127.915001,360.026001,0.000000,-603.000000,1757.000000,340.000000,280.000000,39.000000
510,1743668121750520,178.000000,-130.000000,135.000000,178.000000,128.000000,360.000000,177.955002,-129.942993,134.945007,177.783997,127.918999,360.029999,-37.000000,-546.000000,1772.000000,269.000000,292.000000,109.000000
511,1743668121755082,178.000000,-130.000000,135.000000,178.000000,128.000000,360.000000,177.944000,-129.947006,134.949005,177.783005,127.919998,360.031006,64.000000,-630.000000,1912.000000,350.000000,355.000000,122.000000
511,1743668121759701,178.000000,-130.000000,135.000000,178.000000,128.000000,360.000000,177.936996,-129.949005,134.949997,177.783005,127.924004,360.033997,116.000000,-678.000000,1860.000000,343.000000,324.000000,107.000000
511,1743668121765434,178.000000,-130.000000,135.000000,178.000000,128.000000,360.000000,177.936996,-129.949005,134.949997,177.783005,127.924004,360.033997,116.000000,-678.000000,1860.000000,343.000000,324.000000,107.000000
511,1743668121769909,178.000000,-130.000000,135.000000,178.000000,128.000000,360.000000,177.934998,-129.947006,134.949997,177.783005,127.924004,360.033997,24.000000,-576.000000,1705.000000,313.000000,305.000000,61.000000
511,1743668121775525,178.000000,-130.000000,135.000000,178.000000,128.000000,360.000000,177.938004,-129.945999,134.951004,177.785995,127.924004,360.033997,60.000000,-601.000000,1788.000000,319.000000,312.000000,62.000000
511,1743668121779978,178.000000,-130.000000,135.000000,178.000000,128.000000,360.000000,177.938004,-129.945999,134.951004,177.785995,127.924004,360.033997,60.000000,-601.000000,1788.000000,319.000000,312.000000,62.000000
511,1743668121785630,178.000000,-130.000000,135.000000,178.000000,128.000000,360.000000,177.945999,-129.947006,134.949997,177.792999,127.924004,360.035004,77.000000,-627.000000,1818.000000,316.000000,312.000000,60.000000
511,1743668121790117,178.000000,-130.000000,135.000000,178.000000,128.000000,360.000000,177.949005,-129.947006,134.951004,177.796997,127.924004,360.033997,94.000000,-641.000000,1836.000000,305.000000,320.000000,48.000000
511,1743668121794599,178.000000,-130.000000,135.000000,178.000000,128.000000,360.000000,177.945007,-129.945999,134.951004,177.798004,127.924004,360.032013,93.000000,-662.000000,1838.000000,311.000000,329.000000,57.000000
511,1743668121800303,178.000000,-130.000000,135.000000,178.000000,128.000000,360.000000,177.936996,-129.949005,134.949997,177.798004,127.924004,360.033997,88.000000,-672.000000,1876.000000,300.000000,320.000000,40.000000
511,1743668121804739,178.000000,-130.000000,135.000000,178.000000,128.000000,360.000000,177.923004,-129.949997,134.953003,177.800003,127.926003,360.033997,103.000000,-686.000000,1862.000000,315.000000,328.000000,37.000000
511,1743668121810465,178.000000,-130.000000,135.000000,178.000000,128.000000,360.000000,177.919998,-129.949005,134.953003,177.800003,127.926003,360.033997,111.000000,-676.000000,1852.000000,322.000000,336.000000,29.000000
511,1743668121815299,178.000000,-130.000000,135.000000,178.000000,128.000000,360.000000,177.927002,-129.949005,134.951004,177.802002,127.927002,360.033997,81.000000,-678.000000,1859.000000,319.000000,339.000000,42.000000
511,1743668121819961,178.000000,-130.000000,135.000000,178.000000,128.000000,360.000000,177.932999,-129.949005,134.953995,177.811005,127.926003,360.033997,96.000000,-678.000000,1851.000000,305.000000,346.000000,25.000000
511,1743668121824747,178.000000,-130.000000,135.000000,178.000000,128.000000,360.000000,177.938004,-129.949005,134.953995,177.813004,127.926003,360.035004,100.000000,-690.000000,1860.000000,271.000000,345.000000,32.000000
511,1743668121830426,178.000000,-130.000000,135.000000,178.000000,128.000000,360.000000,177.938995,-129.949997,134.953995,177.815994,127.926003,360.032013,85.000000,-697.000000,1894.000000,270.000000,357.000000,30.000000
511,1743668121834940,178.000000,-130.000000,135.000000,178.000000,128.000000,360.000000,177.938995,-129.951004,134.953995,177.820007,127.927002,360.033997,65.000000,-706.000000,1898.000000,254.000000,358.000000,17.000000
511,1743668121840637,178.000000,-130.000000,135.000000,178.000000,128.000000,360.000000,177.940994,-129.953003,134.957001,177.822998,127.927002,360.033997,52.000000,-693.000000,1880.000000,237.000000,352.000000,15.000000
511,1743668121845236,178.000000,-130.000000,135.000000,178.000000,128.000000,360.000000,177.938004,-129.955002,134.960007,177.822998,127.927002,360.032013,74.000000,-637.000000,1868.000000,252.000000,356.000000,12.000000
511,1743668121849734,178.000000,-130.000000,135.000000,178.000000,128.000000,360.000000,177.936996,-129.957001,134.960007,177.822998,127.930000,360.033997,86.000000,-638.000000,1824.000000,274.000000,360.000000,16.000000
511,1743668121855390,178.000000,-130.000000,135.000000,178.000000,128.000000,360.000000,177.938004,-129.955002,134.960999,177.826996,127.930000,360.031006,81.000000,-655.000000,1830.000000,265.000000,364.000000,14.000000
511,1743668121859842,178.000000,-130.000000,135.000000,178.000000,128.000000,360.000000,177.949005,-129.955002,134.964005,177.832993,127.928001,360.033997,81.000000,-681.000000,1872.000000,263.000000,359.000000,3.000000
511,1743668121865499,178.000000,-130.000000,135.000000,178.000000,128.000000,360.000000,177.959000,-129.953003,134.962006,177.837997,127.928001,360.032013,68.000000,-699.000000,1889.000000,252.000000,371.000000,-1.000000
511,1743668121869839,178.000000,-130.000000,135.000000,178.000000,128.000000,360.000000,177.960999,-129.953003,134.962006,177.841003,127.928001,360.033997,58.000000,-714.000000,1918.000000,231.000000,376.000000,-10.000000
511,1743668121875516,178.000000,-130.000000,135.000000,178.000000,128.000000,360.000000,177.957001,-129.955002,134.962006,177.841995,127.930000,360.031006,51.000000,-724.000000,1910.000000,230.000000,384.000000,0.000000
511,1743668121880038,178.000000,-130.000000,135.000000,178.000000,128.000000,360.000000,177.955994,-129.957001,134.964005,177.841995,127.930000,360.031006,44.000000,-704.000000,1914.000000,221.000000,383.000000,-1.000000
511,1743668121885517,178.000000,-130.000000,135.000000,178.000000,128.000000,360.000000,177.957001,-129.960007,134.964005,177.845993,127.930000,360.031006,63.000000,-669.000000,1901.000000,224.000000,388.000000,-17.000000
511,1743668121889798,178.000000,-130.000000,135.000000,178.000000,128.000000,360.000000,177.959000,-129.962006,134.964996,177.848999,127.931000,360.031006,45.000000,-646.000000,1891.000000,190.000000,386.000000,-10.000000
511,1743668121895274,178.000000,-130.000000,135.000000,178.000000,128.000000,360.000000,177.960007,-129.960999,134.968002,177.852005,127.933998,360.031006,46.000000,-630.000000,1895.000000,210.000000,384.000000,-24.000000
511,1743668121899715,178.000000,-130.000000,135.000000,178.000000,128.000000,360.000000,177.960999,-129.960999,134.968002,177.852997,127.931999,360.031006,61.000000,-657.000000,1921.000000,177.000000,381.000000,-23.000000
511,1743668121905495,178.000000,-130.000000,135.000000,178.000000,128.000000,360.000000,177.960007,-129.960007,134.968994,177.856003,127.931000,360.032013,60.000000,-678.000000,1943.000000,195.000000,400.000000,-25.000000
511,1743668121909917,178.000000,-130.000000,135.000000,178.000000,128.000000,360.000000,177.960007,-129.960999,134.968002,177.856003,127.931999,360.031006,56.000000,-699.000000,1973.000000,179.000000,404.000000,-38.000000
511,1743668121915480,178.000000,-130.000000,135.000000,178.000000,128.000000,360.000000,177.955002,-129.960999,134.968994,177.860001,127.931999,360.029999,57.000000,-708.000000,1994.000000,169.000000,401.000000,-40.000000
511,1743668121919841,178.000000,-130.000000,135.000000,178.000000,128.000000,360.000000,177.955002,-129.960999,134.968994,177.860001,127.931999,360.029999,57.000000,-708.000000,1994.000000,169.000000,401.000000,-40.000000
511,1743668121925558,178.000000,-130.000000,135.000000,178.000000,128.000000,360.000000,177.944000,-129.964996,134.970993,177.860992,127.931999,360.032013,78.000000,-677.000000,1988.000000,180.000000,412.000000,-36.000000
511,1743668121930029,178.000000,-130.000000,135.000000,178.000000,128.000000,360.000000,177.945999,-129.966003,134.972000,177.863007,127.934998,360.029999,39.000000,-652.000000,1927.000000,167.000000,407.000000,-31.000000
511,1743668121935491,178.000000,-130.000000,135.000000,178.000000,128.000000,360.000000,177.945999,-129.966003,134.972000,177.863007,127.934998,360.029999,39.000000,-652.000000,1927.000000,167.000000,407.000000,-31.000000
511,1743668121939935,178.000000,-130.000000,135.000000,178.000000,128.000000,360.000000,177.953003,-129.966003,134.973007,177.867004,127.933998,360.028015,60.000000,-656.000000,1927.000000,166.000000,411.000000,-37.000000
511,1743668121945574,178.000000,-130.000000,135.000000,178.000000,128.000000,360.000000,177.957001,-129.966003,134.975006,177.869995,127.933998,360.031006,53.000000,-651.000000,1981.000000,156.000000,410.000000,-52.000000
511,1743668121950098,178.000000,-130.000000,135.000000,178.000000,128.000000,360.000000,177.960007,-129.966003,134.975006,177.873993,127.934998,360.029999,57.000000,-670.000000,1978.000000,151.000000,409.000000,-52.000000
511,1743668121954525,178.000000,-130.000000,135.000000,178.000000,128.000000,360.000000,177.960007,-129.968002,134.975998,177.875000,127.934998,360.028015,52.000000,-670.000000,1979.000000,137.000000,410.000000,-43.000000
511,1743668121960283,178.000000,-130.000000,135.000000,178.000000,128.000000,360.000000,177.960999,-129.968002,134.975998,177.876007,127.936996,360.031006,34.000000,-684.000000,1982.000000,148.000000,421.000000,-59.000000
511,1743668121964864,178.000000,-130.000000,135.000000,178.000000,128.000000,360.000000,177.962997,-129.968994,134.977997,177.878006,127.939003,360.029999,56.000000,-686.000000,1972.000000,127.000000,425.000000,-61.000000
511,1743668121970466,178.000000,-130.000000,135.000000,178.000000,128.000000,360.000000,177.964005,-129.968994,134.979004,177.880997,127.938004,360.028015,51.000000,-652.000000,1994.000000,142.000000,423.000000,-51.000000
511,1743668121975004,178.000000,-130.000000,135.000000,178.000000,128.000000,360.000000,177.966003,-129.968994,134.979996,177.882004,127.938004,360.027008,49.000000,-657.000000,1954.000000,139.000000,435.000000,-49.000000
511,1743668121979573,178.000000,-130.000000,135.000000,178.000000,128.000000,360.000000,177.972000,-129.970001,134.979004,177.886002,127.939003,360.027008,60.000000,-659.000000,2011.000000,141.000000,424.000000,-69.000000
511,1743668121985231,178.000000,-130.000000,135.000000,178.000000,128.000000,360.000000,177.977997,-129.970001,134.979996,177.889008,127.939003,360.029999,48.000000,-620.000000,2012.000000,137.000000,437.000000,-65.000000
511,1743668121989851,178.000000,-130.000000,135.000000,178.000000,128.000000,360.000000,177.981995,-129.972000,134.981995,177.891998,127.938004,360.031006,40.000000,-673.000000,2032.000000,117.000000,438.000000,-70.000000
511,1743668121995392,178.000000,-130.000000,135.000000,178.000000,128.000000,360.000000,177.979004,-129.973007,134.979996,177.891998,127.938004,360.028015,14.000000,-664.000000,2065.000000,141.000000,435.000000,-76.000000
511,1743668121999860,178.000000,-130.000000,135.000000,178.000000,128.000000,360.000000,177.973999,-129.975006,134.983002,177.891998,127.941002,360.028015,41.000000,-646.000000,2041.000000,136.000000,438.000000,-75.000000
511,1743668122005667,178.000000,-130.000000,135.000000,178.000000,128.000000,360.000000,177.970993,-129.975998,134.983002,177.891998,127.942001,360.029999,35.000000,-638.000000,2007.000000,134.000000,436.000000,-87.000000
511,1743668122010314,178.000000,-130.000000,135.000000,178.000000,128.000000,360.000000,177.968002,-129.977005,134.983994,177.893005,127.942001,360.027008,51.000000,-605.000000,1966.000000,145.000000,434.000000,-84.000000
511,1743668122015105,178.000000,-130.000000,135.000000,178.000000,128.000000,360.000000,177.968002,-129.975998,134.987000,177.893997,127.942001,360.027008,75.000000,-628.000000,2006.000000,130.000000,448.000000,-85.000000
511,1743668122019553,178.000000,-130.000000,135.000000,178.000000,128.000000,360.000000,177.970001,-129.977005,134.985992,177.895996,127.943001,360.027008,68.000000,-620.000000,2027.000000,126.000000,437.000000,-62.000000
511,1743668122025366,178.000000,-130.000000,135.000000,178.000000,128.000000,360.000000,177.972000,-129.977005,134.987000,177.897995,127.945000,360.027008,71.000000,-646.000000,2050.000000,110.000000,446.000000,-90.000000
511,1743668122029923,178.000000,-130.000000,135.000000,178.000000,128.000000,360.000000,177.975006,-129.979004,134.988998,177.899994,127.943001,360.026001,66.000000,-662.000000,2038.000000,104.000000,433.000000,-86.000000
511,1743668122034492,178.000000,-130.000000,135.000000,178.000000,128.000000,360.000000,177.977005,-129.979004,134.988998,177.899994,127.945000,360.026001,63.000000,-665.000000,2051.000000,104.000000,449.000000,-79.000000
511,1743668122040159,178.000000,-130.000000,135.000000,178.000000,128.000000,360.000000,177.977005,-129.981003,134.990005,177.901001,127.947998,360.027008,54.000000,-643.000000,2079.000000,94.000000,441.000000,-81.000000
511,1743668122044893,178.000000,-130.000000,135.000000,178.000000,128.000000,360.000000,177.972000,-129.983002,134.992996,177.901001,127.947998,360.026001,53.000000,-589.000000,2057.000000,107.000000,451.000000,-94.000000
511,1743668122049678,178.000000,-130.000000,135.000000,178.000000,128.000000,360.000000,177.973999,-129.983002,134.990997,177.903000,127.948997,360.023987,57.000000,-567.000000,2061.000000,116.000000,438.000000,-96.000000
511,1743668122054421,178.000000,-130.000000,135.000000,178.000000,128.000000,360.000000,177.977997,-129.983994,134.992996,177.904007,127.948997,360.023987,81.000000,-600.000000,2069.000000,111.000000,433.000000,-103.000000
511,1743668122060347,178.000000,-130.000000,135.000000,178.000000,128.000000,360.000000,177.985001,-129.985992,134.992996,177.904999,127.948997,360.023010,57.000000,-593.000000,2081.000000,86.000000,450.000000,-98.000000
511,1743668122065025,178.000000,-130.000000,135.000000,178.000000,128.000000,360.000000,177.985992,-129.983994,134.994003,177.906998,127.949997,360.023987,68.000000,-610.000000,2132.000000,75.000000,451.000000,-101.000000
511,1743668122070620,178.000000,-130.000000,135.000000,178.000000,128.000000,360.000000,177.985992,-129.983994,134.994003,177.908997,127.949997,360.023987,51.000000,-632.000000,2108.000000,89.000000,466.000000,-95.000000
511,1743668122075158,178.000000,-130.000000,135.000000,178.000000,128.000000,360.000000,177.985992,-129.983994,134.994995,177.908997,127.953003,360.023987,49.000000,-644.000000,2121.000000,53.000000,458.000000,-102.000000
511,1743668122079809,178.000000,-130.000000,135.000000,178.000000,128.000000,360.000000,177.985992,-129.985992,134.994995,177.910995,127.954002,360.023010,64.000000,-639.000000,2119.000000,62.000000,467.000000,-115.000000
511,1743668122084565,178.000000,-130.000000,135.000000,178.000000,128.000000,360.000000,177.985992,-129.988007,134.996994,177.912003,127.954002,360.023987,46.000000,-603.000000,2111.000000,56.000000,461.000000,-124.000000
511,1743668122090557,178.000000,-130.000000,135.000000,178.000000,128.000000,360.000000,177.985001,-129.990005,134.996994,177.914001,127.956001,360.020996,72.000000,-590.000000,2091.000000,76.000000,460.000000,-110.000000
511,1743668122095248,178.000000,-130.000000,135.000000,178.000000,128.000000,360.000000,177.985001,-129.990005,134.996994,177.914001,127.956001,360.020996,72.000000,-590.000000,2091.000000,76.000000,460.000000,-110.000000
511,1743668122099844,178.000000,-130.000000,135.000000,178.000000,128.000000,360.000000,177.988998,-129.990005,134.998001,177.917999,127.957001,360.023010,86.000000,-591.000000,2083.000000,60.000000,469.000000,-111.000000
511,1743668122105692,178.000000,-130.000000,135.000000,178.000000,128.000000,360.000000,177.988998,-129.990997,134.996994,177.919006,127.959000,360.023010,70.000000,-591.000000,2073.000000,0.000000,473.000000,-115.000000
511,1743668122110608,178.000000,-130.000000,135.000000,178.000000,128.000000,360.000000,177.988998,-129.990997,134.996994,177.919006,127.959000,360.023010,70.000000,-591.000000,2073.000000,0.000000,473.000000,-115.000000
511,1743668122115450,178.000000,-130.000000,135.000000,178.000000,128.000000,360.000000,177.988998,-129.990005,134.998001,177.923004,127.959000,360.020996,67.000000,-597.000000,2083.000000,-13.000000,466.000000,-139.000000
511,1743668122120303,178.000000,-130.000000,135.000000,178.000000,128.000000,360.000000,177.988007,-129.990997,134.996994,177.925003,127.959000,360.020996,99.000000,-596.000000,2087.000000,-46.000000,473.000000,-114.000000
511,1743668122124939,178.000000,-130.000000,135.000000,178.000000,128.000000,360.000000,177.985001,-129.992996,134.996994,177.925995,127.959999,360.019989,89.000000,-602.000000,2086.000000,-73.000000,464.000000,-131.000000
511,1743668122129758,178.000000,-130.000000,135.000000,178.000000,128.000000,360.000000,177.983002,-129.994995,134.998001,177.929993,127.960999,360.019989,101.000000,-578.000000,2083.000000,-113.000000,464.000000,-131.000000
511,1743668122135657,178.000000,-130.000000,135.000000,178.000000,128.000000,360.000000,177.985001,-129.994995,134.998001,177.934006,127.962997,360.019012,110.000000,-579.000000,2103.000000,-114.000000,462.000000,-137.000000
511,1743668122140455,178.000000,-130.000000,135.000000,178.000000,128.000000,360.000000,177.988998,-129.994995,134.998993,177.934998,127.962997,360.019989,98.000000,-579.000000,2097.000000,-101.000000,471.000000,-133.000000
511,1743668122145164,178.000000,-130.000000,135.000000,178.000000,128.000000,360.000000,177.992004,-129.996994,134.998993,177.938004,127.963997,360.019012,106.000000,-574.000000,2080.000000,-120.000000,454.000000,-125.000000
511,1743668122150009,178.000000,-130.000000,135.000000,178.000000,128.000000,360.000000,177.992004,-129.996994,134.998993,177.940994,127.963997,360.019989,86.000000,-541.000000,2089.000000,-131.000000,461.000000,-134.000000
511,1743668122154734,178.000000,-130.000000,135.000000,178.000000,128.000000,360.000000,177.994003,-129.998001,134.998993,177.940994,127.964996,360.019012,97.000000,-564.000000,2090.000000,-129.000000,457.000000,-132.000000
511,1743668122160465,178.000000,-130.000000,135.000000,178.000000,128.000000,360.000000,177.994003,-129.998993,134.998001,177.944000,127.964996,360.019012,104.000000,-556.000000,2084.000000,-117.000000,438.000000,-139.000000
511,1743668122165046,178.000000,-130.000000,135.000000,178.000000,128.000000,360.000000,177.992996,-129.998993,134.998993,177.944000,127.967003,360.016998,112.000000,-557.000000,2092.000000,-129.000000,458.000000,-144.000000
511,1743668122169833,178.000000,-130.000000,135.000000,178.000000,128.000000,360.000000,177.992004,-129.998993,134.998001,177.945007,127.970001,360.019012,107.000000,-542.000000,2090.000000,-146.000000,446.000000,-151.000000
511,1743668122175642,178.000000,-130.000000,135.000000,178.000000,128.000000,360.000000,177.994003,-129.998001,135.001007,177.945999,127.971001,360.019012,122.000000,-537.000000,2063.000000,-103.000000,441.000000,-140.000000
511,1743668122180345,178.000000,-130.000000,135.000000,178.000000,128.000000,360.000000,177.998993,-129.998001,134.998001,177.949005,127.970001,360.016998,138.000000,-544.000000,2081.000000,-147.000000,460.000000,-148.000000
511,1743668122184990,178.000000,-130.000000,135.000000,178.000000,128.000000,360.000000,178.001007,-129.998001,134.998993,177.949005,127.971001,360.015991,87.000000,-538.000000,2087.000000,-127.000000,457.000000,-155.000000
511,1743668122189743,178.000000,-130.000000,135.000000,178.000000,128.000000,360.000000,178.003998,-129.998993,134.998993,177.951996,127.972000,360.016998,93.000000,-545.000000,2084.000000,-152.000000,462.000000,-148.000000
511,1743668122195657,178.000000,-130.000000,135.000000,178.000000,128.000000,360.000000,178.003006,-129.998001,134.998993,177.951996,127.972000,360.016998,84.000000,-534.000000,2089.000000,-138.000000,427.000000,-148.000000
511,1743668122200416,178.000000,-130.000000,135.000000,178.000000,128.000000,360.000000,177.996994,-129.998993,134.998993,177.953003,127.973999,360.019012,94.000000,-540.000000,2084.000000,-126.000000,443.000000,-167.000000
511,1743668122205051,178.000000,-130.000000,135.000000,178.000000,128.000000,360.000000,177.998993,-129.998993,134.998993,177.955002,127.974998,360.015991,91.000000,-532.000000,2081.000000,-150.000000,446.000000,-163.000000
511,1743668122209853,178.000000,-130.000000,135.000000,178.000000,128.000000,360.000000,177.996994,-129.998993,135.001007,177.955002,127.977997,360.015991,93.000000,-533.000000,2081.000000,-130.000000,429.000000,-150.000000
511,1743668122215728,178.000000,-130.000000,135.000000,178.000000,128.000000,360.000000,177.996994,-129.998993,135.001007,177.957001,127.975998,360.015991,103.000000,-534.000000,2084.000000,-139.000000,417.000000,-157.000000
511,1743668122220584,178.000000,-130.000000,135.000000,178.000000,128.000000,360.000000,177.996994,-129.998001,134.998001,177.957001,127.977997,360.015991,102.000000,-536.000000,2083.000000,-125.000000,424.000000,-153.000000
511,1743668122225307,178.000000,-130.000000,135.000000,178.000000,128.000000,360.000000,178.000000,-129.998993,134.998993,177.960007,127.977997,360.015991,106.000000,-533.000000,2085.000000,-136.000000,432.000000,-152.000000
511,1743668122230033,178.000000,-130.000000,135.000000,178.000000,128.000000,360.000000,178.000000,-129.998993,135.001007,177.962006,127.982002,360.013000,107.000000,-531.000000,2079.000000,-156.000000,431.000000,-171.000000
511,1743668122234876,178.000000,-130.000000,135.000000,178.000000,128.000000,360.000000,177.998993,-129.998993,135.001007,177.962006,127.978996,360.013000,104.000000,-537.000000,2083.000000,-146.000000,420.000000,-166.000000
511,1743668122239664,178.000000,-130.000000,135.000000,178.000000,128.000000,360.000000,177.996994,-130.001007,134.998993,177.962997,127.983002,360.013000,94.000000,-535.000000,2073.000000,-141.000000,414.000000,-182.000000
511,1743668122245555,178.000000,-130.000000,135.000000,178.000000,128.000000,360.000000,177.994003,-129.998993,135.001007,177.962997,127.985001,360.013000,100.000000,-536.000000,2077.000000,-151.000000,413.000000,-157.000000
511,1743668122250222,178.000000,-130.000000,135.000000,178.000000,128.000000,360.000000,177.996994,-129.998993,135.001999,177.964005,127.986000,360.013000,133.000000,-533.000000,2081.000000,-136.000000,396.000000,-172.000000
511,1743668122255005,178.000000,-130.000000,135.000000,178.000000,128.000000,360.000000,177.998993,-129.998993,135.001007,177.966003,127.986000,360.015991,112.000000,-536.000000,2075.000000,-153.000000,398.000000,-162.000000
511,1743668122259658,178.000000,-130.000000,135.000000,178.000000,128.000000,360.000000,178.000000,-129.998993,135.001007,177.966995,127.987000,360.011993,113.000000,-527.000000,2077.000000,-151.000000,413.000000,-191.000000
511,1743668122265645,178.000000,-130.000000,135.000000,178.000000,128.000000,360.000000,178.000000,-130.001007,134.998993,177.968002,127.987000,360.013000,104.000000,-530.000000,2091.000000,-146.000000,376.000000,-157.000000
511,1743668122270390,178.000000,-130.000000,135.000000,178.000000,128.000000,360.000000,178.000000,-130.001007,134.998993,177.970001,127.989998,360.011993,104.000000,-529.000000,2074.000000,-151.000000,390.000000,-163.000000
511,1743668122275039,178.000000,-130.000000,135.000000,178.000000,128.000000,360.000000,178.000000,-130.001007,135.001007,177.970993,127.989998,360.011993,106.000000,-529.000000,2087.000000,-158.000000,392.000000,-186.000000
511,1743668122279783,178.000000,-130.000000,135.000000,178.000000,128.000000,360.000000,177.998993,-130.001007,135.001007,177.973007,127.991997,360.011993,105.000000,-530.000000,2067.000000,-159.000000,385.000000,-178.000000
511,1743668122284562,178.000000,-130.000000,135.000000,178.000000,128.000000,360.000000,177.998993,-130.001999,135.001999,177.973007,127.992996,360.013000,106.000000,-526.000000,2079.000000,-147.000000,394.000000,-172.000000
511,1743668122290525,178.000000,-130.000000,135.000000,178.000000,128.000000,360.000000,177.998993,-130.001007,135.001007,177.973999,127.994003,360.011993,106.000000,-526.000000,2074.000000,-161.000000,363.000000,-185.000000
511,1743668122295305,178.000000,-130.000000,135.000000,178.000000,128.000000,360.000000,177.998993,-130.001007,135.001999,177.973999,127.996002,360.010010,106.000000,-527.000000,2071.000000,-152.000000,374.000000,-177.000000
511,1743668122300081,178.000000,-130.000000,135.000000,178.000000,128.000000,360.000000,178.000000,-129.998993,135.001999,177.975006,127.996002,360.011993,106.000000,-526.000000,2073.000000,-154.000000,362.000000,-193.000000
511,1743668122304818,178.000000,-130.000000,135.000000,178.000000,128.000000,360.000000,178.000000,-130.001007,135.001007,177.977997,127.996002,360.010010,92.000000,-528.000000,2064.000000,-150.000000,360.000000,-182.000000
511,1743668122310618,178.000000,-130.000000,135.000000,178.000000,128.000000,360.000000,177.998993,-130.001007,135.001007,177.977997,127.998001,360.010010,104.000000,-528.000000,2068.000000,-153.000000,357.000000,-202.000000
511,1743668122315447,178.000000,-130.000000,135.000000,178.000000,128.000000,360.000000,177.996002,-130.001007,135.001007,177.977997,127.998001,360.007996,121.000000,-528.000000,2073.000000,-147.000000,358.000000,-183.000000
511,1743668122320289,178.000000,-130.000000,135.000000,178.000000,128.000000,360.000000,177.996002,-130.001007,135.001007,177.979004,128.000000,360.010010,145.000000,-520.000000,2073.000000,-140.000000,351.000000,-174.000000
511,1743668122324994,178.000000,-130.000000,135.000000,178.000000,128.000000,360.000000,177.996002,-130.001007,135.001007,177.979004,128.000000,360.010010,145.000000,-520.000000,2073.000000,-140.000000,351.000000,-174.000000
511,1743668122329768,178.000000,-130.000000,135.000000,178.000000,128.000000,360.000000,177.996002,-130.001007,135.001007,177.981003,128.000000,360.009003,138.000000,-524.000000,2052.000000,-138.000000,352.000000,-175.000000
511,1743668122335609,178.000000,-130.000000,135.000000,178.000000,128.000000,360.000000,177.996002,-130.001007,135.001007,177.981003,128.000000,360.009003,138.000000,-524.000000,2052.000000,-138.000000,352.000000,-175.000000
511,1743668122340388,178.000000,-130.000000,135.000000,178.000000,128.000000,360.000000,177.996002,-130.001999,135.001007,177.981995,128.000000,360.009003,121.000000,-522.000000,2068.000000,-151.000000,324.000000,-203.000000
511,1743668122344968,178.000000,-130.000000,135.000000,178.000000,128.000000,360.000000,177.998993,-130.001007,135.001007,177.981995,128.001007,360.007996,134.000000,-526.000000,2056.000000,-134.000000,344.000000,-192.000000
511,1743668122349708,178.000000,-130.000000,135.000000,178.000000,128.000000,360.000000,178.003006,-130.001007,135.001999,177.983994,128.001007,360.007996,122.000000,-524.000000,2080.000000,-129.000000,335.000000,-201.000000
511,1743668122355644,178.000000,-130.000000,135.000000,178.000000,128.000000,360.000000,178.003006,-129.998993,135.001007,177.983994,128.003006,360.007996,123.000000,-524.000000,2076.000000,-138.000000,330.000000,-198.000000
511,1743668122360399,178.000000,-130.000000,135.000000,178.000000,128.000000,360.000000,178.003006,-130.001007,135.001007,177.983994,128.003998,360.006012,135.000000,-523.000000,2071.000000,-121.000000,316.000000,-180.000000
511,1743668122365099,178.000000,-130.000000,135.000000,178.000000,128.000000,360.000000,178.001007,-130.001007,135.001007,177.985001,128.003998,360.007996,130.000000,-523.000000,2065.000000,-126.000000,320.000000,-183.000000
511,1743668122369921,178.000000,-130.000000,135.000000,178.000000,128.000000,360.000000,178.003006,-130.001007,135.001007,177.985001,128.003998,360.007996,128.000000,-522.000000,2059.000000,-123.000000,318.000000,-218.000000
511,1743668122374655,178.000000,-130.000000,135.000000,178.000000,128.000000,360.000000,178.003006,-130.001007,135.001999,177.985992,128.003998,360.006012,129.000000,-520.000000,2066.000000,-119.000000,304.000000,-204.000000
511,1743668122380614,178.000000,-130.000000,135.000000,178.000000,128.000000,360.000000,178.003006,-130.001007,135.001999,177.985992,128.003998,360.006012,129.000000,-526.000000,2060.000000,-106.000000,318.000000,-207.000000
511,1743668122385410,178.000000,-130.000000,135.000000,178.000000,128.000000,360.000000,178.003998,-129.998993,135.001007,177.988007,128.003998,360.005005,119.000000,-527.000000,2064.000000,-106.000000,300.000000,-203.000000
511,1743668122390120,178.000000,-130.000000,135.000000,178.000000,128.000000,360.000000,178.003006,-130.001007,135.001999,177.985992,128.003006,360.006012,96.000000,-525.000000,2058.000000,-111.000000,293.000000,-182.000000
511,1743668122394837,178.000000,-130.000000,135.000000,178.000000,128.000000,360.000000,178.003006,-130.001007,134.998993,177.988998,128.003006,360.005005,89.000000,-526.000000,2053.000000,-117.000000,299.000000,-218.000000
511,1743668122399618,178.000000,-130.000000,135.000000,178.000000,128.000000,360.000000,178.000000,-130.001999,135.001007,177.988998,128.003998,360.005005,93.000000,-524.000000,2059.000000,-107.000000,293.000000,-183.000000
511,1743668122405457,178.000000,-130.000000,135.000000,178.000000,128.000000,360.000000,178.001007,-130.001007,135.001999,177.988998,128.003998,360.002014,96.000000,-528.000000,2053.000000,-114.000000,274.000000,-199.000000
511,1743668122410151,178.000000,-130.000000,135.000000,178.000000,128.000000,360.000000,178.000000,-130.001999,135.001999,177.988998,128.003998,360.002014,98.000000,-526.000000,2064.000000,-98.000000,282.000000,-195.000000
511,1743668122414757,178.000000,-130.000000,135.000000,178.000000,128.000000,360.000000,177.998993,-130.001007,135.001999,177.990005,128.003006,360.003998,103.000000,-524.000000,2053.000000,-110.000000,264.000000,-206.000000
511,1743668122420729,178.000000,-130.000000,135.000000,178.000000,128.000000,360.000000,177.998993,-130.001007,135.001007,177.990005,128.003998,360.003998,101.000000,-527.000000,2043.000000,-94.000000,274.000000,-214.000000
511,1743668122425382,178.000000,-130.000000,135.000000,178.000000,128.000000,360.000000,178.001007,-130.001999,135.001007,177.992004,128.003998,360.002014,100.000000,-517.000000,2023.000000,-101.000000,259.000000,-162.000000
511,1743668122430093,178.000000,-130.000000,135.000000,178.000000,128.000000,360.000000,178.001007,-130.001007,135.001999,177.992996,128.003998,360.003998,112.000000,-520.000000,2040.000000,-91.000000,269.000000,-166.000000
511,1743668122434828,178.000000,-130.000000,135.000000,178.000000,128.000000,360.000000,178.001007,-130.001007,135.001007,177.992996,128.005005,360.002014,111.000000,-522.000000,2048.000000,-88.000000,261.000000,-195.000000
511,1743668122439701,178.000000,-130.000000,135.000000,178.000000,128.000000,360.000000,178.001007,-130.001007,135.001999,177.992996,128.003998,360.002014,105.000000,-521.000000,2053.000000,-73.000000,243.000000,-174.000000
511,1743668122445737,178.000000,-130.000000,135.000000,178.000000,128.000000,360.000000,178.001007,-130.001999,135.001999,177.994995,128.003998,360.002014,112.000000,-519.000000,2029.000000,-75.000000,245.000000,-201.000000
511,1743668122450499,178.000000,-130.000000,135.000000,178.000000,128.000000,360.000000,178.001007,-130.001999,135.001999,177.994995,128.003998,360.001007,109.000000,-521.000000,2051.000000,-64.000000,253.000000,-197.000000
511,1743668122455281,178.000000,-130.000000,135.000000,178.000000,128.000000,360.000000,178.001007,-129.998993,135.001007,177.996002,128.003006,360.002014,103.000000,-517.000000,2038.000000,-81.000000,228.000000,-181.000000
511,1743668122459949,178.000000,-130.000000,135.000000,178.000000,128.000000,360.000000,178.001007,-130.001007,135.001999,177.996002,128.003998,360.002014,102.000000,-518.000000,2050.000000,-72.000000,238.000000,-195.000000
511,1743668122464705,178.000000,-130.000000,135.000000,178.000000,128.000000,360.000000,178.003006,-130.001007,135.001007,177.996002,128.003998,360.001007,95.000000,-522.000000,2036.000000,-71.000000,225.000000,-170.000000
511,1743668122470578,178.000000,-130.000000,135.000000,178.000000,128.000000,360.000000,178.001007,-130.001007,135.001999,177.994995,128.003998,360.002014,93.000000,-516.000000,2044.000000,-70.000000,220.000000,-175.000000
511,1743668122475379,178.000000,-130.000000,135.000000,178.000000,128.000000,360.000000,178.000000,-130.001007,135.001007,177.996002,128.005005,360.003998,98.000000,-518.000000,2048.000000,-62.000000,231.000000,-176.000000
511,1743668122480063,178.000000,-130.000000,135.000000,178.000000,128.000000,360.000000,177.998993,-130.001007,134.998993,177.996002,128.003998,360.002014,94.000000,-513.000000,2038.000000,-70.000000,217.000000,-202.000000
511,1743668122484797,178.000000,-130.000000,135.000000,178.000000,128.000000,360.000000,177.998993,-130.001999,135.001007,177.996002,128.003998,360.001007,96.000000,-522.000000,2044.000000,-64.000000,220.000000,-178.000000
511,1743668122489587,178.000000,-130.000000,135.000000,178.000000,128.000000,360.000000,178.000000,-130.001999,135.001999,177.994995,128.003998,360.002014,95.000000,-519.000000,2048.000000,-69.000000,213.000000,-205.000000
511,1743668122495381,178.000000,-130.000000,135.000000,178.000000,128.000000,360.000000,178.003006,-130.001999,135.001007,177.994995,128.003006,360.001007,98.000000,-518.000000,2044.000000,-62.000000,217.000000,-172.000000
511,1743668122500044,178.000000,-130.000000,135.000000,178.000000,128.000000,360.000000,178.003006,-130.001999,135.001007,177.996002,128.003998,360.001007,96.000000,-510.000000,2043.000000,-62.000000,215.000000,-164.000000
511,1743668122504505,178.000000,-130.000000,135.000000,178.000000,128.000000,360.000000,178.003998,-130.001007,135.001007,177.996002,128.003998,360.002014,99.000000,-514.000000,2044.000000,-67.000000,213.000000,-196.000000
511,1743668122510363,178.000000,-130.000000,135.000000,178.000000,128.000000,360.000000,178.001007,-130.001007,135.001999,177.996002,128.003006,360.001007,81.000000,-514.000000,2043.000000,-68.000000,209.000000,-168.000000
511,1743668122514938,178.000000,-130.000000,135.000000,178.000000,128.000000,360.000000,178.003006,-130.001007,135.001999,177.996002,128.005005,359.998993,92.000000,-509.000000,2058.000000,-61.000000,203.000000,-179.000000
511,1743668122519507,178.000000,-130.000000,135.000000,178.000000,128.000000,360.000000,178.001007,-130.001999,135.001999,177.996002,128.003998,360.001007,80.000000,-515.000000,2043.000000,-58.000000,189.000000,-189.000000
511,1743668122525458,178.000000,-130.000000,135.000000,178.000000,128.000000,360.000000,178.000000,-130.001999,135.005005,177.996002,128.003998,360.001007,92.000000,-500.000000,2044.000000,-63.000000,177.000000,-199.000000
511,1743668122530143,178.000000,-130.000000,135.000000,178.000000,128.000000,360.000000,178.000000,-130.001999,135.001999,177.996002,128.003998,360.001007,76.000000,-511.000000,2044.000000,-69.000000,184.000000,-167.000000
511,1743668122534889,178.000000,-130.000000,135.000000,178.000000,128.000000,360.000000,178.001007,-129.998993,135.001999,177.996994,128.003998,360.001007,84.000000,-510.000000,2033.000000,-69.000000,182.000000,-189.000000
511,1743668122539494,178.000000,-130.000000,135.000000,178.000000,128.000000,360.000000,178.003006,-130.001007,135.001999,177.996002,128.003998,360.001007,79.000000,-507.000000,2020.000000,-67.000000,169.000000,-182.000000
511,1743668122545447,178.000000,-130.000000,135.000000,178.000000,128.000000,360.000000,178.003006,-130.001007,135.001007,177.996994,128.003998,359.998993,88.000000,-506.000000,2034.000000,-66.000000,164.000000,-166.000000
511,1743668122550126,178.000000,-130.000000,135.000000,178.000000,128.000000,360.000000,178.003006,-130.001007,135.001007,177.996994,128.003998,359.998993,88.000000,-506.000000,2034.000000,-66.000000,164.000000,-166.000000
511,1743668122554695,178.000000,-130.000000,135.000000,178.000000,128.000000,360.000000,178.001007,-130.001999,135.001999,177.996002,128.003998,359.998993,93.000000,-507.000000,2005.000000,-66.000000,166.000000,-201.000000
511,1743668122559501,178.000000,-130.000000,135.000000,178.000000,128.000000,360.000000,178.001007,-130.001999,135.001999,177.996002,128.003998,359.998993,93.000000,-507.000000,2005.000000,-66.000000,166.000000,-201.000000
511,1743668122565450,178.000000,-130.000000,135.000000,178.000000,128.000000,360.000000,178.001007,-130.001007,135.001999,177.996002,128.003998,359.998993,87.000000,-509.000000,2033.000000,-67.000000,147.000000,-159.000000
511,1743668122570044,178.000000,-130.000000,135.000000,178.000000,128.000000,360.000000,178.001007,-130.001007,135.001999,177.996002,128.003998,359.998993,83.000000,-514.000000,2028.000000,-64.000000,145.000000,-204.000000
511,1743668122574609,178.000000,-130.000000,135.000000,178.000000,128.000000,360.000000,178.001007,-130.001007,135.001999,177.996002,128.003998,359.998993,79.000000,-510.000000,2025.000000,-66.000000,151.000000,-166.000000
511,1743668122580582,178.000000,-130.000000,135.000000,178.000000,128.000000,360.000000,178.001007,-130.001007,135.001999,177.996002,128.003006,359.998993,83.000000,-511.000000,2020.000000,-65.000000,139.000000,-188.000000
511,1743668122585385,178.000000,-130.000000,135.000000,178.000000,128.000000,360.000000,178.001007,-130.001007,135.001999,177.996002,128.003006,360.001007,78.000000,-510.000000,2022.000000,-63.000000,144.000000,-172.000000
511,1743668122590084,178.000000,-130.000000,135.000000,178.000000,128.000000,360.000000,178.003006,-130.001007,135.001007,177.996002,128.003006,360.001007,61.000000,-512.000000,2022.000000,-65.000000,145.000000,-183.000000
511,1743668122594781,178.000000,-130.000000,135.000000,178.000000,128.000000,360.000000,178.003006,-130.001999,135.001999,177.996002,128.003998,360.001007,63.000000,-512.000000,2029.000000,-65.000000,143.000000,-168.000000
511,1743668122600617,178.000000,-130.000000,135.000000,178.000000,128.000000,360.000000,178.001007,-129.998993,135.001999,177.996002,128.003998,359.998993,67.000000,-511.000000,2030.000000,-68.000000,138.000000,-187.000000
511,1743668122605518,178.000000,-130.000000,135.000000,178.000000,128.000000,360.000000,178.001007,-130.001999,135.001007,177.996002,128.003998,360.001007,67.000000,-509.000000,2010.000000,-63.000000,134.000000,-184.000000
511,1743668122610243,178.000000,-130.000000,135.000000,178.000000,128.000000,360.000000,178.001007,-130.001999,135.001999,177.996002,128.005005,360.001007,71.000000,-516.000000,1999.000000,-64.000000,122.000000,-173.000000
511,1743668122615100,178.000000,-130.000000,135.000000,178.000000,128.000000,360.000000,178.003006,-130.001007,135.001007,177.996002,128.003006,359.998993,62.000000,-512.000000,1983.000000,-62.000000,119.000000,-183.000000
511,1743668122619810,178.000000,-130.000000,135.000000,178.000000,128.000000,360.000000,178.001007,-130.001999,135.001007,177.996002,128.003998,360.001007,65.000000,-516.000000,2006.000000,-63.000000,110.000000,-184.000000
511,1743668122624646,178.000000,-130.000000,135.000000,178.000000,128.000000,360.000000,178.000000,-130.001007,135.001999,177.996002,128.003006,360.002014,69.000000,-511.000000,2007.000000,-63.000000,113.000000,-201.000000
511,1743668122630493,178.000000,-130.000000,135.000000,178.000000,128.000000,360.000000,178.003006,-130.001999,135.001007,177.996002,128.003998,359.998993,63.000000,-513.000000,2011.000000,-65.000000,117.000000,-154.000000
511,1743668122635315,178.000000,-130.000000,135.000000,178.000000,128.000000,360.000000,178.001007,-129.998993,135.001007,177.996002,128.003998,360.001007,62.000000,-511.000000,1993.000000,-67.000000,105.000000,-181.000000
511,1743668122640064,178.000000,-130.000000,135.000000,178.000000,128.000000,360.000000,178.000000,-130.001007,135.005005,177.996002,128.003998,360.002014,64.000000,-513.000000,2008.000000,-64.000000,104.000000,-186.000000
511,1743668122644809,178.000000,-130.000000,135.000000,178.000000,128.000000,360.000000,178.001007,-130.001999,135.001999,177.996002,128.003998,359.998993,63.000000,-511.000000,1997.000000,-63.000000,110.000000,-177.000000
511,1743668122649537,178.000000,-130.000000,135.000000,178.000000,128.000000,360.000000,178.001007,-130.001999,135.001007,177.996002,128.003006,360.001007,64.000000,-513.000000,2012.000000,-56.000000,107.000000,-198.000000
511,1743668122655371,178.000000,-130.000000,135.000000,178.000000,128.000000,360.000000,178.003006,-130.001999,135.001999,177.996994,128.003006,360.002014,63.000000,-512.000000,2012.000000,-61.000000,112.000000,-180.000000
511,1743668122660164,178.000000,-130.000000,135.000000,178.000000,128.000000,360.000000,178.003006,-130.001999,135.001007,177.996002,128.003006,360.002014,58.000000,-512.000000,1997.000000,-60.000000,97.000000,-178.000000
511,1743668122664814,178.000000,-130.000000,135.000000,178.000000,128.000000,360.000000,178.003006,-130.001999,135.005005,177.996994,128.003006,359.998993,66.000000,-514.000000,2008.000000,-60.000000,115.000000,-174.000000
511,1743668122669615,178.000000,-130.000000,135.000000,178.000000,128.000000,360.000000,178.000000,-130.001007,135.001999,177.996002,128.003006,360.001007,63.000000,-511.000000,1975.000000,-60.000000,115.000000,-184.000000
511,1743668122675180,178.000000,-130.000000,135.000000,178.000000,128.000000,360.000000,178.001007,-129.998993,135.005005,177.996002,128.001007,359.998993,60.000000,-510.000000,2000.000000,-61.000000,101.000000,-193.000000
511,1743668122679826,178.000000,-130.000000,135.000000,178.000000,128.000000,360.000000,178.000000,-130.001999,135.001999,177.996002,128.003006,360.001007,70.000000,-509.000000,1980.000000,-57.000000,106.000000,-194.000000
511,1743668122684543,178.000000,-130.000000,135.000000,178.000000,128.000000,360.000000,178.001007,-130.001007,135.005005,177.996002,128.003006,359.998993,63.000000,-512.000000,2000.000000,-58.000000,119.000000,-165.000000
511,1743668122690490,178.000000,-130.000000,135.000000,178.000000,128.000000,360.000000,178.001007,-130.001999,135.001999,177.996002,128.003998,359.998993,60.000000,-511.000000,1957.000000,-57.000000,119.000000,-168.000000
511,1743668122695339,178.000000,-130.000000,135.000000,178.000000,128.000000,360.000000,178.001007,-130.001999,135.001999,177.996002,128.003006,359.998993,63.000000,-506.000000,1980.000000,-59.000000,118.000000,-204.000000
511,1743668122700101,178.000000,-130.000000,135.000000,178.000000,128.000000,360.000000,178.003006,-130.001999,135.001999,177.996994,128.003006,359.997986,67.000000,-500.000000,1987.000000,-63.000000,127.000000,-163.000000
511,1743668122704787,178.000000,-130.000000,135.000000,178.000000,128.000000,360.000000,178.003006,-130.001999,135.001999,177.996002,128.001007,359.997986,69.000000,-505.000000,1977.000000,-59.000000,143.000000,-184.000000
511,1743668122709510,178.000000,-130.000000,135.000000,178.000000,128.000000,360.000000,178.001007,-130.001999,135.001999,177.996002,128.000000,360.001007,66.000000,-507.000000,1959.000000,-59.000000,152.000000,-186.000000
511,1743668122715403,178.000000,-130.000000,135.000000,178.000000,128.000000,360.000000,178.001007,-130.001999,135.005005,177.996002,127.998001,359.997986,73.000000,-504.000000,1976.000000,-60.000000,161.000000,-179.000000
511,1743668122719999,178.000000,-130.000000,135.000000,178.000000,128.000000,360.000000,178.000000,-130.001007,135.001999,177.996002,127.998001,360.001007,70.000000,-508.000000,1945.000000,-61.000000,165.000000,-175.000000
511,1743668122725520,178.000000,-130.000000,135.000000,178.000000,128.000000,360.000000,178.000000,-130.001007,135.001999,177.996002,127.998001,360.001007,70.000000,-508.000000,1945.000000,-61.000000,165.000000,-175.000000
511,1743668122730123,178.000000,-130.000000,135.000000,178.000000,128.000000,360.000000,178.000000,-130.001007,135.005005,177.996002,127.997002,359.998993,70.000000,-505.000000,1956.000000,-60.000000,157.000000,-167.000000
511,1743668122734839,178.000000,-130.000000,135.000000,178.000000,128.000000,360.000000,178.001007,-130.001999,135.001999,177.996002,127.997002,359.997986,70.000000,-511.000000,1959.000000,-61.000000,159.000000,-178.000000
511,1743668122739664,178.000000,-130.000000,135.000000,178.000000,128.000000,360.000000,178.001007,-130.001999,135.001999,177.996002,127.996002,359.997986,68.000000,-508.000000,1938.000000,-56.000000,167.000000,-192.000000
511,1743668122745560,178.000000,-130.000000,135.000000,178.000000,128.000000,360.000000,178.001007,-130.001999,135.001999,177.996994,127.997002,359.998993,69.000000,-507.000000,1958.000000,-58.000000,159.000000,-188.000000
511,1743668122750292,178.000000,-130.000000,135.000000,178.000000,128.000000,360.000000,178.003006,-129.998993,135.001007,177.996002,127.996002,359.998993,74.000000,-507.000000,1935.000000,-58.000000,172.000000,-171.000000
511,1743668122754894,178.000000,-130.000000,135.000000,178.000000,128.000000,360.000000,178.001007,-130.001007,135.001007,177.996002,127.997002,359.997986,67.000000,-504.000000,1955.000000,-60.000000,158.000000,-179.000000
511,1743668122759457,178.000000,-130.000000,135.000000,178.000000,128.000000,360.000000,178.001007,-130.001999,135.001007,177.996002,127.996002,359.998993,70.000000,-506.000000,1968.000000,-52.000000,159.000000,-151.000000
511,1743668122765036,178.000000,-130.000000,135.000000,178.000000,128.000000,360.000000,178.001007,-130.001007,135.001999,177.996002,127.996002,359.998993,69.000000,-503.000000,1961.000000,-56.000000,164.000000,-178.000000
511,1743668122769712,178.000000,-130.000000,135.000000,178.000000,128.000000,360.000000,178.000000,-130.001007,135.005005,177.996002,127.996002,359.997986,70.000000,-507.000000,1949.000000,-63.000000,173.000000,-186.000000
511,1743668122774394,178.000000,-130.000000,135.000000,178.000000,128.000000,360.000000,178.003006,-130.001999,135.001007,177.996002,127.996002,359.998993,73.000000,-506.000000,1955.000000,-57.000000,179.000000,-189.000000
511,1743668122780265,178.000000,-130.000000,135.000000,178.000000,128.000000,360.000000,178.001007,-130.001007,135.005005,177.996002,127.996002,359.997986,73.000000,-506.000000,1957.000000,-64.000000,193.000000,-194.000000
511,1743668122784904,178.000000,-130.000000,135.000000,178.000000,128.000000,360.000000,178.001007,-130.001999,135.001007,177.996002,127.997002,359.997986,72.000000,-505.000000,1952.000000,-68.000000,185.000000,-174.000000
511,1743668122790619,178.000000,-130.000000,135.000000,178.000000,128.000000,360.000000,178.001007,-130.001007,135.005005,177.996002,127.997002,359.998993,71.000000,-504.000000,1946.000000,-59.000000,191.000000,-165.000000
511,1743668122795371,178.000000,-130.000000,135.000000,178.000000,128.000000,360.000000,178.001007,-130.001007,135.001007,177.996002,127.997002,360.001007,72.000000,-493.000000,1938.000000,-56.000000,188.000000,-196.000000
511,1743668122800142,178.000000,-130.000000,135.000000,178.000000,128.000000,360.000000,178.000000,-130.001999,135.001999,177.996994,127.996002,359.997986,71.000000,-501.000000,1949.000000,-58.000000,196.000000,-187.000000
511,1743668122804617,178.000000,-130.000000,135.000000,178.000000,128.000000,360.000000,178.001007,-130.001999,135.005005,177.996994,127.996002,360.001007,72.000000,-499.000000,1934.000000,-55.000000,201.000000,-167.000000
511,1743668122810471,178.000000,-130.000000,135.000000,178.000000,128.000000,360.000000,178.001007,-130.001007,135.001999,177.996002,127.996002,360.001007,71.000000,-496.000000,1912.000000,-58.000000,193.000000,-181.000000
511,1743668122815190,178.000000,-130.000000,135.000000,178.000000,128.000000,360.000000,178.001007,-130.001007,135.001007,177.996002,127.997002,359.997009,72.000000,-497.000000,1930.000000,-52.000000,202.000000,-155.000000
511,1743668122819774,178.000000,-130.000000,135.000000,178.000000,128.000000,360.000000,178.000000,-130.001007,135.001999,177.996002,127.996002,359.998993,70.000000,-498.000000,1899.000000,-47.000000,204.000000,-187.000000
511,1743668122825668,178.000000,-130.000000,135.000000,178.000000,128.000000,360.000000,178.001007,-130.001999,135.001999,177.996002,127.997002,359.998993,72.000000,-498.000000,1926.000000,-48.000000,217.000000,-187.000000
511,1743668122830456,178.000000,-130.000000,135.000000,178.000000,128.000000,360.000000,178.001007,-130.001999,135.001007,177.996002,127.997002,360.001007,73.000000,-500.000000,1920.000000,-57.000000,202.000000,-186.000000
511,1743668122835251,178.000000,-130.000000,135.000000,178.000000,128.000000,360.000000,178.001007,-130.001007,135.001999,177.996002,127.996002,359.998993,71.000000,-500.000000,1923.000000,-57.000000,206.000000,-194.000000
511,1743668122839898,178.000000,-130.000000,135.000000,178.000000,128.000000,360.000000,178.000000,-130.001007,135.001007,177.996002,127.997002,359.998993,67.000000,-498.000000,1929.000000,-56.000000,209.000000,-167.000000
511,1743668122844585,178.000000,-130.000000,135.000000,178.000000,128.000000,360.000000,178.000000,-130.001007,135.001999,177.996002,127.996002,360.001007,69.000000,-498.000000,1919.000000,-58.000000,215.000000,-181.000000
511,1743668122850508,178.000000,-130.000000,135.000000,178.000000,128.000000,360.000000,178.001007,-130.001007,135.001999,177.996002,127.997002,359.997986,67.000000,-499.000000,1909.000000,-55.000000,231.000000,-179.000000
511,1743668122855254,178.000000,-130.000000,135.000000,178.000000,128.000000,360.000000,178.003006,-130.001007,135.001999,177.996002,127.996002,359.997986,64.000000,-498.000000,1910.000000,-60.000000,234.000000,-165.000000
511,1743668122859969,178.000000,-130.000000,135.000000,178.000000,128.000000,360.000000,178.001007,-130.001999,135.001999,177.996002,127.996002,359.997986,60.000000,-499.000000,1902.000000,-55.000000,226.000000,-189.000000
511,1743668122864804,178.000000,-130.000000,135.000000,178.000000,128.000000,360.000000,178.001007,-130.001007,135.005005,177.996002,127.996002,359.998993,64.000000,-502.000000,1907.000000,-58.000000,233.000000,-181.000000
511,1743668122869565,178.000000,-130.000000,135.000000,178.000000,128.000000,360.000000,178.001007,-130.001999,135.001999,177.996002,127.997002,359.998993,63.000000,-498.000000,1906.000000,-55.000000,246.000000,-179.000000
511,1743668122875429,178.000000,-130.000000,135.000000,178.000000,128.000000,360.000000,178.001007,-130.001999,135.001999,177.996002,127.996002,359.998993,64.000000,-501.000000,1911.000000,-49.000000,231.000000,-178.000000
511,1743668122880212,178.000000,-130.000000,135.000000,178.000000,128.000000,360.000000,178.000000,-130.001999,135.005005,177.996002,127.996002,359.997986,68.000000,-505.000000,1893.000000,-54.000000,247.000000,-180.000000
511,1743668122884915,178.000000,-130.000000,135.000000,178.000000,128.000000,360.000000,178.001007,-130.001007,135.001999,177.996002,127.997002,359.997986,65.000000,-500.000000,1900.000000,-48.000000,240.000000,-195.000000
511,1743668122889637,178.000000,-130.000000,135.000000,178.000000,128.000000,360.000000,178.001007,-130.001007,135.001007,177.996002,127.996002,359.997986,66.000000,-496.000000,1904.000000,-52.000000,246.000000,-161.000000
511,1743668122895597,178.000000,-130.000000,135.000000,178.000000,128.000000,360.000000,178.001007,-130.001007,135.001007,177.996002,127.996002,359.997986,66.000000,-496.000000,1904.000000,-52.000000,246.000000,-161.000000
511,1743668122900383,178.000000,-130.000000,135.000000,178.000000,128.000000,360.000000,178.001007,-130.001999,135.001999,177.996002,127.997002,360.001007,68.000000,-498.000000,1899.000000,-57.000000,263.000000,-207.000000
511,1743668122905084,178.000000,-130.000000,135.000000,178.000000,128.000000,360.000000,178.001007,-130.001999,135.001999,177.996002,127.997002,359.998993,62.000000,-506.000000,1874.000000,-52.000000,249.000000,-183.000000
511,1743668122909906,178.000000,-130.000000,135.000000,178.000000,128.000000,360.000000,178.001007,-130.001999,135.001999,177.996002,127.997002,359.998993,62.000000,-506.000000,1874.000000,-52.000000,249.000000,-183.000000
511,1743668122914520,178.000000,-130.000000,135.000000,178.000000,128.000000,360.000000,178.003006,-130.001007,135.001007,177.996002,127.996002,359.998993,56.000000,-506.000000,1877.000000,-57.000000,248.000000,-163.000000
511,1743668122920521,178.000000,-130.000000,135.000000,178.000000,128.000000,360.000000,178.001007,-130.001007,135.001999,177.996002,127.998001,359.998993,61.000000,-492.000000,1897.000000,-61.000000,263.000000,-195.000000
511,1743668122925257,178.000000,-130.000000,135.000000,178.000000,128.000000,360.000000,178.001007,-130.001007,135.001999,177.996994,127.997002,359.998993,61.000000,-499.000000,1878.000000,-54.000000,256.000000,-199.000000
511,1743668122929944,178.000000,-130.000000,135.000000,178.000000,128.000000,360.000000,178.001007,-130.001007,135.001999,177.996002,127.996002,360.001007,60.000000,-506.000000,1882.000000,-54.000000,252.000000,-187.000000
511,1743668122934622,178.000000,-130.000000,135.000000,178.000000,128.000000,360.000000,178.001007,-130.001007,135.001999,177.996002,127.997002,359.998993,60.000000,-501.000000,1882.000000,-53.000000,264.000000,-179.000000
511,1743668122940584,178.000000,-130.000000,135.000000,178.000000,128.000000,360.000000,178.001007,-130.001007,135.001999,177.996002,127.997002,359.998993,52.000000,-501.000000,1873.000000,-54.000000,268.000000,-201.000000
511,1743668122946423,178.000000,-130.000000,135.000000,178.000000,128.000000,360.000000,178.003006,-130.001999,135.001999,177.996002,127.997002,359.998993,56.000000,-502.000000,1887.000000,-48.000000,265.000000,-165.000000
511,1743668122951361,178.000000,-130.000000,135.000000,178.000000,128.000000,360.000000,178.001007,-129.998993,135.001007,177.996002,127.996002,359.998993,56.000000,-502.000000,1868.000000,-52.000000,253.000000,-172.000000
511,1743668122956211,178.000000,-130.000000,135.000000,178.000000,128.000000,360.000000,178.003006,-130.001007,135.001999,177.996002,127.997002,359.997986,53.000000,-503.000000,1887.000000,-52.000000,261.000000,-198.000000
511,1743668122960723,178.000000,-130.000000,135.000000,178.000000,128.000000,360.000000,178.003006,-130.001007,135.005005,177.996002,127.997002,360.001007,51.000000,-510.000000,1851.000000,-53.000000,264.000000,-194.000000
511,1743668122966431,178.000000,-130.000000,135.000000,178.000000,128.000000,360.000000,178.001007,-130.001007,135.001007,177.996002,127.996002,359.998993,49.000000,-505.000000,1855.000000,-53.000000,271.000000,-176.000000
511,1743668122970936,178.000000,-130.000000,135.000000,178.000000,128.000000,360.000000,178.003006,-130.001999,135.001999,177.996994,127.997002,360.001007,48.000000,-505.000000,1860.000000,-50.000000,284.000000,-172.000000
511,1743668122975431,178.000000,-130.000000,135.000000,178.000000,128.000000,360.000000,178.001007,-130.001999,135.001999,177.996002,127.997002,359.998993,50.000000,-506.000000,1864.000000,-55.000000,277.000000,-192.000000
511,1743668122981361,178.000000,-130.000000,135.000000,178.000000,128.000000,360.000000,178.003006,-130.001999,135.001007,177.996002,127.997002,359.997986,45.000000,-505.000000,1870.000000,-47.000000,276.000000,-178.000000
511,1743668122986039,178.000000,-130.000000,135.000000,178.000000,128.000000,360.000000,178.003006,-130.001007,135.001999,177.996002,127.996002,359.997986,49.000000,-501.000000,1847.000000,-47.000000,274.000000,-176.000000
511,1743668122990634,178.000000,-130.000000,135.000000,178.000000,128.000000,360.000000,178.001007,-130.001007,135.001999,177.996002,127.997002,359.998993,55.000000,-511.000000,1877.000000,-54.000000,288.000000,-173.000000
511,1743668122996539,178.000000,-130.000000,135.000000,178.000000,128.000000,360.000000,178.001007,-130.001007,135.001007,177.996002,127.997002,359.997986,54.000000,-507.000000,1848.000000,-58.000000,274.000000,-179.000000
511,1743668123001145,178.000000,-130.000000,135.000000,178.000000,128.000000,360.000000,178.001007,-130.001007,135.001999,177.996002,127.997002,359.997986,53.000000,-508.000000,1856.000000,-50.000000,266.000000,-189.000000
511,1743668123005914,178.000000,-130.000000,135.000000,178.000000,128.000000,360.000000,178.001007,-129.998993,135.001999,177.996994,127.997002,359.998993,53.000000,-503.000000,1858.000000,-47.000000,287.000000,-170.000000
511,1743668123010578,178.000000,-130.000000,135.000000,178.000000,128.000000,360.000000,178.003006,-130.001999,135.005005,177.996002,127.997002,359.998993,52.000000,-507.000000,1858.000000,-53.000000,286.000000,-187.000000
511,1743668123016505,178.000000,-130.000000,135.000000,178.000000,128.000000,360.000000,178.001007,-130.001007,135.001007,177.996002,127.997002,359.998993,61.000000,-505.000000,1845.000000,-54.000000,282.000000,-179.000000
511,1743668123021224,178.000000,-130.000000,135.000000,178.000000,128.000000,360.000000,178.001007,-130.001999,135.001007,177.996002,127.997002,359.998993,69.000000,-505.000000,1844.000000,-51.000000,284.000000,-169.000000
511,1743668123025960,178.000000,-130.000000,135.000000,178.000000,128.000000,360.000000,178.001007,-130.001007,135.001999,177.996002,127.998001,359.998993,68.000000,-500.000000,1858.000000,-56.000000,292.000000,-175.000000
511,1743668123030650,178.000000,-130.000000,135.000000,178.000000,128.000000,360.000000,178.001007,-130.001007,135.001999,177.996002,127.997002,359.998993,64.000000,-504.000000,1857.000000,-47.000000,285.000000,-179.000000
511,1743668123036606,178.000000,-130.000000,135.000000,178.000000,128.000000,360.000000,178.003006,-130.001007,135.001999,177.996002,127.997002,359.997009,71.000000,-503.000000,1858.000000,-50.000000,284.000000,-171.000000
511,1743668123041383,178.000000,-130.000000,135.000000,178.000000,128.000000,360.000000,178.001007,-130.001007,135.001007,177.996002,127.996002,359.997009,78.000000,-504.000000,1842.000000,-46.000000,287.000000,-166.000000
511,1743668123046059,178.000000,-130.000000,135.000000,178.000000,128.000000,360.000000,178.003006,-130.001999,135.001007,177.996002,127.996002,359.998993,71.000000,-505.000000,1826.000000,-49.000000,294.000000,-182.000000
511,1743668123050810,178.000000,-130.000000,135.000000,178.000000,128.000000,360.000000,178.001007,-129.998993,135.001007,177.996002,127.998001,359.998993,72.000000,-503.000000,1837.000000,-60.000000,294.000000,-187.000000
511,1743668123055658,178.000000,-130.000000,135.000000,178.000000,128.000000,360.000000,178.000000,-130.001007,135.001007,177.994995,127.997002,359.997986,72.000000,-504.000000,1842.000000,-56.000000,286.000000,-188.000000
511,1743668123060445,178.000000,-130.000000,135.000000,178.000000,128.000000,360.000000,178.003006,-130.001999,135.001007,177.996002,127.997002,359.997986,67.000000,-504.000000,1823.000000,-44.000000,292.000000,-155.000000
511,1743668123066270,178.000000,-130.000000,135.000000,178.000000,128.000000,360.000000,178.001007,-130.001007,135.005005,177.996002,127.998001,359.998993,69.000000,-503.000000,1831.000000,-54.000000,287.000000,-184.000000
511,1743668123071070,178.000000,-130.000000,135.000000,178.000000,128.000000,360.000000,178.001007,-130.001007,135.001999,177.996002,127.996002,359.997986,66.000000,-503.000000,1818.000000,-47.000000,291.000000,-169.000000
511,1743668123075736,178.000000,-130.000000,135.000000,178.000000,128.000000,360.000000,178.000000,-130.001007,135.001007,177.996994,127.998001,359.998993,62.000000,-500.000000,1840.000000,-48.000000,300.000000,-158.000000
511,1743668123081700,178.000000,-130.000000,135.000000,178.000000,128.000000,360.000000,178.001007,-130.001999,135.001007,177.996002,127.998001,359.998993,69.000000,-501.000000,1828.000000,-51.000000,288.000000,-186.000000
511,1743668123086368,178.000000,-130.000000,135.000000,178.000000,128.000000,360.000000,178.001007,-130.001007,135.005005,177.996002,127.997002,359.997986,53.000000,-501.000000,1839.000000,-40.000000,287.000000,-158.000000
511,1743668123091139,178.000000,-130.000000,135.000000,178.000000,128.000000,360.000000,178.003006,-130.001999,135.001999,177.996002,127.997002,359.998993,59.000000,-502.000000,1818.000000,-50.000000,290.000000,-191.000000
511,1743668123095736,178.000000,-130.000000,135.000000,178.000000,128.000000,360.000000,178.003006,-130.001007,135.001999,177.996002,127.997002,359.997986,55.000000,-501.000000,1816.000000,-48.000000,286.000000,-196.000000
511,1743668123101667,178.000000,-130.000000,135.000000,178.000000,128.000000,360.000000,178.001007,-130.001999,135.001999,177.996002,127.998001,359.997986,59.000000,-502.000000,1800.000000,-48.000000,290.000000,-161.000000
511,1743668123106461,178.000000,-130.000000,135.000000,178.000000,128.000000,360.000000,178.003006,-130.001007,135.001007,177.996994,127.998001,359.997986,58.000000,-497.000000,1802.000000,-43.000000,292.000000,-192.000000
511,1743668123111270,178.000000,-130.000000,135.000000,178.000000,128.000000,360.000000,178.003006,-130.001007,135.001007,177.996994,127.998001,359.997986,58.000000,-497.000000,1802.000000,-43.000000,292.000000,-192.000000
511,1743668123115828,178.000000,-130.000000,135.000000,178.000000,128.000000,360.000000,178.000000,-130.001007,135.001999,177.996002,127.998001,359.997986,59.000000,-505.000000,1797.000000,-43.000000,285.000000,-161.000000
511,1743668123120446,178.000000,-130.000000,135.000000,178.000000,128.000000,360.000000,178.003006,-130.001007,135.001999,177.996002,127.998001,359.997986,56.000000,-500.000000,1820.000000,-48.000000,293.000000,-192.000000
511,1743668123126234,178.000000,-130.000000,135.000000,178.000000,128.000000,360.000000,178.003006,-130.001999,135.001007,177.996994,127.997002,359.998993,65.000000,-510.000000,1803.000000,-47.000000,286.000000,-164.000000
511,1743668123130753,178.000000,-130.000000,135.000000,178.000000,128.000000,360.000000,178.001007,-130.001007,135.001999,177.996002,127.998001,359.998993,62.000000,-504.000000,1802.000000,-50.000000,295.000000,-193.000000
511,1743668123136205,178.000000,-130.000000,135.000000,178.000000,128.000000,360.000000,178.001007,-130.001999,135.001007,177.996994,127.998001,359.997986,56.000000,-503.000000,1801.000000,-46.000000,281.000000,-192.000000
511,1743668123140625,178.000000,-130.000000,135.000000,178.000000,128.000000,360.000000,178.003006,-130.001999,135.005005,177.996002,127.998001,359.998993,56.000000,-504.000000,1826.000000,-56.000000,282.000000,-158.000000
511,1743668123146464,178.000000,-130.000000,135.000000,178.000000,128.000000,360.000000,178.000000,-130.001999,135.001007,177.996994,127.998001,359.997986,51.000000,-504.000000,1780.000000,-48.000000,296.000000,-197.000000
511,1743668123151024,178.000000,-130.000000,135.000000,178.000000,128.000000,360.000000,178.003006,-130.001007,135.005005,177.996002,127.998001,359.997986,54.000000,-504.000000,1777.000000,-51.000000,284.000000,-185.000000
511,1743668123155564,178.000000,-130.000000,135.000000,178.000000,128.000000,360.000000,178.001007,-130.001999,135.001999,177.996002,128.000000,359.997986,51.000000,-506.000000,1802.000000,-53.000000,285.000000,-180.000000
511,1743668123161462,178.000000,-130.000000,135.000000,178.000000,128.000000,360.000000,178.001007,-130.001999,135.001999,177.996002,127.998001,359.998993,47.000000,-503.000000,1783.000000,-43.000000,282.000000,-191.000000
511,1743668123166020,178.000000,-130.000000,135.000000,178.000000,128.000000,360.000000,178.001007,-130.001999,135.001007,177.996994,127.998001,359.998993,50.000000,-503.000000,1784.000000,-47.000000,291.000000,-162.000000
511,1743668123170720,178.000000,-130.000000,135.000000,178.000000,128.000000,360.000000,178.000000,-130.001007,135.001999,177.996002,127.998001,359.998993,51.000000,-500.000000,1790.000000,-49.000000,284.000000,-174.000000
511,1743668123176386,178.000000,-130.000000,135.000000,178.000000,128.000000,360.000000,178.001007,-129.998993,135.001999,177.996002,127.998001,359.998993,50.000000,-501.000000,1779.000000,-47.000000,287.000000,-159.000000
511,1743668123180752,178.000000,-130.000000,135.000000,178.000000,128.000000,360.000000,178.001007,-130.001999,135.001999,177.996994,127.997002,360.001007,46.000000,-503.000000,1765.000000,-46.000000,287.000000,-166.000000
511,1743668123186507,178.000000,-130.000000,135.000000,178.000000,128.000000,360.000000,178.000000,-130.001007,135.001999,177.996002,127.998001,359.998993,40.000000,-500.000000,1772.000000,-47.000000,291.000000,-192.000000
511,1743668123191071,178.000000,-130.000000,135.000000,178.000000,128.000000,360.000000,178.003006,-130.001007,135.001999,177.996994,127.998001,359.997986,46.000000,-502.000000,1778.000000,-46.000000,286.000000,-185.000000
511,1743668123195519,178.000000,-130.000000,135.000000,178.000000,128.000000,360.000000,178.003006,-130.001999,135.005005,177.996002,127.998001,359.997986,45.000000,-499.000000,1745.000000,-50.000000,289.000000,-198.000000
511,1743668123201136,178.000000,-130.000000,135.000000,178.000000,128.000000,360.000000,178.001007,-130.001007,135.005005,177.996002,127.998001,359.997986,45.000000,-499.000000,1748.000000,-52.000000,292.000000,-173.000000
511,1743668123205739,178.000000,-130.000000,135.000000,178.000000,128.000000,360.000000,178.001007,-130.001999,135.001007,177.996002,128.000000,359.998993,45.000000,-500.000000,1740.000000,-52.000000,292.000000,-153.000000
511,1743668123211146,178.000000,-130.000000,135.000000,178.000000,128.000000,360.000000,178.001007,-130.001007,135.001007,177.996994,127.998001,359.998993,45.000000,-500.000000,1755.000000,-46.000000,288.000000,-192.000000
511,1743668123215513,178.000000,-130.000000,135.000000,178.000000,128.000000,360.000000,178.001007,-130.001007,135.005005,177.996994,128.000000,359.997986,46.000000,-500.000000,1765.000000,-52.000000,289.000000,-162.000000
511,1743668123221112,178.000000,-130.000000,135.000000,178.000000,128.000000,360.000000,178.000000,-130.001007,135.001999,177.996994,127.998001,359.997986,45.000000,-495.000000,1748.000000,-50.000000,289.000000,-192.000000
511,1743668123225670,178.000000,-130.000000,135.000000,178.000000,128.000000,360.000000,178.003006,-130.001007,135.001007,177.996994,127.998001,359.997986,34.000000,-498.000000,1747.000000,-50.000000,289.000000,-166.000000
511,1743668123231484,178.000000,-130.000000,135.000000,178.000000,128.000000,360.000000,178.003006,-130.001007,135.001999,177.996002,127.997002,359.998993,40.000000,-497.000000,1744.000000,-43.000000,285.000000,-175.000000
511,1743668123235902,178.000000,-130.000000,135.000000,178.000000,128.000000,360.000000,178.000000,-130.001999,135.001999,177.996994,127.998001,359.998993,41.000000,-491.000000,1750.000000,-55.000000,291.000000,-183.000000
511,1743668123241638,178.000000,-130.000000,135.000000,178.000000,128.000000,360.000000,178.001007,-130.001007,135.001007,177.996994,128.000000,359.997986,46.000000,-500.000000,1754.000000,-50.000000,293.000000,-169.000000
511,1743668123246101,178.000000,-130.000000,135.000000,178.000000,128.000000,360.000000,178.003006,-130.001999,135.001007,177.996994,127.998001,359.998993,40.000000,-486.000000,1724.000000,-49.000000,286.000000,-199.000000
511,1743668123250499,178.000000,-130.000000,135.000000,178.000000,128.000000,360.000000,178.000000,-130.001999,135.001007,177.996994,127.998001,359.997986,45.000000,-480.000000,1745.000000,-53.000000,296.000000,-169.000000
511,1743668123256067,178.000000,-130.000000,135.000000,178.000000,128.000000,360.000000,178.003006,-130.001007,135.001007,177.996002,127.998001,359.998993,47.000000,-486.000000,1730.000000,-50.000000,283.000000,-156.000000
511,1743668123260646,178.000000,-130.000000,135.000000,178.000000,128.000000,360.000000,178.001007,-130.001007,135.001999,177.996994,127.998001,359.998993,41.000000,-492.000000,1715.000000,-47.000000,292.000000,-187.000000
511,1743668123265417,178.000000,-130.000000,135.000000,178.000000,128.000000,360.000000,178.001007,-130.001007,135.001999,177.996002,128.000000,359.997986,33.000000,-485.000000,1722.000000,-50.000000,285.000000,-187.000000
511,1743668123271101,178.000000,-130.000000,135.000000,178.000000,128.000000,360.000000,178.001007,-130.001999,135.001999,177.996994,127.998001,359.997986,32.000000,-488.000000,1731.000000,-50.000000,291.000000,-188.000000
511,1743668123275595,178.000000,-130.000000,135.000000,178.000000,128.000000,360.000000,178.001007,-130.001007,135.001999,177.996994,127.998001,359.997986,42.000000,-490.000000,1719.000000,-50.000000,292.000000,-168.000000
511,1743668123281107,178.000000,-130.000000,135.000000,178.000000,128.000000,360.000000,178.001007,-130.001007,135.001999,177.996994,127.998001,359.997986,42.000000,-490.000000,1719.000000,-50.000000,292.000000,-168.000000
511,1743668123285540,178.000000,-130.000000,135.000000,178.000000,128.000000,360.000000,178.001007,-130.001999,135.005005,177.996994,127.998001,359.998993,43.000000,-488.000000,1710.000000,-54.000000,288.000000,-161.000000
511,1743668123291047,178.000000,-130.000000,135.000000,178.000000,128.000000,360.000000,178.003006,-130.001007,135.001999,177.996994,127.998001,359.998993,37.000000,-488.000000,1700.000000,-50.000000,294.000000,-203.000000
511,1743668123295501,178.000000,-130.000000,135.000000,178.000000,128.000000,360.000000,178.003006,-130.001007,135.001999,177.996994,127.998001,359.998993,37.000000,-488.000000,1700.000000,-50.000000,294.000000,-203.000000
511,1743668123301225,178.000000,-130.000000,135.000000,178.000000,128.000000,360.000000,178.003006,-129.998993,135.001007,177.998993,128.000000,359.998993,49.000000,-488.000000,1695.000000,-47.000000,285.000000,-180.000000
511,1743668123305804,178.000000,-130.000000,135.000000,178.000000,128.000000,360.000000,178.003006,-129.998993,135.001007,177.998993,128.000000,359.998993,49.000000,-488.000000,1695.000000,-47.000000,285.000000,-180.000000
511,1743668123311480,178.000000,-130.000000,135.000000,178.000000,128.000000,360.000000,178.001007,-130.001007,135.001999,177.996994,127.998001,359.998993,43.000000,-480.000000,1677.000000,-49.000000,289.000000,-185.000000
511,1743668123315944,178.000000,-130.000000,135.000000,178.000000,128.000000,360.000000,178.001007,-130.001007,135.001999,177.996994,127.998001,359.998993,43.000000,-490.000000,1692.000000,-44.000000,288.000000,-176.000000
511,1743668123320597,178.000000,-130.000000,135.000000,178.000000,128.000000,360.000000,178.000000,-130.001999,135.001999,177.996994,127.998001,359.997986,40.000000,-487.000000,1678.000000,-52.000000,294.000000,-168.000000
511,1743668123326186,178.000000,-130.000000,135.000000,178.000000,128.000000,360.000000,178.001007,-129.998993,135.001999,177.996994,127.998001,359.997986,43.000000,-482.000000,1678.000000,-52.000000,292.000000,-183.000000
511,1743668123330803,178.000000,-130.000000,135.000000,178.000000,128.000000,360.000000,178.000000,-130.001007,135.001007,177.996994,128.000000,359.997986,51.000000,-478.000000,1682.000000,-46.000000,288.000000,-189.000000
511,1743668123336533,178.000000,-130.000000,135.000000,178.000000,128.000000,360.000000,178.001007,-130.001007,135.001007,177.996994,128.000000,359.998993,44.000000,-480.000000,1681.000000,-56.000000,292.000000,-179.000000
511,1743668123341147,178.000000,-130.000000,135.000000,178.000000,128.000000,360.000000,178.003006,-130.001007,135.001999,177.996994,127.998001,359.997986,49.000000,-485.000000,1681.000000,-51.000000,291.000000,-174.000000
511,1743668123345760,178.000000,-130.000000,135.000000,178.000000,128.000000,360.000000,178.001007,-130.001999,135.001999,177.996994,127.998001,359.998993,48.000000,-486.000000,1685.000000,-54.000000,286.000000,-169.000000
511,1743668123351406,178.000000,-130.000000,135.000000,178.000000,128.000000,360.000000,178.001007,-130.001999,135.001999,177.996994,127.997002,359.997986,58.000000,-488.000000,1686.000000,-55.000000,285.000000,-177.000000
511,1743668123355984,178.000000,-130.000000,135.000000,178.000000,128.000000,360.000000,178.001007,-130.001999,135.001007,177.998993,127.998001,359.997986,44.000000,-492.000000,1684.000000,-52.000000,287.000000,-177.000000
511,1743668123361344,178.000000,-130.000000,135.000000,178.000000,128.000000,360.000000,178.003006,-130.001007,135.001999,177.996994,127.998001,359.997986,48.000000,-493.000000,1685.000000,-51.000000,286.000000,-200.000000
511,1743668123365793,178.000000,-130.000000,135.000000,178.000000,128.000000,360.000000,178.001007,-130.001007,135.001999,177.996994,128.000000,359.998993,51.000000,-491.000000,1684.000000,-53.000000,281.000000,-187.000000
511,1743668123370492,178.000000,-130.000000,135.000000,178.000000,128.000000,360.000000,178.001007,-130.001007,135.001999,177.996994,127.998001,359.997986,49.000000,-490.000000,1678.000000,-49.000000,290.000000,-161.000000
511,1743668123375986,178.000000,-130.000000,135.000000,178.000000,128.000000,360.000000,178.000000,-130.001007,135.001007,177.998993,127.997002,359.997986,50.000000,-489.000000,1692.000000,-53.000000,288.000000,-192.000000
511,1743668123381354,178.000000,-130.000000,135.000000,178.000000,128.000000,360.000000,178.001007,-130.001007,135.001999,177.996994,127.997002,359.997986,45.000000,-491.000000,1681.000000,-53.000000,286.000000,-183.000000
511,1743668123385898,178.000000,-130.000000,135.000000,178.000000,128.000000,360.000000,178.001007,-130.001999,135.001999,177.998993,128.000000,359.998993,48.000000,-483.000000,1671.000000,-52.000000,290.000000,-196.000000
511,1743668123390577,178.000000,-130.000000,135.000000,178.000000,128.000000,360.000000,178.000000,-130.001999,135.001999,177.996994,127.998001,359.998993,54.000000,-489.000000,1682.000000,-50.000000,289.000000,-171.000000
511,1743668123396002,178.000000,-130.000000,135.000000,178.000000,128.000000,360.000000,178.003006,-130.001007,135.001999,177.996994,127.998001,359.997009,48.000000,-487.000000,1684.000000,-52.000000,286.000000,-164.000000
511,1743668123401431,178.000000,-130.000000,135.000000,178.000000,128.000000,360.000000,178.000000,-130.001007,135.001999,177.996994,127.998001,359.998993,46.000000,-490.000000,1683.000000,-50.000000,293.000000,-170.000000
511,1743668123405782,178.000000,-130.000000,135.000000,178.000000,128.000000,360.000000,178.003006,-130.001007,135.001999,177.996994,127.998001,359.998993,46.000000,-486.000000,1660.000000,-54.000000,287.000000,-179.000000
511,1743668123411139,178.000000,-130.000000,135.000000,178.000000,128.000000,360.000000,178.003006,-130.001999,135.001999,177.996994,127.998001,359.998993,42.000000,-491.000000,1649.000000,-49.000000,289.000000,-171.000000
511,1743668123416549,178.000000,-130.000000,135.000000,178.000000,128.000000,360.000000,178.003006,-130.001007,135.001999,177.996994,127.998001,359.997986,53.000000,-484.000000,1668.000000,-51.000000,289.000000,-173.000000
511,1743668123420865,178.000000,-130.000000,135.000000,178.000000,128.000000,360.000000,178.001007,-130.001999,135.001999,177.998993,127.998001,359.997986,54.000000,-488.000000,1647.000000,-47.000000,289.000000,-172.000000
511,1743668123426190,178.000000,-130.000000,135.000000,178.000000,128.000000,360.000000,178.001007,-130.001007,135.005005,177.996994,127.998001,359.997986,50.000000,-488.000000,1666.000000,-52.000000,294.000000,-162.000000
511,1743668123430521,178.000000,-130.000000,135.000000,178.000000,128.000000,360.000000,178.001007,-130.001999,135.001007,177.998993,127.998001,359.998993,49.000000,-496.000000,1644.000000,-52.000000,288.000000,-155.000000
511,1743668123435959,178.000000,-130.000000,135.000000,178.000000,128.000000,360.000000,178.001007,-130.001007,135.001007,177.996994,127.998001,359.998993,47.000000,-495.000000,1640.000000,-50.000000,285.000000,-189.000000
511,1743668123441366,178.000000,-130.000000,135.000000,178.000000,128.000000,360.000000,178.001007,-130.001007,135.001999,177.998993,127.998001,359.998993,53.000000,-491.000000,1659.000000,-54.000000,288.000000,-158.000000
511,1743668123445688,178.000000,-130.000000,135.000000,178.000000,128.000000,360.000000,178.001007,-130.001007,135.001007,177.996994,127.998001,359.997986,50.000000,-490.000000,1649.000000,-49.000000,293.000000,-155.000000
511,1743668123451056,178.000000,-130.000000,135.000000,178.000000,128.000000,360.000000,178.000000,-130.001007,135.001999,177.998993,127.998001,359.998993,60.000000,-490.000000,1632.000000,-53.000000,288.000000,-189.000000
511,1743668123456372,178.000000,-130.000000,135.000000,178.000000,128.000000,360.000000,178.003006,-130.001007,135.001999,177.996994,127.998001,359.997986,54.000000,-490.000000,1632.000000,-53.000000,293.000000,-169.000000
511,1743668123460724,178.000000,-130.000000,135.000000,178.000000,128.000000,360.000000,178.003006,-130.001999,135.001999,177.996994,127.998001,359.997009,55.000000,-491.000000,1642.000000,-51.000000,292.000000,-163.000000
511,1743668123466286,178.000000,-130.000000,135.000000,178.000000,128.000000,360.000000,178.001007,-129.998993,135.001999,177.996994,127.998001,359.997009,51.000000,-485.000000,1642.000000,-51.000000,296.000000,-175.000000
511,1743668123470733,178.000000,-130.000000,135.000000,178.000000,128.000000,360.000000,178.001007,-130.001007,135.005005,177.998993,128.000000,359.997986,59.000000,-490.000000,1643.000000,-54.000000,285.000000,-185.000000
511,1743668123475388,178.000000,-130.000000,135.000000,178.000000,128.000000,360.000000,178.003006,-130.001999,135.005005,177.996994,127.998001,360.001007,60.000000,-492.000000,1633.000000,-58.000000,289.000000,-187.000000
511,1743668123481005,178.000000,-130.000000,135.000000,178.000000,128.000000,360.000000,178.001007,-130.001007,135.001999,177.998993,127.998001,359.998993,53.000000,-491.000000,1628.000000,-51.000000,286.000000,-175.000000
511,1743668123485599,178.000000,-130.000000,135.000000,178.000000,128.000000,360.000000,178.001007,-130.001007,135.001999,177.998993,127.998001,359.998993,53.000000,-491.000000,1628.000000,-51.000000,286.000000,-175.000000
511,1743668123491402,178.000000,-130.000000,135.000000,178.000000,128.000000,360.000000,178.003006,-130.001999,135.005005,177.998993,127.998001,359.998993,52.000000,-490.000000,1602.000000,-54.000000,287.000000,-168.000000
511,1743668123496001,178.000000,-130.000000,135.000000,178.000000,128.000000,360.000000,178.003006,-130.001999,135.005005,177.998993,127.998001,359.998993,52.000000,-490.000000,1602.000000,-54.000000,287.000000,-168.000000
511,1743668123500630,178.000000,-130.000000,135.000000,178.000000,128.000000,360.000000,178.001007,-130.001999,135.005005,177.998993,127.998001,359.998993,52.000000,-492.000000,1599.000000,-50.000000,292.000000,-180.000000
511,1743668123506306,178.000000,-130.000000,135.000000,178.000000,128.000000,360.000000,178.003998,-130.001007,135.001007,177.996994,128.000000,359.997986,34.000000,-487.000000,1589.000000,-53.000000,281.000000,-171.000000
511,1743668123510673,178.000000,-130.000000,135.000000,178.000000,128.000000,360.000000,178.003998,-130.001007,135.001007,177.996994,128.000000,359.997986,34.000000,-487.000000,1589.000000,-53.000000,281.000000,-171.000000
511,1743668123516435,178.000000,-130.000000,135.000000,178.000000,128.000000,360.000000,178.001007,-130.001007,135.001999,177.998993,127.998001,359.998993,41.000000,-488.000000,1598.000000,-55.000000,285.000000,-189.000000
511,1743668123520828,178.000000,-130.000000,135.000000,178.000000,128.000000,360.000000,178.001007,-130.001007,135.001999,177.998993,127.998001,359.998993,40.000000,-489.000000,1571.000000,-53.000000,285.000000,-171.000000
511,1743668123526559,178.000000,-130.000000,135.000000,178.000000,128.000000,360.000000,178.001007,-130.001007,135.001999,177.996994,127.998001,359.998993,42.000000,-488.000000,1580.000000,-56.000000,290.000000,-171.000000
511,1743668123531177,178.000000,-130.000000,135.000000,178.000000,128.000000,360.000000,178.001007,-130.001007,135.001999,177.996994,127.998001,359.997986,35.000000,-488.000000,1586.000000,-49.000000,289.000000,-159.000000
511,1743668123535778,178.000000,-130.000000,135.000000,178.000000,128.000000,360.000000,178.001007,-130.001007,135.005005,177.996994,128.000000,359.997986,38.000000,-488.000000,1580.000000,-50.000000,290.000000,-174.000000
511,1743668123541701,178.000000,-130.000000,135.000000,178.000000,128.000000,360.000000,178.001007,-129.998993,135.001999,177.998993,128.000000,359.997986,47.000000,-488.000000,1533.000000,-55.000000,290.000000,-169.000000
511,1743668123546267,178.000000,-130.000000,135.000000,178.000000,128.000000,360.000000,178.001007,-130.001999,135.001999,177.996994,127.998001,359.997986,42.000000,-488.000000,1548.000000,-56.000000,286.000000,-181.000000
511,1743668123551022,178.000000,-130.000000,135.000000,178.000000,128.000000,360.000000,178.001007,-130.001007,135.001999,177.998993,127.998001,359.997986,49.000000,-489.000000,1568.000000,-50.000000,289.000000,-187.000000
511,1743668123555541,178.000000,-130.000000,135.000000,178.000000,128.000000,360.000000,178.000000,-130.001007,135.001007,177.996994,128.000000,359.997986,48.000000,-485.000000,1563.000000,-54.000000,286.000000,-169.000000
511,1743668123561443,178.000000,-130.000000,135.000000,178.000000,128.000000,360.000000,178.001007,-130.001007,135.001999,177.998993,127.998001,359.997986,48.000000,-489.000000,1548.000000,-55.000000,289.000000,-181.000000
511,1743668123565897,178.000000,-130.000000,135.000000,178.000000,128.000000,360.000000,178.003006,-130.001007,135.001999,177.998993,128.000000,359.997986,48.000000,-488.000000,1561.000000,-50.000000,285.000000,-183.000000
511,1743668123571313,178.000000,-130.000000,135.000000,178.000000,128.000000,360.000000,178.003006,-130.001007,135.001999,177.998993,127.998001,359.997986,50.000000,-489.000000,1550.000000,-55.000000,290.000000,-161.000000
511,1743668123575682,178.000000,-130.000000,135.000000,178.000000,128.000000,360.000000,178.001007,-130.001007,135.001999,177.998993,127.998001,359.997986,45.000000,-493.000000,1546.000000,-59.000000,285.000000,-192.000000
511,1743668123581153,178.000000,-130.000000,135.000000,178.000000,128.000000,360.000000,178.001007,-130.001007,135.001999,177.998993,128.000000,359.997986,48.000000,-494.000000,1552.000000,-44.000000,289.000000,-174.000000
511,1743668123585557,178.000000,-130.000000,135.000000,178.000000,128.000000,360.000000,178.003998,-130.001999,135.001999,177.996994,128.000000,359.997986,47.000000,-500.000000,1546.000000,-56.000000,287.000000,-185.000000
511,1743668123590966,178.000000,-130.000000,135.000000,178.000000,128.000000,360.000000,178.001007,-130.001007,135.005005,177.998993,128.000000,359.997986,45.000000,-496.000000,1551.000000,-52.000000,289.000000,-170.000000
511,1743668123596442,178.000000,-130.000000,135.000000,178.000000,128.000000,360.000000,178.001007,-130.001007,135.005005,177.996994,127.998001,359.998993,45.000000,-497.000000,1547.000000,-55.000000,288.000000,-166.000000
511,1743668123600860,178.000000,-130.000000,135.000000,178.000000,128.000000,360.000000,178.003006,-130.001007,135.005005,177.996994,127.998001,359.997986,51.000000,-496.000000,1524.000000,-49.000000,297.000000,-169.000000
511,1743668123606681,178.000000,-130.000000,135.000000,178.000000,128.000000,360.000000,178.001007,-130.001007,135.001007,177.996994,127.997002,359.997986,50.000000,-497.000000,1548.000000,-53.000000,282.000000,-184.000000
511,1743668123611537,178.000000,-130.000000,135.000000,178.000000,128.000000,360.000000,178.001007,-130.001007,135.005005,177.998993,127.998001,359.997009,51.000000,-505.000000,1535.000000,-52.000000,288.000000,-165.000000
511,1743668123616436,178.000000,-130.000000,135.000000,178.000000,128.000000,360.000000,178.000000,-130.001007,135.001999,177.998993,127.998001,359.997986,50.000000,-498.000000,1503.000000,-53.000000,290.000000,-190.000000
511,1743668123621064,178.000000,-130.000000,135.000000,178.000000,128.000000,360.000000,178.001007,-130.001007,135.001999,177.998993,127.998001,359.997986,49.000000,-499.000000,1511.000000,-52.000000,287.000000,-190.000000
511,1743668123625967,178.000000,-130.000000,135.000000,178.000000,128.000000,360.000000,178.003006,-130.001999,135.001999,177.998993,127.998001,359.998993,44.000000,-498.000000,1494.000000,-51.000000,288.000000,-167.000000
511,1743668123630688,178.000000,-130.000000,135.000000,178.000000,128.000000,360.000000,178.001007,-130.001007,135.001999,177.996994,128.000000,359.997986,47.000000,-504.000000,1490.000000,-52.000000,284.000000,-185.000000
511,1743668123636603,178.000000,-130.000000,135.000000,178.000000,128.000000,360.000000,178.001007,-130.001999,135.001999,177.998993,127.998001,359.998993,50.000000,-502.000000,1520.000000,-54.000000,287.000000,-161.000000
511,1743668123641402,178.000000,-130.000000,135.000000,178.000000,128.000000,360.000000,178.001007,-130.001007,135.001999,177.998993,128.000000,359.997986,40.000000,-506.000000,1496.000000,-52.000000,289.000000,-203.000000
511,1743668123646138,178.000000,-130.000000,135.000000,178.000000,128.000000,360.000000,178.001007,-130.001007,135.001999,177.998993,128.000000,359.997986,40.000000,-506.000000,1496.000000,-52.000000,289.000000,-203.000000
511,1743668123650977,178.000000,-130.000000,135.000000,178.000000,128.000000,360.000000,178.001007,-130.001999,135.001007,177.996994,127.998001,359.997986,45.000000,-496.000000,1504.000000,-52.000000,294.000000,-176.000000
511,1743668123655689,178.000000,-130.000000,135.000000,178.000000,128.000000,360.000000,178.001007,-130.001999,135.001999,177.998993,128.000000,359.998993,46.000000,-502.000000,1496.000000,-53.000000,287.000000,-190.000000
511,1743668123661566,178.000000,-130.000000,135.000000,178.000000,128.000000,360.000000,178.001007,-130.001999,135.001999,177.998993,128.000000,359.998993,46.000000,-502.000000,1496.000000,-53.000000,287.000000,-190.000000
511,1743668123666178,178.000000,-130.000000,135.000000,178.000000,128.000000,360.000000,178.001007,-130.001007,135.001999,177.996994,127.998001,359.997986,45.000000,-499.000000,1502.000000,-50.000000,295.000000,-151.000000
511,1743668123670883,178.000000,-130.000000,135.000000,178.000000,128.000000,360.000000,178.000000,-130.001007,135.001999,177.996994,127.998001,359.997986,46.000000,-500.000000,1502.000000,-50.000000,280.000000,-195.000000
511,1743668123676669,178.000000,-130.000000,135.000000,178.000000,128.000000,360.000000,178.001007,-130.001007,135.001999,177.998993,128.000000,359.997986,48.000000,-500.000000,1487.000000,-54.000000,284.000000,-158.000000
511,1743668123681283,178.000000,-130.000000,135.000000,178.000000,128.000000,360.000000,178.003006,-130.001007,135.001999,177.996994,128.000000,359.997986,54.000000,-504.000000,1496.000000,-48.000000,290.000000,-179.000000
511,1743668123685863,178.000000,-130.000000,135.000000,178.000000,128.000000,360.000000,178.001007,-130.001999,135.001999,177.998993,127.998001,359.997009,41.000000,-502.000000,1491.000000,-53.000000,289.000000,-169.000000
511,1743668123690495,178.000000,-130.000000,135.000000,178.000000,128.000000,360.000000,178.000000,-130.001007,135.001999,177.998993,127.998001,359.997986,45.000000,-500.000000,1481.000000,-54.000000,293.000000,-179.000000
511,1743668123696320,178.000000,-130.000000,135.000000,178.000000,128.000000,360.000000,178.001007,-130.001007,135.001999,177.996994,127.998001,359.997986,40.000000,-508.000000,1490.000000,-51.000000,291.000000,-163.000000
511,1743668123700899,178.000000,-130.000000,135.000000,178.000000,128.000000,360.000000,178.003006,-130.001007,135.001999,177.996994,127.998001,359.997986,37.000000,-506.000000,1498.000000,-55.000000,283.000000,-181.000000
511,1743668123705588,178.000000,-130.000000,135.000000,178.000000,128.000000,360.000000,178.000000,-130.001007,135.001999,177.998993,128.001007,359.998993,50.000000,-506.000000,1500.000000,-56.000000,231.000000,-157.000000
511,1743668123711421,178.000000,-130.000000,135.000000,178.000000,128.000000,360.000000,178.003006,-129.998993,135.001999,177.996994,128.001007,359.998993,49.000000,-506.000000,1489.000000,-51.000000,226.000000,-172.000000
511,1743668123716215,178.000000,-130.000000,135.000000,178.000000,128.000000,360.000000,178.003006,-130.001007,135.001999,177.998993,128.003006,359.997986,41.000000,-510.000000,1488.000000,-56.000000,228.000000,-171.000000
511,1743668123720805,178.000000,-130.000000,135.000000,178.000000,128.000000,360.000000,178.003006,-130.001999,135.001999,177.998993,128.003998,359.997009,42.000000,-509.000000,1484.000000,-48.000000,224.000000,-164.000000
511,1743668123725656,178.000000,-130.000000,135.000000,178.000000,128.000000,360.000000,178.000000,-130.001007,135.001999,177.996994,128.003998,359.997986,41.000000,-509.000000,1487.000000,-50.000000,225.000000,-147.000000
511,1743668123730488,178.000000,-130.000000,135.000000,178.000000,128.000000,360.000000,178.000000,-130.001007,135.001999,177.998993,128.003998,359.998993,34.000000,-512.000000,1491.000000,-51.000000,228.000000,-194.000000
511,1743668123736348,178.000000,-130.000000,135.000000,178.000000,128.000000,360.000000,178.001007,-130.001007,135.001999,177.996994,128.003006,359.997009,45.000000,-514.000000,1489.000000,-46.000000,223.000000,-170.000000
511,1743668123740891,178.000000,-130.000000,135.000000,178.000000,128.000000,360.000000,178.001007,-130.001007,135.001007,177.998993,128.003006,359.997986,50.000000,-514.000000,1465.000000,-54.000000,221.000000,-172.000000
511,1743668123746726,178.000000,-130.000000,135.000000,178.000000,128.000000,360.000000,178.001007,-130.001007,135.001007,177.998993,128.003006,359.998993,48.000000,-513.000000,1483.000000,-50.000000,219.000000,-164.000000
511,1743668123751203,178.000000,-130.000000,135.000000,178.000000,128.000000,360.000000,178.001007,-130.001007,135.001007,177.998993,128.003006,359.997986,47.000000,-511.000000,1484.000000,-51.000000,220.000000,-164.000000
511,1743668123755775,178.000000,-130.000000,135.000000,178.000000,128.000000,360.000000,178.001007,-130.001007,135.001007,177.996994,128.005005,359.997986,40.000000,-521.000000,1480.000000,-53.000000,223.000000,-164.000000
511,1743668123761516,178.000000,-130.000000,135.000000,178.000000,128.000000,360.000000,178.001007,-130.001007,135.001999,177.998993,128.003998,359.998993,48.000000,-522.000000,1466.000000,-54.000000,203.000000,-172.000000
511,1743668123766171,178.000000,-130.000000,135.000000,178.000000,128.000000,360.000000,178.001007,-130.001007,135.001999,177.996994,128.005005,359.998993,48.000000,-517.000000,1481.000000,-49.000000,210.000000,-189.000000
511,1743668123770696,178.000000,-130.000000,135.000000,178.000000,128.000000,360.000000,178.001007,-130.001007,135.001999,177.998993,128.003998,359.997009,50.000000,-518.000000,1487.000000,-54.000000,209.000000,-140.000000
511,1743668123776585,178.000000,-130.000000,135.000000,178.000000,128.000000,360.000000,178.003998,-130.001007,135.001999,177.996994,128.003998,359.997986,49.000000,-520.000000,1459.000000,-53.000000,207.000000,-181.000000
511,1743668123781242,178.000000,-130.000000,135.000000,178.000000,128.000000,360.000000,178.003006,-130.001007,135.001007,177.998993,128.003998,359.997009,45.000000,-518.000000,1471.000000,-51.000000,194.000000,-168.000000
511,1743668123785855,178.000000,-130.000000,135.000000,178.000000,128.000000,360.000000,178.001007,-130.001007,135.001999,177.998993,128.003998,359.997986,47.000000,-509.000000,1473.000000,-53.000000,207.000000,-162.000000
511,1743668123791548,178.000000,-130.000000,135.000000,178.000000,128.000000,360.000000,178.001007,-130.001007,135.001999,177.998993,128.003998,359.997986,47.000000,-509.000000,1473.000000,-53.000000,207.000000,-162.000000
511,1743668123796206,178.000000,-130.000000,135.000000,178.000000,128.000000,360.000000,178.001007,-130.001999,135.001007,177.998993,128.003998,359.997986,44.000000,-513.000000,1456.000000,-54.000000,207.000000,-164.000000
511,1743668123800811,178.000000,-130.000000,135.000000,178.000000,128.000000,360.000000,178.001007,-130.001999,135.001007,177.998993,128.003998,359.997986,44.000000,-513.000000,1456.000000,-54.000000,207.000000,-164.000000
511,1743668123806517,178.000000,-130.000000,135.000000,178.000000,128.000000,360.000000,178.003006,-130.001007,135.001999,177.996994,128.005005,359.997986,46.000000,-517.000000,1452.000000,-49.000000,188.000000,-193.000000
511,1743668123811199,178.000000,-130.000000,135.000000,178.000000,128.000000,360.000000,178.001007,-130.001999,135.001999,177.998993,128.003998,359.997986,41.000000,-516.000000,1448.000000,-48.000000,186.000000,-164.000000
511,1743668123815777,178.000000,-130.000000,135.000000,178.000000,128.000000,360.000000,178.001007,-130.001999,135.001999,177.998993,128.003998,359.997986,41.000000,-516.000000,1448.000000,-48.000000,186.000000,-164.000000
511,1743668123821721,178.000000,-130.000000,135.000000,178.000000,128.000000,360.000000,178.001007,-130.001999,135.005005,177.996994,128.003998,359.997986,47.000000,-513.000000,1455.000000,-55.000000,178.000000,-169.000000
511,1743668123826489,178.000000,-130.000000,135.000000,178.000000,128.000000,360.000000,178.001007,-130.001007,135.001999,177.998993,128.003998,359.997986,40.000000,-515.000000,1445.000000,-48.000000,171.000000,-182.000000
511,1743668123831149,178.000000,-130.000000,135.000000,178.000000,128.000000,360.000000,178.001007,-130.001007,135.005005,177.996994,128.003006,359.997009,41.000000,-514.000000,1423.000000,-50.000000,176.000000,-160.000000
511,1743668123835734,178.000000,-130.000000,135.000000,178.000000,128.000000,360.000000,178.000000,-130.001007,135.001999,177.998993,128.003006,359.997009,42.000000,-515.000000,1388.000000,-49.000000,176.000000,-188.000000
511,1743668123841629,178.000000,-130.000000,135.000000,178.000000,128.000000,360.000000,178.000000,-130.001007,135.001999,177.996994,128.003998,359.997986,41.000000,-515.000000,1436.000000,-54.000000,167.000000,-161.000000
511,1743668123846276,178.000000,-130.000000,135.000000,178.000000,128.000000,360.000000,178.003006,-130.001007,135.001999,177.998993,128.003998,359.997986,42.000000,-514.000000,1439.000000,-51.000000,165.000000,-162.000000
511,1743668123850910,178.000000,-130.000000,135.000000,178.000000,128.000000,360.000000,178.003006,-129.998993,135.001999,177.998993,128.003998,359.998993,39.000000,-515.000000,1429.000000,-50.000000,166.000000,-195.000000
511,1743668123855549,178.000000,-130.000000,135.000000,178.000000,128.000000,360.000000,178.001007,-130.001007,135.001999,177.998993,128.003006,359.998993,40.000000,-513.000000,1402.000000,-49.000000,161.000000,-164.000000
511,1743668123861254,178.000000,-130.000000,135.000000,178.000000,128.000000,360.000000,178.001007,-130.001007,135.005005,177.998993,128.003006,359.997009,41.000000,-521.000000,1394.000000,-51.000000,169.000000,-165.000000
511,1743668123865942,178.000000,-130.000000,135.000000,178.000000,128.000000,360.000000,178.001007,-130.001999,135.001999,177.996994,128.003998,359.997986,39.000000,-515.000000,1419.000000,-50.000000,156.000000,-194.000000
511,1743668123871791,178.000000,-130.000000,135.000000,178.000000,128.000000,360.000000,178.001007,-130.001999,135.005005,177.998993,128.003998,359.997986,34.000000,-516.000000,1415.000000,-45.000000,159.000000,-154.000000
511,1743668123876495,178.000000,-130.000000,135.000000,178.000000,128.000000,360.000000,178.001007,-130.001007,135.005005,177.998993,128.003998,359.997986,44.000000,-521.000000,1413.000000,-56.000000,153.000000,-158.000000
511,1743668123881209,178.000000,-130.000000,135.000000,178.000000,128.000000,360.000000,178.001007,-130.001007,135.001999,177.996994,128.003006,359.997986,42.000000,-519.000000,1392.000000,-52.000000,156.000000,-184.000000
511,1743668123885909,178.000000,-130.000000,135.000000,178.000000,128.000000,360.000000,178.000000,-130.001007,135.001007,177.998993,128.003998,359.997986,43.000000,-519.000000,1420.000000,-60.000000,153.000000,-172.000000
511,1743668123891540,178.000000,-130.000000,135.000000,178.000000,128.000000,360.000000,178.001007,-130.001999,135.001999,177.998993,128.003998,359.997986,42.000000,-518.000000,1419.000000,-51.000000,141.000000,-164.000000
511,1743668123895978,178.000000,-130.000000,135.000000,178.000000,128.000000,360.000000,178.003006,-130.001007,135.001007,177.998993,128.003998,359.998993,41.000000,-519.000000,1418.000000,-52.000000,141.000000,-166.000000
511,1743668123901348,178.000000,-130.000000,135.000000,178.000000,128.000000,360.000000,178.000000,-130.001007,135.001999,177.998993,128.003006,359.998993,43.000000,-511.000000,1422.000000,-51.000000,136.000000,-164.000000
511,1743668123905810,178.000000,-130.000000,135.000000,178.000000,128.000000,360.000000,178.000000,-129.998993,135.005005,177.998993,128.003998,359.997986,36.000000,-514.000000,1409.000000,-48.000000,135.000000,-169.000000
511,1743668123911548,178.000000,-130.000000,135.000000,178.000000,128.000000,360.000000,178.003006,-130.001007,135.001007,177.998993,128.003006,359.997986,35.000000,-514.000000,1395.000000,-53.000000,132.000000,-187.000000
511,1743668123916377,178.000000,-130.000000,135.000000,178.000000,128.000000,360.000000,178.000000,-130.001007,135.001007,177.998993,128.001007,359.997986,22.000000,-513.000000,1412.000000,-50.000000,128.000000,-181.000000
511,1743668123921122,178.000000,-130.000000,135.000000,178.000000,128.000000,360.000000,178.001007,-130.001007,135.001999,177.998993,128.003998,359.997986,29.000000,-511.000000,1393.000000,-46.000000,132.000000,-159.000000
511,1743668123926000,178.000000,-130.000000,135.000000,178.000000,128.000000,360.000000,178.003006,-130.001999,135.001007,177.998993,128.003006,359.998993,32.000000,-508.000000,1401.000000,-53.000000,126.000000,-162.000000
511,1743668123930701,178.000000,-130.000000,135.000000,178.000000,128.000000,360.000000,178.001007,-130.001999,135.001999,177.998993,128.003998,359.997986,40.000000,-510.000000,1402.000000,-47.000000,133.000000,-190.000000
511,1743668123936471,178.000000,-130.000000,135.000000,178.000000,128.000000,360.000000,178.000000,-130.001999,135.001999,177.996994,128.003998,359.997986,33.000000,-515.000000,1378.000000,-51.000000,129.000000,-156.000000
511,1743668123941131,178.000000,-130.000000,135.000000,178.000000,128.000000,360.000000,178.001007,-129.998993,135.001999,177.998993,128.003006,359.998993,34.000000,-510.000000,1382.000000,-55.000000,119.000000,-165.000000
511,1743668123945991,178.000000,-130.000000,135.000000,178.000000,128.000000,360.000000,178.001007,-130.001999,135.001999,177.998993,128.003998,359.997986,35.000000,-510.000000,1358.000000,-46.000000,119.000000,-153.000000
511,1743668123950531,178.000000,-130.000000,135.000000,178.000000,128.000000,360.000000,178.001007,-130.001007,135.001999,177.996994,128.003006,359.997986,34.000000,-510.000000,1384.000000,-49.000000,123.000000,-172.000000
511,1743668123956360,178.000000,-130.000000,135.000000,178.000000,128.000000,360.000000,178.001007,-130.001007,135.001999,177.998993,128.003006,359.998993,23.000000,-515.000000,1370.000000,-53.000000,122.000000,-173.000000
511,1743668123960885,178.000000,-130.000000,135.000000,178.000000,128.000000,360.000000,178.001007,-130.001007,135.005005,177.996994,128.003998,359.997986,32.000000,-512.000000,1374.000000,-48.000000,117.000000,-173.000000
511,1743668123966632,178.000000,-130.000000,135.000000,178.000000,128.000000,360.000000,178.000000,-130.001007,135.001999,177.998993,128.003998,359.998993,26.000000,-511.000000,1374.000000,-48.000000,98.000000,-161.000000
511,1743668123971405,178.000000,-130.000000,135.000000,178.000000,128.000000,360.000000,178.001007,-130.001007,135.001999,177.998993,128.003006,359.997986,22.000000,-510.000000,1373.000000,-50.000000,110.000000,-170.000000
511,1743668123975907,178.000000,-130.000000,135.000000,178.000000,128.000000,360.000000,178.001007,-130.001007,135.001999,177.998993,128.003006,359.997986,22.000000,-510.000000,1373.000000,-50.000000,110.000000,-170.000000
511,1743668123980628,178.000000,-130.000000,135.000000,178.000000,128.000000,360.000000,178.001007,-130.001007,135.001999,177.996994,128.003998,359.997986,25.000000,-512.000000,1360.000000,-52.000000,94.000000,-168.000000
511,1743668123986462,178.000000,-130.000000,135.000000,178.000000,128.000000,360.000000,178.003006,-130.001007,135.005005,177.998993,128.003998,359.998993,25.000000,-513.000000,1355.000000,-52.000000,99.000000,-170.000000
511,1743668123991197,178.000000,-130.000000,135.000000,178.000000,128.000000,360.000000,178.003006,-130.001007,135.005005,177.998993,128.003998,359.998993,25.000000,-513.000000,1355.000000,-52.000000,99.000000,-170.000000
511,1743668123995847,178.000000,-130.000000,135.000000,178.000000,128.000000,360.000000,178.000000,-130.001007,135.001999,177.998993,128.003006,359.997986,26.000000,-510.000000,1345.000000,-46.000000,107.000000,-153.000000
511,1743668124000675,178.000000,-130.000000,135.000000,178.000000,128.000000,360.000000,178.001007,-130.001999,135.001007,177.998993,128.001007,359.997986,27.000000,-517.000000,1357.000000,-47.000000,103.000000,-156.000000
511,1743668124006374,178.000000,-130.000000,135.000000,178.000000,128.000000,360.000000,178.001007,-130.001007,135.001999,177.996994,128.003006,359.997009,14.000000,-514.000000,1358.000000,-52.000000,108.000000,-177.000000
511,1743668124010963,178.000000,-130.000000,135.000000,178.000000,128.000000,360.000000,178.001007,-130.001999,135.001999,177.998993,128.003006,359.998993,21.000000,-516.000000,1354.000000,-53.000000,109.000000,-177.000000
511,1743668124016678,178.000000,-130.000000,135.000000,178.000000,128.000000,360.000000,178.003006,-130.001007,135.001999,177.998993,128.003006,359.997986,21.000000,-514.000000,1355.000000,-57.000000,99.000000,-176.000000
511,1743668124021377,178.000000,-130.000000,135.000000,178.000000,128.000000,360.000000,178.001007,-130.001999,135.001999,177.996994,128.003006,359.997986,13.000000,-514.000000,1370.000000,-50.000000,95.000000,-161.000000
511,1743668124025860,178.000000,-130.000000,135.000000,178.000000,128.000000,360.000000,178.001007,-130.001999,135.001999,178.000000,128.003998,359.997986,13.000000,-515.000000,1358.000000,-51.000000,98.000000,-165.000000
511,1743668124031554,178.000000,-130.000000,135.000000,178.000000,128.000000,360.000000,178.001007,-130.001007,135.005005,177.998993,128.003998,359.997986,25.000000,-513.000000,1344.000000,-51.000000,83.000000,-170.000000
511,1743668124036096,178.000000,-130.000000,135.000000,178.000000,128.000000,360.000000,178.003006,-130.001007,135.001999,177.998993,128.001007,359.997986,27.000000,-514.000000,1352.000000,-54.000000,89.000000,-183.000000
511,1743668124040774,178.000000,-130.000000,135.000000,178.000000,128.000000,360.000000,178.003006,-130.001007,135.001999,177.998993,128.003006,359.997986,23.000000,-516.000000,1331.000000,-46.000000,97.000000,-174.000000
511,1743668124046379,178.000000,-130.000000,135.000000,178.000000,128.000000,360.000000,178.001007,-130.001999,135.001999,177.998993,128.003006,359.998993,24.000000,-514.000000,1323.000000,-55.000000,91.000000,-170.000000
511,1743668124050928,178.000000,-130.000000,135.000000,178.000000,128.000000,360.000000,178.003006,-130.001007,135.005005,177.998993,128.001007,359.997986,23.000000,-514.000000,1357.000000,-48.000000,89.000000,-157.000000
511,1743668124056360,178.000000,-130.000000,135.000000,178.000000,128.000000,360.000000,178.003006,-130.001007,135.001999,177.998993,128.003006,359.998993,23.000000,-515.000000,1322.000000,-53.000000,83.000000,-160.000000
511,1743668124060681,178.000000,-130.000000,135.000000,178.000000,128.000000,360.000000,178.001007,-130.001007,135.001007,177.998993,128.003006,359.997986,24.000000,-514.000000,1339.000000,-53.000000,92.000000,-164.000000
511,1743668124066006,178.000000,-130.000000,135.000000,178.000000,128.000000,360.000000,178.000000,-130.001007,135.005005,177.998993,128.001007,359.997986,27.000000,-510.000000,1338.000000,-54.000000,95.000000,-142.000000
511,1743668124071388,178.000000,-130.000000,135.000000,178.000000,128.000000,360.000000,178.001007,-130.001999,135.001007,177.996994,128.003006,359.997986,26.000000,-505.000000,1329.000000,-53.000000,87.000000,-167.000000
511,1743668124075730,178.000000,-130.000000,135.000000,178.000000,128.000000,360.000000,178.001007,-129.998993,135.005005,177.998993,128.003006,359.997986,25.000000,-510.000000,1318.000000,-49.000000,87.000000,-192.000000
511,1743668124081098,178.000000,-130.000000,135.000000,178.000000,128.000000,360.000000,178.003006,-130.001007,135.001999,177.998993,128.003998,359.997986,22.000000,-505.000000,1305.000000,-52.000000,84.000000,-166.000000
511,1743668124086534,178.000000,-130.000000,135.000000,178.000000,128.000000,360.000000,178.001007,-130.001007,135.005997,177.998993,128.003006,359.997986,22.000000,-508.000000,1307.000000,-52.000000,73.000000,-153.000000
511,1743668124091063,178.000000,-130.000000,135.000000,178.000000,128.000000,360.000000,178.001007,-130.001007,135.001999,177.998993,128.003006,359.998993,24.000000,-515.000000,1281.000000,-43.000000,76.000000,-133.000000
511,1743668124095636,178.000000,-130.000000,135.000000,178.000000,128.000000,360.000000,178.003998,-130.001007,135.001999,177.996994,128.003006,359.998993,24.000000,-507.000000,1295.000000,-48.000000,84.000000,-172.000000
511,1743668124101104,178.000000,-130.000000,135.000000,178.000000,128.000000,360.000000,178.003006,-130.001007,135.001999,177.998993,128.003006,359.997986,22.000000,-506.000000,1301.000000,-51.000000,81.000000,-152.000000
511,1743668124106626,178.000000,-130.000000,135.000000,178.000000,128.000000,360.000000,178.003006,-130.001007,135.001999,177.998993,128.003006,359.997986,20.000000,-508.000000,1304.000000,-61.000000,85.000000,-164.000000
511,1743668124111391,178.000000,-130.000000,135.000000,178.000000,128.000000,360.000000,178.003006,-130.001999,135.001999,177.998993,128.001007,359.997009,31.000000,-506.000000,1270.000000,-53.000000,80.000000,-139.000000
511,1743668124115958,178.000000,-130.000000,135.000000,178.000000,128.000000,360.000000,178.001007,-130.001007,135.005005,177.996994,128.001007,359.997986,26.000000,-502.000000,1306.000000,-52.000000,87.000000,-167.000000
511,1743668124120673,178.000000,-130.000000,135.000000,178.000000,128.000000,360.000000,178.001007,-130.001007,135.001999,177.998993,128.003006,359.997009,17.000000,-500.000000,1284.000000,-51.000000,89.000000,-175.000000
511,1743668124126318,178.000000,-130.000000,135.000000,178.000000,128.000000,360.000000,178.001007,-130.001999,135.001999,177.998993,128.003006,359.997986,25.000000,-503.000000,1293.000000,-55.000000,93.000000,-182.000000
511,1743668124130787,178.000000,-130.000000,135.000000,178.000000,128.000000,360.000000,178.001007,-130.001999,135.001999,177.998993,128.001007,359.997986,35.000000,-491.000000,1272.000000,-58.000000,86.000000,-142.000000
511,1743668124136573,178.000000,-130.000000,135.000000,178.000000,128.000000,360.000000,178.001007,-130.001007,135.001007,177.996994,128.003006,359.997986,36.000000,-493.000000,1281.000000,-50.000000,88.000000,-181.000000
511,1743668124141023,178.000000,-130.000000,135.000000,178.000000,128.000000,360.000000,178.001007,-130.001007,135.001007,177.996994,128.001007,359.998993,27.000000,-497.000000,1291.000000,-54.000000,87.000000,-180.000000
511,1743668124146651,178.000000,-130.000000,135.000000,178.000000,128.000000,360.000000,178.000000,-130.001007,135.001999,177.996994,128.003006,359.997986,32.000000,-486.000000,1283.000000,-56.000000,90.000000,-151.000000
511,1743668124150972,178.000000,-130.000000,135.000000,178.000000,128.000000,360.000000,178.001007,-130.001007,135.001999,177.998993,128.001007,359.998993,37.000000,-493.000000,1280.000000,-55.000000,89.000000,-157.000000
511,1743668124156353,178.000000,-130.000000,135.000000,178.000000,128.000000,360.000000,178.001007,-130.001999,135.001999,177.996994,128.001007,359.998993,29.000000,-493.000000,1270.000000,-56.000000,98.000000,-161.000000
511,1743668124160737,178.000000,-130.000000,135.000000,178.000000,128.000000,360.000000,178.001007,-130.001007,135.001999,177.998993,128.001007,359.997986,31.000000,-493.000000,1291.000000,-56.000000,87.000000,-198.000000
511,1743668124166075,178.000000,-130.000000,135.000000,178.000000,128.000000,360.000000,178.001007,-130.001007,135.005005,177.996994,128.001007,359.997009,30.000000,-493.000000,1275.000000,-51.000000,90.000000,-177.000000
511,1743668124171468,178.000000,-130.000000,135.000000,178.000000,128.000000,360.000000,178.003006,-130.001999,135.001999,177.998993,128.001007,359.997986,30.000000,-493.000000,1269.000000,-63.000000,89.000000,-165.000000
511,1743668124175795,178.000000,-130.000000,135.000000,178.000000,128.000000,360.000000,178.003006,-130.001999,135.001999,177.998993,128.001007,359.997986,30.000000,-493.000000,1269.000000,-63.000000,89.000000,-165.000000
511,1743668124181318,178.000000,-130.000000,135.000000,178.000000,128.000000,360.000000,178.001007,-130.001999,135.001999,177.998993,128.003006,359.997986,22.000000,-494.000000,1279.000000,-56.000000,91.000000,-178.000000
511,1743668124186758,178.000000,-130.000000,135.000000,178.000000,128.000000,360.000000,178.003006,-130.001007,135.001999,177.998993,128.001007,359.998993,31.000000,-491.000000,1276.000000,-56.000000,86.000000,-174.000000
511,1743668124191092,178.000000,-130.000000,135.000000,178.000000,128.000000,360.000000,178.003006,-130.001007,135.001999,177.998993,128.001007,359.998993,31.000000,-491.000000,1276.000000,-56.000000,86.000000,-174.000000
511,1743668124196427,178.000000,-130.000000,135.000000,178.000000,128.000000,360.000000,178.001007,-130.001999,135.001999,177.998993,128.001007,359.997986,31.000000,-493.000000,1247.000000,-55.000000,89.000000,-167.000000
511,1743668124200709,178.000000,-130.000000,135.000000,178.000000,128.000000,360.000000,178.001007,-130.001999,135.001007,177.998993,128.001007,359.997986,30.000000,-492.000000,1267.000000,-58.000000,89.000000,-150.000000
511,1743668124206091,178.000000,-130.000000,135.000000,178.000000,128.000000,360.000000,178.001007,-130.001999,135.001007,177.998993,128.001007,359.997986,30.000000,-492.000000,1267.000000,-58.000000,89.000000,-150.000000
511,1743668124211432,178.000000,-130.000000,135.000000,178.000000,128.000000,360.000000,178.000000,-130.001007,135.005005,177.996994,128.003006,359.997986,26.000000,-500.000000,1255.000000,-58.000000,87.000000,-185.000000
511,1743668124215783,178.000000,-130.000000,135.000000,178.000000,128.000000,360.000000,177.998993,-130.001007,135.001999,177.996994,128.001007,359.997986,26.000000,-496.000000,1238.000000,-59.000000,89.000000,-146.000000
511,1743668124221148,178.000000,-130.000000,135.000000,178.000000,128.000000,360.000000,178.000000,-130.001999,135.001999,177.998993,128.001007,359.997986,28.000000,-487.000000,1260.000000,-52.000000,90.000000,-156.000000
511,1743668124226515,178.000000,-130.000000,135.000000,178.000000,128.000000,360.000000,178.000000,-130.001007,135.001999,177.996994,128.003006,359.998993,28.000000,-488.000000,1260.000000,-54.000000,88.000000,-174.000000
511,1743668124230825,178.000000,-130.000000,135.000000,178.000000,128.000000,360.000000,178.000000,-130.001999,135.005005,177.996994,128.001007,359.997986,27.000000,-491.000000,1253.000000,-57.000000,89.000000,-181.000000
511,1743668124236259,178.000000,-130.000000,135.000000,178.000000,128.000000,360.000000,178.001007,-130.001007,135.001999,177.996994,128.001007,359.997986,43.000000,-490.000000,1235.000000,-53.000000,92.000000,-172.000000
511,1743668124240586,178.000000,-130.000000,135.000000,178.000000,128.000000,360.000000,178.000000,-130.001007,135.001007,177.996994,128.003006,359.997986,41.000000,-491.000000,1254.000000,-55.000000,93.000000,-181.000000
511,1743668124245941,178.000000,-130.000000,135.000000,178.000000,128.000000,360.000000,178.001007,-130.001007,135.005005,177.998993,128.001007,359.998993,40.000000,-496.000000,1255.000000,-59.000000,90.000000,-159.000000
511,1743668124251327,178.000000,-130.000000,135.000000,178.000000,128.000000,360.000000,178.001007,-130.001007,135.001999,177.996994,128.001007,359.997986,41.000000,-492.000000,1240.000000,-49.000000,88.000000,-139.000000
511,1743668124255618,178.000000,-130.000000,135.000000,178.000000,128.000000,360.000000,178.001007,-130.001999,135.001999,177.996994,128.001007,359.998993,44.000000,-491.000000,1249.000000,-54.000000,92.000000,-175.000000
511,1743668124261048,178.000000,-130.000000,135.000000,178.000000,128.000000,360.000000,178.001007,-130.001999,135.001999,177.998993,128.003006,359.997986,42.000000,-490.000000,1239.000000,-56.000000,87.000000,-179.000000
511,1743668124265418,178.000000,-130.000000,135.000000,178.000000,128.000000,360.000000,178.000000,-130.001999,135.001999,177.998993,128.001007,359.997986,34.000000,-489.000000,1232.000000,-52.000000,89.000000,-165.000000
511,1743668124270805,178.000000,-130.000000,135.000000,178.000000,128.000000,360.000000,178.001007,-130.001999,135.001999,177.998993,128.001007,359.997986,39.000000,-496.000000,1230.000000,-56.000000,92.000000,-181.000000
511,1743668124276215,178.000000,-130.000000,135.000000,178.000000,128.000000,360.000000,178.000000,-130.001999,135.001999,177.998993,128.001007,359.997986,43.000000,-494.000000,1227.000000,-55.000000,90.000000,-179.000000
511,1743668124280570,178.000000,-130.000000,135.000000,178.000000,128.000000,360.000000,178.001007,-130.001007,135.001007,177.998993,128.000000,359.997986,39.000000,-492.000000,1235.000000,-59.000000,89.000000,-171.000000
511,1743668124286173,178.000000,-130.000000,135.000000,178.000000,128.000000,360.000000,178.001007,-130.001007,135.001999,177.996994,128.001007,359.997009,44.000000,-494.000000,1228.000000,-60.000000,96.000000,-146.000000
511,1743668124291520,178.000000,-130.000000,135.000000,178.000000,128.000000,360.000000,178.001007,-130.001007,135.001999,177.998993,128.001007,359.997986,41.000000,-496.000000,1216.000000,-52.000000,94.000000,-163.000000
511,1743668124295817,178.000000,-130.000000,135.000000,178.000000,128.000000,360.000000,178.001007,-129.998993,135.001999,177.998993,128.000000,359.997009,42.000000,-493.000000,1205.000000,-58.000000,90.000000,-177.000000
511,1743668124301229,178.000000,-130.000000,135.000000,178.000000,128.000000,360.000000,178.001007,-130.001007,135.001999,177.998993,128.001007,359.997986,53.000000,-492.000000,1208.000000,-57.000000,96.000000,-177.000000
511,1743668124306588,178.000000,-130.000000,135.000000,178.000000,128.000000,360.000000,178.001007,-130.001007,135.001999,177.998993,128.001007,359.997986,47.000000,-490.000000,1213.000000,-57.000000,96.000000,-148.000000
511,1743668124310895,178.000000,-130.000000,135.000000,178.000000,128.000000,360.000000,178.001007,-130.001007,135.001007,177.998993,128.001007,359.997009,48.000000,-486.000000,1209.000000,-56.000000,88.000000,-175.000000
511,1743668124316252,178.000000,-130.000000,135.000000,178.000000,128.000000,360.000000,178.001007,-130.001999,135.001999,177.998993,128.001007,359.997986,42.000000,-489.000000,1192.000000,-53.000000,93.000000,-189.000000
511,1743668124320519,178.000000,-130.000000,135.000000,178.000000,128.000000,360.000000,178.001007,-130.001999,135.001999,177.998993,128.001007,359.997986,50.000000,-497.000000,1199.000000,-54.000000,90.000000,-173.000000
511,1743668124325963,178.000000,-130.000000,135.000000,178.000000,128.000000,360.000000,178.001007,-130.001999,135.005005,177.996994,128.001007,359.997986,50.000000,-497.000000,1207.000000,-56.000000,92.000000,-172.000000
511,1743668124331413,178.000000,-130.000000,135.000000,178.000000,128.000000,360.000000,178.003006,-130.001999,135.001999,177.998993,128.001007,359.997986,44.000000,-496.000000,1197.000000,-55.000000,94.000000,-167.000000
511,1743668124335912,178.000000,-130.000000,135.000000,178.000000,128.000000,360.000000,178.003006,-130.001007,135.001999,177.998993,128.001007,359.997986,38.000000,-497.000000,1198.000000,-58.000000,90.000000,-161.000000
511,1743668124341554,178.000000,-130.000000,135.000000,178.000000,128.000000,360.000000,178.000000,-130.001999,135.001999,177.998993,128.001007,359.998993,36.000000,-492.000000,1181.000000,-55.000000,93.000000,-160.000000
511,1743668124346120,178.000000,-130.000000,135.000000,178.000000,128.000000,360.000000,178.000000,-130.001999,135.001999,177.998993,128.000000,359.997986,43.000000,-494.000000,1195.000000,-56.000000,87.000000,-175.000000
511,1743668124350865,178.000000,-130.000000,135.000000,178.000000,128.000000,360.000000,178.000000,-130.001999,135.001999,177.998993,128.000000,359.997986,43.000000,-494.000000,1195.000000,-56.000000,87.000000,-175.000000
511,1743668124356749,178.000000,-130.000000,135.000000,178.000000,128.000000,360.000000,178.001007,-130.001007,135.001007,177.998993,128.001007,359.998993,48.000000,-501.000000,1197.000000,-57.000000,95.000000,-168.000000
511,1743668124361485,178.000000,-130.000000,135.000000,178.000000,128.000000,360.000000,178.003998,-130.001007,135.005005,178.000000,128.001007,359.997986,48.000000,-500.000000,1176.000000,-56.000000,99.000000,-157.000000
511,1743668124366087,178.000000,-130.000000,135.000000,178.000000,128.000000,360.000000,178.003998,-130.001007,135.005005,178.000000,128.001007,359.997986,48.000000,-500.000000,1176.000000,-56.000000,99.000000,-157.000000
511,1743668124370705,178.000000,-130.000000,135.000000,178.000000,128.000000,360.000000,178.001007,-130.001999,135.005005,177.998993,128.000000,359.997986,43.000000,-497.000000,1162.000000,-58.000000,91.000000,-161.000000
511,1743668124376513,178.000000,-130.000000,135.000000,178.000000,128.000000,360.000000,178.001007,-130.001007,135.001007,177.996994,128.000000,359.997986,38.000000,-494.000000,1146.000000,-55.000000,89.000000,-169.000000
511,1743668124381236,178.000000,-130.000000,135.000000,178.000000,128.000000,360.000000,178.001007,-130.001007,135.001007,177.996994,128.000000,359.997986,38.000000,-494.000000,1146.000000,-55.000000,89.000000,-169.000000
511,1743668124385740,178.000000,-130.000000,135.000000,178.000000,128.000000,360.000000,178.003006,-130.001999,135.001999,177.998993,128.001007,359.997009,44.000000,-504.000000,1152.000000,-56.000000,93.000000,-164.000000
511,1743668124391579,178.000000,-130.000000,135.000000,178.000000,128.000000,360.000000,178.001007,-130.001999,135.001999,177.998993,128.001007,359.997986,42.000000,-500.000000,1153.000000,-56.000000,91.000000,-163.000000
511,1743668124396188,178.000000,-130.000000,135.000000,178.000000,128.000000,360.000000,178.001007,-130.001999,135.005005,177.998993,128.001007,359.998993,42.000000,-499.000000,1155.000000,-58.000000,91.000000,-145.000000
511,1743668124400603,178.000000,-130.000000,135.000000,178.000000,128.000000,360.000000,178.001007,-130.001999,135.001007,177.998993,128.001007,359.994995,45.000000,-499.000000,1129.000000,-59.000000,99.000000,-167.000000
511,1743668124406331,178.000000,-130.000000,135.000000,178.000000,128.000000,360.000000,178.000000,-129.998993,135.001999,177.998993,128.001007,359.997986,40.000000,-504.000000,1148.000000,-55.000000,98.000000,-171.000000
511,1743668124410714,178.000000,-130.000000,135.000000,178.000000,128.000000,360.000000,178.001007,-130.001999,135.001999,177.998993,128.000000,359.997986,41.000000,-501.000000,1130.000000,-57.000000,100.000000,-168.000000
511,1743668124416343,178.000000,-130.000000,135.000000,178.000000,128.000000,360.000000,178.003006,-130.001999,135.001999,177.996994,128.000000,359.997986,38.000000,-501.000000,1138.000000,-59.000000,99.000000,-151.000000
511,1743668124420807,178.000000,-130.000000,135.000000,178.000000,128.000000,360.000000,178.001007,-129.998993,135.001999,177.996994,128.000000,359.997986,39.000000,-501.000000,1130.000000,-54.000000,92.000000,-167.000000
511,1743668124425391,178.000000,-130.000000,135.000000,178.000000,128.000000,360.000000,178.000000,-130.001007,135.001007,177.996994,127.998001,359.998993,44.000000,-502.000000,1122.000000,-55.000000,96.000000,-153.000000
511,1743668124430966,178.000000,-130.000000,135.000000,178.000000,128.000000,360.000000,178.001007,-130.001007,135.001999,177.998993,128.000000,359.997986,41.000000,-502.000000,1128.000000,-50.000000,88.000000,-164.000000
511,1743668124435486,178.000000,-130.000000,135.000000,178.000000,128.000000,360.000000,178.001007,-130.001007,135.001999,177.996994,128.000000,359.997986,42.000000,-502.000000,1126.000000,-57.000000,95.000000,-188.000000
511,1743668124441256,178.000000,-130.000000,135.000000,178.000000,128.000000,360.000000,178.001007,-130.001007,135.001007,177.996994,128.000000,359.997986,45.000000,-509.000000,1135.000000,-53.000000,97.000000,-159.000000
511,1743668124445695,178.000000,-130.000000,135.000000,178.000000,128.000000,360.000000,178.001007,-130.001007,135.005005,177.998993,128.000000,359.997986,56.000000,-495.000000,1111.000000,-55.000000,97.000000,-179.000000
511,1743668124451337,178.000000,-130.000000,135.000000,178.000000,128.000000,360.000000,178.000000,-130.001999,135.001007,177.998993,128.000000,359.998993,47.000000,-502.000000,1073.000000,-54.000000,97.000000,-158.000000
511,1743668124455788,178.000000,-130.000000,135.000000,178.000000,128.000000,360.000000,178.001007,-130.001999,135.001999,177.998993,128.000000,359.997009,40.000000,-506.000000,1110.000000,-54.000000,98.000000,-154.000000
511,1743668124461494,178.000000,-130.000000,135.000000,178.000000,128.000000,360.000000,178.001007,-130.001999,135.001999,177.996994,128.000000,359.997986,53.000000,-504.000000,1116.000000,-57.000000,94.000000,-189.000000
511,1743668124466084,178.000000,-130.000000,135.000000,178.000000,128.000000,360.000000,178.000000,-130.001007,135.001999,177.998993,128.000000,359.997986,44.000000,-503.000000,1101.000000,-54.000000,93.000000,-173.000000
511,1743668124470517,178.000000,-130.000000,135.000000,178.000000,128.000000,360.000000,178.001007,-130.001007,135.001999,177.998993,128.000000,359.997986,46.000000,-504.000000,1111.000000,-50.000000,100.000000,-176.000000
511,1743668124476263,178.000000,-130.000000,135.000000,178.000000,128.000000,360.000000,178.000000,-130.001007,135.001007,177.998993,127.998001,359.997986,45.000000,-503.000000,1106.000000,-55.000000,90.000000,-175.000000
511,1743668124480901,178.000000,-130.000000,135.000000,178.000000,128.000000,360.000000,178.003006,-130.001007,135.005005,177.996994,127.998001,360.001007,48.000000,-503.000000,1103.000000,-46.000000,102.000000,-175.000000
511,1743668124485638,178.000000,-130.000000,135.000000,178.000000,128.000000,360.000000,178.001007,-130.001007,135.001999,177.998993,127.998001,359.997009,43.000000,-507.000000,1111.000000,-56.000000,101.000000,-167.000000
511,1743668124491563,178.000000,-130.000000,135.000000,178.000000,128.000000,360.000000,178.001007,-130.001999,135.001007,177.998993,127.998001,359.997986,44.000000,-506.000000,1089.000000,-58.000000,94.000000,-157.000000
511,1743668124496237,178.000000,-130.000000,135.000000,178.000000,128.000000,360.000000,178.003006,-130.001007,135.001999,177.998993,127.998001,359.997986,41.000000,-500.000000,1101.000000,-50.000000,100.000000,-155.000000
511,1743668124500695,178.000000,-130.000000,135.000000,178.000000,128.000000,360.000000,178.000000,-130.001999,135.001999,177.996994,127.998001,359.997986,43.000000,-505.000000,1087.000000,-55.000000,95.000000,-177.000000
511,1743668124505481,178.000000,-130.000000,135.000000,178.000000,128.000000,360.000000,178.001007,-130.001999,135.001999,177.996994,127.998001,359.998993,44.000000,-501.000000,1075.000000,-53.000000,96.000000,-161.000000
511,1743668124511153,178.000000,-130.000000,135.000000,178.000000,128.000000,360.000000,178.000000,-130.001999,135.001999,177.998993,128.000000,359.998993,43.000000,-502.000000,1085.000000,-60.000000,96.000000,-161.000000
511,1743668124515629,178.000000,-130.000000,135.000000,178.000000,128.000000,360.000000,178.003006,-130.001007,135.001999,177.996994,127.998001,359.998993,44.000000,-498.000000,1066.000000,-60.000000,96.000000,-169.000000
511,1743668124521028,178.000000,-130.000000,135.000000,178.000000,128.000000,360.000000,178.001007,-130.001007,135.001999,177.998993,127.998001,359.997986,38.000000,-503.000000,1087.000000,-57.000000,103.000000,-177.000000
511,1743668124526380,178.000000,-130.000000,135.000000,178.000000,128.000000,360.000000,178.003006,-130.001007,135.001999,177.998993,127.998001,359.997986,42.000000,-501.000000,1086.000000,-52.000000,100.000000,-160.000000
511,1743668124530999,178.000000,-130.000000,135.000000,178.000000,128.000000,360.000000,178.001007,-130.001007,135.001007,177.996994,127.998001,359.997009,38.000000,-500.000000,1087.000000,-57.000000,97.000000,-167.000000
511,1743668124535568,178.000000,-130.000000,135.000000,178.000000,128.000000,360.000000,178.003006,-130.001007,135.005005,177.998993,128.000000,359.997009,44.000000,-500.000000,1082.000000,-54.000000,95.000000,-171.000000
511,1743668124541526,178.000000,-130.000000,135.000000,178.000000,128.000000,360.000000,178.001007,-130.001007,135.005005,177.998993,127.998001,359.997009,40.000000,-499.000000,1076.000000,-58.000000,95.000000,-138.000000
511,1743668124546078,178.000000,-130.000000,135.000000,178.000000,128.000000,360.000000,178.000000,-130.001999,135.001999,177.998993,127.997002,359.998993,49.000000,-499.000000,1060.000000,-57.000000,94.000000,-178.000000
511,1743668124550597,178.000000,-130.000000,135.000000,178.000000,128.000000,360.000000,178.003006,-130.001999,135.001999,177.998993,127.997002,359.998993,45.000000,-498.000000,1056.000000,-51.000000,91.000000,-170.000000
511,1743668124556374,178.000000,-130.000000,135.000000,178.000000,128.000000,360.000000,178.003006,-130.001999,135.001999,177.998993,127.997002,359.998993,45.000000,-498.000000,1056.000000,-51.000000,91.000000,-170.000000
511,1743668124560826,178.000000,-130.000000,135.000000,178.000000,128.000000,360.000000,178.001007,-130.001007,135.001999,177.998993,127.997002,359.997009,49.000000,-508.000000,1042.000000,-49.000000,95.000000,-180.000000
511,1743668124566528,178.000000,-130.000000,135.000000,178.000000,128.000000,360.000000,178.001007,-130.001007,135.001999,177.998993,127.997002,359.997009,49.000000,-508.000000,1042.000000,-49.000000,95.000000,-180.000000
511,1743668124571328,178.000000,-130.000000,135.000000,178.000000,128.000000,360.000000,178.001007,-130.001007,135.001999,177.998993,127.998001,359.997986,39.000000,-504.000000,1075.000000,-53.000000,99.000000,-200.000000
511,1743668124576014,178.000000,-130.000000,135.000000,178.000000,128.000000,360.000000,178.003006,-130.001007,135.001999,177.998993,127.998001,359.997986,43.000000,-503.000000,1053.000000,-50.000000,95.000000,-170.000000
511,1743668124580901,178.000000,-130.000000,135.000000,178.000000,128.000000,360.000000,178.003006,-130.001007,135.001999,177.998993,127.998001,359.997986,43.000000,-503.000000,1053.000000,-50.000000,95.000000,-170.000000
511,1743668124586596,178.000000,-130.000000,135.000000,178.000000,128.000000,360.000000,178.001007,-130.001999,135.001999,177.998993,127.997002,359.998993,47.000000,-504.000000,1064.000000,-54.000000,97.000000,-158.000000
511,1743668124591290,178.000000,-130.000000,135.000000,178.000000,128.000000,360.000000,178.000000,-130.001999,135.001999,177.998993,127.997002,359.997986,48.000000,-502.000000,1048.000000,-53.000000,101.000000,-166.000000
511,1743668124595700,178.000000,-130.000000,135.000000,178.000000,128.000000,360.000000,178.001007,-130.001007,135.001999,177.998993,127.998001,359.998993,44.000000,-508.000000,1057.000000,-52.000000,97.000000,-142.000000
511,1743668124600482,178.000000,-130.000000,135.000000,178.000000,128.000000,360.000000,178.003006,-130.001007,135.001999,177.998993,127.997002,359.997986,44.000000,-506.000000,1056.000000,-53.000000,96.000000,-197.000000
511,1743668124606191,178.000000,-130.000000,135.000000,178.000000,128.000000,360.000000,178.001007,-130.001007,135.001999,177.998993,127.997002,359.997986,38.000000,-505.000000,1030.000000,-52.000000,92.000000,-175.000000
511,1743668124610838,178.000000,-130.000000,135.000000,178.000000,128.000000,360.000000,178.003006,-130.001007,135.001999,177.998993,127.998001,359.997986,41.000000,-507.000000,1033.000000,-48.000000,95.000000,-154.000000
511,1743668124615575,178.000000,-130.000000,135.000000,178.000000,128.000000,360.000000,178.000000,-130.001999,135.001999,177.996994,127.997002,359.997986,42.000000,-505.000000,1044.000000,-54.000000,95.000000,-167.000000
511,1743668124621325,178.000000,-130.000000,135.000000,178.000000,128.000000,360.000000,178.001007,-130.001999,135.001999,177.998993,127.998001,359.997986,42.000000,-511.000000,1022.000000,-61.000000,95.000000,-177.000000
511,1743668124626011,178.000000,-130.000000,135.000000,178.000000,128.000000,360.000000,178.001007,-130.001007,135.001999,177.996994,127.998001,359.997986,42.000000,-506.000000,1020.000000,-48.000000,95.000000,-149.000000
511,1743668124630515,178.000000,-130.000000,135.000000,178.000000,128.000000,360.000000,178.003006,-130.001007,135.001999,177.998993,127.997002,359.997986,42.000000,-510.000000,1030.000000,-53.000000,97.000000,-189.000000
511,1743668124636371,178.000000,-130.000000,135.000000,178.000000,128.000000,360.000000,178.000000,-130.001007,135.001999,177.998993,127.997002,359.997986,35.000000,-515.000000,1021.000000,-55.000000,99.000000,-167.000000
511,1743668124641020,178.000000,-130.000000,135.000000,178.000000,128.000000,360.000000,178.001007,-130.001007,135.001007,177.998993,127.997002,359.997986,38.000000,-510.000000,1003.000000,-57.000000,105.000000,-168.000000
511,1743668124645740,178.000000,-130.000000,135.000000,178.000000,128.000000,360.000000,178.001007,-130.001999,135.001999,177.996994,127.997002,359.997009,38.000000,-511.000000,1013.000000,-55.000000,103.000000,-185.000000
511,1743668124651636,178.000000,-130.000000,135.000000,178.000000,128.000000,360.000000,178.001007,-130.001999,135.001999,177.998993,127.996002,359.998993,39.000000,-513.000000,1027.000000,-49.000000,101.000000,-148.000000
511,1743668124656362,178.000000,-130.000000,135.000000,178.000000,128.000000,360.000000,178.000000,-130.001007,135.001999,177.998993,127.997002,359.997986,34.000000,-514.000000,1005.000000,-51.000000,112.000000,-167.000000
511,1743668124661084,178.000000,-130.000000,135.000000,178.000000,128.000000,360.000000,178.003006,-130.001007,135.001999,177.998993,127.997002,359.997986,37.000000,-507.000000,1023.000000,-56.000000,99.000000,-173.000000
511,1743668124665637,178.000000,-130.000000,135.000000,178.000000,128.000000,360.000000,178.001007,-130.001999,135.005005,177.998993,127.997002,359.997986,29.000000,-511.000000,989.000000,-52.000000,112.000000,-172.000000
511,1743668124671593,178.000000,-130.000000,135.000000,178.000000,128.000000,360.000000,178.003006,-130.001007,135.001999,177.998993,127.997002,359.997986,33.000000,-507.000000,1007.000000,-58.000000,102.000000,-163.000000
511,1743668124676323,178.000000,-130.000000,135.000000,178.000000,128.000000,360.000000,178.001007,-130.001007,135.001999,177.996994,127.997002,359.997009,29.000000,-509.000000,1001.000000,-55.000000,115.000000,-161.000000
511,1743668124680615,178.000000,-130.000000,135.000000,178.000000,128.000000,360.000000,178.003006,-130.001007,135.001999,177.996994,127.997002,359.997986,30.000000,-511.000000,1003.000000,-58.000000,107.000000,-161.000000
511,1743668124686343,178.000000,-130.000000,135.000000,178.000000,128.000000,360.000000,178.001007,-130.001999,135.001007,177.998993,127.997002,359.998993,31.000000,-509.000000,983.000000,-53.000000,107.000000,-170.000000
511,1743668124691089,178.000000,-130.000000,135.000000,178.000000,128.000000,360.000000,178.001007,-130.001007,135.001999,177.998993,127.997002,359.997986,37.000000,-510.000000,1003.000000,-55.000000,108.000000,-170.000000
511,1743668124695591,178.000000,-130.000000,135.000000,178.000000,128.000000,360.000000,178.001007,-129.998993,135.001999,177.998993,127.997002,359.997986,45.000000,-507.000000,983.000000,-58.000000,104.000000,-188.000000
511,1743668124701437,178.000000,-130.000000,135.000000,178.000000,128.000000,360.000000,178.000000,-130.001007,135.001999,177.998993,127.997002,359.997986,39.000000,-509.000000,993.000000,-57.000000,111.000000,-169.000000
511,1743668124706012,178.000000,-130.000000,135.000000,178.000000,128.000000,360.000000,178.000000,-130.001007,135.001999,177.998993,127.997002,359.997986,39.000000,-509.000000,993.000000,-57.000000,111.000000,-169.000000
511,1743668124710682,178.000000,-130.000000,135.000000,178.000000,128.000000,360.000000,178.001007,-130.001007,135.001999,177.998993,127.997002,359.997986,35.000000,-510.000000,981.000000,-61.000000,109.000000,-154.000000
511,1743668124716631,178.000000,-130.000000,135.000000,178.000000,128.000000,360.000000,178.001007,-130.001007,135.001999,177.998993,127.997002,359.997986,35.000000,-510.000000,981.000000,-61.000000,109.000000,-154.000000
511,1743668124721324,178.000000,-130.000000,135.000000,178.000000,128.000000,360.000000,178.001007,-130.001999,135.001999,177.998993,127.997002,359.997986,35.000000,-510.000000,984.000000,-59.000000,104.000000,-177.000000
511,1743668124726032,178.000000,-130.000000,135.000000,178.000000,128.000000,360.000000,178.001007,-130.001007,135.001007,177.998993,127.996002,359.997009,41.000000,-506.000000,953.000000,-59.000000,107.000000,-155.000000
511,1743668124731686,178.000000,-130.000000,135.000000,178.000000,128.000000,360.000000,178.001007,-130.001007,135.001007,177.998993,127.996002,359.997009,41.000000,-506.000000,953.000000,-59.000000,107.000000,-155.000000
511,1743668124736356,178.000000,-130.000000,135.000000,178.000000,128.000000,360.000000,178.001007,-130.001007,135.001999,177.998993,127.997002,359.998993,36.000000,-513.000000,981.000000,-63.000000,118.000000,-160.000000
511,1743668124741049,178.000000,-130.000000,135.000000,178.000000,128.000000,360.000000,178.000000,-130.001999,135.005005,177.996994,127.998001,359.998993,33.000000,-509.000000,969.000000,-51.000000,110.000000,-172.000000
511,1743668124745754,178.000000,-130.000000,135.000000,178.000000,128.000000,360.000000,178.003006,-130.001999,135.001999,177.998993,127.997002,359.997986,34.000000,-503.000000,951.000000,-57.000000,111.000000,-196.000000
511,1743668124751519,178.000000,-130.000000,135.000000,178.000000,128.000000,360.000000,178.003006,-130.001007,135.001999,177.998993,127.997002,359.998993,30.000000,-509.000000,948.000000,-58.000000,120.000000,-156.000000
511,1743668124756121,178.000000,-130.000000,135.000000,178.000000,128.000000,360.000000,178.001007,-130.001999,135.001999,177.998993,127.997002,359.998993,40.000000,-507.000000,963.000000,-56.000000,129.000000,-163.000000
511,1743668124760764,178.000000,-130.000000,135.000000,178.000000,128.000000,360.000000,178.001007,-130.001999,135.001999,177.998993,127.997002,359.997986,31.000000,-505.000000,977.000000,-57.000000,123.000000,-165.000000
511,1743668124766494,178.000000,-130.000000,135.000000,178.000000,128.000000,360.000000,178.000000,-130.001007,135.005005,177.996994,127.997002,359.998993,34.000000,-505.000000,945.000000,-54.000000,126.000000,-162.000000
511,1743668124771230,178.000000,-130.000000,135.000000,178.000000,128.000000,360.000000,178.001007,-130.001007,135.001007,177.998993,127.997002,359.998993,27.000000,-505.000000,942.000000,-55.000000,123.000000,-132.000000
511,1743668124775805,178.000000,-130.000000,135.000000,178.000000,128.000000,360.000000,178.001007,-130.001007,135.001007,177.996994,127.997002,359.997986,30.000000,-504.000000,950.000000,-57.000000,121.000000,-156.000000
511,1743668124781587,178.000000,-130.000000,135.000000,178.000000,128.000000,360.000000,178.001007,-130.001007,135.001999,177.998993,127.997002,359.997986,38.000000,-504.000000,940.000000,-57.000000,127.000000,-173.000000
511,1743668124786111,178.000000,-130.000000,135.000000,178.000000,128.000000,360.000000,178.003998,-130.001007,135.001007,177.998993,127.996002,359.997986,42.000000,-501.000000,948.000000,-54.000000,121.000000,-175.000000
511,1743668124790718,178.000000,-130.000000,135.000000,178.000000,128.000000,360.000000,178.001007,-130.001999,135.005005,177.998993,127.997002,359.997986,39.000000,-500.000000,949.000000,-58.000000,123.000000,-141.000000
511,1743668124796482,178.000000,-130.000000,135.000000,178.000000,128.000000,360.000000,178.001007,-130.001007,135.005005,177.998993,127.997002,359.997986,41.000000,-506.000000,947.000000,-59.000000,125.000000,-181.000000
511,1743668124801273,178.000000,-130.000000,135.000000,178.000000,128.000000,360.000000,178.001007,-130.001007,135.001007,177.998993,127.997002,359.997986,39.000000,-494.000000,935.000000,-57.000000,126.000000,-159.000000
511,1743668124805868,178.000000,-130.000000,135.000000,178.000000,128.000000,360.000000,178.003006,-130.001999,135.001999,177.998993,127.996002,359.997986,39.000000,-500.000000,946.000000,-60.000000,122.000000,-154.000000
511,1743668124810564,178.000000,-130.000000,135.000000,178.000000,128.000000,360.000000,178.001007,-130.001999,135.001007,177.998993,127.997002,359.997986,48.000000,-500.000000,913.000000,-57.000000,126.000000,-140.000000
511,1743668124816495,178.000000,-130.000000,135.000000,178.000000,128.000000,360.000000,178.003006,-130.001007,135.001007,177.996994,127.997002,359.997009,43.000000,-499.000000,936.000000,-62.000000,137.000000,-198.000000
511,1743668124821192,178.000000,-130.000000,135.000000,178.000000,128.000000,360.000000,178.001007,-130.001007,135.001999,177.998993,127.997002,359.997986,50.000000,-501.000000,942.000000,-61.000000,133.000000,-160.000000
511,1743668124825917,178.000000,-130.000000,135.000000,178.000000,128.000000,360.000000,178.000000,-130.001007,135.001999,177.998993,127.996002,359.997986,45.000000,-492.000000,944.000000,-59.000000,133.000000,-157.000000
511,1743668124831706,178.000000,-130.000000,135.000000,178.000000,128.000000,360.000000,178.003006,-130.001999,135.001999,177.996994,127.997002,359.997986,44.000000,-504.000000,952.000000,-57.000000,136.000000,-159.000000
511,1743668124836434,178.000000,-130.000000,135.000000,178.000000,128.000000,360.000000,178.001007,-130.001007,135.001999,177.996994,127.997002,359.998993,37.000000,-504.000000,915.000000,-60.000000,132.000000,-168.000000
511,1743668124841113,178.000000,-130.000000,135.000000,178.000000,128.000000,360.000000,178.003006,-130.001007,135.001999,177.998993,127.997002,359.998993,41.000000,-503.000000,933.000000,-56.000000,133.000000,-157.000000
511,1743668124845943,178.000000,-130.000000,135.000000,178.000000,128.000000,360.000000,178.000000,-130.001999,135.001999,177.998993,127.996002,359.998993,50.000000,-501.000000,922.000000,-58.000000,129.000000,-178.000000
511,1743668124851683,178.000000,-130.000000,135.000000,178.000000,128.000000,360.000000,178.001007,-130.001007,135.005005,178.000000,127.996002,359.997009,45.000000,-502.000000,909.000000,-57.000000,144.000000,-162.000000
511,1743668124856403,178.000000,-130.000000,135.000000,178.000000,128.000000,360.000000,178.003006,-130.001999,135.001999,177.998993,127.997002,359.997986,40.000000,-502.000000,903.000000,-62.000000,141.000000,-168.000000
511,1743668124861088,178.000000,-130.000000,135.000000,178.000000,128.000000,360.000000,178.001007,-130.001007,135.001999,177.998993,127.997002,359.998993,43.000000,-495.000000,917.000000,-55.000000,141.000000,-187.000000
511,1743668124865765,178.000000,-130.000000,135.000000,178.000000,128.000000,360.000000,178.001007,-130.001999,135.001999,177.998993,127.997002,359.997986,43.000000,-498.000000,910.000000,-58.000000,142.000000,-142.000000
511,1743668124871584,178.000000,-130.000000,135.000000,178.000000,128.000000,360.000000,178.001007,-130.001999,135.001999,177.998993,127.997002,359.997986,42.000000,-502.000000,914.000000,-59.000000,140.000000,-187.000000
511,1743668124876363,178.000000,-130.000000,135.000000,178.000000,128.000000,360.000000,178.001007,-130.001999,135.001999,177.998993,127.997002,359.997986,45.000000,-503.000000,912.000000,-50.000000,148.000000,-147.000000
511,1743668124880962,178.000000,-130.000000,135.000000,178.000000,128.000000,360.000000,178.001007,-130.001999,135.001999,177.998993,127.997002,359.997986,41.000000,-503.000000,911.000000,-56.000000,139.000000,-151.000000
511,1743668124885632,178.000000,-130.000000,135.000000,178.000000,128.000000,360.000000,178.000000,-130.001999,135.005005,177.998993,127.998001,359.997009,42.000000,-499.000000,918.000000,-58.000000,134.000000,-147.000000
511,1743668124891298,178.000000,-130.000000,135.000000,178.000000,128.000000,360.000000,178.001007,-130.001007,135.001007,177.996994,127.996002,359.997986,42.000000,-502.000000,899.000000,-57.000000,150.000000,-177.000000
511,1743668124895879,178.000000,-130.000000,135.000000,178.000000,128.000000,360.000000,178.001007,-130.001999,135.001007,177.996994,127.997002,359.998993,42.000000,-500.000000,903.000000,-51.000000,147.000000,-182.000000
511,1743668124901517,178.000000,-130.000000,135.000000,178.000000,128.000000,360.000000,178.003006,-130.001007,135.001999,177.998993,127.996002,359.997986,46.000000,-499.000000,907.000000,-61.000000,147.000000,-145.000000
511,1743668124906087,178.000000,-130.000000,135.000000,178.000000,128.000000,360.000000,178.003006,-130.001007,135.001999,177.998993,127.996002,359.997986,46.000000,-499.000000,907.000000,-61.000000,147.000000,-145.000000
511,1743668124910707,178.000000,-130.000000,135.000000,178.000000,128.000000,360.000000,178.001007,-130.001999,135.001999,177.998993,127.998001,359.997986,43.000000,-501.000000,898.000000,-55.000000,151.000000,-167.000000
511,1743668124916247,178.000000,-130.000000,135.000000,178.000000,128.000000,360.000000,178.001007,-130.001999,135.001999,177.998993,127.996002,359.998993,47.000000,-500.000000,888.000000,-60.000000,145.000000,-178.000000
511,1743668124920661,178.000000,-130.000000,135.000000,178.000000,128.000000,360.000000,178.001007,-130.001999,135.001999,177.998993,127.997002,359.997009,43.000000,-496.000000,881.000000,-53.000000,148.000000,-141.000000
511,1743668124926111,178.000000,-130.000000,135.000000,178.000000,128.000000,360.000000,178.001007,-130.001999,135.001007,177.996994,127.996002,359.997986,49.000000,-498.000000,872.000000,-67.000000,146.000000,-187.000000
511,1743668124930498,178.000000,-130.000000,135.000000,178.000000,128.000000,360.000000,178.001007,-130.001999,135.001999,177.998993,127.997002,359.998993,38.000000,-497.000000,880.000000,-55.000000,148.000000,-145.000000
511,1743668124935950,178.000000,-130.000000,135.000000,178.000000,128.000000,360.000000,178.001007,-130.001007,135.001007,177.998993,127.997002,359.998993,37.000000,-501.000000,888.000000,-61.000000,150.000000,-178.000000
511,1743668124941502,178.000000,-130.000000,135.000000,178.000000,128.000000,360.000000,178.000000,-130.001999,135.001999,177.998993,127.998001,359.997009,33.000000,-504.000000,885.000000,-58.000000,146.000000,-131.000000
511,1743668124945936,178.000000,-130.000000,135.000000,178.000000,128.000000,360.000000,178.001007,-130.001999,135.001007,177.998993,127.996002,359.997986,40.000000,-501.000000,904.000000,-59.000000,152.000000,-142.000000
511,1743668124950495,178.000000,-130.000000,135.000000,178.000000,128.000000,360.000000,178.003006,-130.001999,135.001999,177.996994,127.996002,359.997986,45.000000,-514.000000,895.000000,-57.000000,155.000000,-163.000000
511,1743668124955993,178.000000,-130.000000,135.000000,178.000000,128.000000,360.000000,178.001007,-130.001007,135.001999,177.998993,127.997002,359.997986,37.000000,-504.000000,891.000000,-56.000000,159.000000,-157.000000
511,1743668124961749,178.000000,-130.000000,135.000000,178.000000,128.000000,360.000000,178.000000,-130.001999,135.001999,177.998993,127.997002,359.998993,40.000000,-505.000000,890.000000,-52.000000,168.000000,-186.000000
511,1743668124966356,178.000000,-130.000000,135.000000,178.000000,128.000000,360.000000,178.003006,-130.001007,135.001999,177.998993,127.997002,359.997986,39.000000,-506.000000,881.000000,-53.000000,149.000000,-148.000000
511,1743668124970907,178.000000,-130.000000,135.000000,178.000000,128.000000,360.000000,178.001007,-130.001007,135.001999,177.998993,127.996002,359.997986,37.000000,-514.000000,905.000000,-53.000000,156.000000,-157.000000
511,1743668124976539,178.000000,-130.000000,135.000000,178.000000,128.000000,360.000000,178.000000,-130.001999,135.001007,177.998993,127.997002,359.997986,37.000000,-512.000000,897.000000,-52.000000,165.000000,-187.000000
511,1743668124981088,178.000000,-130.000000,135.000000,178.000000,128.000000,360.000000,178.001007,-130.001007,135.001999,177.998993,127.996002,359.998993,48.000000,-509.000000,892.000000,-59.000000,161.000000,-154.000000
511,1743668124985645,178.000000,-130.000000,135.000000,178.000000,128.000000,360.000000,178.003006,-130.001007,135.001007,177.998993,127.997002,359.997009,44.000000,-510.000000,878.000000,-59.000000,160.000000,-160.000000
511,1743668124991198,178.000000,-130.000000,135.000000,178.000000,128.000000,360.000000,178.003006,-130.001999,135.001999,177.998993,127.997002,359.998993,48.000000,-510.000000,896.000000,-56.000000,163.000000,-154.000000
511,1743668124995824,178.000000,-130.000000,135.000000,178.000000,128.000000,360.000000,178.000000,-130.001007,135.001007,177.998993,127.997002,359.997986,51.000000,-509.000000,877.000000,-57.000000,153.000000,-151.000000
511,1743668125001465,178.000000,-130.000000,135.000000,178.000000,128.000000,360.000000,178.003006,-130.001007,135.001999,177.998993,127.997002,359.997009,55.000000,-509.000000,889.000000,-52.000000,175.000000,-139.000000
511,1743668125006074,178.000000,-130.000000,135.000000,178.000000,128.000000,360.000000,178.001007,-130.001007,135.001999,177.998993,127.997002,359.997986,50.000000,-510.000000,873.000000,-60.000000,156.000000,-151.000000
511,1743668125011468,178.000000,-130.000000,135.000000,178.000000,128.000000,360.000000,178.001007,-130.001007,135.001999,177.998993,127.996002,359.997009,52.000000,-509.000000,887.000000,-59.000000,165.000000,-168.000000
511,1743668125015774,178.000000,-130.000000,135.000000,178.000000,128.000000,360.000000,178.001007,-130.001999,135.001999,177.998993,127.997002,359.998993,51.000000,-513.000000,880.000000,-56.000000,165.000000,-191.000000
511,1743668125021222,178.000000,-130.000000,135.000000,178.000000,128.000000,360.000000,178.000000,-130.001007,135.001999,177.998993,127.997002,359.997009,51.000000,-514.000000,873.000000,-54.000000,170.000000,-140.000000
511,1743668125026623,178.000000,-130.000000,135.000000,178.000000,128.000000,360.000000,178.001007,-130.001007,135.001999,177.998993,127.997002,359.997009,56.000000,-510.000000,877.000000,-61.000000,170.000000,-150.000000
511,1743668125031049,178.000000,-130.000000,135.000000,178.000000,128.000000,360.000000,178.001007,-130.001007,135.001999,177.998993,127.997002,359.997986,52.000000,-512.000000,876.000000,-56.000000,174.000000,-154.000000
511,1743668125035632,178.000000,-130.000000,135.000000,178.000000,128.000000,360.000000,178.003006,-130.001007,135.005005,177.996994,127.998001,359.998993,49.000000,-510.000000,877.000000,-57.000000,164.000000,-184.000000
511,1743668125041189,178.000000,-130.000000,135.000000,178.000000,128.000000,360.000000,178.001007,-129.998993,135.001999,177.998993,127.996002,359.997986,56.000000,-509.000000,862.000000,-59.000000,161.000000,-166.000000
511,1743668125045710,178.000000,-130.000000,135.000000,178.000000,128.000000,360.000000,178.001007,-130.001007,135.001007,177.998993,127.997002,359.997009,47.000000,-510.000000,886.000000,-60.000000,184.000000,-159.000000
511,1743668125051238,178.000000,-130.000000,135.000000,178.000000,128.000000,360.000000,178.003006,-130.001999,135.005005,177.998993,127.997002,359.997986,41.000000,-510.000000,875.000000,-54.000000,174.000000,-176.000000
511,1743668125055760,178.000000,-130.000000,135.000000,178.000000,128.000000,360.000000,178.000000,-130.001007,135.001999,177.998993,127.997002,359.997009,40.000000,-511.000000,857.000000,-60.000000,176.000000,-157.000000
511,1743668125061243,178.000000,-130.000000,135.000000,178.000000,128.000000,360.000000,178.001007,-130.001999,135.001999,177.998993,127.997002,359.997986,32.000000,-508.000000,879.000000,-57.000000,180.000000,-140.000000
511,1743668125065616,178.000000,-130.000000,135.000000,178.000000,128.000000,360.000000,178.003006,-130.001999,135.001999,177.998993,127.996002,359.997009,43.000000,-507.000000,870.000000,-58.000000,177.000000,-174.000000
511,1743668125071039,178.000000,-130.000000,135.000000,178.000000,128.000000,360.000000,178.003006,-130.001007,135.001999,177.998993,127.996002,359.997986,38.000000,-508.000000,866.000000,-58.000000,180.000000,-157.000000
511,1743668125076708,178.000000,-130.000000,135.000000,178.000000,128.000000,360.000000,178.001007,-130.001007,135.001999,177.998993,127.998001,359.997986,48.000000,-513.000000,875.000000,-59.000000,180.000000,-147.000000
511,1743668125081195,178.000000,-130.000000,135.000000,178.000000,128.000000,360.000000,178.003006,-130.001007,135.001007,178.000000,127.996002,359.997009,39.000000,-510.000000,860.000000,-57.000000,180.000000,-144.000000
511,1743668125086602,178.000000,-130.000000,135.000000,178.000000,128.000000,360.000000,178.001007,-129.998993,135.001999,178.000000,127.997002,359.997986,42.000000,-509.000000,859.000000,-60.000000,185.000000,-150.000000
511,1743668125091014,178.000000,-130.000000,135.000000,178.000000,128.000000,360.000000,178.001007,-129.998993,135.001999,178.000000,127.997002,359.997986,42.000000,-509.000000,859.000000,-60.000000,185.000000,-150.000000
511,1743668125096401,178.000000,-130.000000,135.000000,178.000000,128.000000,360.000000,178.001007,-130.001007,135.001999,177.996994,127.997002,359.997986,42.000000,-509.000000,840.000000,-64.000000,184.000000,-160.000000
511,1743668125100705,178.000000,-130.000000,135.000000,178.000000,128.000000,360.000000,178.001007,-130.001007,135.001007,177.998993,127.997002,359.998993,39.000000,-503.000000,860.000000,-50.000000,193.000000,-182.000000
511,1743668125106133,178.000000,-130.000000,135.000000,178.000000,128.000000,360.000000,178.001007,-130.001007,135.001007,177.998993,127.997002,359.998993,39.000000,-503.000000,860.000000,-50.000000,193.000000,-182.000000
511,1743668125110504,178.000000,-130.000000,135.000000,178.000000,128.000000,360.000000,178.001007,-130.001007,135.001999,177.998993,127.997002,359.997986,41.000000,-507.000000,853.000000,-50.000000,183.000000,-169.000000
511,1743668125116263,178.000000,-130.000000,135.000000,178.000000,128.000000,360.000000,178.001007,-130.001999,135.001007,177.996994,127.996002,359.998993,37.000000,-500.000000,837.000000,-48.000000,184.000000,-174.000000
511,1743668125120810,178.000000,-130.000000,135.000000,178.000000,128.000000,360.000000,178.001007,-130.001999,135.001007,177.998993,127.997002,359.997986,36.000000,-505.000000,849.000000,-56.000000,199.000000,-161.000000
511,1743668125126556,178.000000,-130.000000,135.000000,178.000000,128.000000,360.000000,178.003006,-130.001999,135.001999,177.998993,127.997002,359.997986,38.000000,-506.000000,860.000000,-54.000000,193.000000,-152.000000
511,1743668125131306,178.000000,-130.000000,135.000000,178.000000,128.000000,360.000000,178.001007,-130.001999,135.001999,177.998993,127.997002,359.997009,23.000000,-502.000000,862.000000,-55.000000,189.000000,-160.000000
511,1743668125135962,178.000000,-130.000000,135.000000,178.000000,128.000000,360.000000,178.000000,-130.001999,135.001007,177.998993,127.998001,359.997986,31.000000,-505.000000,849.000000,-58.000000,200.000000,-163.000000
511,1743668125140550,178.000000,-130.000000,135.000000,178.000000,128.000000,360.000000,178.000000,-130.001007,135.001999,177.998993,127.997002,359.997009,41.000000,-504.000000,849.000000,-52.000000,188.000000,-174.000000
511,1743668125146046,178.000000,-130.000000,135.000000,178.000000,128.000000,360.000000,178.003006,-130.003006,135.001999,177.998993,127.997002,359.997986,28.000000,-502.000000,848.000000,-57.000000,193.000000,-137.000000
511,1743668125150557,178.000000,-130.000000,135.000000,178.000000,128.000000,360.000000,178.001007,-130.001999,135.001999,177.998993,127.997002,359.997986,31.000000,-495.000000,857.000000,-57.000000,200.000000,-155.000000
511,1743668125156354,178.000000,-130.000000,135.000000,178.000000,128.000000,360.000000,178.001007,-130.001007,135.001007,177.998993,127.997002,359.997009,30.000000,-507.000000,855.000000,-55.000000,203.000000,-164.000000
511,1743668125160934,178.000000,-130.000000,135.000000,178.000000,128.000000,360.000000,178.001007,-130.001007,135.001999,177.998993,127.997002,359.997986,28.000000,-500.000000,853.000000,-60.000000,194.000000,-162.000000
511,1743668125166627,178.000000,-130.000000,135.000000,178.000000,128.000000,360.000000,178.001007,-130.001999,135.001999,177.998993,127.996002,359.994995,31.000000,-505.000000,849.000000,-53.000000,202.000000,-142.000000
511,1743668125171174,178.000000,-130.000000,135.000000,178.000000,128.000000,360.000000,178.001007,-130.001007,135.001999,177.998993,127.997002,359.997986,32.000000,-503.000000,852.000000,-53.000000,216.000000,-166.000000
511,1743668125175654,178.000000,-130.000000,135.000000,178.000000,128.000000,360.000000,178.000000,-130.001007,135.001007,177.996994,127.997002,359.997986,33.000000,-507.000000,823.000000,-55.000000,196.000000,-154.000000
511,1743668125181430,178.000000,-130.000000,135.000000,178.000000,128.000000,360.000000,178.001007,-130.001007,135.001007,177.996994,127.997002,359.997986,35.000000,-506.000000,845.000000,-55.000000,206.000000,-151.000000
511,1743668125186037,178.000000,-130.000000,135.000000,178.000000,128.000000,360.000000,178.001007,-130.001007,135.001999,177.996994,127.997002,359.997986,39.000000,-506.000000,831.000000,-61.000000,210.000000,-157.000000
511,1743668125191578,178.000000,-130.000000,135.000000,178.000000,128.000000,360.000000,178.001007,-130.001999,135.001999,177.998993,127.997002,359.997986,38.000000,-505.000000,826.000000,-54.000000,202.000000,-164.000000
511,1743668125196004,178.000000,-130.000000,135.000000,178.000000,128.000000,360.000000,178.001007,-130.001007,135.005005,177.998993,127.997002,359.997986,45.000000,-505.000000,822.000000,-53.000000,198.000000,-141.000000
511,1743668125200602,178.000000,-130.000000,135.000000,178.000000,128.000000,360.000000,178.001007,-130.001999,135.001007,177.998993,127.997002,359.997986,44.000000,-505.000000,823.000000,-53.000000,207.000000,-156.000000
511,1743668125206274,178.000000,-130.000000,135.000000,178.000000,128.000000,360.000000,178.003006,-130.001007,135.001999,177.998993,127.997002,359.997986,31.000000,-505.000000,826.000000,-55.000000,203.000000,-152.000000
511,1743668125210942,178.000000,-130.000000,135.000000,178.000000,128.000000,360.000000,178.001007,-130.001007,135.005005,177.996994,127.997002,359.997986,36.000000,-503.000000,813.000000,-55.000000,207.000000,-177.000000
511,1743668125216586,178.000000,-130.000000,135.000000,178.000000,128.000000,360.000000,178.000000,-130.001007,135.005005,177.998993,127.996002,359.997986,36.000000,-503.000000,790.000000,-53.000000,210.000000,-153.000000
511,1743668125221379,178.000000,-130.000000,135.000000,178.000000,128.000000,360.000000,178.001007,-130.001999,135.005005,177.998993,127.997002,359.997986,35.000000,-503.000000,803.000000,-56.000000,210.000000,-156.000000
511,1743668125226108,178.000000,-130.000000,135.000000,178.000000,128.000000,360.000000,178.001007,-130.001007,135.001007,177.998993,127.998001,359.998993,38.000000,-514.000000,793.000000,-59.000000,208.000000,-155.000000
511,1743668125230914,178.000000,-130.000000,135.000000,178.000000,128.000000,360.000000,178.001007,-130.001007,135.001999,177.998993,127.997002,359.997986,36.000000,-507.000000,801.000000,-52.000000,203.000000,-152.000000
511,1743668125235727,178.000000,-130.000000,135.000000,178.000000,128.000000,360.000000,178.000000,-129.998993,135.001999,177.998993,127.997002,359.997009,37.000000,-507.000000,811.000000,-52.000000,209.000000,-168.000000
511,1743668125241672,178.000000,-130.000000,135.000000,178.000000,128.000000,360.000000,178.003006,-129.998993,135.005005,177.996994,127.998001,359.997986,43.000000,-507.000000,793.000000,-56.000000,212.000000,-154.000000
511,1743668125246232,178.000000,-130.000000,135.000000,178.000000,128.000000,360.000000,178.003006,-130.001007,135.001007,177.998993,127.997002,359.997009,46.000000,-507.000000,792.000000,-53.000000,210.000000,-154.000000
511,1743668125250914,178.000000,-130.000000,135.000000,178.000000,128.000000,360.000000,178.003006,-130.001007,135.001007,177.998993,127.997002,359.997009,46.000000,-507.000000,792.000000,-53.000000,210.000000,-154.000000
511,1743668125255637,178.000000,-130.000000,135.000000,178.000000,128.000000,360.000000,178.001007,-130.001007,135.001999,177.998993,127.997002,359.997986,35.000000,-494.000000,794.000000,-60.000000,215.000000,-130.000000
511,1743668125261666,178.000000,-130.000000,135.000000,178.000000,128.000000,360.000000,178.001007,-130.001999,135.001999,177.998993,127.996002,359.997986,41.000000,-495.000000,794.000000,-58.000000,203.000000,-143.000000
511,1743668125266327,178.000000,-130.000000,135.000000,178.000000,128.000000,360.000000,178.001007,-130.001999,135.001999,177.998993,127.996002,359.997986,41.000000,-495.000000,794.000000,-58.000000,203.000000,-143.000000
511,1743668125270917,178.000000,-130.000000,135.000000,178.000000,128.000000,360.000000,178.001007,-130.001007,135.001999,177.998993,127.997002,359.997986,34.000000,-501.000000,774.000000,-56.000000,211.000000,-160.000000
511,1743668125275584,178.000000,-130.000000,135.000000,178.000000,128.000000,360.000000,178.001007,-130.001007,135.001999,177.998993,127.997002,359.997986,40.000000,-497.000000,787.000000,-57.000000,226.000000,-168.000000
511,1743668125281323,178.000000,-130.000000,135.000000,178.000000,128.000000,360.000000,178.001007,-130.001007,135.001999,177.998993,127.997002,359.997986,40.000000,-497.000000,787.000000,-57.000000,226.000000,-168.000000
511,1743668125285993,178.000000,-130.000000,135.000000,178.000000,128.000000,360.000000,178.003006,-130.001007,135.001999,177.998993,127.997002,359.997986,39.000000,-499.000000,796.000000,-56.000000,211.000000,-135.000000
511,1743668125291626,178.000000,-130.000000,135.000000,178.000000,128.000000,360.000000,178.003006,-130.001007,135.001999,177.998993,127.996002,360.001007,36.000000,-493.000000,782.000000,-57.000000,212.000000,-168.000000
511,1743668125296330,178.000000,-130.000000,135.000000,178.000000,128.000000,360.000000,178.001007,-130.001999,135.005005,177.996994,127.997002,359.997986,38.000000,-496.000000,775.000000,-55.000000,225.000000,-155.000000
511,1743668125301148,178.000000,-130.000000,135.000000,178.000000,128.000000,360.000000,178.001007,-130.001999,135.001999,177.998993,127.997002,359.998993,48.000000,-489.000000,769.000000,-58.000000,209.000000,-159.000000
511,1743668125305861,178.000000,-130.000000,135.000000,178.000000,128.000000,360.000000,178.001007,-130.001007,135.001007,177.998993,127.997002,359.997986,45.000000,-494.000000,781.000000,-57.000000,219.000000,-159.000000
511,1743668125311646,178.000000,-130.000000,135.000000,178.000000,128.000000,360.000000,178.001007,-130.001999,135.001007,177.998993,127.998001,359.997986,43.000000,-486.000000,780.000000,-56.000000,215.000000,-147.000000
511,1743668125316260,178.000000,-130.000000,135.000000,178.000000,128.000000,360.000000,178.003006,-130.001007,135.001999,177.998993,127.997002,359.998993,49.000000,-484.000000,781.000000,-60.000000,224.000000,-150.000000
511,1743668125320711,178.000000,-130.000000,135.000000,178.000000,128.000000,360.000000,178.003998,-130.001999,135.001999,177.998993,127.997002,359.998993,54.000000,-489.000000,786.000000,-54.000000,214.000000,-152.000000
511,1743668125326467,178.000000,-130.000000,135.000000,178.000000,128.000000,360.000000,178.000000,-130.001999,135.001999,177.998993,127.997002,359.997986,32.000000,-487.000000,797.000000,-58.000000,227.000000,-136.000000
511,1743668125331188,178.000000,-130.000000,135.000000,178.000000,128.000000,360.000000,178.001007,-130.001007,135.001999,177.998993,127.996002,359.997986,37.000000,-488.000000,776.000000,-59.000000,216.000000,-158.000000
511,1743668125335778,178.000000,-130.000000,135.000000,178.000000,128.000000,360.000000,178.001007,-130.001007,135.001999,177.996994,127.998001,359.997986,37.000000,-489.000000,777.000000,-57.000000,224.000000,-153.000000
511,1743668125341535,178.000000,-130.000000,135.000000,178.000000,128.000000,360.000000,178.001007,-130.001007,135.001007,177.998993,127.998001,359.997986,42.000000,-488.000000,790.000000,-48.000000,223.000000,-155.000000
511,1743668125346072,178.000000,-130.000000,135.000000,178.000000,128.000000,360.000000,178.001007,-130.001007,135.001007,177.998993,127.997002,359.997986,40.000000,-492.000000,784.000000,-56.000000,218.000000,-156.000000
511,1743668125350606,178.000000,-130.000000,135.000000,178.000000,128.000000,360.000000,178.000000,-130.001007,135.001999,177.998993,127.997002,359.997986,32.000000,-488.000000,780.000000,-53.000000,216.000000,-149.000000
511,1743668125356295,178.000000,-130.000000,135.000000,178.000000,128.000000,360.000000,178.001007,-130.001007,135.005005,177.998993,127.997002,359.997009,36.000000,-490.000000,779.000000,-58.000000,214.000000,-164.000000
511,1743668125360823,178.000000,-130.000000,135.000000,178.000000,128.000000,360.000000,178.001007,-130.001007,135.001007,177.998993,127.997002,359.997986,32.000000,-488.000000,769.000000,-58.000000,230.000000,-153.000000
511,1743668125366502,178.000000,-130.000000,135.000000,178.000000,128.000000,360.000000,178.001007,-130.001007,135.001007,177.996994,127.997002,359.998993,30.000000,-489.000000,771.000000,-54.000000,225.000000,-157.000000
511,1743668125371131,178.000000,-130.000000,135.000000,178.000000,128.000000,360.000000,178.001007,-130.001999,135.001007,177.998993,127.996002,359.998993,33.000000,-493.000000,775.000000,-57.000000,223.000000,-140.000000
511,1743668125375687,178.000000,-130.000000,135.000000,178.000000,128.000000,360.000000,178.000000,-130.001007,135.001999,177.996994,127.996002,359.997009,38.000000,-492.000000,767.000000,-57.000000,235.000000,-167.000000
511,1743668125381627,178.000000,-130.000000,135.000000,178.000000,128.000000,360.000000,178.001007,-130.001999,135.001007,177.998993,127.997002,359.998993,33.000000,-489.000000,765.000000,-56.000000,241.000000,-162.000000
511,1743668125386302,178.000000,-130.000000,135.000000,178.000000,128.000000,360.000000,178.001007,-130.001007,135.001999,177.998993,127.997002,359.997986,27.000000,-490.000000,771.000000,-62.000000,234.000000,-156.000000
511,1743668125390878,178.000000,-130.000000,135.000000,178.000000,128.000000,360.000000,178.003006,-130.001007,135.001999,177.996994,127.997002,359.997986,47.000000,-488.000000,770.000000,-59.000000,233.000000,-173.000000
511,1743668125395585,178.000000,-130.000000,135.000000,178.000000,128.000000,360.000000,178.000000,-130.001999,135.001007,177.998993,127.997002,359.998993,29.000000,-488.000000,773.000000,-55.000000,232.000000,-148.000000
511,1743668125401422,178.000000,-130.000000,135.000000,178.000000,128.000000,360.000000,178.001007,-130.001999,135.001007,177.998993,127.997002,359.997986,26.000000,-488.000000,774.000000,-57.000000,229.000000,-146.000000
511,1743668125406007,178.000000,-130.000000,135.000000,178.000000,128.000000,360.000000,178.001007,-130.001999,135.001007,177.998993,127.997002,359.997986,22.000000,-495.000000,769.000000,-60.000000,227.000000,-146.000000
511,1743668125410488,178.000000,-130.000000,135.000000,178.000000,128.000000,360.000000,178.001007,-130.001007,135.001999,177.996994,127.997002,359.998993,27.000000,-490.000000,768.000000,-57.000000,233.000000,-155.000000
511,1743668125416307,178.000000,-130.000000,135.000000,178.000000,128.000000,360.000000,178.001007,-130.001999,135.001007,177.996994,127.998001,359.997986,36.000000,-491.000000,762.000000,-56.000000,230.000000,-158.000000
511,1743668125420886,178.000000,-130.000000,135.000000,178.000000,128.000000,360.000000,178.000000,-130.001007,135.001999,177.998993,127.997002,359.998993,18.000000,-495.000000,767.000000,-56.000000,225.000000,-170.000000
511,1743668125425551,178.000000,-130.000000,135.000000,178.000000,128.000000,360.000000,178.001007,-130.001007,135.001999,177.998993,127.996002,359.997009,23.000000,-496.000000,755.000000,-53.000000,229.000000,-169.000000
511,1743668125431246,178.000000,-130.000000,135.000000,178.000000,128.000000,360.000000,178.000000,-130.001999,135.001999,177.996994,127.997002,359.997986,17.000000,-491.000000,760.000000,-59.000000,247.000000,-175.000000
511,1743668125435868,178.000000,-130.000000,135.000000,178.000000,128.000000,360.000000,178.000000,-130.001999,135.001999,177.998993,127.996002,359.997986,27.000000,-495.000000,745.000000,-57.000000,248.000000,-163.000000
511,1743668125440494,178.000000,-130.000000,135.000000,178.000000,128.000000,360.000000,178.000000,-130.001999,135.001999,177.998993,127.996002,359.997986,27.000000,-495.000000,745.000000,-57.000000,248.000000,-163.000000
511,1743668125446346,178.000000,-130.000000,135.000000,178.000000,128.000000,360.000000,178.001007,-130.001007,135.001007,177.998993,127.997002,359.997986,25.000000,-495.000000,756.000000,-56.000000,248.000000,-155.000000
511,1743668125450999,178.000000,-130.000000,135.000000,178.000000,128.000000,360.000000,178.003006,-130.001007,135.001999,177.998993,127.997002,359.997986,12.000000,-492.000000,751.000000,-60.000000,233.000000,-165.000000
511,1743668125456647,178.000000,-130.000000,135.000000,178.000000,128.000000,360.000000,178.000000,-130.001007,135.001999,177.996994,127.998001,359.997009,10.000000,-493.000000,741.000000,-54.000000,235.000000,-145.000000
511,1743668125461120,178.000000,-130.000000,135.000000,178.000000,128.000000,360.000000,178.001007,-130.001999,135.001999,177.998993,127.997002,359.997986,23.000000,-492.000000,760.000000,-53.000000,233.000000,-140.000000
511,1743668125465643,178.000000,-130.000000,135.000000,178.000000,128.000000,360.000000,178.003006,-130.001007,135.001999,177.998993,127.997002,359.998993,22.000000,-490.000000,739.000000,-56.000000,235.000000,-159.000000
511,1743668125471166,178.000000,-130.000000,135.000000,178.000000,128.000000,360.000000,178.000000,-130.001999,135.001007,177.996994,127.997002,359.997009,18.000000,-489.000000,733.000000,-58.000000,231.000000,-153.000000
511,1743668125475683,178.000000,-130.000000,135.000000,178.000000,128.000000,360.000000,178.001007,-130.001007,135.001007,177.998993,127.997002,359.997009,17.000000,-492.000000,736.000000,-51.000000,244.000000,-143.000000
511,1743668125480425,178.000000,-130.000000,135.000000,178.000000,128.000000,360.000000,178.000000,-130.001999,135.001999,177.998993,127.997002,359.998993,14.000000,-494.000000,741.000000,-52.000000,239.000000,-144.000000
511,1743668125486101,178.000000,-130.000000,135.000000,178.000000,128.000000,360.000000,178.001007,-130.001999,135.001007,177.998993,127.998001,359.998993,16.000000,-491.000000,739.000000,-57.000000,242.000000,-182.000000
511,1743668125490714,178.000000,-130.000000,135.000000,178.000000,128.000000,360.000000,178.000000,-129.998993,135.001999,177.998993,127.997002,359.997986,17.000000,-490.000000,753.000000,-60.000000,234.000000,-155.000000
511,1743668125496567,178.000000,-130.000000,135.000000,178.000000,128.000000,360.000000,178.001007,-130.001007,135.001007,177.998993,127.996002,359.997986,20.000000,-491.000000,749.000000,-59.000000,237.000000,-147.000000
511,1743668125501202,178.000000,-130.000000,135.000000,178.000000,128.000000,360.000000,178.001007,-130.001007,135.001999,177.998993,127.997002,359.997986,17.000000,-490.000000,729.000000,-56.000000,247.000000,-138.000000
511,1743668125505942,178.000000,-130.000000,135.000000,178.000000,128.000000,360.000000,178.001007,-130.001007,135.001999,177.996994,127.998001,360.001007,27.000000,-495.000000,744.000000,-59.000000,250.000000,-175.000000
511,1743668125510514,178.000000,-130.000000,135.000000,178.000000,128.000000,360.000000,178.001007,-130.001007,135.001999,177.998993,127.997002,359.997986,29.000000,-495.000000,741.000000,-60.000000,245.000000,-143.000000
511,1743668125516291,178.000000,-130.000000,135.000000,178.000000,128.000000,360.000000,178.003006,-130.001007,135.001999,177.996994,127.997002,359.998993,23.000000,-494.000000,730.000000,-56.000000,250.000000,-174.000000
511,1743668125520868,178.000000,-130.000000,135.000000,178.000000,128.000000,360.000000,178.000000,-130.001007,135.001999,177.998993,127.996002,359.998993,22.000000,-494.000000,730.000000,-55.000000,256.000000,-143.000000
511,1743668125525593,178.000000,-130.000000,135.000000,178.000000,128.000000,360.000000,178.001007,-130.001999,135.005005,177.998993,127.998001,359.997986,13.000000,-497.000000,732.000000,-50.000000,261.000000,-155.000000
511,1743668125531376,178.000000,-130.000000,135.000000,178.000000,128.000000,360.000000,178.000000,-130.001007,135.001999,177.998993,127.997002,359.998993,18.000000,-491.000000,729.000000,-58.000000,257.000000,-159.000000
511,1743668125535938,178.000000,-130.000000,135.000000,178.000000,128.000000,360.000000,178.000000,-130.001999,135.001007,177.998993,127.996002,359.997986,18.000000,-494.000000,739.000000,-56.000000,250.000000,-153.000000
511,1743668125540594,178.000000,-130.000000,135.000000,178.000000,128.000000,360.000000,178.000000,-130.001999,135.001007,177.998993,127.997002,359.997009,11.000000,-493.000000,736.000000,-57.000000,252.000000,-142.000000
511,1743668125546159,178.000000,-130.000000,135.000000,178.000000,128.000000,360.000000,178.003006,-130.001007,135.001999,177.998993,127.997002,359.998993,5.000000,-491.000000,723.000000,-56.000000,252.000000,-168.000000
511,1743668125551539,178.000000,-130.000000,135.000000,178.000000,128.000000,360.000000,178.001007,-130.001999,135.001999,177.996994,127.997002,359.997986,11.000000,-489.000000,734.000000,-59.000000,250.000000,-165.000000
511,1743668125555894,178.000000,-130.000000,135.000000,178.000000,128.000000,360.000000,178.003006,-130.001999,135.001999,177.998993,127.997002,359.998993,16.000000,-485.000000,725.000000,-58.000000,256.000000,-153.000000
511,1743668125560431,178.000000,-130.000000,135.000000,178.000000,128.000000,360.000000,178.003006,-130.001007,135.001999,177.998993,127.997002,359.997986,20.000000,-483.000000,727.000000,-55.000000,245.000000,-153.000000
511,1743668125566338,178.000000,-130.000000,135.000000,178.000000,128.000000,360.000000,178.001007,-130.001007,135.001999,177.998993,127.998001,359.997986,18.000000,-486.000000,716.000000,-53.000000,250.000000,-145.000000
511,1743668125571162,178.000000,-130.000000,135.000000,178.000000,128.000000,360.000000,178.003006,-130.001007,135.001999,177.998993,127.997002,359.997986,36.000000,-487.000000,722.000000,-58.000000,250.000000,-159.000000
511,1743668125575874,178.000000,-130.000000,135.000000,178.000000,128.000000,360.000000,178.000000,-130.001007,135.001007,177.998993,127.997002,359.998993,23.000000,-488.000000,730.000000,-58.000000,253.000000,-157.000000
511,1743668125581577,178.000000,-130.000000,135.000000,178.000000,128.000000,360.000000,178.001007,-130.001007,135.001999,177.996994,127.997002,359.997986,26.000000,-484.000000,726.000000,-61.000000,248.000000,-155.000000
511,1743668125585921,178.000000,-130.000000,135.000000,178.000000,128.000000,360.000000,178.001007,-130.001007,135.001999,177.998993,127.997002,359.998993,29.000000,-482.000000,736.000000,-59.000000,257.000000,-155.000000
511,1743668125591263,178.000000,-130.000000,135.000000,178.000000,128.000000,360.000000,178.001007,-130.001007,135.005005,177.998993,127.998001,359.997986,21.000000,-493.000000,715.000000,-56.000000,246.000000,-174.000000
511,1743668125596753,178.000000,-130.000000,135.000000,178.000000,128.000000,360.000000,178.001007,-130.001007,135.001999,177.998993,127.997002,359.997986,19.000000,-489.000000,710.000000,-61.000000,253.000000,-124.000000
511,1743668125601419,178.000000,-130.000000,135.000000,178.000000,128.000000,360.000000,178.001007,-130.001007,135.001999,177.998993,127.997002,359.997986,19.000000,-489.000000,710.000000,-61.000000,253.000000,-124.000000
511,1743668125605758,178.000000,-130.000000,135.000000,178.000000,128.000000,360.000000,178.001007,-130.001999,135.001999,177.998993,127.997002,359.997986,17.000000,-496.000000,715.000000,-56.000000,256.000000,-149.000000
511,1743668125611178,178.000000,-130.000000,135.000000,178.000000,128.000000,360.000000,178.001007,-130.001999,135.001999,177.998993,127.997002,359.997986,17.000000,-496.000000,715.000000,-56.000000,256.000000,-149.000000
511,1743668125616769,178.000000,-130.000000,135.000000,178.000000,128.000000,360.000000,178.001007,-130.001999,135.001999,177.998993,127.998001,359.997009,18.000000,-492.000000,724.000000,-53.000000,255.000000,-161.000000
511,1743668125621474,178.000000,-130.000000,135.000000,178.000000,128.000000,360.000000,178.001007,-130.001007,135.001007,177.998993,127.997002,359.997986,21.000000,-492.000000,721.000000,-58.000000,260.000000,-172.000000
511,1743668125626076,178.000000,-130.000000,135.000000,178.000000,128.000000,360.000000,178.001007,-130.001007,135.001999,177.998993,127.997002,359.997986,20.000000,-493.000000,739.000000,-57.000000,265.000000,-149.000000
511,1743668125630642,178.000000,-130.000000,135.000000,178.000000,128.000000,360.000000,178.001007,-130.001999,135.001007,177.998993,127.997002,359.997986,20.000000,-492.000000,729.000000,-59.000000,249.000000,-149.000000
511,1743668125636531,178.000000,-130.000000,135.000000,178.000000,128.000000,360.000000,178.001007,-130.001007,135.001999,177.996994,127.997002,359.997986,19.000000,-502.000000,738.000000,-59.000000,251.000000,-178.000000
511,1743668125641108,178.000000,-130.000000,135.000000,178.000000,128.000000,360.000000,178.001007,-130.001007,135.001999,177.998993,127.998001,359.997986,19.000000,-496.000000,727.000000,-57.000000,263.000000,-147.000000
511,1743668125645742,178.000000,-130.000000,135.000000,178.000000,128.000000,360.000000,178.001007,-130.001007,135.001999,177.998993,127.998001,359.997986,17.000000,-496.000000,739.000000,-63.000000,262.000000,-150.000000
511,1743668125651415,178.000000,-130.000000,135.000000,178.000000,128.000000,360.000000,178.003006,-130.001007,135.001999,177.998993,127.998001,359.997986,25.000000,-498.000000,726.000000,-65.000000,252.000000,-149.000000
511,1743668125655749,178.000000,-130.000000,135.000000,178.000000,128.000000,360.000000,178.003006,-130.001007,135.001007,177.996994,127.997002,359.997986,15.000000,-496.000000,713.000000,-58.000000,261.000000,-136.000000
511,1743668125661165,178.000000,-130.000000,135.000000,178.000000,128.000000,360.000000,178.001007,-130.001007,135.001007,177.998993,127.998001,359.997986,18.000000,-497.000000,714.000000,-60.000000,260.000000,-167.000000
511,1743668125665525,178.000000,-130.000000,135.000000,178.000000,128.000000,360.000000,178.000000,-130.001007,135.001999,177.998993,127.997002,359.997009,18.000000,-496.000000,721.000000,-59.000000,255.000000,-145.000000
511,1743668125671054,178.000000,-130.000000,135.000000,178.000000,128.000000,360.000000,178.003006,-130.001007,135.005005,177.998993,127.996002,359.997986,17.000000,-500.000000,719.000000,-61.000000,261.000000,-142.000000
511,1743668125676403,178.000000,-130.000000,135.000000,178.000000,128.000000,360.000000,178.003006,-130.001999,135.001999,177.996994,127.997002,359.998993,14.000000,-498.000000,720.000000,-60.000000,263.000000,-193.000000
511,1743668125680773,178.000000,-130.000000,135.000000,178.000000,128.000000,360.000000,178.001007,-130.001007,135.001007,177.996994,127.997002,359.997986,5.000000,-498.000000,713.000000,-62.000000,262.000000,-136.000000
511,1743668125686566,178.000000,-130.000000,135.000000,178.000000,128.000000,360.000000,178.001007,-130.001007,135.001007,177.998993,127.997002,359.997009,19.000000,-499.000000,725.000000,-61.000000,261.000000,-125.000000
511,1743668125691130,178.000000,-130.000000,135.000000,178.000000,128.000000,360.000000,178.001007,-130.001007,135.001999,177.996994,127.997002,359.997986,14.000000,-490.000000,712.000000,-56.000000,260.000000,-155.000000
511,1743668125695742,178.000000,-130.000000,135.000000,178.000000,128.000000,360.000000,178.001007,-130.001999,135.001999,177.998993,127.997002,359.997009,12.000000,-495.000000,708.000000,-54.000000,261.000000,-122.000000
511,1743668125701555,178.000000,-130.000000,135.000000,178.000000,128.000000,360.000000,178.000000,-130.001007,135.001999,177.996994,127.997002,359.998993,13.000000,-499.000000,696.000000,-55.000000,262.000000,-170.000000
511,1743668125706210,178.000000,-130.000000,135.000000,178.000000,128.000000,360.000000,178.001007,-130.001999,135.001007,177.998993,127.997002,359.997986,12.000000,-498.000000,708.000000,-53.000000,260.000000,-143.000000
511,1743668125710766,178.000000,-130.000000,135.000000,178.000000,128.000000,360.000000,178.001007,-130.001999,135.001999,177.996994,127.997002,359.997986,18.000000,-495.000000,706.000000,-54.000000,264.000000,-154.000000
511,1743668125716577,178.000000,-130.000000,135.000000,178.000000,128.000000,360.000000,178.003006,-130.001007,135.001999,177.996994,127.996002,359.997986,9.000000,-498.000000,696.000000,-58.000000,262.000000,-164.000000
511,1743668125721126,178.000000,-130.000000,135.000000,178.000000,128.000000,360.000000,178.001007,-130.003006,135.001999,177.996994,127.997002,359.997986,11.000000,-496.000000,709.000000,-57.000000,269.000000,-137.000000
511,1743668125725601,178.000000,-130.000000,135.000000,178.000000,128.000000,360.000000,178.001007,-130.001007,135.001007,177.998993,127.998001,359.998993,10.000000,-491.000000,693.000000,-60.000000,257.000000,-171.000000
511,1743668125731050,178.000000,-130.000000,135.000000,178.000000,128.000000,360.000000,178.001007,-130.001007,135.001999,177.998993,127.997002,359.997986,5.000000,-496.000000,701.000000,-61.000000,270.000000,-163.000000
511,1743668125736453,178.000000,-130.000000,135.000000,178.000000,128.000000,360.000000,178.001007,-130.001007,135.001007,177.998993,127.997002,359.997986,7.000000,-493.000000,698.000000,-56.000000,269.000000,-135.000000
511,1743668125741055,178.000000,-130.000000,135.000000,178.000000,128.000000,360.000000,178.003006,-130.001007,135.001999,177.998993,127.997002,359.998993,8.000000,-496.000000,695.000000,-60.000000,262.000000,-152.000000
511,1743668125745858,178.000000,-130.000000,135.000000,178.000000,128.000000,360.000000,178.001007,-130.001007,135.001007,177.998993,127.998001,359.998993,9.000000,-494.000000,701.000000,-56.000000,263.000000,-160.000000
511,1743668125750491,178.000000,-130.000000,135.000000,178.000000,128.000000,360.000000,178.001007,-130.001007,135.001007,177.996994,127.997002,359.998993,15.000000,-504.000000,711.000000,-57.000000,265.000000,-139.000000
511,1743668125755990,178.000000,-130.000000,135.000000,178.000000,128.000000,360.000000,178.001007,-130.001999,134.998993,177.996994,127.998001,359.997986,11.000000,-503.000000,704.000000,-56.000000,259.000000,-151.000000
511,1743668125761433,178.000000,-130.000000,135.000000,178.000000,128.000000,360.000000,178.001007,-130.001007,135.001007,177.998993,127.998001,359.998993,12.000000,-495.000000,710.000000,-56.000000,259.000000,-142.000000
511,1743668125765748,178.000000,-130.000000,135.000000,178.000000,128.000000,360.000000,178.001007,-130.001007,135.001007,177.996994,127.996002,359.997986,15.000000,-500.000000,692.000000,-58.000000,263.000000,-152.000000
511,1743668125771151,178.000000,-130.000000,135.000000,178.000000,128.000000,360.000000,178.001007,-130.001007,135.001999,177.998993,127.996002,359.997986,8.000000,-498.000000,691.000000,-57.000000,271.000000,-162.000000
511,1743668125776494,178.000000,-130.000000,135.000000,178.000000,128.000000,360.000000,178.001007,-130.001999,135.001999,177.998993,127.997002,359.997986,10.000000,-499.000000,699.000000,-57.000000,265.000000,-168.000000
511,1743668125780776,178.000000,-130.000000,135.000000,178.000000,128.000000,360.000000,178.001007,-130.001999,135.001007,177.998993,127.997002,359.998993,11.000000,-503.000000,700.000000,-57.000000,267.000000,-144.000000
511,1743668125786162,178.000000,-130.000000,135.000000,178.000000,128.000000,360.000000,178.003006,-130.001007,135.001999,177.998993,127.998001,359.997009,11.000000,-499.000000,702.000000,-58.000000,264.000000,-140.000000
511,1743668125791545,178.000000,-130.000000,135.000000,178.000000,128.000000,360.000000,178.003006,-130.001999,135.001999,177.998993,127.997002,359.997986,11.000000,-499.000000,694.000000,-53.000000,264.000000,-143.000000
511,1743668125795885,178.000000,-130.000000,135.000000,178.000000,128.000000,360.000000,178.000000,-130.001999,135.001999,177.998993,127.998001,359.997986,11.000000,-499.000000,699.000000,-58.000000,264.000000,-167.000000
511,1743668125801262,178.000000,-130.000000,135.000000,178.000000,128.000000,360.000000,178.000000,-130.001999,135.001007,177.998993,127.998001,359.998993,11.000000,-501.000000,700.000000,-60.000000,266.000000,-157.000000
511,1743668125805569,178.000000,-130.000000,135.000000,178.000000,128.000000,360.000000,178.000000,-130.001999,135.001007,177.998993,127.998001,359.998993,11.000000,-501.000000,700.000000,-60.000000,266.000000,-157.000000
511,1743668125810987,178.000000,-130.000000,135.000000,178.000000,128.000000,360.000000,178.003006,-130.001999,135.001999,177.996994,127.997002,359.997009,10.000000,-495.000000,697.000000,-56.000000,259.000000,-136.000000
511,1743668125816410,178.000000,-130.000000,135.000000,178.000000,128.000000,360.000000,178.003006,-130.001999,135.001999,177.996994,127.997002,359.997009,10.000000,-495.000000,697.000000,-56.000000,259.000000,-136.000000
511,1743668125820711,178.000000,-130.000000,135.000000,178.000000,128.000000,360.000000,178.001007,-129.998993,135.001007,177.996994,127.997002,359.998993,10.000000,-496.000000,692.000000,-55.000000,263.000000,-157.000000
511,1743668125826122,178.000000,-130.000000,135.000000,178.000000,128.000000,360.000000,178.000000,-130.001999,135.001007,177.996994,127.998001,359.997986,16.000000,-496.000000,675.000000,-60.000000,265.000000,-136.000000
511,1743668125831547,178.000000,-130.000000,135.000000,178.000000,128.000000,360.000000,178.001007,-130.001007,135.001007,177.998993,127.997002,359.997986,7.000000,-497.000000,688.000000,-57.000000,267.000000,-151.000000
511,1743668125835910,178.000000,-130.000000,135.000000,178.000000,128.000000,360.000000,178.001007,-130.001007,135.001007,177.998993,127.997002,359.997986,8.000000,-498.000000,688.000000,-58.000000,267.000000,-151.000000
511,1743668125840654,178.000000,-130.000000,135.000000,178.000000,128.000000,360.000000,178.000000,-130.001007,135.001999,177.998993,127.997002,359.998993,8.000000,-500.000000,679.000000,-58.000000,260.000000,-153.000000
511,1743668125846515,178.000000,-130.000000,135.000000,178.000000,128.000000,360.000000,178.000000,-130.001007,135.001007,177.996994,127.997002,359.997986,19.000000,-498.000000,684.000000,-55.000000,266.000000,-144.000000
511,1743668125851142,178.000000,-130.000000,135.000000,178.000000,128.000000,360.000000,178.003006,-130.001007,135.001999,177.996994,127.997002,359.997986,16.000000,-503.000000,684.000000,-59.000000,262.000000,-137.000000
511,1743668125855871,178.000000,-130.000000,135.000000,178.000000,128.000000,360.000000,178.001007,-130.001007,135.001999,177.998993,127.998001,359.998993,13.000000,-499.000000,689.000000,-55.000000,262.000000,-158.000000
511,1743668125861555,178.000000,-130.000000,135.000000,178.000000,128.000000,360.000000,178.001007,-130.001999,135.001999,177.996994,127.997002,359.997986,13.000000,-499.000000,688.000000,-60.000000,263.000000,-183.000000
511,1743668125866057,178.000000,-130.000000,135.000000,178.000000,128.000000,360.000000,178.003006,-130.001007,135.001999,177.998993,127.998001,359.997986,12.000000,-497.000000,675.000000,-58.000000,263.000000,-139.000000
511,1743668125870576,178.000000,-130.000000,135.000000,178.000000,128.000000,360.000000,178.003006,-130.001007,135.001999,177.998993,127.998001,359.998993,12.000000,-500.000000,697.000000,-59.000000,268.000000,-157.000000
511,1743668125876290,178.000000,-130.000000,135.000000,178.000000,128.000000,360.000000,178.001007,-130.001007,135.001999,177.998993,127.996002,359.997009,15.000000,-497.000000,676.000000,-61.000000,259.000000,-152.000000
511,1743668125880848,178.000000,-130.000000,135.000000,178.000000,128.000000,360.000000,178.000000,-130.001999,135.001999,177.998993,127.998001,359.997986,20.000000,-495.000000,677.000000,-54.000000,263.000000,-138.000000
511,1743668125886441,178.000000,-130.000000,135.000000,178.000000,128.000000,360.000000,178.001007,-130.001007,135.001007,177.998993,127.997002,359.998993,20.000000,-501.000000,672.000000,-57.000000,265.000000,-157.000000
511,1743668125890931,178.000000,-130.000000,135.000000,178.000000,128.000000,360.000000,178.003006,-130.001007,135.001007,177.998993,127.998001,359.997986,17.000000,-491.000000,686.000000,-53.000000,273.000000,-150.000000
511,1743668125896525,178.000000,-130.000000,135.000000,178.000000,128.000000,360.000000,178.000000,-130.001999,135.001999,178.000000,127.997002,359.997986,8.000000,-488.000000,679.000000,-54.000000,267.000000,-156.000000
511,1743668125900979,178.000000,-130.000000,135.000000,178.000000,128.000000,360.000000,178.001007,-130.001999,135.001999,177.996994,127.997002,359.997986,13.000000,-488.000000,673.000000,-57.000000,260.000000,-146.000000
511,1743668125906563,178.000000,-130.000000,135.000000,178.000000,128.000000,360.000000,178.003006,-130.001007,135.001007,177.998993,127.998001,359.997986,13.000000,-491.000000,673.000000,-52.000000,277.000000,-153.000000
511,1743668125911076,178.000000,-130.000000,135.000000,178.000000,128.000000,360.000000,178.003006,-130.001007,135.001007,177.996994,127.997002,359.997986,7.000000,-491.000000,678.000000,-59.000000,271.000000,-144.000000
511,1743668125916445,178.000000,-130.000000,135.000000,178.000000,128.000000,360.000000,178.001007,-130.001007,135.001007,177.998993,127.997002,359.997986,6.000000,-489.000000,676.000000,-58.000000,272.000000,-141.000000
511,1743668125920829,178.000000,-130.000000,135.000000,178.000000,128.000000,360.000000,178.003006,-130.001007,135.001999,177.998993,127.997002,359.998993,9.000000,-491.000000,687.000000,-63.000000,271.000000,-156.000000
511,1743668125926545,178.000000,-130.000000,135.000000,178.000000,128.000000,360.000000,178.003006,-130.001007,135.001999,177.998993,127.997002,359.998993,9.000000,-491.000000,687.000000,-63.000000,271.000000,-156.000000
511,1743668125931105,178.000000,-130.000000,135.000000,178.000000,128.000000,360.000000,178.003006,-130.001007,135.001999,177.998993,127.998001,359.997986,6.000000,-491.000000,681.000000,-53.000000,276.000000,-167.000000
511,1743668125935636,178.000000,-130.000000,135.000000,178.000000,128.000000,360.000000,178.003006,-130.001007,135.001999,177.998993,127.998001,359.997986,6.000000,-491.000000,681.000000,-53.000000,276.000000,-167.000000
511,1743668125941258,178.000000,-130.000000,135.000000,178.000000,128.000000,360.000000,178.001007,-130.001007,135.001999,177.998993,127.997002,359.997009,6.000000,-490.000000,686.000000,-56.000000,277.000000,-156.000000
511,1743668125945796,178.000000,-130.000000,135.000000,178.000000,128.000000,360.000000,178.001007,-130.001999,135.001007,177.996994,127.997002,359.997986,24.000000,-491.000000,676.000000,-59.000000,276.000000,-179.000000
511,1743668125950451,178.000000,-130.000000,135.000000,178.000000,128.000000,360.000000,178.001007,-130.001999,135.001007,177.996994,127.998001,359.997986,11.000000,-490.000000,683.000000,-54.000000,264.000000,-141.000000
511,1743668125956025,178.000000,-130.000000,135.000000,178.000000,128.000000,360.000000,178.001007,-130.001999,135.001007,177.996994,127.998001,359.997986,11.000000,-490.000000,683.000000,-54.000000,264.000000,-141.000000
511,1743668125961609,178.000000,-130.000000,135.000000,178.000000,128.000000,360.000000,178.001007,-130.001007,135.001007,177.998993,127.998001,359.997986,13.000000,-491.000000,688.000000,-50.000000,264.000000,-141.000000
511,1743668125966215,178.000000,-130.000000,135.000000,178.000000,128.000000,360.000000,178.003006,-130.001007,135.001999,177.998993,127.998001,359.998993,14.000000,-488.000000,676.000000,-52.000000,270.000000,-170.000000
511,1743668125970830,178.000000,-130.000000,135.000000,178.000000,128.000000,360.000000,178.000000,-130.001007,135.001007,177.998993,127.997002,359.998993,16.000000,-489.000000,682.000000,-48.000000,268.000000,-149.000000
511,1743668125976494,178.000000,-130.000000,135.000000,178.000000,128.000000,360.000000,178.001007,-130.001007,134.998993,177.998993,127.998001,359.997986,5.000000,-489.000000,678.000000,-53.000000,270.000000,-136.000000
511,1743668125981127,178.000000,-130.000000,135.000000,178.000000,128.000000,360.000000,178.000000,-130.001007,134.998993,177.998993,127.997002,359.997986,14.000000,-487.000000,688.000000,-54.000000,273.000000,-136.000000
511,1743668125985576,178.000000,-130.000000,135.000000,178.000000,128.000000,360.000000,178.001007,-130.001999,135.001007,177.996994,127.997002,359.997986,7.000000,-487.000000,682.000000,-56.000000,269.000000,-148.000000
511,1743668125991179,178.000000,-130.000000,135.000000,178.000000,128.000000,360.000000,178.000000,-130.001007,135.001999,177.998993,127.998001,359.997986,10.000000,-485.000000,680.000000,-54.000000,277.000000,-155.000000
511,1743668125995674,178.000000,-130.000000,135.000000,178.000000,128.000000,360.000000,178.001007,-130.001007,135.001007,177.998993,127.997002,359.997986,4.000000,-495.000000,671.000000,-50.000000,265.000000,-138.000000
511,1743668126001362,178.000000,-130.000000,135.000000,178.000000,128.000000,360.000000,178.001007,-130.001007,134.998993,177.998993,127.998001,359.997986,6.000000,-491.000000,680.000000,-53.000000,270.000000,-168.000000
511,1743668126005700,178.000000,-130.000000,135.000000,178.000000,128.000000,360.000000,178.003006,-130.001999,135.001007,177.998993,127.998001,359.997009,4.000000,-489.000000,680.000000,-52.000000,275.000000,-151.000000
511,1743668126011229,178.000000,-130.000000,135.000000,178.000000,128.000000,360.000000,178.001007,-129.998993,135.001007,177.998993,127.998001,359.998993,4.000000,-488.000000,691.000000,-51.000000,267.000000,-160.000000
511,1743668126015724,178.000000,-130.000000,135.000000,178.000000,128.000000,360.000000,178.001007,-130.001007,135.001999,177.996994,127.997002,359.998993,0.000000,-488.000000,678.000000,-54.000000,268.000000,-151.000000
511,1743668126021462,178.000000,-130.000000,135.000000,178.000000,128.000000,360.000000,178.000000,-130.001007,135.001007,177.998993,127.998001,359.997986,11.000000,-489.000000,696.000000,-63.000000,278.000000,-158.000000
511,1743668126025883,178.000000,-130.000000,135.000000,178.000000,128.000000,360.000000,178.001007,-130.001007,135.001007,177.998993,127.998001,359.998993,6.000000,-487.000000,683.000000,-51.000000,256.000000,-132.000000
511,1743668126031465,178.000000,-130.000000,135.000000,178.000000,128.000000,360.000000,178.001007,-130.001007,135.001007,177.996994,127.997002,359.997986,0.000000,-488.000000,683.000000,-58.000000,279.000000,-167.000000
511,1743668126035998,178.000000,-130.000000,135.000000,178.000000,128.000000,360.000000,178.001007,-130.001999,135.001999,177.998993,127.998001,359.998993,0.000000,-489.000000,693.000000,-56.000000,271.000000,-149.000000
511,1743668126041787,178.000000,-130.000000,135.000000,178.000000,128.000000,360.000000,178.001007,-130.001007,135.001999,177.996994,127.998001,359.997009,0.000000,-488.000000,670.000000,-55.000000,274.000000,-169.000000
511,1743668126046461,178.000000,-130.000000,135.000000,178.000000,128.000000,360.000000,178.001007,-130.001007,135.001007,177.998993,127.997002,359.997986,2.000000,-488.000000,690.000000,-56.000000,276.000000,-151.000000
511,1743668126050883,178.000000,-130.000000,135.000000,178.000000,128.000000,360.000000,178.003006,-130.001999,135.001007,177.998993,127.997002,359.997986,2.000000,-487.000000,667.000000,-57.000000,269.000000,-129.000000
511,1743668126056770,178.000000,-130.000000,135.000000,178.000000,128.000000,360.000000,178.001007,-129.998993,135.001999,177.998993,127.998001,359.997986,1.000000,-488.000000,678.000000,-57.000000,274.000000,-163.000000
511,1743668126061398,178.000000,-130.000000,135.000000,178.000000,128.000000,360.000000,178.001007,-129.998993,135.001999,177.998993,127.998001,359.997986,1.000000,-488.000000,678.000000,-57.000000,274.000000,-163.000000
511,1743668126066989,178.000000,-130.000000,135.000000,178.000000,128.000000,360.000000,178.000000,-129.998993,135.001999,177.998993,127.997002,359.998993,2.000000,-492.000000,665.000000,-59.000000,274.000000,-135.000000
511,1743668126072743,178.000000,-130.000000,135.000000,178.000000,128.000000,360.000000,178.000000,-129.998993,135.001999,177.998993,127.997002,359.998993,2.000000,-492.000000,665.000000,-59.000000,274.000000,-135.000000
511,1743668126077339,178.000000,-130.000000,135.000000,178.000000,128.000000,360.000000,178.001007,-130.001007,135.001007,177.998993,127.997002,359.998993,7.000000,-491.000000,671.000000,-58.000000,271.000000,-156.000000
511,1743668126081824,178.000000,-130.000000,135.000000,178.000000,128.000000,360.000000,178.001007,-130.001007,135.001007,177.998993,127.997002,359.998993,3.000000,-487.000000,670.000000,-59.000000,279.000000,-148.000000
511,1743668126087576,178.000000,-130.000000,135.000000,178.000000,128.000000,360.000000,178.001007,-130.001007,135.001999,177.998993,127.997002,359.997986,5.000000,-489.000000,675.000000,-53.000000,270.000000,-151.000000
511,1743668126092356,178.000000,-130.000000,135.000000,178.000000,128.000000,360.000000,178.000000,-129.998993,135.001999,177.998993,127.997002,360.001007,7.000000,-488.000000,665.000000,-56.000000,270.000000,-151.000000
511,1743668126097006,178.000000,-130.000000,135.000000,178.000000,128.000000,360.000000,178.001007,-130.001999,135.001007,177.998993,127.997002,359.998993,5.000000,-492.000000,672.000000,-61.000000,277.000000,-159.000000
511,1743668126102706,178.000000,-130.000000,135.000000,178.000000,128.000000,360.000000,178.001007,-130.001007,135.001999,177.998993,127.998001,359.997986,13.000000,-492.000000,670.000000,-53.000000,272.000000,-136.000000
511,1743668126107554,178.000000,-130.000000,135.000000,178.000000,128.000000,360.000000,178.003006,-130.001999,135.001007,177.998993,127.997002,359.997986,6.000000,-489.000000,656.000000,-57.000000,266.000000,-142.000000
511,1743668126112226,178.000000,-130.000000,135.000000,178.000000,128.000000,360.000000,178.003006,-130.001007,135.001007,177.996994,127.997002,359.997009,13.000000,-487.000000,683.000000,-51.000000,278.000000,-158.000000
511,1743668126116889,178.000000,-130.000000,135.000000,178.000000,128.000000,360.000000,178.001007,-130.001007,135.005005,177.998993,127.997002,359.997986,14.000000,-490.000000,667.000000,-55.000000,270.000000,-140.000000
511,1743668126122527,178.000000,-130.000000,135.000000,178.000000,128.000000,360.000000,178.001007,-130.001007,135.005005,177.998993,127.997002,359.997986,14.000000,-490.000000,667.000000,-55.000000,270.000000,-140.000000
511,1743668126127390,178.000000,-130.000000,135.000000,178.000000,128.000000,360.000000,178.001007,-130.001999,135.001999,178.000000,127.997002,359.997986,12.000000,-488.000000,660.000000,-62.000000,275.000000,-157.000000
511,1743668126132080,178.000000,-130.000000,135.000000,178.000000,128.000000,360.000000,178.001007,-130.001999,135.001999,178.000000,127.997002,359.997986,12.000000,-488.000000,660.000000,-62.000000,275.000000,-157.000000
511,1743668126137762,178.000000,-130.000000,135.000000,178.000000,128.000000,360.000000,178.000000,-130.001007,134.998993,177.998993,127.998001,359.997009,13.000000,-489.000000,657.000000,-59.000000,273.000000,-117.000000
511,1743668126142267,178.000000,-130.000000,135.000000,178.000000,128.000000,360.000000,178.000000,-130.001007,134.998993,177.996994,127.998001,359.997986,17.000000,-488.000000,651.000000,-54.000000,271.000000,-150.000000
511,1743668126146768,178.000000,-130.000000,135.000000,178.000000,128.000000,360.000000,178.000000,-130.001007,135.001007,177.998993,127.998001,359.997986,13.000000,-488.000000,655.000000,-57.000000,272.000000,-140.000000
511,1743668126152526,178.000000,-130.000000,135.000000,178.000000,128.000000,360.000000,178.003006,-130.001007,134.998993,177.996994,127.998001,359.997009,14.000000,-498.000000,658.000000,-45.000000,277.000000,-169.000000
511,1743668126156891,178.000000,-130.000000,135.000000,178.000000,128.000000,360.000000,178.000000,-130.001007,134.998993,177.998993,127.997002,359.997986,11.000000,-491.000000,657.000000,-52.000000,270.000000,-164.000000
511,1743668126162691,178.000000,-130.000000,135.000000,178.000000,128.000000,360.000000,178.001007,-130.001007,135.001999,177.998993,127.998001,359.997009,12.000000,-492.000000,655.000000,-61.000000,262.000000,-156.000000
511,1743668126167073,178.000000,-130.000000,135.000000,178.000000,128.000000,360.000000,178.000000,-130.001007,135.001007,178.000000,127.998001,359.997986,4.000000,-492.000000,657.000000,-57.000000,272.000000,-155.000000
511,1743668126172471,178.000000,-130.000000,135.000000,178.000000,128.000000,360.000000,178.003006,-130.001007,134.998993,177.996994,127.998001,359.997009,6.000000,-493.000000,658.000000,-59.000000,272.000000,-144.000000
511,1743668126176837,178.000000,-130.000000,135.000000,178.000000,128.000000,360.000000,178.001007,-130.001007,135.001007,177.998993,127.998001,359.997986,11.000000,-489.000000,656.000000,-62.000000,273.000000,-155.000000
511,1743668126182266,178.000000,-130.000000,135.000000,178.000000,128.000000,360.000000,178.001007,-130.001999,135.001999,177.996994,127.997002,359.997986,9.000000,-491.000000,651.000000,-61.000000,273.000000,-147.000000
511,1743668126186598,178.000000,-130.000000,135.000000,178.000000,128.000000,360.000000,178.001007,-130.001007,135.001007,177.998993,127.998001,359.997009,15.000000,-489.000000,662.000000,-63.000000,275.000000,-155.000000
511,1743668126191981,178.000000,-130.000000,135.000000,178.000000,128.000000,360.000000,178.000000,-129.998993,135.001007,177.998993,127.997002,359.997986,15.000000,-492.000000,651.000000,-56.000000,275.000000,-169.000000
511,1743668126197461,178.000000,-130.000000,135.000000,178.000000,128.000000,360.000000,178.001007,-130.001007,135.001007,177.998993,127.998001,359.997986,22.000000,-489.000000,678.000000,-59.000000,274.000000,-141.000000
511,1743668126201826,178.000000,-130.000000,135.000000,178.000000,128.000000,360.000000,178.001007,-130.001007,135.001007,177.998993,127.997002,359.997009,20.000000,-484.000000,662.000000,-56.000000,274.000000,-154.000000
511,1743668126207243,178.000000,-130.000000,135.000000,178.000000,128.000000,360.000000,178.003006,-130.001007,135.001007,177.998993,127.998001,359.998993,23.000000,-488.000000,653.000000,-57.000000,274.000000,-157.000000
511,1743668126211574,178.000000,-130.000000,135.000000,178.000000,128.000000,360.000000,178.001007,-130.001007,135.001007,177.998993,127.998001,359.997986,20.000000,-484.000000,656.000000,-59.000000,271.000000,-169.000000
511,1743668126217558,178.000000,-130.000000,135.000000,178.000000,128.000000,360.000000,178.001007,-130.001999,135.001007,177.998993,127.998001,359.997986,24.000000,-489.000000,659.000000,-59.000000,268.000000,-148.000000
511,1743668126222193,178.000000,-130.000000,135.000000,178.000000,128.000000,360.000000,178.000000,-129.998993,135.001007,177.996994,127.998001,359.998993,22.000000,-487.000000,674.000000,-61.000000,270.000000,-134.000000
511,1743668126227109,178.000000,-130.000000,135.000000,178.000000,128.000000,360.000000,178.001007,-130.001007,135.001007,177.998993,127.997002,359.997986,22.000000,-488.000000,658.000000,-65.000000,274.000000,-151.000000
511,1743668126231888,178.000000,-130.000000,135.000000,178.000000,128.000000,360.000000,178.001007,-130.001007,135.001007,177.996994,127.998001,359.997986,17.000000,-486.000000,667.000000,-66.000000,268.000000,-145.000000
511,1743668126236614,178.000000,-130.000000,135.000000,178.000000,128.000000,360.000000,178.001007,-130.001007,135.001007,177.998993,127.997002,359.997009,14.000000,-488.000000,679.000000,-54.000000,273.000000,-151.000000
511,1743668126242515,178.000000,-130.000000,135.000000,178.000000,128.000000,360.000000,178.001007,-130.001007,134.998993,177.996994,127.998001,359.997009,18.000000,-488.000000,672.000000,-60.000000,272.000000,-159.000000
511,1743668126247541,178.000000,-130.000000,135.000000,178.000000,128.000000,360.000000,178.000000,-130.001007,135.001007,177.998993,127.997002,359.998993,10.000000,-488.000000,673.000000,-60.000000,277.000000,-156.000000
511,1743668126252355,178.000000,-130.000000,135.000000,178.000000,128.000000,360.000000,178.000000,-129.998993,135.001007,177.998993,127.997002,359.997986,9.000000,-487.000000,676.000000,-58.000000,272.000000,-148.000000
511,1743668126257015,178.000000,-130.000000,135.000000,178.000000,128.000000,360.000000,178.003006,-130.001999,135.001007,177.996994,127.998001,359.998993,14.000000,-489.000000,666.000000,-55.000000,275.000000,-147.000000
511,1743668126261774,178.000000,-130.000000,135.000000,178.000000,128.000000,360.000000,178.001007,-130.001999,134.998993,177.998993,127.997002,359.997986,14.000000,-485.000000,670.000000,-51.000000,277.000000,-146.000000
511,1743668126267608,178.000000,-130.000000,135.000000,178.000000,128.000000,360.000000,178.001007,-130.001999,135.001007,177.996994,127.997002,359.998993,24.000000,-489.000000,702.000000,-55.000000,270.000000,-166.000000
511,1743668126272369,178.000000,-130.000000,135.000000,178.000000,128.000000,360.000000,178.001007,-129.998993,135.001999,177.998993,127.998001,359.997986,22.000000,-489.000000,696.000000,-56.000000,274.000000,-165.000000
511,1743668126276998,178.000000,-130.000000,135.000000,178.000000,128.000000,360.000000,178.001007,-129.998993,135.001999,177.998993,127.998001,359.997986,22.000000,-489.000000,696.000000,-56.000000,274.000000,-165.000000
511,1743668126281609,178.000000,-130.000000,135.000000,178.000000,128.000000,360.000000,178.000000,-130.001007,135.001999,177.996994,127.997002,359.997009,21.000000,-485.000000,664.000000,-60.000000,272.000000,-155.000000
511,1743668126287390,178.000000,-130.000000,135.000000,178.000000,128.000000,360.000000,178.000000,-130.001007,135.001999,177.996994,127.997002,359.997009,21.000000,-485.000000,664.000000,-60.000000,272.000000,-155.000000
511,1743668126292028,178.000000,-130.000000,135.000000,178.000000,128.000000,360.000000,178.003006,-130.001999,135.001007,177.996994,127.997002,359.997986,19.000000,-487.000000,676.000000,-68.000000,277.000000,-135.000000
511,1743668126297620,178.000000,-130.000000,135.000000,178.000000,128.000000,360.000000,178.003006,-130.001999,135.001007,177.996994,127.997002,359.997986,19.000000,-487.000000,676.000000,-68.000000,277.000000,-135.000000
511,1743668126302181,178.000000,-130.000000,135.000000,178.000000,128.000000,360.000000,178.001007,-130.001999,135.001007,177.998993,127.998001,359.997009,22.000000,-489.000000,672.000000,-57.000000,275.000000,-161.000000
511,1743668126306902,178.000000,-130.000000,135.000000,178.000000,128.000000,360.000000,178.003006,-130.001007,134.998993,177.998993,128.000000,359.998993,19.000000,-492.000000,673.000000,-61.000000,274.000000,-148.000000
511,1743668126311480,178.000000,-130.000000,135.000000,178.000000,128.000000,360.000000,178.001007,-130.001999,135.001007,177.996994,127.998001,359.997986,19.000000,-490.000000,688.000000,-56.000000,278.000000,-151.000000
511,1743668126317103,178.000000,-130.000000,135.000000,178.000000,128.000000,360.000000,178.003006,-130.001999,135.001999,177.998993,127.998001,359.997986,16.000000,-488.000000,683.000000,-58.000000,279.000000,-158.000000
511,1743668126321779,178.000000,-130.000000,135.000000,178.000000,128.000000,360.000000,178.003006,-130.001999,135.001999,177.998993,127.998001,359.997986,16.000000,-488.000000,683.000000,-58.000000,279.000000,-158.000000
511,1743668126327580,178.000000,-130.000000,135.000000,178.000000,128.000000,360.000000,178.001007,-130.001999,135.001007,177.998993,127.998001,359.998993,8.000000,-488.000000,682.000000,-61.000000,272.000000,-140.000000
511,1743668126332241,178.000000,-130.000000,135.000000,178.000000,128.000000,360.000000,178.001007,-130.001999,135.001007,177.996994,127.998001,359.998993,8.000000,-499.000000,681.000000,-57.000000,274.000000,-152.000000
511,1743668126336815,178.000000,-130.000000,135.000000,178.000000,128.000000,360.000000,178.001007,-130.001999,135.001007,177.998993,127.998001,359.998993,12.000000,-492.000000,677.000000,-59.000000,275.000000,-160.000000
511,1743668126342527,178.000000,-130.000000,135.000000,178.000000,128.000000,360.000000,178.001007,-130.001999,135.001007,177.998993,127.998001,359.997986,14.000000,-493.000000,680.000000,-58.000000,274.000000,-131.000000
511,1743668126347254,178.000000,-130.000000,135.000000,178.000000,128.000000,360.000000,178.003006,-130.001999,135.001007,177.998993,127.998001,359.997986,13.000000,-494.000000,686.000000,-55.000000,275.000000,-163.000000
511,1743668126351756,178.000000,-130.000000,135.000000,178.000000,128.000000,360.000000,178.003006,-130.001999,135.001007,177.998993,127.998001,359.997986,12.000000,-492.000000,699.000000,-59.000000,276.000000,-142.000000
511,1743668126357505,178.000000,-130.000000,135.000000,178.000000,128.000000,360.000000,178.001007,-130.001007,135.001007,177.998993,127.998001,359.997986,16.000000,-498.000000,684.000000,-56.000000,281.000000,-171.000000
511,1743668126362144,178.000000,-130.000000,135.000000,178.000000,128.000000,360.000000,177.998993,-130.001999,135.001007,177.998993,127.998001,359.997009,23.000000,-496.000000,669.000000,-60.000000,277.000000,-170.000000
511,1743668126366597,178.000000,-130.000000,135.000000,178.000000,128.000000,360.000000,178.001007,-130.001007,135.001999,178.000000,127.998001,359.998993,22.000000,-497.000000,681.000000,-57.000000,269.000000,-161.000000
511,1743668126372447,178.000000,-130.000000,135.000000,178.000000,128.000000,360.000000,178.001007,-130.001007,135.001007,177.998993,127.998001,359.997986,19.000000,-497.000000,679.000000,-57.000000,276.000000,-161.000000
511,1743668126376955,178.000000,-130.000000,135.000000,178.000000,128.000000,360.000000,178.001007,-130.001007,135.001007,177.996994,127.998001,359.997986,21.000000,-495.000000,675.000000,-68.000000,278.000000,-142.000000
511,1743668126381580,178.000000,-130.000000,135.000000,178.000000,128.000000,360.000000,178.001007,-130.001999,135.001999,177.998993,127.998001,359.997986,20.000000,-493.000000,680.000000,-49.000000,277.000000,-141.000000
511,1743668126387266,178.000000,-130.000000,135.000000,178.000000,128.000000,360.000000,178.001007,-130.001999,135.001007,177.998993,127.998001,359.998993,16.000000,-495.000000,685.000000,-60.000000,278.000000,-156.000000
511,1743668126391759,178.000000,-130.000000,135.000000,178.000000,128.000000,360.000000,178.001007,-130.001007,135.001007,177.998993,127.998001,359.998993,21.000000,-493.000000,684.000000,-57.000000,287.000000,-137.000000
511,1743668126397399,178.000000,-130.000000,135.000000,178.000000,128.000000,360.000000,178.001007,-130.001007,135.001999,177.998993,127.998001,359.997986,24.000000,-482.000000,684.000000,-58.000000,275.000000,-170.000000
511,1743668126401694,178.000000,-130.000000,135.000000,178.000000,128.000000,360.000000,178.001007,-130.001999,134.998993,177.996994,127.998001,359.997009,22.000000,-496.000000,674.000000,-54.000000,276.000000,-156.000000
511,1743668126407597,178.000000,-130.000000,135.000000,178.000000,128.000000,360.000000,178.000000,-130.001007,135.001007,177.998993,127.998001,359.997986,20.000000,-495.000000,685.000000,-62.000000,274.000000,-150.000000
511,1743668126412242,178.000000,-130.000000,135.000000,178.000000,128.000000,360.000000,178.001007,-130.001999,134.998993,177.998993,127.998001,359.997986,27.000000,-489.000000,685.000000,-53.000000,277.000000,-162.000000
511,1743668126416741,178.000000,-130.000000,135.000000,178.000000,128.000000,360.000000,178.000000,-130.001007,134.998993,177.998993,127.998001,359.997986,27.000000,-487.000000,680.000000,-55.000000,276.000000,-152.000000
511,1743668126422460,178.000000,-130.000000,135.000000,178.000000,128.000000,360.000000,178.001007,-130.001007,135.001007,177.998993,128.000000,359.997986,19.000000,-487.000000,681.000000,-60.000000,276.000000,-165.000000
511,1743668126426942,178.000000,-130.000000,135.000000,178.000000,128.000000,360.000000,178.000000,-130.001007,135.001007,177.996994,127.998001,359.997986,20.000000,-488.000000,679.000000,-65.000000,284.000000,-160.000000
511,1743668126432602,178.000000,-130.000000,135.000000,178.000000,128.000000,360.000000,178.003006,-130.001007,135.001007,177.996994,127.998001,359.998993,23.000000,-485.000000,684.000000,-54.000000,274.000000,-141.000000
511,1743668126437121,178.000000,-130.000000,135.000000,178.000000,128.000000,360.000000,178.001007,-130.001007,135.001999,177.998993,127.997002,359.997986,24.000000,-487.000000,678.000000,-59.000000,279.000000,-147.000000
511,1743668126441546,178.000000,-130.000000,135.000000,178.000000,128.000000,360.000000,178.001007,-130.001007,135.001007,177.996994,127.998001,359.997986,27.000000,-488.000000,677.000000,-56.000000,281.000000,-150.000000
511,1743668126447142,178.000000,-130.000000,135.000000,178.000000,128.000000,360.000000,178.001007,-130.001007,135.001999,177.998993,127.998001,359.997986,30.000000,-485.000000,684.000000,-62.000000,278.000000,-165.000000
511,1743668126451705,178.000000,-130.000000,135.000000,178.000000,128.000000,360.000000,178.001007,-130.001999,135.001999,177.998993,127.998001,359.998993,31.000000,-491.000000,681.000000,-83.000000,274.000000,-143.000000
511,1743668126457110,178.000000,-130.000000,135.000000,178.000000,128.000000,360.000000,178.001007,-130.001999,135.001007,178.000000,127.998001,359.998993,28.000000,-475.000000,684.000000,-88.000000,275.000000,-160.000000
511,1743668126461666,178.000000,-130.000000,135.000000,178.000000,128.000000,360.000000,178.001007,-130.001999,135.001007,178.001007,127.997002,359.997009,22.000000,-484.000000,669.000000,-111.000000,275.000000,-151.000000
511,1743668126467311,178.000000,-130.000000,135.000000,178.000000,128.000000,360.000000,178.001007,-129.998993,135.001007,178.003006,127.998001,359.997986,26.000000,-485.000000,674.000000,-110.000000,277.000000,-170.000000
511,1743668126471696,178.000000,-130.000000,135.000000,178.000000,128.000000,360.000000,178.001007,-130.001999,135.001007,178.003006,127.998001,359.998993,25.000000,-483.000000,688.000000,-99.000000,281.000000,-156.000000
511,1743668126477253,178.000000,-130.000000,135.000000,178.000000,128.000000,360.000000,178.001007,-130.001999,135.001007,178.003006,127.998001,359.998993,25.000000,-483.000000,688.000000,-99.000000,281.000000,-156.000000
511,1743668126481673,178.000000,-130.000000,135.000000,178.000000,128.000000,360.000000,178.001007,-130.001007,135.001007,178.003998,127.998001,359.998993,27.000000,-482.000000,686.000000,-113.000000,280.000000,-153.000000
511,1743668126487538,178.000000,-130.000000,135.000000,178.000000,128.000000,360.000000,178.001007,-130.001007,135.001007,178.003998,127.998001,359.998993,27.000000,-482.000000,686.000000,-113.000000,280.000000,-153.000000
511,1743668126492160,178.000000,-130.000000,135.000000,178.000000,128.000000,360.000000,178.001007,-130.001007,135.001007,178.003998,128.000000,359.998993,26.000000,-483.000000,682.000000,-119.000000,280.000000,-171.000000
511,1743668126496760,178.000000,-130.000000,135.000000,178.000000,128.000000,360.000000,178.001007,-130.001007,134.998993,178.003998,127.998001,359.997986,25.000000,-485.000000,693.000000,-126.000000,281.000000,-143.000000
511,1743668126502591,178.000000,-130.000000,135.000000,178.000000,128.000000,360.000000,178.001007,-130.001007,135.001007,178.003998,127.998001,359.997986,17.000000,-483.000000,687.000000,-118.000000,273.000000,-154.000000
511,1743668126507757,178.000000,-130.000000,135.000000,178.000000,128.000000,360.000000,178.001007,-130.001007,135.001007,178.003998,127.998001,359.997986,21.000000,-484.000000,688.000000,-138.000000,279.000000,-165.000000
511,1743668126512592,178.000000,-130.000000,135.000000,178.000000,128.000000,360.000000,178.001007,-129.998993,135.001007,178.003006,127.998001,359.997009,20.000000,-483.000000,687.000000,-141.000000,281.000000,-164.000000
511,1743668126517135,178.000000,-130.000000,135.000000,178.000000,128.000000,360.000000,178.001007,-130.001007,135.001007,178.003998,127.998001,359.997009,17.000000,-484.000000,689.000000,-118.000000,275.000000,-164.000000
511,1743668126521952,178.000000,-130.000000,135.000000,178.000000,128.000000,360.000000,178.001007,-130.001999,135.001007,178.003006,127.997002,359.997009,15.000000,-483.000000,690.000000,-135.000000,278.000000,-160.000000
511,1743668126526653,178.000000,-130.000000,135.000000,178.000000,128.000000,360.000000,178.001007,-130.001007,134.998993,178.003998,127.998001,359.997986,10.000000,-484.000000,692.000000,-148.000000,285.000000,-170.000000
511,1743668126532551,178.000000,-130.000000,135.000000,178.000000,128.000000,360.000000,178.003006,-130.001007,134.998993,178.003998,127.998001,359.997986,16.000000,-480.000000,683.000000,-150.000000,269.000000,-139.000000
511,1743668126537320,178.000000,-130.000000,135.000000,178.000000,128.000000,360.000000,178.000000,-130.001999,134.998001,178.003998,127.998001,359.997986,15.000000,-486.000000,674.000000,-142.000000,279.000000,-162.000000
511,1743668126541970,178.000000,-130.000000,135.000000,178.000000,128.000000,360.000000,178.000000,-130.001999,134.998993,178.003998,127.997002,359.997986,15.000000,-497.000000,698.000000,-153.000000,275.000000,-153.000000
511,1743668126546588,178.000000,-130.000000,135.000000,178.000000,128.000000,360.000000,178.001007,-130.001999,134.998993,178.003998,127.998001,359.998993,1.000000,-483.000000,682.000000,-156.000000,275.000000,-152.000000
511,1743668126552397,178.000000,-130.000000,135.000000,178.000000,128.000000,360.000000,178.001007,-130.001007,134.998993,178.003006,127.998001,359.997009,6.000000,-495.000000,688.000000,-162.000000,280.000000,-172.000000
511,1743668126556982,178.000000,-130.000000,135.000000,178.000000,128.000000,360.000000,178.003998,-130.001007,135.001007,178.003998,127.998001,359.997009,4.000000,-491.000000,687.000000,-159.000000,280.000000,-150.000000
511,1743668126561546,178.000000,-130.000000,135.000000,178.000000,128.000000,360.000000,178.001007,-130.001007,134.998993,178.003998,127.997002,359.998993,0.000000,-490.000000,687.000000,-166.000000,276.000000,-164.000000
511,1743668126567164,178.000000,-130.000000,135.000000,178.000000,128.000000,360.000000,178.001007,-130.001007,135.001007,178.003998,127.997002,359.997986,8.000000,-491.000000,706.000000,-174.000000,275.000000,-155.000000
511,1743668126572829,178.000000,-130.000000,135.000000,178.000000,128.000000,360.000000,178.001007,-130.001007,134.998993,178.003998,127.998001,359.997986,10.000000,-490.000000,684.000000,-162.000000,276.000000,-150.000000
511,1743668126577607,178.000000,-130.000000,135.000000,178.000000,128.000000,360.000000,178.000000,-130.001999,134.998993,178.003998,127.998001,359.997986,6.000000,-490.000000,692.000000,-164.000000,280.000000,-190.000000
511,1743668126582295,178.000000,-130.000000,135.000000,178.000000,128.000000,360.000000,178.001007,-130.001999,135.001007,178.003006,127.997002,359.997986,4.000000,-490.000000,694.000000,-180.000000,281.000000,-170.000000
511,1743668126587048,178.000000,-130.000000,135.000000,178.000000,128.000000,360.000000,178.001007,-130.001999,134.998993,178.003006,127.997002,359.997986,-13.000000,-487.000000,675.000000,-182.000000,289.000000,-159.000000
511,1743668126591589,178.000000,-130.000000,135.000000,178.000000,128.000000,360.000000,178.003006,-130.001999,135.001007,178.003006,127.998001,359.997986,4.000000,-485.000000,684.000000,-173.000000,276.000000,-157.000000
511,1743668126597426,178.000000,-130.000000,135.000000,178.000000,128.000000,360.000000,178.001007,-130.001999,135.001007,178.003006,128.000000,359.998993,7.000000,-488.000000,702.000000,-170.000000,278.000000,-139.000000
511,1743668126601994,178.000000,-130.000000,135.000000,178.000000,128.000000,360.000000,178.003006,-130.001007,135.001999,178.003998,127.998001,359.998993,2.000000,-490.000000,690.000000,-165.000000,282.000000,-173.000000
511,1743668126606583,178.000000,-130.000000,135.000000,178.000000,128.000000,360.000000,178.001007,-130.001007,135.001007,178.003006,127.998001,359.997986,14.000000,-487.000000,692.000000,-186.000000,285.000000,-156.000000
511,1743668126612479,178.000000,-130.000000,135.000000,178.000000,128.000000,360.000000,178.003006,-130.001007,134.998993,178.003006,127.998001,359.998993,9.000000,-490.000000,681.000000,-179.000000,276.000000,-172.000000
511,1743668126617149,178.000000,-130.000000,135.000000,178.000000,128.000000,360.000000,178.001007,-130.001007,135.001007,178.003006,127.997002,359.997986,1.000000,-491.000000,676.000000,-174.000000,279.000000,-155.000000
511,1743668126621634,178.000000,-130.000000,135.000000,178.000000,128.000000,360.000000,178.001007,-130.001007,135.001007,178.003006,128.000000,359.997986,4.000000,-493.000000,699.000000,-174.000000,273.000000,-163.000000
511,1743668126627371,178.000000,-130.000000,135.000000,178.000000,128.000000,360.000000,178.001007,-130.001007,135.001007,178.003006,127.998001,360.001007,13.000000,-489.000000,693.000000,-168.000000,275.000000,-147.000000
511,1743668126631903,178.000000,-130.000000,135.000000,178.000000,128.000000,360.000000,178.001007,-130.001999,134.998993,178.003006,127.998001,359.997986,7.000000,-491.000000,678.000000,-182.000000,280.000000,-166.000000
511,1743668126637524,178.000000,-130.000000,135.000000,178.000000,128.000000,360.000000,178.003006,-129.998993,135.001007,178.003006,127.998001,359.997009,2.000000,-482.000000,690.000000,-175.000000,277.000000,-158.000000
511,1743668126642081,178.000000,-130.000000,135.000000,178.000000,128.000000,360.000000,178.001007,-130.001999,135.001007,178.003006,127.997002,359.998993,0.000000,-484.000000,689.000000,-187.000000,279.000000,-143.000000
511,1743668126647581,178.000000,-130.000000,135.000000,178.000000,128.000000,360.000000,178.001007,-130.001999,135.001007,178.003006,127.997002,359.998993,0.000000,-484.000000,689.000000,-187.000000,279.000000,-143.000000
511,1743668126652344,178.000000,-130.000000,135.000000,178.000000,128.000000,360.000000,178.001007,-130.001007,135.001007,178.003006,127.998001,359.997009,1.000000,-484.000000,685.000000,-186.000000,278.000000,-180.000000
511,1743668126656948,178.000000,-130.000000,135.000000,178.000000,128.000000,360.000000,178.001007,-130.001007,135.001007,178.003006,127.998001,359.997009,1.000000,-484.000000,685.000000,-186.000000,278.000000,-180.000000
511,1743668126661647,178.000000,-130.000000,135.000000,178.000000,128.000000,360.000000,178.001007,-130.001007,135.001007,178.003006,127.998001,359.997009,6.000000,-487.000000,691.000000,-179.000000,280.000000,-167.000000
511,1743668126668202,178.000000,-130.000000,135.000000,178.000000,128.000000,360.000000,178.001007,-130.001999,134.998993,178.003006,127.998001,359.997986,1.000000,-485.000000,684.000000,-180.000000,277.000000,-156.000000
511,1743668126672542,178.000000,-130.000000,135.000000,178.000000,128.000000,360.000000,178.001007,-130.001007,134.998993,178.003006,127.998001,359.997986,0.000000,-485.000000,687.000000,-180.000000,282.000000,-168.000000
511,1743668126676850,178.000000,-130.000000,135.000000,178.000000,128.000000,360.000000,178.000000,-130.001999,135.001007,178.003006,127.998001,359.997986,1.000000,-485.000000,684.000000,-174.000000,280.000000,-168.000000
511,1743668126682585,178.000000,-130.000000,135.000000,178.000000,128.000000,360.000000,178.001007,-130.001007,135.001007,178.003006,128.000000,359.997986,1.000000,-489.000000,695.000000,-177.000000,290.000000,-163.000000
511,1743668126687217,178.000000,-130.000000,135.000000,178.000000,128.000000,360.000000,178.001007,-130.001007,135.001007,178.003006,127.998001,359.997009,6.000000,-487.000000,683.000000,-181.000000,280.000000,-147.000000
511,1743668126691716,178.000000,-130.000000,135.000000,178.000000,128.000000,360.000000,178.001007,-130.001999,135.001007,178.003006,127.998001,359.998993,-3.000000,-483.000000,695.000000,-172.000000,281.000000,-169.000000
511,1743668126697076,178.000000,-130.000000,135.000000,178.000000,128.000000,360.000000,178.001007,-130.001999,135.001007,178.003006,127.997002,359.997986,0.000000,-486.000000,693.000000,-179.000000,284.000000,-168.000000
511,1743668126702509,178.000000,-130.000000,135.000000,178.000000,128.000000,360.000000,178.001007,-130.001007,134.998993,178.003006,128.000000,359.997986,5.000000,-486.000000,688.000000,-175.000000,279.000000,-144.000000
511,1743668126707153,178.000000,-130.000000,135.000000,178.000000,128.000000,360.000000,178.001007,-130.001007,135.001007,178.003006,127.998001,359.997986,-3.000000,-485.000000,695.000000,-181.000000,286.000000,-155.000000
511,1743668126711807,178.000000,-130.000000,135.000000,178.000000,128.000000,360.000000,178.001007,-130.001007,134.998993,178.003006,127.998001,359.997986,0.000000,-493.000000,701.000000,-180.000000,282.000000,-166.000000
511,1743668126717694,178.000000,-130.000000,135.000000,178.000000,128.000000,360.000000,178.003006,-130.001007,135.001007,178.001007,127.998001,359.997986,2.000000,-488.000000,691.000000,-179.000000,290.000000,-182.000000
511,1743668126722302,178.000000,-130.000000,135.000000,178.000000,128.000000,360.000000,178.000000,-130.001999,135.001007,178.003006,127.998001,359.998993,-4.000000,-489.000000,692.000000,-176.000000,283.000000,-169.000000
511,1743668126727035,178.000000,-130.000000,135.000000,178.000000,128.000000,360.000000,178.000000,-130.001999,134.998001,178.003006,127.998001,359.998993,-4.000000,-488.000000,697.000000,-180.000000,284.000000,-177.000000
511,1743668126731712,178.000000,-130.000000,135.000000,178.000000,128.000000,360.000000,178.003006,-130.001007,135.001007,178.003006,127.998001,359.997009,-5.000000,-488.000000,690.000000,-183.000000,281.000000,-158.000000
511,1743668126737646,178.000000,-130.000000,135.000000,178.000000,128.000000,360.000000,178.000000,-130.001007,135.001007,178.003998,127.998001,359.997009,-4.000000,-488.000000,698.000000,-180.000000,284.000000,-151.000000
511,1743668126742428,178.000000,-130.000000,135.000000,178.000000,128.000000,360.000000,178.000000,-130.001007,135.001007,178.003006,127.998001,359.997986,-4.000000,-490.000000,698.000000,-184.000000,285.000000,-178.000000
511,1743668126747105,178.000000,-130.000000,135.000000,178.000000,128.000000,360.000000,178.000000,-130.001007,135.001007,178.003006,127.998001,359.997986,-13.000000,-487.000000,697.000000,-178.000000,286.000000,-145.000000
511,1743668126751727,178.000000,-130.000000,135.000000,178.000000,128.000000,360.000000,178.001007,-130.001999,134.998993,178.003006,127.997002,359.998993,-16.000000,-485.000000,696.000000,-177.000000,281.000000,-190.000000
