point_index,timestamp_us,plan_pos_0,plan_pos_1,plan_pos_2,plan_pos_3,plan_pos_4,plan_pos_5,actual_pos_0,actual_pos_1,actual_pos_2,actual_pos_3,actual_pos_4,actual_pos_5,current_0,current_1,current_2,current_3,current_4,current_5
1,1743680385483130,0.049861,-0.036528,0.037917,0.049861,0.035972,0.100417,0.104000,-0.020000,0.046000,0.027000,0.050000,0.152000,-156.000000,-949.000000,-2351.000000,124.000000,-367.000000,-99.000000
4,1743680385488709,0.055955,-0.042622,0.044010,0.055955,0.042066,0.106510,0.104000,-0.020000,0.045000,0.027000,0.049000,0.151000,-147.000000,-965.000000,-2343.000000,128.000000,-345.000000,-97.000000
6,1743680385493118,0.067309,-0.053976,0.055365,0.067309,0.053420,0.117865,0.105000,-0.020000,0.045000,0.026000,0.049000,0.153000,-167.000000,-978.000000,-2358.000000,129.000000,-367.000000,-122.000000
8,1743680385498598,0.087413,-0.074080,0.075469,0.087413,0.073524,0.137969,0.104000,-0.020000,0.045000,0.026000,0.048000,0.152000,-174.000000,-996.000000,-2319.000000,127.000000,-343.000000,-122.000000
10,1743680385502958,0.118767,-0.105434,0.106823,0.118767,0.104878,0.169323,0.103000,-0.022000,0.044000,0.026000,0.046000,0.151000,-186.000000,-1013.000000,-2348.000000,129.000000,-336.000000,-104.000000
13,1743680385508381,0.192361,-0.179028,0.180417,0.192361,0.178472,0.242917,0.103000,-0.017000,0.045000,0.024000,0.045000,0.149000,-154.000000,-1028.000000,-2395.000000,133.000000,-343.000000,-102.000000
15,1743680385512745,0.262778,-0.249444,0.250833,0.262778,0.248889,0.313333,0.101000,-0.017000,0.044000,0.024000,0.045000,0.151000,-170.000000,-1058.000000,-2391.000000,142.000000,-349.000000,-114.000000
17,1743680385518196,0.353194,-0.339861,0.341250,0.353194,0.339306,0.403750,0.100000,-0.017000,0.044000,0.026000,0.043000,0.149000,-182.000000,-1064.000000,-2401.000000,152.000000,-335.000000,-113.000000
20,1743680385523705,0.531788,-0.518455,0.519844,0.531788,0.517899,0.582344,0.101000,-0.017000,0.042000,0.024000,0.042000,0.148000,-174.000000,-1095.000000,-2433.000000,152.000000,-350.000000,-108.000000
22,1743680385528115,0.683142,-0.669809,0.671198,0.683142,0.669253,0.733698,0.100000,-0.020000,0.044000,0.026000,0.042000,0.148000,-186.000000,-1108.000000,-2439.000000,156.000000,-360.000000,-111.000000
24,1743680385533685,0.863247,-0.849913,0.851302,0.863247,0.849358,0.913802,0.098000,-0.019000,0.042000,0.024000,0.042000,0.151000,-166.000000,-1131.000000,-2428.000000,165.000000,-344.000000,-100.000000
26,1743680385538086,1.074600,-1.061270,1.062660,1.074600,1.060710,1.125160,0.100000,-0.020000,0.041000,0.024000,0.042000,0.148000,24.000000,-1292.000000,-2136.000000,213.000000,-294.000000,-81.000000
29,1743680385544679,1.455690,-1.442360,1.443750,1.455690,1.441810,1.506250,0.103000,-0.020000,0.041000,0.033000,0.041000,0.152000,832.000000,-2375.000000,-986.000000,567.000000,-6.000000,195.000000
31,1743680385549100,1.756110,-1.742320,1.744060,1.756110,1.741520,1.806670,0.131000,-0.037000,0.056000,0.074000,0.056000,0.171000,715.000000,-2632.000000,-295.000000,329.000000,275.000000,322.000000
34,1743680385554579,2.282520,-2.258790,2.263820,2.282520,2.256450,2.333070,0.156000,-0.052000,0.072000,0.098000,0.081000,0.181000,228.000000,-2463.000000,-412.000000,126.000000,0.000000,314.000000
36,1743680385559036,2.687510,-2.643810,2.652980,2.687510,2.639660,2.738180,0.193000,-0.076000,0.101000,0.141000,0.111000,0.188000,249.000000,-2663.000000,-495.000000,118.000000,-11.000000,240.000000
39,1743680385564510,3.376000,-3.276160,3.294440,3.376000,3.268120,3.433330,0.225000,-0.098000,0.123000,0.179000,0.133000,0.189000,-56.000000,-2660.000000,-686.000000,43.000000,-162.000000,287.000000
41,1743680385568797,3.885440,-3.730630,3.756930,3.885440,3.719210,3.958330,0.249000,-0.126000,0.155000,0.226000,0.160000,0.188000,1067.000000,-3688.000000,426.000000,245.000000,232.000000,546.000000
43,1743680385574292,4.432330,-4.208500,4.244370,4.432330,4.193070,4.533330,0.295000,-0.181000,0.221000,0.295000,0.212000,0.227000,2051.000000,-4623.000000,1308.000000,632.000000,370.000000,700.000000
46,1743680385579705,5.317390,-4.963710,5.016850,5.317390,4.941090,5.489580,0.363000,-0.265000,0.320000,0.416000,0.321000,0.348000,3684.000000,-6533.000000,2473.000000,962.000000,1260.000000,1149.000000
48,1743680385584022,5.946950,-5.489150,5.555740,5.946950,5.460960,6.189580,0.443000,-0.357000,0.438000,0.513000,0.450000,0.447000,1363.000000,-5170.000000,26.000000,275.000000,-54.000000,364.000000
50,1743680385589401,6.605200,-6.029250,6.110840,6.605200,5.994840,6.939580,0.576000,-0.502000,0.620000,0.666000,0.608000,0.627000,245.000000,-3914.000000,-1277.000000,232.000000,18.000000,345.000000
52,1743680385593748,7.289650,-6.581490,6.679640,7.289650,6.540250,7.739580,0.715000,-0.637000,0.781000,0.797000,0.699000,0.740000,442.000000,-3692.000000,-1124.000000,28.000000,-115.000000,382.000000
55,1743680385599127,8.359960,-7.427180,7.553080,8.359960,7.374510,9.033330,0.841000,-0.766000,0.907000,0.916000,0.829000,0.863000,289.000000,-3942.000000,-894.000000,227.000000,72.000000,178.000000
57,1743680385604602,9.098950,-7.998870,8.145200,9.098950,7.937790,9.958330,0.946000,-0.884000,1.008000,1.024000,0.988000,1.043000,3190.000000,-6174.000000,2559.000000,1532.000000,1412.000000,1344.000000
59,1743680385608946,9.855390,-8.573960,8.742290,9.855390,8.503850,10.933300,1.152000,-1.196000,1.281000,1.360000,1.152000,1.264000,5452.000000,-8415.000000,3929.000000,1189.000000,1622.000000,1775.000000
62,1743680385614331,11.017300,-9.438130,9.641790,11.017300,9.353800,12.489600,1.389000,-1.429000,1.512000,1.580000,1.576000,1.579000,3236.000000,-5844.000000,946.000000,644.000000,261.000000,664.000000
65,1743680385620787,12.204400,-10.302300,10.541700,12.204400,10.203700,14.158300,1.831000,-1.763000,1.867000,1.937000,1.892000,1.858000,355.000000,-4177.000000,-1227.000000,194.000000,-15.000000,320.000000
67,1743680385625125,13.005600,-10.878400,11.141600,13.005600,10.770400,15.333300,2.066000,-1.955000,2.075000,2.150000,2.073000,2.088000,330.000000,-4301.000000,-1510.000000,280.000000,30.000000,389.000000
69,1743680385630514,13.811700,-11.454600,11.741600,13.811700,11.337000,16.558300,2.430000,-2.341000,2.463000,2.433000,2.331000,2.349000,227.000000,-3593.000000,-763.000000,213.000000,279.000000,438.000000
71,1743680385634843,14.620300,-12.030700,12.341500,14.620300,11.903600,17.833300,2.658000,-2.557000,2.678000,2.802000,2.632000,2.708000,3505.000000,-5065.000000,1758.000000,1814.000000,1236.000000,1793.000000
74,1743680385640357,15.833800,-12.894900,13.241400,15.833800,12.753600,19.838200,2.978000,-2.883000,2.978000,3.132000,2.881000,3.117000,6332.000000,-6802.000000,3595.000000,2055.000000,1472.000000,1975.000000
76,1743680385645826,16.642799,-13.471000,13.841300,16.642799,13.320200,21.233101,3.430000,-3.334000,3.397000,3.621000,3.376000,3.650000,3307.000000,-4649.000000,1136.000000,256.000000,828.000000,711.000000
78,1743680385650246,17.451799,-14.047100,14.441300,17.451799,13.886800,22.671700,4.027000,-3.765000,3.853000,4.172000,3.690000,3.986000,316.000000,-3435.000000,-703.000000,489.000000,110.000000,616.000000
81,1743680385655725,18.665300,-14.911300,15.341200,18.665300,14.736800,24.906300,4.450000,-4.059000,4.124000,4.529000,4.074000,4.465000,-192.000000,-3702.000000,-1228.000000,177.000000,157.000000,319.000000
83,1743680385660153,19.474300,-15.487400,15.941100,19.474300,15.303400,26.443300,4.450000,-4.059000,4.124000,4.529000,4.074000,4.465000,-192.000000,-3702.000000,-1228.000000,177.000000,157.000000,319.000000
85,1743680385665700,20.283199,-16.063499,16.541000,20.283199,15.870000,28.015400,5.358000,-4.779000,4.856000,5.364000,4.729000,5.357000,500.000000,-2969.000000,-160.000000,676.000000,574.000000,1722.000000
88,1743680385671286,21.496700,-16.927700,17.440901,21.496700,16.719999,30.433701,5.358000,-4.779000,4.856000,5.364000,4.729000,5.357000,500.000000,-2969.000000,-160.000000,676.000000,574.000000,1722.000000
90,1743680385675729,22.305700,-17.503901,18.040899,22.305700,17.286600,32.082298,5.869000,-5.193000,5.290000,5.869000,5.079000,6.010000,4952.000000,-5397.000000,2347.000000,1773.000000,1034.000000,2141.000000
93,1743680385681137,23.519199,-18.368000,18.940800,23.519199,18.136600,34.603802,6.302000,-5.493000,5.589000,6.304000,5.417000,6.507000,4924.000000,-4860.000000,1815.000000,1149.000000,832.000000,1487.000000
95,1743680385685491,24.328199,-18.944201,19.540701,24.328199,18.703199,36.313301,6.924000,-5.966000,6.101000,6.961000,5.965000,7.241000,933.000000,-3065.000000,363.000000,-28.000000,577.000000,780.000000
97,1743680385689808,25.137199,-19.520300,20.140600,25.137199,19.269800,38.042900,7.592000,-6.429000,6.556000,7.602000,6.271000,7.768000,40.000000,-3018.000000,-357.000000,370.000000,-8.000000,436.000000
100,1743680385697454,26.350599,-20.384501,21.040501,26.350599,20.119801,40.669300,7.976000,-6.760000,6.880000,8.000000,6.682000,8.423000,26.000000,-3015.000000,-637.000000,399.000000,297.000000,324.000000
102,1743680385700722,27.159599,-20.960600,21.640499,27.159599,20.686399,42.438000,8.599000,-7.312000,7.285000,8.513000,7.043000,9.043000,-142.000000,-2670.000000,-456.000000,203.000000,92.000000,1425.000000
104,1743680385706148,27.968599,-21.536699,22.240400,27.968599,21.253000,44.217899,8.978000,-7.570000,7.744000,9.126000,7.293000,9.608000,2262.000000,-3909.000000,1135.000000,1286.000000,538.000000,2240.000000
107,1743680385711563,29.182100,-22.400900,23.140301,29.182100,22.103001,46.903301,9.585000,-7.951000,8.114000,9.668000,7.812000,10.719000,3524.000000,-4748.000000,1814.000000,924.000000,793.000000,1878.000000
109,1743680385715935,29.991100,-22.976999,23.740200,29.991100,22.669600,48.700401,10.014000,-8.286000,8.463000,10.119000,8.107000,11.344000,1709.000000,-3684.000000,763.000000,141.000000,360.000000,810.000000
112,1743680385723482,31.204599,-23.841200,24.640100,31.204599,23.519501,51.400002,10.691000,-8.784000,8.996000,10.744000,8.690000,12.338000,51.000000,-3161.000000,14.000000,297.000000,286.000000,442.000000
114,1743680385726815,32.013599,-24.417299,25.240101,32.013599,24.086201,53.200001,11.318000,-9.264000,9.507000,11.395000,9.099000,12.950000,234.000000,-3060.000000,-640.000000,176.000000,233.000000,435.000000
116,1743680385732271,32.822498,-24.993500,25.840000,32.822498,24.652800,55.000000,12.554000,-10.108000,10.329000,12.363000,9.810000,14.744000,562.000000,-3120.000000,578.000000,241.000000,367.000000,2209.000000
119,1743680385737733,34.035999,-25.857599,26.739901,34.035999,25.502701,57.700001,12.554000,-10.108000,10.329000,12.363000,9.810000,14.744000,562.000000,-3120.000000,578.000000,241.000000,367.000000,2209.000000
121,1743680385742141,34.845001,-26.433800,27.339800,34.845001,26.069401,59.500000,13.062000,-10.482000,10.725000,13.180000,10.329000,15.467000,3085.000000,-4888.000000,1800.000000,1327.000000,953.000000,2670.000000
123,1743680385747659,35.653999,-27.009899,27.939800,35.653999,26.636000,61.299999,13.789000,-10.973000,11.267000,13.831000,10.640000,16.792999,1456.000000,-3754.000000,548.000000,139.000000,482.000000,1415.000000
126,1743680385753156,36.867500,-27.874100,28.839701,36.867500,27.485901,64.000000,14.284000,-11.302000,11.638000,14.276000,11.200000,17.980000,420.000000,-3230.000000,-145.000000,214.000000,393.000000,753.000000
129,1743680385758628,38.081001,-28.738300,29.739599,38.081001,28.335899,66.699997,14.926000,-11.766000,12.152000,14.957000,11.483000,18.799999,209.000000,-2995.000000,-248.000000,313.000000,234.000000,648.000000
131,1743680385762994,38.889999,-29.314400,30.339500,38.889999,28.902500,68.500000,15.490000,-12.282000,12.616000,15.633000,11.913000,19.955000,133.000000,-3117.000000,-244.000000,307.000000,280.000000,591.000000
133,1743680385768408,39.698898,-29.890499,30.939400,39.698898,29.469101,70.300003,15.975000,-12.606000,12.940000,16.055000,12.200000,20.753000,-93.000000,-3049.000000,-180.000000,97.000000,79.000000,1415.000000
136,1743680385773813,40.912399,-30.754700,31.839300,40.912399,30.319099,73.000000,16.653000,-13.091000,13.410000,16.730000,12.707000,22.028000,2590.000000,-4907.000000,1784.000000,1280.000000,932.000000,2349.000000
138,1743680385778200,41.721401,-31.330799,32.439301,41.721401,30.885700,74.800003,17.358999,-13.539000,13.970000,17.211000,13.212000,23.296000,2016.000000,-4182.000000,778.000000,832.000000,731.000000,1041.000000
140,1743680385783674,42.530399,-31.906900,33.039200,42.530399,31.452299,76.599998,17.841000,-13.893000,14.334000,17.856001,13.562000,24.158001,428.000000,-3053.000000,196.000000,221.000000,341.000000,889.000000
142,1743680385787995,43.339401,-32.483101,33.639099,43.339401,32.019001,78.400002,18.598000,-14.400000,14.824000,18.576000,14.057000,25.572001,258.000000,-3193.000000,-247.000000,299.000000,268.000000,897.000000
145,1743680385793400,44.552898,-33.347301,34.539101,44.552898,32.868900,81.099998,18.865999,-14.566000,14.988000,18.812000,14.427000,26.677999,200.000000,-3088.000000,-277.000000,316.000000,313.000000,796.000000
148,1743680385799862,45.766399,-34.211399,35.438999,45.766399,33.718899,83.800003,19.688000,-15.209000,15.629000,19.691000,14.780000,27.577999,511.000000,-3201.000000,546.000000,489.000000,425.000000,866.000000
150,1743680385805323,46.575298,-34.787601,36.038898,46.575298,34.285500,85.599998,20.348000,-15.559000,16.014999,20.146999,15.350000,29.156000,1588.000000,-3999.000000,1043.000000,816.000000,589.000000,867.000000
153,1743680385810750,47.788799,-35.651798,36.938801,47.788799,35.135399,88.300003,21.555000,-16.580999,17.070000,21.544001,16.086000,31.297001,761.000000,-3418.000000,178.000000,296.000000,421.000000,810.000000
155,1743680385815119,48.597801,-36.227901,37.538700,48.597801,35.702099,90.099998,21.555000,-16.580999,17.070000,21.544001,16.086000,31.297001,761.000000,-3418.000000,178.000000,296.000000,421.000000,810.000000
157,1743680385820562,49.406799,-36.804001,38.138699,49.406799,36.268700,91.900002,22.695999,-17.431000,17.986000,22.771000,17.063999,33.554001,90.000000,-3089.000000,103.000000,215.000000,318.000000,905.000000
160,1743680385826011,50.620300,-37.668201,39.038601,50.620300,37.118599,94.599998,23.142000,-17.777000,18.339001,23.229000,17.524000,34.883999,206.000000,-3131.000000,-145.000000,287.000000,81.000000,911.000000
162,1743680385830360,51.429298,-38.244301,39.638500,51.429298,37.685299,96.400002,23.142000,-17.777000,18.339001,23.229000,17.524000,34.883999,206.000000,-3131.000000,-145.000000,287.000000,81.000000,911.000000
164,1743680385835755,52.238300,-38.820400,40.238400,52.238300,38.251900,98.199997,24.367001,-18.649000,19.145000,24.400000,18.295000,37.018002,2412.000000,-4354.000000,1416.000000,1130.000000,867.000000,805.000000
166,1743680385840069,53.047199,-39.396599,40.838402,53.047199,38.818501,100.000000,24.367001,-18.649000,19.145000,24.400000,18.295000,37.018002,2412.000000,-4354.000000,1416.000000,1130.000000,867.000000,805.000000
169,1743680385845415,54.260700,-40.260700,41.738300,54.260700,39.668499,102.699997,25.113001,-19.120001,19.688000,25.083000,18.789000,38.376999,1697.000000,-3804.000000,1022.000000,285.000000,599.000000,848.000000
172,1743680385851797,55.474201,-41.124901,42.638199,55.474201,40.518398,105.400002,26.283001,-20.010000,20.683001,26.280001,19.746000,40.605000,11.000000,-2890.000000,-368.000000,384.000000,11.000000,908.000000
174,1743680385856114,56.283199,-41.701099,43.238098,56.283199,41.084999,107.199997,26.283001,-20.010000,20.683001,26.280001,19.746000,40.605000,11.000000,-2890.000000,-368.000000,384.000000,11.000000,908.000000
176,1743680385861610,57.092201,-42.277199,43.838001,57.092201,41.651699,109.000000,26.948000,-20.514999,21.177000,27.033001,20.004000,41.491001,121.000000,-2744.000000,-20.000000,398.000000,365.000000,775.000000
178,1743680385865957,57.901199,-42.853298,44.438000,57.901199,42.218300,110.800003,27.718000,-21.052999,21.688999,27.785000,20.510000,42.893002,191.000000,-2721.000000,167.000000,493.000000,321.000000,793.000000
181,1743680385871439,59.114601,-43.717499,45.337898,59.114601,43.068199,113.500000,28.429001,-21.389000,22.025999,28.259001,21.018000,44.206001,2356.000000,-3915.000000,1459.000000,1095.000000,907.000000,900.000000
184,1743680385877937,60.328098,-44.581699,46.237801,60.328098,43.918201,116.199997,29.125999,-22.084999,22.806000,29.194000,21.527000,45.443001,1578.000000,-3765.000000,1037.000000,625.000000,1065.000000,873.000000
186,1743680385882304,61.137100,-45.157799,46.837700,61.137100,44.484798,118.000000,29.663000,-22.445000,23.190001,29.684999,21.989000,46.321999,385.000000,-2842.000000,-107.000000,194.000000,422.000000,802.000000
188,1743680385887741,61.946098,-45.733898,47.437599,61.946098,45.051399,119.800003,30.433001,-22.971001,23.726000,30.417000,22.482000,47.667999,66.000000,-2500.000000,-320.000000,422.000000,318.000000,998.000000
190,1743680385892079,62.755100,-46.310001,48.037601,62.755100,45.618099,121.599998,31.225000,-23.497000,24.082001,30.889000,22.893999,49.030998,166.000000,-2835.000000,-69.000000,434.000000,303.000000,721.000000
193,1743680385897592,63.968601,-47.174198,48.937500,63.968601,46.467999,124.300003,31.716000,-23.886999,24.638000,31.611000,23.254999,49.926998,-24.000000,-3207.000000,370.000000,266.000000,610.000000,885.000000
196,1743680385904207,65.182098,-48.038399,49.837399,65.182098,47.318001,127.000000,32.411999,-24.219000,25.000000,32.137001,23.796000,51.278000,1953.000000,-3982.000000,1529.000000,1043.000000,875.000000,855.000000
198,1743680385908645,65.990997,-48.614498,50.437302,65.990997,47.884602,128.800003,32.894001,-24.763000,25.552000,32.901001,24.070999,52.180000,2388.000000,-3766.000000,1617.000000,861.000000,779.000000,926.000000
200,1743680385913093,66.800003,-49.190701,51.037201,66.800003,48.451199,130.600006,33.633999,-25.139000,25.929001,33.403000,24.715000,53.410000,418.000000,-3212.000000,345.000000,204.000000,482.000000,704.000000
202,1743680385918590,67.609001,-49.766800,51.637199,67.609001,49.017799,132.399994,34.148998,-25.646000,26.500000,34.097000,25.202000,54.807999,157.000000,-2732.000000,-181.000000,388.000000,245.000000,823.000000
205,1743680385922982,68.822502,-50.631001,52.537102,68.822502,49.867802,135.100006,34.910999,-26.180000,27.037001,34.867001,25.736000,56.144001,59.000000,-2655.000000,-21.000000,375.000000,412.000000,847.000000
208,1743680385930524,70.036003,-51.495201,53.437000,70.036003,50.717701,137.800003,35.638000,-26.709999,27.632999,35.562000,26.094999,57.022999,206.000000,-2819.000000,1091.000000,599.000000,694.000000,874.000000
210,1743680385933776,70.845001,-52.071301,54.036900,70.845001,51.284401,139.600006,36.106998,-27.073000,28.024000,36.056999,26.622000,58.345001,3024.000000,-4609.000000,2501.000000,1693.000000,1329.000000,922.000000
212,1743680385939233,71.653999,-52.647400,54.636799,71.653999,51.851002,141.399994,36.942001,-27.655001,28.552000,36.923000,26.992001,59.282001,2332.000000,-4011.000000,561.000000,715.000000,682.000000,868.000000
215,1743680385944668,72.867401,-53.511600,55.536701,72.867401,52.700901,144.100006,37.754002,-28.179001,28.961000,37.437000,27.490000,60.504002,271.000000,-2909.000000,305.000000,97.000000,417.000000,822.000000
217,1743680385949031,73.676399,-54.087700,56.136700,73.676399,53.267601,145.899994,38.270000,-28.611000,29.591000,38.224998,28.114000,61.806000,110.000000,-2751.000000,294.000000,418.000000,627.000000,888.000000
220,1743680385955499,74.889900,-54.951900,57.036598,74.889900,54.117500,148.600006,38.816002,-28.938000,29.990000,38.820000,28.568001,62.744999,68.000000,-2715.000000,32.000000,508.000000,346.000000,751.000000
222,1743680385959847,75.698898,-55.528000,57.636501,75.698898,54.684101,150.399994,39.638000,-29.509001,30.561001,39.505001,29.089001,64.030998,-443.000000,-2527.000000,-580.000000,338.000000,191.000000,817.000000
224,1743680385965328,76.507896,-56.104099,58.236401,76.507896,55.250801,152.199997,40.351002,-30.098000,31.112000,40.282001,29.349001,64.992996,1051.000000,-4105.000000,1611.000000,1183.000000,811.000000,860.000000
227,1743680385970745,77.721397,-56.968300,59.136299,77.721397,56.100700,154.899994,41.053001,-30.688000,31.643999,41.102001,29.856001,66.306999,2594.000000,-3461.000000,2056.000000,675.000000,1312.000000,889.000000
229,1743680385975131,78.530403,-57.544498,59.736301,78.530403,56.667301,156.699997,41.661999,-31.094000,32.113998,41.646000,30.503000,67.656998,1207.000000,-2560.000000,1019.000000,380.000000,957.000000,883.000000
232,1743680385981683,79.743797,-58.408600,60.636200,79.743797,57.517300,159.399994,42.486000,-31.665001,32.735001,42.431000,30.969999,68.542000,40.000000,-2129.000000,197.000000,294.000000,700.000000,868.000000
234,1743680385986115,80.552803,-58.984798,61.236099,80.552803,58.083900,161.199997,43.021000,-32.042999,33.112000,42.964001,31.431000,69.806999,-257.000000,-2049.000000,-299.000000,257.000000,172.000000,823.000000
236,1743680385991591,81.361801,-59.560902,61.835999,81.361801,58.650501,163.000000,43.980999,-32.764999,33.777000,43.647999,31.896999,70.912003,-313.000000,-2240.000000,188.000000,491.000000,789.000000,946.000000
238,1743680385996043,82.170799,-60.137001,62.436001,82.170799,59.217201,164.800003,45.271000,-33.625999,34.591000,44.862000,32.764999,73.158997,1342.000000,-2639.000000,2150.000000,1059.000000,909.000000,879.000000
241,1743680386001560,83.384300,-61.001202,63.335899,83.384300,60.067101,167.500000,45.271000,-33.625999,34.591000,44.862000,32.764999,73.158997,1342.000000,-2639.000000,2150.000000,1059.000000,909.000000,879.000000
244,1743680386008204,84.597801,-61.865398,64.235802,84.597801,60.917099,170.199997,46.513000,-34.597000,35.723000,46.237999,33.750999,75.386002,-87.000000,-2159.000000,12.000000,531.000000,161.000000,837.000000
246,1743680386012590,85.406700,-62.441502,64.835701,85.406700,61.483700,172.000000,46.513000,-34.597000,35.723000,46.237999,33.750999,75.386002,-87.000000,-2159.000000,12.000000,531.000000,161.000000,837.000000
248,1743680386016901,86.215698,-63.017601,65.435600,86.215698,62.050301,173.800003,47.918999,-35.560001,36.782001,47.636002,34.685001,77.764999,1756.000000,-2988.000000,2282.000000,1112.000000,1439.000000,930.000000
251,1743680386022287,87.429199,-63.881802,66.335503,87.429199,62.900299,176.500000,48.485001,-35.937000,37.194000,48.345001,35.088001,78.703003,1238.000000,-2742.000000,1266.000000,415.000000,993.000000,778.000000
253,1743680386027763,88.238197,-64.457901,66.935501,88.238197,63.466900,178.300003,49.216999,-36.535999,37.810001,48.870998,35.728001,80.017998,204.000000,-2375.000000,-205.000000,411.000000,355.000000,854.000000
256,1743680386034249,89.451698,-65.322098,67.835403,89.451698,64.316803,181.000000,49.751999,-36.889000,38.174000,49.710999,36.168999,81.346001,1.000000,-2161.000000,-231.000000,389.000000,269.000000,856.000000
258,1743680386038512,90.260696,-65.898201,68.435303,90.260696,64.883499,182.800003,49.751999,-36.889000,38.174000,49.710999,36.168999,81.346001,1.000000,-2161.000000,-231.000000,389.000000,269.000000,856.000000
260,1743680386042857,91.069702,-66.474403,69.035202,91.069702,65.450104,184.600006,51.154999,-37.912998,39.215000,51.119999,37.212002,83.724998,2164.000000,-3459.000000,2980.000000,1526.000000,1398.000000,991.000000
263,1743680386048298,92.283096,-67.338600,69.935204,92.283096,66.300003,187.300003,51.928001,-38.438000,39.831001,51.622002,37.654999,84.643997,1159.000000,-3205.000000,431.000000,439.000000,518.000000,735.000000
265,1743680386053756,93.092102,-67.914703,70.535103,93.092102,66.866699,189.100006,52.539001,-38.839001,40.243000,52.390999,38.139000,85.990997,361.000000,-2431.000000,-133.000000,724.000000,488.000000,850.000000
268,1743680386060291,94.305603,-68.778900,71.434998,94.305603,67.716599,191.800003,53.252998,-39.404999,40.784000,53.194000,38.681000,87.344002,-126.000000,-2004.000000,243.000000,329.000000,554.000000,893.000000
270,1743680386064556,95.114601,-69.355003,72.034897,95.114601,68.283203,193.600006,53.252998,-39.404999,40.784000,53.194000,38.681000,87.344002,-126.000000,-2004.000000,243.000000,329.000000,554.000000,893.000000
272,1743680386068932,95.923599,-69.931099,72.634903,95.923599,68.849899,195.399994,54.698002,-40.450001,41.695000,54.332001,39.536999,89.338997,2655.000000,-3881.000000,1940.000000,1194.000000,1573.000000,793.000000
275,1743680386074429,97.137100,-70.795303,73.534798,97.137100,69.699799,198.100006,55.283001,-40.847000,42.248001,55.228001,40.064999,90.616997,1712.000000,-3258.000000,928.000000,607.000000,237.000000,800.000000
277,1743680386078778,97.946098,-71.371399,74.134697,97.946098,70.266403,199.899994,56.141998,-41.451000,42.879002,56.014999,40.632000,91.920998,27.000000,-2095.000000,271.000000,248.000000,900.000000,854.000000
280,1743680386086426,99.159500,-72.235603,75.034599,99.159500,71.116402,202.600006,56.678001,-41.814999,43.313000,56.602001,41.054001,92.856003,-94.000000,-1830.000000,464.000000,427.000000,600.000000,909.000000
282,1743680386090749,99.968498,-72.811699,75.634499,99.968498,71.682999,204.399994,56.678001,-41.814999,43.313000,56.602001,41.054001,92.856003,-94.000000,-1830.000000,464.000000,427.000000,600.000000,909.000000
284,1743680386095045,100.778000,-73.387901,76.234497,100.778000,72.249603,206.199997,58.316002,-42.951000,44.514999,58.152000,41.946999,94.829002,2729.000000,-4018.000000,2874.000000,1641.000000,1095.000000,839.000000
287,1743680386100445,101.990997,-74.251999,77.134399,101.990997,73.099602,208.899994,58.790001,-43.367001,44.959999,58.723999,42.507999,96.444000,2024.000000,-3188.000000,1780.000000,561.000000,626.000000,877.000000
289,1743680386105850,102.800003,-74.828201,77.734299,102.800003,73.666199,210.699997,59.724998,-44.014999,45.602001,59.571999,43.007999,97.337997,346.000000,-2103.000000,412.000000,530.000000,1084.000000,893.000000
292,1743680386112254,104.013000,-75.692299,78.634201,104.013000,74.516197,213.399994,60.214001,-44.421001,45.990002,60.159000,43.707001,98.667999,55.000000,-1512.000000,230.000000,419.000000,362.000000,895.000000
294,1743680386116562,104.821999,-76.268501,79.234100,104.821999,75.082802,215.199997,60.214001,-44.421001,45.990002,60.159000,43.707001,98.667999,55.000000,-1512.000000,230.000000,419.000000,362.000000,895.000000
296,1743680386120940,105.630997,-76.844597,79.834099,105.630997,75.649399,217.000000,61.629002,-45.401001,46.988998,61.548000,44.507999,100.928001,2238.000000,-3715.000000,2285.000000,1688.000000,1545.000000,919.000000
299,1743680386126386,106.845001,-77.708801,80.734001,106.845001,76.499397,219.699997,62.611000,-46.098000,47.756001,62.568001,45.058998,101.935997,922.000000,-2584.000000,725.000000,447.000000,943.000000,810.000000
301,1743680386131820,107.653999,-78.284897,81.333900,107.653999,77.066002,221.500000,63.229000,-46.571999,48.206001,63.167000,45.686001,103.281998,323.000000,-1675.000000,929.000000,362.000000,513.000000,973.000000
303,1743680386136164,108.462997,-78.861000,81.933800,108.462997,77.632599,223.300003,64.106003,-47.138000,48.830002,63.960999,46.312000,104.621002,-237.000000,-1622.000000,497.000000,460.000000,602.000000,949.000000
306,1743680386141529,109.676003,-79.725197,82.833702,109.676003,78.482597,226.000000,64.690002,-47.551998,49.257000,64.474998,46.660000,105.541000,-435.000000,-1898.000000,522.000000,311.000000,450.000000,795.000000
308,1743680386145813,110.485001,-80.301300,83.433701,110.485001,79.049202,227.800003,65.510002,-48.169998,49.886002,65.343002,47.275002,106.867996,797.000000,-2347.000000,1928.000000,1182.000000,1292.000000,844.000000
310,1743680386151169,111.293999,-80.877502,84.033600,111.293999,79.615799,229.600006,66.155998,-48.681000,50.348999,66.107002,47.752998,107.964996,2257.000000,-2682.000000,1872.000000,859.000000,945.000000,842.000000
313,1743680386156593,112.508003,-81.741600,84.933502,112.508003,80.465797,232.300003,67.070000,-49.327999,51.023998,66.969002,48.137001,108.850998,246.000000,-1692.000000,889.000000,303.000000,775.000000,799.000000
315,1743680386162139,113.317001,-82.317802,85.533401,113.317001,81.032402,234.100006,67.655998,-49.761002,51.477001,67.592003,48.880001,110.139000,-172.000000,-1706.000000,826.000000,527.000000,763.000000,844.000000
318,1743680386167505,114.529999,-83.181999,86.433296,114.529999,81.882301,236.800003,68.517998,-50.324001,52.123001,68.362000,49.418999,111.459000,-545.000000,-1079.000000,382.000000,308.000000,338.000000,850.000000
320,1743680386171837,115.338997,-83.758102,87.033302,115.338997,82.448997,238.600006,69.339996,-50.919998,52.730999,69.179001,49.801998,112.388000,1173.000000,-2206.000000,2075.000000,830.000000,823.000000,957.000000
322,1743680386177239,116.148003,-84.334198,87.633202,116.148003,83.015602,240.399994,69.842003,-51.330002,53.165001,69.803001,50.379002,113.720001,2822.000000,-3176.000000,2669.000000,1315.000000,1285.000000,911.000000
325,1743680386182663,117.362000,-85.198402,88.533096,117.362000,83.865501,243.100006,70.807999,-51.983002,53.771000,70.709000,50.782001,114.638000,788.000000,-1547.000000,871.000000,249.000000,866.000000,845.000000
327,1743680386187002,118.170998,-85.774498,89.133003,118.170998,84.432198,244.899994,70.807999,-51.983002,53.771000,70.709000,50.782001,114.638000,788.000000,-1547.000000,871.000000,249.000000,866.000000,845.000000
329,1743680386192420,118.980003,-86.350601,89.733002,118.980003,84.998802,246.699997,72.277000,-53.063000,54.937000,72.155998,52.016998,117.151001,-661.000000,-1133.000000,825.000000,309.000000,249.000000,875.000000
331,1743680386196775,119.789001,-86.926804,90.332901,119.789001,85.565399,248.500000,73.125999,-53.646000,55.334999,72.735001,52.438999,118.075996,953.000000,-2516.000000,127.000000,676.000000,924.000000,857.000000
334,1743680386202188,121.001999,-87.790901,91.232803,121.001999,86.415398,251.199997,73.751999,-54.007999,55.950001,73.656998,53.066002,119.388000,2884.000000,-3554.000000,2886.000000,1254.000000,1367.000000,933.000000
336,1743680386207562,121.810997,-88.367104,91.832703,121.810997,86.982002,253.000000,74.661003,-54.681000,56.644001,74.512001,53.723999,120.778000,517.000000,-2266.000000,948.000000,59.000000,714.000000,705.000000
338,1743680386211871,122.620003,-88.943199,92.432701,122.620003,87.548599,254.800003,74.661003,-54.681000,56.644001,74.512001,53.723999,120.778000,517.000000,-2266.000000,948.000000,59.000000,714.000000,705.000000
341,1743680386217269,123.834000,-89.807404,93.332603,123.834000,88.398598,257.500000,75.511002,-55.355999,57.358002,75.396004,54.195999,121.650002,-440.000000,-1124.000000,1050.000000,306.000000,836.000000,869.000000
343,1743680386222042,124.642998,-90.383499,93.932503,124.642998,88.965202,259.299988,76.421997,-56.004002,57.973000,76.264999,54.733002,123.033997,-710.000000,-920.000000,519.000000,463.000000,438.000000,904.000000
345,1743680386227557,125.452003,-90.959602,94.532402,125.452003,89.531799,261.100006,76.981003,-56.428001,58.460999,76.859001,55.125000,123.879997,1039.000000,-1803.000000,1799.000000,1431.000000,927.000000,872.000000
347,1743680386232003,126.261002,-91.535698,95.132401,126.261002,90.098503,262.899994,77.721001,-56.969002,58.937000,77.637001,55.880001,125.517998,2340.000000,-3024.000000,2087.000000,593.000000,1133.000000,778.000000
350,1743680386237531,127.473999,-92.399902,96.032303,127.473999,90.948402,265.600006,78.644997,-57.643002,59.591999,78.641998,56.349998,126.278000,-104.000000,-1206.000000,1127.000000,206.000000,725.000000,837.000000
352,1743680386241846,128.283005,-92.976097,96.632202,128.283005,91.514999,267.399994,79.559998,-58.248001,60.304001,79.181999,56.962002,127.647003,-644.000000,-950.000000,1350.000000,138.000000,412.000000,837.000000
355,1743680386247340,129.496994,-93.840202,97.532097,129.496994,92.364998,270.100006,80.125999,-58.682999,60.783001,80.028999,57.384998,128.518005,-243.000000,-1248.000000,1165.000000,528.000000,517.000000,945.000000
359,1743680386256018,131.115005,-94.992500,98.732002,131.115005,93.498199,273.700012,80.884003,-59.219002,61.366001,80.766998,58.162998,129.626007,3140.000000,-3054.000000,3210.000000,1512.000000,1435.000000,0.000000
361,1743680386261482,131.923996,-95.568604,99.331902,131.923996,94.064903,275.500000,81.916000,-59.890999,62.056000,81.757004,58.619999,130.910004,1025.000000,-1185.000000,967.000000,419.000000,587.000000,0.000000
363,1743680386265793,132.733002,-96.144699,99.931801,132.733002,94.631500,277.299988,83.428001,-61.034000,63.130001,83.334000,59.723999,132.830002,-559.000000,-961.000000,1243.000000,216.000000,214.000000,0.000000
366,1743680386271265,133.945999,-97.008904,100.832001,133.945999,95.481400,280.000000,84.151001,-61.570000,63.695999,84.103996,60.199001,133.235001,-107.000000,-1520.000000,1508.000000,571.000000,526.000000,0.000000
369,1743680386279855,135.158997,-97.873100,101.732002,135.158997,96.331398,282.700012,84.931000,-62.056999,64.278999,84.825996,60.959000,134.865997,3129.000000,-3438.000000,3528.000000,1541.000000,1548.000000,0.000000
372,1743680386285356,136.373001,-98.737297,102.632004,136.373001,97.181297,285.399994,85.931999,-62.742001,65.007004,85.820999,61.465000,135.531998,2420.000000,-2813.000000,2289.000000,602.000000,1608.000000,0.000000
375,1743680386290742,137.585999,-99.601501,103.530998,137.585999,98.031303,288.100006,87.544998,-63.988998,66.314003,87.496002,62.604000,137.052994,-463.000000,-1224.000000,1333.000000,139.000000,774.000000,0.000000
377,1743680386295123,138.395004,-100.178001,104.130997,138.395004,98.597900,289.899994,88.378998,-64.573997,66.898003,88.267998,63.390999,138.000000,-562.000000,-664.000000,645.000000,80.000000,348.000000,0.000000
381,1743680386304852,140.013000,-101.330002,105.331001,140.013000,99.731201,293.500000,88.378998,-64.573997,66.898003,88.267998,63.390999,138.000000,-562.000000,-664.000000,645.000000,80.000000,348.000000,0.000000
383,1743680386309178,140.822006,-101.905998,105.931000,140.822006,100.297997,295.299988,89.364998,-65.250999,67.603996,89.262001,63.792999,138.537003,-254.000000,-999.000000,930.000000,530.000000,532.000000,0.000000
386,1743680386314578,142.035995,-102.769997,106.831001,142.035995,101.148003,298.000000,90.906998,-66.369003,68.675003,90.806000,65.203003,139.856995,-758.000000,-635.000000,1754.000000,431.000000,917.000000,0.000000
387,1743680386318858,142.845001,-103.346001,107.431000,142.845001,101.713997,299.799988,91.821999,-67.027000,69.327003,91.396004,65.647003,140.067001,340.000000,-1050.000000,3606.000000,26.000000,569.000000,0.000000
392,1743680386328578,144.462997,-104.499001,108.630997,144.462997,102.848000,303.399994,92.385002,-67.456001,69.822998,92.316002,66.158997,140.888000,2871.000000,-2779.000000,5426.000000,1660.000000,1444.000000,0.000000
394,1743680386332882,145.272003,-105.074997,109.231003,145.272003,103.414001,305.200012,93.366997,-68.096001,70.501999,93.325996,66.894997,141.425003,912.000000,-1296.000000,2922.000000,-64.000000,1142.000000,0.000000
397,1743680386338385,146.485001,-105.939003,110.130997,146.485001,104.264000,307.899994,95.258003,-69.473999,71.968002,95.169998,68.085999,142.175995,-308.000000,-745.000000,1004.000000,204.000000,368.000000,0.000000
399,1743680386342712,147.294006,-106.514999,110.731003,147.294006,104.831001,309.700012,95.945999,-69.938004,72.448997,95.792000,68.530998,142.175995,920.000000,-1044.000000,1837.000000,872.000000,366.000000,0.000000
403,1743680386352488,148.912003,-107.667000,111.931000,148.912003,105.963997,313.295990,96.829002,-70.591003,73.198997,96.799004,69.189003,142.860001,1213.000000,-1784.000000,2064.000000,179.000000,1045.000000,0.000000
405,1743680386356818,149.720993,-108.242996,112.529999,149.720993,106.530998,315.088013,96.829002,-70.591003,73.198997,96.799004,69.189003,142.860001,1213.000000,-1784.000000,2064.000000,179.000000,1045.000000,0.000000
407,1743680386362291,150.529999,-109.108002,113.430000,150.934998,107.380997,317.760986,98.455002,-71.796997,74.365997,98.438004,70.569000,143.548004,-447.000000,-1078.000000,801.000000,558.000000,942.000000,0.000000
410,1743680386367750,151.744003,-109.683998,114.029999,151.744003,107.946999,319.528992,99.445000,-72.471001,75.039001,99.364998,71.037003,143.709000,-287.000000,-678.000000,1577.000000,299.000000,391.000000,0.000000
414,1743680386376409,153.362000,-110.835999,115.230003,153.362000,109.081001,323.019989,100.084999,-72.858002,75.519997,99.967003,71.598999,143.962997,-516.000000,-697.000000,2224.000000,500.000000,632.000000,0.000000
417,1743680386381849,154.574997,-111.699997,116.129997,154.574997,109.930000,325.591003,101.024002,-73.528000,76.164001,100.806999,72.040001,144.113998,-1077.000000,-664.000000,1502.000000,-145.000000,920.000000,0.000000
419,1743680386386262,155.384003,-112.276001,116.730003,155.384003,110.497002,327.276001,102.439003,-74.646004,77.220001,102.403000,73.405998,144.526993,-840.000000,-158.000000,2804.000000,-178.000000,568.000000,0.000000
421,1743680386391657,156.192993,-112.851997,117.330002,156.192993,111.064003,328.937012,103.320000,-75.292999,77.901001,103.231003,73.885002,144.692001,-693.000000,51.000000,2950.000000,241.000000,239.000000,0.000000
425,1743680386399194,157.811005,-114.004997,118.529999,157.811005,112.196999,332.173004,103.877998,-75.683998,78.324997,103.831001,74.329002,144.774994,-869.000000,9.000000,1759.000000,277.000000,772.000000,0.000000
427,1743680386405768,158.619995,-114.581001,119.129997,158.619995,112.764000,333.743011,105.611000,-76.823997,79.630997,105.478996,75.319000,144.947998,-170.000000,-881.000000,2175.000000,-6.000000,928.000000,0.000000
430,1743680386410169,159.834000,-115.445000,120.029999,159.834000,113.613998,336.032013,106.388000,-77.453003,80.075996,106.014000,75.982002,145.018005,-11916.000000,11547.000000,-2964.000000,-2877.000000,-4277.000000,0.000000
432,1743680386415596,160.643005,-116.021004,120.629997,160.643005,114.180000,337.509003,106.388000,-77.453003,80.075996,106.014000,75.982002,145.018005,-11916.000000,11547.000000,-2964.000000,-2877.000000,-4277.000000,0.000000
436,1743680386423211,162.261002,-117.172997,121.829002,162.261002,115.313004,340.338013,106.971001,-77.924004,80.384003,106.477997,76.251999,145.093002,-8446.000000,4978.000000,351.000000,1740.000000,-192.000000,0.000000
438,1743680386428607,163.070007,-117.749001,122.429001,163.070007,115.879997,341.683990,106.971001,-77.924004,80.384003,106.477997,76.251999,145.093002,-8446.000000,4978.000000,351.000000,1740.000000,-192.000000,0.000000
440,1743680386432999,163.878006,-118.324997,123.028999,163.878006,116.446999,342.980988,107.232002,-78.017998,80.472000,106.959999,76.433998,145.117004,-2959.000000,970.000000,9947.000000,-1309.000000,1293.000000,0.000000
443,1743680386438380,165.089005,-119.190002,123.929001,165.089005,117.296997,344.833008,107.291000,-78.074997,80.609001,107.158997,76.556000,145.112000,-1806.000000,53.000000,3982.000000,294.000000,-129.000000,0.000000
447,1743680386447112,166.682999,-120.342003,125.128998,166.682999,118.430000,347.127991,107.285004,-78.028999,80.691002,107.253998,76.671997,145.106003,-126.000000,-224.000000,4008.000000,-188.000000,407.000000,0.000000
449,1743680386452584,167.466003,-120.917999,125.728996,167.466003,118.997002,348.200012,107.325996,-78.040001,80.943001,107.404999,76.863998,145.100998,1082.000000,-1223.000000,2965.000000,204.000000,678.000000,0.000000
451,1743680386457020,168.235992,-121.494003,126.328003,168.235992,119.563004,349.221985,107.529999,-78.189003,81.376999,107.637001,77.161003,145.091995,4620.000000,-2231.000000,-1156.000000,990.000000,965.000000,0.000000
454,1743680386462458,169.363007,-122.355003,127.222000,169.363007,120.411003,350.661987,107.745003,-78.373001,81.551003,107.853996,77.280998,145.089996,3871.000000,-2142.000000,-708.000000,927.000000,-334.000000,0.000000
458,1743680386471205,170.798004,-123.486000,128.389999,170.798004,121.526001,352.406006,107.745003,-78.373001,81.551003,107.853996,77.280998,145.089996,3871.000000,-2142.000000,-708.000000,927.000000,-334.000000,0.000000
460,1743680386476732,171.481995,-124.037003,128.957993,171.481995,122.070999,353.203003,107.887001,-78.519997,81.705002,107.955002,77.291000,145.087997,1954.000000,-1389.000000,-410.000000,319.000000,310.000000,0.000000
462,1743680386481189,172.138000,-124.577003,129.511993,172.138000,122.603996,353.950989,108.574997,-78.769997,81.956001,108.425003,77.504997,145.091995,-242.000000,-1010.000000,-620.000000,540.000000,789.000000,0.000000
465,1743680386486732,173.067993,-125.357002,130.311996,173.067993,123.375999,354.977997,108.761002,-78.898003,81.991997,108.542000,77.662003,145.078995,-1522.000000,-1749.000000,456.000000,71.000000,323.000000,0.000000
469,1743680386495409,174.192993,-126.331001,131.307007,174.192993,124.342003,356.171997,108.884003,-79.115997,82.114998,108.795998,77.741997,145.085999,-1567.000000,-1618.000000,2928.000000,-225.000000,1324.000000,0.000000
472,1743680386500715,174.938995,-127.000999,131.988007,174.938995,125.007004,356.937012,109.081001,-79.275002,82.218002,108.984001,78.007004,145.084000,-1975.000000,-17.000000,2475.000000,-284.000000,182.000000,0.000000
474,1743680386505035,175.386002,-127.414001,132.406998,175.386002,125.417999,357.385986,109.313004,-79.497002,82.416000,109.289001,78.098999,145.085007,-1323.000000,277.000000,3218.000000,-335.000000,587.000000,0.000000
476,1743680386510455,175.787994,-127.797997,132.794006,175.787994,125.799004,357.787994,109.454002,-79.603996,82.551003,109.455002,78.244003,145.082001,-218.000000,128.000000,2516.000000,215.000000,1103.000000,0.000000
480,1743680386518025,176.464996,-128.464996,133.464996,176.464996,126.464996,358.464996,109.575996,-79.681000,82.683998,109.584999,78.405998,145.085999,274.000000,147.000000,1481.000000,99.000000,3.000000,0.000000
482,1743680386523383,176.744003,-128.744003,133.744003,176.744003,126.744003,358.743988,109.575996,-79.681000,82.683998,109.584999,78.405998,145.085999,274.000000,147.000000,1481.000000,99.000000,3.000000,0.000000
485,1743680386528663,177.095993,-129.095993,134.095993,177.095993,127.096001,359.096008,109.693001,-79.864998,83.047997,109.796997,78.533997,145.087997,766.000000,-217.000000,305.000000,561.000000,202.000000,0.000000
487,1743680386532994,177.289993,-129.289993,134.289993,177.289993,127.290001,359.290009,109.944000,-79.964996,83.186996,109.974998,78.675003,145.087997,1089.000000,-786.000000,207.000000,289.000000,1082.000000,0.000000
491,1743680386542796,177.589996,-129.589996,134.589996,177.589996,127.589996,359.589996,110.264999,-80.079002,83.248001,110.169998,78.810997,145.085999,491.000000,-1244.000000,221.000000,237.000000,328.000000,0.000000
493,1743680386547150,177.701996,-129.701996,134.701996,177.701996,127.702003,359.701996,110.456001,-80.251999,83.324997,110.385002,78.917000,145.084000,-36.000000,-879.000000,1081.000000,343.000000,297.000000,0.000000
496,1743680386552601,177.828003,-129.828003,134.828003,177.828003,127.828003,359.828003,110.778999,-80.515999,83.619003,110.674004,79.053001,145.085007,-1153.000000,-309.000000,1004.000000,186.000000,935.000000,0.000000
498,1743680386556959,177.888000,-129.888000,134.888000,177.888000,127.888000,359.888000,110.955002,-80.589996,83.684998,110.778999,79.190002,145.085999,-1631.000000,-316.000000,654.000000,30.000000,286.000000,0.000000
502,1743680386566636,177.962997,-129.962997,134.962997,177.962997,127.962997,359.963013,111.049004,-80.720001,83.773003,110.981003,79.250999,145.082001,-1801.000000,-250.000000,1262.000000,-31.000000,391.000000,0.000000
504,1743680386570926,177.983002,-129.983002,134.983002,177.983002,127.983002,359.983002,111.125999,-80.780998,83.837997,111.106003,79.359001,145.085007,-1186.000000,-14.000000,2262.000000,-236.000000,321.000000,0.000000
507,1743680386576335,177.996994,-129.996994,134.996994,177.996994,127.997002,359.997009,111.383003,-80.959000,84.067001,111.382004,79.633003,145.085999,121.000000,-78.000000,1429.000000,52.000000,189.000000,0.000000
509,1743680386581815,178.000000,-130.000000,135.000000,178.000000,128.000000,360.000000,111.383003,-80.959000,84.067001,111.382004,79.633003,145.085999,121.000000,-78.000000,1429.000000,52.000000,189.000000,0.000000
511,1743680386590469,178.000000,-130.000000,135.000000,178.000000,128.000000,360.000000,111.666000,-81.190002,84.274002,111.653999,79.815002,145.085007,238.000000,-316.000000,1663.000000,295.000000,132.000000,0.000000
511,1743680386595928,178.000000,-130.000000,135.000000,178.000000,128.000000,360.000000,111.988998,-81.386002,84.523003,111.907997,80.085999,145.085999,-439.000000,197.000000,820.000000,37.000000,81.000000,0.000000
511,1743680386601522,178.000000,-130.000000,135.000000,178.000000,128.000000,360.000000,112.167000,-81.491997,84.637001,112.033997,80.067001,145.087997,-822.000000,-257.000000,175.000000,374.000000,122.000000,0.000000
511,1743680386605931,178.000000,-130.000000,135.000000,178.000000,128.000000,360.000000,112.167000,-81.491997,84.637001,112.033997,80.067001,145.087997,-822.000000,-257.000000,175.000000,374.000000,122.000000,0.000000
511,1743680386611426,178.000000,-130.000000,135.000000,178.000000,128.000000,360.000000,112.273003,-81.554001,84.695999,112.143997,80.171997,145.085007,-824.000000,-478.000000,377.000000,215.000000,668.000000,0.000000
511,1743680386615865,178.000000,-130.000000,135.000000,178.000000,128.000000,360.000000,112.428001,-81.625000,84.775002,112.314003,80.301003,145.085007,-623.000000,-628.000000,1047.000000,-165.000000,393.000000,0.000000
511,1743680386621372,178.000000,-130.000000,135.000000,178.000000,128.000000,360.000000,112.556000,-81.721001,84.877998,112.439003,80.365997,145.085999,-740.000000,-596.000000,1372.000000,65.000000,613.000000,0.000000
511,1743680386625686,178.000000,-130.000000,135.000000,178.000000,128.000000,360.000000,112.683998,-81.823997,84.983002,112.586998,80.447998,145.084000,-665.000000,-623.000000,1239.000000,124.000000,531.000000,0.000000
511,1743680386631192,178.000000,-130.000000,135.000000,178.000000,128.000000,360.000000,112.762001,-81.893997,85.041000,112.698997,80.531998,145.085007,-529.000000,-284.000000,1194.000000,-80.000000,516.000000,0.000000
511,1743680386636632,178.000000,-130.000000,135.000000,178.000000,128.000000,360.000000,112.887001,-82.008003,85.135002,112.800003,80.649002,145.084000,-352.000000,-122.000000,1488.000000,-196.000000,228.000000,0.000000
511,1743680386640972,178.000000,-130.000000,135.000000,178.000000,128.000000,360.000000,112.975998,-82.080002,85.208000,112.931999,80.737000,145.084000,-530.000000,23.000000,1485.000000,139.000000,225.000000,0.000000
511,1743680386646434,178.000000,-130.000000,135.000000,178.000000,128.000000,360.000000,113.115997,-82.161003,85.317001,113.070999,80.852997,145.082001,-155.000000,175.000000,1024.000000,121.000000,495.000000,0.000000
511,1743680386650824,178.000000,-130.000000,135.000000,178.000000,128.000000,360.000000,113.205002,-82.220001,85.388000,113.146004,80.892998,145.085999,-244.000000,-115.000000,1025.000000,-33.000000,307.000000,0.000000
511,1743680386656359,178.000000,-130.000000,135.000000,178.000000,128.000000,360.000000,113.338997,-82.315002,85.496002,113.286003,80.990997,145.085007,-244.000000,-271.000000,666.000000,43.000000,343.000000,0.000000
511,1743680386661846,178.000000,-130.000000,135.000000,178.000000,128.000000,360.000000,113.472000,-82.418999,85.593002,113.425003,81.032997,145.085007,-108.000000,-333.000000,1382.000000,323.000000,401.000000,0.000000
511,1743680386666269,178.000000,-130.000000,135.000000,178.000000,128.000000,360.000000,113.575996,-82.488998,85.648003,113.512001,81.136002,145.085007,-320.000000,-372.000000,1470.000000,52.000000,243.000000,0.000000
511,1743680386671739,178.000000,-130.000000,135.000000,178.000000,128.000000,360.000000,113.728996,-82.595001,85.751999,113.641998,81.176003,145.085007,-672.000000,-280.000000,1412.000000,-121.000000,224.000000,0.000000
511,1743680386676142,178.000000,-130.000000,135.000000,178.000000,128.000000,360.000000,113.875999,-82.650002,85.822998,113.724998,81.259003,145.085007,-766.000000,-228.000000,1490.000000,-111.000000,634.000000,0.000000
511,1743680386681668,178.000000,-130.000000,135.000000,178.000000,128.000000,360.000000,113.962997,-82.739998,85.920998,113.830002,81.352997,145.084000,-1011.000000,-254.000000,1146.000000,240.000000,361.000000,0.000000
511,1743680386686096,178.000000,-130.000000,135.000000,178.000000,128.000000,360.000000,114.079002,-82.824997,86.015999,113.911003,81.406998,145.085007,-785.000000,-264.000000,879.000000,153.000000,291.000000,0.000000
511,1743680386691559,178.000000,-130.000000,135.000000,178.000000,128.000000,360.000000,114.139000,-82.877998,86.077003,114.023003,81.485001,145.084000,-795.000000,-161.000000,998.000000,-99.000000,460.000000,0.000000
511,1743680386695985,178.000000,-130.000000,135.000000,178.000000,128.000000,360.000000,114.237000,-82.955002,86.160004,114.146004,81.535004,145.085999,-264.000000,-470.000000,936.000000,35.000000,316.000000,0.000000
511,1743680386701484,178.000000,-130.000000,135.000000,178.000000,128.000000,360.000000,114.336998,-83.046997,86.241997,114.257004,81.609001,145.085007,-270.000000,-388.000000,879.000000,300.000000,329.000000,0.000000
511,1743680386705851,178.000000,-130.000000,135.000000,178.000000,128.000000,360.000000,114.446999,-83.103996,86.300003,114.334000,81.692001,145.085007,-149.000000,-326.000000,1231.000000,152.000000,513.000000,0.000000
511,1743680386711319,178.000000,-130.000000,135.000000,178.000000,128.000000,360.000000,114.519997,-83.203003,86.380997,114.452003,81.797997,145.085007,-147.000000,-182.000000,1040.000000,-63.000000,275.000000,0.000000
511,1743680386716790,178.000000,-130.000000,135.000000,178.000000,128.000000,360.000000,114.597000,-83.265999,86.441002,114.530998,81.876999,145.085007,-386.000000,-102.000000,1258.000000,-106.000000,151.000000,0.000000
511,1743680386721238,178.000000,-130.000000,135.000000,178.000000,128.000000,360.000000,114.705002,-83.350998,86.525002,114.642998,81.963997,145.085999,-344.000000,75.000000,1514.000000,110.000000,229.000000,0.000000
511,1743680386726714,178.000000,-130.000000,135.000000,178.000000,128.000000,360.000000,114.829002,-83.424004,86.598999,114.763000,82.007004,145.084000,-594.000000,-175.000000,1127.000000,175.000000,111.000000,0.000000
511,1743680386731042,178.000000,-130.000000,135.000000,178.000000,128.000000,360.000000,114.954002,-83.492996,86.685997,114.876999,82.066002,145.084000,-682.000000,-127.000000,1341.000000,-80.000000,346.000000,0.000000
511,1743680386736568,178.000000,-130.000000,135.000000,178.000000,128.000000,360.000000,115.029999,-83.530998,86.742996,114.962997,82.120003,145.085007,-501.000000,-139.000000,1051.000000,-158.000000,404.000000,0.000000
511,1743680386740975,178.000000,-130.000000,135.000000,178.000000,128.000000,360.000000,115.143997,-83.598999,86.825996,115.026001,82.194000,145.084000,-587.000000,-454.000000,744.000000,15.000000,310.000000,0.000000
511,1743680386746433,178.000000,-130.000000,135.000000,178.000000,128.000000,360.000000,115.232002,-83.655998,86.889999,115.144997,82.258003,145.085007,-616.000000,-575.000000,1000.000000,233.000000,285.000000,0.000000
511,1743680386750840,178.000000,-130.000000,135.000000,178.000000,128.000000,360.000000,115.232002,-83.655998,86.889999,115.144997,82.258003,145.085007,-616.000000,-575.000000,1000.000000,233.000000,285.000000,0.000000
511,1743680386756424,178.000000,-130.000000,135.000000,178.000000,128.000000,360.000000,115.320000,-83.724998,86.946999,115.231003,82.352997,145.084000,-765.000000,-424.000000,1079.000000,220.000000,434.000000,0.000000
511,1743680386761866,178.000000,-130.000000,135.000000,178.000000,128.000000,360.000000,115.411003,-83.794998,87.007004,115.325996,82.418999,145.084000,-462.000000,-238.000000,923.000000,19.000000,274.000000,0.000000
511,1743680386766310,178.000000,-130.000000,135.000000,178.000000,128.000000,360.000000,115.495003,-83.849998,87.061996,115.407997,82.489998,145.084000,-846.000000,-199.000000,857.000000,-60.000000,182.000000,0.000000
511,1743680386770701,178.000000,-130.000000,135.000000,178.000000,128.000000,360.000000,115.615997,-83.945999,87.124001,115.499001,82.567001,145.084000,-311.000000,-35.000000,1092.000000,-6.000000,271.000000,0.000000
511,1743680386776202,178.000000,-130.000000,135.000000,178.000000,128.000000,360.000000,115.694000,-84.001999,87.205002,115.605003,82.614998,145.084000,-561.000000,-99.000000,1101.000000,294.000000,375.000000,0.000000
511,1743680386781640,178.000000,-130.000000,135.000000,178.000000,128.000000,360.000000,115.732002,-84.042000,87.232002,115.647003,82.667999,145.084000,-352.000000,-67.000000,1117.000000,299.000000,260.000000,0.000000
511,1743680386786108,178.000000,-130.000000,135.000000,178.000000,128.000000,360.000000,115.863998,-84.134003,87.294998,115.730003,82.735001,145.084000,-447.000000,-104.000000,1381.000000,81.000000,136.000000,0.000000
511,1743680386791562,178.000000,-130.000000,135.000000,178.000000,128.000000,360.000000,115.942001,-84.191002,87.389000,115.857002,82.792000,145.085007,-448.000000,-116.000000,1431.000000,-92.000000,246.000000,0.000000
511,1743680386795927,178.000000,-130.000000,135.000000,178.000000,128.000000,360.000000,116.014000,-84.247002,87.455002,115.936996,82.841003,145.085007,-484.000000,-87.000000,1350.000000,60.000000,295.000000,0.000000
511,1743680386801497,178.000000,-130.000000,135.000000,178.000000,128.000000,360.000000,116.084000,-84.303001,87.512001,116.014000,82.900002,145.084000,-601.000000,-284.000000,1321.000000,112.000000,368.000000,0.000000
511,1743680386805906,178.000000,-130.000000,135.000000,178.000000,128.000000,360.000000,116.152000,-84.355003,87.580002,116.078003,82.962997,145.084000,-498.000000,-246.000000,1223.000000,294.000000,292.000000,0.000000
511,1743680386811365,178.000000,-130.000000,135.000000,178.000000,128.000000,360.000000,116.217003,-84.404999,87.643997,116.157997,83.011002,145.084000,-680.000000,-164.000000,885.000000,73.000000,292.000000,0.000000
511,1743680386816836,178.000000,-130.000000,135.000000,178.000000,128.000000,360.000000,116.278999,-84.449997,87.698997,116.242996,83.088997,145.084000,-405.000000,-303.000000,619.000000,-110.000000,336.000000,0.000000
511,1743680386821259,178.000000,-130.000000,135.000000,178.000000,128.000000,360.000000,116.332001,-84.495003,87.750999,116.309998,83.108002,145.085007,-195.000000,-295.000000,904.000000,-33.000000,361.000000,0.000000
511,1743680386826838,178.000000,-130.000000,135.000000,178.000000,128.000000,360.000000,116.400002,-84.549004,87.807999,116.379997,83.188004,145.084000,-137.000000,-92.000000,1292.000000,130.000000,238.000000,0.000000
511,1743680386831269,178.000000,-130.000000,135.000000,178.000000,128.000000,360.000000,116.473999,-84.597000,87.862999,116.444000,83.242996,145.085999,-265.000000,-69.000000,1187.000000,271.000000,304.000000,0.000000
511,1743680386835674,178.000000,-130.000000,135.000000,178.000000,128.000000,360.000000,116.587997,-84.681000,87.957001,116.551003,83.297997,145.084000,-382.000000,-223.000000,870.000000,278.000000,274.000000,0.000000
511,1743680386841137,178.000000,-130.000000,135.000000,178.000000,128.000000,360.000000,116.669998,-84.737999,88.017998,116.628998,83.338997,145.084000,-462.000000,-154.000000,1313.000000,-15.000000,107.000000,0.000000
511,1743680386846623,178.000000,-130.000000,135.000000,178.000000,128.000000,360.000000,116.757004,-84.789001,88.041000,116.669998,83.388000,145.085007,-607.000000,-97.000000,1040.000000,-122.000000,235.000000,0.000000
511,1743680386850978,178.000000,-130.000000,135.000000,178.000000,128.000000,360.000000,116.830002,-84.843002,88.116997,116.783997,83.433998,145.085007,-726.000000,-154.000000,1209.000000,-38.000000,311.000000,0.000000
511,1743680386856523,178.000000,-130.000000,135.000000,178.000000,128.000000,360.000000,116.898003,-84.891998,88.172997,116.852997,83.471001,145.085007,-792.000000,-125.000000,1001.000000,56.000000,432.000000,0.000000
511,1743680386860914,178.000000,-130.000000,135.000000,178.000000,128.000000,360.000000,116.971001,-84.939003,88.224998,116.922997,83.524002,145.085007,-650.000000,-25.000000,1103.000000,215.000000,405.000000,0.000000
511,1743680386866427,178.000000,-130.000000,135.000000,178.000000,128.000000,360.000000,117.029999,-84.980003,88.267998,116.991997,83.577003,145.085007,-480.000000,-133.000000,1299.000000,224.000000,294.000000,0.000000
511,1743680386870849,178.000000,-130.000000,135.000000,178.000000,128.000000,360.000000,117.092003,-85.028000,88.316002,117.067001,83.651001,145.085007,-464.000000,-216.000000,1379.000000,4.000000,230.000000,0.000000
511,1743680386876407,178.000000,-130.000000,135.000000,178.000000,128.000000,360.000000,117.160004,-85.079002,88.366997,117.144997,83.703003,145.082001,-485.000000,-213.000000,1273.000000,-173.000000,323.000000,0.000000
511,1743680386880793,178.000000,-130.000000,135.000000,178.000000,128.000000,360.000000,117.236000,-85.124001,88.428001,117.218002,83.744003,145.085007,-449.000000,-42.000000,1253.000000,-115.000000,188.000000,0.000000
511,1743680386886318,178.000000,-130.000000,135.000000,178.000000,128.000000,360.000000,117.236000,-85.124001,88.428001,117.218002,83.744003,145.085007,-449.000000,-42.000000,1253.000000,-115.000000,188.000000,0.000000
511,1743680386890663,178.000000,-130.000000,135.000000,178.000000,128.000000,360.000000,117.404999,-85.231003,88.526001,117.346001,83.820999,145.084000,-365.000000,-143.000000,1000.000000,146.000000,142.000000,0.000000
511,1743680386896195,178.000000,-130.000000,135.000000,178.000000,128.000000,360.000000,117.468002,-85.251999,88.564003,117.413002,83.858002,145.085007,-558.000000,-107.000000,1147.000000,123.000000,299.000000,0.000000
511,1743680386901755,178.000000,-130.000000,135.000000,178.000000,128.000000,360.000000,117.527000,-85.306999,88.627998,117.490997,83.908997,145.085007,-607.000000,-273.000000,954.000000,86.000000,426.000000,0.000000
511,1743680386906152,178.000000,-130.000000,135.000000,178.000000,128.000000,360.000000,117.589996,-85.345001,88.677002,117.553001,83.952003,145.085007,-599.000000,-88.000000,1181.000000,-59.000000,324.000000,0.000000
511,1743680386911657,178.000000,-130.000000,135.000000,178.000000,128.000000,360.000000,117.589996,-85.345001,88.677002,117.553001,83.952003,145.085007,-599.000000,-88.000000,1181.000000,-59.000000,324.000000,0.000000
511,1743680386916036,178.000000,-130.000000,135.000000,178.000000,128.000000,360.000000,117.663002,-85.400002,88.733002,117.654999,84.000000,145.085007,-565.000000,-245.000000,1211.000000,-214.000000,282.000000,0.000000
511,1743680386921555,178.000000,-130.000000,135.000000,178.000000,128.000000,360.000000,117.718002,-85.445999,88.767998,117.719002,84.050003,145.085007,-600.000000,-89.000000,1555.000000,-113.000000,161.000000,0.000000
511,1743680386925877,178.000000,-130.000000,135.000000,178.000000,128.000000,360.000000,117.773003,-85.483002,88.813004,117.776001,84.088997,145.084000,-289.000000,-165.000000,1150.000000,-81.000000,165.000000,0.000000
511,1743680386931385,178.000000,-130.000000,135.000000,178.000000,128.000000,360.000000,117.818001,-85.524002,88.862000,117.827003,84.151001,145.084000,-417.000000,-103.000000,1022.000000,150.000000,243.000000,0.000000
511,1743680386936887,178.000000,-130.000000,135.000000,178.000000,128.000000,360.000000,117.873001,-85.564003,88.904999,117.876999,84.198997,145.085007,-412.000000,-113.000000,1119.000000,235.000000,245.000000,0.000000
511,1743680386941294,178.000000,-130.000000,135.000000,178.000000,128.000000,360.000000,117.925003,-85.601997,88.943001,117.931999,84.223000,145.084000,-333.000000,-100.000000,976.000000,282.000000,173.000000,0.000000
511,1743680386946799,178.000000,-130.000000,135.000000,178.000000,128.000000,360.000000,117.972000,-85.638000,88.977997,117.983002,84.280998,145.085007,-407.000000,-172.000000,1133.000000,-66.000000,228.000000,0.000000
511,1743680386951192,178.000000,-130.000000,135.000000,178.000000,128.000000,360.000000,118.049004,-85.704002,89.018997,118.037003,84.323997,145.082001,-171.000000,-85.000000,1073.000000,-111.000000,243.000000,0.000000
511,1743680386956663,178.000000,-130.000000,135.000000,178.000000,128.000000,360.000000,118.105003,-85.749001,89.085999,118.122002,84.361000,145.085007,-413.000000,-205.000000,664.000000,-129.000000,378.000000,0.000000
511,1743680386961069,178.000000,-130.000000,135.000000,178.000000,128.000000,360.000000,118.133003,-85.769997,89.102997,118.148003,84.396004,145.085007,-492.000000,-363.000000,1076.000000,-29.000000,362.000000,0.000000
511,1743680386966499,178.000000,-130.000000,135.000000,178.000000,128.000000,360.000000,118.217003,-85.833000,89.143997,118.199997,84.431999,145.085007,-435.000000,-140.000000,1183.000000,-50.000000,295.000000,0.000000
511,1743680386970887,178.000000,-130.000000,135.000000,178.000000,128.000000,360.000000,118.271004,-85.865997,89.191002,118.268997,84.472000,145.085007,-528.000000,19.000000,1396.000000,118.000000,216.000000,0.000000
511,1743680386976413,178.000000,-130.000000,135.000000,178.000000,128.000000,360.000000,118.321999,-85.889000,89.209999,118.288002,84.516998,145.084000,-714.000000,-104.000000,1193.000000,170.000000,153.000000,0.000000
511,1743680386981888,178.000000,-130.000000,135.000000,178.000000,128.000000,360.000000,118.367996,-85.932999,89.259003,118.343002,84.558998,145.084000,-694.000000,-128.000000,1196.000000,260.000000,233.000000,0.000000
511,1743680386986283,178.000000,-130.000000,135.000000,178.000000,128.000000,360.000000,118.414001,-85.968002,89.294998,118.389999,84.612000,145.085007,-503.000000,-107.000000,1107.000000,11.000000,291.000000,0.000000
511,1743680386991841,178.000000,-130.000000,135.000000,178.000000,128.000000,360.000000,118.473000,-86.000999,89.331001,118.438004,84.646004,145.084000,-602.000000,-12.000000,1263.000000,-113.000000,274.000000,0.000000
511,1743680386996239,178.000000,-130.000000,135.000000,178.000000,128.000000,360.000000,118.524002,-86.040001,89.371002,118.487999,84.695999,145.084000,-428.000000,-157.000000,1441.000000,-232.000000,132.000000,0.000000
511,1743680387001755,178.000000,-130.000000,135.000000,178.000000,128.000000,360.000000,118.570999,-86.079002,89.407997,118.537003,84.733002,145.085007,-439.000000,-29.000000,1111.000000,-27.000000,196.000000,0.000000
511,1743680387006188,178.000000,-130.000000,135.000000,178.000000,128.000000,360.000000,118.641998,-86.127998,89.446999,118.579002,84.773003,145.084000,-516.000000,-67.000000,1147.000000,-56.000000,9.000000,0.000000
511,1743680387011664,178.000000,-130.000000,135.000000,178.000000,128.000000,360.000000,118.700996,-86.160004,89.503998,118.643997,84.792999,145.085007,-649.000000,-194.000000,826.000000,132.000000,341.000000,0.000000
511,1743680387016125,178.000000,-130.000000,135.000000,178.000000,128.000000,360.000000,118.750999,-86.193001,89.539001,118.685997,84.828003,145.084000,-560.000000,-13.000000,989.000000,122.000000,367.000000,0.000000
511,1743680387021583,178.000000,-130.000000,135.000000,178.000000,128.000000,360.000000,118.800003,-86.223000,89.556000,118.704002,84.849998,145.085007,-588.000000,-132.000000,1005.000000,243.000000,401.000000,0.000000
511,1743680387025952,178.000000,-130.000000,135.000000,178.000000,128.000000,360.000000,118.845001,-86.254997,89.597000,118.768997,84.885002,145.085007,-689.000000,-183.000000,1298.000000,122.000000,379.000000,0.000000
511,1743680387031542,178.000000,-130.000000,135.000000,178.000000,128.000000,360.000000,118.891998,-86.286003,89.628998,118.807999,84.935997,145.085007,-570.000000,-96.000000,1293.000000,-1.000000,236.000000,0.000000
511,1743680387035945,178.000000,-130.000000,135.000000,178.000000,128.000000,360.000000,118.938004,-86.318001,89.660004,118.857002,84.964996,145.085007,-439.000000,-294.000000,1418.000000,-102.000000,108.000000,0.000000
511,1743680387041426,178.000000,-130.000000,135.000000,178.000000,128.000000,360.000000,118.984001,-86.348000,89.691002,118.904999,84.994003,145.085007,-587.000000,21.000000,1051.000000,-234.000000,214.000000,0.000000
511,1743680387046830,178.000000,-130.000000,135.000000,178.000000,128.000000,360.000000,119.030998,-86.382004,89.723000,118.950996,85.031998,145.085007,-700.000000,-66.000000,1218.000000,-172.000000,196.000000,0.000000
511,1743680387051237,178.000000,-130.000000,135.000000,178.000000,128.000000,360.000000,119.095001,-86.430000,89.769997,119.012001,85.053001,145.082001,-634.000000,30.000000,1152.000000,-100.000000,264.000000,0.000000
511,1743680387056725,178.000000,-130.000000,135.000000,178.000000,128.000000,360.000000,119.137001,-86.459000,89.800003,119.053001,85.079002,145.085999,-466.000000,-40.000000,1271.000000,126.000000,306.000000,0.000000
511,1743680387061192,178.000000,-130.000000,135.000000,178.000000,128.000000,360.000000,119.181999,-86.484001,89.813004,119.074997,85.109001,145.085007,-520.000000,-220.000000,1253.000000,90.000000,166.000000,0.000000
511,1743680387066587,178.000000,-130.000000,135.000000,178.000000,128.000000,360.000000,119.223000,-86.513000,89.857002,119.135002,85.139000,145.084000,-552.000000,-36.000000,1328.000000,249.000000,260.000000,0.000000
511,1743680387070982,178.000000,-130.000000,135.000000,178.000000,128.000000,360.000000,119.263000,-86.542000,89.889999,119.167999,85.179001,145.084000,-488.000000,-197.000000,1268.000000,176.000000,184.000000,0.000000
511,1743680387076486,178.000000,-130.000000,135.000000,178.000000,128.000000,360.000000,119.306999,-86.569000,89.925003,119.208000,85.209000,145.084000,-515.000000,-53.000000,1112.000000,179.000000,254.000000,0.000000
511,1743680387080867,178.000000,-130.000000,135.000000,178.000000,128.000000,360.000000,119.339996,-86.598000,89.960999,119.252998,85.239998,145.085007,-385.000000,-102.000000,891.000000,5.000000,315.000000,0.000000
511,1743680387086393,178.000000,-130.000000,135.000000,178.000000,128.000000,360.000000,119.379997,-86.625000,89.989998,119.296997,85.260002,145.084000,-527.000000,-154.000000,1000.000000,-115.000000,391.000000,0.000000
511,1743680387091976,178.000000,-130.000000,135.000000,178.000000,128.000000,360.000000,119.431999,-86.664001,90.018997,119.347000,85.277000,145.084000,-543.000000,-196.000000,1169.000000,-197.000000,463.000000,0.000000
511,1743680387096388,178.000000,-130.000000,135.000000,178.000000,128.000000,360.000000,119.431999,-86.664001,90.018997,119.347000,85.277000,145.084000,-543.000000,-196.000000,1169.000000,-197.000000,463.000000,0.000000
511,1743680387101823,178.000000,-130.000000,135.000000,178.000000,128.000000,360.000000,119.464996,-86.691002,90.053001,119.408997,85.301003,145.084000,-469.000000,-63.000000,1348.000000,-71.000000,425.000000,0.000000
511,1743680387106251,178.000000,-130.000000,135.000000,178.000000,128.000000,360.000000,119.533997,-86.750000,90.108002,119.485001,85.353996,145.084000,-361.000000,102.000000,1233.000000,-16.000000,269.000000,0.000000
511,1743680387111757,178.000000,-130.000000,135.000000,178.000000,128.000000,360.000000,119.533997,-86.750000,90.108002,119.485001,85.353996,145.084000,-361.000000,102.000000,1233.000000,-16.000000,269.000000,0.000000
511,1743680387116156,178.000000,-130.000000,135.000000,178.000000,128.000000,360.000000,119.566002,-86.778000,90.133003,119.523003,85.384003,145.084000,-389.000000,-142.000000,1468.000000,112.000000,165.000000,0.000000
511,1743680387121689,178.000000,-130.000000,135.000000,178.000000,128.000000,360.000000,119.634003,-86.830002,90.192001,119.591003,85.439003,145.082001,-405.000000,-198.000000,1195.000000,83.000000,113.000000,0.000000
511,1743680387126108,178.000000,-130.000000,135.000000,178.000000,128.000000,360.000000,119.634003,-86.830002,90.192001,119.591003,85.439003,145.082001,-405.000000,-198.000000,1195.000000,83.000000,113.000000,0.000000
511,1743680387131631,178.000000,-130.000000,135.000000,178.000000,128.000000,360.000000,119.667999,-86.855003,90.221001,119.621002,85.472000,145.084000,-368.000000,-82.000000,1402.000000,337.000000,301.000000,0.000000
511,1743680387136018,178.000000,-130.000000,135.000000,178.000000,128.000000,360.000000,119.699997,-86.876999,90.250999,119.653999,85.494003,145.085007,-441.000000,-128.000000,1244.000000,198.000000,277.000000,0.000000
511,1743680387141473,178.000000,-130.000000,135.000000,178.000000,128.000000,360.000000,119.735001,-86.897003,90.278000,119.689003,85.504997,145.084000,-396.000000,2.000000,1287.000000,89.000000,275.000000,0.000000
511,1743680387145792,178.000000,-130.000000,135.000000,178.000000,128.000000,360.000000,119.774002,-86.917999,90.306000,119.728996,85.540001,145.084000,-535.000000,-112.000000,1139.000000,45.000000,245.000000,0.000000
511,1743680387151225,178.000000,-130.000000,135.000000,178.000000,128.000000,360.000000,119.807999,-86.941002,90.329002,119.765999,85.565002,145.084000,-437.000000,-212.000000,1052.000000,-68.000000,99.000000,0.000000
511,1743680387156699,178.000000,-130.000000,135.000000,178.000000,128.000000,360.000000,119.858002,-86.964996,90.358002,119.807999,85.585999,145.084000,-425.000000,-36.000000,1196.000000,-188.000000,139.000000,0.000000
511,1743680387161097,178.000000,-130.000000,135.000000,178.000000,128.000000,360.000000,119.874001,-86.987999,90.380997,119.844002,85.608002,145.082001,-350.000000,-264.000000,903.000000,-122.000000,132.000000,0.000000
511,1743680387166576,178.000000,-130.000000,135.000000,178.000000,128.000000,360.000000,119.918999,-87.022003,90.406998,119.880997,85.629997,145.085007,-438.000000,-23.000000,986.000000,-122.000000,143.000000,0.000000
511,1743680387171015,178.000000,-130.000000,135.000000,178.000000,128.000000,360.000000,119.950996,-87.042999,90.444000,119.935997,85.649002,145.084000,-461.000000,-64.000000,1168.000000,-10.000000,240.000000,0.000000
511,1743680387176472,178.000000,-130.000000,135.000000,178.000000,128.000000,360.000000,119.966003,-87.054001,90.455002,119.952003,85.665001,145.085007,-449.000000,-37.000000,1147.000000,-55.000000,358.000000,0.000000
511,1743680387181860,178.000000,-130.000000,135.000000,178.000000,128.000000,360.000000,120.015999,-87.084999,90.487000,119.977997,85.681999,145.084000,-489.000000,-31.000000,1425.000000,153.000000,357.000000,0.000000
511,1743680387186360,178.000000,-130.000000,135.000000,178.000000,128.000000,360.000000,120.042999,-87.101997,90.508003,120.013000,85.700996,145.084000,-363.000000,-49.000000,1432.000000,107.000000,396.000000,0.000000
511,1743680387191851,178.000000,-130.000000,135.000000,178.000000,128.000000,360.000000,120.075996,-87.125000,90.535004,120.036003,85.726997,145.085007,-493.000000,-158.000000,1282.000000,276.000000,345.000000,0.000000
511,1743680387196302,178.000000,-130.000000,135.000000,178.000000,128.000000,360.000000,120.105003,-87.142998,90.552002,120.060997,85.739998,145.084000,-548.000000,-228.000000,1341.000000,286.000000,262.000000,0.000000
511,1743680387201806,178.000000,-130.000000,135.000000,178.000000,128.000000,360.000000,120.138000,-87.162003,90.573997,120.087997,85.769997,145.084000,-488.000000,-88.000000,1413.000000,238.000000,205.000000,0.000000
511,1743680387206209,178.000000,-130.000000,135.000000,178.000000,128.000000,360.000000,120.164001,-87.183998,90.596001,120.119003,85.788002,145.084000,-529.000000,-169.000000,1241.000000,217.000000,211.000000,0.000000
511,1743680387211683,178.000000,-130.000000,135.000000,178.000000,128.000000,360.000000,120.210999,-87.212997,90.627998,120.155998,85.809998,145.082001,-519.000000,-17.000000,1188.000000,-2.000000,87.000000,0.000000
511,1743680387216048,178.000000,-130.000000,135.000000,178.000000,128.000000,360.000000,120.226997,-87.223000,90.641998,120.168999,85.833000,145.084000,-489.000000,68.000000,1278.000000,18.000000,142.000000,0.000000
511,1743680387221585,178.000000,-130.000000,135.000000,178.000000,128.000000,360.000000,120.278999,-87.253998,90.667999,120.196999,85.850998,145.085007,-565.000000,-89.000000,1122.000000,-92.000000,220.000000,0.000000
511,1743680387225929,178.000000,-130.000000,135.000000,178.000000,128.000000,360.000000,120.304001,-87.271004,90.698997,120.237999,85.876999,145.085007,-661.000000,-5.000000,1139.000000,-187.000000,287.000000,0.000000
511,1743680387231431,178.000000,-130.000000,135.000000,178.000000,128.000000,360.000000,120.333000,-87.291000,90.718002,120.271004,85.887001,145.084000,-425.000000,-85.000000,1266.000000,-141.000000,314.000000,0.000000
511,1743680387235897,178.000000,-130.000000,135.000000,178.000000,128.000000,360.000000,120.359001,-87.310997,90.737000,120.297997,85.905998,145.085007,-567.000000,-156.000000,1182.000000,-49.000000,324.000000,0.000000
511,1743680387241409,178.000000,-130.000000,135.000000,178.000000,128.000000,360.000000,120.388000,-87.328003,90.759003,120.329002,85.926003,145.084000,-492.000000,-100.000000,1079.000000,-77.000000,298.000000,0.000000
511,1743680387246894,178.000000,-130.000000,135.000000,178.000000,128.000000,360.000000,120.425003,-87.356003,90.783997,120.360001,85.944000,145.084000,-566.000000,-133.000000,1203.000000,-25.000000,198.000000,0.000000
511,1743680387251275,178.000000,-130.000000,135.000000,178.000000,128.000000,360.000000,120.435997,-87.362999,90.792000,120.385002,85.958000,145.084000,-494.000000,-111.000000,1144.000000,91.000000,193.000000,0.000000
511,1743680387256662,178.000000,-130.000000,135.000000,178.000000,128.000000,360.000000,120.475998,-87.391998,90.820999,120.417000,85.972000,145.084000,-705.000000,137.000000,1100.000000,81.000000,232.000000,0.000000
511,1743680387261027,178.000000,-130.000000,135.000000,178.000000,128.000000,360.000000,120.498001,-87.411003,90.838997,120.435997,86.005997,145.084000,-571.000000,-5.000000,1034.000000,164.000000,135.000000,0.000000
511,1743680387266540,178.000000,-130.000000,135.000000,178.000000,128.000000,360.000000,120.522003,-87.432999,90.859001,120.458000,86.022003,145.084000,-607.000000,108.000000,1063.000000,221.000000,182.000000,0.000000
511,1743680387270875,178.000000,-130.000000,135.000000,178.000000,128.000000,360.000000,120.551003,-87.452003,90.883003,120.477997,86.028999,145.085007,-408.000000,73.000000,1131.000000,245.000000,209.000000,0.000000
511,1743680387276468,178.000000,-130.000000,135.000000,178.000000,128.000000,360.000000,120.577003,-87.471001,90.896004,120.499001,86.055000,145.084000,-540.000000,-33.000000,1209.000000,285.000000,259.000000,0.000000
511,1743680387281915,178.000000,-130.000000,135.000000,178.000000,128.000000,360.000000,120.615997,-87.485001,90.915001,120.517998,86.070999,145.084000,-578.000000,-69.000000,1317.000000,304.000000,324.000000,0.000000
511,1743680387286363,178.000000,-130.000000,135.000000,178.000000,128.000000,360.000000,120.641998,-87.507004,90.942001,120.554001,86.077003,145.085007,-571.000000,-150.000000,1221.000000,108.000000,364.000000,0.000000
511,1743680387291891,178.000000,-130.000000,135.000000,178.000000,128.000000,360.000000,120.671997,-87.525002,90.947998,120.568001,86.091003,145.084000,-489.000000,-165.000000,1203.000000,80.000000,428.000000,0.000000
511,1743680387296307,178.000000,-130.000000,135.000000,178.000000,128.000000,360.000000,120.695000,-87.540001,90.970001,120.610001,86.108002,145.084000,-652.000000,-95.000000,1369.000000,0.000000,418.000000,0.000000
511,1743680387301736,178.000000,-130.000000,135.000000,178.000000,128.000000,360.000000,120.720001,-87.557999,90.986000,120.639000,86.124001,145.085007,-524.000000,-26.000000,1426.000000,-86.000000,360.000000,0.000000
511,1743680387306121,178.000000,-130.000000,135.000000,178.000000,128.000000,360.000000,120.742996,-87.575996,91.001999,120.665001,86.149002,145.084000,-435.000000,-50.000000,1377.000000,-180.000000,289.000000,0.000000
511,1743680387311563,178.000000,-130.000000,135.000000,178.000000,128.000000,360.000000,120.768997,-87.594002,91.017998,120.691002,86.165001,145.084000,-713.000000,-21.000000,1233.000000,-287.000000,323.000000,0.000000
511,1743680387315959,178.000000,-130.000000,135.000000,178.000000,128.000000,360.000000,120.791000,-87.610001,91.035004,120.714996,86.184998,145.084000,-513.000000,149.000000,1301.000000,-34.000000,243.000000,0.000000
511,1743680387321520,178.000000,-130.000000,135.000000,178.000000,128.000000,360.000000,120.791000,-87.610001,91.035004,120.714996,86.184998,145.084000,-513.000000,149.000000,1301.000000,-34.000000,243.000000,0.000000
511,1743680387326955,178.000000,-130.000000,135.000000,178.000000,128.000000,360.000000,120.827003,-87.633003,91.060997,120.746002,86.205002,145.085007,-840.000000,-43.000000,1197.000000,-70.000000,156.000000,0.000000
511,1743680387331397,178.000000,-130.000000,135.000000,178.000000,128.000000,360.000000,120.876999,-87.658997,91.098000,120.785004,86.241997,145.084000,-556.000000,-19.000000,1081.000000,24.000000,178.000000,0.000000
511,1743680387336902,178.000000,-130.000000,135.000000,178.000000,128.000000,360.000000,120.876999,-87.658997,91.098000,120.785004,86.241997,145.084000,-556.000000,-19.000000,1081.000000,24.000000,178.000000,0.000000
511,1743680387341290,178.000000,-130.000000,135.000000,178.000000,128.000000,360.000000,120.896004,-87.671997,91.112000,120.807999,86.264000,145.084000,-641.000000,-110.000000,1200.000000,3.000000,208.000000,0.000000
511,1743680387346835,178.000000,-130.000000,135.000000,178.000000,128.000000,360.000000,120.920998,-87.686996,91.124001,120.825996,86.282997,145.084000,-517.000000,-201.000000,1285.000000,97.000000,238.000000,0.000000
511,1743680387351218,178.000000,-130.000000,135.000000,178.000000,128.000000,360.000000,120.943001,-87.703003,91.142998,120.842003,86.289001,145.082001,-613.000000,-101.000000,1311.000000,166.000000,251.000000,0.000000
511,1743680387356712,178.000000,-130.000000,135.000000,178.000000,128.000000,360.000000,120.962997,-87.720001,91.158997,120.862000,86.306999,145.084000,-509.000000,-47.000000,1252.000000,146.000000,331.000000,0.000000
511,1743680387361137,178.000000,-130.000000,135.000000,178.000000,128.000000,360.000000,120.985001,-87.736000,91.170998,120.880997,86.324997,145.084000,-445.000000,-13.000000,1192.000000,110.000000,298.000000,0.000000
511,1743680387366569,178.000000,-130.000000,135.000000,178.000000,128.000000,360.000000,121.003998,-87.750999,91.185997,120.899002,86.341003,145.082001,-577.000000,-27.000000,1268.000000,155.000000,285.000000,0.000000
511,1743680387370976,178.000000,-130.000000,135.000000,178.000000,128.000000,360.000000,121.029999,-87.773003,91.208000,120.915001,86.355003,145.085007,-552.000000,140.000000,1219.000000,222.000000,252.000000,0.000000
511,1743680387376553,178.000000,-130.000000,135.000000,178.000000,128.000000,360.000000,121.039001,-87.779999,91.214996,120.927002,86.373001,145.084000,-565.000000,113.000000,1230.000000,289.000000,244.000000,0.000000
511,1743680387380967,178.000000,-130.000000,135.000000,178.000000,128.000000,360.000000,121.065002,-87.802002,91.228996,120.946999,86.389000,145.085007,-486.000000,-50.000000,1253.000000,253.000000,229.000000,0.000000
511,1743680387386423,178.000000,-130.000000,135.000000,178.000000,128.000000,360.000000,121.080002,-87.816002,91.252998,120.973999,86.407997,145.082001,-313.000000,-37.000000,1108.000000,183.000000,190.000000,0.000000
511,1743680387391889,178.000000,-130.000000,135.000000,178.000000,128.000000,360.000000,121.099998,-87.831001,91.259003,120.985001,86.425003,145.082001,-389.000000,-25.000000,1085.000000,123.000000,158.000000,0.000000
511,1743680387396322,178.000000,-130.000000,135.000000,178.000000,128.000000,360.000000,121.116997,-87.841003,91.285004,121.016998,86.441002,145.084000,-596.000000,-61.000000,906.000000,-8.000000,169.000000,0.000000
511,1743680387401786,178.000000,-130.000000,135.000000,178.000000,128.000000,360.000000,121.132004,-87.853996,91.299004,121.037003,86.456001,145.085007,-487.000000,-141.000000,1038.000000,-22.000000,153.000000,0.000000
511,1743680387406232,178.000000,-130.000000,135.000000,178.000000,128.000000,360.000000,121.151001,-87.864998,91.315002,121.058998,86.469002,145.084000,-380.000000,-190.000000,1088.000000,-40.000000,156.000000,0.000000
511,1743680387411745,178.000000,-130.000000,135.000000,178.000000,128.000000,360.000000,121.169998,-87.875999,91.324997,121.086998,86.487999,145.084000,-486.000000,-137.000000,1129.000000,-201.000000,229.000000,0.000000
511,1743680387416122,178.000000,-130.000000,135.000000,178.000000,128.000000,360.000000,121.181000,-87.889000,91.335999,121.110001,86.500000,145.084000,-545.000000,-165.000000,1137.000000,-227.000000,262.000000,0.000000
511,1743680387421635,178.000000,-130.000000,135.000000,178.000000,128.000000,360.000000,121.209000,-87.906998,91.353996,121.128998,86.510002,145.084000,-616.000000,-125.000000,1257.000000,-146.000000,291.000000,0.000000
511,1743680387426004,178.000000,-130.000000,135.000000,178.000000,128.000000,360.000000,121.224998,-87.918999,91.362999,121.160004,86.519997,145.082001,-642.000000,-116.000000,1299.000000,-106.000000,367.000000,0.000000
511,1743680387431511,178.000000,-130.000000,135.000000,178.000000,128.000000,360.000000,121.241997,-87.933998,91.371002,121.172997,86.539001,145.084000,-489.000000,21.000000,1346.000000,-53.000000,367.000000,0.000000
511,1743680387435884,178.000000,-130.000000,135.000000,178.000000,128.000000,360.000000,121.252998,-87.948997,91.380997,121.191002,86.543999,145.082001,-406.000000,80.000000,1378.000000,-64.000000,358.000000,0.000000
511,1743680387441337,178.000000,-130.000000,135.000000,178.000000,128.000000,360.000000,121.268997,-87.959999,91.390999,121.208000,86.557999,145.084000,-441.000000,32.000000,1317.000000,-101.000000,386.000000,0.000000
511,1743680387446872,178.000000,-130.000000,135.000000,178.000000,128.000000,360.000000,121.290001,-87.976997,91.400002,121.223000,86.568001,145.084000,-469.000000,-36.000000,1289.000000,-42.000000,382.000000,0.000000
511,1743680387451293,178.000000,-130.000000,135.000000,178.000000,128.000000,360.000000,121.304001,-87.986000,91.417999,121.242996,86.572998,145.085007,-435.000000,-4.000000,1351.000000,47.000000,399.000000,0.000000
511,1743680387456766,178.000000,-130.000000,135.000000,178.000000,128.000000,360.000000,121.317001,-87.999001,91.428001,121.255997,86.592003,145.082001,-471.000000,31.000000,1245.000000,114.000000,403.000000,0.000000
511,1743680387461231,178.000000,-130.000000,135.000000,178.000000,128.000000,360.000000,121.333000,-88.008003,91.439003,121.267998,86.597000,145.085007,-393.000000,-75.000000,1275.000000,114.000000,393.000000,0.000000
511,1743680387466617,178.000000,-130.000000,135.000000,178.000000,128.000000,360.000000,121.345001,-88.015999,91.452003,121.281998,86.615997,145.084000,-382.000000,-116.000000,1244.000000,87.000000,327.000000,0.000000
511,1743680387470972,178.000000,-130.000000,135.000000,178.000000,128.000000,360.000000,121.359001,-88.028999,91.462997,121.294998,86.628998,145.080994,-338.000000,-133.000000,1188.000000,106.000000,280.000000,0.000000
511,1743680387476389,178.000000,-130.000000,135.000000,178.000000,128.000000,360.000000,121.380997,-88.044998,91.481003,121.316002,86.641998,145.082001,-499.000000,-112.000000,1060.000000,113.000000,269.000000,0.000000
511,1743680387481863,178.000000,-130.000000,135.000000,178.000000,128.000000,360.000000,121.389000,-88.049004,91.487999,121.323997,86.655998,145.085007,-465.000000,-87.000000,1006.000000,138.000000,229.000000,0.000000
511,1743680387486224,178.000000,-130.000000,135.000000,178.000000,128.000000,360.000000,121.408997,-88.066002,91.504997,121.342003,86.667999,145.084000,-410.000000,-79.000000,1134.000000,187.000000,213.000000,0.000000
511,1743680387491761,178.000000,-130.000000,135.000000,178.000000,128.000000,360.000000,121.419998,-88.075996,91.514000,121.356003,86.681999,145.080994,-449.000000,-51.000000,1194.000000,182.000000,199.000000,0.000000
511,1743680387496146,178.000000,-130.000000,135.000000,178.000000,128.000000,360.000000,121.419998,-88.075996,91.514000,121.356003,86.681999,145.080994,-449.000000,-51.000000,1194.000000,182.000000,199.000000,0.000000
511,1743680387501656,178.000000,-130.000000,135.000000,178.000000,128.000000,360.000000,121.444000,-88.098999,91.535004,121.382004,86.720001,145.082001,-255.000000,36.000000,1239.000000,204.000000,156.000000,0.000000
511,1743680387506054,178.000000,-130.000000,135.000000,178.000000,128.000000,360.000000,121.453003,-88.111000,91.543999,121.392998,86.732002,145.084000,-226.000000,99.000000,1237.000000,161.000000,166.000000,0.000000
511,1743680387511487,178.000000,-130.000000,135.000000,178.000000,128.000000,360.000000,121.453003,-88.111000,91.543999,121.392998,86.732002,145.084000,-226.000000,99.000000,1237.000000,161.000000,166.000000,0.000000
511,1743680387515827,178.000000,-130.000000,135.000000,178.000000,128.000000,360.000000,121.467003,-88.121002,91.551003,121.411003,86.745003,145.084000,-322.000000,97.000000,1266.000000,127.000000,223.000000,0.000000
511,1743680387521275,178.000000,-130.000000,135.000000,178.000000,128.000000,360.000000,121.482002,-88.136002,91.565002,121.433998,86.753998,145.082001,-469.000000,89.000000,1286.000000,22.000000,229.000000,0.000000
511,1743680387526833,178.000000,-130.000000,135.000000,178.000000,128.000000,360.000000,121.496002,-88.146004,91.574997,121.447998,86.761002,145.084000,-432.000000,107.000000,1314.000000,-4.000000,259.000000,0.000000
511,1743680387531185,178.000000,-130.000000,135.000000,178.000000,128.000000,360.000000,121.508003,-88.157997,91.583000,121.467003,86.772003,145.082001,-372.000000,88.000000,1299.000000,-49.000000,279.000000,0.000000
511,1743680387536701,178.000000,-130.000000,135.000000,178.000000,128.000000,360.000000,121.522003,-88.169998,91.589996,121.485001,86.782997,145.082001,-480.000000,80.000000,1289.000000,-70.000000,304.000000,0.000000
511,1743680387541099,178.000000,-130.000000,135.000000,178.000000,128.000000,360.000000,121.536003,-88.179001,91.603996,121.507004,86.795998,145.082001,-517.000000,-1.000000,1199.000000,-185.000000,299.000000,0.000000
511,1743680387546600,178.000000,-130.000000,135.000000,178.000000,128.000000,360.000000,121.551003,-88.184998,91.612999,121.528000,86.804001,145.082001,-531.000000,-37.000000,1168.000000,-240.000000,293.000000,0.000000
511,1743680387550959,178.000000,-130.000000,135.000000,178.000000,128.000000,360.000000,121.573997,-88.195000,91.625000,121.552002,86.811996,145.084000,-547.000000,-79.000000,1193.000000,-308.000000,313.000000,0.000000
511,1743680387556517,178.000000,-130.000000,135.000000,178.000000,128.000000,360.000000,121.580002,-88.202003,91.634003,121.569000,86.819000,145.082001,-617.000000,-90.000000,1189.000000,-298.000000,314.000000,0.000000
511,1743680387560954,178.000000,-130.000000,135.000000,178.000000,128.000000,360.000000,121.598999,-88.212997,91.650002,121.591003,86.830002,145.082001,-590.000000,-80.000000,1157.000000,-170.000000,300.000000,0.000000
511,1743680387566420,178.000000,-130.000000,135.000000,178.000000,128.000000,360.000000,121.609001,-88.221001,91.664001,121.601997,86.837997,145.084000,-520.000000,-96.000000,1108.000000,-116.000000,283.000000,0.000000
511,1743680387570828,178.000000,-130.000000,135.000000,178.000000,128.000000,360.000000,121.620003,-88.227997,91.671997,121.614998,86.856003,145.084000,-411.000000,-102.000000,1051.000000,-129.000000,266.000000,0.000000
511,1743680387576372,178.000000,-130.000000,135.000000,178.000000,128.000000,360.000000,121.630997,-88.233002,91.681999,121.628998,86.860001,145.084000,-374.000000,-122.000000,983.000000,-149.000000,239.000000,0.000000
511,1743680387581801,178.000000,-130.000000,135.000000,178.000000,128.000000,360.000000,121.639000,-88.242996,91.691002,121.643997,86.877998,145.082001,-362.000000,-157.000000,1059.000000,-149.000000,229.000000,0.000000
511,1743680387586234,178.000000,-130.000000,135.000000,178.000000,128.000000,360.000000,121.648003,-88.252998,91.700996,121.654999,86.889999,145.082001,-364.000000,-123.000000,993.000000,-160.000000,211.000000,0.000000
511,1743680387591635,178.000000,-130.000000,135.000000,178.000000,128.000000,360.000000,121.657997,-88.260002,91.709000,121.667999,86.900002,145.084000,-391.000000,-82.000000,1015.000000,-119.000000,217.000000,0.000000
511,1743680387596012,178.000000,-130.000000,135.000000,178.000000,128.000000,360.000000,121.676003,-88.275002,91.720001,121.677002,86.912003,145.084000,-491.000000,-14.000000,1038.000000,-47.000000,225.000000,0.000000
511,1743680387601577,178.000000,-130.000000,135.000000,178.000000,128.000000,360.000000,121.680000,-88.281998,91.727997,121.690002,86.925003,145.085999,-517.000000,-2.000000,1037.000000,-34.000000,189.000000,0.000000
511,1743680387605924,178.000000,-130.000000,135.000000,178.000000,128.000000,360.000000,121.695999,-88.294998,91.740997,121.698997,86.935997,145.084000,-486.000000,42.000000,1154.000000,0.000000,184.000000,0.000000
511,1743680387611420,178.000000,-130.000000,135.000000,178.000000,128.000000,360.000000,121.706001,-88.305000,91.748001,121.716003,86.946999,145.082001,-407.000000,48.000000,1232.000000,7.000000,159.000000,0.000000
511,1743680387616870,178.000000,-130.000000,135.000000,178.000000,128.000000,360.000000,121.720001,-88.313004,91.752998,121.724998,86.958000,145.082001,-384.000000,31.000000,1299.000000,5.000000,159.000000,0.000000
511,1743680387621236,178.000000,-130.000000,135.000000,178.000000,128.000000,360.000000,121.731003,-88.323997,91.760002,121.728996,86.966003,145.084000,-452.000000,90.000000,1327.000000,13.000000,183.000000,0.000000
511,1743680387626689,178.000000,-130.000000,135.000000,178.000000,128.000000,360.000000,121.737999,-88.331001,91.767998,121.741997,86.973999,145.082001,-501.000000,63.000000,1305.000000,51.000000,188.000000,0.000000
511,1743680387630921,178.000000,-130.000000,135.000000,178.000000,128.000000,360.000000,121.742996,-88.335999,91.771004,121.752998,86.985001,145.085007,-477.000000,48.000000,1321.000000,62.000000,229.000000,0.000000
511,1743680387636399,178.000000,-130.000000,135.000000,178.000000,128.000000,360.000000,121.750000,-88.345001,91.778999,121.762001,86.991997,145.085007,-480.000000,9.000000,1384.000000,51.000000,227.000000,0.000000
511,1743680387641832,178.000000,-130.000000,135.000000,178.000000,128.000000,360.000000,121.760002,-88.349998,91.782997,121.771004,86.998001,145.084000,-456.000000,16.000000,1428.000000,58.000000,264.000000,0.000000
511,1743680387646315,178.000000,-130.000000,135.000000,178.000000,128.000000,360.000000,121.772003,-88.358002,91.792000,121.779999,87.002998,145.082001,-501.000000,-15.000000,1389.000000,70.000000,277.000000,0.000000
511,1743680387651791,178.000000,-130.000000,135.000000,178.000000,128.000000,360.000000,121.782997,-88.366997,91.804001,121.792999,87.008003,145.084000,-510.000000,-16.000000,1311.000000,91.000000,308.000000,0.000000
511,1743680387656224,178.000000,-130.000000,135.000000,178.000000,128.000000,360.000000,121.792999,-88.374001,91.811996,121.797997,87.017998,145.084000,-447.000000,-33.000000,1329.000000,138.000000,330.000000,0.000000
511,1743680387661724,178.000000,-130.000000,135.000000,178.000000,128.000000,360.000000,121.802002,-88.379997,91.818001,121.805000,87.021004,145.082001,-382.000000,-32.000000,1301.000000,145.000000,333.000000,0.000000
511,1743680387666144,178.000000,-130.000000,135.000000,178.000000,128.000000,360.000000,121.811996,-88.387001,91.824997,121.811996,87.026001,145.084000,-363.000000,-67.000000,1346.000000,166.000000,347.000000,0.000000
511,1743680387671576,178.000000,-130.000000,135.000000,178.000000,128.000000,360.000000,121.811996,-88.387001,91.824997,121.811996,87.026001,145.084000,-363.000000,-67.000000,1346.000000,166.000000,347.000000,0.000000
511,1743680387675901,178.000000,-130.000000,135.000000,178.000000,128.000000,360.000000,121.820999,-88.392998,91.831001,121.819000,87.028999,145.084000,-394.000000,-69.000000,1362.000000,198.000000,375.000000,0.000000
511,1743680387681380,178.000000,-130.000000,135.000000,178.000000,128.000000,360.000000,121.842003,-88.404999,91.845001,121.831001,87.036003,145.085007,-575.000000,-83.000000,1354.000000,239.000000,382.000000,0.000000
511,1743680387686887,178.000000,-130.000000,135.000000,178.000000,128.000000,360.000000,121.842003,-88.404999,91.845001,121.831001,87.036003,145.085007,-575.000000,-83.000000,1354.000000,239.000000,382.000000,0.000000
511,1743680387691360,178.000000,-130.000000,135.000000,178.000000,128.000000,360.000000,121.857002,-88.416000,91.852997,121.843002,87.040001,145.084000,-573.000000,-56.000000,1328.000000,217.000000,389.000000,0.000000
511,1743680387696837,178.000000,-130.000000,135.000000,178.000000,128.000000,360.000000,121.863998,-88.422997,91.862000,121.851997,87.043999,145.084000,-546.000000,-66.000000,1339.000000,212.000000,390.000000,0.000000
511,1743680387701210,178.000000,-130.000000,135.000000,178.000000,128.000000,360.000000,121.874001,-88.430000,91.866997,121.861000,87.051003,145.084000,-515.000000,-25.000000,1318.000000,156.000000,404.000000,0.000000
511,1743680387706706,178.000000,-130.000000,135.000000,178.000000,128.000000,360.000000,121.882004,-88.438004,91.875000,121.872002,87.054001,145.082001,-555.000000,36.000000,1232.000000,106.000000,402.000000,0.000000
511,1743680387711078,178.000000,-130.000000,135.000000,178.000000,128.000000,360.000000,121.889999,-88.445999,91.882004,121.882004,87.065002,145.082001,-530.000000,44.000000,1253.000000,73.000000,373.000000,0.000000
511,1743680387716611,178.000000,-130.000000,135.000000,178.000000,128.000000,360.000000,121.900002,-88.453003,91.890999,121.893997,87.069000,145.084000,-536.000000,53.000000,1214.000000,33.000000,399.000000,0.000000
511,1743680387721037,178.000000,-130.000000,135.000000,178.000000,128.000000,360.000000,121.912003,-88.463997,91.900002,121.913002,87.073997,145.085007,-573.000000,59.000000,1192.000000,-27.000000,390.000000,0.000000
511,1743680387726494,178.000000,-130.000000,135.000000,178.000000,128.000000,360.000000,121.916000,-88.466003,91.903000,121.918999,87.079002,145.084000,-549.000000,72.000000,1197.000000,-49.000000,390.000000,0.000000
511,1743680387730930,178.000000,-130.000000,135.000000,178.000000,128.000000,360.000000,121.931000,-88.474998,91.917999,121.931000,87.084999,145.084000,-567.000000,63.000000,1142.000000,-54.000000,357.000000,0.000000
511,1743680387736430,178.000000,-130.000000,135.000000,178.000000,128.000000,360.000000,121.942001,-88.481003,91.921997,121.944000,87.094002,145.084000,-678.000000,52.000000,1164.000000,-72.000000,332.000000,0.000000
511,1743680387741943,178.000000,-130.000000,135.000000,178.000000,128.000000,360.000000,121.948997,-88.487999,91.929001,121.956001,87.098999,145.085007,-647.000000,53.000000,1154.000000,-98.000000,312.000000,0.000000
511,1743680387746410,178.000000,-130.000000,135.000000,178.000000,128.000000,360.000000,121.957001,-88.494003,91.940002,121.973999,87.105003,145.084000,-675.000000,70.000000,1152.000000,-173.000000,303.000000,0.000000
511,1743680387751901,178.000000,-130.000000,135.000000,178.000000,128.000000,360.000000,121.967003,-88.500000,91.945000,121.989998,87.117996,145.082001,-657.000000,93.000000,1142.000000,-233.000000,274.000000,0.000000
511,1743680387756282,178.000000,-130.000000,135.000000,178.000000,128.000000,360.000000,121.976997,-88.508003,91.949997,122.004997,87.120003,145.084000,-622.000000,100.000000,1199.000000,-278.000000,270.000000,0.000000
511,1743680387761700,178.000000,-130.000000,135.000000,178.000000,128.000000,360.000000,121.983002,-88.514000,91.955002,122.018997,87.130997,145.084000,-565.000000,98.000000,1263.000000,-300.000000,226.000000,0.000000
511,1743680387765992,178.000000,-130.000000,135.000000,178.000000,128.000000,360.000000,121.989998,-88.519997,91.959000,122.031998,87.138000,145.082001,-533.000000,77.000000,1269.000000,-281.000000,219.000000,0.000000
511,1743680387771406,178.000000,-130.000000,135.000000,178.000000,128.000000,360.000000,121.999001,-88.526001,91.966003,122.042999,87.146004,145.084000,-524.000000,73.000000,1286.000000,-232.000000,191.000000,0.000000
511,1743680387775757,178.000000,-130.000000,135.000000,178.000000,128.000000,360.000000,122.002998,-88.528999,91.969002,122.051003,87.156998,145.084000,-515.000000,65.000000,1300.000000,-214.000000,182.000000,0.000000
511,1743680387781231,178.000000,-130.000000,135.000000,178.000000,128.000000,360.000000,122.014000,-88.532997,91.976997,122.058998,87.165001,145.082001,-510.000000,26.000000,1282.000000,-187.000000,174.000000,0.000000
511,1743680387786642,178.000000,-130.000000,135.000000,178.000000,128.000000,360.000000,122.022003,-88.537003,91.984001,122.070999,87.171997,145.085007,-536.000000,-34.000000,1320.000000,-152.000000,147.000000,0.000000
511,1743680387790987,178.000000,-130.000000,135.000000,178.000000,128.000000,360.000000,122.028999,-88.542000,91.990997,122.073997,87.179001,145.082001,-602.000000,-57.000000,1285.000000,-128.000000,128.000000,0.000000
511,1743680387796377,178.000000,-130.000000,135.000000,178.000000,128.000000,360.000000,122.038002,-88.546997,91.994003,122.080002,87.185997,145.082001,-589.000000,-60.000000,1316.000000,-124.000000,144.000000,0.000000
511,1743680387801789,178.000000,-130.000000,135.000000,178.000000,128.000000,360.000000,122.046997,-88.552002,91.999001,122.091003,87.194000,145.082001,-663.000000,-88.000000,1324.000000,-108.000000,131.000000,0.000000
511,1743680387806143,178.000000,-130.000000,135.000000,178.000000,128.000000,360.000000,122.057999,-88.555000,92.001999,122.093002,87.200996,145.082001,-693.000000,-87.000000,1346.000000,-100.000000,122.000000,0.000000
511,1743680387811595,178.000000,-130.000000,135.000000,178.000000,128.000000,360.000000,122.064003,-88.563004,92.010002,122.103996,87.208000,145.084000,-645.000000,-72.000000,1371.000000,-116.000000,135.000000,0.000000
511,1743680387815991,178.000000,-130.000000,135.000000,178.000000,128.000000,360.000000,122.070999,-88.567001,92.014999,122.112999,87.213997,145.084000,-588.000000,-103.000000,1364.000000,-118.000000,115.000000,0.000000
511,1743680387821477,178.000000,-130.000000,135.000000,178.000000,128.000000,360.000000,122.078003,-88.570999,92.019997,122.116997,87.219002,145.084000,-565.000000,-105.000000,1404.000000,-115.000000,147.000000,0.000000
511,1743680387826782,178.000000,-130.000000,135.000000,178.000000,128.000000,360.000000,122.082001,-88.573997,92.025002,122.124001,87.223000,145.084000,-573.000000,-97.000000,1324.000000,-102.000000,143.000000,0.000000
511,1743680387831220,178.000000,-130.000000,135.000000,178.000000,128.000000,360.000000,122.087997,-88.578003,92.030998,122.129997,87.227997,145.084000,-518.000000,-139.000000,1347.000000,-125.000000,189.000000,0.000000
511,1743680387836767,178.000000,-130.000000,135.000000,178.000000,128.000000,360.000000,122.093002,-88.581001,92.035004,122.136002,87.232002,145.080994,-489.000000,-140.000000,1255.000000,-120.000000,188.000000,0.000000
511,1743680387841144,178.000000,-130.000000,135.000000,178.000000,128.000000,360.000000,122.098999,-88.584000,92.042000,122.140999,87.234001,145.082001,-450.000000,-153.000000,1240.000000,-96.000000,212.000000,0.000000
511,1743680387846623,178.000000,-130.000000,135.000000,178.000000,128.000000,360.000000,122.103996,-88.587997,92.050003,122.148003,87.236000,145.084000,-429.000000,-140.000000,1161.000000,-89.000000,211.000000,0.000000
511,1743680387850942,178.000000,-130.000000,135.000000,178.000000,128.000000,360.000000,122.112999,-88.592003,92.056999,122.153999,87.240997,145.084000,-481.000000,-163.000000,1135.000000,-87.000000,247.000000,0.000000
511,1743680387856390,178.000000,-130.000000,135.000000,178.000000,128.000000,360.000000,122.121002,-88.599998,92.064003,122.157997,87.245003,145.084000,-491.000000,-154.000000,1167.000000,-63.000000,252.000000,0.000000
511,1743680387861841,178.000000,-130.000000,135.000000,178.000000,128.000000,360.000000,122.124001,-88.601997,92.068001,122.162003,87.246002,145.084000,-484.000000,-143.000000,1168.000000,-50.000000,275.000000,0.000000
511,1743680387866200,178.000000,-130.000000,135.000000,178.000000,128.000000,360.000000,122.129997,-88.610001,92.074997,122.167999,87.250000,145.082001,-503.000000,-115.000000,1210.000000,-40.000000,254.000000,0.000000
511,1743680387871652,178.000000,-130.000000,135.000000,178.000000,128.000000,360.000000,122.137001,-88.613998,92.079002,122.172997,87.252998,145.085007,-531.000000,-128.000000,1261.000000,-29.000000,277.000000,0.000000
511,1743680387875989,178.000000,-130.000000,135.000000,178.000000,128.000000,360.000000,122.139999,-88.614998,92.080002,122.174004,87.252998,145.080994,-532.000000,-91.000000,1259.000000,-10.000000,286.000000,0.000000
511,1743680387881539,178.000000,-130.000000,135.000000,178.000000,128.000000,360.000000,122.150002,-88.621002,92.084000,122.180000,87.255997,145.084000,-545.000000,-116.000000,1330.000000,-3.000000,286.000000,0.000000
511,1743680387885925,178.000000,-130.000000,135.000000,178.000000,128.000000,360.000000,122.154999,-88.625000,92.089996,122.183998,87.258003,145.082001,-545.000000,-74.000000,1211.000000,2.000000,293.000000,0.000000
511,1743680387891460,178.000000,-130.000000,135.000000,178.000000,128.000000,360.000000,122.162003,-88.629997,92.095001,122.188004,87.261002,145.082001,-584.000000,-92.000000,1215.000000,25.000000,300.000000,0.000000
511,1743680387896909,178.000000,-130.000000,135.000000,178.000000,128.000000,360.000000,122.167000,-88.634003,92.100998,122.191002,87.261002,145.082001,-572.000000,-61.000000,1146.000000,38.000000,307.000000,0.000000
511,1743680387901303,178.000000,-130.000000,135.000000,178.000000,128.000000,360.000000,122.172997,-88.639999,92.105003,122.194000,87.266998,145.082001,-585.000000,-61.000000,1113.000000,40.000000,311.000000,0.000000
511,1743680387906793,178.000000,-130.000000,135.000000,178.000000,128.000000,360.000000,122.178001,-88.643997,92.110001,122.197998,87.267998,145.084000,-572.000000,-48.000000,1133.000000,57.000000,331.000000,0.000000
511,1743680387911190,178.000000,-130.000000,135.000000,178.000000,128.000000,360.000000,122.178001,-88.643997,92.110001,122.197998,87.267998,145.084000,-572.000000,-48.000000,1133.000000,57.000000,331.000000,0.000000
511,1743680387916749,178.000000,-130.000000,135.000000,178.000000,128.000000,360.000000,122.184998,-88.648003,92.115997,122.203003,87.271004,145.084000,-562.000000,-39.000000,1071.000000,50.000000,313.000000,0.000000
511,1743680387921084,178.000000,-130.000000,135.000000,178.000000,128.000000,360.000000,122.188004,-88.651001,92.121002,122.206001,87.274002,145.082001,-542.000000,-36.000000,1075.000000,61.000000,333.000000,0.000000
511,1743680387926568,178.000000,-130.000000,135.000000,178.000000,128.000000,360.000000,122.195999,-88.655998,92.126999,122.209999,87.278000,145.084000,-504.000000,-8.000000,996.000000,56.000000,313.000000,0.000000
511,1743680387930955,178.000000,-130.000000,135.000000,178.000000,128.000000,360.000000,122.199997,-88.661003,92.135002,122.217003,87.279999,145.082001,-507.000000,-28.000000,946.000000,71.000000,335.000000,0.000000
511,1743680387936473,178.000000,-130.000000,135.000000,178.000000,128.000000,360.000000,122.207001,-88.665001,92.139000,122.218002,87.282997,145.084000,-506.000000,4.000000,936.000000,61.000000,318.000000,0.000000
511,1743680387940834,178.000000,-130.000000,135.000000,178.000000,128.000000,360.000000,122.209999,-88.668999,92.144997,122.222000,87.286003,145.082001,-521.000000,23.000000,949.000000,77.000000,328.000000,0.000000
511,1743680387946338,178.000000,-130.000000,135.000000,178.000000,128.000000,360.000000,122.218002,-88.672997,92.149002,122.226997,87.291000,145.082001,-579.000000,18.000000,928.000000,70.000000,312.000000,0.000000
511,1743680387951827,178.000000,-130.000000,135.000000,178.000000,128.000000,360.000000,122.222000,-88.676003,92.153999,122.233002,87.295998,145.082001,-606.000000,33.000000,988.000000,81.000000,316.000000,0.000000
511,1743680387956207,178.000000,-130.000000,135.000000,178.000000,128.000000,360.000000,122.228996,-88.680000,92.156998,122.237999,87.300003,145.082001,-644.000000,39.000000,987.000000,76.000000,311.000000,0.000000
511,1743680387961750,178.000000,-130.000000,135.000000,178.000000,128.000000,360.000000,122.233002,-88.683998,92.161003,122.241997,87.301003,145.082001,-661.000000,25.000000,1049.000000,88.000000,304.000000,0.000000
511,1743680387966163,178.000000,-130.000000,135.000000,178.000000,128.000000,360.000000,122.241997,-88.688004,92.162003,122.246002,87.305000,145.084000,-700.000000,25.000000,1114.000000,66.000000,303.000000,0.000000
511,1743680387971579,178.000000,-130.000000,135.000000,178.000000,128.000000,360.000000,122.247002,-88.692001,92.164001,122.252998,87.307999,145.082001,-683.000000,16.000000,1189.000000,79.000000,288.000000,0.000000
511,1743680387975945,178.000000,-130.000000,135.000000,178.000000,128.000000,360.000000,122.250999,-88.695000,92.168999,122.254997,87.310997,145.082001,-634.000000,25.000000,1171.000000,91.000000,282.000000,0.000000
511,1743680387981404,178.000000,-130.000000,135.000000,178.000000,128.000000,360.000000,122.257004,-88.697998,92.170998,122.258003,87.316002,145.084000,-639.000000,12.000000,1136.000000,102.000000,285.000000,0.000000
511,1743680387985821,178.000000,-130.000000,135.000000,178.000000,128.000000,360.000000,122.262001,-88.698997,92.172997,122.262001,87.320000,145.084000,-569.000000,-5.000000,1168.000000,118.000000,278.000000,0.000000
511,1743680387991298,178.000000,-130.000000,135.000000,178.000000,128.000000,360.000000,122.267998,-88.699997,92.175003,122.262001,87.323997,145.084000,-600.000000,-28.000000,1170.000000,146.000000,257.000000,0.000000
511,1743680387995693,178.000000,-130.000000,135.000000,178.000000,128.000000,360.000000,122.269997,-88.706001,92.179001,122.267998,87.328003,145.084000,-565.000000,0.000000,1223.000000,148.000000,259.000000,0.000000
511,1743680388001186,178.000000,-130.000000,135.000000,178.000000,128.000000,360.000000,122.272003,-88.709000,92.179001,122.268997,87.333000,145.082001,-552.000000,-7.000000,1232.000000,139.000000,248.000000,0.000000
511,1743680388006624,178.000000,-130.000000,135.000000,178.000000,128.000000,360.000000,122.277000,-88.712997,92.181999,122.273003,87.333000,145.082001,-545.000000,-23.000000,1261.000000,192.000000,257.000000,0.000000
511,1743680388011030,178.000000,-130.000000,135.000000,178.000000,128.000000,360.000000,122.279999,-88.717003,92.183998,122.277000,87.341003,145.085007,-515.000000,-24.000000,1309.000000,169.000000,244.000000,0.000000
511,1743680388016569,178.000000,-130.000000,135.000000,178.000000,128.000000,360.000000,122.286003,-88.718002,92.183998,122.279999,87.344002,145.082001,-497.000000,-22.000000,1349.000000,192.000000,216.000000,0.000000
511,1743680388020979,178.000000,-130.000000,135.000000,178.000000,128.000000,360.000000,122.290001,-88.721001,92.186996,122.282997,87.345001,145.082001,-514.000000,-29.000000,1332.000000,218.000000,227.000000,0.000000
511,1743680388026402,178.000000,-130.000000,135.000000,178.000000,128.000000,360.000000,122.292000,-88.724998,92.190002,122.286003,87.348999,145.084000,-515.000000,-32.000000,1342.000000,209.000000,187.000000,0.000000
511,1743680388030753,178.000000,-130.000000,135.000000,178.000000,128.000000,360.000000,122.294998,-88.724998,92.193001,122.287003,87.356003,145.082001,-508.000000,-38.000000,1303.000000,191.000000,196.000000,0.000000
511,1743680388036311,178.000000,-130.000000,135.000000,178.000000,128.000000,360.000000,122.299004,-88.727997,92.196999,122.291000,87.359001,145.084000,-517.000000,-51.000000,1295.000000,223.000000,213.000000,0.000000
511,1743680388041733,178.000000,-130.000000,135.000000,178.000000,128.000000,360.000000,122.299004,-88.727997,92.196999,122.291000,87.359001,145.084000,-517.000000,-51.000000,1295.000000,223.000000,213.000000,0.000000
511,1743680388046164,178.000000,-130.000000,135.000000,178.000000,128.000000,360.000000,122.307999,-88.733002,92.204002,122.297997,87.362999,145.084000,-515.000000,-51.000000,1288.000000,216.000000,187.000000,0.000000
511,1743680388051578,178.000000,-130.000000,135.000000,178.000000,128.000000,360.000000,122.307999,-88.733002,92.204002,122.297997,87.362999,145.084000,-515.000000,-51.000000,1288.000000,216.000000,187.000000,0.000000
511,1743680388055949,178.000000,-130.000000,135.000000,178.000000,128.000000,360.000000,122.309998,-88.737000,92.208000,122.301003,87.366997,145.084000,-510.000000,-70.000000,1282.000000,223.000000,187.000000,0.000000
511,1743680388061473,178.000000,-130.000000,135.000000,178.000000,128.000000,360.000000,122.317001,-88.739998,92.209000,122.303001,87.367996,145.082001,-526.000000,-81.000000,1296.000000,216.000000,211.000000,0.000000
511,1743680388065867,178.000000,-130.000000,135.000000,178.000000,128.000000,360.000000,122.322998,-88.741997,92.211998,122.306000,87.371002,145.084000,-552.000000,-92.000000,1326.000000,223.000000,198.000000,0.000000
511,1743680388071385,178.000000,-130.000000,135.000000,178.000000,128.000000,360.000000,122.324997,-88.742996,92.214996,122.308998,87.374001,145.082001,-568.000000,-77.000000,1311.000000,217.000000,190.000000,0.000000
511,1743680388075811,178.000000,-130.000000,135.000000,178.000000,128.000000,360.000000,122.328003,-88.746002,92.217003,122.313004,87.377998,145.085007,-555.000000,-91.000000,1348.000000,190.000000,151.000000,0.000000
511,1743680388081294,178.000000,-130.000000,135.000000,178.000000,128.000000,360.000000,122.334999,-88.748001,92.220001,122.319000,87.380997,145.084000,-583.000000,-72.000000,1354.000000,199.000000,145.000000,0.000000
511,1743680388085751,178.000000,-130.000000,135.000000,178.000000,128.000000,360.000000,122.338997,-88.750000,92.220001,122.320999,87.386002,145.084000,-602.000000,-88.000000,1365.000000,176.000000,125.000000,0.000000
511,1743680388091306,178.000000,-130.000000,135.000000,178.000000,128.000000,360.000000,122.342003,-88.753998,92.225998,122.327003,87.389000,145.084000,-591.000000,-99.000000,1365.000000,143.000000,110.000000,0.000000
511,1743680388096716,178.000000,-130.000000,135.000000,178.000000,128.000000,360.000000,122.346001,-88.754997,92.230003,122.334000,87.392998,145.082001,-616.000000,-77.000000,1351.000000,134.000000,111.000000,0.000000
511,1743680388101107,178.000000,-130.000000,135.000000,178.000000,128.000000,360.000000,122.348999,-88.757004,92.231003,122.337997,87.396004,145.084000,-607.000000,-85.000000,1395.000000,115.000000,102.000000,0.000000
511,1743680388106608,178.000000,-130.000000,135.000000,178.000000,128.000000,360.000000,122.356003,-88.759003,92.234001,122.347000,87.400002,145.084000,-655.000000,-86.000000,1386.000000,76.000000,79.000000,0.000000
511,1743680388110980,178.000000,-130.000000,135.000000,178.000000,128.000000,360.000000,122.357002,-88.761002,92.237000,122.352997,87.403000,145.082001,-628.000000,-96.000000,1436.000000,70.000000,99.000000,0.000000
511,1743680388116489,178.000000,-130.000000,135.000000,178.000000,128.000000,360.000000,122.362000,-88.764000,92.238998,122.358002,87.403999,145.082001,-631.000000,-70.000000,1444.000000,45.000000,104.000000,0.000000
511,1743680388120837,178.000000,-130.000000,135.000000,178.000000,128.000000,360.000000,122.366997,-88.764999,92.240997,122.363998,87.407997,145.082001,-654.000000,-79.000000,1468.000000,13.000000,95.000000,0.000000
511,1743680388126370,178.000000,-130.000000,135.000000,178.000000,128.000000,360.000000,122.372002,-88.769997,92.245003,122.372002,87.407997,145.085007,-617.000000,-73.000000,1466.000000,25.000000,105.000000,0.000000
511,1743680388130815,178.000000,-130.000000,135.000000,178.000000,128.000000,360.000000,122.375999,-88.772003,92.248001,122.375999,87.408997,145.085007,-647.000000,-45.000000,1408.000000,-10.000000,125.000000,0.000000
511,1743680388136338,178.000000,-130.000000,135.000000,178.000000,128.000000,360.000000,122.382004,-88.775002,92.249001,122.379997,87.411003,145.084000,-632.000000,-98.000000,1436.000000,-17.000000,132.000000,0.000000
511,1743680388140751,178.000000,-130.000000,135.000000,178.000000,128.000000,360.000000,122.386002,-88.775002,92.250000,122.386002,87.412003,145.084000,-644.000000,-69.000000,1454.000000,-12.000000,149.000000,0.000000
511,1743680388146176,178.000000,-130.000000,135.000000,178.000000,128.000000,360.000000,122.389999,-88.778999,92.252998,122.390999,87.415001,145.084000,-627.000000,-81.000000,1463.000000,-33.000000,144.000000,0.000000
511,1743680388151609,178.000000,-130.000000,135.000000,178.000000,128.000000,360.000000,122.389999,-88.780998,92.255997,122.397003,87.416000,145.084000,-614.000000,-67.000000,1452.000000,-49.000000,172.000000,0.000000
511,1743680388156000,178.000000,-130.000000,135.000000,178.000000,128.000000,360.000000,122.393997,-88.782997,92.259003,122.400002,87.416000,145.084000,-596.000000,-67.000000,1440.000000,-75.000000,174.000000,0.000000
511,1743680388161479,178.000000,-130.000000,135.000000,178.000000,128.000000,360.000000,122.394997,-88.786003,92.260002,122.404999,87.418999,145.082001,-596.000000,-61.000000,1459.000000,-84.000000,183.000000,0.000000
511,1743680388165806,178.000000,-130.000000,135.000000,178.000000,128.000000,360.000000,122.398003,-88.787003,92.263000,122.407997,87.421997,145.084000,-576.000000,-41.000000,1434.000000,-73.000000,188.000000,0.000000
511,1743680388171311,178.000000,-130.000000,135.000000,178.000000,128.000000,360.000000,122.400002,-88.788002,92.264000,122.412003,87.421997,145.084000,-542.000000,-69.000000,1423.000000,-116.000000,195.000000,0.000000
511,1743680388176803,178.000000,-130.000000,135.000000,178.000000,128.000000,360.000000,122.403999,-88.792000,92.267998,122.417000,87.422997,145.084000,-557.000000,-32.000000,1403.000000,-125.000000,202.000000,0.000000
511,1743680388181213,178.000000,-130.000000,135.000000,178.000000,128.000000,360.000000,122.405998,-88.792000,92.271004,122.421997,87.426003,145.084000,-510.000000,-53.000000,1422.000000,-127.000000,172.000000,0.000000
511,1743680388186734,178.000000,-130.000000,135.000000,178.000000,128.000000,360.000000,122.405998,-88.794998,92.274002,122.426003,87.427002,145.084000,-489.000000,-7.000000,1403.000000,-152.000000,173.000000,0.000000
511,1743680388191150,178.000000,-130.000000,135.000000,178.000000,128.000000,360.000000,122.408997,-88.797997,92.275002,122.430000,87.429001,145.082001,-483.000000,-15.000000,1402.000000,-166.000000,189.000000,0.000000
511,1743680388196669,178.000000,-130.000000,135.000000,178.000000,128.000000,360.000000,122.413002,-88.801003,92.280998,122.434998,87.431000,145.082001,-514.000000,-10.000000,1400.000000,-182.000000,222.000000,0.000000
511,1743680388201072,178.000000,-130.000000,135.000000,178.000000,128.000000,360.000000,122.416000,-88.802002,92.281998,122.438004,87.433998,145.084000,-513.000000,-18.000000,1427.000000,-182.000000,188.000000,0.000000
511,1743680388206553,178.000000,-130.000000,135.000000,178.000000,128.000000,360.000000,122.418999,-88.803001,92.282997,122.441002,87.436996,145.084000,-494.000000,-19.000000,1368.000000,-210.000000,187.000000,0.000000
511,1743680388210946,178.000000,-130.000000,135.000000,178.000000,128.000000,360.000000,122.421997,-88.806000,92.289001,122.444000,87.436996,145.084000,-526.000000,30.000000,1395.000000,-224.000000,200.000000,0.000000
511,1743680388216488,178.000000,-130.000000,135.000000,178.000000,128.000000,360.000000,122.421997,-88.806000,92.289001,122.444000,87.436996,145.084000,-526.000000,30.000000,1395.000000,-224.000000,200.000000,0.000000
511,1743680388220826,178.000000,-130.000000,135.000000,178.000000,128.000000,360.000000,122.427002,-88.809998,92.290001,122.449997,87.440002,145.084000,-530.000000,6.000000,1424.000000,-225.000000,179.000000,0.000000
511,1743680388226292,178.000000,-130.000000,135.000000,178.000000,128.000000,360.000000,122.430000,-88.809998,92.292000,122.455002,87.441002,145.082001,-538.000000,23.000000,1448.000000,-211.000000,177.000000,0.000000
511,1743680388231808,178.000000,-130.000000,135.000000,178.000000,128.000000,360.000000,122.430000,-88.809998,92.292000,122.455002,87.441002,145.082001,-538.000000,23.000000,1448.000000,-211.000000,177.000000,0.000000
511,1743680388236234,178.000000,-130.000000,135.000000,178.000000,128.000000,360.000000,122.431000,-88.814003,92.292999,122.459000,87.442001,145.084000,-514.000000,27.000000,1438.000000,-253.000000,190.000000,0.000000
511,1743680388241693,178.000000,-130.000000,135.000000,178.000000,128.000000,360.000000,122.436996,-88.817001,92.295998,122.463997,87.447998,145.084000,-552.000000,71.000000,1483.000000,-241.000000,168.000000,0.000000
511,1743680388246203,178.000000,-130.000000,135.000000,178.000000,128.000000,360.000000,122.436996,-88.817001,92.295998,122.463997,87.447998,145.084000,-552.000000,71.000000,1483.000000,-241.000000,168.000000,0.000000
511,1743680388251649,178.000000,-130.000000,135.000000,178.000000,128.000000,360.000000,122.441002,-88.818001,92.296997,122.467003,87.447998,145.085007,-609.000000,37.000000,1463.000000,-243.000000,189.000000,0.000000
511,1743680388256018,178.000000,-130.000000,135.000000,178.000000,128.000000,360.000000,122.445000,-88.820999,92.300003,122.470001,87.448997,145.082001,-617.000000,50.000000,1446.000000,-242.000000,171.000000,0.000000
511,1743680388261566,178.000000,-130.000000,135.000000,178.000000,128.000000,360.000000,122.445999,-88.822998,92.303001,122.472000,87.450996,145.084000,-637.000000,55.000000,1462.000000,-256.000000,167.000000,0.000000
511,1743680388265939,178.000000,-130.000000,135.000000,178.000000,128.000000,360.000000,122.449997,-88.824997,92.303001,122.474998,87.452003,145.082001,-620.000000,80.000000,1438.000000,-245.000000,168.000000,0.000000
511,1743680388271476,178.000000,-130.000000,135.000000,178.000000,128.000000,360.000000,122.452003,-88.824997,92.306999,122.477997,87.452003,145.082001,-636.000000,75.000000,1463.000000,-251.000000,167.000000,0.000000
511,1743680388275824,178.000000,-130.000000,135.000000,178.000000,128.000000,360.000000,122.455002,-88.827003,92.307999,122.481003,87.453003,145.084000,-615.000000,64.000000,1489.000000,-251.000000,184.000000,0.000000
511,1743680388281348,178.000000,-130.000000,135.000000,178.000000,128.000000,360.000000,122.455002,-88.828003,92.310997,122.481003,87.453003,145.082001,-571.000000,65.000000,1457.000000,-259.000000,185.000000,0.000000
511,1743680388286805,178.000000,-130.000000,135.000000,178.000000,128.000000,360.000000,122.459999,-88.829002,92.310997,122.482002,87.453003,145.082001,-602.000000,66.000000,1474.000000,-242.000000,196.000000,0.000000
511,1743680388291257,178.000000,-130.000000,135.000000,178.000000,128.000000,360.000000,122.459999,-88.831001,92.311996,122.485001,87.453003,145.082001,-582.000000,52.000000,1496.000000,-234.000000,207.000000,0.000000
511,1743680388296757,178.000000,-130.000000,135.000000,178.000000,128.000000,360.000000,122.463997,-88.832001,92.316002,122.487999,87.455002,145.082001,-570.000000,68.000000,1487.000000,-236.000000,211.000000,0.000000
511,1743680388301174,178.000000,-130.000000,135.000000,178.000000,128.000000,360.000000,122.464996,-88.832001,92.316002,122.487999,87.455002,145.084000,-552.000000,65.000000,1475.000000,-232.000000,218.000000,0.000000
511,1743680388306668,178.000000,-130.000000,135.000000,178.000000,128.000000,360.000000,122.468002,-88.834999,92.318001,122.489998,87.455002,145.084000,-539.000000,84.000000,1471.000000,-238.000000,214.000000,0.000000
511,1743680388311078,178.000000,-130.000000,135.000000,178.000000,128.000000,360.000000,122.471001,-88.834999,92.322998,122.491997,87.456001,145.084000,-535.000000,80.000000,1483.000000,-239.000000,228.000000,0.000000
511,1743680388316619,178.000000,-130.000000,135.000000,178.000000,128.000000,360.000000,122.472000,-88.837997,92.322998,122.492996,87.456001,145.082001,-554.000000,94.000000,1469.000000,-223.000000,226.000000,0.000000
511,1743680388321067,178.000000,-130.000000,135.000000,178.000000,128.000000,360.000000,122.472000,-88.838997,92.327003,122.494003,87.456001,145.084000,-525.000000,85.000000,1486.000000,-200.000000,235.000000,0.000000
511,1743680388326540,178.000000,-130.000000,135.000000,178.000000,128.000000,360.000000,122.473999,-88.838997,92.325996,122.496002,87.456001,145.084000,-518.000000,86.000000,1502.000000,-188.000000,238.000000,0.000000
511,1743680388330934,178.000000,-130.000000,135.000000,178.000000,128.000000,360.000000,122.475998,-88.839996,92.327003,122.497002,87.458000,145.082001,-499.000000,98.000000,1490.000000,-200.000000,238.000000,0.000000
511,1743680388336474,178.000000,-130.000000,135.000000,178.000000,128.000000,360.000000,122.477997,-88.842003,92.329002,122.500000,87.456001,145.084000,-501.000000,91.000000,1494.000000,-195.000000,239.000000,0.000000
511,1743680388340871,178.000000,-130.000000,135.000000,178.000000,128.000000,360.000000,122.481003,-88.843002,92.330002,122.500999,87.458000,145.084000,-501.000000,113.000000,1507.000000,-162.000000,251.000000,0.000000
511,1743680388346436,178.000000,-130.000000,135.000000,178.000000,128.000000,360.000000,122.481003,-88.845001,92.331001,122.502998,87.458000,145.084000,-493.000000,125.000000,1534.000000,-166.000000,251.000000,0.000000
511,1743680388350809,178.000000,-130.000000,135.000000,178.000000,128.000000,360.000000,122.483002,-88.845001,92.333000,122.503998,87.458000,145.082001,-468.000000,111.000000,1494.000000,-176.000000,252.000000,0.000000
511,1743680388356360,178.000000,-130.000000,135.000000,178.000000,128.000000,360.000000,122.483002,-88.846001,92.333000,122.504997,87.459000,145.084000,-471.000000,100.000000,1523.000000,-151.000000,255.000000,0.000000
511,1743680388360745,178.000000,-130.000000,135.000000,178.000000,128.000000,360.000000,122.487000,-88.846001,92.334999,122.508003,87.459000,145.084000,-480.000000,98.000000,1518.000000,-155.000000,262.000000,0.000000
511,1743680388366258,178.000000,-130.000000,135.000000,178.000000,128.000000,360.000000,122.488998,-88.847000,92.334999,122.508003,87.459999,145.084000,-466.000000,92.000000,1496.000000,-165.000000,254.000000,0.000000
511,1743680388371752,178.000000,-130.000000,135.000000,178.000000,128.000000,360.000000,122.491997,-88.847000,92.336998,122.508003,87.461998,145.084000,-505.000000,94.000000,1510.000000,-151.000000,259.000000,0.000000
511,1743680388376130,178.000000,-130.000000,135.000000,178.000000,128.000000,360.000000,122.497002,-88.847000,92.339996,122.511002,87.461998,145.084000,-538.000000,70.000000,1512.000000,-154.000000,264.000000,0.000000
511,1743680388381550,178.000000,-130.000000,135.000000,178.000000,128.000000,360.000000,122.498001,-88.847000,92.339996,122.511002,87.461998,145.084000,-505.000000,79.000000,1519.000000,-157.000000,264.000000,0.000000
511,1743680388385919,178.000000,-130.000000,135.000000,178.000000,128.000000,360.000000,122.498001,-88.849998,92.341003,122.512001,87.461998,145.084000,-509.000000,83.000000,1466.000000,-139.000000,280.000000,0.000000
511,1743680388391360,178.000000,-130.000000,135.000000,178.000000,128.000000,360.000000,122.500999,-88.849998,92.342003,122.514000,87.463997,145.084000,-519.000000,84.000000,1488.000000,-119.000000,273.000000,0.000000
511,1743680388395710,178.000000,-130.000000,135.000000,178.000000,128.000000,360.000000,122.502998,-88.850998,92.342003,122.514999,87.463997,145.084000,-485.000000,84.000000,1472.000000,-141.000000,277.000000,0.000000
511,1743680388401290,178.000000,-130.000000,135.000000,178.000000,128.000000,360.000000,122.502998,-88.850998,92.342003,122.514999,87.463997,145.084000,-485.000000,84.000000,1472.000000,-141.000000,277.000000,0.000000
511,1743680388406761,178.000000,-130.000000,135.000000,178.000000,128.000000,360.000000,122.507004,-88.852997,92.344002,122.514999,87.463997,145.084000,-496.000000,87.000000,1426.000000,-125.000000,273.000000,0.000000
511,1743680388411169,178.000000,-130.000000,135.000000,178.000000,128.000000,360.000000,122.507004,-88.853996,92.348000,122.517998,87.466003,145.085007,-508.000000,80.000000,1374.000000,-113.000000,282.000000,0.000000
511,1743680388416689,178.000000,-130.000000,135.000000,178.000000,128.000000,360.000000,122.507004,-88.853996,92.348000,122.517998,87.466003,145.085007,-508.000000,80.000000,1374.000000,-113.000000,282.000000,0.000000
511,1743680388421074,178.000000,-130.000000,135.000000,178.000000,128.000000,360.000000,122.509003,-88.853996,92.348000,122.518997,87.466003,145.084000,-527.000000,85.000000,1370.000000,-113.000000,282.000000,0.000000
511,1743680388426552,178.000000,-130.000000,135.000000,178.000000,128.000000,360.000000,122.512001,-88.856003,92.351997,122.518997,87.467003,145.084000,-505.000000,80.000000,1307.000000,-105.000000,286.000000,0.000000
511,1743680388430935,178.000000,-130.000000,135.000000,178.000000,128.000000,360.000000,122.514999,-88.856003,92.352997,122.518997,87.469002,145.085007,-507.000000,73.000000,1264.000000,-104.000000,295.000000,0.000000
511,1743680388436419,178.000000,-130.000000,135.000000,178.000000,128.000000,360.000000,122.514000,-88.857002,92.355003,122.519997,87.469002,145.082001,-498.000000,96.000000,1281.000000,-72.000000,285.000000,0.000000
511,1743680388440797,178.000000,-130.000000,135.000000,178.000000,128.000000,360.000000,122.514999,-88.856003,92.356003,122.519997,87.470001,145.085007,-483.000000,62.000000,1236.000000,-77.000000,292.000000,0.000000
511,1743680388446300,178.000000,-130.000000,135.000000,178.000000,128.000000,360.000000,122.517998,-88.858002,92.359001,122.519997,87.470001,145.080994,-486.000000,67.000000,1231.000000,-67.000000,299.000000,0.000000
511,1743680388450724,178.000000,-130.000000,135.000000,178.000000,128.000000,360.000000,122.517998,-88.857002,92.360001,122.519997,87.470001,145.085007,-497.000000,60.000000,1235.000000,-63.000000,304.000000,0.000000
511,1743680388456123,178.000000,-130.000000,135.000000,178.000000,128.000000,360.000000,122.519997,-88.858002,92.362000,122.519997,87.471001,145.082001,-533.000000,65.000000,1240.000000,-47.000000,309.000000,0.000000
511,1743680388461610,178.000000,-130.000000,135.000000,178.000000,128.000000,360.000000,122.519997,-88.860001,92.362000,122.519997,87.471001,145.082001,-497.000000,66.000000,1209.000000,-38.000000,316.000000,0.000000
511,1743680388466001,178.000000,-130.000000,135.000000,178.000000,128.000000,360.000000,122.519997,-88.860001,92.362000,122.519997,87.471001,145.085007,-510.000000,66.000000,1241.000000,-47.000000,309.000000,0.000000
511,1743680388471472,178.000000,-130.000000,135.000000,178.000000,128.000000,360.000000,122.519997,-88.861000,92.365997,122.519997,87.473000,145.082001,-509.000000,82.000000,1249.000000,-36.000000,310.000000,0.000000
511,1743680388475937,178.000000,-130.000000,135.000000,178.000000,128.000000,360.000000,122.522003,-88.863998,92.366997,122.522003,87.474998,145.085007,-493.000000,75.000000,1243.000000,-46.000000,308.000000,0.000000
511,1743680388481420,178.000000,-130.000000,135.000000,178.000000,128.000000,360.000000,122.526001,-88.863998,92.367996,122.522003,87.474998,145.085007,-488.000000,84.000000,1253.000000,-50.000000,304.000000,0.000000
511,1743680388485815,178.000000,-130.000000,135.000000,178.000000,128.000000,360.000000,122.523003,-88.863998,92.370003,122.522003,87.473999,145.085007,-506.000000,75.000000,1254.000000,-47.000000,317.000000,0.000000
511,1743680388491277,178.000000,-130.000000,135.000000,178.000000,128.000000,360.000000,122.525002,-88.866997,92.370003,122.523003,87.474998,145.084000,-500.000000,64.000000,1211.000000,-61.000000,312.000000,0.000000
511,1743680388496782,178.000000,-130.000000,135.000000,178.000000,128.000000,360.000000,122.525002,-88.864998,92.371002,122.523003,87.477997,145.085007,-490.000000,63.000000,1234.000000,-64.000000,317.000000,0.000000
511,1743680388501223,178.000000,-130.000000,135.000000,178.000000,128.000000,360.000000,122.526001,-88.866997,92.371002,122.525002,87.480003,145.080994,-499.000000,70.000000,1184.000000,-60.000000,325.000000,0.000000
511,1743680388506727,178.000000,-130.000000,135.000000,178.000000,128.000000,360.000000,122.528999,-88.867996,92.374001,122.526001,87.480003,145.084000,-498.000000,39.000000,1212.000000,-84.000000,313.000000,0.000000
511,1743680388511122,178.000000,-130.000000,135.000000,178.000000,128.000000,360.000000,122.529999,-88.867996,92.375000,122.527000,87.481003,145.080994,-517.000000,65.000000,1190.000000,-74.000000,321.000000,0.000000
511,1743680388516624,178.000000,-130.000000,135.000000,178.000000,128.000000,360.000000,122.529999,-88.869003,92.377998,122.527000,87.482002,145.082001,-523.000000,52.000000,1179.000000,-73.000000,320.000000,0.000000
511,1743680388521071,178.000000,-130.000000,135.000000,178.000000,128.000000,360.000000,122.533997,-88.871002,92.377998,122.529999,87.482002,145.084000,-511.000000,51.000000,1187.000000,-75.000000,322.000000,0.000000
511,1743680388526546,178.000000,-130.000000,135.000000,178.000000,128.000000,360.000000,122.530998,-88.871002,92.378998,122.530998,87.482002,145.084000,-503.000000,49.000000,1185.000000,-93.000000,326.000000,0.000000
511,1743680388530957,178.000000,-130.000000,135.000000,178.000000,128.000000,360.000000,122.530998,-88.871002,92.378998,122.529999,87.484001,145.082001,-501.000000,51.000000,1167.000000,-78.000000,334.000000,0.000000
511,1743680388536463,178.000000,-130.000000,135.000000,178.000000,128.000000,360.000000,122.533997,-88.873001,92.380997,122.532997,87.482002,145.084000,-500.000000,48.000000,1168.000000,-99.000000,334.000000,0.000000
511,1743680388540846,178.000000,-130.000000,135.000000,178.000000,128.000000,360.000000,122.536003,-88.872002,92.382004,122.533997,87.484001,145.084000,-493.000000,38.000000,1172.000000,-73.000000,343.000000,0.000000
511,1743680388546424,178.000000,-130.000000,135.000000,178.000000,128.000000,360.000000,122.536003,-88.873001,92.382004,122.536003,87.484001,145.084000,-489.000000,43.000000,1175.000000,-89.000000,340.000000,0.000000
511,1743680388550783,178.000000,-130.000000,135.000000,178.000000,128.000000,360.000000,122.536003,-88.875000,92.384003,122.533997,87.484001,145.080994,-492.000000,34.000000,1170.000000,-70.000000,358.000000,0.000000
511,1743680388556358,178.000000,-130.000000,135.000000,178.000000,128.000000,360.000000,122.537003,-88.875000,92.388000,122.536003,87.485001,145.082001,-501.000000,37.000000,1157.000000,-76.000000,344.000000,0.000000
511,1743680388561865,178.000000,-130.000000,135.000000,178.000000,128.000000,360.000000,122.537003,-88.875999,92.386002,122.537003,87.485001,145.082001,-506.000000,25.000000,1162.000000,-61.000000,348.000000,0.000000
511,1743680388566239,178.000000,-130.000000,135.000000,178.000000,128.000000,360.000000,122.538002,-88.875000,92.388000,122.537003,87.486000,145.082001,-497.000000,19.000000,1201.000000,-62.000000,352.000000,0.000000
511,1743680388571760,178.000000,-130.000000,135.000000,178.000000,128.000000,360.000000,122.542000,-88.877998,92.389999,122.538002,87.486000,145.082001,-517.000000,26.000000,1204.000000,-58.000000,351.000000,0.000000
511,1743680388576164,178.000000,-130.000000,135.000000,178.000000,128.000000,360.000000,122.541000,-88.877998,92.388000,122.538002,87.486000,145.084000,-511.000000,34.000000,1179.000000,-47.000000,363.000000,0.000000
511,1743680388581612,178.000000,-130.000000,135.000000,178.000000,128.000000,360.000000,122.541000,-88.878998,92.389999,122.540001,87.487999,145.082001,-538.000000,28.000000,1215.000000,-53.000000,352.000000,0.000000
511,1743680388585972,178.000000,-130.000000,135.000000,178.000000,128.000000,360.000000,122.541000,-88.878998,92.389999,122.540001,87.487999,145.082001,-538.000000,28.000000,1215.000000,-53.000000,352.000000,0.000000
511,1743680388591408,178.000000,-130.000000,135.000000,178.000000,128.000000,360.000000,122.543999,-88.879997,92.391998,122.541000,87.488998,145.082001,-522.000000,24.000000,1215.000000,-45.000000,358.000000,0.000000
511,1743680388596834,178.000000,-130.000000,135.000000,178.000000,128.000000,360.000000,122.543999,-88.879997,92.391998,122.541000,87.488998,145.082001,-522.000000,24.000000,1215.000000,-45.000000,358.000000,0.000000
511,1743680388601248,178.000000,-130.000000,135.000000,178.000000,128.000000,360.000000,122.544998,-88.879997,92.394997,122.541000,87.488998,145.084000,-553.000000,17.000000,1206.000000,-28.000000,357.000000,0.000000
511,1743680388606782,178.000000,-130.000000,135.000000,178.000000,128.000000,360.000000,122.544998,-88.882004,92.396004,122.541000,87.491997,145.084000,-537.000000,15.000000,1185.000000,-34.000000,362.000000,0.000000
511,1743680388611210,178.000000,-130.000000,135.000000,178.000000,128.000000,360.000000,122.546997,-88.883003,92.396004,122.541000,87.490997,145.084000,-551.000000,17.000000,1209.000000,-25.000000,369.000000,0.000000
511,1743680388616706,178.000000,-130.000000,135.000000,178.000000,128.000000,360.000000,122.546997,-88.883003,92.396004,122.541000,87.491997,145.084000,-542.000000,20.000000,1187.000000,-19.000000,376.000000,0.000000
511,1743680388621108,178.000000,-130.000000,135.000000,178.000000,128.000000,360.000000,122.547997,-88.884003,92.399002,122.542000,87.492996,145.082001,-575.000000,10.000000,1195.000000,-14.000000,373.000000,0.000000
511,1743680388626577,178.000000,-130.000000,135.000000,178.000000,128.000000,360.000000,122.549004,-88.887001,92.397003,122.542000,87.495003,145.082001,-578.000000,39.000000,1200.000000,-15.000000,384.000000,0.000000
511,1743680388630924,178.000000,-130.000000,135.000000,178.000000,128.000000,360.000000,122.551003,-88.886002,92.400002,122.542000,87.492996,145.084000,-568.000000,9.000000,1206.000000,-17.000000,386.000000,0.000000
511,1743680388636378,178.000000,-130.000000,135.000000,178.000000,128.000000,360.000000,122.551003,-88.886002,92.400002,122.543999,87.495003,145.084000,-574.000000,11.000000,1213.000000,-13.000000,374.000000,0.000000
511,1743680388640724,178.000000,-130.000000,135.000000,178.000000,128.000000,360.000000,122.553001,-88.887001,92.399002,122.544998,87.495003,145.084000,-570.000000,2.000000,1234.000000,-24.000000,387.000000,0.000000
511,1743680388646231,178.000000,-130.000000,135.000000,178.000000,128.000000,360.000000,122.553001,-88.889000,92.403000,122.546997,87.497002,145.082001,-614.000000,12.000000,1247.000000,-28.000000,381.000000,0.000000
511,1743680388651757,178.000000,-130.000000,135.000000,178.000000,128.000000,360.000000,122.555000,-88.889000,92.403999,122.546997,87.496002,145.084000,-591.000000,12.000000,1227.000000,-46.000000,388.000000,0.000000
511,1743680388656142,178.000000,-130.000000,135.000000,178.000000,128.000000,360.000000,122.555000,-88.889999,92.403000,122.547997,87.497002,145.082001,-607.000000,3.000000,1249.000000,-46.000000,391.000000,0.000000
511,1743680388661674,178.000000,-130.000000,135.000000,178.000000,128.000000,360.000000,122.556000,-88.890999,92.403000,122.547997,87.499001,145.082001,-636.000000,1.000000,1257.000000,-53.000000,388.000000,0.000000
511,1743680388666055,178.000000,-130.000000,135.000000,178.000000,128.000000,360.000000,122.556999,-88.889999,92.403999,122.551003,87.497002,145.082001,-637.000000,-3.000000,1221.000000,-65.000000,393.000000,0.000000
511,1743680388671553,178.000000,-130.000000,135.000000,178.000000,128.000000,360.000000,122.558998,-88.889999,92.407997,122.552002,87.499001,145.084000,-667.000000,-9.000000,1236.000000,-63.000000,396.000000,0.000000
511,1743680388675916,178.000000,-130.000000,135.000000,178.000000,128.000000,360.000000,122.559998,-88.890999,92.406998,122.555000,87.500000,145.080994,-643.000000,-9.000000,1245.000000,-91.000000,389.000000,0.000000
511,1743680388681417,178.000000,-130.000000,135.000000,178.000000,128.000000,360.000000,122.559998,-88.890999,92.406998,122.555000,87.500000,145.082001,-655.000000,-1.000000,1243.000000,-73.000000,398.000000,0.000000
511,1743680388686852,178.000000,-130.000000,135.000000,178.000000,128.000000,360.000000,122.561996,-88.893997,92.410004,122.556000,87.500000,145.084000,-655.000000,-8.000000,1261.000000,-76.000000,402.000000,0.000000
511,1743680388691318,178.000000,-130.000000,135.000000,178.000000,128.000000,360.000000,122.564003,-88.892998,92.410004,122.557999,87.501999,145.078995,-661.000000,-13.000000,1237.000000,-83.000000,398.000000,0.000000
511,1743680388696786,178.000000,-130.000000,135.000000,178.000000,128.000000,360.000000,122.564003,-88.894997,92.410004,122.558998,87.501999,145.084000,-682.000000,-13.000000,1242.000000,-100.000000,402.000000,0.000000
511,1743680388701211,178.000000,-130.000000,135.000000,178.000000,128.000000,360.000000,122.566002,-88.893997,92.411003,122.559998,87.502998,145.080994,-666.000000,-16.000000,1260.000000,-78.000000,385.000000,0.000000
511,1743680388705669,178.000000,-130.000000,135.000000,178.000000,128.000000,360.000000,122.567001,-88.897003,92.412003,122.563004,87.502998,145.082001,-710.000000,-16.000000,1277.000000,-105.000000,406.000000,0.000000
511,1743680388711214,178.000000,-130.000000,135.000000,178.000000,128.000000,360.000000,122.568001,-88.897003,92.414001,122.563004,87.503998,145.082001,-681.000000,-24.000000,1290.000000,-99.000000,414.000000,0.000000
511,1743680388716824,178.000000,-130.000000,135.000000,178.000000,128.000000,360.000000,122.568001,-88.897003,92.414001,122.564003,87.503998,145.084000,-692.000000,-21.000000,1309.000000,-89.000000,399.000000,0.000000
511,1743680388721125,178.000000,-130.000000,135.000000,178.000000,128.000000,360.000000,122.570000,-88.898003,92.412003,122.566002,87.505997,145.084000,-678.000000,-29.000000,1329.000000,-90.000000,405.000000,0.000000
511,1743680388726687,178.000000,-130.000000,135.000000,178.000000,128.000000,360.000000,122.570000,-88.900002,92.415001,122.567001,87.507004,145.084000,-692.000000,-16.000000,1340.000000,-114.000000,417.000000,0.000000
511,1743680388731090,178.000000,-130.000000,135.000000,178.000000,128.000000,360.000000,122.570999,-88.900002,92.414001,122.570000,87.507004,145.082001,-698.000000,-26.000000,1366.000000,-119.000000,404.000000,0.000000
511,1743680388736695,178.000000,-130.000000,135.000000,178.000000,128.000000,360.000000,122.572998,-88.901001,92.416000,122.570000,87.508003,145.082001,-699.000000,-25.000000,1361.000000,-105.000000,411.000000,0.000000
511,1743680388741115,178.000000,-130.000000,135.000000,178.000000,128.000000,360.000000,122.574997,-88.901001,92.416000,122.570999,87.508003,145.080994,-713.000000,-25.000000,1380.000000,-122.000000,404.000000,0.000000
511,1743680388746648,178.000000,-130.000000,135.000000,178.000000,128.000000,360.000000,122.573997,-88.902000,92.415001,122.572998,87.510002,145.082001,-699.000000,-34.000000,1359.000000,-129.000000,414.000000,0.000000
511,1743680388751014,178.000000,-130.000000,135.000000,178.000000,128.000000,360.000000,122.574997,-88.902000,92.418999,122.572998,87.511002,145.082001,-712.000000,-37.000000,1363.000000,-130.000000,411.000000,0.000000
511,1743680388756655,178.000000,-130.000000,135.000000,178.000000,128.000000,360.000000,122.574997,-88.903999,92.417999,122.573997,87.510002,145.084000,-710.000000,-43.000000,1339.000000,-112.000000,414.000000,0.000000
511,1743680388761063,178.000000,-130.000000,135.000000,178.000000,128.000000,360.000000,122.578003,-88.904999,92.418999,122.573997,87.511002,145.085007,-706.000000,-43.000000,1336.000000,-124.000000,415.000000,0.000000
511,1743680388766482,178.000000,-130.000000,135.000000,178.000000,128.000000,360.000000,122.578003,-88.903999,92.421997,122.574997,87.514000,145.084000,-708.000000,-43.000000,1312.000000,-117.000000,419.000000,0.000000
511,1743680388770923,178.000000,-130.000000,135.000000,178.000000,128.000000,360.000000,122.578003,-88.903999,92.421997,122.574997,87.514000,145.084000,-708.000000,-43.000000,1312.000000,-117.000000,419.000000,0.000000
511,1743680388776450,178.000000,-130.000000,135.000000,178.000000,128.000000,360.000000,122.578003,-88.904999,92.420998,122.577003,87.512001,145.082001,-711.000000,-44.000000,1343.000000,-100.000000,420.000000,0.000000
511,1743680388780817,178.000000,-130.000000,135.000000,178.000000,128.000000,360.000000,122.579002,-88.905998,92.425003,122.580002,87.514000,145.082001,-694.000000,-46.000000,1316.000000,-113.000000,414.000000,0.000000
511,1743680388786371,178.000000,-130.000000,135.000000,178.000000,128.000000,360.000000,122.579002,-88.905998,92.425003,122.580002,87.514000,145.082001,-694.000000,-46.000000,1316.000000,-113.000000,414.000000,0.000000
511,1743680388790776,178.000000,-130.000000,135.000000,178.000000,128.000000,360.000000,122.581001,-88.905998,92.425003,122.580002,87.514999,145.084000,-689.000000,-49.000000,1326.000000,-108.000000,416.000000,0.000000
511,1743680388796210,178.000000,-130.000000,135.000000,178.000000,128.000000,360.000000,122.581001,-88.908997,92.425003,122.580002,87.516998,145.084000,-679.000000,-47.000000,1319.000000,-116.000000,419.000000,0.000000
511,1743680388801749,178.000000,-130.000000,135.000000,178.000000,128.000000,360.000000,122.581001,-88.908997,92.427002,122.581001,87.517998,145.084000,-695.000000,-59.000000,1331.000000,-101.000000,424.000000,0.000000
511,1743680388806190,178.000000,-130.000000,135.000000,178.000000,128.000000,360.000000,122.581001,-88.908997,92.429001,122.582001,87.518997,145.080994,-686.000000,-56.000000,1320.000000,-107.000000,410.000000,0.000000
511,1743680388811666,178.000000,-130.000000,135.000000,178.000000,128.000000,360.000000,122.584999,-88.908997,92.429001,122.582001,87.517998,145.082001,-697.000000,-65.000000,1312.000000,-100.000000,412.000000,0.000000
511,1743680388816065,178.000000,-130.000000,135.000000,178.000000,128.000000,360.000000,122.585999,-88.911003,92.430000,122.584000,87.518997,145.084000,-707.000000,-68.000000,1321.000000,-96.000000,414.000000,0.000000
511,1743680388821529,178.000000,-130.000000,135.000000,178.000000,128.000000,360.000000,122.585999,-88.913002,92.431999,122.584000,87.521004,145.082001,-707.000000,-77.000000,1304.000000,-100.000000,419.000000,0.000000
511,1743680388825840,178.000000,-130.000000,135.000000,178.000000,128.000000,360.000000,122.587997,-88.912003,92.430000,122.584999,87.525002,145.084000,-722.000000,-71.000000,1309.000000,-95.000000,418.000000,0.000000
511,1743680388831348,178.000000,-130.000000,135.000000,178.000000,128.000000,360.000000,122.588997,-88.912003,92.431999,122.584999,87.526001,145.084000,-711.000000,-80.000000,1317.000000,-94.000000,413.000000,0.000000
511,1743680388835715,178.000000,-130.000000,135.000000,178.000000,128.000000,360.000000,122.589996,-88.915001,92.431999,122.585999,87.525002,145.082001,-720.000000,-67.000000,1311.000000,-82.000000,426.000000,0.000000
511,1743680388841267,178.000000,-130.000000,135.000000,178.000000,128.000000,360.000000,122.589996,-88.915001,92.430000,122.587997,87.525002,145.082001,-697.000000,-76.000000,1297.000000,-81.000000,420.000000,0.000000
511,1743680388846713,178.000000,-130.000000,135.000000,178.000000,128.000000,360.000000,122.592003,-88.915001,92.431999,122.588997,87.526001,145.082001,-684.000000,-82.000000,1307.000000,-85.000000,423.000000,0.000000
511,1743680388851142,178.000000,-130.000000,135.000000,178.000000,128.000000,360.000000,122.592003,-88.915001,92.431999,122.589996,87.528000,145.082001,-699.000000,-83.000000,1307.000000,-93.000000,420.000000,0.000000
511,1743680388856687,178.000000,-130.000000,135.000000,178.000000,128.000000,360.000000,122.592003,-88.916000,92.431999,122.589996,87.528000,145.084000,-673.000000,-72.000000,1313.000000,-90.000000,414.000000,0.000000
511,1743680388861098,178.000000,-130.000000,135.000000,178.000000,128.000000,360.000000,122.593002,-88.917000,92.431999,122.589996,87.528999,145.082001,-692.000000,-88.000000,1309.000000,-85.000000,407.000000,0.000000
511,1743680388866593,178.000000,-130.000000,135.000000,178.000000,128.000000,360.000000,122.593002,-88.917000,92.431999,122.592003,87.529999,145.084000,-678.000000,-78.000000,1302.000000,-85.000000,403.000000,0.000000
511,1743680388870978,178.000000,-130.000000,135.000000,178.000000,128.000000,360.000000,122.593002,-88.919998,92.432999,122.592003,87.531998,145.082001,-671.000000,-84.000000,1308.000000,-70.000000,390.000000,0.000000
511,1743680388876513,178.000000,-130.000000,135.000000,178.000000,128.000000,360.000000,122.593002,-88.919998,92.432999,122.593002,87.531998,145.084000,-661.000000,-78.000000,1306.000000,-71.000000,413.000000,0.000000
511,1743680388880823,178.000000,-130.000000,135.000000,178.000000,128.000000,360.000000,122.595001,-88.919998,92.430000,122.593002,87.536003,145.084000,-652.000000,-80.000000,1308.000000,-78.000000,408.000000,0.000000
511,1743680388886341,178.000000,-130.000000,135.000000,178.000000,128.000000,360.000000,122.596001,-88.920998,92.430000,122.595001,87.536003,145.082001,-649.000000,-82.000000,1300.000000,-76.000000,378.000000,0.000000
511,1743680388890738,178.000000,-130.000000,135.000000,178.000000,128.000000,360.000000,122.595001,-88.922997,92.431999,122.595001,87.536003,145.084000,-649.000000,-88.000000,1306.000000,-67.000000,390.000000,0.000000
511,1743680388896250,178.000000,-130.000000,135.000000,178.000000,128.000000,360.000000,122.596001,-88.922997,92.431999,122.596001,87.536003,145.082001,-634.000000,-91.000000,1289.000000,-64.000000,393.000000,0.000000
511,1743680388901767,178.000000,-130.000000,135.000000,178.000000,128.000000,360.000000,122.598999,-88.922997,92.431999,122.596001,87.539001,145.084000,-634.000000,-95.000000,1304.000000,-68.000000,391.000000,0.000000
511,1743680388906135,178.000000,-130.000000,135.000000,178.000000,128.000000,360.000000,122.597000,-88.924004,92.432999,122.597000,87.540001,145.082001,-633.000000,-95.000000,1303.000000,-56.000000,384.000000,0.000000
511,1743680388911583,178.000000,-130.000000,135.000000,178.000000,128.000000,360.000000,122.597000,-88.924004,92.432999,122.596001,87.541000,145.084000,-632.000000,-96.000000,1303.000000,-56.000000,365.000000,0.000000
511,1743680388916017,178.000000,-130.000000,135.000000,178.000000,128.000000,360.000000,122.599998,-88.926003,92.431999,122.598999,87.541000,145.082001,-621.000000,-107.000000,1297.000000,-46.000000,378.000000,0.000000
511,1743680388921578,178.000000,-130.000000,135.000000,178.000000,128.000000,360.000000,122.600998,-88.927002,92.431999,122.598999,87.541000,145.084000,-613.000000,-97.000000,1302.000000,-53.000000,375.000000,0.000000
511,1743680388925901,178.000000,-130.000000,135.000000,178.000000,128.000000,360.000000,122.599998,-88.927002,92.431999,122.598999,87.542999,145.084000,-610.000000,-112.000000,1301.000000,-49.000000,366.000000,0.000000
511,1743680388931397,178.000000,-130.000000,135.000000,178.000000,128.000000,360.000000,122.600998,-88.928001,92.432999,122.599998,87.543999,145.085007,-605.000000,-102.000000,1295.000000,-46.000000,367.000000,0.000000
511,1743680388935753,178.000000,-130.000000,135.000000,178.000000,128.000000,360.000000,122.600998,-88.930000,92.431999,122.599998,87.544998,145.082001,-598.000000,-96.000000,1297.000000,-50.000000,350.000000,0.000000
511,1743680388941364,178.000000,-130.000000,135.000000,178.000000,128.000000,360.000000,122.602997,-88.930000,92.431999,122.599998,87.546997,145.084000,-603.000000,-98.000000,1301.000000,-38.000000,365.000000,0.000000
511,1743680388946814,178.000000,-130.000000,135.000000,178.000000,128.000000,360.000000,122.602997,-88.930000,92.431999,122.599998,87.546997,145.084000,-603.000000,-98.000000,1301.000000,-38.000000,365.000000,0.000000
511,1743680388951265,178.000000,-130.000000,135.000000,178.000000,128.000000,360.000000,122.603996,-88.931999,92.431999,122.600998,87.546997,145.082001,-606.000000,-113.000000,1306.000000,-31.000000,359.000000,0.000000
511,1743680388956754,178.000000,-130.000000,135.000000,178.000000,128.000000,360.000000,122.603996,-88.931999,92.431999,122.600998,87.546997,145.082001,-606.000000,-113.000000,1306.000000,-31.000000,359.000000,0.000000
511,1743680388961176,178.000000,-130.000000,135.000000,178.000000,128.000000,360.000000,122.603996,-88.931000,92.431999,122.603996,87.547997,145.082001,-608.000000,-109.000000,1301.000000,-28.000000,350.000000,0.000000
511,1743680388966664,178.000000,-130.000000,135.000000,178.000000,128.000000,360.000000,122.607002,-88.931999,92.432999,122.603996,87.547997,145.084000,-576.000000,-107.000000,1304.000000,-20.000000,352.000000,0.000000
511,1743680388971076,178.000000,-130.000000,135.000000,178.000000,128.000000,360.000000,122.608002,-88.933998,92.431999,122.603996,87.547997,145.084000,-596.000000,-112.000000,1299.000000,-25.000000,347.000000,0.000000
511,1743680388976638,178.000000,-130.000000,135.000000,178.000000,128.000000,360.000000,122.608002,-88.934998,92.432999,122.606003,87.547997,145.085007,-563.000000,-98.000000,1303.000000,-15.000000,337.000000,0.000000
511,1743680388981059,178.000000,-130.000000,135.000000,178.000000,128.000000,360.000000,122.608002,-88.934998,92.432999,122.606003,87.550003,145.082001,-566.000000,-101.000000,1304.000000,-10.000000,340.000000,0.000000
511,1743680388986509,178.000000,-130.000000,135.000000,178.000000,128.000000,360.000000,122.608002,-88.936996,92.432999,122.603996,87.551003,145.084000,-552.000000,-95.000000,1304.000000,-22.000000,343.000000,0.000000
511,1743680388990890,178.000000,-130.000000,135.000000,178.000000,128.000000,360.000000,122.610001,-88.938004,92.432999,122.606003,87.552002,145.084000,-559.000000,-93.000000,1304.000000,-2.000000,304.000000,0.000000
511,1743680388996386,178.000000,-130.000000,135.000000,178.000000,128.000000,360.000000,122.610001,-88.936996,92.431999,122.606003,87.552002,145.084000,-548.000000,-95.000000,1300.000000,-7.000000,310.000000,0.000000
511,1743680389001903,178.000000,-130.000000,135.000000,178.000000,128.000000,360.000000,122.610001,-88.939003,92.431999,122.607002,87.552002,145.082001,-550.000000,-80.000000,1304.000000,-3.000000,299.000000,0.000000
511,1743680389006422,178.000000,-130.000000,135.000000,178.000000,128.000000,360.000000,122.611000,-88.939003,92.432999,122.608002,87.552002,145.082001,-545.000000,-78.000000,1300.000000,-4.000000,295.000000,0.000000
511,1743680389010843,178.000000,-130.000000,135.000000,178.000000,128.000000,360.000000,122.611000,-88.942001,92.432999,122.608002,87.552002,145.084000,-527.000000,-83.000000,1296.000000,4.000000,296.000000,0.000000
511,1743680389016361,178.000000,-130.000000,135.000000,178.000000,128.000000,360.000000,122.612000,-88.941002,92.432999,122.608002,87.552002,145.084000,-539.000000,-83.000000,1301.000000,8.000000,284.000000,0.000000
511,1743680389020720,178.000000,-130.000000,135.000000,178.000000,128.000000,360.000000,122.612000,-88.941002,92.432999,122.610001,87.554001,145.084000,-518.000000,-84.000000,1301.000000,0.000000,279.000000,0.000000
511,1743680389026236,178.000000,-130.000000,135.000000,178.000000,128.000000,360.000000,122.613998,-88.941002,92.432999,122.610001,87.554001,145.082001,-523.000000,-81.000000,1303.000000,15.000000,273.000000,0.000000
511,1743680389031707,178.000000,-130.000000,135.000000,178.000000,128.000000,360.000000,122.616997,-88.941002,92.432999,122.610001,87.554001,145.082001,-521.000000,-69.000000,1305.000000,9.000000,273.000000,0.000000
511,1743680389036153,178.000000,-130.000000,135.000000,178.000000,128.000000,360.000000,122.614998,-88.941002,92.433998,122.611000,87.554001,145.084000,-508.000000,-80.000000,1301.000000,11.000000,271.000000,0.000000
511,1743680389041627,178.000000,-130.000000,135.000000,178.000000,128.000000,360.000000,122.616997,-88.941002,92.432999,122.611000,87.554001,145.082001,-503.000000,-74.000000,1287.000000,15.000000,263.000000,0.000000
511,1743680389046001,178.000000,-130.000000,135.000000,178.000000,128.000000,360.000000,122.616997,-88.943001,92.432999,122.612000,87.554001,145.082001,-531.000000,-74.000000,1303.000000,16.000000,252.000000,0.000000
511,1743680389051513,178.000000,-130.000000,135.000000,178.000000,128.000000,360.000000,122.617996,-88.943001,92.432999,122.612000,87.554001,145.082001,-519.000000,-70.000000,1288.000000,22.000000,246.000000,0.000000
511,1743680389055923,178.000000,-130.000000,135.000000,178.000000,128.000000,360.000000,122.617996,-88.943001,92.433998,122.612000,87.552002,145.084000,-524.000000,-76.000000,1296.000000,21.000000,252.000000,0.000000
511,1743680389061412,178.000000,-130.000000,135.000000,178.000000,128.000000,360.000000,122.616997,-88.942001,92.433998,122.614998,87.552002,145.082001,-536.000000,-74.000000,1294.000000,23.000000,240.000000,0.000000
511,1743680389065830,178.000000,-130.000000,135.000000,178.000000,128.000000,360.000000,122.617996,-88.942001,92.432999,122.613998,87.552002,145.084000,-535.000000,-76.000000,1279.000000,24.000000,237.000000,0.000000
511,1743680389071366,178.000000,-130.000000,135.000000,178.000000,128.000000,360.000000,122.616997,-88.943001,92.432999,122.614998,87.554001,145.084000,-535.000000,-73.000000,1274.000000,30.000000,232.000000,0.000000
511,1743680389075708,178.000000,-130.000000,135.000000,178.000000,128.000000,360.000000,122.617996,-88.942001,92.432999,122.616997,87.554001,145.080994,-529.000000,-75.000000,1291.000000,8.000000,227.000000,0.000000
511,1743680389081239,178.000000,-130.000000,135.000000,178.000000,128.000000,360.000000,122.617996,-88.942001,92.432999,122.616997,87.554001,145.080994,-529.000000,-75.000000,1291.000000,8.000000,227.000000,0.000000
511,1743680389086733,178.000000,-130.000000,135.000000,178.000000,128.000000,360.000000,122.617996,-88.942001,92.432999,122.614998,87.552002,145.082001,-528.000000,-76.000000,1292.000000,17.000000,220.000000,0.000000
511,1743680389091106,178.000000,-130.000000,135.000000,178.000000,128.000000,360.000000,122.617996,-88.942001,92.432999,122.616997,87.554001,145.082001,-533.000000,-79.000000,1282.000000,33.000000,222.000000,0.000000
511,1743680389096654,178.000000,-130.000000,135.000000,178.000000,128.000000,360.000000,122.617996,-88.942001,92.433998,122.616997,87.554001,145.082001,-527.000000,-76.000000,1280.000000,21.000000,210.000000,0.000000
511,1743680389101071,178.000000,-130.000000,135.000000,178.000000,128.000000,360.000000,122.617996,-88.942001,92.433998,122.616997,87.554001,145.082001,-529.000000,-79.000000,1280.000000,18.000000,207.000000,0.000000
511,1743680389106527,178.000000,-130.000000,135.000000,178.000000,128.000000,360.000000,122.617996,-88.943001,92.433998,122.617996,87.554001,145.084000,-529.000000,-72.000000,1287.000000,18.000000,194.000000,0.000000
511,1743680389110890,178.000000,-130.000000,135.000000,178.000000,128.000000,360.000000,122.617996,-88.942001,92.433998,122.617996,87.554001,145.084000,-544.000000,-74.000000,1280.000000,18.000000,194.000000,0.000000
511,1743680389116402,178.000000,-130.000000,135.000000,178.000000,128.000000,360.000000,122.619003,-88.943001,92.433998,122.616997,87.554001,145.084000,-534.000000,-76.000000,1287.000000,22.000000,188.000000,0.000000
511,1743680389121795,178.000000,-130.000000,135.000000,178.000000,128.000000,360.000000,122.619003,-88.943001,92.432999,122.617996,87.554001,145.084000,-531.000000,-74.000000,1279.000000,20.000000,186.000000,0.000000
511,1743680389126140,178.000000,-130.000000,135.000000,178.000000,128.000000,360.000000,122.617996,-88.943001,92.433998,122.617996,87.552002,145.085007,-541.000000,-75.000000,1272.000000,19.000000,186.000000,0.000000
511,1743680389131623,178.000000,-130.000000,135.000000,178.000000,128.000000,360.000000,122.617996,-88.943001,92.433998,122.617996,87.554001,145.082001,-537.000000,-75.000000,1284.000000,18.000000,169.000000,0.000000
511,1743680389135981,178.000000,-130.000000,135.000000,178.000000,128.000000,360.000000,122.619003,-88.942001,92.433998,122.616997,87.552002,145.084000,-545.000000,-79.000000,1282.000000,14.000000,172.000000,0.000000
511,1743680389141521,178.000000,-130.000000,135.000000,178.000000,128.000000,360.000000,122.619003,-88.942001,92.433998,122.616997,87.552002,145.082001,-538.000000,-70.000000,1280.000000,20.000000,174.000000,0.000000
511,1743680389145923,178.000000,-130.000000,135.000000,178.000000,128.000000,360.000000,122.619003,-88.943001,92.432999,122.617996,87.554001,145.085007,-541.000000,-73.000000,1279.000000,19.000000,171.000000,0.000000
511,1743680389151386,178.000000,-130.000000,135.000000,178.000000,128.000000,360.000000,122.619003,-88.943001,92.433998,122.617996,87.554001,145.082001,-551.000000,-73.000000,1266.000000,17.000000,160.000000,0.000000
511,1743680389155739,178.000000,-130.000000,135.000000,178.000000,128.000000,360.000000,122.619003,-88.942001,92.432999,122.616997,87.552002,145.082001,-552.000000,-73.000000,1270.000000,22.000000,149.000000,0.000000
511,1743680389161161,178.000000,-130.000000,135.000000,178.000000,128.000000,360.000000,122.619003,-88.943001,92.432999,122.617996,87.554001,145.084000,-543.000000,-72.000000,1289.000000,20.000000,147.000000,0.000000
511,1743680389166585,178.000000,-130.000000,135.000000,178.000000,128.000000,360.000000,122.619003,-88.942001,92.435997,122.619003,87.554001,145.084000,-545.000000,-70.000000,1273.000000,21.000000,140.000000,0.000000
511,1743680389171044,178.000000,-130.000000,135.000000,178.000000,128.000000,360.000000,122.619003,-88.942001,92.433998,122.617996,87.554001,145.084000,-540.000000,-70.000000,1273.000000,22.000000,140.000000,0.000000
511,1743680389176621,178.000000,-130.000000,135.000000,178.000000,128.000000,360.000000,122.619003,-88.943001,92.432999,122.617996,87.554001,145.082001,-544.000000,-72.000000,1283.000000,22.000000,144.000000,0.000000
511,1743680389181012,178.000000,-130.000000,135.000000,178.000000,128.000000,360.000000,122.619003,-88.943001,92.433998,122.617996,87.552002,145.084000,-536.000000,-70.000000,1263.000000,13.000000,133.000000,0.000000
511,1743680389186526,178.000000,-130.000000,135.000000,178.000000,128.000000,360.000000,122.619003,-88.943001,92.433998,122.617996,87.554001,145.084000,-544.000000,-80.000000,1277.000000,13.000000,128.000000,0.000000
511,1743680389190841,178.000000,-130.000000,135.000000,178.000000,128.000000,360.000000,122.619003,-88.943001,92.433998,122.617996,87.554001,145.084000,-547.000000,-72.000000,1274.000000,17.000000,107.000000,0.000000
511,1743680389196442,178.000000,-130.000000,135.000000,178.000000,128.000000,360.000000,122.619003,-88.942001,92.433998,122.617996,87.554001,145.082001,-545.000000,-68.000000,1276.000000,17.000000,114.000000,0.000000
511,1743680389200802,178.000000,-130.000000,135.000000,178.000000,128.000000,360.000000,122.619003,-88.945000,92.433998,122.617996,87.554001,145.080994,-548.000000,-72.000000,1272.000000,18.000000,117.000000,0.000000
511,1743680389206405,178.000000,-130.000000,135.000000,178.000000,128.000000,360.000000,122.617996,-88.943001,92.433998,122.617996,87.555000,145.082001,-546.000000,-68.000000,1268.000000,19.000000,116.000000,0.000000
511,1743680389210787,178.000000,-130.000000,135.000000,178.000000,128.000000,360.000000,122.619003,-88.942001,92.433998,122.617996,87.554001,145.084000,-541.000000,-70.000000,1274.000000,19.000000,94.000000,0.000000
511,1743680389216358,178.000000,-130.000000,135.000000,178.000000,128.000000,360.000000,122.616997,-88.942001,92.433998,122.616997,87.552002,145.084000,-554.000000,-67.000000,1264.000000,20.000000,96.000000,0.000000
511,1743680389221858,178.000000,-130.000000,135.000000,178.000000,128.000000,360.000000,122.616997,-88.942001,92.433998,122.616997,87.552002,145.084000,-554.000000,-67.000000,1264.000000,20.000000,96.000000,0.000000
511,1743680389226281,178.000000,-130.000000,135.000000,178.000000,128.000000,360.000000,122.617996,-88.943001,92.433998,122.617996,87.554001,145.084000,-547.000000,-70.000000,1250.000000,14.000000,85.000000,0.000000
511,1743680389231775,178.000000,-130.000000,135.000000,178.000000,128.000000,360.000000,122.619003,-88.943001,92.432999,122.617996,87.554001,145.084000,-543.000000,-69.000000,1246.000000,18.000000,80.000000,0.000000
511,1743680389236229,178.000000,-130.000000,135.000000,178.000000,128.000000,360.000000,122.619003,-88.943001,92.432999,122.617996,87.554001,145.084000,-543.000000,-69.000000,1246.000000,18.000000,80.000000,0.000000
511,1743680389241766,178.000000,-130.000000,135.000000,178.000000,128.000000,360.000000,122.619003,-88.945000,92.433998,122.617996,87.552002,145.085999,-545.000000,-70.000000,1247.000000,17.000000,75.000000,0.000000
511,1743680389246207,178.000000,-130.000000,135.000000,178.000000,128.000000,360.000000,122.619003,-88.945000,92.435997,122.617996,87.554001,145.082001,-547.000000,-68.000000,1235.000000,12.000000,71.000000,0.000000
511,1743680389251715,178.000000,-130.000000,135.000000,178.000000,128.000000,360.000000,122.619003,-88.945000,92.435997,122.617996,87.554001,145.082001,-547.000000,-68.000000,1235.000000,12.000000,71.000000,0.000000
511,1743680389256081,178.000000,-130.000000,135.000000,178.000000,128.000000,360.000000,122.619003,-88.943001,92.433998,122.619003,87.554001,145.082001,-539.000000,-72.000000,1241.000000,15.000000,69.000000,0.000000
511,1743680389261594,178.000000,-130.000000,135.000000,178.000000,128.000000,360.000000,122.619003,-88.945000,92.433998,122.619003,87.554001,145.084000,-549.000000,-70.000000,1258.000000,15.000000,56.000000,0.000000
511,1743680389265987,178.000000,-130.000000,135.000000,178.000000,128.000000,360.000000,122.617996,-88.943001,92.433998,122.617996,87.554001,145.084000,-549.000000,-70.000000,1253.000000,15.000000,56.000000,0.000000
511,1743680389271498,178.000000,-130.000000,135.000000,178.000000,128.000000,360.000000,122.619003,-88.943001,92.432999,122.617996,87.554001,145.082001,-551.000000,-73.000000,1253.000000,14.000000,50.000000,0.000000
511,1743680389275913,178.000000,-130.000000,135.000000,178.000000,128.000000,360.000000,122.619003,-88.945000,92.433998,122.617996,87.554001,145.082001,-547.000000,-72.000000,1262.000000,10.000000,42.000000,0.000000
511,1743680389281353,178.000000,-130.000000,135.000000,178.000000,128.000000,360.000000,122.617996,-88.945000,92.433998,122.617996,87.554001,145.082001,-547.000000,-71.000000,1249.000000,11.000000,37.000000,0.000000
511,1743680389286837,178.000000,-130.000000,135.000000,178.000000,128.000000,360.000000,122.619003,-88.945000,92.433998,122.617996,87.552002,145.082001,-549.000000,-67.000000,1237.000000,9.000000,39.000000,0.000000
511,1743680389291264,178.000000,-130.000000,135.000000,178.000000,128.000000,360.000000,122.619003,-88.943001,92.433998,122.619003,87.554001,145.082001,-540.000000,-69.000000,1244.000000,15.000000,38.000000,0.000000
511,1743680389296751,178.000000,-130.000000,135.000000,178.000000,128.000000,360.000000,122.621002,-88.945000,92.433998,122.619003,87.554001,145.082001,-551.000000,-71.000000,1233.000000,15.000000,24.000000,0.000000
511,1743680389301137,178.000000,-130.000000,135.000000,178.000000,128.000000,360.000000,122.619003,-88.945000,92.433998,122.617996,87.552002,145.084000,-552.000000,-65.000000,1245.000000,14.000000,25.000000,0.000000
511,1743680389306571,178.000000,-130.000000,135.000000,178.000000,128.000000,360.000000,122.619003,-88.943001,92.433998,122.619003,87.554001,145.082001,-555.000000,-67.000000,1244.000000,16.000000,15.000000,0.000000
511,1743680389310955,178.000000,-130.000000,135.000000,178.000000,128.000000,360.000000,122.619003,-88.943001,92.435997,122.617996,87.554001,145.084000,-545.000000,-67.000000,1231.000000,19.000000,13.000000,0.000000
511,1743680389316464,178.000000,-130.000000,135.000000,178.000000,128.000000,360.000000,122.619003,-88.943001,92.432999,122.619003,87.552002,145.082001,-548.000000,-62.000000,1227.000000,10.000000,6.000000,0.000000
511,1743680389320801,178.000000,-130.000000,135.000000,178.000000,128.000000,360.000000,122.619003,-88.943001,92.433998,122.619003,87.552002,145.082001,-555.000000,-68.000000,1227.000000,16.000000,4.000000,0.000000
511,1743680389326302,178.000000,-130.000000,135.000000,178.000000,128.000000,360.000000,122.621002,-88.945000,92.433998,122.617996,87.552002,145.082001,-551.000000,-68.000000,1224.000000,20.000000,4.000000,0.000000
511,1743680389331841,178.000000,-130.000000,135.000000,178.000000,128.000000,360.000000,122.619003,-88.945000,92.433998,122.617996,87.554001,145.084000,-551.000000,-68.000000,1202.000000,11.000000,-2.000000,0.000000
511,1743680389336224,178.000000,-130.000000,135.000000,178.000000,128.000000,360.000000,122.619003,-88.945999,92.433998,122.619003,87.552002,145.082001,-551.000000,-64.000000,1224.000000,17.000000,-5.000000,0.000000
511,1743680389341719,178.000000,-130.000000,135.000000,178.000000,128.000000,360.000000,122.619003,-88.945000,92.432999,122.617996,87.552002,145.084000,-555.000000,-56.000000,1225.000000,13.000000,-6.000000,0.000000
511,1743680389346135,178.000000,-130.000000,135.000000,178.000000,128.000000,360.000000,122.621002,-88.945000,92.433998,122.619003,87.552002,145.082001,-563.000000,-60.000000,1231.000000,15.000000,-18.000000,0.000000
511,1743680389351596,178.000000,-130.000000,135.000000,178.000000,128.000000,360.000000,122.619003,-88.945000,92.433998,122.617996,87.552002,145.082001,-565.000000,-63.000000,1191.000000,11.000000,-11.000000,0.000000
511,1743680389356017,178.000000,-130.000000,135.000000,178.000000,128.000000,360.000000,122.619003,-88.945000,92.433998,122.617996,87.551003,145.082001,-553.000000,-42.000000,1199.000000,15.000000,-5.000000,0.000000
511,1743680389361495,178.000000,-130.000000,135.000000,178.000000,128.000000,360.000000,122.619003,-88.943001,92.433998,122.617996,87.552002,145.082001,-557.000000,-54.000000,1217.000000,15.000000,-2.000000,0.000000
511,1743680389365874,178.000000,-130.000000,135.000000,178.000000,128.000000,360.000000,122.617996,-88.943001,92.433998,122.619003,87.552002,145.084000,-557.000000,-54.000000,1195.000000,13.000000,0.000000,0.000000
511,1743680389371440,178.000000,-130.000000,135.000000,178.000000,128.000000,360.000000,122.617996,-88.945000,92.432999,122.619003,87.552002,145.082001,-552.000000,-43.000000,1201.000000,11.000000,-3.000000,0.000000
511,1743680389375797,178.000000,-130.000000,135.000000,178.000000,128.000000,360.000000,122.619003,-88.945000,92.433998,122.617996,87.552002,145.080994,-563.000000,-48.000000,1209.000000,15.000000,-13.000000,0.000000
511,1743680389381293,178.000000,-130.000000,135.000000,178.000000,128.000000,360.000000,122.617996,-88.945000,92.433998,122.619003,87.551003,145.084000,-551.000000,-33.000000,1211.000000,16.000000,-15.000000,0.000000
511,1743680389386793,178.000000,-130.000000,135.000000,178.000000,128.000000,360.000000,122.621002,-88.945000,92.433998,122.617996,87.551003,145.084000,-548.000000,-33.000000,1186.000000,19.000000,0.000000,0.000000
511,1743680389391202,178.000000,-130.000000,135.000000,178.000000,128.000000,360.000000,122.619003,-88.945000,92.433998,122.619003,87.551003,145.082001,-555.000000,-26.000000,1200.000000,12.000000,-8.000000,0.000000
511,1743680389396673,178.000000,-130.000000,135.000000,178.000000,128.000000,360.000000,122.617996,-88.943001,92.433998,122.619003,87.551003,145.082001,-557.000000,-28.000000,1175.000000,12.000000,-13.000000,0.000000
511,1743680389401105,178.000000,-130.000000,135.000000,178.000000,128.000000,360.000000,122.619003,-88.945000,92.433998,122.619003,87.551003,145.080994,-561.000000,-23.000000,1202.000000,10.000000,0.000000,0.000000
511,1743680389406585,178.000000,-130.000000,135.000000,178.000000,128.000000,360.000000,122.617996,-88.943001,92.432999,122.619003,87.550003,145.084000,-566.000000,-29.000000,1210.000000,13.000000,-6.000000,0.000000
511,1743680389410908,178.000000,-130.000000,135.000000,178.000000,128.000000,360.000000,122.621002,-88.945000,92.433998,122.621002,87.552002,145.084000,-561.000000,-27.000000,1170.000000,14.000000,-4.000000,0.000000
511,1743680389416415,178.000000,-130.000000,135.000000,178.000000,128.000000,360.000000,122.617996,-88.945000,92.432999,122.619003,87.551003,145.085007,-561.000000,-28.000000,1181.000000,15.000000,-9.000000,0.000000
511,1743680389420792,178.000000,-130.000000,135.000000,178.000000,128.000000,360.000000,122.619003,-88.945000,92.433998,122.619003,87.550003,145.082001,-563.000000,-25.000000,1191.000000,13.000000,-3.000000,0.000000
511,1743680389426355,178.000000,-130.000000,135.000000,178.000000,128.000000,360.000000,122.619003,-88.945000,92.433998,122.621002,87.551003,145.084000,-560.000000,-17.000000,1179.000000,15.000000,-6.000000,0.000000
511,1743680389431846,178.000000,-130.000000,135.000000,178.000000,128.000000,360.000000,122.621002,-88.945999,92.432999,122.621002,87.550003,145.082001,-569.000000,-16.000000,1190.000000,9.000000,0.000000,0.000000
511,1743680389436278,178.000000,-130.000000,135.000000,178.000000,128.000000,360.000000,122.621002,-88.945999,92.432999,122.621002,87.550003,145.082001,-569.000000,-16.000000,1190.000000,9.000000,0.000000,0.000000
511,1743680389441759,178.000000,-130.000000,135.000000,178.000000,128.000000,360.000000,122.619003,-88.945000,92.432999,122.621002,87.550003,145.082001,-569.000000,-12.000000,1138.000000,14.000000,-3.000000,0.000000
511,1743680389446171,178.000000,-130.000000,135.000000,178.000000,128.000000,360.000000,122.619003,-88.945000,92.432999,122.621002,87.550003,145.084000,-563.000000,-10.000000,1169.000000,9.000000,-8.000000,0.000000
511,1743680389451664,178.000000,-130.000000,135.000000,178.000000,128.000000,360.000000,122.619003,-88.945000,92.432999,122.621002,87.550003,145.084000,-563.000000,-10.000000,1169.000000,9.000000,-8.000000,0.000000
511,1743680389456022,178.000000,-130.000000,135.000000,178.000000,128.000000,360.000000,122.619003,-88.945999,92.433998,122.619003,87.550003,145.082001,-577.000000,-13.000000,1190.000000,12.000000,-8.000000,0.000000
511,1743680389461506,178.000000,-130.000000,135.000000,178.000000,128.000000,360.000000,122.619003,-88.945000,92.433998,122.619003,87.551003,145.082001,-571.000000,-9.000000,1154.000000,14.000000,-2.000000,0.000000
511,1743680389465859,178.000000,-130.000000,135.000000,178.000000,128.000000,360.000000,122.617996,-88.945999,92.436996,122.621002,87.550003,145.084000,-570.000000,2.000000,1167.000000,10.000000,2.000000,0.000000
511,1743680389471335,178.000000,-130.000000,135.000000,178.000000,128.000000,360.000000,122.619003,-88.945000,92.433998,122.621002,87.550003,145.082001,-571.000000,8.000000,1141.000000,11.000000,-6.000000,0.000000
511,1743680389476882,178.000000,-130.000000,135.000000,178.000000,128.000000,360.000000,122.619003,-88.945000,92.435997,122.621002,87.551003,145.082001,-576.000000,4.000000,1151.000000,12.000000,-2.000000,0.000000
511,1743680389481313,178.000000,-130.000000,135.000000,178.000000,128.000000,360.000000,122.621002,-88.945000,92.433998,122.619003,87.547997,145.084000,-578.000000,3.000000,1140.000000,15.000000,-2.000000,0.000000
511,1743680389486823,178.000000,-130.000000,135.000000,178.000000,128.000000,360.000000,122.619003,-88.943001,92.433998,122.619003,87.550003,145.082001,-580.000000,10.000000,1161.000000,13.000000,-19.000000,0.000000
511,1743680389491223,178.000000,-130.000000,135.000000,178.000000,128.000000,360.000000,122.619003,-88.943001,92.433998,122.621002,87.550003,145.082001,-584.000000,6.000000,1160.000000,9.000000,-7.000000,0.000000
511,1743680389496785,178.000000,-130.000000,135.000000,178.000000,128.000000,360.000000,122.619003,-88.945000,92.433998,122.619003,87.551003,145.082001,-581.000000,8.000000,1131.000000,12.000000,-4.000000,0.000000
511,1743680389501279,178.000000,-130.000000,135.000000,178.000000,128.000000,360.000000,122.619003,-88.943001,92.435997,122.621002,87.550003,145.082001,-584.000000,9.000000,1126.000000,12.000000,-5.000000,0.000000
511,1743680389505716,178.000000,-130.000000,135.000000,178.000000,128.000000,360.000000,122.619003,-88.945000,92.435997,122.619003,87.550003,145.082001,-579.000000,7.000000,1130.000000,2.000000,-4.000000,0.000000
511,1743680389511179,178.000000,-130.000000,135.000000,178.000000,128.000000,360.000000,122.619003,-88.945000,92.433998,122.621002,87.550003,145.084000,-580.000000,23.000000,1129.000000,12.000000,-7.000000,0.000000
511,1743680389516660,178.000000,-130.000000,135.000000,178.000000,128.000000,360.000000,122.619003,-88.943001,92.432999,122.619003,87.550003,145.084000,-576.000000,13.000000,1127.000000,8.000000,-4.000000,0.000000
511,1743680389521063,178.000000,-130.000000,135.000000,178.000000,128.000000,360.000000,122.619003,-88.945999,92.433998,122.619003,87.547997,145.084000,-586.000000,31.000000,1131.000000,10.000000,-9.000000,0.000000
511,1743680389526519,178.000000,-130.000000,135.000000,178.000000,128.000000,360.000000,122.621002,-88.945000,92.432999,122.619003,87.550003,145.082001,-583.000000,51.000000,1125.000000,7.000000,1.000000,0.000000
511,1743680389530833,178.000000,-130.000000,135.000000,178.000000,128.000000,360.000000,122.617996,-88.945999,92.433998,122.619003,87.547997,145.082001,-581.000000,35.000000,1118.000000,9.000000,-2.000000,0.000000
511,1743680389536281,178.000000,-130.000000,135.000000,178.000000,128.000000,360.000000,122.621002,-88.943001,92.435997,122.619003,87.550003,145.082001,-576.000000,51.000000,1117.000000,10.000000,-14.000000,0.000000
511,1743680389541724,178.000000,-130.000000,135.000000,178.000000,128.000000,360.000000,122.619003,-88.945999,92.433998,122.621002,87.551003,145.082001,-586.000000,42.000000,1114.000000,15.000000,3.000000,0.000000
511,1743680389546168,178.000000,-130.000000,135.000000,178.000000,128.000000,360.000000,122.621002,-88.947998,92.433998,122.619003,87.547997,145.082001,-578.000000,55.000000,1120.000000,9.000000,-10.000000,0.000000
511,1743680389551622,178.000000,-130.000000,135.000000,178.000000,128.000000,360.000000,122.619003,-88.945000,92.433998,122.619003,87.547997,145.084000,-585.000000,55.000000,1108.000000,10.000000,-5.000000,0.000000
511,1743680389556063,178.000000,-130.000000,135.000000,178.000000,128.000000,360.000000,122.621002,-88.945000,92.433998,122.621002,87.550003,145.082001,-582.000000,71.000000,1110.000000,11.000000,-6.000000,0.000000
511,1743680389561573,178.000000,-130.000000,135.000000,178.000000,128.000000,360.000000,122.619003,-88.945000,92.433998,122.621002,87.550003,145.082001,-583.000000,72.000000,1099.000000,11.000000,-6.000000,0.000000
511,1743680389565990,178.000000,-130.000000,135.000000,178.000000,128.000000,360.000000,122.617996,-88.945000,92.433998,122.619003,87.547997,145.080994,-594.000000,66.000000,1105.000000,11.000000,-10.000000,0.000000
511,1743680389571522,178.000000,-130.000000,135.000000,178.000000,128.000000,360.000000,122.621002,-88.945000,92.433998,122.621002,87.550003,145.084000,-595.000000,76.000000,1092.000000,12.000000,-9.000000,0.000000
511,1743680389575885,178.000000,-130.000000,135.000000,178.000000,128.000000,360.000000,122.619003,-88.945999,92.433998,122.619003,87.550003,145.085007,-587.000000,78.000000,1088.000000,14.000000,-4.000000,0.000000
511,1743680389581423,178.000000,-130.000000,135.000000,178.000000,128.000000,360.000000,122.621002,-88.945000,92.432999,122.621002,87.546997,145.084000,-589.000000,95.000000,1098.000000,14.000000,-7.000000,0.000000
511,1743680389585886,178.000000,-130.000000,135.000000,178.000000,128.000000,360.000000,122.619003,-88.945000,92.433998,122.619003,87.547997,145.082001,-589.000000,87.000000,1102.000000,11.000000,-4.000000,0.000000
511,1743680389591400,178.000000,-130.000000,135.000000,178.000000,128.000000,360.000000,122.619003,-88.945000,92.435997,122.619003,87.547997,145.082001,-597.000000,91.000000,1096.000000,11.000000,-5.000000,0.000000
511,1743680389595845,178.000000,-130.000000,135.000000,178.000000,128.000000,360.000000,122.621002,-88.945000,92.435997,122.621002,87.550003,145.082001,-588.000000,91.000000,1074.000000,6.000000,0.000000,0.000000
511,1743680389601408,178.000000,-130.000000,135.000000,178.000000,128.000000,360.000000,122.621002,-88.945999,92.433998,122.621002,87.547997,145.082001,-588.000000,101.000000,1076.000000,10.000000,-4.000000,0.000000
511,1743680389606926,178.000000,-130.000000,135.000000,178.000000,128.000000,360.000000,122.621002,-88.945999,92.433998,122.619003,87.547997,145.080994,-583.000000,106.000000,1075.000000,11.000000,-10.000000,0.000000
511,1743680389611375,178.000000,-130.000000,135.000000,178.000000,128.000000,360.000000,122.619003,-88.945000,92.432999,122.621002,87.550003,145.084000,-587.000000,116.000000,1058.000000,10.000000,-2.000000,0.000000
511,1743680389615815,178.000000,-130.000000,135.000000,178.000000,128.000000,360.000000,122.619003,-88.945000,92.433998,122.619003,87.547997,145.084000,-587.000000,121.000000,1069.000000,9.000000,-1.000000,0.000000
511,1743680389621428,178.000000,-130.000000,135.000000,178.000000,128.000000,360.000000,122.617996,-88.945000,92.433998,122.619003,87.547997,145.082001,-582.000000,138.000000,1082.000000,10.000000,-3.000000,0.000000
511,1743680389625853,178.000000,-130.000000,135.000000,178.000000,128.000000,360.000000,122.622002,-88.945000,92.435997,122.621002,87.550003,145.080994,-587.000000,135.000000,1071.000000,11.000000,-4.000000,0.000000
511,1743680389631393,178.000000,-130.000000,135.000000,178.000000,128.000000,360.000000,122.617996,-88.945000,92.433998,122.621002,87.546997,145.082001,-584.000000,158.000000,1069.000000,11.000000,0.000000,0.000000
511,1743680389635831,178.000000,-130.000000,135.000000,178.000000,128.000000,360.000000,122.621002,-88.943001,92.433998,122.621002,87.547997,145.084000,-595.000000,146.000000,1060.000000,14.000000,5.000000,0.000000
511,1743680389641419,178.000000,-130.000000,135.000000,178.000000,128.000000,360.000000,122.619003,-88.945000,92.432999,122.621002,87.547997,145.084000,-591.000000,153.000000,1072.000000,10.000000,0.000000,0.000000
511,1743680389646932,178.000000,-130.000000,135.000000,178.000000,128.000000,360.000000,122.619003,-88.945000,92.432999,122.621002,87.547997,145.084000,-600.000000,141.000000,1075.000000,17.000000,-2.000000,0.000000
511,1743680389651394,178.000000,-130.000000,135.000000,178.000000,128.000000,360.000000,122.619003,-88.945000,92.432999,122.621002,87.547997,145.084000,-600.000000,141.000000,1075.000000,17.000000,-2.000000,0.000000
511,1743680389655845,178.000000,-130.000000,135.000000,178.000000,128.000000,360.000000,122.621002,-88.945000,92.435997,122.621002,87.547997,145.084000,-594.000000,152.000000,1061.000000,11.000000,2.000000,0.000000
511,1743680389661342,178.000000,-130.000000,135.000000,178.000000,128.000000,360.000000,122.619003,-88.945999,92.432999,122.621002,87.547997,145.080994,-595.000000,148.000000,1063.000000,12.000000,1.000000,0.000000
511,1743680389665741,178.000000,-130.000000,135.000000,178.000000,128.000000,360.000000,122.619003,-88.945000,92.433998,122.621002,87.547997,145.084000,-597.000000,160.000000,1065.000000,10.000000,-4.000000,0.000000
511,1743680389671266,178.000000,-130.000000,135.000000,178.000000,128.000000,360.000000,122.619003,-88.945000,92.432999,122.621002,87.547997,145.084000,-596.000000,156.000000,1061.000000,10.000000,-2.000000,0.000000
511,1743680389676792,178.000000,-130.000000,135.000000,178.000000,128.000000,360.000000,122.619003,-88.945000,92.432999,122.621002,87.547997,145.084000,-596.000000,156.000000,1061.000000,10.000000,-2.000000,0.000000
511,1743680389681251,178.000000,-130.000000,135.000000,178.000000,128.000000,360.000000,122.621002,-88.943001,92.433998,122.621002,87.547997,145.084000,-595.000000,156.000000,1071.000000,8.000000,6.000000,0.000000
511,1743680389686765,178.000000,-130.000000,135.000000,178.000000,128.000000,360.000000,122.619003,-88.945999,92.435997,122.619003,87.550003,145.082001,-592.000000,165.000000,1055.000000,13.000000,7.000000,0.000000
511,1743680389691137,178.000000,-130.000000,135.000000,178.000000,128.000000,360.000000,122.619003,-88.945999,92.433998,122.619003,87.547997,145.080994,-596.000000,171.000000,1036.000000,9.000000,-1.000000,0.000000
511,1743680389696627,178.000000,-130.000000,135.000000,178.000000,128.000000,360.000000,122.619003,-88.945000,92.433998,122.621002,87.547997,145.082001,-607.000000,187.000000,1042.000000,11.000000,-5.000000,0.000000
511,1743680389701016,178.000000,-130.000000,135.000000,178.000000,128.000000,360.000000,122.617996,-88.945000,92.433998,122.621002,87.547997,145.084000,-593.000000,188.000000,1056.000000,9.000000,-3.000000,0.000000
511,1743680389706457,178.000000,-130.000000,135.000000,178.000000,128.000000,360.000000,122.617996,-88.945000,92.432999,122.621002,87.546997,145.084000,-598.000000,185.000000,1017.000000,11.000000,0.000000,0.000000
511,1743680389710868,178.000000,-130.000000,135.000000,178.000000,128.000000,360.000000,122.619003,-88.943001,92.433998,122.622002,87.547997,145.082001,-605.000000,198.000000,1042.000000,10.000000,2.000000,0.000000
511,1743680389716377,178.000000,-130.000000,135.000000,178.000000,128.000000,360.000000,122.621002,-88.945000,92.432999,122.621002,87.550003,145.084000,-596.000000,197.000000,1015.000000,9.000000,-1.000000,0.000000
511,1743680389721840,178.000000,-130.000000,135.000000,178.000000,128.000000,360.000000,122.619003,-88.945000,92.435997,122.621002,87.550003,145.084000,-609.000000,195.000000,1027.000000,13.000000,-1.000000,0.000000
511,1743680389726200,178.000000,-130.000000,135.000000,178.000000,128.000000,360.000000,122.619003,-88.945000,92.433998,122.621002,87.547997,145.084000,-607.000000,186.000000,1022.000000,12.000000,-1.000000,0.000000
511,1743680389731717,178.000000,-130.000000,135.000000,178.000000,128.000000,360.000000,122.619003,-88.945000,92.433998,122.621002,87.550003,145.082001,-604.000000,192.000000,998.000000,8.000000,-2.000000,0.000000
511,1743680389736043,178.000000,-130.000000,135.000000,178.000000,128.000000,360.000000,122.622002,-88.945000,92.433998,122.621002,87.547997,145.084000,-607.000000,188.000000,993.000000,11.000000,-2.000000,0.000000
511,1743680389741624,178.000000,-130.000000,135.000000,178.000000,128.000000,360.000000,122.621002,-88.945000,92.432999,122.621002,87.547997,145.082001,-599.000000,198.000000,1010.000000,11.000000,0.000000,0.000000
511,1743680389745963,178.000000,-130.000000,135.000000,178.000000,128.000000,360.000000,122.621002,-88.945000,92.433998,122.621002,87.550003,145.084000,-603.000000,195.000000,1021.000000,12.000000,2.000000,0.000000
511,1743680389751468,178.000000,-130.000000,135.000000,178.000000,128.000000,360.000000,122.619003,-88.945000,92.433998,122.621002,87.550003,145.080994,-607.000000,201.000000,1017.000000,10.000000,-1.000000,0.000000
511,1743680389755858,178.000000,-130.000000,135.000000,178.000000,128.000000,360.000000,122.619003,-88.945000,92.432999,122.621002,87.546997,145.082001,-607.000000,203.000000,1006.000000,13.000000,-1.000000,0.000000
511,1743680389761356,178.000000,-130.000000,135.000000,178.000000,128.000000,360.000000,122.621002,-88.945000,92.433998,122.621002,87.547997,145.084000,-606.000000,213.000000,997.000000,11.000000,-5.000000,0.000000
511,1743680389765757,178.000000,-130.000000,135.000000,178.000000,128.000000,360.000000,122.619003,-88.943001,92.433998,122.621002,87.547997,145.084000,-608.000000,205.000000,1003.000000,11.000000,6.000000,0.000000
511,1743680389771334,178.000000,-130.000000,135.000000,178.000000,128.000000,360.000000,122.619003,-88.945000,92.433998,122.621002,87.547997,145.082001,-603.000000,203.000000,1004.000000,13.000000,-1.000000,0.000000
511,1743680389776785,178.000000,-130.000000,135.000000,178.000000,128.000000,360.000000,122.621002,-88.945000,92.432999,122.621002,87.547997,145.084000,-611.000000,194.000000,994.000000,16.000000,2.000000,0.000000
511,1743680389781170,178.000000,-130.000000,135.000000,178.000000,128.000000,360.000000,122.619003,-88.945000,92.433998,122.621002,87.546997,145.085007,-609.000000,218.000000,1015.000000,12.000000,0.000000,0.000000
511,1743680389786621,178.000000,-130.000000,135.000000,178.000000,128.000000,360.000000,122.619003,-88.945000,92.432999,122.621002,87.550003,145.082001,-612.000000,216.000000,1002.000000,7.000000,6.000000,0.000000
511,1743680389791017,178.000000,-130.000000,135.000000,178.000000,128.000000,360.000000,122.619003,-88.945000,92.433998,122.621002,87.546997,145.082001,-603.000000,214.000000,968.000000,10.000000,4.000000,0.000000
511,1743680389796637,178.000000,-130.000000,135.000000,178.000000,128.000000,360.000000,122.619003,-88.943001,92.433998,122.621002,87.547997,145.082001,-605.000000,216.000000,967.000000,13.000000,0.000000,0.000000
511,1743680389801072,178.000000,-130.000000,135.000000,178.000000,128.000000,360.000000,122.621002,-88.945999,92.435997,122.619003,87.547997,145.084000,-607.000000,230.000000,974.000000,11.000000,0.000000,0.000000
511,1743680389806489,178.000000,-130.000000,135.000000,178.000000,128.000000,360.000000,122.619003,-88.945000,92.433998,122.621002,87.547997,145.084000,-611.000000,243.000000,971.000000,12.000000,9.000000,0.000000
511,1743680389810898,178.000000,-130.000000,135.000000,178.000000,128.000000,360.000000,122.619003,-88.945000,92.433998,122.621002,87.550003,145.082001,-612.000000,241.000000,970.000000,11.000000,-3.000000,0.000000
511,1743680389816468,178.000000,-130.000000,135.000000,178.000000,128.000000,360.000000,122.622002,-88.945000,92.435997,122.621002,87.550003,145.082001,-609.000000,238.000000,942.000000,8.000000,0.000000,0.000000
511,1743680389820820,178.000000,-130.000000,135.000000,178.000000,128.000000,360.000000,122.621002,-88.945000,92.435997,122.621002,87.547997,145.082001,-613.000000,239.000000,949.000000,10.000000,10.000000,0.000000
511,1743680389826366,178.000000,-130.000000,135.000000,178.000000,128.000000,360.000000,122.621002,-88.945000,92.435997,122.621002,87.547997,145.082001,-613.000000,239.000000,949.000000,10.000000,10.000000,0.000000
511,1743680389831419,178.000000,-130.000000,135.000000,178.000000,128.000000,360.000000,122.619003,-88.943001,92.433998,122.621002,87.547997,145.084000,-615.000000,242.000000,943.000000,16.000000,1.000000,0.000000
511,1743680389836897,178.000000,-130.000000,135.000000,178.000000,128.000000,360.000000,122.619003,-88.943001,92.433998,122.621002,87.547997,145.084000,-615.000000,242.000000,943.000000,16.000000,1.000000,0.000000
511,1743680389841313,178.000000,-130.000000,135.000000,178.000000,128.000000,360.000000,122.619003,-88.943001,92.432999,122.621002,87.547997,145.080994,-614.000000,243.000000,949.000000,16.000000,5.000000,0.000000
511,1743680389846750,178.000000,-130.000000,135.000000,178.000000,128.000000,360.000000,122.621002,-88.945000,92.435997,122.621002,87.547997,145.082001,-615.000000,245.000000,947.000000,17.000000,1.000000,0.000000
511,1743680389851156,178.000000,-130.000000,135.000000,178.000000,128.000000,360.000000,122.621002,-88.945000,92.433998,122.621002,87.550003,145.084000,-625.000000,246.000000,938.000000,14.000000,-8.000000,0.000000
511,1743680389856673,178.000000,-130.000000,135.000000,178.000000,128.000000,360.000000,122.619003,-88.945000,92.433998,122.621002,87.547997,145.082001,-620.000000,247.000000,937.000000,9.000000,9.000000,0.000000
511,1743680389861092,178.000000,-130.000000,135.000000,178.000000,128.000000,360.000000,122.619003,-88.945000,92.432999,122.621002,87.547997,145.082001,-627.000000,253.000000,943.000000,17.000000,10.000000,0.000000
511,1743680389866559,178.000000,-130.000000,135.000000,178.000000,128.000000,360.000000,122.619003,-88.945000,92.433998,122.621002,87.550003,145.082001,-621.000000,248.000000,933.000000,8.000000,4.000000,0.000000
511,1743680389870968,178.000000,-130.000000,135.000000,178.000000,128.000000,360.000000,122.619003,-88.945999,92.433998,122.621002,87.547997,145.084000,-621.000000,258.000000,923.000000,8.000000,1.000000,0.000000
511,1743680389876491,178.000000,-130.000000,135.000000,178.000000,128.000000,360.000000,122.619003,-88.945000,92.432999,122.621002,87.547997,145.082001,-619.000000,274.000000,935.000000,7.000000,-2.000000,0.000000
511,1743680389880895,178.000000,-130.000000,135.000000,178.000000,128.000000,360.000000,122.619003,-88.945000,92.433998,122.621002,87.547997,145.084000,-621.000000,265.000000,929.000000,12.000000,8.000000,0.000000
511,1743680389886427,178.000000,-130.000000,135.000000,178.000000,128.000000,360.000000,122.621002,-88.945000,92.433998,122.622002,87.547997,145.084000,-622.000000,269.000000,902.000000,12.000000,8.000000,0.000000
511,1743680389890809,178.000000,-130.000000,135.000000,178.000000,128.000000,360.000000,122.621002,-88.945000,92.433998,122.619003,87.547997,145.084000,-628.000000,268.000000,909.000000,12.000000,8.000000,0.000000
511,1743680389896456,178.000000,-130.000000,135.000000,178.000000,128.000000,360.000000,122.621002,-88.945000,92.435997,122.621002,87.546997,145.084000,-642.000000,269.000000,921.000000,11.000000,3.000000,0.000000
511,1743680389900886,178.000000,-130.000000,135.000000,178.000000,128.000000,360.000000,122.621002,-88.945000,92.433998,122.622002,87.546997,145.085007,-632.000000,264.000000,901.000000,12.000000,2.000000,0.000000
511,1743680389906404,178.000000,-130.000000,135.000000,178.000000,128.000000,360.000000,122.621002,-88.943001,92.433998,122.621002,87.546997,145.082001,-635.000000,266.000000,927.000000,5.000000,7.000000,0.000000
511,1743680389911826,178.000000,-130.000000,135.000000,178.000000,128.000000,360.000000,122.621002,-88.943001,92.433998,122.621002,87.547997,145.084000,-651.000000,268.000000,891.000000,4.000000,1.000000,0.000000
511,1743680389916221,178.000000,-130.000000,135.000000,178.000000,128.000000,360.000000,122.621002,-88.945000,92.433998,122.621002,87.550003,145.085007,-651.000000,268.000000,906.000000,7.000000,4.000000,0.000000
511,1743680389921752,178.000000,-130.000000,135.000000,178.000000,128.000000,360.000000,122.621002,-88.945000,92.432999,122.621002,87.547997,145.080994,-642.000000,273.000000,923.000000,11.000000,5.000000,0.000000
511,1743680389926123,178.000000,-130.000000,135.000000,178.000000,128.000000,360.000000,122.621002,-88.945000,92.433998,122.621002,87.547997,145.082001,-642.000000,269.000000,926.000000,19.000000,5.000000,0.000000
511,1743680389931572,178.000000,-130.000000,135.000000,178.000000,128.000000,360.000000,122.621002,-88.945000,92.435997,122.621002,87.546997,145.084000,-645.000000,271.000000,897.000000,10.000000,-6.000000,0.000000
511,1743680389935960,178.000000,-130.000000,135.000000,178.000000,128.000000,360.000000,122.622002,-88.943001,92.435997,122.621002,87.547997,145.082001,-650.000000,268.000000,901.000000,12.000000,0.000000,0.000000
511,1743680389941481,178.000000,-130.000000,135.000000,178.000000,128.000000,360.000000,122.623001,-88.945000,92.433998,122.621002,87.547997,145.084000,-647.000000,267.000000,895.000000,11.000000,0.000000,0.000000
511,1743680389946938,178.000000,-130.000000,135.000000,178.000000,128.000000,360.000000,122.623001,-88.943001,92.432999,122.621002,87.546997,145.080994,-645.000000,269.000000,887.000000,10.000000,1.000000,0.000000
511,1743680389951379,178.000000,-130.000000,135.000000,178.000000,128.000000,360.000000,122.622002,-88.943001,92.433998,122.621002,87.547997,145.084000,-649.000000,268.000000,903.000000,11.000000,3.000000,0.000000
511,1743680389956889,178.000000,-130.000000,135.000000,178.000000,128.000000,360.000000,122.622002,-88.943001,92.433998,122.621002,87.547997,145.082001,-649.000000,269.000000,901.000000,13.000000,7.000000,0.000000
511,1743680389961270,178.000000,-130.000000,135.000000,178.000000,128.000000,360.000000,122.621002,-88.943001,92.432999,122.621002,87.547997,145.084000,-641.000000,265.000000,899.000000,9.000000,2.000000,0.000000
511,1743680389966808,178.000000,-130.000000,135.000000,178.000000,128.000000,360.000000,122.622002,-88.942001,92.433998,122.621002,87.547997,145.084000,-638.000000,268.000000,897.000000,12.000000,4.000000,0.000000
511,1743680389971219,178.000000,-130.000000,135.000000,178.000000,128.000000,360.000000,122.622002,-88.943001,92.435997,122.621002,87.547997,145.082001,-641.000000,267.000000,879.000000,12.000000,0.000000,0.000000
511,1743680389976670,178.000000,-130.000000,135.000000,178.000000,128.000000,360.000000,122.622002,-88.943001,92.433998,122.619003,87.547997,145.084000,-642.000000,267.000000,890.000000,12.000000,6.000000,0.000000
511,1743680389981075,178.000000,-130.000000,135.000000,178.000000,128.000000,360.000000,122.621002,-88.945000,92.433998,122.621002,87.546997,145.084000,-652.000000,264.000000,884.000000,10.000000,2.000000,0.000000
511,1743680389986536,178.000000,-130.000000,135.000000,178.000000,128.000000,360.000000,122.622002,-88.942001,92.433998,122.619003,87.547997,145.082001,-647.000000,263.000000,854.000000,11.000000,4.000000,0.000000
511,1743680389990960,178.000000,-130.000000,135.000000,178.000000,128.000000,360.000000,122.622002,-88.942001,92.433998,122.621002,87.547997,145.082001,-658.000000,265.000000,879.000000,8.000000,4.000000,0.000000
511,1743680389996504,178.000000,-130.000000,135.000000,178.000000,128.000000,360.000000,122.622002,-88.943001,92.433998,122.621002,87.547997,145.082001,-656.000000,269.000000,849.000000,12.000000,5.000000,0.000000
511,1743680390002007,178.000000,-130.000000,135.000000,178.000000,128.000000,360.000000,122.622002,-88.943001,92.433998,122.621002,87.547997,145.082001,-654.000000,271.000000,852.000000,9.000000,9.000000,0.000000
511,1743680390006408,178.000000,-130.000000,135.000000,178.000000,128.000000,360.000000,122.622002,-88.941002,92.432999,122.621002,87.547997,145.084000,-650.000000,264.000000,859.000000,6.000000,1.000000,0.000000
511,1743680390011915,178.000000,-130.000000,135.000000,178.000000,128.000000,360.000000,122.622002,-88.943001,92.433998,122.621002,87.546997,145.084000,-658.000000,265.000000,850.000000,10.000000,2.000000,0.000000
511,1743680390016310,178.000000,-130.000000,135.000000,178.000000,128.000000,360.000000,122.623001,-88.942001,92.432999,122.621002,87.547997,145.082001,-652.000000,263.000000,839.000000,10.000000,0.000000,0.000000
511,1743680390021802,178.000000,-130.000000,135.000000,178.000000,128.000000,360.000000,122.623001,-88.943001,92.435997,122.621002,87.547997,145.082001,-673.000000,263.000000,848.000000,11.000000,7.000000,0.000000
511,1743680390026210,178.000000,-130.000000,135.000000,178.000000,128.000000,360.000000,122.623001,-88.943001,92.435997,122.621002,87.547997,145.082001,-673.000000,263.000000,848.000000,11.000000,7.000000,0.000000
511,1743680390031691,178.000000,-130.000000,135.000000,178.000000,128.000000,360.000000,122.623001,-88.942001,92.433998,122.621002,87.547997,145.082001,-681.000000,264.000000,841.000000,8.000000,7.000000,0.000000
511,1743680390036030,178.000000,-130.000000,135.000000,178.000000,128.000000,360.000000,122.621002,-88.943001,92.432999,122.621002,87.547997,145.082001,-682.000000,266.000000,811.000000,10.000000,5.000000,0.000000
511,1743680390041540,178.000000,-130.000000,135.000000,178.000000,128.000000,360.000000,122.623001,-88.941002,92.435997,122.621002,87.546997,145.082001,-681.000000,263.000000,841.000000,9.000000,5.000000,0.000000
511,1743680390045873,178.000000,-130.000000,135.000000,178.000000,128.000000,360.000000,122.623001,-88.942001,92.433998,122.621002,87.550003,145.082001,-706.000000,263.000000,834.000000,6.000000,6.000000,0.000000
511,1743680390051405,178.000000,-130.000000,135.000000,178.000000,128.000000,360.000000,122.621002,-88.942001,92.435997,122.621002,87.547997,145.082001,-700.000000,262.000000,832.000000,9.000000,2.000000,0.000000
511,1743680390055803,178.000000,-130.000000,135.000000,178.000000,128.000000,360.000000,122.622002,-88.942001,92.433998,122.622002,87.547997,145.082001,-716.000000,262.000000,814.000000,10.000000,5.000000,0.000000
511,1743680390061349,178.000000,-130.000000,135.000000,178.000000,128.000000,360.000000,122.622002,-88.942001,92.433998,122.621002,87.547997,145.084000,-729.000000,261.000000,818.000000,4.000000,6.000000,0.000000
511,1743680390066840,178.000000,-130.000000,135.000000,178.000000,128.000000,360.000000,122.623001,-88.942001,92.432999,122.621002,87.547997,145.082001,-722.000000,264.000000,813.000000,9.000000,0.000000,0.000000
511,1743680390071278,178.000000,-130.000000,135.000000,178.000000,128.000000,360.000000,122.622002,-88.941002,92.433998,122.621002,87.546997,145.082001,-741.000000,258.000000,822.000000,8.000000,9.000000,0.000000
511,1743680390076696,178.000000,-130.000000,135.000000,178.000000,128.000000,360.000000,122.622002,-88.941002,92.433998,122.621002,87.547997,145.082001,-742.000000,249.000000,821.000000,8.000000,-1.000000,0.000000
511,1743680390081096,178.000000,-130.000000,135.000000,178.000000,128.000000,360.000000,122.621002,-88.942001,92.433998,122.621002,87.550003,145.082001,-733.000000,257.000000,814.000000,9.000000,5.000000,0.000000
511,1743680390086564,178.000000,-130.000000,135.000000,178.000000,128.000000,360.000000,122.621002,-88.942001,92.435997,122.621002,87.547997,145.082001,-744.000000,256.000000,808.000000,8.000000,3.000000,0.000000
511,1743680390090959,178.000000,-130.000000,135.000000,178.000000,128.000000,360.000000,122.622002,-88.942001,92.433998,122.621002,87.546997,145.082001,-736.000000,256.000000,798.000000,9.000000,4.000000,0.000000
511,1743680390096507,178.000000,-130.000000,135.000000,178.000000,128.000000,360.000000,122.621002,-88.941002,92.432999,122.621002,87.546997,145.082001,-733.000000,256.000000,801.000000,8.000000,10.000000,0.000000
511,1743680390100944,178.000000,-130.000000,135.000000,178.000000,128.000000,360.000000,122.623001,-88.942001,92.433998,122.621002,87.550003,145.082001,-738.000000,251.000000,813.000000,8.000000,2.000000,0.000000
511,1743680390106413,178.000000,-130.000000,135.000000,178.000000,128.000000,360.000000,122.622002,-88.942001,92.433998,122.621002,87.547997,145.082001,-746.000000,254.000000,796.000000,11.000000,9.000000,0.000000
511,1743680390110858,178.000000,-130.000000,135.000000,178.000000,128.000000,360.000000,122.622002,-88.942001,92.433998,122.621002,87.547997,145.084000,-750.000000,253.000000,794.000000,8.000000,5.000000,0.000000
511,1743680390116329,178.000000,-130.000000,135.000000,178.000000,128.000000,360.000000,122.622002,-88.941002,92.433998,122.621002,87.547997,145.084000,-751.000000,253.000000,800.000000,9.000000,4.000000,0.000000
511,1743680390121656,178.000000,-130.000000,135.000000,178.000000,128.000000,360.000000,122.621002,-88.943001,92.432999,122.621002,87.550003,145.082001,-751.000000,254.000000,800.000000,12.000000,0.000000,0.000000
511,1743680390125996,178.000000,-130.000000,135.000000,178.000000,128.000000,360.000000,122.621002,-88.943001,92.432999,122.621002,87.550003,145.082001,-751.000000,254.000000,800.000000,12.000000,0.000000,0.000000
511,1743680390131571,178.000000,-130.000000,135.000000,178.000000,128.000000,360.000000,122.623001,-88.942001,92.433998,122.621002,87.546997,145.084000,-751.000000,253.000000,811.000000,9.000000,5.000000,0.000000
511,1743680390135963,178.000000,-130.000000,135.000000,178.000000,128.000000,360.000000,122.622002,-88.942001,92.433998,122.621002,87.547997,145.084000,-771.000000,255.000000,806.000000,5.000000,0.000000,0.000000
511,1743680390141458,178.000000,-130.000000,135.000000,178.000000,128.000000,360.000000,122.622002,-88.942001,92.433998,122.621002,87.546997,145.085007,-776.000000,253.000000,788.000000,8.000000,6.000000,0.000000
511,1743680390146926,178.000000,-130.000000,135.000000,178.000000,128.000000,360.000000,122.622002,-88.942001,92.435997,122.621002,87.547997,145.082001,-772.000000,257.000000,788.000000,8.000000,4.000000,0.000000
511,1743680390151378,178.000000,-130.000000,135.000000,178.000000,128.000000,360.000000,122.623001,-88.941002,92.435997,122.621002,87.547997,145.082001,-775.000000,253.000000,769.000000,9.000000,0.000000,0.000000
511,1743680390156885,178.000000,-130.000000,135.000000,178.000000,128.000000,360.000000,122.621002,-88.942001,92.433998,122.621002,87.547997,145.082001,-772.000000,252.000000,771.000000,9.000000,1.000000,0.000000
511,1743680390161284,178.000000,-130.000000,135.000000,178.000000,128.000000,360.000000,122.623001,-88.942001,92.433998,122.619003,87.546997,145.084000,-769.000000,251.000000,779.000000,9.000000,4.000000,0.000000
511,1743680390166910,178.000000,-130.000000,135.000000,178.000000,128.000000,360.000000,122.621002,-88.942001,92.433998,122.621002,87.546997,145.082001,-786.000000,254.000000,782.000000,8.000000,0.000000,0.000000
511,1743680390171393,178.000000,-130.000000,135.000000,178.000000,128.000000,360.000000,122.622002,-88.941002,92.433998,122.621002,87.547997,145.082001,-783.000000,251.000000,770.000000,14.000000,2.000000,0.000000
511,1743680390175809,178.000000,-130.000000,135.000000,178.000000,128.000000,360.000000,122.621002,-88.941002,92.432999,122.621002,87.547997,145.082001,-800.000000,252.000000,780.000000,10.000000,3.000000,0.000000
511,1743680390181369,178.000000,-130.000000,135.000000,178.000000,128.000000,360.000000,122.621002,-88.941002,92.435997,122.621002,87.547997,145.084000,-793.000000,251.000000,774.000000,2.000000,8.000000,0.000000
511,1743680390186850,178.000000,-130.000000,135.000000,178.000000,128.000000,360.000000,122.622002,-88.941002,92.433998,122.621002,87.546997,145.082001,-786.000000,254.000000,762.000000,0.000000,4.000000,0.000000
511,1743680390191295,178.000000,-130.000000,135.000000,178.000000,128.000000,360.000000,122.622002,-88.942001,92.433998,122.619003,87.546997,145.082001,-788.000000,254.000000,770.000000,-1.000000,1.000000,0.000000
511,1743680390196800,178.000000,-130.000000,135.000000,178.000000,128.000000,360.000000,122.622002,-88.942001,92.432999,122.621002,87.546997,145.082001,-799.000000,259.000000,758.000000,7.000000,2.000000,0.000000
511,1743680390201196,178.000000,-130.000000,135.000000,178.000000,128.000000,360.000000,122.622002,-88.942001,92.433998,122.621002,87.546997,145.084000,-802.000000,256.000000,773.000000,1.000000,0.000000,0.000000
511,1743680390206819,178.000000,-130.000000,135.000000,178.000000,128.000000,360.000000,122.622002,-88.941002,92.433998,122.621002,87.547997,145.080994,-816.000000,255.000000,771.000000,3.000000,2.000000,0.000000
511,1743680390211224,178.000000,-130.000000,135.000000,178.000000,128.000000,360.000000,122.621002,-88.942001,92.433998,122.621002,87.546997,145.080994,-806.000000,249.000000,760.000000,7.000000,5.000000,0.000000
511,1743680390216743,178.000000,-130.000000,135.000000,178.000000,128.000000,360.000000,122.621002,-88.942001,92.435997,122.621002,87.547997,145.084000,-807.000000,253.000000,739.000000,5.000000,3.000000,0.000000
511,1743680390221187,178.000000,-130.000000,135.000000,178.000000,128.000000,360.000000,122.621002,-88.941002,92.433998,122.621002,87.547997,145.082001,-812.000000,252.000000,764.000000,6.000000,2.000000,0.000000
511,1743680390226673,178.000000,-130.000000,135.000000,178.000000,128.000000,360.000000,122.621002,-88.942001,92.432999,122.621002,87.547997,145.084000,-814.000000,254.000000,744.000000,2.000000,4.000000,0.000000
511,1743680390231086,178.000000,-130.000000,135.000000,178.000000,128.000000,360.000000,122.623001,-88.941002,92.433998,122.621002,87.546997,145.082001,-808.000000,252.000000,752.000000,8.000000,6.000000,0.000000
511,1743680390236673,178.000000,-130.000000,135.000000,178.000000,128.000000,360.000000,122.621002,-88.941002,92.433998,122.621002,87.547997,145.082001,-825.000000,253.000000,742.000000,5.000000,0.000000,0.000000
511,1743680390241086,178.000000,-130.000000,135.000000,178.000000,128.000000,360.000000,122.622002,-88.939003,92.433998,122.621002,87.546997,145.084000,-814.000000,253.000000,739.000000,5.000000,4.000000,0.000000
511,1743680390246485,178.000000,-130.000000,135.000000,178.000000,128.000000,360.000000,122.621002,-88.941002,92.433998,122.621002,87.547997,145.084000,-819.000000,252.000000,732.000000,11.000000,4.000000,0.000000
511,1743680390250760,178.000000,-130.000000,135.000000,178.000000,128.000000,360.000000,122.622002,-88.941002,92.433998,122.622002,87.547997,145.084000,-821.000000,253.000000,739.000000,7.000000,3.000000,0.000000
511,1743680390256322,178.000000,-130.000000,135.000000,178.000000,128.000000,360.000000,122.622002,-88.941002,92.435997,122.621002,87.547997,145.084000,-816.000000,252.000000,724.000000,6.000000,0.000000,0.000000
511,1743680390261800,178.000000,-130.000000,135.000000,178.000000,128.000000,360.000000,122.622002,-88.939003,92.433998,122.621002,87.547997,145.084000,-815.000000,253.000000,708.000000,3.000000,-2.000000,0.000000
511,1743680390266237,178.000000,-130.000000,135.000000,178.000000,128.000000,360.000000,122.622002,-88.941002,92.433998,122.621002,87.546997,145.084000,-821.000000,253.000000,684.000000,7.000000,4.000000,0.000000
511,1743680390271736,178.000000,-130.000000,135.000000,178.000000,128.000000,360.000000,122.623001,-88.941002,92.433998,122.621002,87.547997,145.082001,-823.000000,251.000000,698.000000,5.000000,2.000000,0.000000
511,1743680390276091,178.000000,-130.000000,135.000000,178.000000,128.000000,360.000000,122.623001,-88.942001,92.433998,122.621002,87.547997,145.082001,-830.000000,252.000000,687.000000,6.000000,-1.000000,0.000000
511,1743680390281510,178.000000,-130.000000,135.000000,178.000000,128.000000,360.000000,122.622002,-88.941002,92.432999,122.621002,87.550003,145.085007,-836.000000,253.000000,666.000000,7.000000,6.000000,0.000000
511,1743680390285897,178.000000,-130.000000,135.000000,178.000000,128.000000,360.000000,122.623001,-88.941002,92.435997,122.621002,87.546997,145.082001,-832.000000,254.000000,687.000000,7.000000,6.000000,0.000000
511,1743680390291465,178.000000,-130.000000,135.000000,178.000000,128.000000,360.000000,122.623001,-88.941002,92.433998,122.621002,87.550003,145.082001,-838.000000,244.000000,660.000000,5.000000,0.000000,0.000000
511,1743680390295861,178.000000,-130.000000,135.000000,178.000000,128.000000,360.000000,122.622002,-88.942001,92.433998,122.621002,87.547997,145.082001,-845.000000,248.000000,654.000000,6.000000,2.000000,0.000000
511,1743680390301395,178.000000,-130.000000,135.000000,178.000000,128.000000,360.000000,122.621002,-88.939003,92.433998,122.621002,87.547997,145.084000,-853.000000,245.000000,676.000000,6.000000,0.000000,0.000000
511,1743680390306850,178.000000,-130.000000,135.000000,178.000000,128.000000,360.000000,122.622002,-88.942001,92.433998,122.621002,87.547997,145.082001,-845.000000,246.000000,666.000000,9.000000,0.000000,0.000000
511,1743680390311295,178.000000,-130.000000,135.000000,178.000000,128.000000,360.000000,122.622002,-88.942001,92.433998,122.621002,87.547997,145.082001,-845.000000,246.000000,666.000000,9.000000,0.000000,0.000000
511,1743680390316800,178.000000,-130.000000,135.000000,178.000000,128.000000,360.000000,122.622002,-88.941002,92.433998,122.621002,87.547997,145.085007,-849.000000,256.000000,673.000000,5.000000,3.000000,0.000000
511,1743680390321211,178.000000,-130.000000,135.000000,178.000000,128.000000,360.000000,122.622002,-88.941002,92.432999,122.622002,87.546997,145.080994,-855.000000,245.000000,663.000000,5.000000,2.000000,0.000000
511,1743680390326694,178.000000,-130.000000,135.000000,178.000000,128.000000,360.000000,122.622002,-88.941002,92.432999,122.622002,87.546997,145.080994,-855.000000,245.000000,663.000000,5.000000,2.000000,0.000000
511,1743680390331109,178.000000,-130.000000,135.000000,178.000000,128.000000,360.000000,122.622002,-88.942001,92.435997,122.621002,87.546997,145.085007,-859.000000,248.000000,668.000000,5.000000,5.000000,0.000000
511,1743680390336567,178.000000,-130.000000,135.000000,178.000000,128.000000,360.000000,122.622002,-88.942001,92.432999,122.621002,87.544998,145.082001,-860.000000,249.000000,634.000000,7.000000,2.000000,0.000000
511,1743680390340885,178.000000,-130.000000,135.000000,178.000000,128.000000,360.000000,122.622002,-88.942001,92.432999,122.621002,87.544998,145.082001,-860.000000,249.000000,634.000000,7.000000,2.000000,0.000000
511,1743680390346406,178.000000,-130.000000,135.000000,178.000000,128.000000,360.000000,122.623001,-88.941002,92.433998,122.621002,87.547997,145.084000,-861.000000,249.000000,664.000000,6.000000,-3.000000,0.000000
511,1743680390350823,178.000000,-130.000000,135.000000,178.000000,128.000000,360.000000,122.622002,-88.942001,92.433998,122.621002,87.546997,145.082001,-871.000000,249.000000,657.000000,12.000000,-1.000000,0.000000
511,1743680390356291,178.000000,-130.000000,135.000000,178.000000,128.000000,360.000000,122.622002,-88.941002,92.432999,122.621002,87.546997,145.082001,-881.000000,249.000000,642.000000,8.000000,-4.000000,0.000000
511,1743680390361762,178.000000,-130.000000,135.000000,178.000000,128.000000,360.000000,122.622002,-88.942001,92.433998,122.622002,87.546997,145.084000,-875.000000,247.000000,663.000000,7.000000,-6.000000,0.000000
511,1743680390366229,178.000000,-130.000000,135.000000,178.000000,128.000000,360.000000,122.621002,-88.941002,92.433998,122.621002,87.547997,145.084000,-878.000000,249.000000,638.000000,6.000000,0.000000,0.000000
511,1743680390371767,178.000000,-130.000000,135.000000,178.000000,128.000000,360.000000,122.622002,-88.942001,92.435997,122.621002,87.547997,145.084000,-876.000000,247.000000,638.000000,11.000000,2.000000,0.000000
511,1743680390376163,178.000000,-130.000000,135.000000,178.000000,128.000000,360.000000,122.619003,-88.941002,92.433998,122.621002,87.547997,145.085007,-879.000000,245.000000,643.000000,6.000000,0.000000,0.000000
511,1743680390381689,178.000000,-130.000000,135.000000,178.000000,128.000000,360.000000,122.621002,-88.941002,92.433998,122.621002,87.547997,145.082001,-890.000000,239.000000,650.000000,7.000000,0.000000,0.000000
511,1743680390386040,178.000000,-130.000000,135.000000,178.000000,128.000000,360.000000,122.622002,-88.941002,92.433998,122.621002,87.546997,145.084000,-895.000000,244.000000,644.000000,12.000000,-7.000000,0.000000
511,1743680390391613,178.000000,-130.000000,135.000000,178.000000,128.000000,360.000000,122.621002,-88.941002,92.433998,122.621002,87.547997,145.082001,-885.000000,242.000000,652.000000,12.000000,3.000000,0.000000
511,1743680390395976,178.000000,-130.000000,135.000000,178.000000,128.000000,360.000000,122.622002,-88.942001,92.433998,122.621002,87.546997,145.082001,-883.000000,242.000000,631.000000,18.000000,2.000000,0.000000
511,1743680390401463,178.000000,-130.000000,135.000000,178.000000,128.000000,360.000000,122.622002,-88.942001,92.433998,122.621002,87.547997,145.082001,-879.000000,242.000000,632.000000,12.000000,2.000000,0.000000
511,1743680390405821,178.000000,-130.000000,135.000000,178.000000,128.000000,360.000000,122.622002,-88.941002,92.433998,122.621002,87.546997,145.084000,-881.000000,242.000000,630.000000,12.000000,3.000000,0.000000
511,1743680390411347,178.000000,-130.000000,135.000000,178.000000,128.000000,360.000000,122.623001,-88.942001,92.433998,122.619003,87.547997,145.082001,-885.000000,243.000000,636.000000,9.000000,-6.000000,0.000000
511,1743680390415732,178.000000,-130.000000,135.000000,178.000000,128.000000,360.000000,122.622002,-88.941002,92.433998,122.622002,87.547997,145.082001,-881.000000,246.000000,591.000000,16.000000,4.000000,0.000000
511,1743680390421237,178.000000,-130.000000,135.000000,178.000000,128.000000,360.000000,122.622002,-88.941002,92.433998,122.621002,87.547997,145.082001,-891.000000,243.000000,620.000000,10.000000,-2.000000,0.000000
511,1743680390426818,178.000000,-130.000000,135.000000,178.000000,128.000000,360.000000,122.621002,-88.942001,92.433998,122.621002,87.546997,145.082001,-908.000000,245.000000,620.000000,14.000000,3.000000,0.000000
511,1743680390431223,178.000000,-130.000000,135.000000,178.000000,128.000000,360.000000,122.621002,-88.941002,92.433998,122.621002,87.550003,145.082001,-897.000000,244.000000,636.000000,18.000000,0.000000,0.000000
511,1743680390436712,178.000000,-130.000000,135.000000,178.000000,128.000000,360.000000,122.621002,-88.941002,92.435997,122.621002,87.547997,145.082001,-901.000000,246.000000,603.000000,12.000000,0.000000,0.000000
511,1743680390441157,178.000000,-130.000000,135.000000,178.000000,128.000000,360.000000,122.622002,-88.941002,92.432999,122.621002,87.546997,145.082001,-900.000000,244.000000,581.000000,13.000000,-7.000000,0.000000
511,1743680390446632,178.000000,-130.000000,135.000000,178.000000,128.000000,360.000000,122.622002,-88.941002,92.435997,122.621002,87.547997,145.084000,-899.000000,245.000000,602.000000,12.000000,0.000000,0.000000
511,1743680390450996,178.000000,-130.000000,135.000000,178.000000,128.000000,360.000000,122.622002,-88.941002,92.432999,122.621002,87.547997,145.082001,-902.000000,241.000000,592.000000,15.000000,0.000000,0.000000
511,1743680390456442,178.000000,-130.000000,135.000000,178.000000,128.000000,360.000000,122.623001,-88.941002,92.433998,122.621002,87.546997,145.084000,-902.000000,239.000000,581.000000,14.000000,-3.000000,0.000000
511,1743680390460796,178.000000,-130.000000,135.000000,178.000000,128.000000,360.000000,122.622002,-88.942001,92.433998,122.621002,87.550003,145.084000,-906.000000,246.000000,601.000000,11.000000,3.000000,0.000000
511,1743680390466294,178.000000,-130.000000,135.000000,178.000000,128.000000,360.000000,122.621002,-88.941002,92.433998,122.621002,87.547997,145.084000,-908.000000,244.000000,587.000000,13.000000,-2.000000,0.000000
511,1743680390471833,178.000000,-130.000000,135.000000,178.000000,128.000000,360.000000,122.621002,-88.941002,92.433998,122.621002,87.547997,145.084000,-908.000000,244.000000,587.000000,13.000000,-2.000000,0.000000
511,1743680390476232,178.000000,-130.000000,135.000000,178.000000,128.000000,360.000000,122.621002,-88.942001,92.433998,122.621002,87.547997,145.082001,-898.000000,244.000000,576.000000,13.000000,0.000000,0.000000
511,1743680390481772,178.000000,-130.000000,135.000000,178.000000,128.000000,360.000000,122.622002,-88.941002,92.435997,122.621002,87.547997,145.082001,-900.000000,243.000000,589.000000,12.000000,0.000000,0.000000
511,1743680390486168,178.000000,-130.000000,135.000000,178.000000,128.000000,360.000000,122.622002,-88.941002,92.435997,122.621002,87.547997,145.082001,-900.000000,243.000000,589.000000,12.000000,0.000000,0.000000
511,1743680390491570,178.000000,-130.000000,135.000000,178.000000,128.000000,360.000000,122.621002,-88.941002,92.433998,122.622002,87.547997,145.082001,-898.000000,242.000000,560.000000,13.000000,2.000000,0.000000
511,1743680390495959,178.000000,-130.000000,135.000000,178.000000,128.000000,360.000000,122.621002,-88.939003,92.435997,122.621002,87.546997,145.084000,-902.000000,244.000000,549.000000,12.000000,0.000000,0.000000
511,1743680390501498,178.000000,-130.000000,135.000000,178.000000,128.000000,360.000000,122.621002,-88.939003,92.435997,122.621002,87.546997,145.084000,-902.000000,244.000000,549.000000,12.000000,0.000000,0.000000
511,1743680390505889,178.000000,-130.000000,135.000000,178.000000,128.000000,360.000000,122.621002,-88.942001,92.433998,122.622002,87.547997,145.084000,-903.000000,243.000000,546.000000,8.000000,3.000000,0.000000
511,1743680390511392,178.000000,-130.000000,135.000000,178.000000,128.000000,360.000000,122.621002,-88.942001,92.432999,122.621002,87.547997,145.082001,-909.000000,245.000000,518.000000,6.000000,-1.000000,0.000000
511,1743680390516823,178.000000,-130.000000,135.000000,178.000000,128.000000,360.000000,122.623001,-88.942001,92.433998,122.621002,87.547997,145.082001,-920.000000,239.000000,534.000000,12.000000,-3.000000,0.000000
511,1743680390521250,178.000000,-130.000000,135.000000,178.000000,128.000000,360.000000,122.622002,-88.941002,92.433998,122.621002,87.547997,145.080994,-924.000000,241.000000,533.000000,17.000000,-6.000000,0.000000
511,1743680390526720,178.000000,-130.000000,135.000000,178.000000,128.000000,360.000000,122.622002,-88.941002,92.433998,122.619003,87.546997,145.082001,-917.000000,243.000000,550.000000,15.000000,0.000000,0.000000
511,1743680390531124,178.000000,-130.000000,135.000000,178.000000,128.000000,360.000000,122.623001,-88.942001,92.432999,122.621002,87.547997,145.084000,-912.000000,239.000000,527.000000,9.000000,2.000000,0.000000
511,1743680390536658,178.000000,-130.000000,135.000000,178.000000,128.000000,360.000000,122.622002,-88.941002,92.433998,122.622002,87.546997,145.082001,-933.000000,242.000000,532.000000,11.000000,1.000000,0.000000
511,1743680390541056,178.000000,-130.000000,135.000000,178.000000,128.000000,360.000000,122.621002,-88.942001,92.433998,122.621002,87.547997,145.082001,-921.000000,243.000000,539.000000,11.000000,2.000000,0.000000
511,1743680390546510,178.000000,-130.000000,135.000000,178.000000,128.000000,360.000000,122.622002,-88.941002,92.435997,122.619003,87.547997,145.082001,-922.000000,247.000000,535.000000,12.000000,-2.000000,0.000000
511,1743680390550951,178.000000,-130.000000,135.000000,178.000000,128.000000,360.000000,122.622002,-88.941002,92.435997,122.622002,87.546997,145.082001,-919.000000,248.000000,507.000000,11.000000,-7.000000,0.000000
511,1743680390556443,178.000000,-130.000000,135.000000,178.000000,128.000000,360.000000,122.621002,-88.941002,92.433998,122.621002,87.547997,145.082001,-922.000000,248.000000,490.000000,12.000000,-8.000000,0.000000
511,1743680390561920,178.000000,-130.000000,135.000000,178.000000,128.000000,360.000000,122.621002,-88.942001,92.435997,122.621002,87.547997,145.084000,-931.000000,245.000000,511.000000,10.000000,-1.000000,0.000000
511,1743680390566358,178.000000,-130.000000,135.000000,178.000000,128.000000,360.000000,122.622002,-88.942001,92.435997,122.621002,87.547997,145.084000,-918.000000,242.000000,501.000000,10.000000,-3.000000,0.000000
511,1743680390570748,178.000000,-130.000000,135.000000,178.000000,128.000000,360.000000,122.622002,-88.941002,92.433998,122.621002,87.546997,145.082001,-935.000000,243.000000,503.000000,12.000000,-4.000000,0.000000
511,1743680390576209,178.000000,-130.000000,135.000000,178.000000,128.000000,360.000000,122.622002,-88.941002,92.432999,122.621002,87.546997,145.084000,-922.000000,242.000000,503.000000,11.000000,-8.000000,0.000000
511,1743680390581666,178.000000,-130.000000,135.000000,178.000000,128.000000,360.000000,122.622002,-88.941002,92.433998,122.621002,87.547997,145.082001,-925.000000,245.000000,509.000000,15.000000,-2.000000,0.000000
511,1743680390586031,178.000000,-130.000000,135.000000,178.000000,128.000000,360.000000,122.622002,-88.942001,92.435997,122.621002,87.546997,145.082001,-934.000000,240.000000,523.000000,17.000000,-4.000000,0.000000
511,1743680390591532,178.000000,-130.000000,135.000000,178.000000,128.000000,360.000000,122.622002,-88.941002,92.432999,122.621002,87.546997,145.084000,-940.000000,242.000000,480.000000,8.000000,-8.000000,0.000000
511,1743680390595868,178.000000,-130.000000,135.000000,178.000000,128.000000,360.000000,122.622002,-88.942001,92.433998,122.621002,87.546997,145.082001,-935.000000,243.000000,497.000000,12.000000,0.000000,0.000000
511,1743680390601363,178.000000,-130.000000,135.000000,178.000000,128.000000,360.000000,122.622002,-88.942001,92.433998,122.622002,87.547997,145.082001,-942.000000,244.000000,490.000000,13.000000,-8.000000,0.000000
511,1743680390606871,178.000000,-130.000000,135.000000,178.000000,128.000000,360.000000,122.622002,-88.941002,92.433998,122.622002,87.547997,145.084000,-943.000000,246.000000,485.000000,12.000000,0.000000,0.000000
511,1743680390611297,178.000000,-130.000000,135.000000,178.000000,128.000000,360.000000,122.625000,-88.942001,92.433998,122.621002,87.546997,145.084000,-947.000000,244.000000,461.000000,12.000000,-1.000000,0.000000
511,1743680390616753,178.000000,-130.000000,135.000000,178.000000,128.000000,360.000000,122.622002,-88.941002,92.435997,122.621002,87.546997,145.084000,-946.000000,246.000000,479.000000,14.000000,-5.000000,0.000000
511,1743680390621155,178.000000,-130.000000,135.000000,178.000000,128.000000,360.000000,122.622002,-88.941002,92.433998,122.621002,87.546997,145.084000,-954.000000,244.000000,471.000000,13.000000,-1.000000,0.000000
511,1743680390626636,178.000000,-130.000000,135.000000,178.000000,128.000000,360.000000,122.621002,-88.942001,92.433998,122.621002,87.547997,145.082001,-949.000000,246.000000,464.000000,13.000000,-3.000000,0.000000
511,1743680390630993,178.000000,-130.000000,135.000000,178.000000,128.000000,360.000000,122.623001,-88.942001,92.433998,122.621002,87.546997,145.082001,-961.000000,239.000000,472.000000,9.000000,-5.000000,0.000000
511,1743680390636536,178.000000,-130.000000,135.000000,178.000000,128.000000,360.000000,122.622002,-88.942001,92.433998,122.621002,87.547997,145.080994,-977.000000,243.000000,461.000000,12.000000,-6.000000,0.000000
511,1743680390640950,178.000000,-130.000000,135.000000,178.000000,128.000000,360.000000,122.622002,-88.941002,92.433998,122.621002,87.547997,145.082001,-968.000000,242.000000,450.000000,13.000000,-2.000000,0.000000
511,1743680390646428,178.000000,-130.000000,135.000000,178.000000,128.000000,360.000000,122.622002,-88.941002,92.433998,122.621002,87.547997,145.082001,-968.000000,242.000000,450.000000,13.000000,-2.000000,0.000000
511,1743680390650855,178.000000,-130.000000,135.000000,178.000000,128.000000,360.000000,122.622002,-88.942001,92.435997,122.621002,87.547997,145.082001,-960.000000,242.000000,454.000000,4.000000,-8.000000,0.000000
511,1743680390656369,178.000000,-130.000000,135.000000,178.000000,128.000000,360.000000,122.621002,-88.941002,92.433998,122.621002,87.550003,145.082001,-957.000000,242.000000,437.000000,10.000000,0.000000,0.000000
511,1743680390661844,178.000000,-130.000000,135.000000,178.000000,128.000000,360.000000,122.621002,-88.941002,92.433998,122.621002,87.550003,145.082001,-957.000000,242.000000,437.000000,10.000000,0.000000,0.000000
511,1743680390666283,178.000000,-130.000000,135.000000,178.000000,128.000000,360.000000,122.621002,-88.941002,92.433998,122.621002,87.547997,145.084000,-957.000000,245.000000,421.000000,14.000000,-9.000000,0.000000
511,1743680390671764,178.000000,-130.000000,135.000000,178.000000,128.000000,360.000000,122.621002,-88.942001,92.433998,122.621002,87.546997,145.082001,-960.000000,237.000000,437.000000,9.000000,-2.000000,0.000000
511,1743680390676187,178.000000,-130.000000,135.000000,178.000000,128.000000,360.000000,122.621002,-88.942001,92.433998,122.621002,87.546997,145.082001,-960.000000,237.000000,437.000000,9.000000,-2.000000,0.000000
511,1743680390681784,178.000000,-130.000000,135.000000,178.000000,128.000000,360.000000,122.622002,-88.941002,92.433998,122.621002,87.546997,145.082001,-967.000000,243.000000,411.000000,11.000000,-2.000000,0.000000
511,1743680390686197,178.000000,-130.000000,135.000000,178.000000,128.000000,360.000000,122.623001,-88.942001,92.433998,122.621002,87.546997,145.084000,-965.000000,243.000000,410.000000,8.000000,-3.000000,0.000000
511,1743680390691684,178.000000,-130.000000,135.000000,178.000000,128.000000,360.000000,122.623001,-88.942001,92.433998,122.621002,87.546997,145.082001,-970.000000,241.000000,415.000000,9.000000,-2.000000,0.000000
511,1743680390696069,178.000000,-130.000000,135.000000,178.000000,128.000000,360.000000,122.621002,-88.942001,92.435997,122.621002,87.547997,145.084000,-980.000000,240.000000,423.000000,7.000000,1.000000,0.000000
511,1743680390701571,178.000000,-130.000000,135.000000,178.000000,128.000000,360.000000,122.622002,-88.941002,92.433998,122.621002,87.547997,145.084000,-975.000000,247.000000,403.000000,10.000000,-7.000000,0.000000
511,1743680390705939,178.000000,-130.000000,135.000000,178.000000,128.000000,360.000000,122.622002,-88.942001,92.432999,122.621002,87.546997,145.082001,-979.000000,242.000000,439.000000,15.000000,-6.000000,0.000000
511,1743680390711453,178.000000,-130.000000,135.000000,178.000000,128.000000,360.000000,122.622002,-88.942001,92.433998,122.621002,87.546997,145.082001,-987.000000,243.000000,376.000000,10.000000,-6.000000,0.000000
511,1743680390717025,178.000000,-130.000000,135.000000,178.000000,128.000000,360.000000,122.621002,-88.941002,92.432999,122.621002,87.546997,145.084000,-979.000000,243.000000,407.000000,9.000000,-2.000000,0.000000
511,1743680390721430,178.000000,-130.000000,135.000000,178.000000,128.000000,360.000000,122.622002,-88.942001,92.433998,122.621002,87.547997,145.082001,-985.000000,241.000000,418.000000,12.000000,-11.000000,0.000000
511,1743680390726900,178.000000,-130.000000,135.000000,178.000000,128.000000,360.000000,122.622002,-88.942001,92.435997,122.621002,87.547997,145.082001,-992.000000,242.000000,410.000000,7.000000,-4.000000,0.000000
511,1743680390731291,178.000000,-130.000000,135.000000,178.000000,128.000000,360.000000,122.622002,-88.941002,92.432999,122.622002,87.547997,145.082001,-984.000000,242.000000,392.000000,13.000000,-13.000000,0.000000
511,1743680390736803,178.000000,-130.000000,135.000000,178.000000,128.000000,360.000000,122.621002,-88.941002,92.433998,122.621002,87.546997,145.084000,-996.000000,242.000000,410.000000,4.000000,-5.000000,0.000000
511,1743680390741189,178.000000,-130.000000,135.000000,178.000000,128.000000,360.000000,122.621002,-88.941002,92.433998,122.621002,87.547997,145.082001,-1004.000000,246.000000,415.000000,8.000000,-8.000000,0.000000
511,1743680390746728,178.000000,-130.000000,135.000000,178.000000,128.000000,360.000000,122.622002,-88.941002,92.433998,122.621002,87.546997,145.082001,-998.000000,248.000000,404.000000,10.000000,-8.000000,0.000000
511,1743680390751183,178.000000,-130.000000,135.000000,178.000000,128.000000,360.000000,122.621002,-88.941002,92.435997,122.621002,87.547997,145.082001,-997.000000,256.000000,412.000000,8.000000,-4.000000,0.000000
511,1743680390756626,178.000000,-130.000000,135.000000,178.000000,128.000000,360.000000,122.621002,-88.941002,92.433998,122.621002,87.547997,145.084000,-999.000000,251.000000,382.000000,8.000000,-10.000000,0.000000
511,1743680390761064,178.000000,-130.000000,135.000000,178.000000,128.000000,360.000000,122.621002,-88.942001,92.433998,122.621002,87.546997,145.082001,-1004.000000,255.000000,390.000000,9.000000,-9.000000,0.000000
511,1743680390766549,178.000000,-130.000000,135.000000,178.000000,128.000000,360.000000,122.622002,-88.941002,92.433998,122.621002,87.546997,145.082001,-1002.000000,258.000000,359.000000,9.000000,-6.000000,0.000000
511,1743680390770973,178.000000,-130.000000,135.000000,178.000000,128.000000,360.000000,122.621002,-88.939003,92.433998,122.621002,87.546997,145.082001,-1009.000000,257.000000,388.000000,11.000000,-9.000000,0.000000
511,1743680390776497,178.000000,-130.000000,135.000000,178.000000,128.000000,360.000000,122.621002,-88.941002,92.435997,122.621002,87.547997,145.080994,-1009.000000,260.000000,376.000000,9.000000,-9.000000,0.000000
511,1743680390780864,178.000000,-130.000000,135.000000,178.000000,128.000000,360.000000,122.622002,-88.942001,92.433998,122.621002,87.547997,145.084000,-1004.000000,258.000000,366.000000,5.000000,-10.000000,0.000000
511,1743680390786372,178.000000,-130.000000,135.000000,178.000000,128.000000,360.000000,122.622002,-88.942001,92.433998,122.622002,87.546997,145.084000,-1002.000000,271.000000,378.000000,0.000000,-2.000000,0.000000
511,1743680390791827,178.000000,-130.000000,135.000000,178.000000,128.000000,360.000000,122.623001,-88.941002,92.433998,122.619003,87.547997,145.084000,-1000.000000,265.000000,360.000000,7.000000,-2.000000,0.000000
511,1743680390796238,178.000000,-130.000000,135.000000,178.000000,128.000000,360.000000,122.622002,-88.939003,92.433998,122.621002,87.546997,145.084000,-1017.000000,254.000000,360.000000,5.000000,-10.000000,0.000000
511,1743680390801772,178.000000,-130.000000,135.000000,178.000000,128.000000,360.000000,122.621002,-88.941002,92.433998,122.621002,87.546997,145.082001,-1017.000000,258.000000,355.000000,6.000000,-13.000000,0.000000
511,1743680390806198,178.000000,-130.000000,135.000000,178.000000,128.000000,360.000000,122.622002,-88.941002,92.435997,122.621002,87.547997,145.084000,-1001.000000,261.000000,359.000000,7.000000,-8.000000,0.000000
511,1743680390811600,178.000000,-130.000000,135.000000,178.000000,128.000000,360.000000,122.622002,-88.942001,92.433998,122.621002,87.547997,145.082001,-1014.000000,259.000000,356.000000,5.000000,-7.000000,0.000000
511,1743680390815984,178.000000,-130.000000,135.000000,178.000000,128.000000,360.000000,122.622002,-88.941002,92.433998,122.621002,87.546997,145.082001,-1012.000000,265.000000,356.000000,7.000000,-7.000000,0.000000
511,1743680390821519,178.000000,-130.000000,135.000000,178.000000,128.000000,360.000000,122.622002,-88.941002,92.432999,122.621002,87.547997,145.080994,-1013.000000,258.000000,331.000000,6.000000,-6.000000,0.000000
511,1743680390825829,178.000000,-130.000000,135.000000,178.000000,128.000000,360.000000,122.622002,-88.941002,92.433998,122.621002,87.546997,145.084000,-1017.000000,259.000000,353.000000,7.000000,-7.000000,0.000000
511,1743680390831232,178.000000,-130.000000,135.000000,178.000000,128.000000,360.000000,122.622002,-88.942001,92.433998,122.621002,87.547997,145.082001,-1034.000000,258.000000,352.000000,7.000000,-8.000000,0.000000
511,1743680390836712,178.000000,-130.000000,135.000000,178.000000,128.000000,360.000000,122.622002,-88.942001,92.433998,122.621002,87.547997,145.082001,-1034.000000,258.000000,352.000000,7.000000,-8.000000,0.000000
511,1743680390841069,178.000000,-130.000000,135.000000,178.000000,128.000000,360.000000,122.622002,-88.941002,92.433998,122.621002,87.546997,145.084000,-1022.000000,261.000000,348.000000,-1.000000,-6.000000,0.000000
511,1743680390846512,178.000000,-130.000000,135.000000,178.000000,128.000000,360.000000,122.622002,-88.941002,92.433998,122.621002,87.546997,145.084000,-1022.000000,261.000000,348.000000,-1.000000,-6.000000,0.000000
511,1743680390850899,178.000000,-130.000000,135.000000,178.000000,128.000000,360.000000,122.622002,-88.941002,92.432999,122.622002,87.546997,145.082001,-1037.000000,253.000000,347.000000,5.000000,-8.000000,0.000000
511,1743680390856411,178.000000,-130.000000,135.000000,178.000000,128.000000,360.000000,122.622002,-88.942001,92.432999,122.621002,87.546997,145.082001,-1041.000000,245.000000,341.000000,4.000000,-13.000000,0.000000
511,1743680390861921,178.000000,-130.000000,135.000000,178.000000,128.000000,360.000000,122.621002,-88.941002,92.433998,122.621002,87.546997,145.082001,-1037.000000,254.000000,363.000000,5.000000,-11.000000,0.000000
511,1743680390866367,178.000000,-130.000000,135.000000,178.000000,128.000000,360.000000,122.621002,-88.941002,92.433998,122.622002,87.547997,145.082001,-1048.000000,251.000000,337.000000,3.000000,-10.000000,0.000000
511,1743680390871863,178.000000,-130.000000,135.000000,178.000000,128.000000,360.000000,122.622002,-88.942001,92.432999,122.622002,87.546997,145.082001,-1038.000000,253.000000,344.000000,10.000000,-8.000000,0.000000
511,1743680390876287,178.000000,-130.000000,135.000000,178.000000,128.000000,360.000000,122.622002,-88.941002,92.433998,122.621002,87.547997,145.082001,-1042.000000,253.000000,331.000000,4.000000,-11.000000,0.000000
511,1743680390881749,178.000000,-130.000000,135.000000,178.000000,128.000000,360.000000,122.622002,-88.941002,92.432999,122.622002,87.547997,145.080994,-1044.000000,253.000000,329.000000,3.000000,-5.000000,0.000000
511,1743680390886183,178.000000,-130.000000,135.000000,178.000000,128.000000,360.000000,122.619003,-88.941002,92.432999,122.621002,87.546997,145.082001,-1035.000000,253.000000,338.000000,6.000000,-10.000000,0.000000
511,1743680390891618,178.000000,-130.000000,135.000000,178.000000,128.000000,360.000000,122.622002,-88.942001,92.433998,122.621002,87.546997,145.082001,-1040.000000,251.000000,325.000000,6.000000,-11.000000,0.000000
511,1743680390895923,178.000000,-130.000000,135.000000,178.000000,128.000000,360.000000,122.622002,-88.941002,92.433998,122.621002,87.547997,145.084000,-1035.000000,252.000000,342.000000,5.000000,-2.000000,0.000000
511,1743680390901428,178.000000,-130.000000,135.000000,178.000000,128.000000,360.000000,122.622002,-88.941002,92.433998,122.621002,87.550003,145.084000,-1034.000000,251.000000,327.000000,4.000000,-9.000000,0.000000
511,1743680390905821,178.000000,-130.000000,135.000000,178.000000,128.000000,360.000000,122.621002,-88.941002,92.432999,122.622002,87.547997,145.082001,-1035.000000,250.000000,327.000000,6.000000,-1.000000,0.000000
511,1743680390911301,178.000000,-130.000000,135.000000,178.000000,128.000000,360.000000,122.621002,-88.941002,92.433998,122.621002,87.544998,145.080994,-1044.000000,244.000000,337.000000,6.000000,0.000000,0.000000
511,1743680390916871,178.000000,-130.000000,135.000000,178.000000,128.000000,360.000000,122.621002,-88.941002,92.432999,122.621002,87.546997,145.084000,-1046.000000,245.000000,341.000000,5.000000,-8.000000,0.000000
511,1743680390921322,178.000000,-130.000000,135.000000,178.000000,128.000000,360.000000,122.622002,-88.942001,92.435997,122.621002,87.547997,145.082001,-1041.000000,245.000000,335.000000,7.000000,-6.000000,0.000000
511,1743680390926800,178.000000,-130.000000,135.000000,178.000000,128.000000,360.000000,122.622002,-88.941002,92.433998,122.621002,87.546997,145.082001,-1051.000000,245.000000,317.000000,3.000000,-5.000000,0.000000
511,1743680390931250,178.000000,-130.000000,135.000000,178.000000,128.000000,360.000000,122.622002,-88.942001,92.433998,122.621002,87.547997,145.084000,-1048.000000,247.000000,333.000000,7.000000,-16.000000,0.000000
511,1743680390936744,178.000000,-130.000000,135.000000,178.000000,128.000000,360.000000,122.622002,-88.939003,92.433998,122.621002,87.547997,145.082001,-1048.000000,245.000000,327.000000,6.000000,-10.000000,0.000000
511,1743680390941117,178.000000,-130.000000,135.000000,178.000000,128.000000,360.000000,122.622002,-88.941002,92.432999,122.622002,87.546997,145.082001,-1057.000000,242.000000,325.000000,7.000000,-12.000000,0.000000
511,1743680390946649,178.000000,-130.000000,135.000000,178.000000,128.000000,360.000000,122.622002,-88.941002,92.431999,122.621002,87.546997,145.082001,-1058.000000,241.000000,336.000000,13.000000,-8.000000,0.000000
511,1743680390951007,178.000000,-130.000000,135.000000,178.000000,128.000000,360.000000,122.622002,-88.942001,92.432999,122.622002,87.546997,145.085007,-1049.000000,240.000000,327.000000,8.000000,-3.000000,0.000000
511,1743680390956461,178.000000,-130.000000,135.000000,178.000000,128.000000,360.000000,122.622002,-88.941002,92.432999,122.621002,87.546997,145.082001,-1055.000000,233.000000,340.000000,6.000000,-7.000000,0.000000
511,1743680390960822,178.000000,-130.000000,135.000000,178.000000,128.000000,360.000000,122.622002,-88.939003,92.432999,122.622002,87.546997,145.082001,-1066.000000,240.000000,334.000000,6.000000,-2.000000,0.000000
511,1743680390966247,178.000000,-130.000000,135.000000,178.000000,128.000000,360.000000,122.621002,-88.941002,92.433998,122.621002,87.546997,145.084000,-1066.000000,238.000000,334.000000,9.000000,-8.000000,0.000000
511,1743680390971655,178.000000,-130.000000,135.000000,178.000000,128.000000,360.000000,122.622002,-88.941002,92.433998,122.621002,87.547997,145.082001,-1061.000000,239.000000,330.000000,15.000000,-7.000000,0.000000
511,1743680390976042,178.000000,-130.000000,135.000000,178.000000,128.000000,360.000000,122.622002,-88.941002,92.432999,122.621002,87.547997,145.082001,-1070.000000,242.000000,330.000000,9.000000,-4.000000,0.000000
511,1743680390981525,178.000000,-130.000000,135.000000,178.000000,128.000000,360.000000,122.622002,-88.941002,92.433998,122.621002,87.546997,145.084000,-1077.000000,238.000000,328.000000,5.000000,-6.000000,0.000000
511,1743680390985880,178.000000,-130.000000,135.000000,178.000000,128.000000,360.000000,122.621002,-88.941002,92.433998,122.621002,87.546997,145.082001,-1062.000000,241.000000,325.000000,9.000000,-10.000000,0.000000
511,1743680390991423,178.000000,-130.000000,135.000000,178.000000,128.000000,360.000000,122.622002,-88.942001,92.433998,122.622002,87.546997,145.082001,-1077.000000,241.000000,331.000000,8.000000,-12.000000,0.000000
511,1743680390995833,178.000000,-130.000000,135.000000,178.000000,128.000000,360.000000,122.622002,-88.942001,92.433998,122.622002,87.546997,145.082001,-1077.000000,241.000000,331.000000,8.000000,-12.000000,0.000000
511,1743680391001246,178.000000,-130.000000,135.000000,178.000000,128.000000,360.000000,122.621002,-88.941002,92.433998,122.621002,87.547997,145.082001,-1077.000000,252.000000,333.000000,9.000000,-8.000000,0.000000
511,1743680391006771,178.000000,-130.000000,135.000000,178.000000,128.000000,360.000000,122.621002,-88.941002,92.433998,122.621002,87.547997,145.082001,-1077.000000,252.000000,333.000000,9.000000,-8.000000,0.000000
511,1743680391011174,178.000000,-130.000000,135.000000,178.000000,128.000000,360.000000,122.621002,-88.942001,92.432999,122.622002,87.546997,145.080994,-1068.000000,245.000000,336.000000,9.000000,-4.000000,0.000000
511,1743680391016687,178.000000,-130.000000,135.000000,178.000000,128.000000,360.000000,122.622002,-88.941002,92.433998,122.621002,87.546997,145.084000,-1066.000000,248.000000,330.000000,9.000000,-4.000000,0.000000
511,1743680391021118,178.000000,-130.000000,135.000000,178.000000,128.000000,360.000000,122.622002,-88.941002,92.433998,122.621002,87.546997,145.084000,-1074.000000,248.000000,339.000000,7.000000,-1.000000,0.000000
511,1743680391026581,178.000000,-130.000000,135.000000,178.000000,128.000000,360.000000,122.622002,-88.942001,92.432999,122.621002,87.544998,145.082001,-1087.000000,246.000000,328.000000,7.000000,0.000000,0.000000
511,1743680391030945,178.000000,-130.000000,135.000000,178.000000,128.000000,360.000000,122.622002,-88.941002,92.433998,122.622002,87.544998,145.084000,-1087.000000,247.000000,326.000000,9.000000,-1.000000,0.000000
511,1743680391036496,178.000000,-130.000000,135.000000,178.000000,128.000000,360.000000,122.621002,-88.942001,92.432999,122.621002,87.546997,145.084000,-1089.000000,245.000000,335.000000,7.000000,5.000000,0.000000
511,1743680391040935,178.000000,-130.000000,135.000000,178.000000,128.000000,360.000000,122.622002,-88.941002,92.433998,122.621002,87.544998,145.084000,-1091.000000,247.000000,324.000000,7.000000,3.000000,0.000000
511,1743680391046394,178.000000,-130.000000,135.000000,178.000000,128.000000,360.000000,122.621002,-88.941002,92.433998,122.621002,87.544998,145.082001,-1099.000000,245.000000,330.000000,14.000000,0.000000,0.000000
511,1743680391050812,178.000000,-130.000000,135.000000,178.000000,128.000000,360.000000,122.622002,-88.941002,92.432999,122.621002,87.543999,145.084000,-1099.000000,245.000000,331.000000,9.000000,8.000000,0.000000
511,1743680391056346,178.000000,-130.000000,135.000000,178.000000,128.000000,360.000000,122.622002,-88.939003,92.432999,122.621002,87.543999,145.084000,-1097.000000,246.000000,331.000000,8.000000,8.000000,0.000000
511,1743680391061844,178.000000,-130.000000,135.000000,178.000000,128.000000,360.000000,122.622002,-88.941002,92.432999,122.621002,87.543999,145.084000,-1105.000000,246.000000,327.000000,8.000000,7.000000,0.000000
511,1743680391066320,178.000000,-130.000000,135.000000,178.000000,128.000000,360.000000,122.622002,-88.941002,92.433998,122.621002,87.544998,145.082001,-1119.000000,247.000000,329.000000,10.000000,6.000000,0.000000
511,1743680391071919,178.000000,-130.000000,135.000000,178.000000,128.000000,360.000000,122.623001,-88.941002,92.431999,122.621002,87.544998,145.082001,-1105.000000,247.000000,324.000000,9.000000,4.000000,0.000000
511,1743680391076364,178.000000,-130.000000,135.000000,178.000000,128.000000,360.000000,122.622002,-88.941002,92.431999,122.622002,87.543999,145.082001,-1118.000000,245.000000,311.000000,10.000000,10.000000,0.000000
511,1743680391081846,178.000000,-130.000000,135.000000,178.000000,128.000000,360.000000,122.622002,-88.941002,92.433998,122.621002,87.543999,145.082001,-1114.000000,246.000000,345.000000,16.000000,3.000000,0.000000
511,1743680391086268,178.000000,-130.000000,135.000000,178.000000,128.000000,360.000000,122.622002,-88.942001,92.432999,122.621002,87.544998,145.084000,-1111.000000,246.000000,328.000000,8.000000,5.000000,0.000000
511,1743680391091758,178.000000,-130.000000,135.000000,178.000000,128.000000,360.000000,122.621002,-88.941002,92.433998,122.621002,87.543999,145.084000,-1123.000000,246.000000,332.000000,11.000000,0.000000,0.000000
511,1743680391096155,178.000000,-130.000000,135.000000,178.000000,128.000000,360.000000,122.622002,-88.941002,92.432999,122.621002,87.544998,145.084000,-1120.000000,246.000000,327.000000,11.000000,4.000000,0.000000
511,1743680391101728,178.000000,-130.000000,135.000000,178.000000,128.000000,360.000000,122.623001,-88.941002,92.432999,122.621002,87.544998,145.084000,-1123.000000,247.000000,324.000000,7.000000,12.000000,0.000000
511,1743680391106164,178.000000,-130.000000,135.000000,178.000000,128.000000,360.000000,122.621002,-88.942001,92.432999,122.621002,87.544998,145.082001,-1131.000000,247.000000,333.000000,6.000000,3.000000,0.000000
511,1743680391111623,178.000000,-130.000000,135.000000,178.000000,128.000000,360.000000,122.621002,-88.939003,92.435997,122.622002,87.543999,145.082001,-1125.000000,247.000000,336.000000,7.000000,2.000000,0.000000
511,1743680391116021,178.000000,-130.000000,135.000000,178.000000,128.000000,360.000000,122.622002,-88.941002,92.432999,122.621002,87.543999,145.084000,-1120.000000,247.000000,318.000000,7.000000,4.000000,0.000000
511,1743680391121548,178.000000,-130.000000,135.000000,178.000000,128.000000,360.000000,122.622002,-88.939003,92.433998,122.621002,87.543999,145.084000,-1130.000000,248.000000,334.000000,9.000000,6.000000,0.000000
511,1743680391125933,178.000000,-130.000000,135.000000,178.000000,128.000000,360.000000,122.621002,-88.941002,92.433998,122.621002,87.543999,145.084000,-1131.000000,246.000000,328.000000,11.000000,5.000000,0.000000
511,1743680391131528,178.000000,-130.000000,135.000000,178.000000,128.000000,360.000000,122.622002,-88.941002,92.433998,122.621002,87.543999,145.084000,-1126.000000,247.000000,329.000000,9.000000,0.000000,0.000000
511,1743680391135881,178.000000,-130.000000,135.000000,178.000000,128.000000,360.000000,122.622002,-88.942001,92.432999,122.621002,87.543999,145.082001,-1125.000000,254.000000,334.000000,10.000000,12.000000,0.000000
511,1743680391141398,178.000000,-130.000000,135.000000,178.000000,128.000000,360.000000,122.621002,-88.941002,92.432999,122.621002,87.544998,145.082001,-1128.000000,251.000000,324.000000,10.000000,6.000000,0.000000
511,1743680391145803,178.000000,-130.000000,135.000000,178.000000,128.000000,360.000000,122.621002,-88.941002,92.433998,122.621002,87.543999,145.080994,-1126.000000,245.000000,329.000000,10.000000,11.000000,0.000000
511,1743680391151310,178.000000,-130.000000,135.000000,178.000000,128.000000,360.000000,122.622002,-88.941002,92.432999,122.621002,87.543999,145.082001,-1126.000000,248.000000,332.000000,12.000000,7.000000,0.000000
511,1743680391156788,178.000000,-130.000000,135.000000,178.000000,128.000000,360.000000,122.622002,-88.941002,92.432999,122.622002,87.543999,145.082001,-1126.000000,247.000000,329.000000,12.000000,4.000000,0.000000
511,1743680391161176,178.000000,-130.000000,135.000000,178.000000,128.000000,360.000000,122.622002,-88.941002,92.432999,122.621002,87.543999,145.084000,-1126.000000,249.000000,327.000000,10.000000,10.000000,0.000000
511,1743680391166673,178.000000,-130.000000,135.000000,178.000000,128.000000,360.000000,122.623001,-88.939003,92.433998,122.622002,87.543999,145.082001,-1127.000000,249.000000,325.000000,11.000000,7.000000,0.000000
511,1743680391171125,178.000000,-130.000000,135.000000,178.000000,128.000000,360.000000,122.622002,-88.941002,92.433998,122.621002,87.543999,145.085007,-1130.000000,256.000000,330.000000,7.000000,12.000000,0.000000
511,1743680391176624,178.000000,-130.000000,135.000000,178.000000,128.000000,360.000000,122.622002,-88.942001,92.433998,122.621002,87.543999,145.082001,-1126.000000,252.000000,346.000000,8.000000,16.000000,0.000000
511,1743680391181042,178.000000,-130.000000,135.000000,178.000000,128.000000,360.000000,122.622002,-88.942001,92.433998,122.621002,87.543999,145.082001,-1126.000000,252.000000,346.000000,8.000000,16.000000,0.000000
511,1743680391186456,178.000000,-130.000000,135.000000,178.000000,128.000000,360.000000,122.621002,-88.941002,92.432999,122.621002,87.544998,145.082001,-1128.000000,253.000000,344.000000,11.000000,12.000000,0.000000
511,1743680391190855,178.000000,-130.000000,135.000000,178.000000,128.000000,360.000000,122.622002,-88.941002,92.432999,122.622002,87.543999,145.084000,-1131.000000,252.000000,349.000000,12.000000,13.000000,0.000000
511,1743680391196348,178.000000,-130.000000,135.000000,178.000000,128.000000,360.000000,122.622002,-88.941002,92.433998,122.622002,87.543999,145.082001,-1133.000000,252.000000,343.000000,4.000000,20.000000,0.000000
511,1743680391201835,178.000000,-130.000000,135.000000,178.000000,128.000000,360.000000,122.621002,-88.941002,92.432999,122.621002,87.544998,145.084000,-1130.000000,254.000000,341.000000,9.000000,18.000000,0.000000
511,1743680391206238,178.000000,-130.000000,135.000000,178.000000,128.000000,360.000000,122.623001,-88.939003,92.433998,122.619003,87.543999,145.082001,-1128.000000,253.000000,352.000000,9.000000,15.000000,0.000000
511,1743680391211650,178.000000,-130.000000,135.000000,178.000000,128.000000,360.000000,122.621002,-88.939003,92.432999,122.622002,87.543999,145.082001,-1146.000000,252.000000,358.000000,11.000000,13.000000,0.000000
511,1743680391216018,178.000000,-130.000000,135.000000,178.000000,128.000000,360.000000,122.622002,-88.941002,92.431999,122.621002,87.543999,145.080994,-1130.000000,246.000000,346.000000,9.000000,22.000000,0.000000
511,1743680391221569,178.000000,-130.000000,135.000000,178.000000,128.000000,360.000000,122.622002,-88.941002,92.431999,122.621002,87.543999,145.082001,-1130.000000,240.000000,332.000000,9.000000,15.000000,0.000000
511,1743680391225977,178.000000,-130.000000,135.000000,178.000000,128.000000,360.000000,122.621002,-88.939003,92.432999,122.621002,87.543999,145.082001,-1134.000000,245.000000,348.000000,8.000000,8.000000,0.000000
511,1743680391231496,178.000000,-130.000000,135.000000,178.000000,128.000000,360.000000,122.623001,-88.941002,92.431999,122.621002,87.543999,145.084000,-1134.000000,244.000000,342.000000,10.000000,12.000000,0.000000
511,1743680391235912,178.000000,-130.000000,135.000000,178.000000,128.000000,360.000000,122.622002,-88.941002,92.433998,122.621002,87.543999,145.084000,-1142.000000,239.000000,343.000000,10.000000,14.000000,0.000000
511,1743680391241411,178.000000,-130.000000,135.000000,178.000000,128.000000,360.000000,122.621002,-88.939003,92.432999,122.621002,87.544998,145.082001,-1143.000000,240.000000,348.000000,0.000000,17.000000,0.000000
511,1743680391246817,178.000000,-130.000000,135.000000,178.000000,128.000000,360.000000,122.622002,-88.941002,92.431999,122.621002,87.544998,145.082001,-1155.000000,239.000000,340.000000,7.000000,12.000000,0.000000
511,1743680391251293,178.000000,-130.000000,135.000000,178.000000,128.000000,360.000000,122.621002,-88.939003,92.432999,122.621002,87.542999,145.084000,-1163.000000,241.000000,339.000000,12.000000,14.000000,0.000000
511,1743680391256843,178.000000,-130.000000,135.000000,178.000000,128.000000,360.000000,122.621002,-88.939003,92.432999,122.621002,87.544998,145.080994,-1151.000000,221.000000,345.000000,10.000000,15.000000,0.000000
511,1743680391261262,178.000000,-130.000000,135.000000,178.000000,128.000000,360.000000,122.621002,-88.941002,92.432999,122.622002,87.542999,145.084000,-1157.000000,228.000000,352.000000,9.000000,20.000000,0.000000
511,1743680391266662,178.000000,-130.000000,135.000000,178.000000,128.000000,360.000000,122.622002,-88.938004,92.432999,122.621002,87.543999,145.082001,-1159.000000,225.000000,345.000000,10.000000,26.000000,0.000000
511,1743680391271030,178.000000,-130.000000,135.000000,178.000000,128.000000,360.000000,122.622002,-88.941002,92.432999,122.621002,87.543999,145.085007,-1161.000000,218.000000,340.000000,7.000000,22.000000,0.000000
511,1743680391276565,178.000000,-130.000000,135.000000,178.000000,128.000000,360.000000,122.621002,-88.938004,92.433998,122.621002,87.543999,145.080994,-1163.000000,221.000000,342.000000,11.000000,23.000000,0.000000
511,1743680391281066,178.000000,-130.000000,135.000000,178.000000,128.000000,360.000000,122.622002,-88.939003,92.432999,122.621002,87.542999,145.082001,-1167.000000,207.000000,351.000000,1.000000,19.000000,0.000000
511,1743680391286531,178.000000,-130.000000,135.000000,178.000000,128.000000,360.000000,122.622002,-88.939003,92.433998,122.622002,87.543999,145.082001,-1165.000000,213.000000,353.000000,7.000000,23.000000,0.000000
511,1743680391290859,178.000000,-130.000000,135.000000,178.000000,128.000000,360.000000,122.622002,-88.939003,92.432999,122.621002,87.543999,145.084000,-1157.000000,216.000000,344.000000,5.000000,29.000000,0.000000
511,1743680391296405,178.000000,-130.000000,135.000000,178.000000,128.000000,360.000000,122.622002,-88.939003,92.432999,122.621002,87.543999,145.082001,-1162.000000,217.000000,341.000000,5.000000,24.000000,0.000000
511,1743680391301892,178.000000,-130.000000,135.000000,178.000000,128.000000,360.000000,122.622002,-88.939003,92.432999,122.621002,87.543999,145.082001,-1170.000000,210.000000,343.000000,6.000000,19.000000,0.000000
511,1743680391306316,178.000000,-130.000000,135.000000,178.000000,128.000000,360.000000,122.622002,-88.939003,92.433998,122.621002,87.543999,145.082001,-1177.000000,203.000000,331.000000,7.000000,17.000000,0.000000
511,1743680391311816,178.000000,-130.000000,135.000000,178.000000,128.000000,360.000000,122.622002,-88.939003,92.435997,122.621002,87.543999,145.082001,-1179.000000,212.000000,332.000000,7.000000,26.000000,0.000000
511,1743680391316231,178.000000,-130.000000,135.000000,178.000000,128.000000,360.000000,122.622002,-88.939003,92.433998,122.621002,87.542999,145.084000,-1180.000000,213.000000,340.000000,8.000000,20.000000,0.000000
511,1743680391321723,178.000000,-130.000000,135.000000,178.000000,128.000000,360.000000,122.621002,-88.941002,92.432999,122.621002,87.543999,145.080994,-1178.000000,211.000000,334.000000,9.000000,29.000000,0.000000
511,1743680391326107,178.000000,-130.000000,135.000000,178.000000,128.000000,360.000000,122.622002,-88.939003,92.433998,122.621002,87.543999,145.082001,-1179.000000,217.000000,343.000000,6.000000,17.000000,0.000000
511,1743680391331631,178.000000,-130.000000,135.000000,178.000000,128.000000,360.000000,122.621002,-88.939003,92.433998,122.621002,87.543999,145.082001,-1172.000000,215.000000,347.000000,7.000000,23.000000,0.000000
511,1743680391335997,178.000000,-130.000000,135.000000,178.000000,128.000000,360.000000,122.622002,-88.939003,92.432999,122.621002,87.543999,145.084000,-1180.000000,211.000000,340.000000,9.000000,28.000000,0.000000
511,1743680391341519,178.000000,-130.000000,135.000000,178.000000,128.000000,360.000000,122.621002,-88.939003,92.433998,122.621002,87.543999,145.082001,-1177.000000,203.000000,341.000000,7.000000,30.000000,0.000000
511,1743680391345924,178.000000,-130.000000,135.000000,178.000000,128.000000,360.000000,122.621002,-88.939003,92.432999,122.621002,87.542999,145.085007,-1177.000000,210.000000,338.000000,7.000000,23.000000,0.000000
511,1743680391351390,178.000000,-130.000000,135.000000,178.000000,128.000000,360.000000,122.621002,-88.939003,92.433998,122.621002,87.543999,145.080994,-1180.000000,202.000000,349.000000,7.000000,29.000000,0.000000
511,1743680391355847,178.000000,-130.000000,135.000000,178.000000,128.000000,360.000000,122.621002,-88.939003,92.433998,122.621002,87.543999,145.080994,-1180.000000,202.000000,349.000000,7.000000,29.000000,0.000000
511,1743680391361318,178.000000,-130.000000,135.000000,178.000000,128.000000,360.000000,122.622002,-88.939003,92.433998,122.622002,87.544998,145.085007,-1190.000000,208.000000,337.000000,1.000000,28.000000,0.000000
511,1743680391366812,178.000000,-130.000000,135.000000,178.000000,128.000000,360.000000,122.622002,-88.939003,92.433998,122.622002,87.544998,145.085007,-1190.000000,208.000000,337.000000,1.000000,28.000000,0.000000
511,1743680391371189,178.000000,-130.000000,135.000000,178.000000,128.000000,360.000000,122.622002,-88.939003,92.432999,122.621002,87.543999,145.082001,-1188.000000,207.000000,349.000000,2.000000,32.000000,0.000000
511,1743680391376779,178.000000,-130.000000,135.000000,178.000000,128.000000,360.000000,122.622002,-88.941002,92.431999,122.621002,87.542999,145.082001,-1191.000000,197.000000,351.000000,6.000000,34.000000,0.000000
511,1743680391381159,178.000000,-130.000000,135.000000,178.000000,128.000000,360.000000,122.622002,-88.939003,92.432999,122.622002,87.544998,145.082001,-1191.000000,203.000000,324.000000,4.000000,42.000000,0.000000
511,1743680391386695,178.000000,-130.000000,135.000000,178.000000,128.000000,360.000000,122.621002,-88.941002,92.433998,122.621002,87.543999,145.084000,-1189.000000,203.000000,348.000000,5.000000,41.000000,0.000000
511,1743680391391054,178.000000,-130.000000,135.000000,178.000000,128.000000,360.000000,122.622002,-88.939003,92.433998,122.621002,87.543999,145.084000,-1195.000000,203.000000,348.000000,5.000000,33.000000,0.000000
511,1743680391396660,178.000000,-130.000000,135.000000,178.000000,128.000000,360.000000,122.621002,-88.939003,92.432999,122.621002,87.543999,145.082001,-1199.000000,202.000000,343.000000,4.000000,30.000000,0.000000
511,1743680391401069,178.000000,-130.000000,135.000000,178.000000,128.000000,360.000000,122.619003,-88.939003,92.432999,122.621002,87.544998,145.082001,-1192.000000,203.000000,354.000000,6.000000,30.000000,0.000000
511,1743680391406500,178.000000,-130.000000,135.000000,178.000000,128.000000,360.000000,122.621002,-88.938004,92.433998,122.621002,87.543999,145.082001,-1197.000000,202.000000,347.000000,10.000000,33.000000,0.000000
511,1743680391410925,178.000000,-130.000000,135.000000,178.000000,128.000000,360.000000,122.621002,-88.939003,92.432999,122.621002,87.543999,145.082001,-1191.000000,188.000000,344.000000,6.000000,50.000000,0.000000
511,1743680391416464,178.000000,-130.000000,135.000000,178.000000,128.000000,360.000000,122.622002,-88.939003,92.432999,122.621002,87.542999,145.084000,-1206.000000,196.000000,357.000000,8.000000,35.000000,0.000000
511,1743680391420848,178.000000,-130.000000,135.000000,178.000000,128.000000,360.000000,122.621002,-88.939003,92.432999,122.621002,87.544998,145.084000,-1199.000000,189.000000,352.000000,7.000000,41.000000,0.000000
511,1743680391426303,178.000000,-130.000000,135.000000,178.000000,128.000000,360.000000,122.622002,-88.941002,92.433998,122.619003,87.543999,145.080994,-1201.000000,182.000000,347.000000,7.000000,34.000000,0.000000
511,1743680391431777,178.000000,-130.000000,135.000000,178.000000,128.000000,360.000000,122.622002,-88.939003,92.432999,122.621002,87.544998,145.082001,-1200.000000,185.000000,362.000000,8.000000,36.000000,0.000000
511,1743680391436247,178.000000,-130.000000,135.000000,178.000000,128.000000,360.000000,122.621002,-88.939003,92.432999,122.621002,87.544998,145.080994,-1199.000000,176.000000,357.000000,13.000000,44.000000,0.000000
511,1743680391441722,178.000000,-130.000000,135.000000,178.000000,128.000000,360.000000,122.622002,-88.939003,92.431999,122.622002,87.543999,145.082001,-1201.000000,180.000000,360.000000,6.000000,40.000000,0.000000
511,1743680391446142,178.000000,-130.000000,135.000000,178.000000,128.000000,360.000000,122.622002,-88.939003,92.432999,122.621002,87.544998,145.082001,-1197.000000,177.000000,365.000000,8.000000,39.000000,0.000000
511,1743680391451589,178.000000,-130.000000,135.000000,178.000000,128.000000,360.000000,122.621002,-88.938004,92.432999,122.622002,87.543999,145.084000,-1185.000000,180.000000,362.000000,8.000000,37.000000,0.000000
511,1743680391456038,178.000000,-130.000000,135.000000,178.000000,128.000000,360.000000,122.622002,-88.941002,92.433998,122.621002,87.542999,145.082001,-1199.000000,169.000000,350.000000,8.000000,38.000000,0.000000
511,1743680391461516,178.000000,-130.000000,135.000000,178.000000,128.000000,360.000000,122.621002,-88.941002,92.432999,122.621002,87.542999,145.084000,-1204.000000,162.000000,368.000000,7.000000,39.000000,0.000000
511,1743680391465912,178.000000,-130.000000,135.000000,178.000000,128.000000,360.000000,122.619003,-88.939003,92.432999,122.622002,87.543999,145.080994,-1207.000000,170.000000,363.000000,5.000000,46.000000,0.000000
511,1743680391471437,178.000000,-130.000000,135.000000,178.000000,128.000000,360.000000,122.619003,-88.941002,92.432999,122.621002,87.542999,145.084000,-1201.000000,164.000000,355.000000,7.000000,43.000000,0.000000
511,1743680391475836,178.000000,-130.000000,135.000000,178.000000,128.000000,360.000000,122.622002,-88.941002,92.432999,122.621002,87.544998,145.084000,-1193.000000,172.000000,359.000000,7.000000,39.000000,0.000000
511,1743680391481364,178.000000,-130.000000,135.000000,178.000000,128.000000,360.000000,122.622002,-88.939003,92.431999,122.621002,87.543999,145.084000,-1207.000000,168.000000,361.000000,8.000000,37.000000,0.000000
511,1743680391486844,178.000000,-130.000000,135.000000,178.000000,128.000000,360.000000,122.622002,-88.939003,92.432999,122.621002,87.542999,145.082001,-1203.000000,169.000000,355.000000,11.000000,44.000000,0.000000
511,1743680391491258,178.000000,-130.000000,135.000000,178.000000,128.000000,360.000000,122.622002,-88.939003,92.432999,122.621002,87.543999,145.082001,-1197.000000,172.000000,386.000000,13.000000,41.000000,0.000000
511,1743680391496764,178.000000,-130.000000,135.000000,178.000000,128.000000,360.000000,122.619003,-88.941002,92.432999,122.621002,87.543999,145.082001,-1208.000000,174.000000,390.000000,13.000000,37.000000,0.000000
511,1743680391501201,178.000000,-130.000000,135.000000,178.000000,128.000000,360.000000,122.619003,-88.939003,92.432999,122.621002,87.543999,145.082001,-1200.000000,169.000000,376.000000,13.000000,51.000000,0.000000
511,1743680391506667,178.000000,-130.000000,135.000000,178.000000,128.000000,360.000000,122.622002,-88.939003,92.432999,122.621002,87.543999,145.082001,-1200.000000,167.000000,373.000000,10.000000,43.000000,0.000000
511,1743680391511052,178.000000,-130.000000,135.000000,178.000000,128.000000,360.000000,122.621002,-88.941002,92.432999,122.622002,87.543999,145.082001,-1203.000000,158.000000,383.000000,9.000000,46.000000,0.000000
511,1743680391516575,178.000000,-130.000000,135.000000,178.000000,128.000000,360.000000,122.621002,-88.939003,92.431999,122.621002,87.543999,145.082001,-1204.000000,162.000000,377.000000,9.000000,47.000000,0.000000
511,1743680391520992,178.000000,-130.000000,135.000000,178.000000,128.000000,360.000000,122.621002,-88.939003,92.432999,122.621002,87.543999,145.082001,-1203.000000,157.000000,369.000000,8.000000,42.000000,0.000000
511,1743680391526460,178.000000,-130.000000,135.000000,178.000000,128.000000,360.000000,122.623001,-88.941002,92.432999,122.622002,87.543999,145.082001,-1201.000000,158.000000,384.000000,2.000000,44.000000,0.000000
511,1743680391530862,178.000000,-130.000000,135.000000,178.000000,128.000000,360.000000,122.621002,-88.939003,92.431999,122.622002,87.543999,145.084000,-1208.000000,157.000000,382.000000,8.000000,43.000000,0.000000
511,1743680391536406,178.000000,-130.000000,135.000000,178.000000,128.000000,360.000000,122.622002,-88.941002,92.432999,122.621002,87.543999,145.080994,-1202.000000,160.000000,377.000000,8.000000,46.000000,0.000000
511,1743680391540802,178.000000,-130.000000,135.000000,178.000000,128.000000,360.000000,122.622002,-88.941002,92.432999,122.621002,87.543999,145.082001,-1206.000000,159.000000,386.000000,8.000000,49.000000,0.000000
511,1743680391546293,178.000000,-130.000000,135.000000,178.000000,128.000000,360.000000,122.621002,-88.938004,92.431999,122.621002,87.544998,145.082001,-1210.000000,159.000000,386.000000,11.000000,51.000000,0.000000
511,1743680391551852,178.000000,-130.000000,135.000000,178.000000,128.000000,360.000000,122.622002,-88.941002,92.432999,122.621002,87.543999,145.082001,-1201.000000,147.000000,377.000000,9.000000,44.000000,0.000000
511,1743680391556251,178.000000,-130.000000,135.000000,178.000000,128.000000,360.000000,122.622002,-88.941002,92.432999,122.621002,87.543999,145.082001,-1201.000000,147.000000,377.000000,9.000000,44.000000,0.000000
511,1743680391561746,178.000000,-130.000000,135.000000,178.000000,128.000000,360.000000,122.622002,-88.939003,92.433998,122.621002,87.543999,145.080994,-1197.000000,152.000000,390.000000,8.000000,43.000000,0.000000
511,1743680391566166,178.000000,-130.000000,135.000000,178.000000,128.000000,360.000000,122.622002,-88.939003,92.432999,122.621002,87.543999,145.085007,-1211.000000,153.000000,370.000000,10.000000,46.000000,0.000000
511,1743680391571678,178.000000,-130.000000,135.000000,178.000000,128.000000,360.000000,122.622002,-88.939003,92.432999,122.621002,87.543999,145.085007,-1211.000000,153.000000,370.000000,10.000000,46.000000,0.000000
511,1743680391576004,178.000000,-130.000000,135.000000,178.000000,128.000000,360.000000,122.622002,-88.939003,92.432999,122.621002,87.542999,145.084000,-1207.000000,150.000000,390.000000,8.000000,51.000000,0.000000
511,1743680391581505,178.000000,-130.000000,135.000000,178.000000,128.000000,360.000000,122.622002,-88.939003,92.432999,122.621002,87.544998,145.080994,-1205.000000,152.000000,370.000000,8.000000,51.000000,0.000000
511,1743680391585842,178.000000,-130.000000,135.000000,178.000000,128.000000,360.000000,122.621002,-88.938004,92.433998,122.621002,87.544998,145.084000,-1205.000000,145.000000,377.000000,9.000000,48.000000,0.000000
