point_index,timestamp_us,plan_pos_0,plan_pos_1,plan_pos_2,plan_pos_3,plan_pos_4,plan_pos_5,actual_pos_0,actual_pos_1,actual_pos_2,actual_pos_3,actual_pos_4,actual_pos_5,current_0,current_1,current_2,current_3,current_4,current_5
0,1743675103384690,0.049497,-0.036163,0.037552,0.049497,0.035608,0.100052,0.107000,-0.022000,0.048000,0.039000,0.065000,0.155000,-141.000000,-889.000000,-2303.000000,80.000000,-457.000000,-96.000000
1,1743675103390187,0.049861,-0.036528,0.037917,0.049861,0.035972,0.100417,0.107000,-0.022000,0.046000,0.039000,0.063000,0.155000,-157.000000,-900.000000,-2309.000000,79.000000,-474.000000,-76.000000
2,1743675103394536,0.050851,-0.037517,0.038906,0.050851,0.036962,0.101406,0.107000,-0.022000,0.045000,0.041000,0.061000,0.153000,-149.000000,-922.000000,-2297.000000,82.000000,-459.000000,-88.000000
3,1743675103400137,0.052778,-0.039444,0.040833,0.052778,0.038889,0.103333,0.104000,-0.022000,0.044000,0.038000,0.060000,0.156000,-154.000000,-936.000000,-2310.000000,91.000000,-455.000000,-92.000000
4,1743675103405571,0.055955,-0.042622,0.044010,0.055955,0.042066,0.106510,0.104000,-0.020000,0.045000,0.039000,0.059000,0.151000,-163.000000,-967.000000,-2308.000000,94.000000,-435.000000,-84.000000
5,1743675103409878,0.060694,-0.047361,0.048750,0.060694,0.046806,0.111250,0.104000,-0.022000,0.045000,0.041000,0.059000,0.153000,-159.000000,-985.000000,-2346.000000,101.000000,-457.000000,-92.000000
6,1743675103415333,0.067309,-0.053976,0.055365,0.067309,0.053420,0.117865,0.103000,-0.020000,0.042000,0.039000,0.057000,0.152000,-177.000000,-1004.000000,-2343.000000,106.000000,-464.000000,-98.000000
7,1743675103420817,0.076111,-0.062778,0.064167,0.076111,0.062222,0.126667,0.103000,-0.020000,0.042000,0.039000,0.057000,0.152000,-177.000000,-1004.000000,-2343.000000,106.000000,-464.000000,-98.000000
8,1743675103425225,0.087413,-0.074080,0.075469,0.087413,0.073524,0.137969,0.101000,-0.019000,0.042000,0.039000,0.056000,0.152000,-167.000000,-1028.000000,-2350.000000,109.000000,-422.000000,-105.000000
9,1743675103430750,0.101528,-0.088194,0.089583,0.101528,0.087639,0.152083,0.101000,-0.020000,0.042000,0.039000,0.054000,0.151000,-156.000000,-1035.000000,-2381.000000,115.000000,-438.000000,-94.000000
10,1743675103435171,0.118767,-0.105434,0.106823,0.118767,0.104878,0.169323,0.101000,-0.020000,0.041000,0.038000,0.054000,0.152000,-160.000000,-1065.000000,-2377.000000,128.000000,-445.000000,-93.000000
11,1743675103440595,0.139444,-0.126111,0.127500,0.139444,0.125556,0.190000,0.103000,-0.020000,0.041000,0.041000,0.052000,0.149000,-163.000000,-1081.000000,-2380.000000,120.000000,-416.000000,-109.000000
11,1743675103444972,0.139444,-0.126111,0.127500,0.139444,0.125556,0.190000,0.100000,-0.022000,0.041000,0.038000,0.052000,0.151000,-184.000000,-1100.000000,-2398.000000,127.000000,-449.000000,-107.000000
13,1743675103450385,0.192361,-0.179028,0.180417,0.192361,0.178472,0.242917,0.100000,-0.020000,0.039000,0.039000,0.050000,0.149000,-174.000000,-1114.000000,-2371.000000,135.000000,-433.000000,-103.000000
13,1743675103454684,0.192361,-0.179028,0.180417,0.192361,0.178472,0.242917,0.098000,-0.022000,0.039000,0.039000,0.049000,0.149000,-135.000000,-1152.000000,-2297.000000,138.000000,-408.000000,-94.000000
14,1743675103460216,0.225226,-0.211892,0.213281,0.225226,0.211337,0.275781,0.098000,-0.020000,0.039000,0.041000,0.050000,0.149000,324.000000,-1540.000000,-1792.000000,295.000000,-337.000000,5.000000
15,1743675103465704,0.262778,-0.249444,0.250833,0.262778,0.248889,0.313333,0.101000,-0.020000,0.038000,0.048000,0.049000,0.156000,490.000000,-1910.000000,-1292.000000,371.000000,-27.000000,117.000000
16,1743675103470077,0.305330,-0.291997,0.293385,0.305330,0.291441,0.355885,0.120000,-0.026000,0.042000,0.063000,0.052000,0.164000,334.000000,-2359.000000,-608.000000,322.000000,101.000000,204.000000
17,1743675103475606,0.353194,-0.339861,0.341250,0.353194,0.339306,0.403750,0.137000,-0.034000,0.049000,0.093000,0.060000,0.174000,395.000000,-2556.000000,-343.000000,229.000000,140.000000,298.000000
18,1743675103480048,0.406684,-0.393351,0.394740,0.406684,0.392795,0.457240,0.157000,-0.045000,0.061000,0.115000,0.075000,0.182000,486.000000,-2716.000000,-247.000000,200.000000,173.000000,318.000000
19,1743675103485565,0.466111,-0.452778,0.454167,0.466111,0.452222,0.516667,0.182000,-0.061000,0.081000,0.146000,0.100000,0.190000,468.000000,-2932.000000,-258.000000,152.000000,147.000000,351.000000
20,1743675103489969,0.531788,-0.518455,0.519844,0.531788,0.517899,0.582344,0.212000,-0.085000,0.108000,0.182000,0.114000,0.190000,399.000000,-2954.000000,-249.000000,71.000000,82.000000,386.000000
21,1743675103495473,0.604028,-0.590694,0.592083,0.604028,0.590139,0.654583,0.252000,-0.119000,0.141000,0.225000,0.140000,0.190000,567.000000,-3284.000000,-257.000000,40.000000,144.000000,426.000000
23,1743675103503103,0.769444,-0.756111,0.757500,0.769444,0.755556,0.820000,0.281000,-0.149000,0.181000,0.267000,0.188000,0.222000,534.000000,-3350.000000,-94.000000,-14.000000,99.000000,245.000000
23,1743675103505342,0.769444,-0.756111,0.757500,0.769444,0.755556,0.820000,0.325000,-0.204000,0.243000,0.325000,0.217000,0.249000,686.000000,-3179.000000,-246.000000,118.000000,158.000000,255.000000
24,1743675103510841,0.863247,-0.849913,0.851302,0.863247,0.849358,0.913802,0.359000,-0.243000,0.287000,0.362000,0.288000,0.332000,697.000000,-3241.000000,-488.000000,98.000000,353.000000,425.000000
25,1743675103515245,0.964861,-0.951528,0.952917,0.964861,0.950972,1.015420,0.413000,-0.289000,0.344000,0.418000,0.333000,0.368000,627.000000,-3280.000000,-227.000000,305.000000,323.000000,371.000000
26,1743675103520731,1.074600,-1.061270,1.062660,1.074600,1.060710,1.125160,0.494000,-0.374000,0.427000,0.499000,0.380000,0.431000,634.000000,-3380.000000,-318.000000,344.000000,187.000000,164.000000
27,1743675103525176,1.192780,-1.179440,1.180830,1.192780,1.178890,1.243330,0.494000,-0.374000,0.427000,0.499000,0.380000,0.431000,634.000000,-3380.000000,-318.000000,344.000000,187.000000,164.000000
28,1743675103530698,1.319700,-1.306370,1.307760,1.319700,1.305820,1.370260,0.612000,-0.520000,0.578000,0.644000,0.510000,0.594000,881.000000,-3437.000000,-178.000000,309.000000,408.000000,501.000000
29,1743675103535140,1.455690,-1.442360,1.443750,1.455690,1.441810,1.506250,0.612000,-0.520000,0.578000,0.644000,0.510000,0.594000,881.000000,-3437.000000,-178.000000,309.000000,408.000000,501.000000
30,1743675103540672,1.601060,-1.587700,1.589110,1.601060,1.587100,1.651610,0.685000,-0.605000,0.664000,0.725000,0.630000,0.722000,679.000000,-3186.000000,18.000000,144.000000,221.000000,402.000000
31,1743675103545149,1.756110,-1.742320,1.744060,1.756110,1.741520,1.806670,0.763000,-0.693000,0.758000,0.797000,0.712000,0.806000,678.000000,-3085.000000,-237.000000,131.000000,311.000000,314.000000
32,1743675103550623,1.921160,-1.905920,1.908360,1.921160,1.904760,1.971720,0.852000,-0.778000,0.843000,0.892000,0.797000,0.888000,652.000000,-3403.000000,-226.000000,471.000000,368.000000,376.000000
33,1743675103555023,2.096530,-2.078180,2.081720,2.096530,2.076510,2.147080,0.973000,-0.921000,0.983000,1.028000,0.905000,0.996000,931.000000,-3430.000000,-6.000000,464.000000,213.000000,462.000000
34,1743675103560547,2.282520,-2.258790,2.263820,2.282520,2.256450,2.333070,1.060000,-0.991000,1.053000,1.093000,1.025000,1.112000,816.000000,-3418.000000,35.000000,220.000000,402.000000,455.000000
35,1743675103564939,2.479440,-2.447430,2.454340,2.479440,2.444270,2.530000,1.150000,-1.165000,1.223000,1.268000,1.152000,1.231000,1060.000000,-3928.000000,-65.000000,310.000000,377.000000,538.000000
36,1743675103570401,2.687510,-2.643810,2.652980,2.687510,2.639660,2.738180,1.303000,-1.333000,1.367000,1.400000,1.299000,1.360000,864.000000,-4122.000000,-5.000000,587.000000,326.000000,418.000000
37,1743675103574818,2.906500,-2.847600,2.859410,2.906500,2.842310,2.957920,1.359000,-1.395000,1.424000,1.477000,1.469000,1.513000,1122.000000,-4178.000000,-116.000000,647.000000,317.000000,514.000000
38,1743675103580362,3.136100,-3.058480,3.073340,3.136100,3.051900,3.189530,1.639000,-1.626000,1.670000,1.735000,1.591000,1.620000,989.000000,-4372.000000,200.000000,269.000000,493.000000,537.000000
39,1743675103584753,3.376000,-3.276160,3.294440,3.376000,3.268120,3.433330,1.794000,-1.755000,1.782000,1.867000,1.834000,1.853000,991.000000,-3358.000000,-62.000000,479.000000,345.000000,520.000000
40,1743675103590274,3.625880,-3.500310,3.522410,3.625880,3.490660,3.689580,1.989000,-1.958000,1.987000,2.084000,1.900000,1.923000,1117.000000,-3880.000000,203.000000,387.000000,329.000000,615.000000
40,1743675103594631,3.625880,-3.500310,3.522410,3.625880,3.490660,3.689580,2.134000,-2.103000,2.131000,2.227000,2.171000,2.219000,1253.000000,-3514.000000,128.000000,358.000000,379.000000,714.000000
41,1743675103600187,3.885440,-3.730630,3.756930,3.885440,3.719210,3.958330,2.348000,-2.325000,2.362000,2.485000,2.348000,2.289000,1215.000000,-3803.000000,-60.000000,668.000000,483.000000,470.000000
42,1743675103604585,4.154360,-3.966790,3.997690,4.154360,3.953450,4.239580,2.504000,-2.471000,2.522000,2.638000,2.548000,2.614000,1393.000000,-3539.000000,421.000000,380.000000,318.000000,568.000000
43,1743675103610074,4.432330,-4.208500,4.244370,4.432330,4.193070,4.533330,2.841000,-2.757000,2.827000,2.899000,2.686000,2.775000,1091.000000,-3404.000000,214.000000,609.000000,501.000000,727.000000
44,1743675103615558,4.719030,-4.455430,4.496670,4.719030,4.437760,4.839580,2.925000,-2.838000,2.911000,3.030000,2.901000,3.066000,1068.000000,-3341.000000,210.000000,491.000000,230.000000,699.000000
45,1743675103619915,5.014160,-4.707270,4.754260,5.014160,4.687200,5.158330,3.328000,-3.181000,3.254000,3.359000,3.087000,3.249000,1125.000000,-3782.000000,-75.000000,683.000000,550.000000,610.000000
46,1743675103625315,5.317390,-4.963710,5.016850,5.317390,4.941090,5.489580,3.574000,-3.268000,3.342000,3.455000,3.367000,3.563000,1102.000000,-3933.000000,-24.000000,520.000000,246.000000,731.000000
47,1743675103630852,5.628430,-5.224450,5.284120,5.628430,5.199120,5.833330,3.849000,-3.615000,3.676000,3.874000,3.533000,3.758000,1198.000000,-3763.000000,63.000000,685.000000,324.000000,386.000000
48,1743675103635304,5.946950,-5.489150,5.555740,5.946950,5.460960,6.189580,4.062000,-3.802000,3.860000,4.073000,3.852000,4.129000,1146.000000,-3740.000000,-25.000000,422.000000,371.000000,601.000000
49,1743675103640757,6.272650,-5.757520,5.831420,6.272650,5.726300,6.558330,4.373000,-4.062000,4.121000,4.404000,4.107000,4.459000,993.000000,-3665.000000,162.000000,519.000000,536.000000,682.000000
50,1743675103645181,6.605200,-6.029250,6.110840,6.605200,5.994840,6.939580,4.647000,-4.299000,4.357000,4.699000,4.231000,4.627000,1199.000000,-3599.000000,-25.000000,443.000000,375.000000,734.000000
51,1743675103650657,6.944310,-6.304010,6.393690,6.944310,6.266260,7.333330,4.943000,-4.540000,4.614000,5.004000,4.518000,5.072000,1057.000000,-3540.000000,359.000000,367.000000,572.000000,697.000000
52,1743675103654988,7.289650,-6.581490,6.679640,7.289650,6.540250,7.739580,5.224000,-4.803000,4.879000,5.274000,4.681000,5.278000,1102.000000,-3286.000000,106.000000,528.000000,394.000000,788.000000
53,1743675103660471,7.640910,-6.861390,6.968400,7.640910,6.816500,8.158330,5.567000,-5.059000,5.145000,5.568000,5.015000,5.749000,1050.000000,-3575.000000,48.000000,436.000000,256.000000,641.000000
54,1743675103664869,7.997790,-7.143390,7.259650,7.997790,7.094690,8.589580,5.991000,-5.381000,5.500000,5.961000,5.273000,6.057000,946.000000,-3359.000000,84.000000,446.000000,343.000000,746.000000
55,1743675103670314,8.359960,-7.427180,7.553080,8.359960,7.374510,9.033330,6.170000,-5.561000,5.658000,6.137000,5.515000,6.407000,921.000000,-3468.000000,513.000000,620.000000,382.000000,653.000000
56,1743675103674716,8.727120,-7.712440,7.848360,8.727120,7.655650,9.489580,6.613000,-5.891000,5.990000,6.608000,5.803000,6.782000,1038.000000,-3497.000000,88.000000,414.000000,340.000000,851.000000
57,1743675103680132,9.098950,-7.998870,8.145200,9.098950,7.937790,9.958330,6.947000,-6.138000,6.259000,6.970000,6.179000,7.334000,1030.000000,-3411.000000,172.000000,449.000000,362.000000,795.000000
58,1743675103685643,9.475150,-8.286140,8.443280,9.475150,8.220630,10.439600,7.274000,-6.403000,6.538000,7.310000,6.341000,7.576000,1008.000000,-3143.000000,302.000000,516.000000,440.000000,714.000000
59,1743675103690031,9.855390,-8.573960,8.742290,9.855390,8.503850,10.933300,7.625000,-6.687000,6.826000,7.642000,6.692000,8.150000,873.000000,-3175.000000,-129.000000,336.000000,152.000000,597.000000
60,1743675103695546,10.239400,-8.862000,9.041910,10.239400,8.787170,11.439600,7.625000,-6.687000,6.826000,7.642000,6.692000,8.150000,873.000000,-3175.000000,-129.000000,336.000000,152.000000,597.000000
61,1743675103701026,10.626800,-9.150060,9.341830,10.626800,9.070480,11.958300,8.204000,-7.231000,7.387000,8.268000,7.150000,8.960000,1050.000000,-3498.000000,146.000000,438.000000,252.000000,624.000000
62,1743675103705429,11.017300,-9.438130,9.641790,11.017300,9.353800,12.489600,8.204000,-7.231000,7.387000,8.268000,7.150000,8.960000,1050.000000,-3498.000000,146.000000,438.000000,252.000000,624.000000
63,1743675103710934,11.410600,-9.726190,9.941760,11.410600,9.637110,13.033300,8.650000,-7.588000,7.745000,8.779000,7.402000,9.393000,1134.000000,-3511.000000,-143.000000,409.000000,303.000000,812.000000
64,1743675103715304,11.806400,-10.014200,10.241700,11.806400,9.920430,13.589600,9.039000,-7.851000,7.954000,9.077000,7.616000,9.788000,837.000000,-3275.000000,176.000000,401.000000,293.000000,757.000000
65,1743675103720748,12.204400,-10.302300,10.541700,12.204400,10.203700,14.158300,9.418000,-8.121000,8.278000,9.526000,7.950000,10.336000,933.000000,-3280.000000,-67.000000,419.000000,306.000000,716.000000
66,1743675103725146,12.604200,-10.590400,10.841700,12.604200,10.487100,14.739600,9.742000,-8.400000,8.562000,9.846000,8.346000,11.005000,797.000000,-3018.000000,277.000000,390.000000,343.000000,900.000000
67,1743675103730607,13.005600,-10.878400,11.141600,13.005600,10.770400,15.333300,10.088000,-8.677000,8.850000,10.172000,8.510000,11.302000,1155.000000,-3388.000000,201.000000,499.000000,249.000000,866.000000
68,1743675103734979,13.408200,-11.166500,11.441600,13.408200,11.053700,15.939600,10.482000,-8.919000,9.142000,10.538000,8.839000,11.987000,813.000000,-3187.000000,-22.000000,340.000000,169.000000,747.000000
69,1743675103740481,13.811700,-11.454600,11.741600,13.811700,11.337000,16.558300,11.089000,-9.305000,9.523000,11.083000,9.091000,12.505000,798.000000,-3142.000000,150.000000,306.000000,469.000000,846.000000
69,1743675103744872,13.811700,-11.454600,11.741600,13.811700,11.337000,16.558300,11.299000,-9.474000,9.696000,11.328000,9.365000,13.009000,924.000000,-3053.000000,249.000000,347.000000,409.000000,961.000000
71,1743675103750312,14.620300,-12.030700,12.341500,14.620300,11.903600,17.833300,11.737000,-9.845000,10.084000,11.826000,9.633000,13.551000,852.000000,-3095.000000,49.000000,461.000000,367.000000,864.000000
71,1743675103754684,14.620300,-12.030700,12.341500,14.620300,11.903600,17.833300,12.087000,-10.128000,10.244000,12.046000,9.920000,14.107000,800.000000,-2912.000000,252.000000,483.000000,261.000000,838.000000
72,1743675103760233,15.024800,-12.318700,12.641500,15.024800,12.186900,18.489500,12.506000,-10.377000,10.643000,12.524000,10.202000,14.637000,821.000000,-3286.000000,142.000000,507.000000,372.000000,909.000000
73,1743675103765744,15.429300,-12.606800,12.941400,15.429300,12.470300,19.157900,12.929000,-10.659000,10.908000,12.929000,10.583000,15.430000,613.000000,-3457.000000,45.000000,435.000000,213.000000,780.000000
74,1743675103770087,15.833800,-12.894900,13.241400,15.833800,12.753600,19.838200,13.296000,-10.921000,11.197000,13.338000,10.832000,16.014999,666.000000,-3178.000000,-196.000000,363.000000,381.000000,962.000000
75,1743675103775527,16.238300,-13.182900,13.541400,16.238300,13.036900,20.530001,13.667000,-11.204000,11.494000,13.728000,11.090000,16.641001,818.000000,-3373.000000,51.000000,398.000000,353.000000,870.000000
76,1743675103780966,16.642799,-13.471000,13.841300,16.642799,13.320200,21.233101,14.197000,-11.572000,11.898000,14.247000,11.339000,17.256001,503.000000,-3074.000000,-71.000000,261.000000,323.000000,670.000000
77,1743675103785368,17.047300,-13.759100,14.141300,17.047300,13.603500,21.947100,14.440000,-11.737000,12.068000,14.471000,11.574000,17.914000,678.000000,-3059.000000,42.000000,393.000000,291.000000,951.000000
78,1743675103790832,17.451799,-14.047100,14.441300,17.451799,13.886800,22.671700,14.948000,-12.108000,12.451000,14.959000,11.852000,18.421000,857.000000,-3085.000000,254.000000,302.000000,459.000000,754.000000
79,1743675103795225,17.856300,-14.335200,14.741200,17.856300,14.170100,23.406700,15.292000,-12.385000,12.693000,15.343000,12.204000,19.360001,566.000000,-3443.000000,96.000000,463.000000,361.000000,759.000000
80,1743675103800697,18.260799,-14.623200,15.041200,18.260799,14.453500,24.151600,15.669000,-12.663000,12.980000,15.731000,12.374000,19.726999,746.000000,-3215.000000,-1.000000,354.000000,402.000000,889.000000
81,1743675103805101,18.665300,-14.911300,15.341200,18.665300,14.736800,24.906300,16.080999,-12.947000,13.277000,16.143000,12.786000,20.702000,926.000000,-3357.000000,295.000000,454.000000,447.000000,940.000000
82,1743675103810532,19.069799,-15.199400,15.641100,19.069799,15.020100,25.670300,16.639999,-13.327000,13.690000,16.527000,13.060000,21.393999,750.000000,-3000.000000,-35.000000,332.000000,279.000000,762.000000
83,1743675103814992,19.474300,-15.487400,15.941100,19.474300,15.303400,26.443300,16.854000,-13.514000,13.900000,16.912001,13.344000,22.136000,652.000000,-2962.000000,78.000000,478.000000,247.000000,930.000000
84,1743675103820510,19.878700,-15.775500,16.241100,19.878700,15.586700,27.225201,17.339001,-13.862000,14.253000,17.171000,13.547000,22.636999,759.000000,-2935.000000,239.000000,505.000000,454.000000,945.000000
85,1743675103824821,20.283199,-16.063499,16.541000,20.283199,15.870000,28.015400,17.773001,-14.160000,14.559000,17.818001,13.849000,23.516001,659.000000,-3209.000000,18.000000,342.000000,332.000000,913.000000
86,1743675103830291,20.687700,-16.351601,16.841000,20.687700,16.153299,28.813801,17.773001,-14.160000,14.559000,17.818001,13.849000,23.516001,659.000000,-3209.000000,18.000000,342.000000,332.000000,913.000000
87,1743675103834673,21.092199,-16.639700,17.141001,21.092199,16.436701,29.620001,18.249001,-14.422000,14.827000,18.230000,14.238000,24.537001,576.000000,-3057.000000,68.000000,400.000000,242.000000,768.000000
88,1743675103840164,21.496700,-16.927700,17.440901,21.496700,16.719999,30.433701,18.514000,-14.615000,15.023000,18.511999,14.438000,25.024000,590.000000,-3033.000000,-231.000000,381.000000,181.000000,618.000000
89,1743675103845695,21.901199,-17.215799,17.740900,21.901199,17.003300,31.254601,19.035000,-15.032000,15.455000,19.048000,14.767000,25.867001,719.000000,-3364.000000,226.000000,462.000000,385.000000,836.000000
90,1743675103850142,22.305700,-17.503901,18.040899,22.305700,17.286600,32.082298,19.489000,-15.336000,15.630000,19.289000,15.069000,26.669001,680.000000,-2957.000000,18.000000,486.000000,176.000000,859.000000
91,1743675103855624,22.710199,-17.791901,18.340799,22.710199,17.569901,32.916698,19.780001,-15.542000,15.990000,19.743000,15.240000,27.177000,764.000000,-2726.000000,99.000000,469.000000,401.000000,931.000000
92,1743675103860025,23.114700,-18.080000,18.640800,23.114700,17.853201,33.757198,20.197001,-15.862000,16.323999,20.176001,15.628000,28.320999,710.000000,-3132.000000,72.000000,278.000000,337.000000,875.000000
93,1743675103865501,23.519199,-18.368000,18.940800,23.519199,18.136600,34.603802,20.541000,-16.166000,16.641001,20.566000,15.792000,28.780001,643.000000,-3020.000000,67.000000,378.000000,301.000000,1047.000000
94,1743675103870969,23.923700,-18.656099,19.240700,23.923700,18.419901,35.455898,20.990000,-16.365000,16.836000,20.882000,16.077000,29.726999,593.000000,-2883.000000,10.000000,474.000000,261.000000,832.000000
95,1743675103875398,24.328199,-18.944201,19.540701,24.328199,18.703199,36.313301,21.417000,-16.780001,17.257999,21.438000,16.386000,30.565001,528.000000,-3216.000000,-68.000000,574.000000,282.000000,728.000000
96,1743675103880871,24.732700,-19.232201,19.840700,24.732700,18.986500,37.175800,21.811001,-17.042999,17.427000,21.669001,16.680000,31.385000,520.000000,-3097.000000,-146.000000,589.000000,385.000000,1012.000000
97,1743675103885295,25.137199,-19.520300,20.140600,25.137199,19.269800,38.042900,22.173000,-17.326000,17.829000,22.245001,16.983000,32.194000,725.000000,-2813.000000,356.000000,501.000000,346.000000,835.000000
98,1743675103890820,25.541700,-19.808399,20.440599,25.541700,19.553101,38.914398,22.542999,-17.586000,18.124001,22.580999,17.284000,32.886002,675.000000,-2848.000000,273.000000,346.000000,367.000000,883.000000
98,1743675103895278,25.541700,-19.808399,20.440599,25.541700,19.553101,38.914398,22.950001,-17.865000,18.389000,22.951000,17.518999,33.721001,626.000000,-2830.000000,44.000000,405.000000,273.000000,709.000000
100,1743675103900726,26.350599,-20.384501,21.040501,26.350599,20.119801,40.669300,23.368999,-18.148001,18.683001,23.332001,17.875999,34.834000,699.000000,-2858.000000,175.000000,382.000000,272.000000,818.000000
100,1743675103905129,26.350599,-20.384501,21.040501,26.350599,20.119801,40.669300,23.757000,-18.433001,18.972000,23.726999,18.134001,35.304001,605.000000,-3114.000000,-27.000000,445.000000,479.000000,802.000000
101,1743675103910664,26.755100,-20.672501,21.340500,26.755100,20.403099,41.552101,24.084000,-18.697001,19.240999,24.084000,18.384001,36.470001,627.000000,-3161.000000,90.000000,366.000000,312.000000,876.000000
102,1743675103915102,27.159599,-20.960600,21.640499,27.159599,20.686399,42.438000,24.639000,-19.080999,19.639000,24.610001,18.632000,37.297001,763.000000,-3325.000000,129.000000,380.000000,388.000000,974.000000
103,1743675103920598,27.564100,-21.248699,21.940399,27.564100,20.969700,43.326698,24.892000,-19.252001,19.815001,24.900999,18.940001,38.089001,648.000000,-3150.000000,285.000000,357.000000,431.000000,796.000000
104,1743675103925036,27.968599,-21.536699,22.240400,27.968599,21.253000,44.217899,25.466000,-19.614000,20.201000,25.423000,19.219000,38.909000,447.000000,-3085.000000,62.000000,463.000000,387.000000,967.000000
105,1743675103930521,28.373100,-21.824800,22.540400,28.373100,21.536301,45.111301,25.830000,-19.892000,20.500999,25.778000,19.608999,40.041000,665.000000,-2624.000000,172.000000,401.000000,229.000000,805.000000
106,1743675103934877,28.777599,-22.112801,22.840300,28.777599,21.819599,46.006500,26.180000,-20.176001,20.812000,26.139999,19.768999,40.553001,542.000000,-2901.000000,209.000000,552.000000,487.000000,793.000000
107,1743675103940390,29.182100,-22.400900,23.140301,29.182100,22.103001,46.903301,26.527000,-20.455000,21.106001,26.555000,20.124001,41.723999,758.000000,-2865.000000,189.000000,567.000000,343.000000,913.000000
108,1743675103944763,29.586599,-22.688999,23.440300,29.586599,22.386299,47.801399,26.934000,-20.719999,21.382000,26.982000,20.392000,42.631001,663.000000,-2854.000000,-31.000000,340.000000,452.000000,679.000000
109,1743675103950252,29.991100,-22.976999,23.740200,29.991100,22.669600,48.700401,27.353001,-21.000999,21.698000,27.379000,20.680000,43.584999,714.000000,-3068.000000,504.000000,457.000000,390.000000,1102.000000
110,1743675103955732,30.395599,-23.265100,24.040199,30.395599,22.952900,49.600101,27.726000,-21.313000,21.990000,27.783001,20.968000,44.401001,546.000000,-3035.000000,40.000000,257.000000,319.000000,768.000000
111,1743675103960192,30.800100,-23.553200,24.340200,30.800100,23.236200,50.500000,28.098000,-21.593000,22.278000,28.174000,21.254000,45.243999,685.000000,-3132.000000,208.000000,499.000000,526.000000,816.000000
112,1743675103965697,31.204599,-23.841200,24.640100,31.204599,23.519501,51.400002,28.098000,-21.593000,22.278000,28.174000,21.254000,45.243999,685.000000,-3132.000000,208.000000,499.000000,526.000000,816.000000
113,1743675103970112,31.609100,-24.129299,24.940100,31.609100,23.802799,52.299999,29.077999,-22.245001,22.961000,28.900000,21.841999,46.869999,518.000000,-2976.000000,82.000000,438.000000,456.000000,807.000000
114,1743675103975517,32.013599,-24.417299,25.240101,32.013599,24.086201,53.200001,29.077999,-22.245001,22.961000,28.900000,21.841999,46.869999,518.000000,-2976.000000,82.000000,438.000000,456.000000,807.000000
115,1743675103979912,32.418098,-24.705400,25.540001,32.418098,24.369499,54.099998,29.427999,-22.520000,23.252001,29.422001,22.093000,47.735001,476.000000,-2653.000000,91.000000,366.000000,261.000000,866.000000
116,1743675103985399,32.822498,-24.993500,25.840000,32.822498,24.652800,55.000000,29.799999,-22.802999,23.539000,29.833000,22.429001,48.926998,575.000000,-2539.000000,-14.000000,465.000000,391.000000,519.000000
117,1743675103990787,33.227001,-25.281500,26.139999,33.227001,24.936100,55.900002,30.349001,-23.086000,23.809999,30.216999,22.698999,49.778999,650.000000,-3013.000000,144.000000,489.000000,292.000000,849.000000
118,1743675103995164,33.631500,-25.569599,26.439899,33.631500,25.219400,56.799999,30.612000,-23.358000,24.087000,30.599001,22.938000,50.646000,670.000000,-2833.000000,79.000000,596.000000,383.000000,877.000000
119,1743675104000671,34.035999,-25.857599,26.739901,34.035999,25.502701,57.700001,31.167999,-23.729000,24.500000,30.959000,23.225000,51.458000,681.000000,-3077.000000,420.000000,438.000000,517.000000,843.000000
120,1743675104005091,34.440498,-26.145700,27.039900,34.440498,25.785999,58.599998,31.566000,-24.021000,24.770000,31.511000,23.492001,52.319000,571.000000,-2879.000000,75.000000,330.000000,391.000000,873.000000
121,1743675104010492,34.845001,-26.433800,27.339800,34.845001,26.069401,59.500000,31.952999,-24.296000,25.068001,31.889000,23.785000,53.116001,467.000000,-2577.000000,292.000000,408.000000,430.000000,733.000000
122,1743675104014919,35.249500,-26.721800,27.639799,35.249500,26.352699,60.400002,32.358002,-24.580999,25.365999,32.276001,24.172001,54.353001,679.000000,-2443.000000,329.000000,401.000000,360.000000,820.000000
123,1743675104020393,35.653999,-27.009899,27.939800,35.653999,26.636000,61.299999,32.714001,-24.872999,25.667999,32.688999,24.337000,54.863998,516.000000,-2674.000000,256.000000,474.000000,494.000000,821.000000
124,1743675104024771,36.058498,-27.298000,28.239700,36.058498,26.919300,62.200001,33.067001,-25.138000,25.941999,33.043999,24.568001,55.536999,469.000000,-2678.000000,230.000000,311.000000,314.000000,870.000000
125,1743675104030314,36.463001,-27.586000,28.539700,36.463001,27.202600,63.099998,33.428001,-25.405001,26.228001,33.389999,24.910000,56.865002,759.000000,-2925.000000,138.000000,622.000000,526.000000,945.000000
125,1743675104034772,36.463001,-27.586000,28.539700,36.463001,27.202600,63.099998,33.993000,-25.764999,26.486000,33.796001,25.209999,57.691002,683.000000,-3310.000000,24.000000,450.000000,527.000000,919.000000
127,1743675104040261,37.271999,-28.162100,29.139601,37.271999,27.769199,64.900002,34.390999,-26.030001,26.891001,34.217999,25.507000,58.556999,462.000000,-2674.000000,193.000000,417.000000,284.000000,628.000000
127,1743675104044668,37.271999,-28.162100,29.139601,37.271999,27.769199,64.900002,34.757999,-26.319000,27.188999,34.734001,25.768999,59.424999,544.000000,-2553.000000,232.000000,392.000000,447.000000,682.000000
128,1743675104050180,37.676498,-28.450199,29.439600,37.676498,28.052601,65.800003,35.252998,-26.606001,27.487000,35.105999,26.194000,60.661999,679.000000,-2637.000000,381.000000,611.000000,460.000000,689.000000
129,1743675104055583,38.081001,-28.738300,29.739599,38.081001,28.335899,66.699997,35.505001,-26.893999,27.790001,35.494999,26.469999,61.479000,512.000000,-2627.000000,282.000000,444.000000,357.000000,802.000000
130,1743675104059945,38.485500,-29.026300,30.039499,38.485500,28.619200,67.599998,36.103001,-27.250999,28.184000,36.026001,26.733000,62.259998,451.000000,-2630.000000,334.000000,408.000000,591.000000,811.000000
131,1743675104065402,38.889999,-29.314400,30.339500,38.889999,28.902500,68.500000,36.103001,-27.250999,28.184000,36.026001,26.733000,62.259998,451.000000,-2630.000000,334.000000,408.000000,591.000000,811.000000
132,1743675104069791,39.294498,-29.602501,30.639500,39.294498,29.185801,69.400002,36.497002,-27.530001,28.447001,36.431999,27.052000,63.483002,549.000000,-2974.000000,2.000000,487.000000,494.000000,809.000000
133,1743675104075305,39.698898,-29.890499,30.939400,39.698898,29.469101,70.300003,37.264000,-28.079000,29.023001,37.167999,27.549000,65.227997,671.000000,-2687.000000,446.000000,617.000000,657.000000,850.000000
134,1743675104080817,40.103401,-30.178600,31.239401,40.103401,29.752399,71.199997,37.264000,-28.079000,29.023001,37.167999,27.549000,65.227997,671.000000,-2687.000000,446.000000,617.000000,657.000000,850.000000
135,1743675104085170,40.507900,-30.466600,31.539400,40.507900,30.035801,72.099998,37.632000,-28.358999,29.320999,37.570000,27.888000,66.070000,635.000000,-2460.000000,377.000000,368.000000,582.000000,771.000000
136,1743675104090597,40.912399,-30.754700,31.839300,40.912399,30.319099,73.000000,38.035999,-28.639999,29.613001,37.952999,28.240000,67.113998,596.000000,-2544.000000,425.000000,448.000000,408.000000,806.000000
137,1743675104094976,41.316898,-31.042801,32.139301,41.316898,30.602400,73.900002,38.417000,-28.900000,29.908001,38.300999,28.464001,67.711998,638.000000,-2382.000000,409.000000,370.000000,440.000000,890.000000
138,1743675104100486,41.721401,-31.330799,32.439301,41.721401,30.885700,74.800003,38.950001,-29.306999,30.292999,38.715000,28.688000,68.565002,579.000000,-2652.000000,-40.000000,480.000000,482.000000,760.000000
139,1743675104104805,42.125900,-31.618900,32.739201,42.125900,31.169001,75.699997,39.353001,-29.576000,30.569000,39.258999,28.969999,69.446999,343.000000,-2761.000000,196.000000,509.000000,441.000000,809.000000
140,1743675104110366,42.530399,-31.906900,33.039200,42.530399,31.452299,76.599998,39.839001,-29.913000,30.919001,39.493000,29.266001,70.482002,416.000000,-2907.000000,67.000000,649.000000,523.000000,839.000000
141,1743675104114742,42.934898,-32.195000,33.339199,42.934898,31.735701,77.500000,40.167999,-30.202000,31.209999,40.118999,29.483000,71.188004,667.000000,-2656.000000,391.000000,509.000000,451.000000,809.000000
142,1743675104120230,43.339401,-32.483101,33.639099,43.339401,32.019001,78.400002,40.340000,-30.315001,31.326000,40.285999,29.851000,72.306999,491.000000,-2669.000000,329.000000,458.000000,527.000000,912.000000
143,1743675104125675,43.743900,-32.771099,33.939098,43.743900,32.302299,79.300003,40.757000,-30.650000,31.683001,40.748001,30.099001,73.092003,637.000000,-2382.000000,500.000000,406.000000,608.000000,842.000000
144,1743675104130122,44.148399,-33.059200,34.239101,44.148399,32.585602,80.199997,41.244999,-30.978001,32.047001,41.182999,30.462999,74.153000,531.000000,-2547.000000,343.000000,436.000000,438.000000,778.000000
145,1743675104135590,44.552898,-33.347301,34.539101,44.552898,32.868900,81.099998,41.853001,-31.389999,32.338001,41.629002,30.757999,74.980003,446.000000,-2329.000000,198.000000,469.000000,382.000000,856.000000
146,1743675104140005,44.957401,-33.635300,34.839001,44.957401,33.152199,82.000000,42.110001,-31.580999,32.644001,42.029999,30.969000,75.496002,487.000000,-2358.000000,455.000000,371.000000,316.000000,867.000000
147,1743675104145546,45.361900,-33.923401,35.139000,45.361900,33.435501,82.900002,42.595001,-31.909000,33.027000,42.484001,31.198000,76.658997,639.000000,-2419.000000,130.000000,514.000000,334.000000,814.000000
148,1743675104151039,45.766399,-34.211399,35.438999,45.766399,33.718899,83.800003,42.879002,-32.140999,33.228001,42.799999,31.596001,77.871002,475.000000,-2536.000000,275.000000,510.000000,802.000000,781.000000
149,1743675104155454,46.170799,-34.499500,35.738899,46.170799,34.002201,84.699997,43.463001,-32.547001,33.646999,43.382999,31.830999,78.597000,324.000000,-2268.000000,501.000000,520.000000,542.000000,821.000000
150,1743675104161009,46.575298,-34.787601,36.038898,46.575298,34.285500,85.599998,43.908001,-32.688000,33.831001,43.563999,32.181999,79.595001,445.000000,-2221.000000,317.000000,445.000000,489.000000,816.000000
151,1743675104165423,46.979801,-35.075600,36.338902,46.979801,34.568802,86.500000,44.110001,-32.997002,34.131001,43.978001,32.426998,80.307999,398.000000,-2624.000000,243.000000,629.000000,375.000000,743.000000
152,1743675104169768,47.384300,-35.363701,36.638802,47.384300,34.852100,87.400002,44.508999,-33.278000,34.424000,44.382999,32.738998,81.336998,414.000000,-2392.000000,278.000000,457.000000,535.000000,878.000000
153,1743675104175276,47.788799,-35.651798,36.938801,47.788799,35.135399,88.300003,45.075001,-33.695999,34.844002,44.997002,32.980000,82.081001,449.000000,-2196.000000,257.000000,384.000000,478.000000,848.000000
154,1743675104180773,48.193298,-35.939800,37.238800,48.193298,35.418701,89.199997,45.306000,-33.832001,35.016998,45.186001,33.306999,83.123001,530.000000,-2299.000000,612.000000,459.000000,526.000000,861.000000
155,1743675104185185,48.597801,-36.227901,37.538700,48.597801,35.702099,90.099998,45.749001,-34.160000,35.337002,45.659000,33.539001,83.982002,1298.000000,-3176.000000,952.000000,765.000000,749.000000,1151.000000
156,1743675104190628,49.002300,-36.515900,37.838699,49.002300,35.985401,91.000000,46.312000,-34.583000,35.799000,46.215000,33.839001,84.879997,842.000000,-2967.000000,341.000000,553.000000,638.000000,1000.000000
156,1743675104195127,49.002300,-36.515900,37.838699,49.002300,35.985401,91.000000,46.743999,-34.881001,36.105999,46.647999,34.109001,85.612999,331.000000,-2394.000000,58.000000,435.000000,463.000000,1118.000000
158,1743675104200570,49.811298,-37.092098,38.438599,49.811298,36.551998,92.800003,47.167999,-34.995998,36.230999,46.825001,34.480999,86.700996,254.000000,-2391.000000,58.000000,554.000000,344.000000,747.000000
158,1743675104205010,49.811298,-37.092098,38.438599,49.811298,36.551998,92.800003,47.550999,-35.477001,36.728001,47.494999,34.675999,87.473000,126.000000,-2306.000000,447.000000,280.000000,541.000000,755.000000
159,1743675104210487,50.215801,-37.380100,38.738602,50.215801,36.835300,93.699997,47.882000,-35.719002,36.970001,47.793999,35.067001,88.717003,340.000000,-2240.000000,358.000000,500.000000,413.000000,750.000000
160,1743675104214964,50.620300,-37.668201,39.038601,50.620300,37.118599,94.599998,47.882000,-35.719002,36.970001,47.793999,35.067001,88.717003,340.000000,-2240.000000,358.000000,500.000000,413.000000,750.000000
161,1743675104220483,51.024799,-37.956200,39.338501,51.024799,37.401901,95.500000,48.400002,-36.078999,37.312000,48.292999,35.393002,89.820000,247.000000,-2367.000000,260.000000,601.000000,436.000000,780.000000
162,1743675104224809,51.429298,-38.244301,39.638500,51.429298,37.685299,96.400002,48.695999,-36.313000,37.556000,48.625999,35.667000,90.689003,305.000000,-2226.000000,209.000000,531.000000,675.000000,652.000000
163,1743675104230345,51.833801,-38.532398,39.938499,51.833801,37.968601,97.300003,49.245998,-36.719002,37.986000,49.130001,35.917999,91.339996,216.000000,-2333.000000,326.000000,477.000000,572.000000,749.000000
164,1743675104234729,52.238300,-38.820400,40.238400,52.238300,38.251900,98.199997,49.486000,-36.882999,38.168999,49.433998,36.250000,92.450996,259.000000,-2109.000000,269.000000,506.000000,396.000000,810.000000
165,1743675104240185,52.642700,-39.108501,40.538399,52.642700,38.535198,99.099998,50.106998,-37.286999,38.620998,50.015999,36.502998,93.182999,274.000000,-1996.000000,586.000000,527.000000,718.000000,766.000000
166,1743675104245716,53.047199,-39.396599,40.838402,53.047199,38.818501,100.000000,50.591999,-37.639000,38.945000,50.505001,36.856998,94.282997,247.000000,-1950.000000,751.000000,476.000000,518.000000,782.000000
167,1743675104250152,53.451698,-39.684601,41.138302,53.451698,39.101799,100.900002,50.967999,-37.932999,39.238998,50.874001,37.050999,94.989998,370.000000,-1768.000000,497.000000,424.000000,527.000000,740.000000
168,1743675104255639,53.856201,-39.972698,41.438301,53.856201,39.385101,101.800003,51.229000,-38.167000,39.481998,51.157001,37.445999,96.244003,186.000000,-2110.000000,503.000000,425.000000,568.000000,827.000000
169,1743675104260001,54.260700,-40.260700,41.738300,54.260700,39.668499,102.699997,51.627998,-38.441002,39.782001,51.569000,37.727001,97.108002,385.000000,-2279.000000,296.000000,560.000000,706.000000,869.000000
170,1743675104265500,54.665199,-40.548801,42.038200,54.665199,39.951801,103.599998,52.039001,-38.721001,40.070999,51.965000,38.062000,98.149002,416.000000,-2215.000000,382.000000,565.000000,561.000000,841.000000
171,1743675104269882,55.069698,-40.836899,42.338200,55.069698,40.235100,104.500000,52.618999,-39.089001,40.466000,52.521999,38.367001,99.122002,403.000000,-2147.000000,808.000000,440.000000,705.000000,809.000000
172,1743675104275332,55.474201,-41.124901,42.638199,55.474201,40.518398,105.400002,52.877998,-39.311001,40.702999,52.834000,38.604000,99.849998,533.000000,-1984.000000,541.000000,577.000000,520.000000,790.000000
173,1743675104280747,55.878700,-41.412998,42.938099,55.878700,40.801701,106.300003,53.278999,-39.591999,40.999001,53.216999,38.883999,100.761002,322.000000,-1995.000000,459.000000,362.000000,487.000000,751.000000
174,1743675104285134,56.283199,-41.701099,43.238098,56.283199,41.084999,107.199997,53.844002,-40.000999,41.414001,53.714001,39.166000,101.630997,415.000000,-2249.000000,271.000000,617.000000,647.000000,868.000000
175,1743675104290595,56.687698,-41.989101,43.538101,56.687698,41.368301,108.099998,54.257999,-40.280998,41.691002,54.176998,39.464001,102.500999,317.000000,-2196.000000,433.000000,523.000000,417.000000,902.000000
176,1743675104294997,57.092201,-42.277199,43.838001,57.092201,41.651699,109.000000,54.529999,-40.452999,41.858002,54.418999,39.734001,103.377998,428.000000,-2181.000000,442.000000,646.000000,590.000000,739.000000
177,1743675104300512,57.496700,-42.565201,44.138000,57.496700,41.935001,109.900002,55.081001,-40.848000,42.291000,54.974998,39.979000,104.241997,308.000000,-2126.000000,715.000000,422.000000,581.000000,763.000000
178,1743675104304937,57.901199,-42.853298,44.438000,57.901199,42.218300,110.800003,55.331001,-41.020000,42.471001,55.199001,40.337002,105.353996,374.000000,-2108.000000,618.000000,607.000000,569.000000,774.000000
179,1743675104310494,58.305698,-43.141399,44.737900,58.305698,42.501598,111.699997,55.924999,-41.428001,42.769001,55.608002,40.564999,106.033997,369.000000,-1818.000000,374.000000,429.000000,644.000000,868.000000
180,1743675104314984,58.710201,-43.429401,45.037899,58.710201,42.784901,112.599998,56.174000,-41.639000,43.106998,56.066002,40.924999,107.199997,351.000000,-1840.000000,654.000000,493.000000,521.000000,784.000000
181,1743675104320483,59.114601,-43.717499,45.337898,59.114601,43.068199,113.500000,56.709999,-42.014000,43.499001,56.577999,41.216000,108.150002,314.000000,-1897.000000,714.000000,512.000000,575.000000,805.000000
181,1743675104324856,59.114601,-43.717499,45.337898,59.114601,43.068199,113.500000,56.992001,-42.231998,43.728001,56.883999,41.499001,109.066002,535.000000,-1835.000000,618.000000,598.000000,636.000000,858.000000
183,1743675104330339,59.923599,-44.293598,45.937801,59.923599,43.634899,115.300003,57.556999,-42.502998,44.019001,57.237000,41.720001,109.685997,376.000000,-1976.000000,587.000000,481.000000,671.000000,845.000000
183,1743675104334759,59.923599,-44.293598,45.937801,59.923599,43.634899,115.300003,57.851002,-42.786999,44.320000,57.701000,42.035999,110.737999,153.000000,-1951.000000,565.000000,507.000000,514.000000,867.000000
184,1743675104340261,60.328098,-44.581699,46.237801,60.328098,43.918201,116.199997,58.391998,-43.220001,44.768002,58.300999,42.235001,111.350998,130.000000,-2068.000000,829.000000,432.000000,638.000000,744.000000
185,1743675104344639,60.732601,-44.869701,46.537701,60.732601,44.201500,117.099998,58.852001,-43.574001,44.891998,58.450001,42.627998,112.585999,381.000000,-1944.000000,740.000000,431.000000,678.000000,788.000000
186,1743675104350117,61.137100,-45.157799,46.837700,61.137100,44.484798,118.000000,59.205002,-43.834999,45.401001,59.136002,42.931000,113.504997,332.000000,-2104.000000,321.000000,471.000000,748.000000,875.000000
187,1743675104355547,61.541599,-45.445900,47.137699,61.541599,44.768101,118.900002,59.205002,-43.834999,45.401001,59.136002,42.931000,113.504997,332.000000,-2104.000000,321.000000,471.000000,748.000000,875.000000
188,1743675104359952,61.946098,-45.733898,47.437599,61.946098,45.051399,119.800003,60.028999,-44.405998,45.971001,59.907001,43.486000,115.255997,228.000000,-1736.000000,630.000000,324.000000,573.000000,928.000000
189,1743675104365544,62.350601,-46.021999,47.737598,62.350601,45.334801,120.699997,60.387001,-44.683998,46.259998,60.297001,43.860001,116.150002,403.000000,-1813.000000,767.000000,629.000000,551.000000,786.000000
190,1743675104369958,62.755100,-46.310001,48.037601,62.755100,45.618099,121.599998,60.387001,-44.683998,46.259998,60.297001,43.860001,116.150002,403.000000,-1813.000000,767.000000,629.000000,551.000000,786.000000
191,1743675104375399,63.159599,-46.598099,48.337502,63.159599,45.901402,122.500000,60.882000,-45.020000,46.605000,60.825001,44.023998,117.008003,130.000000,-1793.000000,460.000000,511.000000,617.000000,743.000000
192,1743675104380806,63.564098,-46.886200,48.637501,63.564098,46.184700,123.400002,61.333000,-45.304001,46.910000,61.221001,44.396999,118.070000,223.000000,-2194.000000,759.000000,458.000000,627.000000,917.000000
193,1743675104385172,63.968601,-47.174198,48.937500,63.968601,46.467999,124.300003,61.712002,-45.534000,47.157001,61.544998,44.577999,118.819000,208.000000,-1863.000000,580.000000,563.000000,729.000000,702.000000
194,1743675104390609,64.373100,-47.462299,49.237400,64.373100,46.751301,125.199997,62.090000,-45.869999,47.516998,62.004002,44.926998,119.821999,217.000000,-1761.000000,591.000000,522.000000,712.000000,872.000000
195,1743675104395025,64.777603,-47.750301,49.537399,64.777603,47.034599,126.099998,62.476002,-46.188999,47.851002,62.405998,45.192001,120.628998,280.000000,-1663.000000,628.000000,553.000000,664.000000,767.000000
196,1743675104400513,65.182098,-48.038399,49.837399,65.182098,47.318001,127.000000,62.634998,-46.303001,47.973999,62.580002,45.537998,121.676003,180.000000,-1719.000000,836.000000,602.000000,660.000000,882.000000
197,1743675104404862,65.586601,-48.326500,50.137299,65.586601,47.601299,127.900002,63.316002,-46.763000,48.426998,63.242001,45.748001,122.428001,269.000000,-1686.000000,591.000000,428.000000,537.000000,741.000000
198,1743675104410398,65.990997,-48.614498,50.437302,65.990997,47.884602,128.800003,63.785000,-47.083000,48.536999,63.397999,46.112000,123.544998,310.000000,-1739.000000,781.000000,521.000000,796.000000,789.000000
199,1743675104414819,66.395500,-48.902599,50.737301,66.395500,48.167900,129.699997,64.069000,-47.283001,48.966000,63.944000,46.417999,123.885002,335.000000,-2017.000000,625.000000,430.000000,595.000000,876.000000
200,1743675104420341,66.800003,-49.190701,51.037201,66.800003,48.451199,130.600006,64.425003,-47.528000,49.231998,64.292000,46.660000,125.321999,277.000000,-1833.000000,666.000000,540.000000,797.000000,776.000000
201,1743675104424696,67.204498,-49.478699,51.337200,67.204498,48.734501,131.500000,65.018997,-47.800999,49.525002,64.681999,46.980999,126.272003,-36.000000,-1688.000000,565.000000,468.000000,543.000000,794.000000
202,1743675104430145,67.609001,-49.766800,51.637199,67.609001,49.017799,132.399994,65.391998,-48.113998,49.849998,65.146004,47.263000,127.190002,237.000000,-1564.000000,558.000000,421.000000,612.000000,699.000000
203,1743675104435696,68.013496,-50.054798,51.937099,68.013496,49.301201,133.300003,65.613998,-48.403999,50.137001,65.487999,47.536999,127.962997,164.000000,-1500.000000,761.000000,437.000000,509.000000,740.000000
204,1743675104441134,68.417999,-50.342899,52.237099,68.417999,49.584499,134.199997,66.151001,-48.778999,50.528000,66.031998,47.812000,128.822006,222.000000,-1390.000000,744.000000,612.000000,774.000000,842.000000
205,1743675104445532,68.822502,-50.631001,52.537102,68.822502,49.867802,135.100006,66.556999,-49.058998,50.811001,66.434998,48.183998,129.707993,248.000000,-1666.000000,659.000000,644.000000,723.000000,726.000000
206,1743675104451011,69.226997,-50.918999,52.837002,69.226997,50.151100,136.000000,66.972000,-49.341000,51.096001,66.846001,48.464001,130.917007,190.000000,-1603.000000,525.000000,485.000000,505.000000,783.000000
207,1743675104455446,69.631500,-51.207100,53.137001,69.631500,50.434399,136.899994,67.357002,-49.620998,51.389999,67.269997,48.639000,131.434006,274.000000,-1721.000000,951.000000,436.000000,680.000000,835.000000
208,1743675104460916,70.036003,-51.495201,53.437000,70.036003,50.717701,137.800003,67.723000,-49.894001,51.689999,67.640999,49.015999,132.690002,168.000000,-1397.000000,664.000000,335.000000,564.000000,731.000000
209,1743675104465339,70.440498,-51.783199,53.736900,70.440498,51.000999,138.699997,68.271004,-50.256001,52.080002,68.065002,49.185001,133.216995,431.000000,-1808.000000,914.000000,581.000000,640.000000,1015.000000
210,1743675104470851,70.845001,-52.071301,54.036900,70.845001,51.284401,139.600006,68.556000,-50.491001,52.327000,68.450996,49.611000,134.544998,192.000000,-1661.000000,714.000000,408.000000,799.000000,818.000000
211,1743675104475202,71.249496,-52.359299,54.336899,71.249496,51.567699,140.500000,69.004997,-50.839001,52.674999,68.924004,49.786999,135.035004,325.000000,-1905.000000,635.000000,401.000000,630.000000,787.000000
212,1743675104480626,71.653999,-52.647400,54.636799,71.653999,51.851002,141.399994,69.195999,-50.973000,52.823002,69.108002,50.130001,136.210999,118.000000,-1640.000000,496.000000,379.000000,486.000000,785.000000
212,1743675104485032,71.653999,-52.647400,54.636799,71.653999,51.851002,141.399994,69.748001,-51.354000,53.223999,69.694000,50.456001,137.237000,161.000000,-1641.000000,701.000000,634.000000,872.000000,810.000000
213,1743675104490511,72.058502,-52.935501,54.936798,72.058502,52.134300,142.300003,70.170998,-51.633999,53.514000,70.095001,50.763000,138.154007,165.000000,-1646.000000,660.000000,456.000000,802.000000,815.000000
214,1743675104494819,72.462898,-53.223499,55.236801,72.462898,52.417599,143.199997,70.584000,-51.929001,53.812000,70.450996,51.042999,138.949997,280.000000,-1749.000000,932.000000,454.000000,410.000000,739.000000
215,1743675104500282,72.867401,-53.511600,55.536701,72.867401,52.700901,144.100006,70.973000,-52.193001,54.069000,70.823997,51.272999,139.813004,182.000000,-1539.000000,804.000000,514.000000,671.000000,812.000000
216,1743675104505731,73.271896,-53.799599,55.836700,73.271896,52.984200,145.000000,71.504997,-52.602001,54.495998,71.369003,51.557999,140.692001,131.000000,-1560.000000,913.000000,480.000000,725.000000,836.000000
217,1743675104510120,73.676399,-54.087700,56.136700,73.676399,53.267601,145.899994,71.907997,-52.886002,54.799000,71.796997,51.952000,141.572998,197.000000,-1450.000000,804.000000,503.000000,852.000000,774.000000
218,1743675104515545,74.080902,-54.375801,56.436600,74.080902,53.550900,146.800003,72.288002,-53.167999,55.077000,72.192001,52.105000,142.425003,-19.000000,-1380.000000,468.000000,511.000000,495.000000,699.000000
219,1743675104519911,74.485397,-54.663799,56.736599,74.485397,53.834202,147.699997,72.663002,-53.443001,55.353001,72.605003,52.391998,143.311996,74.000000,-1247.000000,876.000000,447.000000,695.000000,689.000000
220,1743675104525431,74.889900,-54.951900,57.036598,74.889900,54.117500,148.600006,73.056999,-53.713001,55.646999,72.958000,52.742001,144.477997,205.000000,-1315.000000,1015.000000,347.000000,789.000000,743.000000
221,1743675104530857,75.294403,-55.240002,57.336498,75.294403,54.400799,149.500000,73.056999,-53.713001,55.646999,72.958000,52.742001,144.477997,205.000000,-1315.000000,1015.000000,347.000000,789.000000,743.000000
222,1743675104535220,75.698898,-55.528000,57.636501,75.698898,54.684101,150.399994,73.859001,-54.243000,56.234001,73.704002,53.292999,146.184006,227.000000,-1429.000000,903.000000,584.000000,682.000000,814.000000
223,1743675104540733,76.103401,-55.816101,57.936501,76.103401,54.967499,151.300003,73.859001,-54.243000,56.234001,73.704002,53.292999,146.184006,227.000000,-1429.000000,903.000000,584.000000,682.000000,814.000000
224,1743675104545159,76.507896,-56.104099,58.236401,76.507896,55.250801,152.199997,74.249001,-54.526001,56.534000,74.134003,53.577000,147.108002,352.000000,-1374.000000,581.000000,481.000000,632.000000,687.000000
225,1743675104550604,76.912399,-56.392200,58.536400,76.912399,55.534100,153.100006,74.765999,-54.918999,56.924000,74.678001,53.859001,147.962997,254.000000,-1429.000000,885.000000,418.000000,580.000000,930.000000
226,1743675104555004,77.316902,-56.680302,58.836399,77.316902,55.817402,154.000000,75.153999,-55.206001,57.227001,75.069000,54.136002,148.841003,15.000000,-1219.000000,878.000000,491.000000,767.000000,700.000000
227,1743675104560457,77.721397,-56.968300,59.136299,77.721397,56.100700,154.899994,75.569000,-55.483002,57.514000,75.406998,54.426998,149.636002,194.000000,-1236.000000,924.000000,529.000000,781.000000,808.000000
228,1743675104564784,78.125900,-57.256401,59.436298,78.125900,56.383999,155.800003,75.991997,-55.741001,57.765999,75.802002,54.654999,150.526001,-107.000000,-1670.000000,534.000000,470.000000,603.000000,698.000000
229,1743675104570240,78.530403,-57.544498,59.736301,78.530403,56.667301,156.699997,76.294998,-55.974998,58.000999,76.154999,55.022999,151.735992,-162.000000,-1342.000000,737.000000,532.000000,688.000000,597.000000
230,1743675104575749,78.934799,-57.832500,60.036201,78.934799,56.950699,157.600006,76.749001,-56.320000,58.344002,76.584000,55.313000,152.606003,138.000000,-1328.000000,897.000000,394.000000,885.000000,744.000000
231,1743675104580165,79.339302,-58.120602,60.336201,79.339302,57.234001,158.500000,77.032997,-56.535000,58.577000,76.904999,55.584999,153.453995,135.000000,-1161.000000,1048.000000,536.000000,533.000000,767.000000
232,1743675104585608,79.743797,-58.408600,60.636200,79.743797,57.517300,159.399994,77.460999,-56.861000,58.936001,77.379997,55.861000,154.341003,303.000000,-1429.000000,888.000000,401.000000,783.000000,742.000000
233,1743675104591074,80.148300,-58.696701,60.936100,80.148300,57.800598,160.300003,78.001999,-57.230999,59.328999,77.890999,56.160000,155.177002,100.000000,-1130.000000,861.000000,268.000000,599.000000,865.000000
234,1743675104595474,80.552803,-58.984798,61.236099,80.552803,58.083900,161.199997,78.387001,-57.527000,59.598999,78.291000,56.379002,155.820999,193.000000,-1190.000000,962.000000,477.000000,585.000000,741.000000
235,1743675104599850,80.957298,-59.272800,61.536098,80.957298,58.367199,162.100006,78.766998,-57.807999,59.887001,78.693001,56.779999,157.222000,19.000000,-1046.000000,920.000000,399.000000,757.000000,776.000000
236,1743675104605340,81.361801,-59.560902,61.835999,81.361801,58.650501,163.000000,79.174004,-58.077000,60.179001,79.074997,56.931000,157.759995,259.000000,-1407.000000,973.000000,485.000000,621.000000,835.000000
237,1743675104610808,81.766296,-59.848900,62.136002,81.766296,58.933899,163.899994,79.528000,-58.355000,60.479000,79.468002,57.317001,158.968002,45.000000,-1467.000000,1144.000000,543.000000,698.000000,938.000000
238,1743675104615180,82.170799,-60.137001,62.436001,82.170799,59.217201,164.800003,79.898003,-58.638000,60.776001,79.855003,57.615002,159.811005,156.000000,-1443.000000,835.000000,476.000000,628.000000,920.000000
239,1743675104620666,82.575302,-60.425098,62.735901,82.575302,59.500500,165.699997,80.274002,-58.917999,61.075001,80.204002,57.895000,160.626007,166.000000,-1101.000000,898.000000,333.000000,399.000000,712.000000
239,1743675104625073,82.575302,-60.425098,62.735901,82.575302,59.500500,165.699997,80.665001,-59.160000,61.342999,80.620003,58.133999,161.544006,77.000000,-1101.000000,655.000000,522.000000,694.000000,799.000000
241,1743675104630533,83.384300,-61.001202,63.335899,83.384300,60.067101,167.500000,81.278999,-59.544998,61.745998,81.161003,58.417000,162.393997,72.000000,-1267.000000,880.000000,437.000000,779.000000,684.000000
241,1743675104634938,83.384300,-61.001202,63.335899,83.384300,60.067101,167.500000,81.681000,-59.837002,62.042000,81.568001,58.731998,163.279999,11.000000,-1537.000000,1017.000000,364.000000,697.000000,616.000000
242,1743675104640466,83.788803,-61.289299,63.635799,83.788803,60.350399,168.399994,82.037003,-60.125000,62.331001,81.948997,58.991001,164.130997,81.000000,-1180.000000,712.000000,431.000000,443.000000,954.000000
243,1743675104644819,84.193298,-61.577301,63.935799,84.193298,60.633701,169.300003,82.419998,-60.402000,62.609001,82.317001,59.235001,165.024994,33.000000,-1191.000000,1007.000000,312.000000,648.000000,668.000000
244,1743675104650370,84.597801,-61.865398,64.235802,84.597801,60.917099,170.199997,82.827003,-60.644001,62.894001,82.671997,59.632999,166.158997,176.000000,-1215.000000,1232.000000,569.000000,860.000000,819.000000
245,1743675104654675,85.002296,-62.153400,64.535698,85.002296,61.200401,171.100006,83.239998,-60.924000,63.148998,83.136002,59.902000,167.052002,-19.000000,-1204.000000,947.000000,410.000000,627.000000,685.000000
246,1743675104660160,85.406700,-62.441502,64.835701,85.406700,61.483700,172.000000,83.774002,-61.338001,63.535999,83.678001,60.188000,167.908997,-64.000000,-1069.000000,1238.000000,382.000000,624.000000,821.000000
247,1743675104665682,85.811203,-62.729599,65.135696,85.811203,61.766998,172.899994,83.774002,-61.338001,63.535999,83.678001,60.188000,167.908997,-64.000000,-1069.000000,1238.000000,382.000000,624.000000,821.000000
248,1743675104670048,86.215698,-63.017601,65.435600,86.215698,62.050301,173.800003,84.542999,-61.883999,64.119003,84.288002,60.720001,169.692993,168.000000,-1142.000000,1178.000000,417.000000,910.000000,764.000000
249,1743675104675558,86.620201,-63.305698,65.735603,86.620201,62.333599,174.699997,84.900002,-62.161999,64.435997,84.853996,61.005001,170.550003,103.000000,-1193.000000,1071.000000,390.000000,677.000000,842.000000
250,1743675104679929,87.024696,-63.593700,66.035599,87.024696,62.616901,175.600006,84.900002,-62.161999,64.435997,84.853996,61.005001,170.550003,103.000000,-1193.000000,1071.000000,390.000000,677.000000,842.000000
251,1743675104685444,87.429199,-63.881802,66.335503,87.429199,62.900299,176.500000,85.362999,-62.481998,64.766998,85.291000,61.283001,171.442001,65.000000,-1028.000000,996.000000,384.000000,634.000000,707.000000
252,1743675104690816,87.833702,-64.169899,66.635498,87.833702,63.183601,177.399994,85.752998,-62.775002,65.052002,85.661003,61.571999,172.399994,31.000000,-995.000000,951.000000,327.000000,507.000000,792.000000
253,1743675104695181,88.238197,-64.457901,66.935501,88.238197,63.466900,178.300003,86.150002,-62.942001,65.230003,85.905998,61.881001,173.350998,-23.000000,-1121.000000,870.000000,549.000000,671.000000,857.000000
254,1743675104700618,88.642700,-64.746002,67.235397,88.642700,63.750198,179.199997,86.414001,-63.243999,65.542999,86.333000,62.221001,174.427002,201.000000,-1087.000000,1051.000000,359.000000,824.000000,801.000000
255,1743675104705006,89.047203,-65.034103,67.535400,89.047203,64.033501,180.100006,87.017998,-63.640999,65.955002,86.914001,62.459999,175.138000,156.000000,-1315.000000,1306.000000,301.000000,666.000000,860.000000
256,1743675104710458,89.451698,-65.322098,67.835403,89.451698,64.316803,181.000000,87.363998,-63.937000,66.247002,87.287003,62.837002,176.369995,-85.000000,-1214.000000,914.000000,355.000000,463.000000,832.000000
257,1743675104714821,89.856201,-65.610199,68.135300,89.856201,64.600098,181.899994,87.750999,-64.216003,66.540001,87.682999,62.993999,176.876999,-91.000000,-809.000000,1198.000000,384.000000,795.000000,660.000000
258,1743675104720360,90.260696,-65.898201,68.435303,90.260696,64.883499,182.800003,88.207001,-64.481003,66.824997,88.072998,63.270000,177.766998,57.000000,-1006.000000,978.000000,305.000000,713.000000,892.000000
259,1743675104725847,90.665199,-66.186302,68.735298,90.665199,65.166801,183.699997,88.616997,-64.781998,67.140999,88.492996,63.658001,178.985992,38.000000,-1158.000000,1199.000000,505.000000,654.000000,704.000000
260,1743675104730210,91.069702,-66.474403,69.035202,91.069702,65.450104,184.600006,89.004997,-65.028000,67.389999,88.873001,63.814999,179.526001,86.000000,-1156.000000,1209.000000,328.000000,625.000000,1040.000000
261,1743675104735665,91.474197,-66.762398,69.335197,91.474197,65.733398,185.500000,89.383003,-65.319000,67.692001,89.285004,64.183998,180.766998,187.000000,-1117.000000,1294.000000,421.000000,804.000000,866.000000
262,1743675104740076,91.878700,-67.050499,69.635201,91.878700,66.016701,186.399994,89.772003,-65.598000,67.997002,89.691002,64.477997,181.617004,-85.000000,-921.000000,1314.000000,330.000000,547.000000,798.000000
263,1743675104745569,92.283096,-67.338600,69.935204,92.283096,66.300003,187.300003,90.292000,-65.982002,68.288002,90.042999,64.761002,182.494995,-62.000000,-966.000000,1043.000000,414.000000,679.000000,813.000000
264,1743675104749936,92.687599,-67.626602,70.235100,92.687599,66.583298,188.199997,90.667999,-66.264999,68.699997,90.611000,65.059998,183.360001,-123.000000,-1004.000000,1231.000000,437.000000,566.000000,866.000000
265,1743675104755420,93.092102,-67.914703,70.535103,93.092102,66.866699,189.100006,91.035004,-66.556999,68.865997,90.800003,65.341003,184.162994,134.000000,-1196.000000,1076.000000,324.000000,581.000000,722.000000
266,1743675104760886,93.496597,-68.202698,70.835098,93.496597,67.150002,190.000000,91.417000,-66.806999,69.216003,91.330002,65.578003,185.033005,-143.000000,-868.000000,1125.000000,277.000000,541.000000,692.000000
267,1743675104765273,93.901100,-68.490799,71.135002,93.901100,67.433296,190.899994,91.834000,-67.073997,69.513000,91.737999,65.933998,186.268997,96.000000,-1135.000000,1311.000000,449.000000,601.000000,767.000000
268,1743675104770833,94.305603,-68.778900,71.434998,94.305603,67.716599,191.800003,92.237000,-67.344002,69.811996,92.160004,66.223999,187.154007,161.000000,-1039.000000,1130.000000,300.000000,802.000000,818.000000
268,1743675104775268,94.305603,-68.778900,71.434998,94.305603,67.716599,191.800003,92.584999,-67.625999,70.113998,92.540001,66.508003,188.014008,-55.000000,-1231.000000,1192.000000,288.000000,412.000000,615.000000
269,1743675104780748,94.710098,-69.066902,71.735001,94.710098,67.999901,192.699997,92.969002,-67.917000,70.421997,92.945000,66.780998,188.882996,151.000000,-908.000000,1462.000000,364.000000,538.000000,725.000000
270,1743675104785161,95.114601,-69.355003,72.034897,95.114601,68.283203,193.600006,93.527000,-68.271004,70.709999,93.264999,67.059998,189.688004,26.000000,-951.000000,1177.000000,358.000000,739.000000,789.000000
271,1743675104790593,95.519096,-69.642998,72.334900,95.519096,68.566597,194.500000,93.921997,-68.544998,71.098999,93.843002,67.320999,190.563995,-139.000000,-915.000000,1463.000000,452.000000,463.000000,773.000000
272,1743675104794984,95.923599,-69.931099,72.634903,95.923599,68.849899,195.399994,94.302002,-68.824997,71.266998,94.082001,67.589996,191.432999,-113.000000,-1236.000000,1113.000000,448.000000,666.000000,883.000000
273,1743675104800518,96.328102,-70.219200,72.934799,96.328102,69.133202,196.300003,94.660004,-69.121002,71.656998,94.613998,67.858002,192.313995,-61.000000,-1134.000000,1263.000000,307.000000,542.000000,786.000000
274,1743675104804880,96.732597,-70.507202,73.234802,96.732597,69.416496,197.199997,95.013000,-69.407997,71.945999,95.027000,68.214996,193.500000,-24.000000,-928.000000,1400.000000,417.000000,678.000000,869.000000
275,1743675104810352,97.137100,-70.795303,73.534798,97.137100,69.699799,198.100006,95.442001,-69.678001,72.233002,95.427002,68.375999,194.039993,73.000000,-793.000000,1231.000000,288.000000,637.000000,687.000000
276,1743675104814713,97.541603,-71.083397,73.834702,97.541603,69.983101,199.000000,95.844002,-69.948997,72.524002,95.838997,68.681999,194.848999,199.000000,-1054.000000,1594.000000,316.000000,807.000000,796.000000
277,1743675104820260,97.946098,-71.371399,74.134697,97.946098,70.266403,199.899994,96.300003,-70.278000,72.860001,96.239998,68.955002,195.779007,137.000000,-1011.000000,1480.000000,304.000000,448.000000,980.000000
278,1743675104825716,98.350601,-71.659500,74.434700,98.350601,70.549797,200.800003,96.752998,-70.556000,73.157997,96.612999,69.274002,196.763000,-24.000000,-1027.000000,1531.000000,267.000000,755.000000,780.000000
279,1743675104830117,98.754997,-71.947502,74.734596,98.754997,70.833099,201.699997,97.042999,-70.825996,73.450996,97.007004,69.547997,197.654999,-20.000000,-734.000000,1099.000000,390.000000,506.000000,793.000000
280,1743675104835588,99.159500,-72.235603,75.034599,99.159500,71.116402,202.600006,97.466003,-71.084999,73.737000,97.431999,69.940002,198.882004,-160.000000,-927.000000,1151.000000,351.000000,765.000000,808.000000
281,1743675104841010,99.564003,-72.523697,75.334602,99.564003,71.399696,203.500000,97.466003,-71.084999,73.737000,97.431999,69.940002,198.882004,-160.000000,-927.000000,1151.000000,351.000000,765.000000,808.000000
282,1743675104845421,99.968498,-72.811699,75.634499,99.968498,71.682999,204.399994,97.856003,-71.336998,74.010002,97.772003,70.206001,199.632996,-116.000000,-1070.000000,1220.000000,365.000000,520.000000,908.000000
283,1743675104850898,100.373001,-73.099800,75.934502,100.373001,71.966301,205.300003,98.232002,-71.637001,74.278000,98.178001,70.421997,200.541000,-42.000000,-1083.000000,1467.000000,302.000000,559.000000,823.000000
284,1743675104855328,100.778000,-73.387901,76.234497,100.778000,72.249603,206.199997,98.661003,-71.959000,74.615997,98.601997,70.609001,201.151993,-103.000000,-916.000000,1460.000000,370.000000,669.000000,613.000000
285,1743675104860808,101.181999,-73.675903,76.534401,101.181999,72.532997,207.100006,99.077003,-72.254997,74.934998,99.005997,71.047997,202.449005,-48.000000,-788.000000,1669.000000,357.000000,582.000000,766.000000
286,1743675104865193,101.586998,-73.963997,76.834396,101.586998,72.816299,208.000000,99.482002,-72.535004,75.237999,99.431000,71.346001,203.369003,136.000000,-988.000000,1283.000000,445.000000,543.000000,772.000000
287,1743675104870720,101.990997,-74.251999,77.134399,101.990997,73.099602,208.899994,99.858002,-72.792000,75.528000,99.801003,71.617996,204.123993,-165.000000,-1020.000000,1443.000000,179.000000,540.000000,730.000000
288,1743675104875063,102.394997,-74.540100,77.434303,102.394997,73.382896,209.800003,100.244003,-73.070999,75.771004,100.199997,71.872002,205.005997,-49.000000,-818.000000,1225.000000,278.000000,532.000000,923.000000
289,1743675104880539,102.800003,-74.828201,77.734299,102.800003,73.666199,210.699997,100.824997,-73.440002,76.164001,100.732002,72.127998,205.876007,30.000000,-751.000000,1771.000000,358.000000,708.000000,829.000000
290,1743675104884986,103.204002,-75.116203,78.034302,103.204002,73.949501,211.600006,101.074997,-73.600998,76.337997,100.959999,72.403999,206.757996,-208.000000,-891.000000,1468.000000,293.000000,744.000000,641.000000
291,1743675104890449,103.609001,-75.404297,78.334198,103.609001,74.232803,212.500000,101.582001,-74.002998,76.750000,101.266998,72.672997,207.619995,-136.000000,-888.000000,1304.000000,290.000000,627.000000,680.000000
292,1743675104894833,104.013000,-75.692299,78.634201,104.013000,74.516197,213.399994,101.944000,-74.296997,77.057999,101.873001,72.945000,208.475998,51.000000,-1019.000000,1571.000000,365.000000,455.000000,762.000000
293,1743675104900313,104.417999,-75.980400,78.934196,104.417999,74.799500,214.300003,102.314003,-74.549004,77.348999,102.239998,73.343002,209.645996,-5.000000,-646.000000,1408.000000,224.000000,708.000000,813.000000
293,1743675104904719,104.417999,-75.980400,78.934196,104.417999,74.799500,214.300003,102.710999,-74.814003,77.611000,102.629997,73.492996,210.149002,30.000000,-872.000000,1806.000000,349.000000,549.000000,667.000000
295,1743675104910215,105.226997,-76.556503,79.534103,105.226997,75.366096,216.100006,103.109001,-75.095001,77.903999,103.031998,73.898003,211.382004,83.000000,-970.000000,1502.000000,459.000000,536.000000,724.000000
296,1743675104915620,105.630997,-76.844597,79.834099,105.630997,75.649399,217.000000,103.485001,-75.385002,78.185997,103.401001,74.155998,212.266006,19.000000,-936.000000,1328.000000,254.000000,487.000000,727.000000
296,1743675104919997,105.630997,-76.844597,79.834099,105.630997,75.649399,217.000000,104.024002,-75.781998,78.482002,103.805000,74.415001,213.138000,-48.000000,-806.000000,1593.000000,370.000000,654.000000,777.000000
297,1743675104925435,106.036003,-77.132698,80.134003,106.036003,75.932701,217.899994,104.397003,-76.047997,78.896004,104.367996,74.667999,214.011993,-106.000000,-968.000000,1436.000000,213.000000,527.000000,813.000000
299,1743675104930965,106.845001,-77.708801,80.734001,106.845001,76.499397,219.699997,104.802002,-76.310997,79.074997,104.602997,74.924004,214.869995,-66.000000,-1091.000000,1480.000000,283.000000,528.000000,744.000000
299,1743675104935389,106.845001,-77.708801,80.734001,106.845001,76.499397,219.699997,105.181000,-76.570000,79.489998,105.102997,75.210999,215.684006,-81.000000,-1113.000000,1814.000000,227.000000,629.000000,895.000000
300,1743675104939797,107.249001,-77.996803,81.033897,107.249001,76.782700,220.600006,105.573997,-76.863998,79.752998,105.483002,75.583000,216.882004,-56.000000,-696.000000,1519.000000,138.000000,409.000000,824.000000
301,1743675104945247,107.653999,-78.284897,81.333900,107.653999,77.066002,221.500000,105.986000,-77.147003,80.051003,105.879997,75.706001,217.225006,-88.000000,-713.000000,1744.000000,231.000000,498.000000,701.000000
302,1743675104950678,108.057999,-78.572998,81.633904,108.057999,77.349297,222.399994,106.394997,-77.415001,80.321999,106.306999,76.176003,218.647995,-224.000000,-790.000000,1149.000000,324.000000,619.000000,840.000000
303,1743675104954976,108.462997,-78.861000,81.933800,108.462997,77.632599,223.300003,106.762001,-77.686996,80.584000,106.714996,76.471001,219.490997,81.000000,-933.000000,1565.000000,304.000000,593.000000,744.000000
304,1743675104960553,108.866997,-79.149101,82.233803,108.866997,77.915901,224.199997,107.269997,-78.100998,80.876999,107.073997,76.731003,220.384995,3.000000,-1039.000000,1810.000000,281.000000,460.000000,690.000000
305,1743675104964961,109.272003,-79.437202,82.533798,109.272003,78.199203,225.100006,107.648003,-78.350998,81.308998,107.568001,76.999001,221.151993,-75.000000,-868.000000,1826.000000,429.000000,666.000000,699.000000
306,1743675104970417,109.676003,-79.725197,82.833702,109.676003,78.482597,226.000000,108.064003,-78.613998,81.565002,107.945999,77.247002,222.020996,-135.000000,-499.000000,1498.000000,178.000000,534.000000,753.000000
307,1743675104974783,110.081001,-80.013298,83.133698,110.081001,78.765900,226.899994,108.470001,-78.887001,81.862999,108.359001,77.436996,222.738007,-143.000000,-908.000000,1684.000000,397.000000,600.000000,881.000000
308,1743675104980197,110.485001,-80.301300,83.433701,110.485001,79.049202,227.800003,108.852997,-79.169998,82.157997,108.767998,77.889999,224.110001,-178.000000,-1019.000000,1846.000000,169.000000,516.000000,657.000000
309,1743675104985551,110.889999,-80.589401,83.733597,110.889999,79.332497,228.699997,109.182999,-79.459999,82.447998,109.160004,78.175003,224.994995,92.000000,-844.000000,1458.000000,228.000000,638.000000,809.000000
310,1743675104991027,111.293999,-80.877502,84.033600,111.293999,79.615799,229.600006,109.182999,-79.459999,82.447998,109.160004,78.175003,224.994995,92.000000,-844.000000,1458.000000,228.000000,638.000000,809.000000
311,1743675104995414,111.698997,-81.165497,84.333603,111.698997,79.899101,230.500000,109.958000,-79.968002,83.008003,109.866997,78.714996,226.667999,-56.000000,-965.000000,1622.000000,254.000000,782.000000,766.000000
312,1743675105000840,112.102997,-81.453598,84.633499,112.102997,80.182503,231.399994,110.499001,-80.360001,83.203003,110.175003,78.984001,227.524994,-178.000000,-982.000000,1497.000000,204.000000,610.000000,759.000000
313,1743675105005180,112.508003,-81.741600,84.933502,112.508003,80.465797,232.300003,110.499001,-80.360001,83.203003,110.175003,78.984001,227.524994,-178.000000,-982.000000,1497.000000,204.000000,610.000000,759.000000
314,1743675105010568,112.912003,-82.029701,85.233498,112.912003,80.749100,233.199997,110.866997,-80.665001,83.691002,110.834999,79.174004,228.240005,32.000000,-695.000000,1789.000000,285.000000,444.000000,773.000000
315,1743675105014884,113.317001,-82.317802,85.533401,113.317001,81.032402,234.100006,111.259003,-80.943001,83.806999,110.986000,79.457001,229.268005,-33.000000,-826.000000,1857.000000,269.000000,441.000000,734.000000
316,1743675105020303,113.721001,-82.605797,85.833397,113.721001,81.315697,235.000000,111.643997,-81.200996,84.266998,111.611000,79.695999,229.985001,88.000000,-479.000000,1847.000000,324.000000,794.000000,660.000000
317,1743675105025773,114.125999,-82.893898,86.133400,114.125999,81.598999,235.899994,112.066002,-81.466003,84.564003,111.967003,80.163002,231.281998,-147.000000,-933.000000,2118.000000,364.000000,500.000000,826.000000
318,1743675105030169,114.529999,-83.181999,86.433296,114.529999,81.882301,236.800003,112.440002,-81.723000,84.857002,112.343002,80.469002,232.153000,-21.000000,-1031.000000,1531.000000,304.000000,557.000000,1020.000000
319,1743675105035646,114.934998,-83.470001,86.733299,114.934998,82.165703,237.699997,112.862000,-82.057999,85.167000,112.813004,80.646004,232.733994,46.000000,-884.000000,1802.000000,383.000000,705.000000,899.000000
320,1743675105040081,115.338997,-83.758102,87.033302,115.338997,82.448997,238.600006,113.193001,-82.246002,85.364998,113.111000,80.950996,233.783005,45.000000,-588.000000,1708.000000,82.000000,628.000000,646.000000
321,1743675105045562,115.744003,-84.046097,87.333199,115.744003,82.732300,239.500000,113.624001,-82.538002,85.682999,113.536003,81.225998,234.737000,-71.000000,-874.000000,1992.000000,227.000000,487.000000,713.000000
321,1743675105049863,115.744003,-84.046097,87.333199,115.744003,82.732300,239.500000,114.095001,-82.892998,86.038002,113.981003,81.584000,235.431000,73.000000,-1182.000000,2036.000000,204.000000,591.000000,833.000000
323,1743675105055385,116.553001,-84.622299,87.933197,116.553001,83.298897,241.300003,114.473000,-83.195000,86.339996,114.356003,81.837997,236.317001,177.000000,-1051.000000,1657.000000,272.000000,383.000000,943.000000
323,1743675105059867,116.553001,-84.622299,87.933197,116.553001,83.298897,241.300003,114.862999,-83.508003,86.667000,114.795998,82.010002,237.311996,-115.000000,-789.000000,1661.000000,156.000000,476.000000,568.000000
325,1743675105065392,117.362000,-85.198402,88.533096,117.362000,83.865501,243.100006,115.456001,-83.842003,87.052002,115.183998,82.427002,238.436996,-139.000000,-750.000000,1642.000000,271.000000,461.000000,674.000000
326,1743675105070869,117.765999,-85.486397,88.833099,117.765999,84.148903,244.000000,115.700996,-84.005997,87.191002,115.566002,82.695000,239.326004,-85.000000,-770.000000,1716.000000,237.000000,574.000000,819.000000
326,1743675105075290,117.765999,-85.486397,88.833099,117.765999,84.148903,244.000000,116.198997,-84.427002,87.609001,116.098000,82.952003,240.197998,-87.000000,-957.000000,1855.000000,225.000000,419.000000,845.000000
327,1743675105080751,118.170998,-85.774498,89.133003,118.170998,84.432198,244.899994,116.569000,-84.716003,87.908997,116.489998,83.338997,241.076996,-140.000000,-701.000000,1939.000000,296.000000,705.000000,744.000000
328,1743675105085129,118.574997,-86.062599,89.432999,118.574997,84.715500,245.800003,116.928001,-84.980003,88.197998,116.889000,83.607002,242.292999,-84.000000,-708.000000,1995.000000,205.000000,350.000000,762.000000
329,1743675105090516,118.980003,-86.350601,89.733002,118.980003,84.998802,246.699997,117.327003,-85.248001,88.500999,117.306999,83.886002,242.826004,9.000000,-771.000000,2016.000000,336.000000,425.000000,687.000000
330,1743675105094889,119.384003,-86.638702,90.032898,119.384003,85.282097,247.600006,117.722000,-85.491997,88.786003,117.675003,84.140999,243.944000,27.000000,-896.000000,1672.000000,44.000000,375.000000,782.000000
331,1743675105100424,119.789001,-86.926804,90.332901,119.789001,85.565399,248.500000,118.265999,-85.903999,89.166000,118.073997,84.414001,244.850006,-17.000000,-750.000000,1949.000000,251.000000,622.000000,703.000000
332,1743675105104777,120.193001,-87.214798,90.632896,120.193001,85.848701,249.399994,118.679001,-86.175003,89.456001,118.559998,84.698997,245.707001,94.000000,-734.000000,2076.000000,167.000000,486.000000,829.000000
333,1743675105110219,120.598000,-87.502899,90.932800,120.598000,86.132103,250.300003,119.103996,-86.439003,89.633003,118.789001,85.015999,246.561996,-134.000000,-1071.000000,1954.000000,325.000000,593.000000,712.000000
334,1743675105115714,121.001999,-87.790901,91.232803,121.001999,86.415398,251.199997,119.464996,-86.721001,90.042000,119.350998,85.252998,247.453003,-135.000000,-850.000000,1628.000000,257.000000,313.000000,750.000000
335,1743675105120111,121.406998,-88.079002,91.532799,121.406998,86.698700,252.100006,119.836998,-87.017998,90.344002,119.719002,85.598000,248.587006,-69.000000,-1030.000000,1770.000000,223.000000,750.000000,802.000000
336,1743675105125554,121.810997,-88.367104,91.832703,121.810997,86.982002,253.000000,119.836998,-87.017998,90.344002,119.719002,85.598000,248.587006,-69.000000,-1030.000000,1770.000000,223.000000,750.000000,802.000000
337,1743675105129925,122.216003,-88.655098,92.132698,122.216003,87.265297,253.899994,120.223000,-87.261002,90.624001,120.108002,85.858002,249.470001,-189.000000,-806.000000,1972.000000,102.000000,617.000000,733.000000
338,1743675105135421,122.620003,-88.943199,92.432701,122.620003,87.548599,254.800003,121.041000,-87.781998,91.161003,120.855003,86.410004,251.227997,-12.000000,-678.000000,2506.000000,394.000000,438.000000,724.000000
339,1743675105140922,123.025002,-89.231300,92.732597,123.025002,87.831902,255.699997,121.041000,-87.781998,91.161003,120.855003,86.410004,251.227997,-12.000000,-678.000000,2506.000000,394.000000,438.000000,724.000000
340,1743675105145301,123.429001,-89.519302,93.032600,123.429001,88.115303,256.600006,121.418999,-88.070000,91.457001,121.226997,86.700996,252.078003,63.000000,-1134.000000,1892.000000,226.000000,570.000000,847.000000
341,1743675105150771,123.834000,-89.807404,93.332603,123.834000,88.398598,257.500000,121.889000,-88.483002,91.850998,121.806000,86.959000,252.945999,219.000000,-898.000000,1769.000000,311.000000,604.000000,858.000000
342,1743675105155149,124.237999,-90.095398,93.632500,124.237999,88.681900,258.399994,122.293999,-88.748001,92.135002,122.179001,87.365997,254.121002,94.000000,-746.000000,2102.000000,-36.000000,585.000000,861.000000
343,1743675105160615,124.642998,-90.383499,93.932503,124.642998,88.965202,259.299988,122.695000,-88.994003,92.414001,122.584000,87.556000,254.638000,-223.000000,-776.000000,2086.000000,229.000000,454.000000,784.000000
344,1743675105165054,125.046997,-90.671600,94.232498,125.046997,89.248497,260.200012,123.085999,-89.282997,92.741997,122.943001,87.904999,255.869995,-91.000000,-919.000000,1966.000000,74.000000,480.000000,875.000000
345,1743675105170516,125.452003,-90.959602,94.532402,125.452003,89.531799,261.100006,123.456001,-89.584999,93.014999,123.337997,88.153999,256.743988,-5.000000,-732.000000,2169.000000,190.000000,543.000000,856.000000
346,1743675105174906,125.856003,-91.247704,94.832397,125.856003,89.815102,262.000000,123.836998,-89.891998,93.331001,123.739998,88.419998,257.679993,-157.000000,-753.000000,2119.000000,63.000000,451.000000,794.000000
347,1743675105180400,126.261002,-91.535698,95.132401,126.261002,90.098503,262.899994,124.468002,-90.143997,93.613998,124.181000,88.697998,258.571991,-6.000000,-598.000000,2215.000000,249.000000,689.000000,743.000000
348,1743675105184785,126.665001,-91.823799,95.432297,126.665001,90.381798,263.799988,124.714996,-90.408997,93.904999,124.546997,88.971001,259.475006,147.000000,-1159.000000,1789.000000,215.000000,477.000000,892.000000
349,1743675105190286,127.070000,-92.111900,95.732300,127.070000,90.665100,264.700012,125.080002,-90.692001,94.203003,124.929001,89.278999,260.312012,-3.000000,-1301.000000,1823.000000,348.000000,701.000000,609.000000
350,1743675105194656,127.473999,-92.399902,96.032303,127.473999,90.948402,265.600006,125.572998,-91.106003,94.597000,125.470001,89.545998,261.182007,-33.000000,-1047.000000,1929.000000,260.000000,588.000000,857.000000
351,1743675105200168,127.878998,-92.688004,96.332199,127.878998,91.231697,266.500000,125.815002,-91.273003,94.773003,125.719002,89.831001,262.050995,-146.000000,-460.000000,2222.000000,131.000000,418.000000,789.000000
352,1743675105205640,128.283005,-92.976097,96.632202,128.283005,91.514999,267.399994,126.403000,-91.632004,95.192001,126.235001,90.079002,262.875000,-47.000000,-638.000000,2138.000000,265.000000,468.000000,856.000000
353,1743675105210012,128.688004,-93.264099,96.932198,128.688004,91.798302,268.299988,126.787003,-91.917999,95.484001,126.653000,90.306000,263.737000,-53.000000,-863.000000,1793.000000,176.000000,469.000000,896.000000
354,1743675105215490,129.091995,-93.552200,97.232101,129.091995,92.081703,269.200012,127.154999,-92.216003,95.742996,127.031998,90.666000,264.954010,125.000000,-1125.000000,2110.000000,86.000000,478.000000,700.000000
354,1743675105219867,129.091995,-93.552200,97.232101,129.091995,92.081703,269.200012,127.529999,-92.487000,96.027000,127.391998,90.844002,265.468994,1.000000,-777.000000,2272.000000,31.000000,431.000000,725.000000
355,1743675105225403,129.496994,-93.840202,97.532097,129.496994,92.364998,270.100006,127.903999,-92.730003,96.306000,127.791000,91.339996,266.657013,48.000000,-682.000000,2210.000000,257.000000,468.000000,779.000000
356,1743675105229784,129.901001,-94.128304,97.832100,129.901001,92.648300,271.000000,128.382004,-93.047997,96.667000,128.304993,91.514000,267.208008,86.000000,-959.000000,2088.000000,126.000000,265.000000,791.000000
357,1743675105235246,130.306000,-94.416397,98.132004,130.306000,92.931602,271.899994,128.703003,-93.321999,96.946999,128.667007,91.865997,268.505005,137.000000,-1113.000000,2249.000000,93.000000,516.000000,810.000000
358,1743675105240665,130.710007,-94.704399,98.431999,130.710007,93.214897,272.799988,129.154999,-93.676003,97.299004,129.104004,92.116997,269.128998,-13.000000,-1030.000000,2149.000000,216.000000,726.000000,612.000000
359,1743675105245080,131.115005,-94.992500,98.732002,131.115005,93.498199,273.700012,129.483994,-93.853996,97.491997,129.399002,92.422997,270.265991,84.000000,-583.000000,2221.000000,276.000000,478.000000,834.000000
360,1743675105250496,131.518997,-95.280602,99.031898,131.518997,93.781601,274.600006,129.901993,-94.153999,97.827003,129.783997,92.691002,271.170013,-215.000000,-830.000000,1923.000000,401.000000,412.000000,770.000000
361,1743675105254888,131.923996,-95.568604,99.331902,131.923996,94.064903,275.500000,130.425995,-94.555000,98.226997,130.300003,92.912003,272.042999,-16.000000,-1057.000000,1577.000000,264.000000,388.000000,771.000000
362,1743675105260420,132.328003,-95.856697,99.631897,132.328003,94.348198,276.399994,130.807999,-94.814003,98.490997,130.714996,93.209000,272.822998,31.000000,-790.000000,2221.000000,153.000000,776.000000,876.000000
363,1743675105264732,132.733002,-96.144699,99.931801,132.733002,94.631500,277.299988,131.216003,-95.088997,98.745003,131.123001,93.474998,273.705994,0.000000,-825.000000,2837.000000,-47.000000,469.000000,680.000000
364,1743675105270166,133.136993,-96.432800,100.232002,133.136993,94.914803,278.200012,131.641998,-95.362000,99.054001,131.500000,93.780998,274.556000,65.000000,-953.000000,2449.000000,213.000000,528.000000,863.000000
365,1743675105275640,133.542007,-96.720901,100.531998,133.542007,95.198097,279.100006,131.641998,-95.362000,99.054001,131.500000,93.780998,274.556000,65.000000,-953.000000,2449.000000,213.000000,528.000000,863.000000
366,1743675105280018,133.945999,-97.008904,100.832001,133.945999,95.481400,280.000000,132.035995,-95.643997,99.353996,131.858994,94.147003,275.795013,150.000000,-893.000000,2030.000000,108.000000,624.000000,737.000000
367,1743675105285472,134.350998,-97.296997,101.132004,134.350998,95.764801,280.899994,132.393005,-95.938004,99.662003,132.253006,94.433998,276.697998,67.000000,-880.000000,1954.000000,189.000000,641.000000,852.000000
368,1743675105290928,134.755005,-97.584999,101.431999,134.755005,96.048103,281.799988,132.768005,-96.236000,99.968002,132.697006,94.709999,277.631012,-39.000000,-647.000000,2167.000000,19.000000,245.000000,666.000000
369,1743675105295327,135.158997,-97.873100,101.732002,135.158997,96.331398,282.700012,133.289993,-96.542999,100.244003,133.110001,94.873001,278.161011,197.000000,-558.000000,2535.000000,229.000000,480.000000,790.000000
370,1743675105300762,135.563995,-98.161201,102.031998,135.563995,96.614700,283.600006,133.632996,-96.759003,100.547997,133.498993,95.227997,279.401001,10.000000,-841.000000,2543.000000,194.000000,443.000000,882.000000
371,1743675105305107,135.968002,-98.449203,102.332001,135.968002,96.898003,284.500000,134.167007,-97.044998,100.843002,133.845993,95.524002,280.179993,15.000000,-1248.000000,1752.000000,421.000000,713.000000,741.000000
372,1743675105310565,136.373001,-98.737297,102.632004,136.373001,97.181297,285.399994,134.380005,-97.318001,101.102997,134.222000,95.789001,281.080994,-3.000000,-1314.000000,2099.000000,200.000000,711.000000,805.000000
373,1743675105314924,136.776993,-99.025398,102.931999,136.776993,97.464600,286.299988,134.912003,-97.608002,101.412003,134.634003,96.116997,281.934998,-147.000000,-967.000000,2602.000000,153.000000,478.000000,671.000000
374,1743675105320427,137.182007,-99.313400,103.231003,137.182007,97.748001,287.200012,135.307007,-97.977997,101.824997,135.173996,96.377998,282.833008,-41.000000,-761.000000,1615.000000,309.000000,443.000000,622.000000
375,1743675105325901,137.585999,-99.601501,103.530998,137.585999,98.031303,288.100006,135.645996,-98.255997,102.106003,135.591003,96.725998,283.667999,291.000000,-797.000000,2069.000000,167.000000,770.000000,874.000000
376,1743675105330248,137.990997,-99.889503,103.831001,137.990997,98.314598,289.000000,136.001007,-98.547997,102.387001,135.957993,96.952003,284.919006,167.000000,-731.000000,2624.000000,11.000000,416.000000,743.000000
377,1743675105335718,138.395004,-100.178001,104.130997,138.395004,98.597900,289.899994,136.380005,-98.794998,102.661003,136.266998,97.219002,285.364014,28.000000,-734.000000,2782.000000,-19.000000,652.000000,833.000000
378,1743675105340082,138.800003,-100.466003,104.431000,138.800003,98.881203,290.799988,136.809998,-99.080002,102.939003,136.643005,97.524002,286.625000,205.000000,-638.000000,2240.000000,423.000000,432.000000,787.000000
379,1743675105345563,139.203995,-100.753998,104.731003,139.203995,99.164497,291.700012,137.326996,-99.404999,103.293999,137.190994,97.702003,287.265991,281.000000,-1198.000000,2060.000000,100.000000,559.000000,876.000000
380,1743675105349886,139.608994,-101.042000,105.030998,139.608994,99.447800,292.600006,137.585007,-99.584000,103.481003,137.425995,98.026001,288.196991,65.000000,-1244.000000,2034.000000,144.000000,490.000000,902.000000
381,1743675105355455,140.013000,-101.330002,105.331001,140.013000,99.731201,293.500000,138.024994,-99.945000,103.841003,137.912003,98.400002,289.250000,34.000000,-1110.000000,2454.000000,174.000000,622.000000,774.000000
382,1743675105360888,140.417999,-101.617996,105.630997,140.417999,100.014000,294.399994,138.429001,-100.213997,104.116997,138.270996,98.675003,290.153992,155.000000,-615.000000,2777.000000,229.000000,486.000000,732.000000
383,1743675105365305,140.822006,-101.905998,105.931000,140.822006,100.297997,295.299988,138.981003,-100.597000,104.550003,138.625000,98.945000,291.019012,14.000000,-656.000000,2495.000000,335.000000,384.000000,844.000000
384,1743675105370777,141.227005,-102.194000,106.231003,141.227005,100.581001,296.200012,139.210999,-100.765999,104.732002,139.039993,99.182999,291.904999,-29.000000,-917.000000,1987.000000,343.000000,420.000000,730.000000
384,1743675105375228,141.227005,-102.194000,106.231003,141.227005,100.581001,296.200012,139.725006,-101.158997,105.108002,139.404007,99.457001,292.652008,261.000000,-1067.000000,1840.000000,43.000000,622.000000,829.000000
385,1743675105380647,141.630997,-102.482002,106.530998,141.630997,100.863998,297.100006,140.091995,-101.401001,105.358002,140.007004,99.713997,293.553986,-76.000000,-1032.000000,2409.000000,68.000000,499.000000,748.000000
386,1743675105385065,142.035995,-102.769997,106.831001,142.035995,101.148003,298.000000,140.498001,-101.669998,105.658997,140.380005,100.084999,294.737000,63.000000,-853.000000,2481.000000,127.000000,540.000000,797.000000
387,1743675105390457,142.440002,-103.057999,107.130997,142.440002,101.431000,298.899994,140.873001,-101.943001,105.960999,140.744003,100.379997,295.632996,305.000000,-935.000000,2559.000000,148.000000,514.000000,780.000000
388,1743675105394856,142.845001,-103.346001,107.431000,142.845001,101.713997,299.799988,141.220001,-102.249001,106.261002,141.130997,100.684998,296.510986,-129.000000,-971.000000,2191.000000,140.000000,529.000000,677.000000
389,1743675105400331,143.248993,-103.634003,107.731003,143.248993,101.998001,300.700012,141.544998,-102.560997,106.545998,141.537994,100.929001,297.351013,-33.000000,-923.000000,2573.000000,110.000000,406.000000,849.000000
390,1743675105404677,143.654007,-103.921997,108.030998,143.654007,102.280998,301.600006,142.143005,-102.924004,106.958000,141.886993,101.211998,298.160004,267.000000,-563.000000,2639.000000,104.000000,524.000000,732.000000
391,1743675105410176,144.057999,-104.209999,108.331001,144.057999,102.564003,302.500000,142.414001,-103.056999,107.139999,142.289993,101.487999,299.286011,307.000000,-764.000000,2324.000000,385.000000,388.000000,962.000000
392,1743675105415609,144.462997,-104.499001,108.630997,144.462997,102.848000,303.399994,142.414001,-103.056999,107.139999,142.289993,101.487999,299.286011,307.000000,-764.000000,2324.000000,385.000000,388.000000,962.000000
393,1743675105419966,144.867004,-104.787003,108.931000,144.867004,103.130997,304.299988,143.253006,-103.671997,107.722000,143.102005,102.028000,300.955994,368.000000,-1153.000000,2451.000000,276.000000,461.000000,745.000000
394,1743675105425486,145.272003,-105.074997,109.231003,145.272003,103.414001,305.200012,143.819000,-103.954002,108.014000,143.516998,102.306999,301.822998,33.000000,-870.000000,3472.000000,172.000000,670.000000,853.000000
395,1743675105429891,145.675995,-105.362999,109.530998,145.675995,103.697998,306.100006,143.819000,-103.954002,108.014000,143.516998,102.306999,301.822998,33.000000,-870.000000,3472.000000,172.000000,670.000000,853.000000
396,1743675105435386,146.080994,-105.651001,109.831001,146.080994,103.981003,307.000000,144.503998,-104.473999,108.629997,144.315002,102.931999,303.664001,246.000000,-1101.000000,1881.000000,354.000000,324.000000,680.000000
397,1743675105440892,146.485001,-105.939003,110.130997,146.485001,104.264000,307.899994,144.908997,-104.807999,108.939003,144.753998,103.232002,304.618988,25.000000,-1401.000000,2036.000000,7.000000,896.000000,773.000000
398,1743675105445298,146.889999,-106.226997,110.431000,146.889999,104.547997,308.799988,144.908997,-104.807999,108.939003,144.753998,103.232002,304.618988,25.000000,-1401.000000,2036.000000,7.000000,896.000000,773.000000
399,1743675105450774,147.294006,-106.514999,110.731003,147.294006,104.831001,309.700012,145.283997,-105.098999,109.249001,145.117004,103.513000,305.506989,57.000000,-1151.000000,2764.000000,46.000000,641.000000,770.000000
400,1743675105455176,147.699005,-106.803001,111.030998,147.699005,105.113998,310.600006,145.813995,-105.415001,109.543999,145.585007,103.789001,306.425995,109.000000,-587.000000,2357.000000,353.000000,369.000000,880.000000
401,1743675105460726,148.102997,-107.091003,111.331001,148.102997,105.397003,311.500000,146.123001,-105.629997,109.778999,145.893005,103.974998,307.151001,199.000000,-557.000000,2455.000000,381.000000,532.000000,753.000000
402,1743675105465176,148.507996,-107.378998,111.630997,148.507996,105.681000,312.398010,146.597000,-105.934998,110.114998,146.356995,104.237999,308.110992,258.000000,-1108.000000,2218.000000,60.000000,570.000000,781.000000
403,1743675105470639,148.912003,-107.667000,111.931000,148.912003,105.963997,313.295990,147.093002,-106.350998,110.521004,146.899002,104.542999,308.980011,60.000000,-1043.000000,2809.000000,245.000000,797.000000,740.000000
404,1743675105475055,149.317001,-107.955002,112.230003,149.317001,106.247002,314.192993,147.472000,-106.620003,110.831001,147.240005,104.857002,309.873993,259.000000,-1101.000000,2739.000000,328.000000,540.000000,649.000000
405,1743675105480549,149.720993,-108.242996,112.529999,149.720993,106.530998,315.088013,147.841003,-106.883003,111.134003,147.628006,105.157997,310.726990,208.000000,-756.000000,1986.000000,516.000000,379.000000,811.000000
406,1743675105485041,150.126007,-108.530998,112.830002,150.126007,106.814003,315.980988,148.214996,-107.151001,111.413002,148.052994,105.379997,311.617004,305.000000,-1008.000000,2109.000000,265.000000,536.000000,828.000000
407,1743675105490478,150.529999,-108.819000,113.129997,150.529999,107.097000,316.872009,148.557999,-107.416000,111.695999,148.404007,105.768997,312.743011,-1.000000,-964.000000,2388.000000,-91.000000,641.000000,709.000000
408,1743675105494869,150.934998,-109.108002,113.430000,150.934998,107.380997,317.760986,148.912003,-107.703003,111.933998,148.815994,105.977997,313.602997,196.000000,-1007.000000,2738.000000,164.000000,414.000000,802.000000
409,1743675105500387,151.339005,-109.396004,113.730003,151.339005,107.664001,318.645996,149.322998,-107.990997,112.261002,149.223007,106.299004,314.567993,417.000000,-1105.000000,2916.000000,137.000000,751.000000,852.000000
409,1743675105504745,151.339005,-109.396004,113.730003,151.339005,107.664001,318.645996,149.783005,-108.271004,112.574997,149.572998,106.556000,315.394989,367.000000,-940.000000,2202.000000,332.000000,459.000000,760.000000
411,1743675105510246,152.147995,-109.972000,114.330002,152.147995,108.231003,320.407013,150.119003,-108.560997,112.873001,149.977005,106.880997,316.291992,350.000000,-1478.000000,1897.000000,270.000000,810.000000,778.000000
412,1743675105515713,152.552994,-110.260002,114.629997,152.552994,108.514000,321.282990,150.481003,-108.858002,113.139000,150.410995,107.281998,317.125000,178.000000,-1120.000000,2215.000000,76.000000,402.000000,640.000000
412,1743675105520184,152.552994,-110.260002,114.629997,152.552994,108.514000,321.282990,150.934998,-109.170998,113.445999,150.848999,107.500999,318.078003,383.000000,-772.000000,3196.000000,243.000000,337.000000,709.000000
413,1743675105524655,152.957001,-110.547997,114.930000,152.957001,108.796997,322.153992,151.417999,-109.433998,113.754997,151.257996,107.745003,318.955994,282.000000,-652.000000,2871.000000,384.000000,541.000000,693.000000
414,1743675105530097,153.362000,-110.835999,115.230003,153.362000,109.081001,323.019989,151.802994,-109.709000,114.039001,151.636993,107.991997,319.759003,255.000000,-1180.000000,1856.000000,294.000000,672.000000,825.000000
415,1743675105535594,153.766006,-111.124001,115.529999,153.766006,109.363998,323.881989,152.291000,-110.113998,114.417999,152.138000,108.214996,320.653015,163.000000,-1319.000000,2696.000000,401.000000,357.000000,806.000000
416,1743675105540033,154.171005,-111.412003,115.830002,154.171005,109.647003,324.739014,152.639008,-110.398003,114.721001,152.546005,108.485001,321.497986,275.000000,-900.000000,3052.000000,248.000000,705.000000,674.000000
417,1743675105545548,154.574997,-111.699997,116.129997,154.574997,109.930000,325.591003,153.110001,-110.647003,115.037003,152.893997,108.819000,322.312012,263.000000,-709.000000,2520.000000,135.000000,398.000000,730.000000
418,1743675105549989,154.979996,-111.987999,116.430000,154.979996,110.213997,326.436005,153.550003,-110.879997,115.336998,153.317993,109.105003,323.079010,364.000000,-1028.000000,2007.000000,273.000000,391.000000,738.000000
419,1743675105555519,155.384003,-112.276001,116.730003,155.384003,110.497002,327.276001,153.940994,-111.177002,115.595001,153.699997,109.429001,324.221008,264.000000,-1250.000000,2357.000000,50.000000,483.000000,852.000000
420,1743675105559964,155.789001,-112.564003,117.029999,155.789001,110.779999,328.109985,154.281998,-111.473999,115.892998,154.042999,109.641998,324.769989,142.000000,-1357.000000,2915.000000,90.000000,837.000000,612.000000
421,1743675105565485,156.192993,-112.851997,117.330002,156.192993,111.064003,328.937012,154.682999,-111.753998,116.174004,154.421005,110.014000,325.898010,347.000000,-1094.000000,2681.000000,506.000000,350.000000,602.000000
422,1743675105569869,156.598007,-113.139999,117.629997,156.598007,111.347000,329.756989,155.059006,-112.017998,116.473999,154.848007,110.293999,326.703003,552.000000,-1232.000000,1892.000000,353.000000,639.000000,772.000000
423,1743675105575333,157.001999,-113.428001,117.930000,157.001999,111.629997,330.570007,155.561996,-112.413002,116.867996,155.382004,110.514000,327.558014,234.000000,-1163.000000,2121.000000,113.000000,346.000000,607.000000
424,1743675105580799,157.406998,-113.717003,118.230003,157.406998,111.914001,331.375000,155.761002,-112.556999,117.026001,155.619995,110.801003,328.252014,24.000000,-968.000000,2609.000000,-21.000000,775.000000,696.000000
425,1743675105585251,157.811005,-114.004997,118.529999,157.811005,112.196999,332.173004,156.281006,-112.953003,117.399002,156.113007,111.077003,329.048004,467.000000,-625.000000,3614.000000,474.000000,531.000000,526.000000
426,1743675105590789,158.216003,-114.292999,118.830002,158.216003,112.480003,332.962006,156.281006,-112.953003,117.399002,156.113007,111.077003,329.048004,467.000000,-625.000000,3614.000000,474.000000,531.000000,526.000000
427,1743675105595239,158.619995,-114.581001,119.129997,158.619995,112.764000,333.743011,157.143997,-113.468002,118.013000,156.927002,111.610001,330.639008,415.000000,-1104.000000,1698.000000,373.000000,550.000000,596.000000
428,1743675105600770,159.024994,-114.869003,119.430000,159.024994,113.046997,334.515015,157.472000,-113.769997,118.295998,157.339005,111.907997,331.436005,328.000000,-1756.000000,1856.000000,53.000000,813.000000,713.000000
429,1743675105605180,159.429001,-115.156998,119.730003,159.429001,113.330002,335.278015,157.472000,-113.769997,118.295998,157.339005,111.907997,331.436005,328.000000,-1756.000000,1856.000000,53.000000,813.000000,713.000000
430,1743675105610614,159.834000,-115.445000,120.029999,159.834000,113.613998,336.032013,157.822006,-114.068001,118.563004,157.725998,112.264999,332.454987,205.000000,-1265.000000,2280.000000,132.000000,426.000000,493.000000
431,1743675105615007,160.238007,-115.733002,120.330002,160.238007,113.897003,336.774994,158.255997,-114.314003,118.830002,158.069000,112.542999,333.153015,452.000000,-990.000000,2883.000000,309.000000,729.000000,672.000000
432,1743675105620565,160.643005,-116.021004,120.629997,160.643005,114.180000,337.509003,158.720001,-114.583000,119.105003,158.442001,112.748001,333.911987,459.000000,-828.000000,3250.000000,277.000000,347.000000,660.000000
433,1743675105624986,161.046997,-116.308998,120.930000,161.046997,114.463997,338.233002,159.125000,-114.856003,119.425003,158.822006,112.991997,334.681000,140.000000,-993.000000,2813.000000,158.000000,570.000000,648.000000
434,1743675105630425,161.451996,-116.597000,121.228996,161.451996,114.747002,338.946014,159.630997,-115.267998,119.718002,159.251999,113.288002,335.407990,46.000000,-1286.000000,1959.000000,72.000000,673.000000,526.000000
435,1743675105634819,161.856003,-116.885002,121.528999,161.856003,115.029999,339.647003,160.020996,-115.525002,120.119003,159.761002,113.584000,336.144989,596.000000,-1279.000000,2911.000000,291.000000,564.000000,399.000000
436,1743675105640298,162.261002,-117.172997,121.829002,162.261002,115.313004,340.338013,160.460007,-115.682999,120.305000,159.985001,113.914001,336.877014,551.000000,-1375.000000,2631.000000,433.000000,843.000000,554.000000
437,1743675105644723,162.664993,-117.460999,122.128998,162.664993,115.597000,341.016998,160.811996,-116.061996,120.717003,160.561996,114.182999,337.549011,519.000000,-1256.000000,1599.000000,461.000000,439.000000,645.000000
438,1743675105650315,163.070007,-117.749001,122.429001,163.070007,115.879997,341.683990,161.154999,-116.361000,120.974998,160.910995,114.558998,338.558014,236.000000,-1072.000000,2012.000000,100.000000,618.000000,521.000000
438,1743675105654679,163.070007,-117.749001,122.429001,163.070007,115.879997,341.683990,161.473999,-116.636002,121.246002,161.294006,114.709000,338.898987,444.000000,-1139.000000,3641.000000,529.000000,615.000000,450.000000
440,1743675105660169,163.878006,-118.324997,123.028999,163.878006,116.446999,342.980988,161.876007,-116.962997,121.559998,161.682999,114.963997,339.572998,688.000000,-1086.000000,3574.000000,185.000000,679.000000,538.000000
441,1743675105665669,164.283005,-118.613998,123.329002,164.283005,116.730003,343.610992,162.307007,-117.184998,121.856003,162.108002,115.292999,340.510986,502.000000,-732.000000,2439.000000,312.000000,603.000000,463.000000
441,1743675105670048,164.283005,-118.613998,123.329002,164.283005,116.730003,343.610992,162.686005,-117.454002,122.148003,162.544006,115.546997,341.179993,186.000000,-1248.000000,1558.000000,160.000000,524.000000,746.000000
442,1743675105675531,164.686005,-118.902000,123.628998,164.686005,117.013000,344.227997,163.167999,-117.847000,122.547997,163.016006,115.869003,341.804993,94.000000,-1194.000000,2605.000000,25.000000,747.000000,495.000000
443,1743675105679964,165.089005,-119.190002,123.929001,165.089005,117.296997,344.833008,163.382996,-118.009003,122.703003,163.242996,116.162003,342.398987,184.000000,-1200.000000,2967.000000,385.000000,496.000000,353.000000
444,1743675105685439,165.490005,-119.477997,124.228996,165.490005,117.580002,345.425995,163.955002,-118.380997,123.111000,163.817001,116.453003,343.049988,645.000000,-1202.000000,2752.000000,285.000000,534.000000,385.000000
445,1743675105690951,165.889008,-119.765999,124.528999,165.889008,117.862999,346.005005,164.417999,-118.677002,123.448997,164.274002,116.710999,343.710999,488.000000,-1489.000000,2057.000000,216.000000,493.000000,399.000000
446,1743675105695415,166.287003,-120.054001,124.829002,166.287003,118.147003,346.572998,164.712006,-118.890999,123.647003,164.559998,117.004997,344.359985,230.000000,-1447.000000,2033.000000,197.000000,832.000000,458.000000
447,1743675105700844,166.682999,-120.342003,125.128998,166.682999,118.430000,347.127991,165.102005,-119.236000,123.976997,164.921997,117.208000,344.777008,313.000000,-1521.000000,3007.000000,269.000000,466.000000,486.000000
448,1743675105705293,167.076004,-120.629997,125.429001,167.076004,118.712997,347.670013,165.554001,-119.533997,124.291000,165.348007,117.524002,345.411987,410.000000,-767.000000,2698.000000,405.000000,622.000000,469.000000
449,1743675105710790,167.466003,-120.917999,125.728996,167.466003,118.997002,348.200012,166.039001,-119.778000,124.585999,165.757004,117.908997,346.205994,300.000000,-953.000000,2799.000000,497.000000,426.000000,486.000000
450,1743675105715159,167.852997,-121.206001,126.028999,167.852997,119.279999,348.717010,166.438004,-120.016998,124.889000,166.110992,118.067001,346.463989,47.000000,-1113.000000,2475.000000,186.000000,594.000000,365.000000
451,1743675105720638,168.235992,-121.494003,126.328003,168.235992,119.563004,349.221985,166.774994,-120.314003,125.135002,166.479996,118.486000,347.226013,-72.000000,-1589.000000,1853.000000,77.000000,695.000000,303.000000
452,1743675105725062,168.615997,-121.781998,126.626999,168.615997,119.846001,349.714996,167.070007,-120.594002,125.394997,166.852005,118.739998,347.739014,312.000000,-1540.000000,2340.000000,181.000000,671.000000,484.000000
453,1743675105730570,168.992004,-122.069000,126.925003,168.992004,120.128998,350.194000,167.623001,-121.000000,125.814003,167.363998,118.999001,348.239014,371.000000,-1595.000000,2986.000000,314.000000,688.000000,486.000000
454,1743675105734984,169.363007,-122.355003,127.222000,169.363007,120.411003,350.661987,167.975006,-121.264999,126.116997,167.753006,119.252998,348.739990,384.000000,-948.000000,2414.000000,188.000000,508.000000,398.000000
455,1743675105740433,169.729996,-122.640999,127.516998,169.729996,120.692001,351.117004,168.296005,-121.543999,126.397003,168.166000,119.494003,349.229004,254.000000,-895.000000,2281.000000,122.000000,487.000000,381.000000
456,1743675105744788,170.091995,-122.924004,127.809998,170.091995,120.972000,351.558990,168.598007,-121.809998,126.698997,168.479996,119.720001,349.666992,217.000000,-969.000000,2989.000000,84.000000,551.000000,424.000000
457,1743675105750303,170.447998,-123.206001,128.100998,170.447998,121.250000,351.989014,168.966003,-122.070999,126.959999,168.830994,120.089996,350.322998,369.000000,-1256.000000,3155.000000,249.000000,896.000000,43.000000
458,1743675105755689,170.798004,-123.486000,128.389999,170.798004,121.526001,352.406006,168.966003,-122.070999,126.959999,168.830994,120.089996,350.322998,369.000000,-1256.000000,3155.000000,249.000000,896.000000,43.000000
459,1743675105759987,171.143005,-123.763000,128.675003,171.143005,121.800003,352.811005,169.748993,-122.650002,127.578003,169.541000,120.616997,351.049988,141.000000,-1653.000000,1411.000000,334.000000,707.000000,235.000000
460,1743675105765482,171.481995,-124.037003,128.957993,171.481995,122.070999,353.203003,169.748993,-122.650002,127.578003,169.541000,120.616997,351.049988,141.000000,-1653.000000,1411.000000,334.000000,707.000000,235.000000
461,1743675105770957,171.813004,-124.308998,129.237000,171.813004,122.338997,353.583008,170.084000,-122.904999,127.847000,169.871994,121.011002,351.621002,-296.000000,-1522.000000,1710.000000,9.000000,612.000000,292.000000
462,1743675105775393,172.138000,-124.577003,129.511993,172.138000,122.603996,353.950989,170.748001,-123.489998,128.354004,170.585999,121.521004,352.460999,290.000000,-989.000000,3510.000000,209.000000,793.000000,206.000000
463,1743675105780847,172.455994,-124.841003,129.783005,172.455994,122.864998,354.304993,170.748001,-123.489998,128.354004,170.585999,121.521004,352.460999,290.000000,-989.000000,3510.000000,209.000000,793.000000,206.000000
464,1743675105785275,172.766006,-125.100998,130.050003,172.766006,123.123001,354.648010,171.151001,-123.728996,128.654007,170.904007,121.772003,352.834991,232.000000,-494.000000,3364.000000,255.000000,322.000000,385.000000
465,1743675105790689,173.067993,-125.357002,130.311996,173.067993,123.375999,354.977997,171.582993,-124.080002,129.042007,171.410995,121.989998,353.207001,-33.000000,-1059.000000,1399.000000,179.000000,475.000000,379.000000
466,1743675105795031,173.363007,-125.608002,130.569000,173.363007,123.625000,355.295013,171.925995,-124.374001,129.341003,171.675995,122.276001,353.561005,1.000000,-1398.000000,2057.000000,-8.000000,714.000000,304.000000
467,1743675105800518,173.647995,-125.855003,130.820999,173.647995,123.869003,355.600006,172.065002,-124.539001,129.501007,171.858994,122.561996,353.968994,107.000000,-1857.000000,2331.000000,305.000000,823.000000,140.000000
467,1743675105804918,173.647995,-125.855003,130.820999,173.647995,123.869003,355.600006,172.485992,-124.829002,129.776993,172.203003,122.910004,354.347992,-76.000000,-1313.000000,1780.000000,278.000000,551.000000,395.000000
469,1743675105810375,174.192993,-126.331001,131.307007,174.192993,124.342003,356.171997,172.837997,-125.078003,130.052994,172.559006,123.157997,354.694000,-75.000000,-783.000000,2131.000000,57.000000,427.000000,297.000000
469,1743675105814798,174.192993,-126.331001,131.307007,174.192993,124.342003,356.171997,173.143997,-125.365997,130.302994,172.871994,123.247002,354.833008,-543.000000,-582.000000,2647.000000,-117.000000,513.000000,97.000000
470,1743675105820310,174.451996,-126.560997,131.541000,174.451996,124.570000,356.440002,173.393997,-125.600998,130.556000,173.121994,123.598000,355.295013,-78.000000,-489.000000,2790.000000,342.000000,509.000000,103.000000
472,1743675105825753,174.938995,-127.000999,131.988007,174.938995,125.007004,356.937012,173.787003,-125.808998,130.794006,173.406006,123.778000,355.584015,-64.000000,-1020.000000,2284.000000,73.000000,506.000000,186.000000
472,1743675105830202,174.938995,-127.000999,131.988007,174.938995,125.007004,356.937012,174.039001,-126.120003,131.149002,173.802994,123.971001,355.863007,-162.000000,-1080.000000,1694.000000,102.000000,410.000000,310.000000
473,1743675105835683,175.167999,-127.211998,132.201004,175.167999,125.216003,357.166992,174.167999,-126.252998,131.287003,173.945007,124.249001,356.169006,-486.000000,-1225.000000,1324.000000,109.000000,652.000000,217.000000
474,1743675105840091,175.386002,-127.414001,132.406998,175.386002,125.417999,357.385986,174.395004,-126.531998,131.561005,174.203995,124.509003,356.476990,-413.000000,-977.000000,1357.000000,138.000000,334.000000,176.000000
475,1743675105845538,175.591995,-127.610001,132.604996,175.591995,125.612999,357.592010,174.593002,-126.792999,131.772003,174.507996,124.692001,356.628998,-57.000000,-575.000000,1773.000000,344.000000,666.000000,331.000000
476,1743675105849877,175.787994,-127.797997,132.794006,175.787994,125.799004,357.787994,174.826004,-127.039001,132.014008,174.791000,124.987000,356.923004,-63.000000,-596.000000,2794.000000,0.000000,251.000000,164.000000
477,1743675105855358,175.973007,-127.976997,132.975006,175.973007,125.978996,357.972992,175.093994,-127.232002,132.231995,174.994995,125.209000,357.147003,-56.000000,-299.000000,1883.000000,19.000000,387.000000,207.000000
478,1743675105860903,176.147003,-128.149002,133.147995,176.147003,126.149002,358.147003,175.315002,-127.424004,132.436005,175.222000,125.417999,357.363007,-226.000000,-668.000000,1373.000000,61.000000,279.000000,224.000000
479,1743675105865292,176.311005,-128.311005,133.311005,176.311005,126.311996,358.311005,175.518005,-127.619003,132.628998,175.412994,125.571999,357.561005,-88.000000,-850.000000,1736.000000,122.000000,536.000000,292.000000
480,1743675105870738,176.464996,-128.464996,133.464996,176.464996,126.464996,358.464996,175.699997,-127.809998,132.815002,175.615005,125.760002,357.752991,-192.000000,-486.000000,1844.000000,-80.000000,345.000000,307.000000
481,1743675105875154,176.608994,-128.608994,133.608994,176.608994,126.609001,358.609009,175.903000,-127.998001,133.011002,175.798996,125.973999,357.998993,-222.000000,-1019.000000,2266.000000,137.000000,402.000000,345.000000
482,1743675105880684,176.744003,-128.744003,133.744003,176.744003,126.744003,358.743988,176.093994,-128.167007,133.186996,175.951004,126.128998,358.151001,-720.000000,-413.000000,1282.000000,-189.000000,238.000000,214.000000
483,1743675105885027,176.869995,-128.869995,133.869995,176.869995,126.870003,358.869995,176.313995,-128.363998,133.373993,176.134003,126.255997,358.322998,-569.000000,-60.000000,1272.000000,143.000000,251.000000,92.000000
484,1743675105890494,176.987000,-128.987000,133.987000,176.987000,126.987000,358.987000,176.455002,-128.501007,133.524994,176.274994,126.407997,358.475006,-483.000000,-70.000000,1643.000000,20.000000,287.000000,321.000000
485,1743675105894884,177.095993,-129.095993,134.095993,177.095993,127.096001,359.096008,176.617996,-128.632996,133.664993,176.404007,126.528999,358.612000,96.000000,-594.000000,1601.000000,22.000000,267.000000,171.000000
486,1743675105900349,177.197006,-129.197006,134.197006,177.197006,127.196999,359.196991,176.768997,-128.755005,133.811996,176.554993,126.667999,358.752991,-72.000000,-681.000000,1757.000000,219.000000,456.000000,252.000000
487,1743675105904704,177.289993,-129.289993,134.289993,177.289993,127.290001,359.290009,176.891998,-128.878998,133.921005,176.686996,126.768997,358.851013,-426.000000,-397.000000,848.000000,-189.000000,380.000000,169.000000
488,1743675105910125,177.375000,-129.375000,134.375000,177.375000,127.375000,359.375000,176.891998,-128.878998,133.921005,176.686996,126.768997,358.851013,-426.000000,-397.000000,848.000000,-189.000000,380.000000,169.000000
489,1743675105915568,177.453995,-129.453995,134.453995,177.453995,127.454002,359.454010,177.061996,-129.100006,134.102997,176.901001,127.012001,359.070007,-185.000000,-412.000000,1398.000000,34.000000,330.000000,242.000000
490,1743675105921043,177.524994,-129.524994,134.524994,177.524994,127.525002,359.524994,177.061996,-129.100006,134.102997,176.901001,127.012001,359.070007,-185.000000,-412.000000,1398.000000,34.000000,330.000000,242.000000
491,1743675105925458,177.589996,-129.589996,134.589996,177.589996,127.589996,359.589996,177.156998,-129.205994,134.195999,176.994995,127.182999,359.214996,20.000000,-434.000000,1715.000000,159.000000,359.000000,218.000000
492,1743675105930908,177.649002,-129.649002,134.649002,177.649002,127.649002,359.648987,177.246994,-129.296005,134.287003,177.100998,127.272003,359.298004,-255.000000,-49.000000,1354.000000,-22.000000,247.000000,337.000000
493,1743675105935304,177.701996,-129.701996,134.701996,177.701996,127.702003,359.701996,177.358994,-129.401993,134.397995,177.205994,127.357002,359.380005,-63.000000,-165.000000,1327.000000,-56.000000,222.000000,48.000000
494,1743675105940741,177.748993,-129.748993,134.748993,177.748993,127.749001,359.748993,177.406998,-129.445999,134.442993,177.253006,127.430000,359.455994,-196.000000,-81.000000,1463.000000,3.000000,346.000000,169.000000
495,1743675105945107,177.791000,-129.791000,134.791000,177.791000,127.791000,359.790985,177.524994,-129.531998,134.542007,177.352005,127.497002,359.519989,-134.000000,-487.000000,1453.000000,50.000000,245.000000,262.000000
496,1743675105950584,177.828003,-129.828003,134.828003,177.828003,127.828003,359.828003,177.598999,-129.593002,134.600998,177.414001,127.549004,359.587006,-80.000000,-434.000000,1773.000000,166.000000,438.000000,72.000000
497,1743675105954960,177.860001,-129.860001,134.860001,177.860001,127.860001,359.859985,177.649994,-129.654999,134.654999,177.468994,127.602997,359.641998,-216.000000,-431.000000,1622.000000,-4.000000,611.000000,105.000000
498,1743675105960452,177.888000,-129.888000,134.888000,177.888000,127.888000,359.888000,177.681000,-129.710007,134.703003,177.516998,127.655998,359.691986,-330.000000,-373.000000,1332.000000,-43.000000,344.000000,274.000000
498,1743675105964818,177.888000,-129.888000,134.888000,177.888000,127.888000,359.888000,177.697998,-129.744995,134.733994,177.550995,127.713997,359.755005,-203.000000,-316.000000,1580.000000,-29.000000,362.000000,252.000000
499,1743675105970321,177.912003,-129.912003,134.912003,177.912003,127.912003,359.911987,177.753006,-129.802994,134.794998,177.602997,127.747002,359.792999,16.000000,-492.000000,1865.000000,136.000000,262.000000,18.000000
500,1743675105974659,177.932999,-129.932999,134.932999,177.932999,127.932999,359.933014,177.804001,-129.839996,134.837006,177.654007,127.790001,359.842987,-95.000000,-336.000000,1419.000000,-22.000000,384.000000,158.000000
501,1743675105980131,177.949997,-129.949997,134.949997,177.949997,127.949997,359.950012,177.843002,-129.871994,134.865005,177.686996,127.809998,359.865997,17.000000,-330.000000,1529.000000,53.000000,256.000000,183.000000
502,1743675105985664,177.962997,-129.962997,134.962997,177.962997,127.962997,359.963013,177.875000,-129.899002,134.889999,177.712006,127.843002,359.898987,-190.000000,-328.000000,1493.000000,161.000000,238.000000,213.000000
503,1743675105990108,177.973999,-129.973999,134.973999,177.973999,127.973999,359.973999,177.901993,-129.917999,134.912994,177.738007,127.861000,359.914001,-153.000000,-529.000000,1572.000000,136.000000,199.000000,150.000000
504,1743675105995534,177.983002,-129.983002,134.983002,177.983002,127.983002,359.983002,177.923004,-129.936005,134.929001,177.753998,127.892998,359.950989,102.000000,-469.000000,1481.000000,121.000000,200.000000,136.000000
505,1743675105999883,177.988998,-129.988998,134.988998,177.988998,127.988998,359.989014,177.957001,-129.953995,134.951004,177.778000,127.913002,359.967010,28.000000,-534.000000,1573.000000,138.000000,225.000000,17.000000
506,1743675106005332,177.994003,-129.994003,134.994003,177.994003,127.994003,359.993988,177.985001,-129.968994,134.972000,177.789993,127.924004,359.980011,-115.000000,-434.000000,1502.000000,265.000000,246.000000,-79.000000
507,1743675106010819,177.996994,-129.996994,134.996994,177.996994,127.997002,359.997009,177.992004,-129.977005,134.975998,177.794998,127.930000,359.990997,-65.000000,-475.000000,1606.000000,309.000000,389.000000,-17.000000
508,1743675106015200,177.998993,-129.998993,134.998993,177.998993,127.999001,359.998993,178.014008,-129.987000,134.983994,177.806000,127.933998,359.998993,-93.000000,-472.000000,1750.000000,278.000000,420.000000,-20.000000
509,1743675106020629,178.000000,-130.000000,135.000000,178.000000,128.000000,360.000000,178.022003,-129.990997,134.987000,177.811996,127.934998,360.005005,-354.000000,-367.000000,1693.000000,282.000000,350.000000,-8.000000
510,1743675106025037,178.000000,-130.000000,135.000000,178.000000,128.000000,360.000000,178.022003,-129.994003,134.987000,177.815002,127.941002,360.015015,-33.000000,-561.000000,1971.000000,350.000000,446.000000,40.000000
511,1743675106030486,178.000000,-130.000000,135.000000,178.000000,128.000000,360.000000,178.005005,-129.996994,134.987000,177.813004,127.941002,360.013000,-196.000000,-357.000000,1864.000000,259.000000,405.000000,48.000000
511,1743675106034874,178.000000,-130.000000,135.000000,178.000000,128.000000,360.000000,177.990005,-129.998993,134.987000,177.811996,127.943001,360.019012,-39.000000,-467.000000,1989.000000,336.000000,449.000000,21.000000
511,1743675106040398,178.000000,-130.000000,135.000000,178.000000,128.000000,360.000000,177.970993,-130.001999,134.990005,177.811996,127.943001,360.020996,101.000000,-590.000000,1934.000000,354.000000,389.000000,57.000000
511,1743675106044768,178.000000,-130.000000,135.000000,178.000000,128.000000,360.000000,177.970993,-130.001999,134.990005,177.811996,127.943001,360.020996,101.000000,-590.000000,1934.000000,354.000000,389.000000,57.000000
511,1743675106050229,178.000000,-130.000000,135.000000,178.000000,128.000000,360.000000,177.955994,-130.005005,134.990005,177.813004,127.945999,360.019012,32.000000,-424.000000,1896.000000,363.000000,396.000000,16.000000
511,1743675106055711,178.000000,-130.000000,135.000000,178.000000,128.000000,360.000000,177.955994,-130.005005,134.990005,177.813004,127.945999,360.019012,32.000000,-424.000000,1896.000000,363.000000,396.000000,16.000000
511,1743675106060096,178.000000,-130.000000,135.000000,178.000000,128.000000,360.000000,177.951996,-130.003006,134.988998,177.815994,127.943001,360.019012,67.000000,-416.000000,1923.000000,349.000000,397.000000,31.000000
511,1743675106065561,178.000000,-130.000000,135.000000,178.000000,128.000000,360.000000,177.949005,-130.003006,134.990005,177.817001,127.945000,360.019989,78.000000,-393.000000,1932.000000,329.000000,405.000000,-1.000000
511,1743675106069955,178.000000,-130.000000,135.000000,178.000000,128.000000,360.000000,177.949005,-130.003006,134.990997,177.820007,127.945999,360.019012,99.000000,-388.000000,1940.000000,332.000000,413.000000,0.000000
511,1743675106075454,178.000000,-130.000000,135.000000,178.000000,128.000000,360.000000,177.945999,-130.001999,134.990005,177.822998,127.945000,360.019012,85.000000,-376.000000,1948.000000,342.000000,417.000000,14.000000
511,1743675106079863,178.000000,-130.000000,135.000000,178.000000,128.000000,360.000000,177.938995,-130.005005,134.990005,177.822998,127.945000,360.019989,95.000000,-374.000000,1970.000000,328.000000,419.000000,2.000000
511,1743675106085450,178.000000,-130.000000,135.000000,178.000000,128.000000,360.000000,177.934006,-130.001999,134.990005,177.824005,127.945999,360.019012,98.000000,-348.000000,1993.000000,308.000000,427.000000,-9.000000
511,1743675106090915,178.000000,-130.000000,135.000000,178.000000,128.000000,360.000000,177.934998,-130.005005,134.990997,177.826996,127.945000,360.019989,101.000000,-327.000000,1986.000000,309.000000,424.000000,-15.000000
511,1743675106095351,178.000000,-130.000000,135.000000,178.000000,128.000000,360.000000,177.938995,-130.003006,134.990997,177.828003,127.945000,360.019989,100.000000,-314.000000,1996.000000,302.000000,429.000000,-17.000000
511,1743675106100862,178.000000,-130.000000,135.000000,178.000000,128.000000,360.000000,177.957001,-130.001999,134.992996,177.835007,127.945000,360.019012,99.000000,-296.000000,2015.000000,269.000000,439.000000,-9.000000
511,1743675106105292,178.000000,-130.000000,135.000000,178.000000,128.000000,360.000000,177.960999,-130.003006,134.992996,177.837997,127.945999,360.019012,95.000000,-300.000000,2030.000000,251.000000,445.000000,-14.000000
511,1743675106110782,178.000000,-130.000000,135.000000,178.000000,128.000000,360.000000,177.964005,-130.001999,134.994003,177.839005,127.945000,360.016998,120.000000,-308.000000,2069.000000,280.000000,449.000000,-20.000000
511,1743675106115183,178.000000,-130.000000,135.000000,178.000000,128.000000,360.000000,177.968002,-130.003006,134.994003,177.843002,127.945000,360.020996,123.000000,-285.000000,2068.000000,249.000000,450.000000,-32.000000
511,1743675106120707,178.000000,-130.000000,135.000000,178.000000,128.000000,360.000000,177.977005,-130.003006,134.994003,177.845993,127.945999,360.019012,125.000000,-257.000000,2082.000000,222.000000,461.000000,-36.000000
511,1743675106125149,178.000000,-130.000000,135.000000,178.000000,128.000000,360.000000,177.983002,-130.003006,134.994003,177.848007,127.945000,360.019012,110.000000,-258.000000,2074.000000,215.000000,467.000000,-31.000000
511,1743675106130644,178.000000,-130.000000,135.000000,178.000000,128.000000,360.000000,177.992004,-130.003006,134.994003,177.850006,127.945000,360.019012,100.000000,-250.000000,2082.000000,221.000000,470.000000,-51.000000
511,1743675106135051,178.000000,-130.000000,135.000000,178.000000,128.000000,360.000000,177.994003,-130.003006,134.996994,177.852005,127.945999,360.019012,110.000000,-232.000000,2079.000000,201.000000,474.000000,-37.000000
511,1743675106140546,178.000000,-130.000000,135.000000,178.000000,128.000000,360.000000,178.011993,-130.001999,134.996994,177.856003,127.945999,360.019012,57.000000,-244.000000,2066.000000,207.000000,477.000000,-48.000000
511,1743675106144915,178.000000,-130.000000,135.000000,178.000000,128.000000,360.000000,178.022995,-130.001007,134.994995,177.863007,127.945000,360.019012,38.000000,-243.000000,2072.000000,192.000000,483.000000,-50.000000
511,1743675106150450,178.000000,-130.000000,135.000000,178.000000,128.000000,360.000000,178.026993,-130.001007,134.994003,177.865005,127.945000,360.019989,33.000000,-245.000000,2107.000000,150.000000,489.000000,-42.000000
511,1743675106154815,178.000000,-130.000000,135.000000,178.000000,128.000000,360.000000,178.024994,-130.001007,134.998001,177.865005,127.945000,360.019012,23.000000,-243.000000,2121.000000,175.000000,489.000000,-47.000000
511,1743675106160247,178.000000,-130.000000,135.000000,178.000000,128.000000,360.000000,178.020996,-130.001999,134.996994,177.863007,127.945999,360.019012,-3.000000,-233.000000,2086.000000,158.000000,495.000000,-60.000000
511,1743675106165758,178.000000,-130.000000,135.000000,178.000000,128.000000,360.000000,178.020996,-130.001999,134.998001,177.867004,127.947998,360.019989,-10.000000,-225.000000,2082.000000,166.000000,500.000000,-65.000000
511,1743675106170117,178.000000,-130.000000,135.000000,178.000000,128.000000,360.000000,178.018997,-130.001999,134.994995,177.871002,127.947998,360.016998,-21.000000,-229.000000,2082.000000,167.000000,480.000000,-73.000000
511,1743675106175609,178.000000,-130.000000,135.000000,178.000000,128.000000,360.000000,178.020996,-130.001999,134.998001,177.871994,127.947998,360.019989,-32.000000,-218.000000,2089.000000,158.000000,496.000000,-66.000000
511,1743675106179974,178.000000,-130.000000,135.000000,178.000000,128.000000,360.000000,178.016006,-130.001007,134.998001,177.873993,127.947998,360.016998,-55.000000,-242.000000,2091.000000,147.000000,494.000000,-75.000000
511,1743675106185477,178.000000,-130.000000,135.000000,178.000000,128.000000,360.000000,178.011993,-130.001007,134.996994,177.875000,127.947998,360.016998,-52.000000,-234.000000,2082.000000,155.000000,505.000000,-70.000000
511,1743675106189825,178.000000,-130.000000,135.000000,178.000000,128.000000,360.000000,178.007004,-130.001007,134.998001,177.876007,127.947998,360.016998,-56.000000,-232.000000,2078.000000,147.000000,514.000000,-71.000000
511,1743675106195385,178.000000,-130.000000,135.000000,178.000000,128.000000,360.000000,178.003998,-130.003006,134.996994,177.878998,127.948997,360.016998,-61.000000,-234.000000,2079.000000,155.000000,505.000000,-86.000000
511,1743675106200847,178.000000,-130.000000,135.000000,178.000000,128.000000,360.000000,177.992996,-130.001007,134.994995,177.880997,127.949997,360.019012,-16.000000,-234.000000,2072.000000,140.000000,512.000000,-75.000000
511,1743675106205265,178.000000,-130.000000,135.000000,178.000000,128.000000,360.000000,177.985992,-130.001999,134.998001,177.882004,127.953003,360.016998,10.000000,-226.000000,2067.000000,136.000000,506.000000,-89.000000
511,1743675106210789,178.000000,-130.000000,135.000000,178.000000,128.000000,360.000000,177.985001,-130.001999,134.998001,177.882004,127.953003,360.016998,16.000000,-226.000000,2075.000000,149.000000,509.000000,-92.000000
511,1743675106215254,178.000000,-130.000000,135.000000,178.000000,128.000000,360.000000,177.988007,-130.001007,134.996994,177.884995,127.954002,360.015015,32.000000,-226.000000,2074.000000,169.000000,506.000000,-94.000000
511,1743675106220647,178.000000,-130.000000,135.000000,178.000000,128.000000,360.000000,177.994003,-130.001007,134.998001,177.889999,127.954002,360.015991,49.000000,-229.000000,2076.000000,123.000000,507.000000,-94.000000
511,1743675106225064,178.000000,-130.000000,135.000000,178.000000,128.000000,360.000000,177.992996,-130.001007,134.998993,177.889999,127.954002,360.016998,58.000000,-226.000000,2062.000000,165.000000,519.000000,-103.000000
511,1743675106230518,178.000000,-130.000000,135.000000,178.000000,128.000000,360.000000,177.992004,-130.001007,134.998001,177.889999,127.954002,360.015991,67.000000,-227.000000,2071.000000,124.000000,511.000000,-106.000000
511,1743675106234874,178.000000,-130.000000,135.000000,178.000000,128.000000,360.000000,177.992004,-129.998993,134.998001,177.891998,127.954002,360.015991,86.000000,-225.000000,2046.000000,156.000000,513.000000,-101.000000
511,1743675106240358,178.000000,-130.000000,135.000000,178.000000,128.000000,360.000000,177.996994,-130.001999,134.998001,177.893997,127.957001,360.015991,81.000000,-224.000000,2063.000000,148.000000,515.000000,-96.000000
511,1743675106244680,178.000000,-130.000000,135.000000,178.000000,128.000000,360.000000,177.996994,-130.001999,134.998001,177.893997,127.957001,360.015991,81.000000,-224.000000,2063.000000,148.000000,515.000000,-96.000000
511,1743675106250216,178.000000,-130.000000,135.000000,178.000000,128.000000,360.000000,178.007996,-130.001999,134.998993,177.897003,127.959000,360.015991,32.000000,-224.000000,2061.000000,133.000000,511.000000,-107.000000
511,1743675106255683,178.000000,-130.000000,135.000000,178.000000,128.000000,360.000000,178.011002,-130.001007,134.998993,177.899994,127.959000,360.015015,36.000000,-219.000000,2065.000000,111.000000,513.000000,-129.000000
511,1743675106260045,178.000000,-130.000000,135.000000,178.000000,128.000000,360.000000,178.018005,-130.001007,134.998001,177.901001,127.959999,360.015015,-6.000000,-223.000000,2062.000000,135.000000,510.000000,-99.000000
511,1743675106265626,178.000000,-130.000000,135.000000,178.000000,128.000000,360.000000,178.018005,-130.001007,134.998001,177.901001,127.959999,360.015015,-6.000000,-223.000000,2062.000000,135.000000,510.000000,-99.000000
511,1743675106270023,178.000000,-130.000000,135.000000,178.000000,128.000000,360.000000,178.020996,-130.001007,134.998001,177.904007,127.960999,360.015991,-23.000000,-220.000000,2073.000000,125.000000,514.000000,-111.000000
511,1743675106275562,178.000000,-130.000000,135.000000,178.000000,128.000000,360.000000,178.020996,-130.001007,134.998001,177.904007,127.960999,360.015991,-23.000000,-220.000000,2073.000000,125.000000,514.000000,-111.000000
511,1743675106279952,178.000000,-130.000000,135.000000,178.000000,128.000000,360.000000,178.011993,-129.998993,134.998001,177.903000,127.962997,360.015015,-49.000000,-221.000000,2067.000000,124.000000,522.000000,-114.000000
511,1743675106285523,178.000000,-130.000000,135.000000,178.000000,128.000000,360.000000,178.007004,-130.001007,134.998993,177.903000,127.963997,360.013000,-48.000000,-221.000000,2070.000000,136.000000,531.000000,-127.000000
511,1743675106289905,178.000000,-130.000000,135.000000,178.000000,128.000000,360.000000,178.005005,-130.001007,134.998993,177.904007,127.963997,360.013000,-56.000000,-220.000000,2067.000000,131.000000,525.000000,-115.000000
511,1743675106295403,178.000000,-130.000000,135.000000,178.000000,128.000000,360.000000,178.003998,-130.001007,134.998001,177.904999,127.963997,360.013000,-47.000000,-224.000000,2063.000000,121.000000,547.000000,-129.000000
511,1743675106300856,178.000000,-130.000000,135.000000,178.000000,128.000000,360.000000,178.003998,-130.001007,134.998001,177.906998,127.963997,360.011993,-50.000000,-216.000000,2058.000000,121.000000,544.000000,-137.000000
511,1743675106305261,178.000000,-130.000000,135.000000,178.000000,128.000000,360.000000,178.003998,-130.001007,134.998001,177.908005,127.964996,360.010010,-77.000000,-222.000000,2057.000000,110.000000,556.000000,-136.000000
511,1743675106310794,178.000000,-130.000000,135.000000,178.000000,128.000000,360.000000,178.001007,-130.001007,134.998001,177.908005,127.963997,360.013000,-57.000000,-219.000000,2065.000000,124.000000,558.000000,-136.000000
511,1743675106315244,178.000000,-130.000000,135.000000,178.000000,128.000000,360.000000,178.000000,-130.001007,134.996994,177.910995,127.963997,360.011993,-54.000000,-217.000000,2070.000000,97.000000,559.000000,-135.000000
511,1743675106320734,178.000000,-130.000000,135.000000,178.000000,128.000000,360.000000,178.000000,-130.001999,134.998993,177.910995,127.964996,360.010010,-61.000000,-220.000000,2068.000000,114.000000,563.000000,-133.000000
511,1743675106325129,178.000000,-130.000000,135.000000,178.000000,128.000000,360.000000,177.996994,-130.001007,134.998001,177.912003,127.967003,360.011993,-56.000000,-229.000000,2053.000000,77.000000,560.000000,-146.000000
511,1743675106330581,178.000000,-130.000000,135.000000,178.000000,128.000000,360.000000,177.996002,-130.001007,134.998993,177.912003,127.964996,360.011993,-31.000000,-225.000000,2047.000000,93.000000,560.000000,-150.000000
511,1743675106334978,178.000000,-130.000000,135.000000,178.000000,128.000000,360.000000,177.996994,-130.001007,134.998001,177.914993,127.968002,360.010010,-31.000000,-228.000000,2051.000000,87.000000,563.000000,-148.000000
511,1743675106340478,178.000000,-130.000000,135.000000,178.000000,128.000000,360.000000,178.003006,-130.001007,134.998993,177.916000,127.967003,360.010010,-34.000000,-220.000000,2059.000000,89.000000,566.000000,-164.000000
511,1743675106344882,178.000000,-130.000000,135.000000,178.000000,128.000000,360.000000,178.007004,-130.001007,134.998001,177.919006,127.968002,360.009003,-57.000000,-231.000000,2056.000000,83.000000,569.000000,-159.000000
511,1743675106350405,178.000000,-130.000000,135.000000,178.000000,128.000000,360.000000,178.007004,-129.998993,134.998001,177.919998,127.968002,360.009003,-79.000000,-227.000000,2056.000000,79.000000,545.000000,-160.000000
511,1743675106354769,178.000000,-130.000000,135.000000,178.000000,128.000000,360.000000,178.003998,-130.001007,134.998001,177.919998,127.970001,360.009003,-102.000000,-231.000000,2063.000000,58.000000,566.000000,-164.000000
511,1743675106360293,178.000000,-130.000000,135.000000,178.000000,128.000000,360.000000,178.003006,-130.001007,134.998993,177.921997,127.970001,360.011993,-89.000000,-230.000000,2045.000000,60.000000,579.000000,-167.000000
511,1743675106365791,178.000000,-130.000000,135.000000,178.000000,128.000000,360.000000,178.005005,-130.001007,134.998001,177.923004,127.971001,360.009003,-101.000000,-224.000000,2052.000000,63.000000,579.000000,-146.000000
511,1743675106370194,178.000000,-130.000000,135.000000,178.000000,128.000000,360.000000,178.005005,-130.001007,134.998001,177.927002,127.971001,360.009003,-124.000000,-220.000000,2056.000000,28.000000,593.000000,-144.000000
511,1743675106375585,178.000000,-130.000000,135.000000,178.000000,128.000000,360.000000,178.005005,-130.001007,134.998993,177.927002,127.971001,360.007996,-133.000000,-224.000000,2052.000000,41.000000,583.000000,-146.000000
511,1743675106379938,178.000000,-130.000000,135.000000,178.000000,128.000000,360.000000,178.003006,-130.001007,134.998993,177.929001,127.972000,360.007996,-117.000000,-223.000000,2052.000000,30.000000,574.000000,-170.000000
511,1743675106385462,178.000000,-130.000000,135.000000,178.000000,128.000000,360.000000,178.003998,-129.998993,134.998993,177.931000,127.972000,360.009003,-132.000000,-225.000000,2075.000000,5.000000,566.000000,-130.000000
511,1743675106390975,178.000000,-130.000000,135.000000,178.000000,128.000000,360.000000,178.003006,-130.001007,134.998993,177.932999,127.973999,360.007996,-127.000000,-227.000000,2057.000000,5.000000,554.000000,-176.000000
511,1743675106395398,178.000000,-130.000000,135.000000,178.000000,128.000000,360.000000,178.001007,-130.001007,134.998993,177.934006,127.974998,360.007996,-122.000000,-227.000000,2056.000000,0.000000,539.000000,-174.000000
511,1743675106400887,178.000000,-130.000000,135.000000,178.000000,128.000000,360.000000,177.996002,-130.001007,135.001007,177.934998,127.974998,360.006012,-121.000000,-224.000000,2056.000000,6.000000,555.000000,-178.000000
511,1743675106405245,178.000000,-130.000000,135.000000,178.000000,128.000000,360.000000,177.996002,-130.001007,135.001007,177.934998,127.974998,360.006012,-121.000000,-224.000000,2056.000000,6.000000,555.000000,-178.000000
511,1743675106410728,178.000000,-130.000000,135.000000,178.000000,128.000000,360.000000,177.996002,-130.001007,134.998001,177.936996,127.978996,360.005005,-59.000000,-231.000000,2059.000000,-23.000000,516.000000,-185.000000
511,1743675106415069,178.000000,-130.000000,135.000000,178.000000,128.000000,360.000000,177.996002,-130.001007,134.998001,177.940002,127.978996,360.005005,-52.000000,-227.000000,2058.000000,-21.000000,500.000000,-178.000000
511,1743675106420636,178.000000,-130.000000,135.000000,178.000000,128.000000,360.000000,177.996994,-129.998993,134.998993,177.942001,127.982002,360.005005,-58.000000,-226.000000,2069.000000,-12.000000,506.000000,-176.000000
511,1743675106425043,178.000000,-130.000000,135.000000,178.000000,128.000000,360.000000,177.996002,-129.998993,134.998993,177.944000,127.983002,360.006012,-63.000000,-228.000000,2067.000000,-57.000000,483.000000,-178.000000
511,1743675106430473,178.000000,-130.000000,135.000000,178.000000,128.000000,360.000000,177.996002,-129.998993,134.998993,177.944000,127.983002,360.006012,-63.000000,-228.000000,2067.000000,-57.000000,483.000000,-178.000000
511,1743675106434928,178.000000,-130.000000,135.000000,178.000000,128.000000,360.000000,177.994003,-129.998993,134.998993,177.944000,127.985001,360.005005,-31.000000,-227.000000,2086.000000,-40.000000,484.000000,-180.000000
511,1743675106440439,178.000000,-130.000000,135.000000,178.000000,128.000000,360.000000,177.996002,-130.001999,134.998993,177.945007,127.987000,360.005005,-2.000000,-219.000000,2060.000000,-54.000000,452.000000,-179.000000
511,1743675106444806,178.000000,-130.000000,135.000000,178.000000,128.000000,360.000000,177.996002,-130.001999,134.998993,177.945007,127.987000,360.005005,-2.000000,-219.000000,2060.000000,-54.000000,452.000000,-179.000000
511,1743675106450236,178.000000,-130.000000,135.000000,178.000000,128.000000,360.000000,177.994003,-130.001007,134.998993,177.947998,127.989998,360.003998,4.000000,-220.000000,2059.000000,-33.000000,453.000000,-184.000000
511,1743675106455657,178.000000,-130.000000,135.000000,178.000000,128.000000,360.000000,177.996994,-130.001007,134.998993,177.949005,127.989998,360.005005,7.000000,-222.000000,2074.000000,-54.000000,428.000000,-203.000000
511,1743675106460068,178.000000,-130.000000,135.000000,178.000000,128.000000,360.000000,178.001007,-130.001007,134.998993,177.951996,127.991997,360.003998,-4.000000,-223.000000,2063.000000,-43.000000,425.000000,-183.000000
511,1743675106465633,178.000000,-130.000000,135.000000,178.000000,128.000000,360.000000,178.003998,-129.998993,134.998993,177.951996,127.992996,360.003998,-9.000000,-223.000000,2057.000000,-57.000000,429.000000,-199.000000
511,1743675106470054,178.000000,-130.000000,135.000000,178.000000,128.000000,360.000000,178.005005,-129.998993,134.998001,177.955994,127.996002,360.002014,-50.000000,-223.000000,2061.000000,-66.000000,427.000000,-176.000000
511,1743675106475549,178.000000,-130.000000,135.000000,178.000000,128.000000,360.000000,178.003998,-129.998993,134.998993,177.955994,127.996002,360.005005,-72.000000,-226.000000,2060.000000,-63.000000,452.000000,-178.000000
511,1743675106479986,178.000000,-130.000000,135.000000,178.000000,128.000000,360.000000,178.001007,-129.998993,134.998993,177.957001,127.998001,360.001007,-69.000000,-223.000000,2059.000000,-66.000000,415.000000,-187.000000
511,1743675106485533,178.000000,-130.000000,135.000000,178.000000,128.000000,360.000000,178.001007,-130.001007,134.998993,177.957001,127.998001,360.002014,-55.000000,-225.000000,2066.000000,-78.000000,397.000000,-184.000000
511,1743675106489935,178.000000,-130.000000,135.000000,178.000000,128.000000,360.000000,178.001007,-130.001007,135.001007,177.960007,127.998001,360.002014,-66.000000,-224.000000,2058.000000,-57.000000,403.000000,-166.000000
511,1743675106495458,178.000000,-130.000000,135.000000,178.000000,128.000000,360.000000,178.001007,-130.001007,134.998993,177.960007,128.000000,360.002014,-62.000000,-224.000000,2058.000000,-77.000000,390.000000,-158.000000
511,1743675106499830,178.000000,-130.000000,135.000000,178.000000,128.000000,360.000000,178.001007,-130.001007,135.001007,177.962997,128.000000,360.001007,-71.000000,-225.000000,2054.000000,-88.000000,401.000000,-169.000000
511,1743675106505288,178.000000,-130.000000,135.000000,178.000000,128.000000,360.000000,178.001007,-130.001007,134.998993,177.962006,128.001007,360.001007,-68.000000,-225.000000,2056.000000,-80.000000,394.000000,-179.000000
511,1743675106510786,178.000000,-130.000000,135.000000,178.000000,128.000000,360.000000,178.001007,-129.998993,134.998993,177.966003,128.003006,360.001007,-66.000000,-225.000000,2063.000000,-87.000000,391.000000,-200.000000
511,1743675106515221,178.000000,-130.000000,135.000000,178.000000,128.000000,360.000000,178.001007,-129.998993,134.998993,177.966003,128.003006,360.001007,-60.000000,-222.000000,2064.000000,-84.000000,399.000000,-170.000000
511,1743675106520738,178.000000,-130.000000,135.000000,178.000000,128.000000,360.000000,177.998993,-130.001007,135.001007,177.966995,128.003998,360.002014,-64.000000,-224.000000,2052.000000,-71.000000,368.000000,-179.000000
511,1743675106525164,178.000000,-130.000000,135.000000,178.000000,128.000000,360.000000,177.996994,-129.998993,134.998993,177.966995,128.005005,360.002014,-64.000000,-223.000000,2060.000000,-87.000000,366.000000,-174.000000
511,1743675106530625,178.000000,-130.000000,135.000000,178.000000,128.000000,360.000000,177.996994,-129.998993,134.998993,177.968002,128.003998,360.002014,-63.000000,-223.000000,2048.000000,-76.000000,372.000000,-184.000000
511,1743675106535013,178.000000,-130.000000,135.000000,178.000000,128.000000,360.000000,177.998993,-130.001007,135.001007,177.970993,128.003006,360.002014,-61.000000,-228.000000,2052.000000,-83.000000,371.000000,-166.000000
511,1743675106540581,178.000000,-130.000000,135.000000,178.000000,128.000000,360.000000,178.001007,-129.998993,134.998993,177.970993,128.005005,360.001007,-62.000000,-233.000000,2069.000000,-86.000000,361.000000,-168.000000
511,1743675106544970,178.000000,-130.000000,135.000000,178.000000,128.000000,360.000000,178.000000,-130.001007,135.001007,177.973999,128.003998,360.001007,-61.000000,-229.000000,2066.000000,-92.000000,354.000000,-171.000000
511,1743675106550452,178.000000,-130.000000,135.000000,178.000000,128.000000,360.000000,178.000000,-129.998993,134.998993,177.973999,128.003998,360.002014,-59.000000,-229.000000,2068.000000,-85.000000,350.000000,-160.000000
511,1743675106554800,178.000000,-130.000000,135.000000,178.000000,128.000000,360.000000,178.000000,-129.998993,134.998001,177.975006,128.003998,360.001007,-57.000000,-229.000000,2060.000000,-78.000000,350.000000,-176.000000
511,1743675106560369,178.000000,-130.000000,135.000000,178.000000,128.000000,360.000000,178.000000,-130.001007,135.001007,177.977005,128.003998,360.001007,-59.000000,-227.000000,2061.000000,-82.000000,350.000000,-182.000000
511,1743675106565834,178.000000,-130.000000,135.000000,178.000000,128.000000,360.000000,178.001007,-129.998993,134.998993,177.977005,128.005005,360.001007,-56.000000,-236.000000,2063.000000,-78.000000,327.000000,-170.000000
511,1743675106570235,178.000000,-130.000000,135.000000,178.000000,128.000000,360.000000,178.000000,-130.001007,135.001007,177.977997,128.003006,360.002014,-57.000000,-233.000000,2060.000000,-73.000000,325.000000,-169.000000
511,1743675106575706,178.000000,-130.000000,135.000000,178.000000,128.000000,360.000000,178.001007,-130.001007,134.998993,177.977997,128.003998,359.998993,-62.000000,-231.000000,2057.000000,-65.000000,322.000000,-176.000000
511,1743675106580104,178.000000,-130.000000,135.000000,178.000000,128.000000,360.000000,178.003006,-130.001007,135.001007,177.979004,128.005005,359.998993,-60.000000,-235.000000,2079.000000,-78.000000,317.000000,-169.000000
511,1743675106585620,178.000000,-130.000000,135.000000,178.000000,128.000000,360.000000,178.003006,-129.998993,134.998993,177.981003,128.003998,360.002014,-60.000000,-238.000000,2056.000000,-86.000000,315.000000,-159.000000
511,1743675106590047,178.000000,-130.000000,135.000000,178.000000,128.000000,360.000000,178.003006,-129.998993,134.998993,177.981003,128.003998,360.002014,-60.000000,-238.000000,2056.000000,-86.000000,315.000000,-159.000000
511,1743675106595562,178.000000,-130.000000,135.000000,178.000000,128.000000,360.000000,177.998993,-130.001007,134.998993,177.981003,128.003998,360.001007,-60.000000,-227.000000,2074.000000,-99.000000,316.000000,-180.000000
511,1743675106599998,178.000000,-130.000000,135.000000,178.000000,128.000000,360.000000,177.996994,-129.998993,134.998993,177.981995,128.003998,360.001007,-61.000000,-233.000000,2066.000000,-82.000000,312.000000,-163.000000
511,1743675106605500,178.000000,-130.000000,135.000000,178.000000,128.000000,360.000000,177.996994,-129.998993,134.998993,177.983994,128.005005,360.001007,-54.000000,-230.000000,2059.000000,-88.000000,305.000000,-174.000000
511,1743675106609907,178.000000,-130.000000,135.000000,178.000000,128.000000,360.000000,177.996994,-130.001007,135.001007,177.985001,128.003998,360.001007,-58.000000,-240.000000,2063.000000,-87.000000,293.000000,-161.000000
511,1743675106615444,178.000000,-130.000000,135.000000,178.000000,128.000000,360.000000,177.998993,-130.001007,134.998993,177.985992,128.003998,360.002014,-49.000000,-234.000000,2060.000000,-62.000000,292.000000,-192.000000
511,1743675106624136,178.000000,-130.000000,135.000000,178.000000,128.000000,360.000000,178.001007,-130.001007,134.998993,177.985992,128.003998,360.001007,-54.000000,-234.000000,2038.000000,-71.000000,287.000000,-173.000000
511,1743675106625279,178.000000,-130.000000,135.000000,178.000000,128.000000,360.000000,178.001007,-129.998993,135.001007,177.985992,128.003998,359.998993,-55.000000,-234.000000,2055.000000,-58.000000,280.000000,-152.000000
511,1743675106630710,178.000000,-130.000000,135.000000,178.000000,128.000000,360.000000,177.998993,-129.998993,135.001007,177.988007,128.003998,360.002014,-49.000000,-234.000000,2073.000000,-49.000000,269.000000,-168.000000
511,1743675106635044,178.000000,-130.000000,135.000000,178.000000,128.000000,360.000000,177.998993,-129.998993,135.001007,177.988007,128.003998,360.002014,-49.000000,-234.000000,2073.000000,-49.000000,269.000000,-168.000000
511,1743675106640544,178.000000,-130.000000,135.000000,178.000000,128.000000,360.000000,177.996994,-130.001007,134.998001,177.988007,128.005005,359.998993,-43.000000,-232.000000,2059.000000,-53.000000,261.000000,-173.000000
511,1743675106644977,178.000000,-130.000000,135.000000,178.000000,128.000000,360.000000,177.996994,-130.001007,135.001007,177.988998,128.003998,359.998993,-39.000000,-232.000000,2063.000000,-36.000000,260.000000,-171.000000
511,1743675106650457,178.000000,-130.000000,135.000000,178.000000,128.000000,360.000000,177.996994,-129.998993,134.998993,177.990005,128.003998,360.001007,-38.000000,-229.000000,2059.000000,-63.000000,255.000000,-179.000000
511,1743675106654863,178.000000,-130.000000,135.000000,178.000000,128.000000,360.000000,177.998993,-129.998993,135.001007,177.990005,128.005005,360.002014,-34.000000,-228.000000,2056.000000,-42.000000,251.000000,-180.000000
511,1743675106660349,178.000000,-130.000000,135.000000,178.000000,128.000000,360.000000,178.001007,-130.001007,135.001007,177.990005,128.003998,359.998993,-36.000000,-229.000000,2071.000000,-39.000000,241.000000,-169.000000
511,1743675106664707,178.000000,-130.000000,135.000000,178.000000,128.000000,360.000000,178.001007,-129.998993,135.001007,177.992004,128.005005,359.997986,-45.000000,-232.000000,2057.000000,-57.000000,239.000000,-170.000000
511,1743675106670197,178.000000,-130.000000,135.000000,178.000000,128.000000,360.000000,178.001007,-129.998993,135.001007,177.992004,128.005005,360.001007,-37.000000,-232.000000,2065.000000,-32.000000,236.000000,-160.000000
511,1743675106675657,178.000000,-130.000000,135.000000,178.000000,128.000000,360.000000,178.000000,-129.998001,134.998993,177.992996,128.005005,360.001007,-37.000000,-232.000000,2059.000000,-40.000000,237.000000,-171.000000
511,1743675106680073,178.000000,-130.000000,135.000000,178.000000,128.000000,360.000000,178.000000,-130.001007,135.001999,177.992996,128.005005,360.001007,-37.000000,-233.000000,2060.000000,-27.000000,218.000000,-171.000000
511,1743675106685625,178.000000,-130.000000,135.000000,178.000000,128.000000,360.000000,178.000000,-130.001007,134.998993,177.992996,128.003998,360.001007,-35.000000,-226.000000,2061.000000,-33.000000,219.000000,-154.000000
511,1743675106690024,178.000000,-130.000000,135.000000,178.000000,128.000000,360.000000,178.000000,-129.998993,134.998993,177.994995,128.003998,359.998993,-41.000000,-228.000000,2061.000000,-35.000000,216.000000,-180.000000
511,1743675106695523,178.000000,-130.000000,135.000000,178.000000,128.000000,360.000000,178.001007,-129.998001,135.001007,177.996002,128.003998,360.001007,-52.000000,-230.000000,2068.000000,-50.000000,217.000000,-170.000000
511,1743675106699936,178.000000,-130.000000,135.000000,178.000000,128.000000,360.000000,178.001007,-129.998001,135.001007,177.996002,128.005005,359.998993,-41.000000,-228.000000,2062.000000,-47.000000,209.000000,-169.000000
511,1743675106705508,178.000000,-130.000000,135.000000,178.000000,128.000000,360.000000,178.001007,-129.998001,135.001007,177.996994,128.003998,359.998993,-43.000000,-230.000000,2086.000000,-49.000000,206.000000,-169.000000
511,1743675106709877,178.000000,-130.000000,135.000000,178.000000,128.000000,360.000000,178.001007,-129.998001,135.001007,177.996994,128.003998,360.002014,-41.000000,-230.000000,2059.000000,-46.000000,187.000000,-155.000000
511,1743675106715365,178.000000,-130.000000,135.000000,178.000000,128.000000,360.000000,178.001007,-129.998993,135.001007,177.996994,128.005005,360.001007,-39.000000,-226.000000,2056.000000,-48.000000,191.000000,-175.000000
511,1743675106720823,178.000000,-130.000000,135.000000,178.000000,128.000000,360.000000,177.998993,-129.998993,135.001007,177.996002,128.003998,360.001007,-41.000000,-224.000000,2064.000000,-46.000000,189.000000,-167.000000
511,1743675106725201,178.000000,-130.000000,135.000000,178.000000,128.000000,360.000000,178.000000,-129.998993,134.998993,177.996994,128.005005,360.001007,-36.000000,-222.000000,2059.000000,-49.000000,181.000000,-142.000000
511,1743675106730701,178.000000,-130.000000,135.000000,178.000000,128.000000,360.000000,178.000000,-129.998993,135.001007,177.996002,128.003998,360.001007,-39.000000,-222.000000,2063.000000,-46.000000,180.000000,-166.000000
511,1743675106735098,178.000000,-130.000000,135.000000,178.000000,128.000000,360.000000,178.000000,-129.998993,135.001007,177.996994,128.005005,359.998993,-34.000000,-222.000000,2060.000000,-42.000000,176.000000,-170.000000
511,1743675106740635,178.000000,-130.000000,135.000000,178.000000,128.000000,360.000000,178.000000,-129.998993,134.998993,177.996994,128.005005,360.001007,-34.000000,-226.000000,2060.000000,-47.000000,173.000000,-190.000000
511,1743675106745012,178.000000,-130.000000,135.000000,178.000000,128.000000,360.000000,177.998993,-129.998993,134.998993,177.996002,128.003998,359.998993,-39.000000,-224.000000,2062.000000,-43.000000,155.000000,-168.000000
511,1743675106750509,178.000000,-130.000000,135.000000,178.000000,128.000000,360.000000,177.998993,-129.998993,135.001007,177.996994,128.005005,359.998993,-38.000000,-219.000000,2049.000000,-44.000000,159.000000,-171.000000
511,1743675106754881,178.000000,-130.000000,135.000000,178.000000,128.000000,360.000000,178.000000,-129.998993,135.001999,177.996002,128.003998,360.001007,-30.000000,-225.000000,2053.000000,-46.000000,147.000000,-180.000000
511,1743675106760398,178.000000,-130.000000,135.000000,178.000000,128.000000,360.000000,178.000000,-130.001007,135.001007,177.996994,128.003998,360.001007,-30.000000,-232.000000,2059.000000,-43.000000,152.000000,-150.000000
511,1743675106764733,178.000000,-130.000000,135.000000,178.000000,128.000000,360.000000,178.000000,-130.001007,135.001007,177.996994,128.003998,360.001007,-30.000000,-232.000000,2059.000000,-43.000000,152.000000,-150.000000
511,1743675106770207,178.000000,-130.000000,135.000000,178.000000,128.000000,360.000000,178.000000,-129.998993,135.001007,177.996994,128.005005,360.002014,-34.000000,-220.000000,2058.000000,-51.000000,143.000000,-172.000000
511,1743675106775700,178.000000,-130.000000,135.000000,178.000000,128.000000,360.000000,178.003006,-129.998001,135.001007,177.996994,128.005005,359.998993,-44.000000,-230.000000,2052.000000,-46.000000,142.000000,-179.000000
511,1743675106780180,178.000000,-130.000000,135.000000,178.000000,128.000000,360.000000,178.003006,-129.998993,135.001007,177.996994,128.007004,360.001007,-39.000000,-228.000000,2051.000000,-59.000000,133.000000,-173.000000
511,1743675106784598,178.000000,-130.000000,135.000000,178.000000,128.000000,360.000000,178.003006,-129.998993,135.001007,177.996994,128.007004,360.001007,-39.000000,-228.000000,2051.000000,-59.000000,133.000000,-173.000000
511,1743675106790115,178.000000,-130.000000,135.000000,178.000000,128.000000,360.000000,178.000000,-129.998993,135.001007,177.996994,128.003998,360.001007,-41.000000,-228.000000,2052.000000,-52.000000,119.000000,-182.000000
511,1743675106795589,178.000000,-130.000000,135.000000,178.000000,128.000000,360.000000,178.000000,-129.998993,135.001007,177.996994,128.007004,359.998993,-42.000000,-225.000000,2060.000000,-47.000000,114.000000,-167.000000
511,1743675106799907,178.000000,-130.000000,135.000000,178.000000,128.000000,360.000000,177.998993,-129.998993,135.001007,177.996994,128.003998,359.998993,-34.000000,-225.000000,2052.000000,-46.000000,122.000000,-168.000000
511,1743675106805424,178.000000,-130.000000,135.000000,178.000000,128.000000,360.000000,178.000000,-129.998993,135.001007,177.996994,128.003998,359.998993,-29.000000,-234.000000,2035.000000,-47.000000,106.000000,-176.000000
511,1743675106810983,178.000000,-130.000000,135.000000,178.000000,128.000000,360.000000,178.000000,-129.998993,134.998993,177.996994,128.005005,360.001007,-38.000000,-224.000000,2053.000000,-48.000000,105.000000,-177.000000
511,1743675106815424,178.000000,-130.000000,135.000000,178.000000,128.000000,360.000000,178.000000,-129.998993,135.001999,177.996002,128.003998,359.998993,-26.000000,-231.000000,2043.000000,-47.000000,97.000000,-175.000000
511,1743675106819862,178.000000,-130.000000,135.000000,178.000000,128.000000,360.000000,178.000000,-129.998993,135.001999,177.996002,128.003998,359.998993,-34.000000,-228.000000,2038.000000,-45.000000,101.000000,-173.000000
511,1743675106825347,178.000000,-130.000000,135.000000,178.000000,128.000000,360.000000,178.001007,-129.998993,134.998993,177.996994,128.003998,359.998993,-28.000000,-225.000000,2048.000000,-52.000000,101.000000,-165.000000
511,1743675106829753,178.000000,-130.000000,135.000000,178.000000,128.000000,360.000000,178.001007,-129.998993,134.998993,177.996994,128.003998,359.998993,-29.000000,-229.000000,2048.000000,-44.000000,95.000000,-159.000000
511,1743675106835264,178.000000,-130.000000,135.000000,178.000000,128.000000,360.000000,178.001007,-129.998993,135.001007,177.996994,128.005005,360.001007,-28.000000,-231.000000,2035.000000,-45.000000,82.000000,-170.000000
511,1743675106840814,178.000000,-130.000000,135.000000,178.000000,128.000000,360.000000,178.000000,-129.998001,134.998993,177.996994,128.003998,359.998993,-30.000000,-228.000000,2044.000000,-50.000000,86.000000,-167.000000
511,1743675106845229,178.000000,-130.000000,135.000000,178.000000,128.000000,360.000000,178.000000,-129.998993,134.998993,177.996002,128.003998,360.001007,-26.000000,-223.000000,2045.000000,-50.000000,85.000000,-184.000000
511,1743675106850713,178.000000,-130.000000,135.000000,178.000000,128.000000,360.000000,178.000000,-129.998993,135.001007,177.996994,128.005005,359.998993,-29.000000,-229.000000,2048.000000,-47.000000,66.000000,-142.000000
511,1743675106855149,178.000000,-130.000000,135.000000,178.000000,128.000000,360.000000,178.000000,-129.998001,134.998993,177.996994,128.005005,360.001007,-16.000000,-228.000000,2049.000000,-47.000000,66.000000,-161.000000
511,1743675106860627,178.000000,-130.000000,135.000000,178.000000,128.000000,360.000000,178.001007,-129.998993,134.998993,177.996994,128.003998,359.998993,-16.000000,-225.000000,2056.000000,-49.000000,66.000000,-166.000000
511,1743675106865041,178.000000,-130.000000,135.000000,178.000000,128.000000,360.000000,178.001007,-129.998993,135.001007,177.996994,128.003998,359.998993,-17.000000,-223.000000,2051.000000,-47.000000,55.000000,-178.000000
511,1743675106870521,178.000000,-130.000000,135.000000,178.000000,128.000000,360.000000,178.000000,-129.998993,134.998993,177.996994,128.005005,359.998993,-12.000000,-222.000000,2050.000000,-46.000000,50.000000,-158.000000
511,1743675106874902,178.000000,-130.000000,135.000000,178.000000,128.000000,360.000000,178.001007,-129.998993,134.998993,177.998993,128.003998,360.001007,-24.000000,-229.000000,2051.000000,-48.000000,48.000000,-157.000000
511,1743675106880469,178.000000,-130.000000,135.000000,178.000000,128.000000,360.000000,178.000000,-129.998993,135.001999,177.996994,128.003006,359.998993,-22.000000,-226.000000,2046.000000,-49.000000,37.000000,-162.000000
511,1743675106884823,178.000000,-130.000000,135.000000,178.000000,128.000000,360.000000,178.000000,-129.998001,135.001999,177.996994,128.003998,359.998993,-17.000000,-230.000000,2051.000000,-50.000000,43.000000,-168.000000
511,1743675106890312,178.000000,-130.000000,135.000000,178.000000,128.000000,360.000000,178.000000,-129.998001,134.998993,177.996994,128.003998,359.998993,-21.000000,-237.000000,2052.000000,-45.000000,39.000000,-169.000000
511,1743675106894730,178.000000,-130.000000,135.000000,178.000000,128.000000,360.000000,178.001007,-129.998993,135.001007,177.996994,128.003998,360.001007,-17.000000,-223.000000,2059.000000,-50.000000,34.000000,-165.000000
511,1743675106900257,178.000000,-130.000000,135.000000,178.000000,128.000000,360.000000,178.000000,-129.998993,135.001007,177.996994,128.003998,360.001007,-33.000000,-228.000000,2058.000000,-50.000000,21.000000,-193.000000
511,1743675106904620,178.000000,-130.000000,135.000000,178.000000,128.000000,360.000000,178.000000,-129.998993,134.998993,177.996002,128.003998,359.997986,-31.000000,-228.000000,2049.000000,-47.000000,21.000000,-158.000000
511,1743675106910201,178.000000,-130.000000,135.000000,178.000000,128.000000,360.000000,178.000000,-129.998993,135.001007,177.996994,128.003998,359.997986,-27.000000,-228.000000,2077.000000,-48.000000,20.000000,-165.000000
511,1743675106914580,178.000000,-130.000000,135.000000,178.000000,128.000000,360.000000,178.000000,-129.998993,135.001007,177.996994,128.003998,360.001007,-33.000000,-235.000000,2063.000000,-49.000000,23.000000,-163.000000
511,1743675106920092,178.000000,-130.000000,135.000000,178.000000,128.000000,360.000000,178.001007,-129.998001,134.998993,177.996994,128.003006,359.998993,-36.000000,-228.000000,2068.000000,-47.000000,14.000000,-176.000000
511,1743675106925635,178.000000,-130.000000,135.000000,178.000000,128.000000,360.000000,178.000000,-129.998993,135.001007,177.996994,128.003998,359.998993,-31.000000,-228.000000,2068.000000,-53.000000,18.000000,-185.000000
511,1743675106929989,178.000000,-130.000000,135.000000,178.000000,128.000000,360.000000,178.001007,-129.998993,135.001007,177.996994,128.003006,359.998993,-31.000000,-229.000000,2070.000000,-47.000000,3.000000,-160.000000
511,1743675106935499,178.000000,-130.000000,135.000000,178.000000,128.000000,360.000000,178.001007,-129.998993,135.001007,177.996994,128.003998,359.998993,-30.000000,-224.000000,2062.000000,-45.000000,16.000000,-152.000000
511,1743675106939811,178.000000,-130.000000,135.000000,178.000000,128.000000,360.000000,178.001007,-129.998001,135.001007,177.996994,128.003006,359.998993,-26.000000,-229.000000,2068.000000,-54.000000,22.000000,-177.000000
511,1743675106945347,178.000000,-130.000000,135.000000,178.000000,128.000000,360.000000,178.000000,-129.998993,135.001999,177.998993,128.003006,359.997986,-28.000000,-229.000000,2070.000000,-43.000000,12.000000,-171.000000
511,1743675106949748,178.000000,-130.000000,135.000000,178.000000,128.000000,360.000000,178.000000,-129.998993,135.001007,177.996994,128.003006,359.997986,-28.000000,-227.000000,2062.000000,-52.000000,14.000000,-161.000000
511,1743675106955284,178.000000,-130.000000,135.000000,178.000000,128.000000,360.000000,178.000000,-129.998001,135.001007,177.996994,128.003006,359.998993,-28.000000,-228.000000,2083.000000,-51.000000,28.000000,-169.000000
511,1743675106960721,178.000000,-130.000000,135.000000,178.000000,128.000000,360.000000,178.000000,-129.998993,135.001007,177.996994,128.003998,359.998993,-28.000000,-227.000000,2069.000000,-45.000000,6.000000,-166.000000
511,1743675106965136,178.000000,-130.000000,135.000000,178.000000,128.000000,360.000000,178.001007,-129.998993,134.998993,177.996994,128.003998,359.998993,-38.000000,-227.000000,2068.000000,-54.000000,15.000000,-167.000000
511,1743675106970619,178.000000,-130.000000,135.000000,178.000000,128.000000,360.000000,178.001007,-129.998993,135.001007,177.996994,128.003006,359.997986,-32.000000,-227.000000,2078.000000,-48.000000,13.000000,-180.000000
511,1743675106975079,178.000000,-130.000000,135.000000,178.000000,128.000000,360.000000,178.001007,-129.998993,135.001007,177.996994,128.003998,359.998993,-34.000000,-230.000000,2077.000000,-49.000000,18.000000,-177.000000
511,1743675106980623,178.000000,-130.000000,135.000000,178.000000,128.000000,360.000000,178.001007,-129.998993,135.001007,177.996994,128.003998,359.998993,-34.000000,-230.000000,2077.000000,-49.000000,18.000000,-177.000000
511,1743675106985042,178.000000,-130.000000,135.000000,178.000000,128.000000,360.000000,178.001007,-129.998993,135.001007,177.996994,128.003006,359.997986,-20.000000,-231.000000,2053.000000,-43.000000,0.000000,-145.000000
511,1743675106990572,178.000000,-130.000000,135.000000,178.000000,128.000000,360.000000,178.000000,-129.998001,135.001999,177.996994,128.001007,360.001007,-26.000000,-230.000000,2066.000000,-47.000000,16.000000,-176.000000
511,1743675106994958,178.000000,-130.000000,135.000000,178.000000,128.000000,360.000000,178.001007,-129.998001,135.001007,177.996994,128.003006,360.001007,-28.000000,-229.000000,2058.000000,-50.000000,13.000000,-162.000000
511,1743675107000509,178.000000,-130.000000,135.000000,178.000000,128.000000,360.000000,177.998993,-129.998993,135.001007,177.996994,128.003006,360.001007,-28.000000,-229.000000,2057.000000,-44.000000,16.000000,-154.000000
511,1743675107004856,178.000000,-130.000000,135.000000,178.000000,128.000000,360.000000,178.000000,-129.998993,134.998993,177.996994,128.003006,359.998993,-27.000000,-230.000000,2056.000000,-46.000000,22.000000,-179.000000
511,1743675107010408,178.000000,-130.000000,135.000000,178.000000,128.000000,360.000000,177.998993,-129.998001,135.001007,177.996994,128.003006,359.998993,-36.000000,-229.000000,2061.000000,-42.000000,12.000000,-171.000000
511,1743675107014808,178.000000,-130.000000,135.000000,178.000000,128.000000,360.000000,178.001007,-129.998993,135.001007,177.996994,128.001007,359.997986,-37.000000,-229.000000,2065.000000,-49.000000,18.000000,-153.000000
511,1743675107020293,178.000000,-130.000000,135.000000,178.000000,128.000000,360.000000,178.001007,-129.998993,135.001007,177.996994,128.003006,360.001007,-32.000000,-232.000000,2059.000000,-46.000000,16.000000,-186.000000
511,1743675107025784,178.000000,-130.000000,135.000000,178.000000,128.000000,360.000000,178.001007,-129.998001,135.001007,177.996994,128.001007,359.997986,-33.000000,-238.000000,2056.000000,-46.000000,6.000000,-158.000000
511,1743675107030141,178.000000,-130.000000,135.000000,178.000000,128.000000,360.000000,178.001007,-129.998993,134.998993,177.996994,128.001007,360.001007,-29.000000,-233.000000,2063.000000,-43.000000,15.000000,-153.000000
511,1743675107035612,178.000000,-130.000000,135.000000,178.000000,128.000000,360.000000,178.000000,-129.998993,134.998993,177.996994,128.001007,360.001007,-31.000000,-232.000000,2062.000000,-44.000000,12.000000,-168.000000
511,1743675107040006,178.000000,-130.000000,135.000000,178.000000,128.000000,360.000000,178.001007,-129.998993,135.001007,177.996994,128.001007,359.998993,-39.000000,-235.000000,2066.000000,-49.000000,15.000000,-176.000000
511,1743675107045503,178.000000,-130.000000,135.000000,178.000000,128.000000,360.000000,178.000000,-129.998993,135.001007,177.996994,128.001007,359.998993,-37.000000,-237.000000,2055.000000,-48.000000,16.000000,-159.000000
511,1743675107049831,178.000000,-130.000000,135.000000,178.000000,128.000000,360.000000,178.000000,-129.998001,134.998993,177.996994,128.001007,360.001007,-33.000000,-231.000000,2065.000000,-47.000000,15.000000,-175.000000
511,1743675107055377,178.000000,-130.000000,135.000000,178.000000,128.000000,360.000000,178.001007,-129.998993,135.001999,177.998993,128.003006,359.998993,-33.000000,-232.000000,2066.000000,-46.000000,13.000000,-189.000000
511,1743675107060900,178.000000,-130.000000,135.000000,178.000000,128.000000,360.000000,178.001007,-129.998001,135.001007,177.998993,128.001007,360.001007,-28.000000,-235.000000,2060.000000,-48.000000,17.000000,-158.000000
511,1743675107065330,178.000000,-130.000000,135.000000,178.000000,128.000000,360.000000,178.001007,-129.998993,135.001007,177.996994,128.001007,359.997986,-40.000000,-237.000000,2060.000000,-44.000000,15.000000,-151.000000
511,1743675107070797,178.000000,-130.000000,135.000000,178.000000,128.000000,360.000000,178.001007,-130.001007,135.001007,177.996994,128.003006,359.997986,-35.000000,-235.000000,2058.000000,-45.000000,16.000000,-192.000000
511,1743675107075238,178.000000,-130.000000,135.000000,178.000000,128.000000,360.000000,178.000000,-129.998993,135.001007,177.996994,128.003006,360.001007,-39.000000,-246.000000,2058.000000,-48.000000,16.000000,-148.000000
511,1743675107080722,178.000000,-130.000000,135.000000,178.000000,128.000000,360.000000,178.000000,-129.998993,135.001007,177.996994,128.001007,359.998993,-34.000000,-237.000000,2066.000000,-51.000000,9.000000,-164.000000
511,1743675107085104,178.000000,-130.000000,135.000000,178.000000,128.000000,360.000000,177.998993,-129.998993,135.001007,177.996994,128.003006,359.997986,-39.000000,-234.000000,2060.000000,-44.000000,13.000000,-169.000000
511,1743675107090672,178.000000,-130.000000,135.000000,178.000000,128.000000,360.000000,178.000000,-129.998001,135.001007,177.996994,128.001007,360.001007,-36.000000,-233.000000,2050.000000,-46.000000,11.000000,-202.000000
511,1743675107095144,178.000000,-130.000000,135.000000,178.000000,128.000000,360.000000,178.001007,-129.998001,135.001007,177.996994,128.000000,359.998993,-37.000000,-236.000000,2065.000000,-48.000000,14.000000,-161.000000
511,1743675107100637,178.000000,-130.000000,135.000000,178.000000,128.000000,360.000000,178.001007,-129.998993,134.998993,177.996994,128.001007,360.001007,-41.000000,-229.000000,2056.000000,-46.000000,18.000000,-176.000000
511,1743675107105057,178.000000,-130.000000,135.000000,178.000000,128.000000,360.000000,178.000000,-129.998993,135.001007,177.996994,128.000000,360.001007,-42.000000,-236.000000,2053.000000,-55.000000,11.000000,-166.000000
511,1743675107110529,178.000000,-130.000000,135.000000,178.000000,128.000000,360.000000,178.000000,-129.998993,135.001007,177.996994,128.001007,359.998993,-35.000000,-236.000000,2052.000000,-48.000000,18.000000,-152.000000
511,1743675107114903,178.000000,-130.000000,135.000000,178.000000,128.000000,360.000000,177.998993,-129.998993,135.001007,177.996994,128.001007,359.998993,-40.000000,-234.000000,2057.000000,-47.000000,13.000000,-159.000000
511,1743675107120465,178.000000,-130.000000,135.000000,178.000000,128.000000,360.000000,178.000000,-129.996994,135.001007,177.996994,128.000000,360.001007,-37.000000,-242.000000,2051.000000,-47.000000,13.000000,-160.000000
511,1743675107124856,178.000000,-130.000000,135.000000,178.000000,128.000000,360.000000,178.000000,-129.998001,135.001999,177.996994,128.000000,359.998993,-43.000000,-238.000000,2063.000000,-42.000000,13.000000,-172.000000
511,1743675107130430,178.000000,-130.000000,135.000000,178.000000,128.000000,360.000000,178.000000,-129.998993,135.001007,177.996994,128.000000,360.001007,-38.000000,-231.000000,2065.000000,-42.000000,18.000000,-161.000000
511,1743675107134833,178.000000,-130.000000,135.000000,178.000000,128.000000,360.000000,178.000000,-129.998993,134.998993,177.996994,128.000000,359.997986,-33.000000,-234.000000,2057.000000,-47.000000,14.000000,-188.000000
511,1743675107140386,178.000000,-130.000000,135.000000,178.000000,128.000000,360.000000,178.000000,-129.998993,134.998993,177.996994,128.000000,359.997986,-33.000000,-234.000000,2057.000000,-47.000000,14.000000,-188.000000
511,1743675107144756,178.000000,-130.000000,135.000000,178.000000,128.000000,360.000000,178.001007,-129.998001,135.001999,177.996994,128.001007,359.998993,-38.000000,-238.000000,2058.000000,-44.000000,17.000000,-191.000000
511,1743675107150350,178.000000,-130.000000,135.000000,178.000000,128.000000,360.000000,178.000000,-129.998993,135.001007,177.996994,128.000000,359.998993,-38.000000,-232.000000,2058.000000,-48.000000,24.000000,-151.000000
511,1743675107155827,178.000000,-130.000000,135.000000,178.000000,128.000000,360.000000,178.001007,-129.998993,135.001007,177.996994,128.001007,359.998993,-23.000000,-234.000000,2066.000000,-46.000000,17.000000,-154.000000
511,1743675107160245,178.000000,-130.000000,135.000000,178.000000,128.000000,360.000000,178.001007,-129.998001,135.001007,177.996994,128.000000,359.998993,-35.000000,-234.000000,2045.000000,-46.000000,17.000000,-177.000000
511,1743675107165720,178.000000,-130.000000,135.000000,178.000000,128.000000,360.000000,178.000000,-129.998001,135.001007,177.996994,127.998001,359.998993,-30.000000,-234.000000,2066.000000,-53.000000,16.000000,-148.000000
511,1743675107170133,178.000000,-130.000000,135.000000,178.000000,128.000000,360.000000,178.000000,-129.998993,135.001007,177.996994,128.000000,359.997986,-32.000000,-233.000000,2064.000000,-43.000000,24.000000,-146.000000
511,1743675107175611,178.000000,-130.000000,135.000000,178.000000,128.000000,360.000000,178.001007,-129.998993,135.001999,177.996994,128.000000,359.998993,-31.000000,-235.000000,2052.000000,-49.000000,21.000000,-168.000000
511,1743675107181142,178.000000,-130.000000,135.000000,178.000000,128.000000,360.000000,178.003006,-129.998001,135.001007,177.996994,128.000000,359.998993,-35.000000,-230.000000,2047.000000,-47.000000,21.000000,-170.000000
511,1743675107185540,178.000000,-130.000000,135.000000,178.000000,128.000000,360.000000,178.000000,-129.998993,135.001007,177.996994,127.998001,359.998993,-37.000000,-244.000000,2062.000000,-46.000000,15.000000,-171.000000
511,1743675107190969,178.000000,-130.000000,135.000000,178.000000,128.000000,360.000000,178.001007,-129.998001,135.001999,177.996994,127.998001,359.997986,-33.000000,-236.000000,2050.000000,-45.000000,16.000000,-161.000000
511,1743675107195407,178.000000,-130.000000,135.000000,178.000000,128.000000,360.000000,178.000000,-129.998001,135.001999,177.996994,128.000000,359.997009,-42.000000,-238.000000,2054.000000,-45.000000,19.000000,-170.000000
511,1743675107200909,178.000000,-130.000000,135.000000,178.000000,128.000000,360.000000,178.000000,-129.998993,135.001007,177.996994,127.998001,360.001007,-36.000000,-236.000000,2060.000000,-47.000000,26.000000,-151.000000
511,1743675107205293,178.000000,-130.000000,135.000000,178.000000,128.000000,360.000000,178.000000,-129.998001,135.001007,177.998993,127.998001,359.997986,-38.000000,-237.000000,2062.000000,-51.000000,22.000000,-157.000000
511,1743675107210837,178.000000,-130.000000,135.000000,178.000000,128.000000,360.000000,177.998993,-129.998993,135.001007,177.996994,128.000000,359.997986,-38.000000,-238.000000,2051.000000,-43.000000,26.000000,-174.000000
511,1743675107215212,178.000000,-130.000000,135.000000,178.000000,128.000000,360.000000,178.000000,-129.998993,135.001007,177.996994,128.000000,359.998993,-38.000000,-233.000000,2049.000000,-47.000000,21.000000,-163.000000
511,1743675107220698,178.000000,-130.000000,135.000000,178.000000,128.000000,360.000000,178.000000,-129.998993,135.001007,177.996994,127.998001,360.001007,-33.000000,-230.000000,2036.000000,-48.000000,20.000000,-155.000000
511,1743675107225116,178.000000,-130.000000,135.000000,178.000000,128.000000,360.000000,178.000000,-129.998993,134.998993,177.996994,127.998001,360.001007,-29.000000,-229.000000,2042.000000,-43.000000,19.000000,-167.000000
511,1743675107230633,178.000000,-130.000000,135.000000,178.000000,128.000000,360.000000,178.001007,-129.998001,135.001007,177.998993,127.998001,359.997009,-32.000000,-233.000000,2041.000000,-44.000000,20.000000,-153.000000
511,1743675107235042,178.000000,-130.000000,135.000000,178.000000,128.000000,360.000000,178.000000,-130.001007,135.001007,177.998993,128.000000,359.998993,-29.000000,-240.000000,2027.000000,-48.000000,25.000000,-161.000000
511,1743675107240547,178.000000,-130.000000,135.000000,178.000000,128.000000,360.000000,178.001007,-129.998993,135.001007,177.996994,127.998001,359.998993,-26.000000,-243.000000,2041.000000,-46.000000,23.000000,-172.000000
511,1743675107244907,178.000000,-130.000000,135.000000,178.000000,128.000000,360.000000,178.000000,-129.998001,135.005005,177.996994,127.998001,359.998993,-26.000000,-238.000000,2047.000000,-48.000000,20.000000,-163.000000
511,1743675107250440,178.000000,-130.000000,135.000000,178.000000,128.000000,360.000000,178.001007,-129.998993,135.001007,177.996994,127.998001,359.998993,-21.000000,-236.000000,2047.000000,-47.000000,14.000000,-156.000000
511,1743675107254844,178.000000,-130.000000,135.000000,178.000000,128.000000,360.000000,178.000000,-129.998993,135.001007,177.996994,127.997002,359.998993,-28.000000,-238.000000,2041.000000,-50.000000,23.000000,-174.000000
511,1743675107260313,178.000000,-130.000000,135.000000,178.000000,128.000000,360.000000,178.001007,-129.998001,135.001007,177.996994,127.998001,360.001007,-27.000000,-239.000000,2033.000000,-43.000000,16.000000,-175.000000
511,1743675107265798,178.000000,-130.000000,135.000000,178.000000,128.000000,360.000000,177.998993,-129.998001,135.001007,177.996994,127.998001,359.997986,-27.000000,-249.000000,2058.000000,-48.000000,26.000000,-174.000000
511,1743675107270192,178.000000,-130.000000,135.000000,178.000000,128.000000,360.000000,178.001007,-129.998993,135.001007,177.996994,127.998001,359.997986,-29.000000,-248.000000,2033.000000,-46.000000,17.000000,-170.000000
511,1743675107275626,178.000000,-130.000000,135.000000,178.000000,128.000000,360.000000,178.001007,-129.998001,135.001007,177.996994,127.997002,359.998993,-30.000000,-238.000000,2046.000000,-50.000000,20.000000,-177.000000
511,1743675107280020,178.000000,-130.000000,135.000000,178.000000,128.000000,360.000000,178.003006,-129.998993,135.001007,177.996994,127.998001,359.998993,-29.000000,-238.000000,2040.000000,-46.000000,22.000000,-164.000000
511,1743675107285597,178.000000,-130.000000,135.000000,178.000000,128.000000,360.000000,178.001007,-129.998993,135.001007,177.996994,127.998001,359.997986,-24.000000,-242.000000,2042.000000,-46.000000,25.000000,-162.000000
511,1743675107289990,178.000000,-130.000000,135.000000,178.000000,128.000000,360.000000,178.001007,-129.998001,134.998001,177.996994,127.998001,359.998993,-32.000000,-233.000000,2042.000000,-46.000000,21.000000,-168.000000
511,1743675107295446,178.000000,-130.000000,135.000000,178.000000,128.000000,360.000000,178.000000,-129.998001,135.001007,177.996994,127.998001,359.998993,-27.000000,-244.000000,2036.000000,-47.000000,25.000000,-161.000000
511,1743675107300991,178.000000,-130.000000,135.000000,178.000000,128.000000,360.000000,178.000000,-129.998001,135.001007,177.998993,127.997002,359.998993,-34.000000,-247.000000,2038.000000,-45.000000,20.000000,-179.000000
511,1743675107305434,178.000000,-130.000000,135.000000,178.000000,128.000000,360.000000,178.000000,-129.998001,135.001007,177.998993,127.997002,359.998993,-34.000000,-247.000000,2038.000000,-45.000000,20.000000,-179.000000
511,1743675107309788,178.000000,-130.000000,135.000000,178.000000,128.000000,360.000000,178.001007,-129.998993,135.001999,177.998993,127.997002,359.998993,-35.000000,-245.000000,2046.000000,-51.000000,28.000000,-180.000000
511,1743675107315275,178.000000,-130.000000,135.000000,178.000000,128.000000,360.000000,178.000000,-129.998993,135.001007,177.996994,127.998001,359.997986,-35.000000,-242.000000,2042.000000,-51.000000,24.000000,-156.000000
511,1743675107320716,178.000000,-130.000000,135.000000,178.000000,128.000000,360.000000,178.000000,-129.998993,135.001007,177.996994,127.998001,359.997986,-35.000000,-242.000000,2042.000000,-51.000000,24.000000,-156.000000
511,1743675107325147,178.000000,-130.000000,135.000000,178.000000,128.000000,360.000000,178.001007,-129.998993,135.001007,177.996994,127.997002,359.998993,-38.000000,-249.000000,2046.000000,-46.000000,27.000000,-175.000000
511,1743675107330595,178.000000,-130.000000,135.000000,178.000000,128.000000,360.000000,178.001007,-129.998993,135.001999,177.996994,127.997002,359.997986,-35.000000,-237.000000,2044.000000,-49.000000,23.000000,-145.000000
511,1743675107335051,178.000000,-130.000000,135.000000,178.000000,128.000000,360.000000,178.001007,-129.998993,135.001999,177.996994,127.997002,359.997986,-35.000000,-237.000000,2044.000000,-49.000000,23.000000,-145.000000
511,1743675107340594,178.000000,-130.000000,135.000000,178.000000,128.000000,360.000000,178.001007,-129.998993,135.001007,177.996994,128.000000,359.998993,-30.000000,-248.000000,2047.000000,-48.000000,23.000000,-176.000000
511,1743675107345003,178.000000,-130.000000,135.000000,178.000000,128.000000,360.000000,178.000000,-129.998993,135.001007,177.998993,127.998001,359.997986,-35.000000,-244.000000,2040.000000,-51.000000,26.000000,-167.000000
511,1743675107350432,178.000000,-130.000000,135.000000,178.000000,128.000000,360.000000,178.000000,-129.998001,135.001007,177.996994,127.997002,359.997986,-28.000000,-243.000000,2040.000000,-46.000000,29.000000,-176.000000
511,1743675107354767,178.000000,-130.000000,135.000000,178.000000,128.000000,360.000000,177.998993,-129.996994,135.001007,177.996994,127.998001,359.998993,-30.000000,-244.000000,2052.000000,-48.000000,25.000000,-156.000000
511,1743675107360274,178.000000,-130.000000,135.000000,178.000000,128.000000,360.000000,178.000000,-129.998001,135.001007,177.998993,127.998001,359.997986,-27.000000,-237.000000,2036.000000,-47.000000,24.000000,-171.000000
511,1743675107364684,178.000000,-130.000000,135.000000,178.000000,128.000000,360.000000,178.001007,-129.998001,135.001007,177.996994,127.998001,359.997986,-30.000000,-239.000000,2050.000000,-48.000000,29.000000,-168.000000
511,1743675107370143,178.000000,-130.000000,135.000000,178.000000,128.000000,360.000000,178.001007,-129.998001,134.998993,177.996994,127.997002,359.998993,-28.000000,-241.000000,2056.000000,-44.000000,27.000000,-148.000000
511,1743675107375624,178.000000,-130.000000,135.000000,178.000000,128.000000,360.000000,178.001007,-129.998993,135.001007,177.996994,127.998001,359.997986,-23.000000,-241.000000,2042.000000,-51.000000,30.000000,-157.000000
511,1743675107379951,178.000000,-130.000000,135.000000,178.000000,128.000000,360.000000,178.000000,-129.998993,135.001007,177.996994,127.997002,359.998993,-25.000000,-232.000000,2041.000000,-51.000000,26.000000,-162.000000
511,1743675107385472,178.000000,-130.000000,135.000000,178.000000,128.000000,360.000000,178.001007,-129.998001,135.001999,177.996994,127.997002,359.997986,-26.000000,-228.000000,2040.000000,-46.000000,33.000000,-177.000000
511,1743675107389831,178.000000,-130.000000,135.000000,178.000000,128.000000,360.000000,178.000000,-129.998001,135.001999,177.996994,127.998001,359.998993,-23.000000,-226.000000,2051.000000,-48.000000,26.000000,-162.000000
511,1743675107395370,178.000000,-130.000000,135.000000,178.000000,128.000000,360.000000,178.000000,-129.998993,135.001999,177.996994,127.997002,360.001007,-26.000000,-226.000000,2044.000000,-49.000000,30.000000,-165.000000
511,1743675107399752,178.000000,-130.000000,135.000000,178.000000,128.000000,360.000000,178.001007,-129.998993,135.001999,177.996994,127.997002,359.998993,-22.000000,-225.000000,2044.000000,-48.000000,32.000000,-163.000000
511,1743675107405260,178.000000,-130.000000,135.000000,178.000000,128.000000,360.000000,178.001007,-129.998001,134.998993,177.996994,127.998001,359.997986,-23.000000,-235.000000,2039.000000,-55.000000,29.000000,-179.000000
511,1743675107410806,178.000000,-130.000000,135.000000,178.000000,128.000000,360.000000,178.000000,-129.998001,135.001999,177.996994,127.997002,359.998993,-22.000000,-230.000000,2038.000000,-53.000000,24.000000,-180.000000
511,1743675107415262,178.000000,-130.000000,135.000000,178.000000,128.000000,360.000000,178.001007,-129.998993,135.001999,177.996994,127.997002,359.998993,-14.000000,-230.000000,2043.000000,-49.000000,33.000000,-155.000000
511,1743675107420776,178.000000,-130.000000,135.000000,178.000000,128.000000,360.000000,178.000000,-130.001007,135.001999,177.996994,127.998001,359.998993,-17.000000,-229.000000,2048.000000,-48.000000,37.000000,-160.000000
511,1743675107425163,178.000000,-130.000000,135.000000,178.000000,128.000000,360.000000,178.001007,-129.998993,135.001999,177.996994,127.997002,359.997986,-22.000000,-233.000000,2044.000000,-47.000000,30.000000,-160.000000
511,1743675107430639,178.000000,-130.000000,135.000000,178.000000,128.000000,360.000000,178.001007,-129.998993,135.001999,177.996994,127.997002,359.998993,-15.000000,-233.000000,2045.000000,-50.000000,42.000000,-159.000000
511,1743675107435050,178.000000,-130.000000,135.000000,178.000000,128.000000,360.000000,178.000000,-129.998993,135.001999,177.996002,127.997002,359.997009,-19.000000,-236.000000,2044.000000,-50.000000,39.000000,-169.000000
511,1743675107440618,178.000000,-130.000000,135.000000,178.000000,128.000000,360.000000,178.000000,-129.998001,135.001999,177.996994,127.997002,359.997009,-18.000000,-240.000000,2046.000000,-52.000000,44.000000,-171.000000
511,1743675107445059,178.000000,-130.000000,135.000000,178.000000,128.000000,360.000000,177.998993,-129.998001,135.001007,177.996994,127.997002,359.998993,-9.000000,-243.000000,2045.000000,-48.000000,45.000000,-185.000000
511,1743675107450502,178.000000,-130.000000,135.000000,178.000000,128.000000,360.000000,178.000000,-129.998993,135.001007,177.996994,127.997002,359.998993,-13.000000,-242.000000,2047.000000,-55.000000,42.000000,-151.000000
511,1743675107454895,178.000000,-130.000000,135.000000,178.000000,128.000000,360.000000,178.000000,-129.998001,135.001999,177.996994,127.997002,360.001007,-15.000000,-240.000000,2043.000000,-54.000000,36.000000,-157.000000
511,1743675107460460,178.000000,-130.000000,135.000000,178.000000,128.000000,360.000000,178.001007,-129.998993,135.001007,177.996994,127.997002,360.001007,-11.000000,-241.000000,2038.000000,-53.000000,32.000000,-165.000000
511,1743675107464861,178.000000,-130.000000,135.000000,178.000000,128.000000,360.000000,178.003006,-129.998993,135.001007,177.996994,127.997002,359.997986,-21.000000,-240.000000,2040.000000,-51.000000,50.000000,-177.000000
511,1743675107470334,178.000000,-130.000000,135.000000,178.000000,128.000000,360.000000,178.000000,-129.998993,135.001007,177.996994,127.997002,359.997986,-9.000000,-240.000000,2042.000000,-52.000000,48.000000,-161.000000
511,1743675107474657,178.000000,-130.000000,135.000000,178.000000,128.000000,360.000000,178.000000,-129.998993,135.001999,177.996994,127.997002,359.997986,-19.000000,-235.000000,2033.000000,-48.000000,46.000000,-193.000000
511,1743675107480074,178.000000,-130.000000,135.000000,178.000000,128.000000,360.000000,178.001007,-129.998993,135.001999,177.996994,127.997002,359.997986,-16.000000,-240.000000,2036.000000,-51.000000,43.000000,-180.000000
511,1743675107485446,178.000000,-130.000000,135.000000,178.000000,128.000000,360.000000,178.000000,-129.998001,135.001007,177.996994,127.997002,359.998993,-12.000000,-239.000000,2035.000000,-51.000000,43.000000,-181.000000
511,1743675107490879,178.000000,-130.000000,135.000000,178.000000,128.000000,360.000000,178.001007,-129.996994,135.001999,177.998993,127.997002,359.998993,-20.000000,-238.000000,2030.000000,-48.000000,46.000000,-162.000000
511,1743675107495407,178.000000,-130.000000,135.000000,178.000000,128.000000,360.000000,178.000000,-129.998001,135.005005,177.998993,127.997002,359.998993,-18.000000,-239.000000,2031.000000,-49.000000,46.000000,-172.000000
511,1743675107499819,178.000000,-130.000000,135.000000,178.000000,128.000000,360.000000,178.001007,-129.998993,135.001007,177.996994,127.998001,359.997986,-23.000000,-232.000000,2033.000000,-50.000000,50.000000,-167.000000
511,1743675107505342,178.000000,-130.000000,135.000000,178.000000,128.000000,360.000000,178.000000,-129.998993,135.001007,177.996994,127.997002,359.998993,-15.000000,-238.000000,2031.000000,-50.000000,49.000000,-166.000000
511,1743675107509720,178.000000,-130.000000,135.000000,178.000000,128.000000,360.000000,178.000000,-129.998993,135.001007,177.996994,127.997002,359.998993,-15.000000,-238.000000,2031.000000,-50.000000,49.000000,-166.000000
511,1743675107515178,178.000000,-130.000000,135.000000,178.000000,128.000000,360.000000,178.001007,-129.998001,135.001007,177.996994,127.998001,359.998993,-21.000000,-235.000000,2032.000000,-50.000000,50.000000,-163.000000
511,1743675107520724,178.000000,-130.000000,135.000000,178.000000,128.000000,360.000000,178.001007,-129.998001,135.001007,177.996994,127.998001,359.998993,-21.000000,-235.000000,2032.000000,-50.000000,50.000000,-163.000000
511,1743675107525157,178.000000,-130.000000,135.000000,178.000000,128.000000,360.000000,178.000000,-129.998001,135.001007,177.996994,127.997002,359.997986,-19.000000,-236.000000,2023.000000,-46.000000,48.000000,-162.000000
511,1743675107530617,178.000000,-130.000000,135.000000,178.000000,128.000000,360.000000,178.000000,-129.998001,135.001007,177.996994,127.997002,359.997986,-20.000000,-233.000000,2029.000000,-51.000000,51.000000,-197.000000
511,1743675107535037,178.000000,-130.000000,135.000000,178.000000,128.000000,360.000000,178.001007,-129.998001,135.001007,177.996994,127.997002,359.998993,-20.000000,-235.000000,2017.000000,-49.000000,50.000000,-160.000000
511,1743675107540578,178.000000,-130.000000,135.000000,178.000000,128.000000,360.000000,178.001007,-129.998001,135.001007,177.998993,127.998001,359.997986,-19.000000,-235.000000,2018.000000,-50.000000,48.000000,-157.000000
511,1743675107545004,178.000000,-130.000000,135.000000,178.000000,128.000000,360.000000,178.000000,-129.996994,134.998993,177.996994,127.998001,359.997986,-20.000000,-232.000000,2024.000000,-50.000000,53.000000,-160.000000
511,1743675107550502,178.000000,-130.000000,135.000000,178.000000,128.000000,360.000000,178.001007,-129.998001,135.001007,177.996994,127.997002,359.997986,-19.000000,-230.000000,2023.000000,-49.000000,56.000000,-155.000000
511,1743675107554887,178.000000,-130.000000,135.000000,178.000000,128.000000,360.000000,178.001007,-129.998001,135.001007,177.996994,127.996002,359.998993,-20.000000,-232.000000,2024.000000,-46.000000,56.000000,-178.000000
511,1743675107560417,178.000000,-130.000000,135.000000,178.000000,128.000000,360.000000,178.001007,-129.998993,135.001007,177.996002,127.998001,359.997986,-20.000000,-237.000000,2024.000000,-49.000000,69.000000,-178.000000
511,1743675107564763,178.000000,-130.000000,135.000000,178.000000,128.000000,360.000000,178.000000,-129.998001,135.001999,177.996994,127.997002,359.997986,-14.000000,-249.000000,2019.000000,-45.000000,55.000000,-179.000000
511,1743675107570221,178.000000,-130.000000,135.000000,178.000000,128.000000,360.000000,178.000000,-129.998001,135.001999,177.998993,127.997002,359.998993,-12.000000,-235.000000,2046.000000,-49.000000,57.000000,-154.000000
511,1743675107575679,178.000000,-130.000000,135.000000,178.000000,128.000000,360.000000,178.000000,-129.998993,135.001007,177.996994,127.997002,359.997986,-15.000000,-231.000000,2041.000000,-49.000000,56.000000,-161.000000
511,1743675107580148,178.000000,-130.000000,135.000000,178.000000,128.000000,360.000000,178.000000,-129.996994,135.001007,177.996994,127.996002,359.997986,-24.000000,-234.000000,2030.000000,-50.000000,67.000000,-148.000000
511,1743675107585603,178.000000,-130.000000,135.000000,178.000000,128.000000,360.000000,177.998993,-129.998993,135.001999,177.998993,127.997002,359.998993,-21.000000,-233.000000,2027.000000,-47.000000,63.000000,-175.000000
511,1743675107589982,178.000000,-130.000000,135.000000,178.000000,128.000000,360.000000,178.001007,-129.998001,135.001007,177.996994,127.997002,360.001007,-13.000000,-230.000000,2045.000000,-50.000000,62.000000,-164.000000
511,1743675107595503,178.000000,-130.000000,135.000000,178.000000,128.000000,360.000000,178.000000,-129.998993,135.001007,177.996994,127.997002,359.998993,-24.000000,-230.000000,2035.000000,-54.000000,68.000000,-167.000000
511,1743675107599943,178.000000,-130.000000,135.000000,178.000000,128.000000,360.000000,178.001007,-129.998993,135.001007,177.998993,127.997002,359.998993,-19.000000,-233.000000,2031.000000,-49.000000,59.000000,-169.000000
511,1743675107605500,178.000000,-130.000000,135.000000,178.000000,128.000000,360.000000,178.000000,-129.998993,135.001007,177.996994,127.997002,359.997986,-17.000000,-232.000000,2033.000000,-48.000000,68.000000,-185.000000
511,1743675107609811,178.000000,-130.000000,135.000000,178.000000,128.000000,360.000000,178.001007,-129.998001,135.001999,177.996994,127.997002,359.998993,-17.000000,-232.000000,2027.000000,-53.000000,64.000000,-173.000000
511,1743675107615335,178.000000,-130.000000,135.000000,178.000000,128.000000,360.000000,178.000000,-129.998001,135.001999,177.996994,127.997002,360.001007,-21.000000,-231.000000,2033.000000,-49.000000,72.000000,-158.000000
511,1743675107620809,178.000000,-130.000000,135.000000,178.000000,128.000000,360.000000,178.000000,-129.998993,135.001999,177.996994,127.997002,359.997986,-11.000000,-227.000000,2034.000000,-46.000000,62.000000,-160.000000
511,1743675107625239,178.000000,-130.000000,135.000000,178.000000,128.000000,360.000000,178.000000,-129.998001,135.001007,177.996994,127.997002,359.997986,-33.000000,-230.000000,2033.000000,-48.000000,66.000000,-169.000000
511,1743675107630723,178.000000,-130.000000,135.000000,178.000000,128.000000,360.000000,178.001007,-129.998993,135.001999,177.996994,127.998001,359.997009,-22.000000,-233.000000,2033.000000,-48.000000,66.000000,-175.000000
511,1743675107635145,178.000000,-130.000000,135.000000,178.000000,128.000000,360.000000,178.001007,-129.998993,135.001007,177.996994,127.997002,359.998993,-24.000000,-233.000000,2014.000000,-51.000000,63.000000,-162.000000
511,1743675107640627,178.000000,-130.000000,135.000000,178.000000,128.000000,360.000000,178.001007,-129.998993,135.001999,177.998993,127.996002,359.997986,-18.000000,-231.000000,2041.000000,-52.000000,59.000000,-164.000000
511,1743675107645041,178.000000,-130.000000,135.000000,178.000000,128.000000,360.000000,178.000000,-129.998993,135.001999,177.996994,127.997002,359.997009,-28.000000,-223.000000,2031.000000,-47.000000,66.000000,-175.000000
511,1743675107650504,178.000000,-130.000000,135.000000,178.000000,128.000000,360.000000,178.003006,-129.998001,135.001999,177.996994,127.997002,359.998993,-31.000000,-229.000000,2024.000000,-49.000000,68.000000,-167.000000
511,1743675107654819,178.000000,-130.000000,135.000000,178.000000,128.000000,360.000000,178.000000,-129.998993,135.001999,177.996994,127.997002,359.998993,-25.000000,-227.000000,2031.000000,-45.000000,72.000000,-171.000000
511,1743675107660328,178.000000,-130.000000,135.000000,178.000000,128.000000,360.000000,178.000000,-129.998001,135.001007,177.996994,127.997002,359.998993,-24.000000,-225.000000,2033.000000,-51.000000,85.000000,-166.000000
511,1743675107664736,178.000000,-130.000000,135.000000,178.000000,128.000000,360.000000,178.001007,-129.998001,135.001007,177.996994,127.997002,359.997986,-30.000000,-223.000000,2027.000000,-46.000000,68.000000,-167.000000
511,1743675107670185,178.000000,-130.000000,135.000000,178.000000,128.000000,360.000000,178.001007,-129.998001,135.001999,177.998993,127.998001,359.997986,-25.000000,-223.000000,2022.000000,-51.000000,71.000000,-176.000000
511,1743675107675630,178.000000,-130.000000,135.000000,178.000000,128.000000,360.000000,178.000000,-129.998001,135.001999,177.996994,127.997002,359.997986,-20.000000,-224.000000,2025.000000,-45.000000,70.000000,-156.000000
511,1743675107680022,178.000000,-130.000000,135.000000,178.000000,128.000000,360.000000,178.000000,-129.998993,135.001999,177.996994,127.997002,359.998993,-24.000000,-224.000000,2017.000000,-49.000000,69.000000,-181.000000
511,1743675107685531,178.000000,-130.000000,135.000000,178.000000,128.000000,360.000000,178.001007,-129.998993,135.001999,177.996994,127.998001,360.001007,-18.000000,-223.000000,2021.000000,-55.000000,69.000000,-182.000000
511,1743675107689949,178.000000,-130.000000,135.000000,178.000000,128.000000,360.000000,178.000000,-129.998001,135.001007,177.996994,127.998001,359.998993,-23.000000,-225.000000,2019.000000,-52.000000,70.000000,-186.000000
511,1743675107695476,178.000000,-130.000000,135.000000,178.000000,128.000000,360.000000,178.000000,-129.998993,135.001999,177.996002,127.998001,359.998993,-21.000000,-224.000000,2028.000000,-49.000000,72.000000,-153.000000
511,1743675107699892,178.000000,-130.000000,135.000000,178.000000,128.000000,360.000000,178.001007,-129.998001,135.001999,177.996994,127.998001,359.997986,-15.000000,-235.000000,2027.000000,-45.000000,63.000000,-168.000000
511,1743675107705463,178.000000,-130.000000,135.000000,178.000000,128.000000,360.000000,178.001007,-129.998001,135.001999,177.996994,127.997002,359.997009,-16.000000,-229.000000,2005.000000,-49.000000,71.000000,-178.000000
511,1743675107709916,178.000000,-130.000000,135.000000,178.000000,128.000000,360.000000,178.001007,-129.998001,135.001999,177.996994,127.997002,359.997009,-16.000000,-229.000000,2005.000000,-49.000000,71.000000,-178.000000
511,1743675107715460,178.000000,-130.000000,135.000000,178.000000,128.000000,360.000000,178.001007,-129.998001,135.001999,177.996994,127.996002,359.998993,-18.000000,-225.000000,2009.000000,-49.000000,71.000000,-163.000000
511,1743675107719899,178.000000,-130.000000,135.000000,178.000000,128.000000,360.000000,178.001007,-129.998001,135.001999,177.996994,127.996002,359.998993,-18.000000,-225.000000,2009.000000,-49.000000,71.000000,-163.000000
511,1743675107725440,178.000000,-130.000000,135.000000,178.000000,128.000000,360.000000,178.001007,-129.998993,135.001999,177.996002,127.997002,359.997986,-24.000000,-224.000000,2008.000000,-53.000000,70.000000,-161.000000
511,1743675107729826,178.000000,-130.000000,135.000000,178.000000,128.000000,360.000000,178.000000,-129.998001,135.001007,177.996994,127.996002,359.997986,-16.000000,-227.000000,1998.000000,-47.000000,93.000000,-164.000000
511,1743675107735333,178.000000,-130.000000,135.000000,178.000000,128.000000,360.000000,178.000000,-129.998001,135.001007,177.996994,127.996002,359.997986,-16.000000,-227.000000,1998.000000,-47.000000,93.000000,-164.000000
511,1743675107740811,178.000000,-130.000000,135.000000,178.000000,128.000000,360.000000,178.000000,-129.998001,135.001007,177.996994,127.998001,359.997986,-21.000000,-226.000000,1998.000000,-53.000000,76.000000,-177.000000
511,1743675107745256,178.000000,-130.000000,135.000000,178.000000,128.000000,360.000000,178.000000,-129.998001,135.001999,177.996994,127.997002,359.997986,-12.000000,-226.000000,1974.000000,-51.000000,81.000000,-160.000000
511,1743675107750768,178.000000,-130.000000,135.000000,178.000000,128.000000,360.000000,178.000000,-129.998993,135.001999,177.996994,127.997002,359.997986,-12.000000,-226.000000,1983.000000,-50.000000,76.000000,-155.000000
511,1743675107755197,178.000000,-130.000000,135.000000,178.000000,128.000000,360.000000,177.998993,-129.998993,135.001007,177.996994,127.997002,359.998993,-16.000000,-225.000000,1995.000000,-53.000000,79.000000,-168.000000
511,1743675107760687,178.000000,-130.000000,135.000000,178.000000,128.000000,360.000000,178.001007,-129.998001,135.001999,177.996994,127.997002,359.997986,-19.000000,-218.000000,1995.000000,-49.000000,84.000000,-178.000000
511,1743675107765123,178.000000,-130.000000,135.000000,178.000000,128.000000,360.000000,178.001007,-129.998001,135.001007,177.996994,127.997002,359.998993,-17.000000,-222.000000,1981.000000,-50.000000,78.000000,-162.000000
511,1743675107770623,178.000000,-130.000000,135.000000,178.000000,128.000000,360.000000,178.000000,-129.998001,135.001007,177.996994,127.998001,359.997986,-26.000000,-223.000000,1976.000000,-50.000000,83.000000,-159.000000
511,1743675107775013,178.000000,-130.000000,135.000000,178.000000,128.000000,360.000000,178.000000,-129.998993,135.001007,177.996994,127.997002,359.998993,-24.000000,-222.000000,1994.000000,-54.000000,78.000000,-161.000000
511,1743675107780526,178.000000,-130.000000,135.000000,178.000000,128.000000,360.000000,178.000000,-129.998001,135.001007,177.996994,127.997002,359.997986,-22.000000,-222.000000,1987.000000,-55.000000,81.000000,-154.000000
511,1743675107784923,178.000000,-130.000000,135.000000,178.000000,128.000000,360.000000,178.001007,-129.998001,135.001999,177.996994,127.997002,359.997986,-25.000000,-222.000000,1988.000000,-51.000000,83.000000,-169.000000
511,1743675107790428,178.000000,-130.000000,135.000000,178.000000,128.000000,360.000000,178.001007,-129.998001,135.001007,177.996994,127.997002,359.994995,-24.000000,-222.000000,1978.000000,-58.000000,87.000000,-151.000000
511,1743675107794787,178.000000,-130.000000,135.000000,178.000000,128.000000,360.000000,178.001007,-129.998993,135.001999,177.996994,127.998001,359.997986,-19.000000,-225.000000,1981.000000,-56.000000,93.000000,-173.000000
511,1743675107800344,178.000000,-130.000000,135.000000,178.000000,128.000000,360.000000,178.000000,-129.998993,135.001007,177.998993,127.997002,359.997986,-29.000000,-224.000000,1975.000000,-54.000000,88.000000,-156.000000
511,1743675107805802,178.000000,-130.000000,135.000000,178.000000,128.000000,360.000000,178.000000,-129.998001,135.001999,177.996994,127.997002,359.997009,-25.000000,-216.000000,1983.000000,-49.000000,82.000000,-170.000000
511,1743675107810244,178.000000,-130.000000,135.000000,178.000000,128.000000,360.000000,178.000000,-129.998001,135.001007,177.996994,127.997002,359.997009,-29.000000,-222.000000,1970.000000,-53.000000,95.000000,-163.000000
511,1743675107815724,178.000000,-130.000000,135.000000,178.000000,128.000000,360.000000,178.001007,-129.998001,135.001999,177.996994,127.998001,359.997986,-24.000000,-215.000000,1979.000000,-54.000000,97.000000,-169.000000
511,1743675107820119,178.000000,-130.000000,135.000000,178.000000,128.000000,360.000000,178.001007,-129.998001,135.001007,177.998993,127.997002,359.997986,-25.000000,-219.000000,1976.000000,-55.000000,86.000000,-157.000000
511,1743675107825497,178.000000,-130.000000,135.000000,178.000000,128.000000,360.000000,178.000000,-129.996994,135.001007,177.996994,127.996002,359.997986,-38.000000,-215.000000,1981.000000,-52.000000,94.000000,-154.000000
511,1743675107830924,178.000000,-130.000000,135.000000,178.000000,128.000000,360.000000,178.001007,-129.998001,135.001999,177.996994,127.997002,359.998993,-27.000000,-216.000000,1976.000000,-52.000000,96.000000,-169.000000
511,1743675107835349,178.000000,-130.000000,135.000000,178.000000,128.000000,360.000000,178.000000,-129.998001,135.001007,177.996994,127.997002,359.997986,-30.000000,-231.000000,1976.000000,-55.000000,91.000000,-146.000000
511,1743675107840905,178.000000,-130.000000,135.000000,178.000000,128.000000,360.000000,178.000000,-129.996994,135.001007,177.996994,127.997002,359.998993,-24.000000,-222.000000,1984.000000,-49.000000,89.000000,-160.000000
511,1743675107845268,178.000000,-130.000000,135.000000,178.000000,128.000000,360.000000,178.001007,-129.998001,135.001999,177.996994,127.997002,359.997009,-15.000000,-219.000000,1971.000000,-57.000000,89.000000,-168.000000
511,1743675107850780,178.000000,-130.000000,135.000000,178.000000,128.000000,360.000000,178.000000,-129.998001,135.001007,177.996002,127.997002,359.997986,-23.000000,-222.000000,1978.000000,-50.000000,92.000000,-172.000000
511,1743675107855112,178.000000,-130.000000,135.000000,178.000000,128.000000,360.000000,178.001007,-129.998001,135.001007,177.998993,127.998001,359.997986,-22.000000,-221.000000,1972.000000,-55.000000,94.000000,-176.000000
511,1743675107860688,178.000000,-130.000000,135.000000,178.000000,128.000000,360.000000,178.000000,-129.996994,135.001007,177.996994,127.998001,359.998993,-20.000000,-220.000000,1963.000000,-52.000000,92.000000,-155.000000
511,1743675107865095,178.000000,-130.000000,135.000000,178.000000,128.000000,360.000000,178.001007,-129.998993,135.005005,177.996002,127.997002,359.998993,-37.000000,-221.000000,1971.000000,-50.000000,94.000000,-166.000000
511,1743675107870547,178.000000,-130.000000,135.000000,178.000000,128.000000,360.000000,178.001007,-129.998993,135.001999,177.996994,127.998001,359.997986,-24.000000,-219.000000,1951.000000,-55.000000,91.000000,-174.000000
511,1743675107874951,178.000000,-130.000000,135.000000,178.000000,128.000000,360.000000,178.000000,-129.998001,135.001007,177.996994,127.997002,359.997986,-27.000000,-219.000000,1969.000000,-53.000000,98.000000,-175.000000
511,1743675107880503,178.000000,-130.000000,135.000000,178.000000,128.000000,360.000000,178.000000,-129.998993,135.001999,177.998993,127.997002,359.998993,-31.000000,-218.000000,1972.000000,-51.000000,91.000000,-176.000000
511,1743675107884894,178.000000,-130.000000,135.000000,178.000000,128.000000,360.000000,178.001007,-129.998993,135.001999,177.996994,127.997002,359.997986,-28.000000,-223.000000,1967.000000,-56.000000,88.000000,-190.000000
511,1743675107890431,178.000000,-130.000000,135.000000,178.000000,128.000000,360.000000,178.000000,-129.998993,135.001007,177.998993,127.997002,359.997986,-28.000000,-220.000000,1962.000000,-52.000000,90.000000,-142.000000
511,1743675107894830,178.000000,-130.000000,135.000000,178.000000,128.000000,360.000000,178.001007,-129.996994,135.001007,177.996994,127.996002,359.997986,-28.000000,-221.000000,1958.000000,-51.000000,99.000000,-179.000000
511,1743675107900380,178.000000,-130.000000,135.000000,178.000000,128.000000,360.000000,177.998993,-129.996994,135.001007,177.996994,127.997002,359.998993,-24.000000,-219.000000,1967.000000,-57.000000,100.000000,-168.000000
511,1743675107904745,178.000000,-130.000000,135.000000,178.000000,128.000000,360.000000,178.000000,-129.996994,135.001999,177.996994,127.996002,359.998993,-34.000000,-222.000000,1954.000000,-50.000000,98.000000,-183.000000
511,1743675107910174,178.000000,-130.000000,135.000000,178.000000,128.000000,360.000000,178.000000,-129.998001,135.001007,177.996994,127.997002,359.997009,-25.000000,-218.000000,1969.000000,-56.000000,91.000000,-147.000000
511,1743675107915549,178.000000,-130.000000,135.000000,178.000000,128.000000,360.000000,178.001007,-129.998001,134.998993,177.998993,127.997002,359.997986,-29.000000,-218.000000,1968.000000,-44.000000,89.000000,-196.000000
511,1743675107919901,178.000000,-130.000000,135.000000,178.000000,128.000000,360.000000,178.001007,-129.998993,135.001999,177.996994,127.997002,359.998993,-33.000000,-217.000000,1960.000000,-55.000000,100.000000,-166.000000
511,1743675107925335,178.000000,-130.000000,135.000000,178.000000,128.000000,360.000000,178.001007,-129.998001,134.998993,177.996994,127.997002,359.997009,-31.000000,-209.000000,1969.000000,-47.000000,87.000000,-178.000000
511,1743675107930760,178.000000,-130.000000,135.000000,178.000000,128.000000,360.000000,178.001007,-129.998001,135.001007,177.996994,127.997002,359.997986,-39.000000,-213.000000,1960.000000,-53.000000,93.000000,-163.000000
511,1743675107935115,178.000000,-130.000000,135.000000,178.000000,128.000000,360.000000,178.001007,-129.998001,135.001999,177.996994,127.997002,359.997009,-34.000000,-213.000000,1969.000000,-52.000000,95.000000,-158.000000
511,1743675107940559,178.000000,-130.000000,135.000000,178.000000,128.000000,360.000000,178.001007,-129.998001,135.001007,177.996994,127.997002,359.998993,-40.000000,-213.000000,1954.000000,-49.000000,87.000000,-179.000000
511,1743675107944891,178.000000,-130.000000,135.000000,178.000000,128.000000,360.000000,178.001007,-129.998001,135.001007,177.996994,127.997002,359.998993,-40.000000,-213.000000,1954.000000,-49.000000,87.000000,-179.000000
511,1743675107950404,178.000000,-130.000000,135.000000,178.000000,128.000000,360.000000,178.001007,-129.998001,135.001007,177.996994,127.997002,359.997009,-41.000000,-213.000000,1967.000000,-57.000000,106.000000,-181.000000
511,1743675107954811,178.000000,-130.000000,135.000000,178.000000,128.000000,360.000000,178.001007,-129.998001,135.001007,177.998993,127.997002,359.997986,-35.000000,-214.000000,1972.000000,-55.000000,107.000000,-148.000000
511,1743675107960332,178.000000,-130.000000,135.000000,178.000000,128.000000,360.000000,178.000000,-129.998993,135.001007,177.996994,127.997002,359.997986,-35.000000,-213.000000,1965.000000,-52.000000,99.000000,-190.000000
511,1743675107964693,178.000000,-130.000000,135.000000,178.000000,128.000000,360.000000,178.000000,-129.998001,135.001999,177.996002,127.997002,359.997986,-36.000000,-217.000000,1963.000000,-51.000000,106.000000,-167.000000
511,1743675107970132,178.000000,-130.000000,135.000000,178.000000,128.000000,360.000000,178.000000,-129.998001,135.001999,177.996994,127.997002,359.997986,-38.000000,-212.000000,1960.000000,-57.000000,105.000000,-192.000000
511,1743675107975531,178.000000,-130.000000,135.000000,178.000000,128.000000,360.000000,178.000000,-129.998001,135.001007,177.996994,127.997002,359.998993,-41.000000,-210.000000,1971.000000,-56.000000,112.000000,-181.000000
511,1743675107981065,178.000000,-130.000000,135.000000,178.000000,128.000000,360.000000,178.003006,-129.998001,135.001999,177.996994,127.996002,359.997986,-40.000000,-209.000000,1943.000000,-50.000000,101.000000,-158.000000
511,1743675107985482,178.000000,-130.000000,135.000000,178.000000,128.000000,360.000000,178.001007,-129.998001,135.001007,177.998993,127.997002,359.997986,-39.000000,-212.000000,1962.000000,-57.000000,105.000000,-169.000000
511,1743675107990865,178.000000,-130.000000,135.000000,178.000000,128.000000,360.000000,178.001007,-129.998001,135.001007,177.996994,127.997002,359.997986,-35.000000,-210.000000,1967.000000,-55.000000,103.000000,-185.000000
511,1743675107995152,178.000000,-130.000000,135.000000,178.000000,128.000000,360.000000,178.000000,-129.998001,135.001999,177.996994,127.997002,359.997986,-36.000000,-211.000000,1968.000000,-54.000000,105.000000,-178.000000
511,1743675108000576,178.000000,-130.000000,135.000000,178.000000,128.000000,360.000000,178.001007,-129.998993,135.001007,177.996994,127.997002,359.997986,-48.000000,-202.000000,1971.000000,-53.000000,99.000000,-144.000000
511,1743675108005041,178.000000,-130.000000,135.000000,178.000000,128.000000,360.000000,178.000000,-129.998993,135.001007,177.996994,127.997002,359.997009,-32.000000,-209.000000,1959.000000,-50.000000,99.000000,-159.000000
511,1743675108010524,178.000000,-130.000000,135.000000,178.000000,128.000000,360.000000,178.000000,-129.998001,135.001999,177.996994,127.997002,359.997986,-39.000000,-214.000000,1950.000000,-53.000000,105.000000,-158.000000
511,1743675108014862,178.000000,-130.000000,135.000000,178.000000,128.000000,360.000000,178.001007,-129.996994,135.001999,177.996994,127.997002,359.997986,-38.000000,-212.000000,1957.000000,-55.000000,110.000000,-164.000000
511,1743675108020375,178.000000,-130.000000,135.000000,178.000000,128.000000,360.000000,178.000000,-129.998001,135.001007,177.996994,127.997002,359.997986,-54.000000,-210.000000,1948.000000,-54.000000,106.000000,-178.000000
511,1743675108024734,178.000000,-130.000000,135.000000,178.000000,128.000000,360.000000,178.000000,-129.998001,135.001007,177.998993,127.996002,359.997986,-53.000000,-213.000000,1947.000000,-53.000000,101.000000,-159.000000
511,1743675108030225,178.000000,-130.000000,135.000000,178.000000,128.000000,360.000000,178.001007,-129.998993,135.001999,177.996994,127.997002,359.997986,-50.000000,-213.000000,1959.000000,-55.000000,100.000000,-157.000000
511,1743675108035778,178.000000,-130.000000,135.000000,178.000000,128.000000,360.000000,178.001007,-129.996994,135.001007,177.996994,127.996002,359.997986,-62.000000,-211.000000,1953.000000,-53.000000,121.000000,-160.000000
511,1743675108040098,178.000000,-130.000000,135.000000,178.000000,128.000000,360.000000,178.000000,-129.998001,135.001999,177.998993,127.997002,359.997986,-49.000000,-212.000000,1939.000000,-57.000000,117.000000,-165.000000
511,1743675108045673,178.000000,-130.000000,135.000000,178.000000,128.000000,360.000000,178.001007,-129.998001,135.001007,177.996994,127.997002,359.997986,-50.000000,-216.000000,1941.000000,-60.000000,110.000000,-164.000000
511,1743675108050093,178.000000,-130.000000,135.000000,178.000000,128.000000,360.000000,178.001007,-129.998001,135.001007,177.996994,127.997002,359.997986,-46.000000,-220.000000,1935.000000,-56.000000,114.000000,-164.000000
511,1743675108055603,178.000000,-130.000000,135.000000,178.000000,128.000000,360.000000,178.001007,-129.998001,135.001999,177.996994,127.998001,359.997009,-52.000000,-214.000000,1944.000000,-55.000000,113.000000,-173.000000
511,1743675108061123,178.000000,-130.000000,135.000000,178.000000,128.000000,360.000000,178.000000,-129.998001,135.005005,177.996994,127.997002,359.997986,-53.000000,-215.000000,1937.000000,-54.000000,116.000000,-154.000000
511,1743675108065565,178.000000,-130.000000,135.000000,178.000000,128.000000,360.000000,177.998993,-129.998001,135.001007,177.996994,127.997002,359.997986,-47.000000,-214.000000,1933.000000,-53.000000,114.000000,-179.000000
511,1743675108069898,178.000000,-130.000000,135.000000,178.000000,128.000000,360.000000,178.001007,-129.998993,135.001999,177.996994,127.996002,359.997986,-49.000000,-212.000000,1931.000000,-56.000000,120.000000,-153.000000
511,1743675108075404,178.000000,-130.000000,135.000000,178.000000,128.000000,360.000000,178.001007,-129.998001,135.001999,177.996994,127.998001,359.997986,-48.000000,-215.000000,1938.000000,-52.000000,121.000000,-149.000000
511,1743675108080930,178.000000,-130.000000,135.000000,178.000000,128.000000,360.000000,178.000000,-129.998001,135.001007,177.996994,127.998001,359.997986,-52.000000,-215.000000,1926.000000,-63.000000,113.000000,-148.000000
511,1743675108085349,178.000000,-130.000000,135.000000,178.000000,128.000000,360.000000,178.000000,-129.998001,135.001999,177.998993,127.997002,359.997986,-53.000000,-215.000000,1936.000000,-54.000000,123.000000,-158.000000
511,1743675108090803,178.000000,-130.000000,135.000000,178.000000,128.000000,360.000000,178.001007,-129.998993,135.001999,177.996994,127.997002,359.997009,-50.000000,-218.000000,1929.000000,-60.000000,123.000000,-177.000000
511,1743675108095230,178.000000,-130.000000,135.000000,178.000000,128.000000,360.000000,178.003006,-129.996994,135.001007,177.996994,127.997002,359.997986,-49.000000,-214.000000,1935.000000,-56.000000,118.000000,-136.000000
511,1743675108100643,178.000000,-130.000000,135.000000,178.000000,128.000000,360.000000,178.000000,-129.998993,135.001999,177.996002,127.998001,359.997986,-51.000000,-211.000000,1935.000000,-58.000000,120.000000,-169.000000
511,1743675108105025,178.000000,-130.000000,135.000000,178.000000,128.000000,360.000000,178.000000,-129.998001,135.001999,177.996994,127.998001,359.997986,-62.000000,-214.000000,1918.000000,-52.000000,117.000000,-157.000000
511,1743675108110441,178.000000,-130.000000,135.000000,178.000000,128.000000,360.000000,178.000000,-129.998001,135.001999,177.996994,127.998001,359.997986,-62.000000,-214.000000,1918.000000,-52.000000,117.000000,-157.000000
511,1743675108114798,178.000000,-130.000000,135.000000,178.000000,128.000000,360.000000,178.000000,-129.998001,135.001999,177.996994,127.997002,359.998993,-59.000000,-213.000000,1921.000000,-54.000000,120.000000,-181.000000
511,1743675108120235,178.000000,-130.000000,135.000000,178.000000,128.000000,360.000000,178.001007,-129.996994,135.001999,177.996994,127.997002,359.997986,-57.000000,-214.000000,1937.000000,-54.000000,117.000000,-153.000000
511,1743675108125778,178.000000,-130.000000,135.000000,178.000000,128.000000,360.000000,178.001007,-129.998001,135.001007,177.996994,127.997002,359.997986,-54.000000,-217.000000,1931.000000,-56.000000,128.000000,-164.000000
511,1743675108130109,178.000000,-130.000000,135.000000,178.000000,128.000000,360.000000,178.001007,-129.998993,135.001007,177.996994,127.997002,359.997009,-59.000000,-213.000000,1926.000000,-55.000000,123.000000,-153.000000
511,1743675108135666,178.000000,-130.000000,135.000000,178.000000,128.000000,360.000000,178.000000,-129.998001,135.005005,177.996994,127.998001,359.997009,-57.000000,-215.000000,1921.000000,-59.000000,117.000000,-162.000000
511,1743675108140037,178.000000,-130.000000,135.000000,178.000000,128.000000,360.000000,178.001007,-129.998001,135.001007,177.996994,127.997002,359.997986,-54.000000,-214.000000,1924.000000,-54.000000,114.000000,-167.000000
511,1743675108145634,178.000000,-130.000000,135.000000,178.000000,128.000000,360.000000,178.001007,-129.998001,135.001007,177.996994,127.997002,359.997986,-54.000000,-214.000000,1924.000000,-54.000000,114.000000,-167.000000
511,1743675108150027,178.000000,-130.000000,135.000000,178.000000,128.000000,360.000000,178.000000,-129.998993,135.001999,177.996994,127.997002,359.997986,-60.000000,-215.000000,1917.000000,-55.000000,123.000000,-156.000000
511,1743675108155551,178.000000,-130.000000,135.000000,178.000000,128.000000,360.000000,178.000000,-129.998001,135.001007,177.996994,127.997002,359.997986,-61.000000,-215.000000,1923.000000,-55.000000,119.000000,-148.000000
511,1743675108159946,178.000000,-130.000000,135.000000,178.000000,128.000000,360.000000,178.001007,-129.996994,135.001007,177.996994,127.998001,359.997009,-58.000000,-209.000000,1934.000000,-56.000000,123.000000,-172.000000
511,1743675108165447,178.000000,-130.000000,135.000000,178.000000,128.000000,360.000000,177.998993,-129.998001,135.001999,177.996994,127.997002,359.997986,-54.000000,-209.000000,1923.000000,-50.000000,121.000000,-161.000000
511,1743675108170900,178.000000,-130.000000,135.000000,178.000000,128.000000,360.000000,178.000000,-129.998001,135.001999,177.998993,127.997002,359.997986,-63.000000,-217.000000,1926.000000,-61.000000,114.000000,-167.000000
511,1743675108175338,178.000000,-130.000000,135.000000,178.000000,128.000000,360.000000,178.001007,-129.998001,135.001007,177.998993,127.997002,359.997986,-58.000000,-211.000000,1932.000000,-59.000000,124.000000,-153.000000
511,1743675108180806,178.000000,-130.000000,135.000000,178.000000,128.000000,360.000000,178.001007,-129.998001,135.001999,177.996994,127.997002,359.997009,-55.000000,-195.000000,1907.000000,-60.000000,133.000000,-192.000000
511,1743675108185219,178.000000,-130.000000,135.000000,178.000000,128.000000,360.000000,178.000000,-129.998993,135.005005,177.996994,127.997002,359.997986,-58.000000,-203.000000,1942.000000,-55.000000,118.000000,-155.000000
511,1743675108190747,178.000000,-130.000000,135.000000,178.000000,128.000000,360.000000,178.001007,-129.998001,135.001999,177.998993,127.997002,359.997986,-58.000000,-205.000000,1928.000000,-56.000000,116.000000,-147.000000
511,1743675108195104,178.000000,-130.000000,135.000000,178.000000,128.000000,360.000000,178.001007,-129.996994,135.001007,177.996994,127.997002,359.997986,-65.000000,-208.000000,1911.000000,-56.000000,126.000000,-149.000000
511,1743675108200635,178.000000,-130.000000,135.000000,178.000000,128.000000,360.000000,178.000000,-129.998993,135.001999,177.996994,127.997002,359.997009,-64.000000,-205.000000,1901.000000,-54.000000,121.000000,-156.000000
511,1743675108205044,178.000000,-130.000000,135.000000,178.000000,128.000000,360.000000,178.000000,-129.998001,135.001999,177.996994,127.997002,359.997986,-77.000000,-206.000000,1913.000000,-57.000000,125.000000,-136.000000
511,1743675108210474,178.000000,-130.000000,135.000000,178.000000,128.000000,360.000000,178.003006,-129.998001,135.001007,177.996994,127.997002,359.997986,-76.000000,-205.000000,1905.000000,-56.000000,132.000000,-167.000000
511,1743675108214869,178.000000,-130.000000,135.000000,178.000000,128.000000,360.000000,178.003006,-129.996994,135.001007,177.998993,127.997002,359.997986,-75.000000,-201.000000,1905.000000,-60.000000,129.000000,-148.000000
511,1743675108220400,178.000000,-130.000000,135.000000,178.000000,128.000000,360.000000,178.000000,-129.998001,135.001007,177.998993,127.997002,359.997986,-72.000000,-205.000000,1902.000000,-59.000000,122.000000,-149.000000
511,1743675108224691,178.000000,-130.000000,135.000000,178.000000,128.000000,360.000000,178.000000,-129.998001,135.001999,177.996994,127.997002,359.998993,-71.000000,-210.000000,1898.000000,-55.000000,125.000000,-172.000000
511,1743675108230240,178.000000,-130.000000,135.000000,178.000000,128.000000,360.000000,178.000000,-129.998001,135.001999,177.996994,127.997002,359.997986,-77.000000,-197.000000,1912.000000,-65.000000,128.000000,-162.000000
511,1743675108235716,178.000000,-130.000000,135.000000,178.000000,128.000000,360.000000,178.001007,-129.996994,135.001999,177.996994,127.997002,359.994995,-76.000000,-205.000000,1906.000000,-52.000000,128.000000,-144.000000
511,1743675108240112,178.000000,-130.000000,135.000000,178.000000,128.000000,360.000000,178.001007,-129.998001,135.005005,177.996994,127.998001,359.997986,-70.000000,-201.000000,1875.000000,-56.000000,131.000000,-166.000000
511,1743675108245681,178.000000,-130.000000,135.000000,178.000000,128.000000,360.000000,177.998993,-129.998001,135.001999,177.996994,127.997002,359.998993,-66.000000,-202.000000,1882.000000,-58.000000,132.000000,-151.000000
511,1743675108250077,178.000000,-130.000000,135.000000,178.000000,128.000000,360.000000,178.001007,-129.998001,135.001007,177.996994,127.997002,359.997986,-69.000000,-213.000000,1881.000000,-58.000000,127.000000,-161.000000
511,1743675108255519,178.000000,-130.000000,135.000000,178.000000,128.000000,360.000000,178.001007,-129.998001,135.001007,177.996994,127.997002,359.997986,-62.000000,-205.000000,1895.000000,-55.000000,131.000000,-141.000000
511,1743675108259965,178.000000,-130.000000,135.000000,178.000000,128.000000,360.000000,178.000000,-129.998001,135.001999,177.996994,127.997002,359.997986,-69.000000,-206.000000,1878.000000,-57.000000,130.000000,-144.000000
511,1743675108265535,178.000000,-130.000000,135.000000,178.000000,128.000000,360.000000,178.000000,-129.998001,135.001007,177.996994,127.997002,359.997986,-70.000000,-209.000000,1879.000000,-60.000000,128.000000,-160.000000
511,1743675108270972,178.000000,-130.000000,135.000000,178.000000,128.000000,360.000000,178.001007,-129.998001,135.001007,177.998993,127.997002,359.997009,-71.000000,-208.000000,1891.000000,-60.000000,130.000000,-166.000000
511,1743675108275419,178.000000,-130.000000,135.000000,178.000000,128.000000,360.000000,178.000000,-129.998001,135.001999,177.996994,127.997002,359.997986,-70.000000,-206.000000,1892.000000,-55.000000,125.000000,-157.000000
511,1743675108280995,178.000000,-130.000000,135.000000,178.000000,128.000000,360.000000,178.000000,-129.998001,135.001007,177.998993,127.997002,359.997986,-71.000000,-204.000000,1894.000000,-58.000000,127.000000,-146.000000
511,1743675108285365,178.000000,-130.000000,135.000000,178.000000,128.000000,360.000000,178.000000,-129.996994,135.001999,177.996994,127.996002,359.998993,-70.000000,-205.000000,1877.000000,-57.000000,128.000000,-189.000000
511,1743675108290786,178.000000,-130.000000,135.000000,178.000000,128.000000,360.000000,178.000000,-129.998001,135.001999,177.996994,127.997002,359.997986,-67.000000,-206.000000,1886.000000,-58.000000,138.000000,-141.000000
511,1743675108295174,178.000000,-130.000000,135.000000,178.000000,128.000000,360.000000,178.001007,-129.998993,135.001999,177.998993,127.997002,359.997986,-68.000000,-205.000000,1888.000000,-57.000000,137.000000,-164.000000
511,1743675108300674,178.000000,-130.000000,135.000000,178.000000,128.000000,360.000000,178.001007,-129.998001,135.001007,177.996994,127.997002,359.997986,-68.000000,-206.000000,1886.000000,-56.000000,128.000000,-147.000000
511,1743675108305063,178.000000,-130.000000,135.000000,178.000000,128.000000,360.000000,178.000000,-129.998001,135.001999,177.996994,127.996002,359.997009,-73.000000,-205.000000,1881.000000,-57.000000,129.000000,-184.000000
511,1743675108310520,178.000000,-130.000000,135.000000,178.000000,128.000000,360.000000,178.000000,-129.998001,135.001999,177.996994,127.996002,359.997009,-73.000000,-205.000000,1881.000000,-57.000000,129.000000,-184.000000
511,1743675108314912,178.000000,-130.000000,135.000000,178.000000,128.000000,360.000000,178.001007,-129.998001,135.001007,177.996994,127.997002,359.997009,-70.000000,-206.000000,1878.000000,-52.000000,130.000000,-178.000000
511,1743675108320479,178.000000,-130.000000,135.000000,178.000000,128.000000,360.000000,178.001007,-129.998001,135.001007,177.996994,127.997002,359.997009,-70.000000,-206.000000,1878.000000,-52.000000,130.000000,-178.000000
511,1743675108324867,178.000000,-130.000000,135.000000,178.000000,128.000000,360.000000,178.000000,-129.998001,135.001999,177.996994,127.997002,359.997986,-70.000000,-205.000000,1871.000000,-57.000000,126.000000,-134.000000
511,1743675108330392,178.000000,-130.000000,135.000000,178.000000,128.000000,360.000000,178.001007,-129.996994,135.001999,177.996994,127.997002,359.998993,-71.000000,-209.000000,1883.000000,-54.000000,134.000000,-141.000000
511,1743675108334723,178.000000,-130.000000,135.000000,178.000000,128.000000,360.000000,178.001007,-129.996994,135.001999,177.996994,127.997002,359.998993,-71.000000,-209.000000,1883.000000,-54.000000,134.000000,-141.000000
511,1743675108340218,178.000000,-130.000000,135.000000,178.000000,128.000000,360.000000,178.000000,-129.998001,135.001999,177.996002,127.997002,359.997986,-70.000000,-211.000000,1876.000000,-54.000000,141.000000,-160.000000
511,1743675108345692,178.000000,-130.000000,135.000000,178.000000,128.000000,360.000000,178.001007,-129.996994,135.001999,177.996994,127.998001,359.997986,-75.000000,-207.000000,1875.000000,-59.000000,136.000000,-144.000000
511,1743675108350125,178.000000,-130.000000,135.000000,178.000000,128.000000,360.000000,178.001007,-129.996994,135.001999,177.996994,127.996002,359.998993,-77.000000,-207.000000,1874.000000,-57.000000,135.000000,-176.000000
511,1743675108355600,178.000000,-130.000000,135.000000,178.000000,128.000000,360.000000,178.001007,-129.998001,135.001007,177.996994,127.997002,359.998993,-78.000000,-209.000000,1880.000000,-62.000000,146.000000,-124.000000
511,1743675108359976,178.000000,-130.000000,135.000000,178.000000,128.000000,360.000000,178.001007,-129.996994,135.001007,177.996994,127.997002,359.997986,-72.000000,-207.000000,1871.000000,-57.000000,144.000000,-176.000000
511,1743675108365507,178.000000,-130.000000,135.000000,178.000000,128.000000,360.000000,178.001007,-129.998993,135.001999,177.996994,127.997002,359.997986,-72.000000,-207.000000,1865.000000,-58.000000,151.000000,-173.000000
511,1743675108371008,178.000000,-130.000000,135.000000,178.000000,128.000000,360.000000,178.001007,-129.996994,135.001007,177.996994,127.998001,359.997986,-74.000000,-216.000000,1879.000000,-58.000000,137.000000,-164.000000
511,1743675108375457,178.000000,-130.000000,135.000000,178.000000,128.000000,360.000000,178.000000,-129.998001,135.001007,177.996994,127.998001,359.997009,-72.000000,-212.000000,1881.000000,-53.000000,138.000000,-133.000000
511,1743675108380898,178.000000,-130.000000,135.000000,178.000000,128.000000,360.000000,178.000000,-129.998001,135.001999,177.996994,127.997002,359.998993,-68.000000,-211.000000,1875.000000,-58.000000,141.000000,-160.000000
511,1743675108385287,178.000000,-130.000000,135.000000,178.000000,128.000000,360.000000,178.000000,-129.998001,135.001999,177.996994,127.997002,359.997986,-71.000000,-211.000000,1878.000000,-58.000000,150.000000,-159.000000
511,1743675108390818,178.000000,-130.000000,135.000000,178.000000,128.000000,360.000000,178.003006,-129.996994,135.001007,177.996994,127.996002,359.997986,-71.000000,-207.000000,1876.000000,-51.000000,144.000000,-192.000000
511,1743675108395285,178.000000,-130.000000,135.000000,178.000000,128.000000,360.000000,177.998993,-129.998993,135.001007,177.996994,127.997002,359.997009,-63.000000,-210.000000,1875.000000,-60.000000,152.000000,-137.000000
511,1743675108400744,178.000000,-130.000000,135.000000,178.000000,128.000000,360.000000,178.001007,-129.998993,135.001007,177.998993,127.997002,359.997986,-69.000000,-208.000000,1889.000000,-54.000000,143.000000,-156.000000
511,1743675108405165,178.000000,-130.000000,135.000000,178.000000,128.000000,360.000000,178.001007,-129.998993,134.998993,177.996994,127.997002,359.997986,-64.000000,-213.000000,1866.000000,-54.000000,151.000000,-188.000000
511,1743675108410590,178.000000,-130.000000,135.000000,178.000000,128.000000,360.000000,178.001007,-129.998993,135.001007,177.996994,127.997002,359.997986,-53.000000,-210.000000,1876.000000,-61.000000,142.000000,-145.000000
511,1743675108414987,178.000000,-130.000000,135.000000,178.000000,128.000000,360.000000,178.000000,-129.998001,135.001999,177.996994,127.998001,359.997009,-54.000000,-210.000000,1870.000000,-55.000000,147.000000,-151.000000
511,1743675108420483,178.000000,-130.000000,135.000000,178.000000,128.000000,360.000000,178.001007,-129.998001,135.001007,177.996994,127.997002,359.997986,-62.000000,-210.000000,1870.000000,-66.000000,142.000000,-170.000000
511,1743675108424856,178.000000,-130.000000,135.000000,178.000000,128.000000,360.000000,178.001007,-129.996994,135.001007,177.996994,127.997002,359.997986,-63.000000,-207.000000,1869.000000,-53.000000,146.000000,-145.000000
511,1743675108430375,178.000000,-130.000000,135.000000,178.000000,128.000000,360.000000,178.001007,-129.998001,135.001999,177.996994,127.997002,359.997009,-64.000000,-207.000000,1874.000000,-54.000000,155.000000,-157.000000
511,1743675108434766,178.000000,-130.000000,135.000000,178.000000,128.000000,360.000000,178.000000,-129.996994,135.001999,177.996994,127.997002,359.997009,-62.000000,-209.000000,1873.000000,-59.000000,154.000000,-177.000000
511,1743675108440282,178.000000,-130.000000,135.000000,178.000000,128.000000,360.000000,177.998993,-129.998001,135.001999,177.996994,127.997002,359.998993,-62.000000,-208.000000,1868.000000,-61.000000,151.000000,-147.000000
511,1743675108445817,178.000000,-130.000000,135.000000,178.000000,128.000000,360.000000,178.001007,-129.998001,135.001007,177.996002,127.997002,359.997009,-65.000000,-206.000000,1869.000000,-51.000000,144.000000,-153.000000
511,1743675108450240,178.000000,-130.000000,135.000000,178.000000,128.000000,360.000000,178.000000,-129.998001,135.001999,177.996994,127.998001,359.997009,-56.000000,-208.000000,1871.000000,-60.000000,145.000000,-149.000000
511,1743675108455696,178.000000,-130.000000,135.000000,178.000000,128.000000,360.000000,178.003006,-129.998001,135.001007,177.996994,127.996002,359.997986,-58.000000,-208.000000,1878.000000,-51.000000,148.000000,-157.000000
511,1743675108460138,178.000000,-130.000000,135.000000,178.000000,128.000000,360.000000,178.001007,-129.996994,135.001999,177.996994,127.997002,359.997009,-65.000000,-208.000000,1870.000000,-59.000000,157.000000,-168.000000
511,1743675108465654,178.000000,-130.000000,135.000000,178.000000,128.000000,360.000000,178.001007,-129.998993,135.001007,177.996994,127.997002,359.997009,-59.000000,-206.000000,1869.000000,-58.000000,158.000000,-160.000000
511,1743675108470038,178.000000,-130.000000,135.000000,178.000000,128.000000,360.000000,178.001007,-129.998001,135.001999,177.996994,127.996002,359.997986,-57.000000,-208.000000,1858.000000,-59.000000,144.000000,-140.000000
511,1743675108475544,178.000000,-130.000000,135.000000,178.000000,128.000000,360.000000,178.001007,-129.998001,135.001007,177.996994,127.997002,359.997986,-54.000000,-196.000000,1866.000000,-58.000000,156.000000,-163.000000
511,1743675108479980,178.000000,-130.000000,135.000000,178.000000,128.000000,360.000000,178.001007,-129.996994,135.001007,177.996994,127.997002,359.997986,-47.000000,-203.000000,1862.000000,-56.000000,153.000000,-154.000000
511,1743675108485516,178.000000,-130.000000,135.000000,178.000000,128.000000,360.000000,178.001007,-129.998001,135.001007,177.996994,127.997002,359.997986,-53.000000,-203.000000,1867.000000,-56.000000,150.000000,-165.000000
511,1743675108490996,178.000000,-130.000000,135.000000,178.000000,128.000000,360.000000,178.001007,-129.996994,135.001999,177.996994,127.997002,359.997009,-45.000000,-204.000000,1868.000000,-58.000000,150.000000,-162.000000
511,1743675108495414,178.000000,-130.000000,135.000000,178.000000,128.000000,360.000000,178.001007,-129.996994,135.001999,177.996994,127.997002,359.997009,-45.000000,-204.000000,1868.000000,-58.000000,150.000000,-162.000000
511,1743675108500839,178.000000,-130.000000,135.000000,178.000000,128.000000,360.000000,177.998993,-129.996994,135.001999,177.996994,127.997002,359.997986,-49.000000,-203.000000,1858.000000,-60.000000,151.000000,-157.000000
511,1743675108505311,178.000000,-130.000000,135.000000,178.000000,128.000000,360.000000,177.998993,-129.996994,135.001999,177.996994,127.997002,359.997986,-49.000000,-203.000000,1858.000000,-60.000000,151.000000,-157.000000
511,1743675108510808,178.000000,-130.000000,135.000000,178.000000,128.000000,360.000000,178.001007,-129.996994,135.001007,177.996994,127.997002,359.997009,-48.000000,-202.000000,1866.000000,-58.000000,146.000000,-168.000000
511,1743675108515148,178.000000,-130.000000,135.000000,178.000000,128.000000,360.000000,178.000000,-129.998993,135.005005,177.996994,127.997002,359.998993,-55.000000,-203.000000,1859.000000,-57.000000,155.000000,-161.000000
511,1743675108520649,178.000000,-130.000000,135.000000,178.000000,128.000000,360.000000,178.000000,-129.998993,135.005005,177.996994,127.997002,359.998993,-55.000000,-203.000000,1859.000000,-57.000000,155.000000,-161.000000
511,1743675108525089,178.000000,-130.000000,135.000000,178.000000,128.000000,360.000000,178.001007,-129.998001,135.001999,177.998993,127.996002,359.997009,-46.000000,-207.000000,1860.000000,-58.000000,148.000000,-149.000000
511,1743675108530558,178.000000,-130.000000,135.000000,178.000000,128.000000,360.000000,178.000000,-129.998001,135.001007,177.996994,127.998001,359.998993,-44.000000,-204.000000,1861.000000,-53.000000,145.000000,-162.000000
511,1743675108534961,178.000000,-130.000000,135.000000,178.000000,128.000000,360.000000,178.001007,-129.998001,135.001999,177.996994,127.997002,359.997986,-47.000000,-206.000000,1846.000000,-62.000000,151.000000,-144.000000
511,1743675108540494,178.000000,-130.000000,135.000000,178.000000,128.000000,360.000000,177.998993,-129.998001,135.001007,177.996994,127.997002,359.997986,-42.000000,-205.000000,1860.000000,-55.000000,144.000000,-168.000000
511,1743675108544898,178.000000,-130.000000,135.000000,178.000000,128.000000,360.000000,178.001007,-129.996994,135.001999,177.996994,127.997002,359.997986,-52.000000,-203.000000,1849.000000,-62.000000,149.000000,-149.000000
511,1743675108550400,178.000000,-130.000000,135.000000,178.000000,128.000000,360.000000,178.000000,-129.998993,135.001007,177.998993,127.997002,359.997986,-47.000000,-204.000000,1856.000000,-56.000000,153.000000,-153.000000
511,1743675108554693,178.000000,-130.000000,135.000000,178.000000,128.000000,360.000000,177.998993,-129.996994,135.001999,177.996994,127.998001,359.997986,-45.000000,-204.000000,1862.000000,-60.000000,147.000000,-158.000000
511,1743675108560182,178.000000,-130.000000,135.000000,178.000000,128.000000,360.000000,178.001007,-129.996994,135.001007,177.998993,127.997002,359.997986,-44.000000,-212.000000,1857.000000,-52.000000,153.000000,-160.000000
511,1743675108565716,178.000000,-130.000000,135.000000,178.000000,128.000000,360.000000,178.001007,-129.998001,135.001999,177.996994,127.997002,359.994995,-42.000000,-197.000000,1856.000000,-52.000000,155.000000,-157.000000
511,1743675108570159,178.000000,-130.000000,135.000000,178.000000,128.000000,360.000000,178.001007,-129.998001,135.001999,177.996994,127.997002,359.997986,-42.000000,-203.000000,1850.000000,-58.000000,157.000000,-187.000000
511,1743675108575661,178.000000,-130.000000,135.000000,178.000000,128.000000,360.000000,178.000000,-129.998001,135.001007,177.996994,127.997002,359.997986,-40.000000,-204.000000,1864.000000,-54.000000,150.000000,-158.000000
511,1743675108580054,178.000000,-130.000000,135.000000,178.000000,128.000000,360.000000,178.001007,-129.998001,135.001999,177.996994,127.997002,359.997986,-46.000000,-202.000000,1855.000000,-57.000000,164.000000,-133.000000
511,1743675108585571,178.000000,-130.000000,135.000000,178.000000,128.000000,360.000000,178.000000,-129.998993,135.001999,177.996994,127.997002,359.997986,-39.000000,-201.000000,1855.000000,-57.000000,156.000000,-154.000000
511,1743675108589976,178.000000,-130.000000,135.000000,178.000000,128.000000,360.000000,178.001007,-129.998001,135.001999,177.996994,127.996002,359.997009,-38.000000,-203.000000,1849.000000,-56.000000,149.000000,-139.000000
511,1743675108595483,178.000000,-130.000000,135.000000,178.000000,128.000000,360.000000,178.001007,-129.998001,135.001007,177.996994,127.998001,359.997986,-38.000000,-202.000000,1870.000000,-57.000000,160.000000,-155.000000
511,1743675108599914,178.000000,-130.000000,135.000000,178.000000,128.000000,360.000000,178.001007,-129.996994,135.001007,177.998993,127.998001,359.998993,-32.000000,-202.000000,1848.000000,-57.000000,164.000000,-138.000000
511,1743675108605401,178.000000,-130.000000,135.000000,178.000000,128.000000,360.000000,178.000000,-129.998001,135.001999,177.996994,127.997002,359.997986,-37.000000,-207.000000,1855.000000,-53.000000,160.000000,-135.000000
511,1743675108610815,178.000000,-130.000000,135.000000,178.000000,128.000000,360.000000,178.000000,-129.998001,135.001007,177.996994,127.998001,359.997009,-30.000000,-207.000000,1852.000000,-58.000000,163.000000,-180.000000
511,1743675108615149,178.000000,-130.000000,135.000000,178.000000,128.000000,360.000000,178.000000,-129.998993,135.001999,177.996994,127.997002,359.997986,-35.000000,-208.000000,1850.000000,-51.000000,155.000000,-140.000000
511,1743675108620554,178.000000,-130.000000,135.000000,178.000000,128.000000,360.000000,178.001007,-129.998001,135.001999,177.996994,127.997002,359.997986,-38.000000,-198.000000,1863.000000,-57.000000,159.000000,-147.000000
511,1743675108624921,178.000000,-130.000000,135.000000,178.000000,128.000000,360.000000,178.000000,-129.998001,135.001007,177.996994,127.997002,359.997009,-43.000000,-197.000000,1855.000000,-50.000000,163.000000,-153.000000
511,1743675108630409,178.000000,-130.000000,135.000000,178.000000,128.000000,360.000000,178.001007,-129.998001,135.001007,177.996994,127.997002,359.997986,-42.000000,-202.000000,1855.000000,-64.000000,158.000000,-161.000000
511,1743675108634773,178.000000,-130.000000,135.000000,178.000000,128.000000,360.000000,178.000000,-129.996994,135.001007,177.996994,127.998001,359.997986,-39.000000,-200.000000,1860.000000,-58.000000,163.000000,-167.000000
511,1743675108640319,178.000000,-130.000000,135.000000,178.000000,128.000000,360.000000,178.000000,-129.998001,135.001999,177.996994,127.997002,359.997986,-46.000000,-201.000000,1854.000000,-51.000000,159.000000,-139.000000
511,1743675108644727,178.000000,-130.000000,135.000000,178.000000,128.000000,360.000000,178.000000,-129.998001,135.001999,177.996994,127.997002,359.997986,-46.000000,-195.000000,1857.000000,-59.000000,168.000000,-149.000000
511,1743675108650202,178.000000,-130.000000,135.000000,178.000000,128.000000,360.000000,178.000000,-129.998001,135.001007,177.996994,127.997002,359.997986,-46.000000,-199.000000,1860.000000,-54.000000,161.000000,-143.000000
511,1743675108655623,178.000000,-130.000000,135.000000,178.000000,128.000000,360.000000,178.000000,-129.996994,135.001007,177.996994,127.998001,359.997986,-44.000000,-198.000000,1866.000000,-56.000000,163.000000,-146.000000
511,1743675108660061,178.000000,-130.000000,135.000000,178.000000,128.000000,360.000000,178.001007,-129.998993,135.001007,177.996994,127.997002,359.997986,-43.000000,-199.000000,1826.000000,-47.000000,163.000000,-149.000000
511,1743675108665605,178.000000,-130.000000,135.000000,178.000000,128.000000,360.000000,178.001007,-129.998993,135.001007,177.996994,127.997002,359.997986,-43.000000,-199.000000,1826.000000,-47.000000,163.000000,-149.000000
511,1743675108670000,178.000000,-130.000000,135.000000,178.000000,128.000000,360.000000,178.001007,-129.998001,135.001999,177.996994,127.997002,359.997986,-47.000000,-191.000000,1828.000000,-57.000000,160.000000,-155.000000
511,1743675108675517,178.000000,-130.000000,135.000000,178.000000,128.000000,360.000000,178.001007,-129.996994,135.001999,177.996994,127.997002,359.998993,-52.000000,-195.000000,1862.000000,-57.000000,167.000000,-161.000000
511,1743675108679887,178.000000,-130.000000,135.000000,178.000000,128.000000,360.000000,178.001007,-129.996994,135.001999,177.996994,127.997002,359.998993,-52.000000,-195.000000,1862.000000,-57.000000,167.000000,-161.000000
511,1743675108685315,178.000000,-130.000000,135.000000,178.000000,128.000000,360.000000,178.001007,-129.996994,135.001999,177.996994,127.997002,359.997009,-42.000000,-194.000000,1841.000000,-57.000000,161.000000,-165.000000
511,1743675108690754,178.000000,-130.000000,135.000000,178.000000,128.000000,360.000000,178.000000,-129.998993,135.001999,177.996994,127.997002,359.997009,-43.000000,-195.000000,1837.000000,-56.000000,162.000000,-179.000000
511,1743675108695161,178.000000,-130.000000,135.000000,178.000000,128.000000,360.000000,178.000000,-129.998993,135.001999,177.996994,127.997002,359.997009,-43.000000,-195.000000,1837.000000,-56.000000,162.000000,-179.000000
511,1743675108700677,178.000000,-130.000000,135.000000,178.000000,128.000000,360.000000,178.001007,-129.998001,135.001007,177.996994,127.997002,359.997009,-42.000000,-187.000000,1839.000000,-51.000000,164.000000,-164.000000
511,1743675108705121,178.000000,-130.000000,135.000000,178.000000,128.000000,360.000000,178.000000,-129.998001,135.001999,177.998993,127.997002,359.997986,-37.000000,-194.000000,1845.000000,-59.000000,153.000000,-151.000000
511,1743675108710597,178.000000,-130.000000,135.000000,178.000000,128.000000,360.000000,178.000000,-129.998001,135.001999,177.996994,127.997002,359.997009,-39.000000,-184.000000,1848.000000,-47.000000,168.000000,-171.000000
511,1743675108714980,178.000000,-130.000000,135.000000,178.000000,128.000000,360.000000,178.001007,-129.996994,135.001999,177.996994,127.997002,359.997986,-42.000000,-189.000000,1855.000000,-47.000000,158.000000,-156.000000
511,1743675108720544,178.000000,-130.000000,135.000000,178.000000,128.000000,360.000000,178.000000,-129.998001,135.001999,177.996002,127.997002,359.997009,-42.000000,-193.000000,1838.000000,-55.000000,167.000000,-158.000000
511,1743675108724989,178.000000,-130.000000,135.000000,178.000000,128.000000,360.000000,178.000000,-129.998001,135.001999,177.996994,127.997002,359.997986,-42.000000,-193.000000,1854.000000,-57.000000,159.000000,-153.000000
511,1743675108730468,178.000000,-130.000000,135.000000,178.000000,128.000000,360.000000,178.000000,-129.998001,135.001999,177.996994,127.997002,359.997986,-46.000000,-192.000000,1835.000000,-51.000000,172.000000,-138.000000
511,1743675108734879,178.000000,-130.000000,135.000000,178.000000,128.000000,360.000000,178.001007,-129.998993,135.001999,177.996994,127.998001,359.997009,-47.000000,-191.000000,1852.000000,-62.000000,168.000000,-171.000000
511,1743675108740395,178.000000,-130.000000,135.000000,178.000000,128.000000,360.000000,178.001007,-129.998001,135.001007,177.996994,127.997002,359.997009,-46.000000,-191.000000,1844.000000,-54.000000,169.000000,-149.000000
511,1743675108744775,178.000000,-130.000000,135.000000,178.000000,128.000000,360.000000,178.001007,-129.998001,135.001999,177.996994,127.997002,359.997986,-43.000000,-199.000000,1853.000000,-59.000000,170.000000,-150.000000
511,1743675108750316,178.000000,-130.000000,135.000000,178.000000,128.000000,360.000000,178.000000,-129.996994,135.001007,177.996994,127.998001,359.997986,-47.000000,-193.000000,1851.000000,-56.000000,170.000000,-160.000000
511,1743675108754708,178.000000,-130.000000,135.000000,178.000000,128.000000,360.000000,178.000000,-129.996994,135.001007,177.996994,127.996002,359.997986,-44.000000,-191.000000,1845.000000,-60.000000,177.000000,-169.000000
511,1743675108760250,178.000000,-130.000000,135.000000,178.000000,128.000000,360.000000,178.001007,-129.996994,135.001999,177.996994,127.997002,359.997009,-48.000000,-192.000000,1860.000000,-55.000000,180.000000,-170.000000
511,1743675108765750,178.000000,-130.000000,135.000000,178.000000,128.000000,360.000000,178.000000,-129.996994,135.001007,177.996994,127.998001,359.998993,-44.000000,-192.000000,1851.000000,-57.000000,173.000000,-173.000000
511,1743675108770137,178.000000,-130.000000,135.000000,178.000000,128.000000,360.000000,178.000000,-129.996994,135.001007,177.996994,127.997002,359.997009,-50.000000,-191.000000,1857.000000,-56.000000,171.000000,-146.000000
511,1743675108775634,178.000000,-130.000000,135.000000,178.000000,128.000000,360.000000,178.000000,-129.996994,135.001007,177.996994,127.997002,359.997986,-59.000000,-195.000000,1845.000000,-55.000000,172.000000,-146.000000
511,1743675108780029,178.000000,-130.000000,135.000000,178.000000,128.000000,360.000000,178.000000,-129.998001,135.001999,177.996994,127.997002,359.997009,-48.000000,-192.000000,1850.000000,-54.000000,164.000000,-130.000000
511,1743675108785579,178.000000,-130.000000,135.000000,178.000000,128.000000,360.000000,178.001007,-129.998001,135.001007,177.996994,127.998001,359.997986,-51.000000,-193.000000,1845.000000,-54.000000,173.000000,-152.000000
511,1743675108789985,178.000000,-130.000000,135.000000,178.000000,128.000000,360.000000,178.000000,-129.996994,135.001007,177.996994,127.998001,359.997009,-53.000000,-192.000000,1853.000000,-55.000000,161.000000,-147.000000
511,1743675108795457,178.000000,-130.000000,135.000000,178.000000,128.000000,360.000000,178.003006,-129.996994,135.001007,177.996994,127.998001,359.997009,-54.000000,-184.000000,1841.000000,-52.000000,171.000000,-153.000000
511,1743675108799872,178.000000,-130.000000,135.000000,178.000000,128.000000,360.000000,178.000000,-129.998001,135.001999,177.996994,127.997002,359.997009,-45.000000,-186.000000,1823.000000,-62.000000,170.000000,-158.000000
511,1743675108805416,178.000000,-130.000000,135.000000,178.000000,128.000000,360.000000,178.000000,-129.998001,135.001007,177.996994,127.997002,359.997986,-45.000000,-180.000000,1837.000000,-53.000000,169.000000,-165.000000
511,1743675108810890,178.000000,-130.000000,135.000000,178.000000,128.000000,360.000000,178.001007,-129.998001,135.001999,177.996994,127.998001,359.997009,-58.000000,-189.000000,1826.000000,-63.000000,178.000000,-148.000000
511,1743675108815327,178.000000,-130.000000,135.000000,178.000000,128.000000,360.000000,178.000000,-129.996994,135.001999,177.998993,127.997002,359.997986,-52.000000,-190.000000,1833.000000,-52.000000,176.000000,-149.000000
511,1743675108819748,178.000000,-130.000000,135.000000,178.000000,128.000000,360.000000,178.000000,-129.998001,135.001007,177.998993,127.996002,359.997986,-48.000000,-191.000000,1831.000000,-60.000000,166.000000,-138.000000
511,1743675108825210,178.000000,-130.000000,135.000000,178.000000,128.000000,360.000000,178.000000,-129.996994,135.001007,177.996994,127.997002,359.997009,-46.000000,-191.000000,1833.000000,-55.000000,164.000000,-152.000000
511,1743675108830806,178.000000,-130.000000,135.000000,178.000000,128.000000,360.000000,178.001007,-129.998001,135.001999,177.996994,127.997002,359.998993,-44.000000,-198.000000,1833.000000,-57.000000,173.000000,-167.000000
511,1743675108835149,178.000000,-130.000000,135.000000,178.000000,128.000000,360.000000,178.001007,-129.996994,135.001007,177.996994,127.998001,359.998993,-51.000000,-188.000000,1835.000000,-56.000000,166.000000,-157.000000
511,1743675108840680,178.000000,-130.000000,135.000000,178.000000,128.000000,360.000000,178.000000,-129.998001,135.001007,177.998993,127.997002,359.998993,-44.000000,-192.000000,1821.000000,-65.000000,167.000000,-172.000000
511,1743675108845128,178.000000,-130.000000,135.000000,178.000000,128.000000,360.000000,178.000000,-129.998001,135.001999,177.998993,127.998001,359.997009,-47.000000,-195.000000,1840.000000,-58.000000,175.000000,-166.000000
511,1743675108850595,178.000000,-130.000000,135.000000,178.000000,128.000000,360.000000,178.001007,-129.996994,135.001999,177.996994,127.997002,359.997986,-45.000000,-192.000000,1831.000000,-55.000000,170.000000,-144.000000
511,1743675108855025,178.000000,-130.000000,135.000000,178.000000,128.000000,360.000000,178.000000,-129.998001,135.001999,177.996994,127.996002,359.997009,-52.000000,-183.000000,1825.000000,-58.000000,175.000000,-150.000000
511,1743675108860538,178.000000,-130.000000,135.000000,178.000000,128.000000,360.000000,178.001007,-129.996994,135.001999,177.996994,127.997002,359.997009,-45.000000,-183.000000,1839.000000,-56.000000,178.000000,-155.000000
511,1743675108864960,178.000000,-130.000000,135.000000,178.000000,128.000000,360.000000,178.001007,-129.996994,135.001999,177.996994,127.997002,359.997009,-45.000000,-183.000000,1839.000000,-56.000000,178.000000,-155.000000
511,1743675108870416,178.000000,-130.000000,135.000000,178.000000,128.000000,360.000000,178.000000,-129.998001,135.001007,177.996994,127.997002,359.997986,-46.000000,-185.000000,1838.000000,-53.000000,175.000000,-156.000000
511,1743675108874813,178.000000,-130.000000,135.000000,178.000000,128.000000,360.000000,178.001007,-129.998001,135.001999,177.996994,127.998001,359.997009,-50.000000,-186.000000,1834.000000,-59.000000,177.000000,-167.000000
511,1743675108880259,178.000000,-130.000000,135.000000,178.000000,128.000000,360.000000,178.001007,-129.998001,135.001999,177.996994,127.998001,359.997009,-50.000000,-186.000000,1834.000000,-59.000000,177.000000,-167.000000
511,1743675108885702,178.000000,-130.000000,135.000000,178.000000,128.000000,360.000000,178.000000,-129.996994,135.001999,177.996994,127.997002,359.997009,-54.000000,-176.000000,1840.000000,-55.000000,173.000000,-143.000000
511,1743675108890106,178.000000,-130.000000,135.000000,178.000000,128.000000,360.000000,178.001007,-129.996994,135.001007,177.996994,127.997002,359.997986,-50.000000,-184.000000,1830.000000,-61.000000,180.000000,-150.000000
511,1743675108895524,178.000000,-130.000000,135.000000,178.000000,128.000000,360.000000,178.000000,-129.996994,135.001999,177.996994,127.997002,359.997009,-50.000000,-192.000000,1822.000000,-60.000000,170.000000,-163.000000
511,1743675108899902,178.000000,-130.000000,135.000000,178.000000,128.000000,360.000000,178.001007,-129.996994,135.005005,177.996994,127.997002,359.997009,-51.000000,-185.000000,1832.000000,-54.000000,178.000000,-170.000000
511,1743675108905383,178.000000,-130.000000,135.000000,178.000000,128.000000,360.000000,178.001007,-129.998001,135.001999,177.996994,127.998001,359.997986,-46.000000,-184.000000,1807.000000,-60.000000,177.000000,-158.000000
511,1743675108909777,178.000000,-130.000000,135.000000,178.000000,128.000000,360.000000,178.001007,-129.998001,135.001999,177.998993,127.997002,359.997009,-37.000000,-182.000000,1812.000000,-59.000000,173.000000,-164.000000
511,1743675108915255,178.000000,-130.000000,135.000000,178.000000,128.000000,360.000000,178.000000,-129.998001,135.001999,177.996994,127.996002,359.997986,-45.000000,-196.000000,1824.000000,-64.000000,174.000000,-126.000000
511,1743675108920780,178.000000,-130.000000,135.000000,178.000000,128.000000,360.000000,178.000000,-129.998001,135.001999,177.996994,127.997002,359.997009,-44.000000,-184.000000,1820.000000,-60.000000,175.000000,-168.000000
511,1743675108925207,178.000000,-130.000000,135.000000,178.000000,128.000000,360.000000,178.001007,-129.996994,135.001999,177.996994,127.997002,359.997009,-46.000000,-188.000000,1829.000000,-58.000000,184.000000,-158.000000
511,1743675108930711,178.000000,-130.000000,135.000000,178.000000,128.000000,360.000000,178.000000,-129.998001,135.001007,177.996994,127.997002,359.997986,-45.000000,-188.000000,1821.000000,-61.000000,176.000000,-136.000000
511,1743675108935133,178.000000,-130.000000,135.000000,178.000000,128.000000,360.000000,178.001007,-129.998001,135.001007,177.996002,127.997002,359.998993,-54.000000,-187.000000,1809.000000,-59.000000,182.000000,-152.000000
511,1743675108940660,178.000000,-130.000000,135.000000,178.000000,128.000000,360.000000,178.001007,-129.996994,135.001007,177.996994,127.996002,359.997009,-48.000000,-187.000000,1793.000000,-57.000000,190.000000,-147.000000
511,1743675108945045,178.000000,-130.000000,135.000000,178.000000,128.000000,360.000000,178.001007,-129.996994,135.001999,177.998993,127.997002,359.997009,-53.000000,-194.000000,1820.000000,-61.000000,178.000000,-155.000000
511,1743675108950474,178.000000,-130.000000,135.000000,178.000000,128.000000,360.000000,178.000000,-129.998001,135.001999,177.996994,127.996002,359.997009,-50.000000,-192.000000,1815.000000,-59.000000,189.000000,-164.000000
511,1743675108954824,178.000000,-130.000000,135.000000,178.000000,128.000000,360.000000,178.000000,-129.998001,135.005005,177.996994,127.998001,359.994995,-55.000000,-192.000000,1821.000000,-60.000000,186.000000,-125.000000
511,1743675108960375,178.000000,-130.000000,135.000000,178.000000,128.000000,360.000000,178.001007,-129.998001,135.001007,177.996994,127.998001,359.994995,-56.000000,-190.000000,1779.000000,-63.000000,181.000000,-145.000000
511,1743675108964777,178.000000,-130.000000,135.000000,178.000000,128.000000,360.000000,177.998993,-129.996994,135.001999,177.996002,127.997002,359.997986,-58.000000,-191.000000,1807.000000,-63.000000,184.000000,-166.000000
511,1743675108970247,178.000000,-130.000000,135.000000,178.000000,128.000000,360.000000,178.000000,-129.998993,135.001007,177.996994,127.997002,359.997986,-65.000000,-188.000000,1810.000000,-50.000000,181.000000,-158.000000
511,1743675108974608,178.000000,-130.000000,135.000000,178.000000,128.000000,360.000000,178.000000,-129.998001,135.001999,177.996994,127.997002,359.997009,-62.000000,-187.000000,1809.000000,-65.000000,194.000000,-131.000000
511,1743675108980084,178.000000,-130.000000,135.000000,178.000000,128.000000,360.000000,178.000000,-129.996994,135.001999,177.996994,127.997002,359.997986,-60.000000,-193.000000,1810.000000,-58.000000,189.000000,-178.000000
511,1743675108985595,178.000000,-130.000000,135.000000,178.000000,128.000000,360.000000,178.001007,-129.998001,135.001999,177.998993,127.997002,359.998993,-58.000000,-195.000000,1792.000000,-62.000000,187.000000,-140.000000
511,1743675108990695,178.000000,-130.000000,135.000000,178.000000,128.000000,360.000000,178.000000,-129.996994,135.001999,177.996994,127.997002,359.997009,-61.000000,-187.000000,1796.000000,-58.000000,181.000000,-149.000000
511,1743675108995065,178.000000,-130.000000,135.000000,178.000000,128.000000,360.000000,178.001007,-129.998001,135.001999,177.996994,127.996002,359.997986,-64.000000,-192.000000,1813.000000,-59.000000,186.000000,-180.000000
511,1743675109000660,178.000000,-130.000000,135.000000,178.000000,128.000000,360.000000,178.000000,-129.998001,135.001999,177.996994,127.997002,359.997009,-65.000000,-192.000000,1799.000000,-58.000000,190.000000,-151.000000
511,1743675109005061,178.000000,-130.000000,135.000000,178.000000,128.000000,360.000000,178.000000,-129.998001,135.001999,177.998993,127.997002,359.997009,-67.000000,-191.000000,1789.000000,-57.000000,195.000000,-159.000000
511,1743675109010509,178.000000,-130.000000,135.000000,178.000000,128.000000,360.000000,178.000000,-129.996994,135.001999,177.998993,127.997002,359.997986,-64.000000,-192.000000,1813.000000,-61.000000,189.000000,-140.000000
511,1743675109014878,178.000000,-130.000000,135.000000,178.000000,128.000000,360.000000,178.000000,-129.996994,135.001007,177.998993,127.997002,359.997986,-63.000000,-196.000000,1798.000000,-59.000000,186.000000,-160.000000
511,1743675109020372,178.000000,-130.000000,135.000000,178.000000,128.000000,360.000000,178.001007,-129.996994,135.001007,177.996994,127.997002,359.997986,-67.000000,-192.000000,1792.000000,-59.000000,189.000000,-160.000000
511,1743675109024699,178.000000,-130.000000,135.000000,178.000000,128.000000,360.000000,178.000000,-129.998001,135.001999,177.996994,127.997002,359.997009,-70.000000,-189.000000,1791.000000,-58.000000,191.000000,-161.000000
511,1743675109030241,178.000000,-130.000000,135.000000,178.000000,128.000000,360.000000,178.000000,-129.998001,135.001999,177.996994,127.997002,359.997986,-65.000000,-195.000000,1791.000000,-55.000000,187.000000,-164.000000
511,1743675109034626,178.000000,-130.000000,135.000000,178.000000,128.000000,360.000000,178.001007,-129.998001,135.001999,177.998993,127.998001,359.997009,-65.000000,-192.000000,1798.000000,-54.000000,193.000000,-143.000000
511,1743675109040122,178.000000,-130.000000,135.000000,178.000000,128.000000,360.000000,177.998993,-129.996994,135.001007,177.996994,127.997002,359.997009,-58.000000,-199.000000,1792.000000,-56.000000,196.000000,-148.000000
511,1743675109045632,178.000000,-130.000000,135.000000,178.000000,128.000000,360.000000,177.998993,-129.996994,135.001007,177.996994,127.997002,359.997009,-58.000000,-199.000000,1792.000000,-56.000000,196.000000,-148.000000
511,1743675109050011,178.000000,-130.000000,135.000000,178.000000,128.000000,360.000000,178.001007,-129.998001,135.001007,177.998993,127.997002,359.997009,-57.000000,-195.000000,1779.000000,-55.000000,190.000000,-154.000000
511,1743675109055449,178.000000,-130.000000,135.000000,178.000000,128.000000,360.000000,178.001007,-129.998001,135.001007,177.998993,127.997002,359.997009,-57.000000,-195.000000,1779.000000,-55.000000,190.000000,-154.000000
511,1743675109060892,178.000000,-130.000000,135.000000,178.000000,128.000000,360.000000,178.001007,-129.998001,135.001007,177.996994,127.997002,359.997009,-50.000000,-193.000000,1792.000000,-62.000000,192.000000,-150.000000
511,1743675109065263,178.000000,-130.000000,135.000000,178.000000,128.000000,360.000000,177.998993,-129.998001,135.001007,177.996994,127.997002,359.997986,-49.000000,-193.000000,1789.000000,-61.000000,194.000000,-149.000000
511,1743675109070778,178.000000,-130.000000,135.000000,178.000000,128.000000,360.000000,178.001007,-129.998001,135.001999,177.996994,127.997002,359.997986,-50.000000,-196.000000,1802.000000,-62.000000,191.000000,-139.000000
511,1743675109075182,178.000000,-130.000000,135.000000,178.000000,128.000000,360.000000,178.001007,-129.996994,135.001999,177.996994,127.997002,359.997009,-45.000000,-191.000000,1793.000000,-57.000000,195.000000,-150.000000
511,1743675109080699,178.000000,-130.000000,135.000000,178.000000,128.000000,360.000000,178.000000,-129.998001,135.001999,177.996994,127.998001,359.997986,-53.000000,-192.000000,1800.000000,-56.000000,188.000000,-153.000000
511,1743675109085063,178.000000,-130.000000,135.000000,178.000000,128.000000,360.000000,178.001007,-129.996994,135.001999,177.996994,127.997002,359.997986,-50.000000,-191.000000,1806.000000,-54.000000,195.000000,-141.000000
511,1743675109090596,178.000000,-130.000000,135.000000,178.000000,128.000000,360.000000,178.001007,-129.998993,135.001999,177.996994,127.997002,359.997986,-66.000000,-192.000000,1796.000000,-65.000000,196.000000,-142.000000
511,1743675109094989,178.000000,-130.000000,135.000000,178.000000,128.000000,360.000000,178.001007,-129.996994,135.001999,177.996994,127.998001,359.997986,-70.000000,-190.000000,1792.000000,-60.000000,195.000000,-149.000000
511,1743675109100431,178.000000,-130.000000,135.000000,178.000000,128.000000,360.000000,178.000000,-129.996994,135.001007,177.996994,127.997002,359.997009,-63.000000,-196.000000,1780.000000,-63.000000,192.000000,-167.000000
511,1743675109105842,178.000000,-130.000000,135.000000,178.000000,128.000000,360.000000,178.003006,-129.996994,135.005005,177.996994,127.997002,359.997009,-62.000000,-199.000000,1789.000000,-58.000000,199.000000,-157.000000
511,1743675109110252,178.000000,-130.000000,135.000000,178.000000,128.000000,360.000000,178.003006,-129.996994,135.005005,177.996994,127.997002,359.997009,-62.000000,-199.000000,1789.000000,-58.000000,199.000000,-157.000000
511,1743675109115702,178.000000,-130.000000,135.000000,178.000000,128.000000,360.000000,178.001007,-129.998001,135.001999,177.996994,127.998001,359.997009,-62.000000,-197.000000,1788.000000,-59.000000,201.000000,-125.000000
511,1743675109120118,178.000000,-130.000000,135.000000,178.000000,128.000000,360.000000,178.000000,-129.998001,135.001999,177.996994,127.997002,359.997986,-62.000000,-197.000000,1792.000000,-57.000000,208.000000,-154.000000
511,1743675109125655,178.000000,-130.000000,135.000000,178.000000,128.000000,360.000000,178.003006,-129.996994,135.001999,177.998993,127.997002,359.997009,-61.000000,-206.000000,1798.000000,-61.000000,201.000000,-155.000000
511,1743675109130040,178.000000,-130.000000,135.000000,178.000000,128.000000,360.000000,178.000000,-129.998001,135.001007,177.998993,127.997002,359.997009,-58.000000,-197.000000,1781.000000,-64.000000,212.000000,-128.000000
511,1743675109135517,178.000000,-130.000000,135.000000,178.000000,128.000000,360.000000,178.001007,-129.998001,135.001999,177.996994,127.996002,359.997009,-66.000000,-203.000000,1781.000000,-63.000000,205.000000,-160.000000
511,1743675109139931,178.000000,-130.000000,135.000000,178.000000,128.000000,360.000000,178.000000,-129.996994,135.001007,177.996994,127.997002,359.997009,-63.000000,-202.000000,1792.000000,-60.000000,200.000000,-148.000000
511,1743675109145520,178.000000,-130.000000,135.000000,178.000000,128.000000,360.000000,178.001007,-129.998001,135.001007,177.996994,127.997002,359.997986,-64.000000,-191.000000,1784.000000,-58.000000,199.000000,-136.000000
511,1743675109150979,178.000000,-130.000000,135.000000,178.000000,128.000000,360.000000,178.000000,-129.998001,135.001007,177.996994,127.997002,359.997986,-64.000000,-196.000000,1760.000000,-64.000000,209.000000,-160.000000
511,1743675109155318,178.000000,-130.000000,135.000000,178.000000,128.000000,360.000000,178.000000,-129.998001,135.001007,177.996994,127.997002,359.997986,-65.000000,-195.000000,1769.000000,-59.000000,199.000000,-141.000000
511,1743675109160797,178.000000,-130.000000,135.000000,178.000000,128.000000,360.000000,178.000000,-129.998001,135.001999,177.996994,127.997002,359.997009,-65.000000,-199.000000,1777.000000,-64.000000,206.000000,-155.000000
511,1743675109165206,178.000000,-130.000000,135.000000,178.000000,128.000000,360.000000,178.000000,-129.996994,135.001007,177.996994,127.997002,359.997986,-65.000000,-205.000000,1780.000000,-60.000000,204.000000,-147.000000
511,1743675109170649,178.000000,-130.000000,135.000000,178.000000,128.000000,360.000000,178.001007,-129.996994,135.001007,177.996994,127.998001,359.997009,-62.000000,-210.000000,1782.000000,-57.000000,202.000000,-155.000000
511,1743675109175028,178.000000,-130.000000,135.000000,178.000000,128.000000,360.000000,178.000000,-129.998001,135.001999,177.996994,127.998001,359.997986,-61.000000,-205.000000,1771.000000,-54.000000,198.000000,-156.000000
511,1743675109180581,178.000000,-130.000000,135.000000,178.000000,128.000000,360.000000,178.000000,-129.998001,135.001007,177.998993,127.997002,359.998993,-64.000000,-205.000000,1774.000000,-58.000000,204.000000,-148.000000
511,1743675109185055,178.000000,-130.000000,135.000000,178.000000,128.000000,360.000000,178.001007,-129.996994,135.001999,177.996002,127.998001,359.997009,-76.000000,-206.000000,1776.000000,-55.000000,210.000000,-150.000000
511,1743675109190587,178.000000,-130.000000,135.000000,178.000000,128.000000,360.000000,178.000000,-129.996994,135.001999,177.996994,127.998001,359.998993,-78.000000,-203.000000,1776.000000,-51.000000,204.000000,-160.000000
511,1743675109194985,178.000000,-130.000000,135.000000,178.000000,128.000000,360.000000,178.001007,-129.998001,135.001999,177.998993,127.997002,359.997986,-73.000000,-210.000000,1768.000000,-52.000000,199.000000,-145.000000
511,1743675109200511,178.000000,-130.000000,135.000000,178.000000,128.000000,360.000000,178.000000,-129.996994,135.001007,177.996994,127.998001,359.997986,-78.000000,-211.000000,1788.000000,-54.000000,207.000000,-139.000000
511,1743675109204873,178.000000,-130.000000,135.000000,178.000000,128.000000,360.000000,178.000000,-129.996994,135.001007,177.996994,127.998001,359.997986,-78.000000,-211.000000,1788.000000,-54.000000,207.000000,-139.000000
511,1743675109210354,178.000000,-130.000000,135.000000,178.000000,128.000000,360.000000,178.000000,-129.998001,134.998993,177.996994,127.997002,359.997009,-72.000000,-210.000000,1785.000000,-45.000000,197.000000,-162.000000
511,1743675109214727,178.000000,-130.000000,135.000000,178.000000,128.000000,360.000000,177.998993,-129.996994,135.001999,177.998993,127.997002,359.997986,-70.000000,-202.000000,1767.000000,-58.000000,205.000000,-132.000000
511,1743675109220225,178.000000,-130.000000,135.000000,178.000000,128.000000,360.000000,178.001007,-129.998001,135.001007,177.998993,127.997002,359.998993,-80.000000,-206.000000,1762.000000,-57.000000,208.000000,-141.000000
511,1743675109225718,178.000000,-130.000000,135.000000,178.000000,128.000000,360.000000,178.001007,-129.996994,135.001007,177.996994,127.998001,359.997009,-72.000000,-206.000000,1769.000000,-55.000000,209.000000,-153.000000
511,1743675109230160,178.000000,-130.000000,135.000000,178.000000,128.000000,360.000000,178.001007,-129.996994,135.001007,177.996994,127.997002,359.994995,-76.000000,-196.000000,1775.000000,-54.000000,201.000000,-142.000000
511,1743675109235650,178.000000,-130.000000,135.000000,178.000000,128.000000,360.000000,177.998993,-129.996994,135.001999,177.996994,127.997002,359.997009,-73.000000,-204.000000,1791.000000,-54.000000,199.000000,-143.000000
511,1743675109240013,178.000000,-130.000000,135.000000,178.000000,128.000000,360.000000,178.000000,-129.996994,135.001999,177.996994,127.997002,359.997986,-77.000000,-211.000000,1777.000000,-57.000000,211.000000,-130.000000
511,1743675109245614,178.000000,-130.000000,135.000000,178.000000,128.000000,360.000000,178.001007,-129.996994,135.001999,177.996994,127.997002,359.997986,-84.000000,-214.000000,1771.000000,-54.000000,210.000000,-144.000000
511,1743675109250048,178.000000,-130.000000,135.000000,178.000000,128.000000,360.000000,178.000000,-129.996994,135.001999,177.996994,127.997002,359.997009,-76.000000,-210.000000,1776.000000,-55.000000,205.000000,-140.000000
511,1743675109255522,178.000000,-130.000000,135.000000,178.000000,128.000000,360.000000,178.001007,-129.996994,135.001007,177.996994,127.997002,359.997986,-78.000000,-211.000000,1776.000000,-55.000000,208.000000,-140.000000
511,1743675109259930,178.000000,-130.000000,135.000000,178.000000,128.000000,360.000000,178.001007,-129.996994,135.001007,177.996994,127.998001,359.997986,-70.000000,-200.000000,1772.000000,-57.000000,205.000000,-139.000000
511,1743675109265471,178.000000,-130.000000,135.000000,178.000000,128.000000,360.000000,178.000000,-129.996994,135.001999,177.996994,127.997002,359.997009,-79.000000,-211.000000,1770.000000,-58.000000,207.000000,-141.000000
511,1743675109269834,178.000000,-130.000000,135.000000,178.000000,128.000000,360.000000,177.998993,-129.996994,135.001999,177.998993,127.997002,359.997986,-77.000000,-212.000000,1767.000000,-58.000000,214.000000,-152.000000
511,1743675109275413,178.000000,-130.000000,135.000000,178.000000,128.000000,360.000000,177.998993,-129.996994,135.001007,177.996994,127.997002,359.997986,-77.000000,-211.000000,1780.000000,-57.000000,206.000000,-148.000000
511,1743675109279859,178.000000,-130.000000,135.000000,178.000000,128.000000,360.000000,178.001007,-129.994995,135.001007,177.996994,127.997002,359.997986,-77.000000,-211.000000,1745.000000,-58.000000,210.000000,-141.000000
511,1743675109285403,178.000000,-130.000000,135.000000,178.000000,128.000000,360.000000,178.001007,-129.998001,135.001007,177.996994,127.997002,359.997986,-76.000000,-213.000000,1771.000000,-56.000000,208.000000,-151.000000
511,1743675109290922,178.000000,-130.000000,135.000000,178.000000,128.000000,360.000000,178.001007,-129.998001,135.005005,177.996994,127.997002,359.998993,-72.000000,-212.000000,1777.000000,-52.000000,204.000000,-145.000000
511,1743675109295351,178.000000,-130.000000,135.000000,178.000000,128.000000,360.000000,178.000000,-129.998001,135.001007,177.996994,127.997002,359.997009,-79.000000,-216.000000,1751.000000,-58.000000,212.000000,-147.000000
511,1743675109300833,178.000000,-130.000000,135.000000,178.000000,128.000000,360.000000,178.001007,-129.996994,135.001007,177.996994,127.998001,359.997986,-76.000000,-212.000000,1756.000000,-52.000000,201.000000,-155.000000
511,1743675109305234,178.000000,-130.000000,135.000000,178.000000,128.000000,360.000000,178.001007,-129.996994,135.001007,177.996994,127.997002,359.997986,-79.000000,-211.000000,1754.000000,-56.000000,198.000000,-147.000000
511,1743675109310718,178.000000,-130.000000,135.000000,178.000000,128.000000,360.000000,178.001007,-129.998001,135.001999,177.996002,127.997002,359.997009,-75.000000,-211.000000,1758.000000,-56.000000,202.000000,-144.000000
511,1743675109315113,178.000000,-130.000000,135.000000,178.000000,128.000000,360.000000,178.001007,-129.998001,134.998993,177.996994,127.997002,359.997986,-75.000000,-214.000000,1759.000000,-59.000000,206.000000,-149.000000
511,1743675109320686,178.000000,-130.000000,135.000000,178.000000,128.000000,360.000000,178.000000,-129.998001,135.001999,177.996994,127.998001,359.997986,-75.000000,-213.000000,1755.000000,-56.000000,213.000000,-155.000000
511,1743675109325143,178.000000,-130.000000,135.000000,178.000000,128.000000,360.000000,178.000000,-129.998001,135.001999,177.996994,127.998001,359.997986,-75.000000,-213.000000,1755.000000,-56.000000,213.000000,-155.000000
511,1743675109330587,178.000000,-130.000000,135.000000,178.000000,128.000000,360.000000,177.998993,-129.996994,135.001007,177.998993,127.997002,359.997009,-72.000000,-225.000000,1731.000000,-57.000000,205.000000,-125.000000
511,1743675109335032,178.000000,-130.000000,135.000000,178.000000,128.000000,360.000000,178.001007,-129.998001,135.001007,177.996994,127.997002,359.997986,-73.000000,-218.000000,1749.000000,-55.000000,211.000000,-146.000000
511,1743675109340508,178.000000,-130.000000,135.000000,178.000000,128.000000,360.000000,178.003006,-129.996994,135.001007,177.998993,127.997002,359.997986,-66.000000,-218.000000,1748.000000,-53.000000,215.000000,-129.000000
511,1743675109344940,178.000000,-130.000000,135.000000,178.000000,128.000000,360.000000,178.001007,-129.998993,135.001007,177.998993,127.997002,359.997009,-69.000000,-219.000000,1749.000000,-48.000000,208.000000,-151.000000
511,1743675109350415,178.000000,-130.000000,135.000000,178.000000,128.000000,360.000000,178.001007,-129.998993,135.001007,177.998993,127.997002,359.997009,-69.000000,-219.000000,1749.000000,-48.000000,208.000000,-151.000000
511,1743675109354734,178.000000,-130.000000,135.000000,178.000000,128.000000,360.000000,178.000000,-129.998001,135.001007,177.996994,127.997002,359.997986,-70.000000,-225.000000,1753.000000,-57.000000,218.000000,-153.000000
511,1743675109360286,178.000000,-130.000000,135.000000,178.000000,128.000000,360.000000,178.000000,-129.998001,135.001999,177.998993,127.997002,359.997986,-68.000000,-220.000000,1740.000000,-58.000000,209.000000,-137.000000
511,1743675109365782,178.000000,-130.000000,135.000000,178.000000,128.000000,360.000000,178.000000,-129.998001,135.001999,177.996994,127.997002,359.994995,-72.000000,-214.000000,1747.000000,-54.000000,212.000000,-152.000000
511,1743675109370166,178.000000,-130.000000,135.000000,178.000000,128.000000,360.000000,177.998993,-129.998001,135.001999,177.996994,127.997002,359.997986,-69.000000,-221.000000,1749.000000,-56.000000,212.000000,-143.000000
511,1743675109375597,178.000000,-130.000000,135.000000,178.000000,128.000000,360.000000,178.001007,-129.996994,135.001007,177.996994,127.998001,359.997986,-66.000000,-217.000000,1751.000000,-56.000000,220.000000,-149.000000
511,1743675109379955,178.000000,-130.000000,135.000000,178.000000,128.000000,360.000000,178.001007,-129.996994,135.001999,177.998993,127.998001,359.997986,-67.000000,-218.000000,1741.000000,-52.000000,213.000000,-152.000000
511,1743675109385389,178.000000,-130.000000,135.000000,178.000000,128.000000,360.000000,178.000000,-129.996994,135.001999,177.996994,127.997002,359.997009,-70.000000,-228.000000,1751.000000,-52.000000,211.000000,-129.000000
511,1743675109389826,178.000000,-130.000000,135.000000,178.000000,128.000000,360.000000,178.000000,-129.996994,135.001999,177.996994,127.997002,359.997986,-61.000000,-233.000000,1730.000000,-58.000000,217.000000,-152.000000
511,1743675109395301,178.000000,-130.000000,135.000000,178.000000,128.000000,360.000000,178.001007,-129.998001,135.001999,177.996994,127.997002,359.997986,-66.000000,-225.000000,1744.000000,-61.000000,219.000000,-144.000000
511,1743675109400806,178.000000,-130.000000,135.000000,178.000000,128.000000,360.000000,178.000000,-129.998001,135.001007,177.996994,127.998001,359.997009,-64.000000,-227.000000,1745.000000,-57.000000,212.000000,-153.000000
511,1743675109405220,178.000000,-130.000000,135.000000,178.000000,128.000000,360.000000,178.001007,-129.996994,135.001007,177.996994,127.998001,359.998993,-73.000000,-235.000000,1740.000000,-55.000000,222.000000,-142.000000
511,1743675109410668,178.000000,-130.000000,135.000000,178.000000,128.000000,360.000000,178.001007,-129.998001,135.001007,177.996994,127.998001,359.997986,-73.000000,-226.000000,1757.000000,-62.000000,217.000000,-138.000000
511,1743675109415061,178.000000,-130.000000,135.000000,178.000000,128.000000,360.000000,178.000000,-129.996994,135.001007,177.996994,127.998001,359.997986,-71.000000,-227.000000,1758.000000,-60.000000,214.000000,-165.000000
511,1743675109420553,178.000000,-130.000000,135.000000,178.000000,128.000000,360.000000,178.000000,-129.998001,135.001999,177.996994,127.997002,359.997986,-67.000000,-220.000000,1747.000000,-56.000000,218.000000,-141.000000
511,1743675109424885,178.000000,-130.000000,135.000000,178.000000,128.000000,360.000000,178.001007,-129.998001,135.001999,177.996994,127.997002,359.994995,-62.000000,-223.000000,1752.000000,-55.000000,234.000000,-136.000000
511,1743675109430415,178.000000,-130.000000,135.000000,178.000000,128.000000,360.000000,178.001007,-129.996994,135.001999,177.996994,127.997002,359.997986,-75.000000,-223.000000,1730.000000,-55.000000,216.000000,-148.000000
511,1743675109434723,178.000000,-130.000000,135.000000,178.000000,128.000000,360.000000,178.000000,-129.996994,135.001007,177.996994,127.997002,359.997986,-77.000000,-229.000000,1756.000000,-57.000000,219.000000,-149.000000
511,1743675109440281,178.000000,-130.000000,135.000000,178.000000,128.000000,360.000000,178.000000,-129.996994,135.001999,177.996994,127.997002,359.997986,-68.000000,-227.000000,1745.000000,-56.000000,223.000000,-128.000000
511,1743675109444740,178.000000,-130.000000,135.000000,178.000000,128.000000,360.000000,178.000000,-129.998001,135.001007,177.996994,127.997002,359.997986,-70.000000,-221.000000,1757.000000,-53.000000,221.000000,-132.000000
511,1743675109450284,178.000000,-130.000000,135.000000,178.000000,128.000000,360.000000,178.001007,-129.996994,135.001999,177.996994,127.997002,359.997009,-74.000000,-219.000000,1742.000000,-51.000000,219.000000,-149.000000
511,1743675109454666,178.000000,-130.000000,135.000000,178.000000,128.000000,360.000000,178.000000,-129.996994,135.001007,177.996994,127.997002,359.997009,-71.000000,-226.000000,1754.000000,-56.000000,239.000000,-155.000000
511,1743675109460111,178.000000,-130.000000,135.000000,178.000000,128.000000,360.000000,178.000000,-129.998001,135.001007,177.996994,127.997002,359.997009,-70.000000,-227.000000,1740.000000,-56.000000,225.000000,-135.000000
511,1743675109465705,178.000000,-130.000000,135.000000,178.000000,128.000000,360.000000,178.000000,-129.998001,135.001007,177.996994,127.996002,359.997986,-71.000000,-235.000000,1759.000000,-55.000000,232.000000,-154.000000
511,1743675109470097,178.000000,-130.000000,135.000000,178.000000,128.000000,360.000000,178.000000,-129.998001,135.001999,177.998993,127.998001,359.997986,-70.000000,-234.000000,1759.000000,-59.000000,228.000000,-129.000000
511,1743675109475570,178.000000,-130.000000,135.000000,178.000000,128.000000,360.000000,178.000000,-129.998001,135.001999,177.998993,127.998001,359.997986,-70.000000,-234.000000,1759.000000,-59.000000,228.000000,-129.000000
511,1743675109479945,178.000000,-130.000000,135.000000,178.000000,128.000000,360.000000,178.001007,-129.998001,135.001999,177.996994,127.997002,359.997986,-78.000000,-232.000000,1740.000000,-54.000000,225.000000,-163.000000
511,1743675109485457,178.000000,-130.000000,135.000000,178.000000,128.000000,360.000000,178.001007,-129.998001,135.001999,177.996994,127.997002,359.997986,-78.000000,-232.000000,1740.000000,-54.000000,225.000000,-163.000000
511,1743675109490895,178.000000,-130.000000,135.000000,178.000000,128.000000,360.000000,178.001007,-129.996994,135.001999,177.998993,127.997002,359.997986,-64.000000,-232.000000,1740.000000,-58.000000,218.000000,-134.000000
511,1743675109495337,178.000000,-130.000000,135.000000,178.000000,128.000000,360.000000,178.001007,-129.998001,135.001999,177.996994,127.996002,359.997009,-71.000000,-231.000000,1717.000000,-56.000000,226.000000,-149.000000
511,1743675109500810,178.000000,-130.000000,135.000000,178.000000,128.000000,360.000000,178.000000,-129.996994,135.001999,177.996994,127.997002,359.997986,-69.000000,-227.000000,1728.000000,-56.000000,228.000000,-138.000000
511,1743675109505235,178.000000,-130.000000,135.000000,178.000000,128.000000,360.000000,178.000000,-129.998001,135.001007,177.998993,127.997002,359.997986,-67.000000,-231.000000,1732.000000,-55.000000,223.000000,-139.000000
511,1743675109510779,178.000000,-130.000000,135.000000,178.000000,128.000000,360.000000,178.000000,-129.998001,135.001007,177.996994,127.998001,359.997986,-61.000000,-225.000000,1732.000000,-58.000000,228.000000,-139.000000
511,1743675109515212,178.000000,-130.000000,135.000000,178.000000,128.000000,360.000000,177.998993,-129.998001,135.001999,177.998993,127.998001,359.997986,-73.000000,-227.000000,1728.000000,-54.000000,227.000000,-139.000000
511,1743675109520687,178.000000,-130.000000,135.000000,178.000000,128.000000,360.000000,178.000000,-129.996994,135.005005,177.996994,127.997002,359.997986,-65.000000,-223.000000,1730.000000,-61.000000,227.000000,-147.000000
511,1743675109525130,178.000000,-130.000000,135.000000,178.000000,128.000000,360.000000,178.001007,-129.996994,135.001007,177.996994,127.997002,359.997986,-74.000000,-230.000000,1723.000000,-57.000000,229.000000,-125.000000
511,1743675109530605,178.000000,-130.000000,135.000000,178.000000,128.000000,360.000000,178.001007,-129.996994,135.001999,177.998993,127.997002,359.997986,-64.000000,-232.000000,1728.000000,-54.000000,226.000000,-154.000000
511,1743675109534991,178.000000,-130.000000,135.000000,178.000000,128.000000,360.000000,178.000000,-129.998001,135.001007,177.996994,127.997002,359.997986,-72.000000,-236.000000,1722.000000,-56.000000,223.000000,-157.000000
511,1743675109540545,178.000000,-130.000000,135.000000,178.000000,128.000000,360.000000,178.000000,-129.996994,135.001999,177.996994,127.998001,359.997986,-59.000000,-241.000000,1726.000000,-55.000000,226.000000,-155.000000
511,1743675109544958,178.000000,-130.000000,135.000000,178.000000,128.000000,360.000000,178.000000,-129.998001,135.001007,177.996994,127.998001,359.997009,-60.000000,-245.000000,1720.000000,-57.000000,224.000000,-139.000000
511,1743675109550479,178.000000,-130.000000,135.000000,178.000000,128.000000,360.000000,178.000000,-129.996994,135.001999,177.996994,127.998001,359.997986,-61.000000,-228.000000,1718.000000,-54.000000,220.000000,-131.000000
511,1743675109554861,178.000000,-130.000000,135.000000,178.000000,128.000000,360.000000,178.001007,-129.998001,135.001999,177.998993,127.996002,359.997009,-61.000000,-223.000000,1720.000000,-56.000000,229.000000,-161.000000
511,1743675109560461,178.000000,-130.000000,135.000000,178.000000,128.000000,360.000000,178.000000,-129.996994,135.001999,177.998993,127.998001,359.997009,-62.000000,-234.000000,1715.000000,-58.000000,237.000000,-129.000000
511,1743675109564862,178.000000,-130.000000,135.000000,178.000000,128.000000,360.000000,178.000000,-129.998001,135.001999,177.996994,127.997002,359.997009,-61.000000,-241.000000,1729.000000,-62.000000,225.000000,-153.000000
511,1743675109570286,178.000000,-130.000000,135.000000,178.000000,128.000000,360.000000,178.000000,-129.998001,135.001999,177.996994,127.997002,359.998993,-66.000000,-234.000000,1714.000000,-56.000000,226.000000,-141.000000
511,1743675109575795,178.000000,-130.000000,135.000000,178.000000,128.000000,360.000000,178.003006,-129.996994,135.001999,177.996994,127.997002,359.997009,-67.000000,-234.000000,1709.000000,-57.000000,233.000000,-148.000000
511,1743675109580176,178.000000,-130.000000,135.000000,178.000000,128.000000,360.000000,178.000000,-129.998001,135.001999,177.996994,127.997002,359.997009,-63.000000,-235.000000,1704.000000,-56.000000,223.000000,-130.000000
511,1743675109585783,178.000000,-130.000000,135.000000,178.000000,128.000000,360.000000,178.000000,-129.998001,135.001999,177.996994,127.997002,359.997986,-64.000000,-240.000000,1712.000000,-56.000000,233.000000,-159.000000
511,1743675109590190,178.000000,-130.000000,135.000000,178.000000,128.000000,360.000000,178.001007,-129.998001,135.001999,177.996994,127.997002,359.997009,-63.000000,-237.000000,1715.000000,-54.000000,225.000000,-149.000000
511,1743675109595651,178.000000,-130.000000,135.000000,178.000000,128.000000,360.000000,178.001007,-129.996994,135.005005,177.996994,127.997002,359.997009,-68.000000,-235.000000,1724.000000,-55.000000,225.000000,-128.000000
511,1743675109600078,178.000000,-130.000000,135.000000,178.000000,128.000000,360.000000,178.001007,-129.996994,135.001007,177.998993,127.998001,359.997986,-61.000000,-237.000000,1727.000000,-56.000000,222.000000,-127.000000
511,1743675109605591,178.000000,-130.000000,135.000000,178.000000,128.000000,360.000000,178.000000,-129.996994,135.001007,177.996994,127.997002,359.998993,-62.000000,-237.000000,1720.000000,-57.000000,228.000000,-148.000000
511,1743675109609999,178.000000,-130.000000,135.000000,178.000000,128.000000,360.000000,178.001007,-129.996994,135.001999,177.996994,127.998001,359.997986,-61.000000,-233.000000,1727.000000,-56.000000,222.000000,-155.000000
511,1743675109615507,178.000000,-130.000000,135.000000,178.000000,128.000000,360.000000,178.003006,-129.998001,135.005005,177.996994,127.997002,359.997009,-73.000000,-243.000000,1730.000000,-57.000000,229.000000,-147.000000
511,1743675109619885,178.000000,-130.000000,135.000000,178.000000,128.000000,360.000000,178.000000,-129.996994,135.001007,177.996994,127.997002,359.997986,-66.000000,-238.000000,1705.000000,-54.000000,228.000000,-127.000000
511,1743675109625427,178.000000,-130.000000,135.000000,178.000000,128.000000,360.000000,178.001007,-129.996994,135.001007,177.998993,127.996002,359.997009,-68.000000,-235.000000,1725.000000,-56.000000,227.000000,-134.000000
511,1743675109630901,178.000000,-130.000000,135.000000,178.000000,128.000000,360.000000,178.001007,-129.996994,135.001007,177.998993,127.996002,359.997009,-68.000000,-235.000000,1725.000000,-56.000000,227.000000,-134.000000
511,1743675109635308,178.000000,-130.000000,135.000000,178.000000,128.000000,360.000000,178.001007,-129.998001,135.001999,177.996994,127.998001,359.997986,-71.000000,-234.000000,1728.000000,-52.000000,227.000000,-153.000000
511,1743675109640778,178.000000,-130.000000,135.000000,178.000000,128.000000,360.000000,178.001007,-129.998001,135.001999,177.996994,127.998001,359.997986,-71.000000,-234.000000,1728.000000,-52.000000,227.000000,-153.000000
511,1743675109645190,178.000000,-130.000000,135.000000,178.000000,128.000000,360.000000,178.000000,-129.998001,135.001007,177.996994,127.998001,359.997986,-69.000000,-236.000000,1727.000000,-57.000000,225.000000,-147.000000
511,1743675109650622,178.000000,-130.000000,135.000000,178.000000,128.000000,360.000000,178.000000,-129.996994,135.001999,177.996994,127.996002,359.997009,-73.000000,-235.000000,1726.000000,-51.000000,225.000000,-157.000000
511,1743675109654988,178.000000,-130.000000,135.000000,178.000000,128.000000,360.000000,178.000000,-129.996994,135.001007,177.996994,127.997002,359.997009,-70.000000,-238.000000,1718.000000,-52.000000,225.000000,-126.000000
511,1743675109660502,178.000000,-130.000000,135.000000,178.000000,128.000000,360.000000,178.001007,-129.996994,135.001007,177.996994,127.997002,359.997986,-73.000000,-236.000000,1712.000000,-51.000000,227.000000,-157.000000
511,1743675109664905,178.000000,-130.000000,135.000000,178.000000,128.000000,360.000000,178.001007,-129.996994,135.001999,177.996994,127.998001,359.997986,-71.000000,-222.000000,1715.000000,-58.000000,219.000000,-155.000000
511,1743675109670407,178.000000,-130.000000,135.000000,178.000000,128.000000,360.000000,178.001007,-129.996994,135.001999,177.996994,127.997002,359.997986,-72.000000,-243.000000,1715.000000,-57.000000,234.000000,-137.000000
511,1743675109674911,178.000000,-130.000000,135.000000,178.000000,128.000000,360.000000,178.000000,-129.996994,135.001007,177.996994,127.998001,359.997009,-70.000000,-240.000000,1721.000000,-57.000000,224.000000,-118.000000
511,1743675109680380,178.000000,-130.000000,135.000000,178.000000,128.000000,360.000000,178.001007,-129.998001,135.001007,177.996994,127.998001,359.997009,-74.000000,-249.000000,1711.000000,-55.000000,223.000000,-163.000000
511,1743675109684698,178.000000,-130.000000,135.000000,178.000000,128.000000,360.000000,178.000000,-129.998001,135.005005,177.996994,127.998001,359.997986,-77.000000,-243.000000,1728.000000,-56.000000,225.000000,-147.000000
511,1743675109690175,178.000000,-130.000000,135.000000,178.000000,128.000000,360.000000,178.000000,-129.996994,135.001007,177.996994,127.998001,359.997009,-83.000000,-242.000000,1693.000000,-55.000000,229.000000,-150.000000
511,1743675109695693,178.000000,-130.000000,135.000000,178.000000,128.000000,360.000000,178.000000,-129.998001,135.001999,177.996994,127.997002,359.997986,-75.000000,-244.000000,1708.000000,-57.000000,215.000000,-146.000000
511,1743675109700118,178.000000,-130.000000,135.000000,178.000000,128.000000,360.000000,177.998993,-129.996994,135.001007,177.996994,127.997002,359.997009,-80.000000,-242.000000,1709.000000,-55.000000,227.000000,-133.000000
511,1743675109705618,178.000000,-130.000000,135.000000,178.000000,128.000000,360.000000,178.000000,-129.998001,135.001007,177.996994,127.997002,359.997986,-74.000000,-249.000000,1719.000000,-56.000000,223.000000,-135.000000
511,1743675109710041,178.000000,-130.000000,135.000000,178.000000,128.000000,360.000000,178.003006,-129.996994,135.001999,177.998993,127.997002,359.998993,-77.000000,-243.000000,1721.000000,-55.000000,229.000000,-172.000000
511,1743675109715512,178.000000,-130.000000,135.000000,178.000000,128.000000,360.000000,178.000000,-129.994995,135.001007,177.996994,127.997002,359.997986,-77.000000,-248.000000,1704.000000,-52.000000,232.000000,-132.000000
511,1743675109719894,178.000000,-130.000000,135.000000,178.000000,128.000000,360.000000,178.003006,-129.996994,135.001999,177.996994,127.997002,359.997986,-76.000000,-248.000000,1705.000000,-57.000000,232.000000,-139.000000
511,1743675109725352,178.000000,-130.000000,135.000000,178.000000,128.000000,360.000000,178.000000,-129.996994,135.001999,177.996994,127.997002,359.997986,-67.000000,-248.000000,1711.000000,-55.000000,228.000000,-135.000000
511,1743675109730776,178.000000,-130.000000,135.000000,178.000000,128.000000,360.000000,178.001007,-129.996994,135.001007,177.996994,127.997002,359.997986,-72.000000,-249.000000,1692.000000,-55.000000,236.000000,-156.000000
511,1743675109735152,178.000000,-130.000000,135.000000,178.000000,128.000000,360.000000,178.000000,-129.998001,135.001999,177.996994,127.997002,359.994995,-73.000000,-248.000000,1702.000000,-56.000000,231.000000,-147.000000
511,1743675109742762,178.000000,-130.000000,135.000000,178.000000,128.000000,360.000000,178.001007,-129.996994,135.001999,177.996994,127.997002,359.997986,-73.000000,-242.000000,1702.000000,-53.000000,232.000000,-158.000000
511,1743675109744982,178.000000,-130.000000,135.000000,178.000000,128.000000,360.000000,178.001007,-129.998001,135.005005,177.996994,127.997002,359.997009,-73.000000,-245.000000,1711.000000,-53.000000,230.000000,-122.000000
511,1743675109750431,178.000000,-130.000000,135.000000,178.000000,128.000000,360.000000,178.000000,-129.996994,135.001007,177.996994,127.998001,359.997009,-71.000000,-246.000000,1691.000000,-56.000000,231.000000,-138.000000
511,1743675109754798,178.000000,-130.000000,135.000000,178.000000,128.000000,360.000000,177.998993,-129.998001,135.001999,177.998993,127.997002,359.997986,-74.000000,-244.000000,1721.000000,-62.000000,226.000000,-126.000000
511,1743675109760352,178.000000,-130.000000,135.000000,178.000000,128.000000,360.000000,178.001007,-129.996994,135.001999,177.998993,127.997002,359.997986,-75.000000,-248.000000,1706.000000,-65.000000,237.000000,-139.000000
511,1743675109764773,178.000000,-130.000000,135.000000,178.000000,128.000000,360.000000,178.000000,-129.996994,135.001007,177.996994,127.998001,359.997986,-72.000000,-243.000000,1709.000000,-47.000000,231.000000,-139.000000
511,1743675109770291,178.000000,-130.000000,135.000000,178.000000,128.000000,360.000000,178.001007,-129.998001,135.001007,177.996994,127.997002,359.997009,-69.000000,-237.000000,1707.000000,-56.000000,229.000000,-142.000000
511,1743675109774614,178.000000,-130.000000,135.000000,178.000000,128.000000,360.000000,178.000000,-129.996994,135.001007,177.996994,127.997002,359.997986,-71.000000,-238.000000,1706.000000,-59.000000,232.000000,-147.000000
511,1743675109780122,178.000000,-130.000000,135.000000,178.000000,128.000000,360.000000,178.001007,-129.996994,135.001999,177.996994,127.998001,359.997986,-70.000000,-244.000000,1708.000000,-57.000000,230.000000,-146.000000
511,1743675109785643,178.000000,-130.000000,135.000000,178.000000,128.000000,360.000000,178.000000,-129.998001,135.001999,177.996994,127.998001,359.997986,-67.000000,-236.000000,1708.000000,-54.000000,240.000000,-132.000000
511,1743675109790043,178.000000,-130.000000,135.000000,178.000000,128.000000,360.000000,178.001007,-129.996994,135.001999,177.996994,127.997002,359.997986,-66.000000,-238.000000,1711.000000,-55.000000,226.000000,-147.000000
511,1743675109795501,178.000000,-130.000000,135.000000,178.000000,128.000000,360.000000,178.000000,-129.996994,135.001007,177.996994,127.997002,359.997986,-71.000000,-239.000000,1698.000000,-58.000000,232.000000,-148.000000
511,1743675109799930,178.000000,-130.000000,135.000000,178.000000,128.000000,360.000000,178.003006,-129.996994,135.001999,177.998993,127.997002,359.998993,-69.000000,-237.000000,1708.000000,-56.000000,229.000000,-140.000000
511,1743675109805430,178.000000,-130.000000,135.000000,178.000000,128.000000,360.000000,178.001007,-129.994995,135.001999,177.996994,127.998001,359.997986,-64.000000,-238.000000,1693.000000,-60.000000,234.000000,-132.000000
511,1743675109809781,178.000000,-130.000000,135.000000,178.000000,128.000000,360.000000,178.000000,-129.996994,135.001999,177.996994,127.997002,359.997986,-63.000000,-248.000000,1702.000000,-56.000000,222.000000,-138.000000
511,1743675109815283,178.000000,-130.000000,135.000000,178.000000,128.000000,360.000000,178.000000,-129.998001,135.001999,177.996994,127.998001,359.997986,-67.000000,-242.000000,1705.000000,-63.000000,231.000000,-146.000000
511,1743675109820778,178.000000,-130.000000,135.000000,178.000000,128.000000,360.000000,178.000000,-129.998001,135.001999,177.996994,127.998001,359.997986,-67.000000,-242.000000,1705.000000,-63.000000,231.000000,-146.000000
511,1743675109825158,178.000000,-130.000000,135.000000,178.000000,128.000000,360.000000,178.000000,-129.994995,135.001999,177.996994,127.998001,359.994995,-65.000000,-246.000000,1681.000000,-57.000000,228.000000,-149.000000
511,1743675109830610,178.000000,-130.000000,135.000000,178.000000,128.000000,360.000000,178.000000,-129.994995,135.001999,177.996994,127.998001,359.994995,-65.000000,-246.000000,1681.000000,-57.000000,228.000000,-149.000000
511,1743675109835001,178.000000,-130.000000,135.000000,178.000000,128.000000,360.000000,178.001007,-129.994995,135.001999,177.996994,127.997002,359.994995,-68.000000,-249.000000,1696.000000,-56.000000,235.000000,-142.000000
511,1743675109840492,178.000000,-130.000000,135.000000,178.000000,128.000000,360.000000,178.001007,-129.996994,135.001007,177.996994,127.997002,359.997986,-59.000000,-246.000000,1690.000000,-59.000000,232.000000,-130.000000
511,1743675109844911,178.000000,-130.000000,135.000000,178.000000,128.000000,360.000000,178.000000,-129.996994,135.001007,177.996994,127.997002,359.997009,-67.000000,-258.000000,1673.000000,-55.000000,231.000000,-151.000000
511,1743675109850417,178.000000,-130.000000,135.000000,178.000000,128.000000,360.000000,178.001007,-129.998001,135.005005,177.996994,127.997002,359.997009,-62.000000,-257.000000,1696.000000,-59.000000,229.000000,-120.000000
511,1743675109854799,178.000000,-130.000000,135.000000,178.000000,128.000000,360.000000,178.000000,-129.996994,135.001999,177.996994,127.997002,359.997986,-64.000000,-245.000000,1673.000000,-59.000000,232.000000,-142.000000
511,1743675109860263,178.000000,-130.000000,135.000000,178.000000,128.000000,360.000000,178.000000,-129.994995,135.001007,177.996994,127.997002,359.997986,-68.000000,-245.000000,1690.000000,-57.000000,238.000000,-135.000000
511,1743675109865687,178.000000,-130.000000,135.000000,178.000000,128.000000,360.000000,178.000000,-129.998001,135.001999,177.998993,127.997002,359.998993,-72.000000,-254.000000,1676.000000,-61.000000,233.000000,-130.000000
511,1743675109870140,178.000000,-130.000000,135.000000,178.000000,128.000000,360.000000,178.000000,-129.998001,135.001999,177.996994,127.997002,359.997009,-74.000000,-252.000000,1673.000000,-58.000000,234.000000,-148.000000
511,1743675109875621,178.000000,-130.000000,135.000000,178.000000,128.000000,360.000000,178.000000,-129.998001,135.001999,177.996994,127.997002,359.997986,-66.000000,-262.000000,1682.000000,-60.000000,234.000000,-148.000000
511,1743675109880049,178.000000,-130.000000,135.000000,178.000000,128.000000,360.000000,178.001007,-129.996994,135.005005,177.996994,127.997002,359.994995,-70.000000,-262.000000,1671.000000,-57.000000,235.000000,-115.000000
511,1743675109885580,178.000000,-130.000000,135.000000,178.000000,128.000000,360.000000,178.000000,-129.996994,135.001007,177.996994,127.996002,359.997986,-63.000000,-260.000000,1668.000000,-58.000000,231.000000,-154.000000
511,1743675109890000,178.000000,-130.000000,135.000000,178.000000,128.000000,360.000000,178.000000,-129.998001,135.001007,177.996994,127.998001,359.997986,-74.000000,-259.000000,1691.000000,-59.000000,236.000000,-127.000000
511,1743675109895472,178.000000,-130.000000,135.000000,178.000000,128.000000,360.000000,178.001007,-129.996994,135.001999,177.996994,127.997002,359.997009,-67.000000,-263.000000,1687.000000,-59.000000,219.000000,-127.000000
511,1743675109900857,178.000000,-130.000000,135.000000,178.000000,128.000000,360.000000,178.000000,-129.998001,135.001999,177.996994,127.998001,359.997009,-73.000000,-263.000000,1683.000000,-58.000000,235.000000,-129.000000
511,1743675109905190,178.000000,-130.000000,135.000000,178.000000,128.000000,360.000000,178.000000,-129.996994,135.001999,177.996994,127.997002,359.997009,-68.000000,-261.000000,1681.000000,-57.000000,243.000000,-155.000000
511,1743675109910611,178.000000,-130.000000,135.000000,178.000000,128.000000,360.000000,178.001007,-129.998001,135.001999,177.996994,127.997002,359.997986,-62.000000,-264.000000,1669.000000,-59.000000,230.000000,-152.000000
511,1743675109915056,178.000000,-130.000000,135.000000,178.000000,128.000000,360.000000,178.003006,-129.998001,135.001999,177.996994,127.997002,359.997009,-70.000000,-269.000000,1675.000000,-60.000000,234.000000,-126.000000
511,1743675109920581,178.000000,-130.000000,135.000000,178.000000,128.000000,360.000000,178.001007,-129.998001,135.001999,177.996994,127.997002,359.997009,-64.000000,-270.000000,1686.000000,-59.000000,234.000000,-131.000000
511,1743675109924972,178.000000,-130.000000,135.000000,178.000000,128.000000,360.000000,178.001007,-129.998001,135.001999,177.996994,127.998001,359.997009,-65.000000,-272.000000,1676.000000,-52.000000,239.000000,-124.000000
511,1743675109930432,178.000000,-130.000000,135.000000,178.000000,128.000000,360.000000,178.000000,-129.996994,134.998993,177.996994,127.998001,359.997009,-65.000000,-269.000000,1684.000000,-58.000000,238.000000,-137.000000
511,1743675109934773,178.000000,-130.000000,135.000000,178.000000,128.000000,360.000000,178.001007,-129.996994,135.001007,177.996994,127.998001,359.998993,-61.000000,-271.000000,1674.000000,-54.000000,234.000000,-127.000000
511,1743675109940299,178.000000,-130.000000,135.000000,178.000000,128.000000,360.000000,178.000000,-129.998001,135.001007,177.996994,127.997002,359.997986,-55.000000,-277.000000,1684.000000,-54.000000,239.000000,-152.000000
511,1743675109945837,178.000000,-130.000000,135.000000,178.000000,128.000000,360.000000,178.001007,-129.994995,134.998993,177.996994,127.997002,359.997986,-58.000000,-278.000000,1676.000000,-59.000000,245.000000,-136.000000
511,1743675109950231,178.000000,-130.000000,135.000000,178.000000,128.000000,360.000000,178.003006,-129.994995,135.001999,177.996994,127.997002,359.997009,-60.000000,-280.000000,1675.000000,-55.000000,245.000000,-152.000000
511,1743675109955641,178.000000,-130.000000,135.000000,178.000000,128.000000,360.000000,178.001007,-129.998001,135.001999,177.996994,127.998001,359.997986,-74.000000,-287.000000,1678.000000,-56.000000,243.000000,-141.000000
511,1743675109960037,178.000000,-130.000000,135.000000,178.000000,128.000000,360.000000,178.000000,-129.996994,135.005005,177.998993,127.998001,359.997986,-56.000000,-289.000000,1698.000000,-55.000000,236.000000,-136.000000
511,1743675109965568,178.000000,-130.000000,135.000000,178.000000,128.000000,360.000000,178.001007,-129.998001,135.001007,177.996994,127.998001,359.998993,-67.000000,-295.000000,1683.000000,-55.000000,237.000000,-142.000000
511,1743675109969918,178.000000,-130.000000,135.000000,178.000000,128.000000,360.000000,178.001007,-129.998001,135.001999,177.998993,127.997002,359.997009,-62.000000,-298.000000,1675.000000,-56.000000,235.000000,-130.000000
511,1743675109975430,178.000000,-130.000000,135.000000,178.000000,128.000000,360.000000,178.000000,-129.996994,135.001007,177.996994,127.998001,359.997986,-71.000000,-296.000000,1689.000000,-57.000000,242.000000,-128.000000
511,1743675109981013,178.000000,-130.000000,135.000000,178.000000,128.000000,360.000000,178.001007,-129.996994,135.001007,177.996994,127.998001,359.997009,-66.000000,-300.000000,1684.000000,-62.000000,246.000000,-145.000000
511,1743675109985458,178.000000,-130.000000,135.000000,178.000000,128.000000,360.000000,178.001007,-129.998001,135.001999,177.996994,127.997002,359.997986,-61.000000,-297.000000,1683.000000,-59.000000,245.000000,-127.000000
511,1743675109989800,178.000000,-130.000000,135.000000,178.000000,128.000000,360.000000,178.003006,-129.996994,135.001999,177.996994,127.997002,359.997986,-67.000000,-303.000000,1675.000000,-61.000000,242.000000,-137.000000
511,1743675109995279,178.000000,-130.000000,135.000000,178.000000,128.000000,360.000000,178.001007,-129.996994,135.001999,177.996994,127.997002,359.997986,-61.000000,-300.000000,1676.000000,-58.000000,239.000000,-140.000000
511,1743675110000751,178.000000,-130.000000,135.000000,178.000000,128.000000,360.000000,178.000000,-129.998001,135.001999,177.996994,127.997002,359.997009,-68.000000,-303.000000,1659.000000,-55.000000,244.000000,-152.000000
511,1743675110005207,178.000000,-130.000000,135.000000,178.000000,128.000000,360.000000,178.000000,-129.998001,135.001999,177.996994,127.997002,359.997009,-68.000000,-303.000000,1659.000000,-55.000000,244.000000,-152.000000
511,1743675110010643,178.000000,-130.000000,135.000000,178.000000,128.000000,360.000000,178.001007,-129.998001,135.001007,177.996994,127.998001,360.001007,-62.000000,-303.000000,1652.000000,-59.000000,243.000000,-106.000000
511,1743675110015018,178.000000,-130.000000,135.000000,178.000000,128.000000,360.000000,178.001007,-129.998001,135.001007,177.996994,127.998001,360.001007,-62.000000,-303.000000,1652.000000,-59.000000,243.000000,-106.000000
511,1743675110020442,178.000000,-130.000000,135.000000,178.000000,128.000000,360.000000,178.001007,-129.998001,135.001999,177.996994,127.997002,359.997009,-64.000000,-298.000000,1664.000000,-57.000000,244.000000,-126.000000
511,1743675110024781,178.000000,-130.000000,135.000000,178.000000,128.000000,360.000000,178.003006,-129.996994,135.001999,177.996994,127.997002,359.997986,-63.000000,-297.000000,1650.000000,-60.000000,247.000000,-136.000000
511,1743675110030370,178.000000,-130.000000,135.000000,178.000000,128.000000,360.000000,178.001007,-129.996994,135.001007,177.996994,127.997002,359.997986,-63.000000,-317.000000,1680.000000,-58.000000,247.000000,-119.000000
511,1743675110034791,178.000000,-130.000000,135.000000,178.000000,128.000000,360.000000,178.003006,-129.996994,135.001999,177.996994,127.997002,359.997009,-64.000000,-312.000000,1662.000000,-56.000000,244.000000,-99.000000
511,1743675110040257,178.000000,-130.000000,135.000000,178.000000,128.000000,360.000000,178.000000,-129.996994,135.001007,177.996994,127.997002,359.997009,-64.000000,-308.000000,1684.000000,-57.000000,255.000000,-136.000000
511,1743675110045668,178.000000,-130.000000,135.000000,178.000000,128.000000,360.000000,178.000000,-129.996994,135.001007,177.996994,127.997002,359.997009,-68.000000,-322.000000,1681.000000,-54.000000,248.000000,-128.000000
511,1743675110050101,178.000000,-130.000000,135.000000,178.000000,128.000000,360.000000,177.998993,-129.998001,135.001999,177.996002,127.996002,359.997986,-70.000000,-328.000000,1678.000000,-48.000000,249.000000,-142.000000
511,1743675110055584,178.000000,-130.000000,135.000000,178.000000,128.000000,360.000000,178.000000,-129.998001,135.001007,177.996994,127.997002,359.997986,-61.000000,-318.000000,1673.000000,-57.000000,252.000000,-129.000000
511,1743675110060006,178.000000,-130.000000,135.000000,178.000000,128.000000,360.000000,178.000000,-129.998001,135.005005,177.998993,127.997002,359.997986,-62.000000,-320.000000,1664.000000,-60.000000,248.000000,-135.000000
511,1743675110065538,178.000000,-130.000000,135.000000,178.000000,128.000000,360.000000,178.001007,-129.996994,135.001999,177.998993,127.997002,359.997986,-61.000000,-320.000000,1672.000000,-57.000000,249.000000,-130.000000
511,1743675110069912,178.000000,-130.000000,135.000000,178.000000,128.000000,360.000000,178.001007,-129.998001,135.005005,177.996994,127.997002,359.997986,-60.000000,-325.000000,1656.000000,-60.000000,255.000000,-137.000000
511,1743675110075506,178.000000,-130.000000,135.000000,178.000000,128.000000,360.000000,178.001007,-129.996994,135.001999,177.996994,127.998001,359.997986,-66.000000,-324.000000,1647.000000,-60.000000,257.000000,-145.000000
511,1743675110079965,178.000000,-130.000000,135.000000,178.000000,128.000000,360.000000,178.000000,-129.996994,135.001007,177.996994,127.997002,359.997986,-63.000000,-326.000000,1670.000000,-57.000000,253.000000,-134.000000
511,1743675110085485,178.000000,-130.000000,135.000000,178.000000,128.000000,360.000000,178.000000,-129.996994,135.001007,177.996994,127.998001,359.997009,-64.000000,-324.000000,1646.000000,-57.000000,252.000000,-119.000000
511,1743675110089895,178.000000,-130.000000,135.000000,178.000000,128.000000,360.000000,178.000000,-129.998001,135.001999,177.998993,127.998001,359.998993,-65.000000,-314.000000,1658.000000,-57.000000,249.000000,-156.000000
511,1743675110095398,178.000000,-130.000000,135.000000,178.000000,128.000000,360.000000,178.001007,-129.996994,135.001007,177.996994,127.997002,359.997986,-59.000000,-316.000000,1656.000000,-57.000000,252.000000,-138.000000
511,1743675110099822,178.000000,-130.000000,135.000000,178.000000,128.000000,360.000000,178.000000,-129.996994,135.001999,177.998993,127.998001,359.997009,-63.000000,-323.000000,1650.000000,-60.000000,252.000000,-140.000000
511,1743675110105381,178.000000,-130.000000,135.000000,178.000000,128.000000,360.000000,178.001007,-129.998001,135.001007,177.996994,127.997002,359.997986,-61.000000,-323.000000,1639.000000,-57.000000,252.000000,-129.000000
511,1743675110109772,178.000000,-130.000000,135.000000,178.000000,128.000000,360.000000,178.000000,-129.996994,135.001007,177.998993,127.997002,359.998993,-67.000000,-326.000000,1654.000000,-57.000000,250.000000,-122.000000
511,1743675110115317,178.000000,-130.000000,135.000000,178.000000,128.000000,360.000000,178.000000,-129.998001,135.001007,177.996994,127.997002,359.997009,-61.000000,-322.000000,1649.000000,-56.000000,255.000000,-137.000000
511,1743675110120791,178.000000,-130.000000,135.000000,178.000000,128.000000,360.000000,178.000000,-129.998001,135.001007,177.996994,127.997002,359.997009,-61.000000,-323.000000,1653.000000,-56.000000,255.000000,-109.000000
511,1743675110125217,178.000000,-130.000000,135.000000,178.000000,128.000000,360.000000,178.000000,-129.996994,135.001999,177.996994,127.998001,359.997986,-66.000000,-321.000000,1663.000000,-53.000000,260.000000,-136.000000
511,1743675110130782,178.000000,-130.000000,135.000000,178.000000,128.000000,360.000000,178.000000,-129.996994,135.001999,177.998993,127.998001,359.997986,-65.000000,-324.000000,1662.000000,-60.000000,251.000000,-137.000000
511,1743675110135292,178.000000,-130.000000,135.000000,178.000000,128.000000,360.000000,178.003006,-129.998001,135.001999,177.996994,127.997002,359.994995,-61.000000,-321.000000,1654.000000,-52.000000,249.000000,-140.000000
511,1743675110140767,178.000000,-130.000000,135.000000,178.000000,128.000000,360.000000,178.001007,-129.996994,135.001999,177.996994,127.997002,359.997986,-60.000000,-327.000000,1659.000000,-52.000000,254.000000,-147.000000
511,1743675110145167,178.000000,-130.000000,135.000000,178.000000,128.000000,360.000000,178.000000,-129.996994,135.001999,177.996994,127.998001,359.997009,-59.000000,-327.000000,1650.000000,-55.000000,251.000000,-133.000000
511,1743675110150632,178.000000,-130.000000,135.000000,178.000000,128.000000,360.000000,178.001007,-129.996994,135.001999,177.998993,127.997002,359.997986,-63.000000,-337.000000,1636.000000,-55.000000,262.000000,-141.000000
511,1743675110155011,178.000000,-130.000000,135.000000,178.000000,128.000000,360.000000,178.001007,-129.996994,135.001999,177.996994,127.998001,359.998993,-61.000000,-346.000000,1645.000000,-61.000000,247.000000,-121.000000
511,1743675110160535,178.000000,-130.000000,135.000000,178.000000,128.000000,360.000000,178.001007,-129.996994,135.001999,177.996994,127.998001,359.998993,-61.000000,-346.000000,1645.000000,-61.000000,247.000000,-121.000000
511,1743675110164955,178.000000,-130.000000,135.000000,178.000000,128.000000,360.000000,178.001007,-129.996994,134.998993,177.996994,127.998001,359.998993,-63.000000,-339.000000,1657.000000,-57.000000,256.000000,-162.000000
511,1743675110170436,178.000000,-130.000000,135.000000,178.000000,128.000000,360.000000,178.001007,-129.996994,134.998993,177.996994,127.998001,359.998993,-63.000000,-339.000000,1657.000000,-57.000000,256.000000,-162.000000
511,1743675110174817,178.000000,-130.000000,135.000000,178.000000,128.000000,360.000000,178.000000,-129.998001,135.001999,177.996994,127.997002,359.997009,-61.000000,-344.000000,1624.000000,-53.000000,253.000000,-137.000000
511,1743675110180338,178.000000,-130.000000,135.000000,178.000000,128.000000,360.000000,178.001007,-129.996994,135.001007,177.996994,127.997002,359.997986,-62.000000,-346.000000,1635.000000,-58.000000,253.000000,-157.000000
511,1743675110184707,178.000000,-130.000000,135.000000,178.000000,128.000000,360.000000,178.000000,-129.998001,135.005005,177.998993,127.997002,359.997009,-59.000000,-349.000000,1632.000000,-56.000000,257.000000,-129.000000
511,1743675110190246,178.000000,-130.000000,135.000000,178.000000,128.000000,360.000000,178.001007,-129.996994,135.001007,177.998993,127.997002,359.997986,-63.000000,-347.000000,1624.000000,-59.000000,264.000000,-135.000000
511,1743675110195761,178.000000,-130.000000,135.000000,178.000000,128.000000,360.000000,178.000000,-129.996994,135.001007,177.996994,127.997002,359.997986,-72.000000,-353.000000,1633.000000,-57.000000,256.000000,-140.000000
511,1743675110200188,178.000000,-130.000000,135.000000,178.000000,128.000000,360.000000,178.001007,-129.996994,135.001999,177.998993,127.997002,359.997009,-68.000000,-356.000000,1631.000000,-58.000000,262.000000,-133.000000
511,1743675110205646,178.000000,-130.000000,135.000000,178.000000,128.000000,360.000000,178.000000,-129.996994,135.001999,177.996994,127.997002,359.997009,-82.000000,-356.000000,1630.000000,-57.000000,257.000000,-125.000000
511,1743675110210025,178.000000,-130.000000,135.000000,178.000000,128.000000,360.000000,178.001007,-129.996994,135.001007,177.996994,127.998001,359.997986,-72.000000,-351.000000,1638.000000,-57.000000,257.000000,-143.000000
511,1743675110215502,178.000000,-130.000000,135.000000,178.000000,128.000000,360.000000,178.001007,-129.996994,135.001999,177.998993,127.997002,359.997986,-73.000000,-358.000000,1635.000000,-55.000000,254.000000,-121.000000
511,1743675110219951,178.000000,-130.000000,135.000000,178.000000,128.000000,360.000000,178.001007,-129.996994,135.001999,177.996994,127.997002,359.998993,-75.000000,-349.000000,1635.000000,-58.000000,261.000000,-136.000000
511,1743675110225493,178.000000,-130.000000,135.000000,178.000000,128.000000,360.000000,178.003006,-129.996994,135.001007,177.996994,127.997002,359.998993,-75.000000,-354.000000,1641.000000,-57.000000,252.000000,-126.000000
511,1743675110230953,178.000000,-130.000000,135.000000,178.000000,128.000000,360.000000,178.003006,-129.996994,135.001999,177.996994,127.998001,359.997009,-76.000000,-348.000000,1630.000000,-58.000000,261.000000,-126.000000
511,1743675110235378,178.000000,-130.000000,135.000000,178.000000,128.000000,360.000000,178.000000,-129.996994,135.001999,177.996994,127.997002,359.997986,-77.000000,-355.000000,1647.000000,-56.000000,262.000000,-138.000000
511,1743675110239798,178.000000,-130.000000,135.000000,178.000000,128.000000,360.000000,178.001007,-129.998001,135.001999,177.996994,127.998001,359.997986,-73.000000,-352.000000,1632.000000,-59.000000,264.000000,-132.000000
511,1743675110245355,178.000000,-130.000000,135.000000,178.000000,128.000000,360.000000,178.001007,-129.998001,135.001007,177.996994,127.997002,359.997009,-63.000000,-353.000000,1630.000000,-54.000000,258.000000,-135.000000
511,1743675110250869,178.000000,-130.000000,135.000000,178.000000,128.000000,360.000000,177.998993,-129.996994,135.001999,177.996994,127.997002,359.997009,-69.000000,-353.000000,1632.000000,-60.000000,260.000000,-128.000000
511,1743675110255273,178.000000,-130.000000,135.000000,178.000000,128.000000,360.000000,178.000000,-129.996994,135.001999,177.996994,127.998001,359.997009,-71.000000,-354.000000,1627.000000,-54.000000,267.000000,-137.000000
511,1743675110260870,178.000000,-130.000000,135.000000,178.000000,128.000000,360.000000,178.001007,-129.996994,135.001007,177.996994,127.998001,359.997009,-69.000000,-362.000000,1626.000000,-58.000000,255.000000,-121.000000
511,1743675110265249,178.000000,-130.000000,135.000000,178.000000,128.000000,360.000000,178.001007,-129.996994,135.001999,177.998993,127.997002,359.997986,-73.000000,-370.000000,1619.000000,-57.000000,263.000000,-131.000000
511,1743675110270729,178.000000,-130.000000,135.000000,178.000000,128.000000,360.000000,178.000000,-129.996994,135.001999,177.996994,127.997002,359.997009,-71.000000,-370.000000,1621.000000,-53.000000,262.000000,-129.000000
511,1743675110275136,178.000000,-130.000000,135.000000,178.000000,128.000000,360.000000,177.998993,-129.994995,135.001999,177.996994,127.998001,359.997009,-70.000000,-376.000000,1621.000000,-60.000000,259.000000,-129.000000
511,1743675110280649,178.000000,-130.000000,135.000000,178.000000,128.000000,360.000000,178.000000,-129.994995,135.001999,177.998993,127.996002,359.997986,-68.000000,-381.000000,1607.000000,-57.000000,264.000000,-125.000000
511,1743675110285043,178.000000,-130.000000,135.000000,178.000000,128.000000,360.000000,178.001007,-129.996994,135.001007,177.996994,127.997002,359.998993,-74.000000,-384.000000,1584.000000,-57.000000,265.000000,-137.000000
511,1743675110290501,178.000000,-130.000000,135.000000,178.000000,128.000000,360.000000,178.001007,-129.996994,135.001999,177.996994,127.996002,359.997986,-67.000000,-378.000000,1607.000000,-63.000000,264.000000,-139.000000
511,1743675110294890,178.000000,-130.000000,135.000000,178.000000,128.000000,360.000000,178.001007,-129.996994,135.001007,177.996994,127.996002,359.997009,-69.000000,-380.000000,1618.000000,-56.000000,282.000000,-131.000000
511,1743675110300419,178.000000,-130.000000,135.000000,178.000000,128.000000,360.000000,178.000000,-129.996994,135.001999,177.996994,127.997002,359.994995,-65.000000,-378.000000,1607.000000,-60.000000,278.000000,-141.000000
511,1743675110304793,178.000000,-130.000000,135.000000,178.000000,128.000000,360.000000,178.000000,-129.994995,135.001007,177.996994,127.997002,359.997986,-71.000000,-370.000000,1612.000000,-59.000000,265.000000,-123.000000
511,1743675110310309,178.000000,-130.000000,135.000000,178.000000,128.000000,360.000000,178.000000,-129.996994,135.005005,177.996994,127.997002,359.997009,-69.000000,-379.000000,1611.000000,-57.000000,261.000000,-135.000000
511,1743675110314730,178.000000,-130.000000,135.000000,178.000000,128.000000,360.000000,178.000000,-129.996994,135.001999,177.998993,127.997002,359.997986,-71.000000,-384.000000,1604.000000,-59.000000,269.000000,-130.000000
511,1743675110320172,178.000000,-130.000000,135.000000,178.000000,128.000000,360.000000,178.001007,-129.996994,135.001007,177.998993,127.997002,359.997009,-71.000000,-388.000000,1600.000000,-60.000000,266.000000,-127.000000
511,1743675110325627,178.000000,-130.000000,135.000000,178.000000,128.000000,360.000000,178.001007,-129.996994,135.001007,177.996994,127.998001,359.997986,-74.000000,-386.000000,1604.000000,-64.000000,265.000000,-135.000000
511,1743675110329992,178.000000,-130.000000,135.000000,178.000000,128.000000,360.000000,178.000000,-129.996994,135.001007,177.998993,127.997002,359.994995,-64.000000,-384.000000,1600.000000,-61.000000,262.000000,-124.000000
511,1743675110335451,178.000000,-130.000000,135.000000,178.000000,128.000000,360.000000,178.001007,-129.998001,135.001999,177.996994,127.997002,359.997009,-57.000000,-386.000000,1600.000000,-53.000000,264.000000,-145.000000
511,1743675110339847,178.000000,-130.000000,135.000000,178.000000,128.000000,360.000000,178.000000,-129.996994,135.001999,177.996994,127.997002,359.997009,-57.000000,-386.000000,1598.000000,-57.000000,252.000000,-139.000000
511,1743675110345414,178.000000,-130.000000,135.000000,178.000000,128.000000,360.000000,178.000000,-129.996994,135.001999,177.998993,127.998001,359.997009,-60.000000,-389.000000,1589.000000,-58.000000,264.000000,-138.000000
511,1743675110349794,178.000000,-130.000000,135.000000,178.000000,128.000000,360.000000,178.000000,-129.996994,135.001999,177.998993,127.997002,359.997986,-67.000000,-391.000000,1587.000000,-60.000000,267.000000,-139.000000
511,1743675110355334,178.000000,-130.000000,135.000000,178.000000,128.000000,360.000000,178.000000,-129.996994,135.001999,177.998993,127.997002,359.997986,-67.000000,-391.000000,1587.000000,-60.000000,267.000000,-139.000000
511,1743675110360825,178.000000,-130.000000,135.000000,178.000000,128.000000,360.000000,178.001007,-129.996994,135.001007,177.998993,127.998001,359.997986,-53.000000,-393.000000,1591.000000,-57.000000,256.000000,-119.000000
511,1743675110365249,178.000000,-130.000000,135.000000,178.000000,128.000000,360.000000,178.001007,-129.998001,135.001999,177.996994,127.997002,359.997986,-57.000000,-400.000000,1601.000000,-61.000000,258.000000,-132.000000
511,1743675110370796,178.000000,-130.000000,135.000000,178.000000,128.000000,360.000000,178.001007,-129.998001,135.001999,177.996994,127.997002,359.997986,-57.000000,-400.000000,1601.000000,-61.000000,258.000000,-132.000000
511,1743675110375217,178.000000,-130.000000,135.000000,178.000000,128.000000,360.000000,178.000000,-129.996994,135.001007,177.998993,127.998001,359.997986,-57.000000,-401.000000,1593.000000,-57.000000,272.000000,-122.000000
511,1743675110380693,178.000000,-130.000000,135.000000,178.000000,128.000000,360.000000,178.000000,-129.998001,135.001999,177.996994,127.998001,359.997986,-47.000000,-393.000000,1579.000000,-59.000000,262.000000,-143.000000
511,1743675110385149,178.000000,-130.000000,135.000000,178.000000,128.000000,360.000000,178.001007,-129.996994,135.001999,177.996994,127.997002,359.997009,-51.000000,-394.000000,1600.000000,-57.000000,262.000000,-119.000000
511,1743675110390623,178.000000,-130.000000,135.000000,178.000000,128.000000,360.000000,178.000000,-129.998001,135.001999,177.998993,127.998001,359.997986,-55.000000,-393.000000,1605.000000,-57.000000,260.000000,-133.000000
511,1743675110395057,178.000000,-130.000000,135.000000,178.000000,128.000000,360.000000,178.000000,-129.996994,135.001007,177.998993,127.997002,359.997986,-48.000000,-392.000000,1576.000000,-61.000000,261.000000,-142.000000
511,1743675110400619,178.000000,-130.000000,135.000000,178.000000,128.000000,360.000000,178.000000,-129.998001,135.001999,177.998993,127.997002,359.997986,-49.000000,-392.000000,1597.000000,-61.000000,260.000000,-126.000000
511,1743675110405028,178.000000,-130.000000,135.000000,178.000000,128.000000,360.000000,178.001007,-129.996994,135.001007,177.996994,127.997002,359.998993,-57.000000,-392.000000,1591.000000,-51.000000,263.000000,-124.000000
511,1743675110410535,178.000000,-130.000000,135.000000,178.000000,128.000000,360.000000,177.998993,-129.998001,135.001007,177.996994,127.997002,359.997986,-53.000000,-392.000000,1590.000000,-55.000000,256.000000,-136.000000
511,1743675110415012,178.000000,-130.000000,135.000000,178.000000,128.000000,360.000000,178.000000,-129.998001,135.001999,177.998993,127.998001,359.997986,-52.000000,-389.000000,1591.000000,-55.000000,264.000000,-123.000000
511,1743675110420539,178.000000,-130.000000,135.000000,178.000000,128.000000,360.000000,177.998993,-129.996994,135.001999,177.996994,127.998001,359.997009,-48.000000,-408.000000,1587.000000,-54.000000,264.000000,-132.000000
511,1743675110424946,178.000000,-130.000000,135.000000,178.000000,128.000000,360.000000,178.003006,-129.998001,135.001999,177.998993,127.997002,359.997986,-56.000000,-393.000000,1589.000000,-54.000000,261.000000,-123.000000
511,1743675110430446,178.000000,-130.000000,135.000000,178.000000,128.000000,360.000000,178.000000,-129.994995,135.001007,177.996994,127.998001,359.997986,-52.000000,-392.000000,1574.000000,-58.000000,260.000000,-136.000000
511,1743675110434824,178.000000,-130.000000,135.000000,178.000000,128.000000,360.000000,178.001007,-129.994995,135.001007,177.996994,127.998001,359.997986,-56.000000,-398.000000,1602.000000,-55.000000,264.000000,-126.000000
511,1743675110440311,178.000000,-130.000000,135.000000,178.000000,128.000000,360.000000,178.001007,-129.996994,135.001999,177.996994,127.998001,359.997009,-53.000000,-405.000000,1584.000000,-54.000000,266.000000,-138.000000
511,1743675110445860,178.000000,-130.000000,135.000000,178.000000,128.000000,360.000000,178.000000,-129.996994,135.001999,177.996994,127.997002,359.997986,-54.000000,-400.000000,1573.000000,-59.000000,264.000000,-136.000000
511,1743675110450400,178.000000,-130.000000,135.000000,178.000000,128.000000,360.000000,178.001007,-129.996994,135.001007,177.998993,127.997002,359.997986,-58.000000,-399.000000,1586.000000,-54.000000,266.000000,-139.000000
511,1743675110454795,178.000000,-130.000000,135.000000,178.000000,128.000000,360.000000,178.000000,-129.996994,135.001999,177.998993,127.998001,359.997009,-61.000000,-400.000000,1590.000000,-57.000000,267.000000,-127.000000
511,1743675110460376,178.000000,-130.000000,135.000000,178.000000,128.000000,360.000000,178.001007,-129.996994,135.005005,177.998993,127.997002,359.998993,-62.000000,-392.000000,1579.000000,-52.000000,264.000000,-131.000000
511,1743675110464781,178.000000,-130.000000,135.000000,178.000000,128.000000,360.000000,178.000000,-129.996994,135.001007,177.998993,127.998001,359.997009,-67.000000,-400.000000,1557.000000,-54.000000,265.000000,-133.000000
511,1743675110470317,178.000000,-130.000000,135.000000,178.000000,128.000000,360.000000,178.000000,-129.998001,135.001999,177.998993,127.997002,359.997986,-67.000000,-411.000000,1606.000000,-57.000000,263.000000,-113.000000
511,1743675110474731,178.000000,-130.000000,135.000000,178.000000,128.000000,360.000000,178.001007,-129.996994,135.001007,177.998993,127.997002,359.997986,-65.000000,-403.000000,1554.000000,-55.000000,258.000000,-143.000000
511,1743675110480222,178.000000,-130.000000,135.000000,178.000000,128.000000,360.000000,178.001007,-129.996994,135.001999,177.996994,127.997002,359.997986,-72.000000,-403.000000,1588.000000,-57.000000,264.000000,-124.000000
511,1743675110485769,178.000000,-130.000000,135.000000,178.000000,128.000000,360.000000,178.000000,-129.996994,135.005005,177.998993,127.998001,359.997986,-67.000000,-404.000000,1589.000000,-57.000000,261.000000,-104.000000
511,1743675110490192,178.000000,-130.000000,135.000000,178.000000,128.000000,360.000000,178.001007,-129.996994,135.001999,177.996994,127.997002,359.997986,-68.000000,-403.000000,1589.000000,-56.000000,260.000000,-118.000000
511,1743675110495660,178.000000,-130.000000,135.000000,178.000000,128.000000,360.000000,178.001007,-129.996994,135.001007,177.996994,127.998001,359.997986,-68.000000,-403.000000,1603.000000,-60.000000,261.000000,-122.000000
511,1743675110500031,178.000000,-130.000000,135.000000,178.000000,128.000000,360.000000,178.000000,-129.998001,135.001007,177.998993,127.998001,359.997009,-71.000000,-406.000000,1568.000000,-56.000000,268.000000,-117.000000
511,1743675110505587,178.000000,-130.000000,135.000000,178.000000,128.000000,360.000000,178.001007,-129.996994,135.001999,177.998993,127.998001,359.997009,-69.000000,-407.000000,1587.000000,-57.000000,264.000000,-130.000000
511,1743675110510012,178.000000,-130.000000,135.000000,178.000000,128.000000,360.000000,178.001007,-129.998001,135.001999,177.996994,127.997002,359.997009,-67.000000,-409.000000,1581.000000,-55.000000,263.000000,-127.000000
511,1743675110515516,178.000000,-130.000000,135.000000,178.000000,128.000000,360.000000,178.001007,-129.998001,135.001999,177.996994,127.997002,359.997009,-69.000000,-403.000000,1585.000000,-52.000000,262.000000,-144.000000
511,1743675110521043,178.000000,-130.000000,135.000000,178.000000,128.000000,360.000000,178.000000,-129.998001,135.001999,177.998993,127.997002,359.997986,-70.000000,-416.000000,1584.000000,-54.000000,267.000000,-122.000000
511,1743675110525480,178.000000,-130.000000,135.000000,178.000000,128.000000,360.000000,178.000000,-129.998001,135.001007,177.996994,127.996002,359.997986,-77.000000,-404.000000,1589.000000,-53.000000,267.000000,-148.000000
511,1743675110530928,178.000000,-130.000000,135.000000,178.000000,128.000000,360.000000,178.001007,-129.996994,135.001999,177.998993,127.998001,359.997009,-70.000000,-409.000000,1562.000000,-57.000000,267.000000,-136.000000
511,1743675110535357,178.000000,-130.000000,135.000000,178.000000,128.000000,360.000000,178.000000,-129.996994,135.001999,177.998993,127.998001,359.997986,-66.000000,-405.000000,1575.000000,-56.000000,268.000000,-135.000000
511,1743675110540887,178.000000,-130.000000,135.000000,178.000000,128.000000,360.000000,178.000000,-129.996994,135.001999,177.998993,127.997002,359.998993,-68.000000,-408.000000,1577.000000,-54.000000,269.000000,-127.000000
511,1743675110545396,178.000000,-130.000000,135.000000,178.000000,128.000000,360.000000,178.001007,-129.996994,135.005005,177.996994,127.997002,359.997986,-69.000000,-406.000000,1571.000000,-55.000000,265.000000,-131.000000
511,1743675110550827,178.000000,-130.000000,135.000000,178.000000,128.000000,360.000000,178.000000,-129.996994,135.001007,177.998993,127.997002,359.997009,-74.000000,-411.000000,1550.000000,-54.000000,268.000000,-112.000000
511,1743675110555221,178.000000,-130.000000,135.000000,178.000000,128.000000,360.000000,178.000000,-129.998001,135.001007,177.996994,127.998001,359.997009,-70.000000,-407.000000,1568.000000,-62.000000,267.000000,-127.000000
511,1743675110560706,178.000000,-130.000000,135.000000,178.000000,128.000000,360.000000,178.000000,-129.998001,135.001007,177.996994,127.998001,359.997009,-70.000000,-407.000000,1568.000000,-62.000000,267.000000,-127.000000
511,1743675110565058,178.000000,-130.000000,135.000000,178.000000,128.000000,360.000000,178.001007,-129.996994,135.005005,177.996994,127.998001,359.997986,-70.000000,-408.000000,1570.000000,-55.000000,269.000000,-130.000000
511,1743675110570532,178.000000,-130.000000,135.000000,178.000000,128.000000,360.000000,178.001007,-129.996994,135.005005,177.996994,127.998001,359.997986,-70.000000,-408.000000,1570.000000,-55.000000,269.000000,-130.000000
511,1743675110574943,178.000000,-130.000000,135.000000,178.000000,128.000000,360.000000,178.001007,-129.998001,135.001999,177.998993,127.997002,359.997009,-70.000000,-405.000000,1562.000000,-66.000000,262.000000,-119.000000
511,1743675110580476,178.000000,-130.000000,135.000000,178.000000,128.000000,360.000000,178.001007,-129.996994,135.001007,177.996994,128.000000,359.997009,-70.000000,-401.000000,1570.000000,-55.000000,275.000000,-131.000000
511,1743675110584800,178.000000,-130.000000,135.000000,178.000000,128.000000,360.000000,178.001007,-129.996994,135.001999,177.996994,127.997002,359.997009,-75.000000,-395.000000,1575.000000,-56.000000,263.000000,-117.000000
511,1743675110590214,178.000000,-130.000000,135.000000,178.000000,128.000000,360.000000,178.000000,-129.996994,135.001999,177.996994,127.997002,359.997986,-63.000000,-402.000000,1554.000000,-58.000000,270.000000,-130.000000
511,1743675110595620,178.000000,-130.000000,135.000000,178.000000,128.000000,360.000000,178.001007,-129.998993,135.001007,177.996994,127.998001,359.998993,-78.000000,-418.000000,1562.000000,-58.000000,264.000000,-136.000000
511,1743675110600024,178.000000,-130.000000,135.000000,178.000000,128.000000,360.000000,178.001007,-129.996994,135.001999,177.996994,127.998001,359.997986,-62.000000,-410.000000,1557.000000,-59.000000,272.000000,-131.000000
511,1743675110605524,178.000000,-130.000000,135.000000,178.000000,128.000000,360.000000,178.000000,-129.996994,135.001007,177.998993,127.997002,359.997986,-74.000000,-411.000000,1562.000000,-53.000000,268.000000,-131.000000
511,1743675110611009,178.000000,-130.000000,135.000000,178.000000,128.000000,360.000000,178.000000,-129.996994,135.001007,177.996994,127.997002,359.997009,-66.000000,-410.000000,1551.000000,-59.000000,266.000000,-122.000000
511,1743675110615459,178.000000,-130.000000,135.000000,178.000000,128.000000,360.000000,178.000000,-129.996994,135.001999,177.996994,127.997002,359.997009,-67.000000,-417.000000,1563.000000,-52.000000,267.000000,-120.000000
511,1743675110620944,178.000000,-130.000000,135.000000,178.000000,128.000000,360.000000,178.000000,-129.998001,135.001999,177.996994,127.998001,359.997009,-56.000000,-415.000000,1562.000000,-54.000000,268.000000,-125.000000
511,1743675110625331,178.000000,-130.000000,135.000000,178.000000,128.000000,360.000000,178.000000,-129.996994,135.001999,177.996994,127.997002,359.997009,-60.000000,-414.000000,1554.000000,-57.000000,270.000000,-128.000000
511,1743675110630834,178.000000,-130.000000,135.000000,178.000000,128.000000,360.000000,177.998993,-129.998001,135.001007,177.996994,127.998001,359.997986,-61.000000,-421.000000,1574.000000,-59.000000,259.000000,-133.000000
511,1743675110635284,178.000000,-130.000000,135.000000,178.000000,128.000000,360.000000,178.000000,-129.996994,135.001007,177.996994,127.997002,359.997009,-58.000000,-423.000000,1549.000000,-57.000000,272.000000,-132.000000
511,1743675110640726,178.000000,-130.000000,135.000000,178.000000,128.000000,360.000000,178.001007,-129.996994,135.001007,177.998993,127.998001,359.997986,-62.000000,-423.000000,1563.000000,-60.000000,262.000000,-108.000000
511,1743675110645070,178.000000,-130.000000,135.000000,178.000000,128.000000,360.000000,178.001007,-129.996994,135.001999,177.996994,127.997002,359.997009,-53.000000,-424.000000,1546.000000,-55.000000,270.000000,-150.000000
511,1743675110650566,178.000000,-130.000000,135.000000,178.000000,128.000000,360.000000,178.000000,-129.998993,135.005005,177.998993,127.998001,359.997986,-54.000000,-417.000000,1564.000000,-58.000000,263.000000,-106.000000
511,1743675110654938,178.000000,-130.000000,135.000000,178.000000,128.000000,360.000000,178.001007,-129.996994,135.001007,177.998993,127.997002,359.997986,-60.000000,-417.000000,1550.000000,-55.000000,259.000000,-136.000000
511,1743675110660606,178.000000,-130.000000,135.000000,178.000000,128.000000,360.000000,178.001007,-129.998001,135.001999,177.998993,127.998001,359.997009,-54.000000,-420.000000,1557.000000,-64.000000,266.000000,-118.000000
511,1743675110664932,178.000000,-130.000000,135.000000,178.000000,128.000000,360.000000,178.000000,-129.996994,135.001999,177.998993,127.998001,359.997009,-49.000000,-434.000000,1552.000000,-61.000000,263.000000,-125.000000
511,1743675110670433,178.000000,-130.000000,135.000000,178.000000,128.000000,360.000000,178.000000,-129.998001,135.001999,177.998993,127.998001,359.997986,-45.000000,-427.000000,1554.000000,-61.000000,262.000000,-124.000000
511,1743675110674854,178.000000,-130.000000,135.000000,178.000000,128.000000,360.000000,178.001007,-129.996994,135.001999,177.998993,128.000000,359.997986,-51.000000,-430.000000,1570.000000,-57.000000,271.000000,-125.000000
511,1743675110680339,178.000000,-130.000000,135.000000,178.000000,128.000000,360.000000,178.001007,-129.996994,135.001999,178.000000,127.998001,359.997009,-44.000000,-431.000000,1551.000000,-61.000000,252.000000,-123.000000
511,1743675110685826,178.000000,-130.000000,135.000000,178.000000,128.000000,360.000000,178.000000,-129.996994,135.001999,177.998993,127.998001,359.998993,-46.000000,-431.000000,1548.000000,-56.000000,260.000000,-122.000000
511,1743675110690238,178.000000,-130.000000,135.000000,178.000000,128.000000,360.000000,178.001007,-129.996994,135.001007,177.996994,127.997002,359.997986,-43.000000,-432.000000,1542.000000,-60.000000,271.000000,-139.000000
511,1743675110695658,178.000000,-130.000000,135.000000,178.000000,128.000000,360.000000,178.003006,-129.996994,135.001999,177.998993,127.997002,359.997009,-58.000000,-442.000000,1554.000000,-62.000000,265.000000,-118.000000
511,1743675110701185,178.000000,-130.000000,135.000000,178.000000,128.000000,360.000000,178.001007,-129.998001,135.001007,178.000000,127.998001,359.997986,-54.000000,-438.000000,1556.000000,-54.000000,260.000000,-120.000000
511,1743675110705615,178.000000,-130.000000,135.000000,178.000000,128.000000,360.000000,178.000000,-129.998001,135.001999,177.998993,127.997002,359.998993,-48.000000,-442.000000,1545.000000,-60.000000,261.000000,-125.000000
511,1743675110709995,178.000000,-130.000000,135.000000,178.000000,128.000000,360.000000,178.000000,-129.998001,135.001999,177.998993,127.998001,359.997009,-54.000000,-441.000000,1545.000000,-57.000000,265.000000,-98.000000
511,1743675110715538,178.000000,-130.000000,135.000000,178.000000,128.000000,360.000000,177.998993,-129.996994,135.001007,177.998993,127.997002,359.997986,-52.000000,-441.000000,1558.000000,-56.000000,264.000000,-140.000000
511,1743675110719957,178.000000,-130.000000,135.000000,178.000000,128.000000,360.000000,178.000000,-129.996994,134.998993,177.998993,127.997002,359.997009,-55.000000,-440.000000,1538.000000,-58.000000,267.000000,-127.000000
511,1743675110725497,178.000000,-130.000000,135.000000,178.000000,128.000000,360.000000,178.003006,-129.996994,135.001007,178.000000,127.998001,359.997986,-53.000000,-444.000000,1550.000000,-57.000000,263.000000,-140.000000
511,1743675110729933,178.000000,-130.000000,135.000000,178.000000,128.000000,360.000000,178.000000,-129.996994,135.001007,177.998993,127.997002,359.997009,-50.000000,-437.000000,1556.000000,-60.000000,261.000000,-113.000000
511,1743675110735443,178.000000,-130.000000,135.000000,178.000000,128.000000,360.000000,178.001007,-129.996994,135.001999,177.998993,127.998001,359.997986,-52.000000,-438.000000,1522.000000,-59.000000,266.000000,-123.000000
511,1743675110740926,178.000000,-130.000000,135.000000,178.000000,128.000000,360.000000,178.000000,-129.996994,135.001999,177.998993,127.998001,359.997009,-54.000000,-442.000000,1550.000000,-59.000000,263.000000,-121.000000
511,1743675110745337,178.000000,-130.000000,135.000000,178.000000,128.000000,360.000000,178.000000,-129.996994,135.001999,177.998993,127.998001,359.997009,-54.000000,-442.000000,1550.000000,-59.000000,263.000000,-121.000000
511,1743675110750837,178.000000,-130.000000,135.000000,178.000000,128.000000,360.000000,178.001007,-129.996994,135.001007,177.998993,127.997002,359.997009,-54.000000,-445.000000,1530.000000,-55.000000,264.000000,-135.000000
511,1743675110755288,178.000000,-130.000000,135.000000,178.000000,128.000000,360.000000,178.001007,-129.996994,135.001007,177.998993,127.997002,359.997009,-54.000000,-445.000000,1530.000000,-55.000000,264.000000,-135.000000
511,1743675110760801,178.000000,-130.000000,135.000000,178.000000,128.000000,360.000000,178.000000,-129.998001,135.001999,177.998993,127.998001,359.997009,-63.000000,-438.000000,1549.000000,-58.000000,266.000000,-126.000000
511,1743675110765226,178.000000,-130.000000,135.000000,178.000000,128.000000,360.000000,178.001007,-129.998001,135.001999,177.998993,127.997002,359.997986,-60.000000,-441.000000,1539.000000,-57.000000,266.000000,-116.000000
511,1743675110770775,178.000000,-130.000000,135.000000,178.000000,128.000000,360.000000,178.001007,-129.998001,135.001999,177.998993,127.998001,359.997986,-53.000000,-441.000000,1537.000000,-59.000000,263.000000,-143.000000
511,1743675110775203,178.000000,-130.000000,135.000000,178.000000,128.000000,360.000000,178.001007,-129.998001,135.001999,177.996994,127.998001,359.997009,-56.000000,-432.000000,1528.000000,-57.000000,263.000000,-123.000000
511,1743675110780699,178.000000,-130.000000,135.000000,178.000000,128.000000,360.000000,178.001007,-129.996994,135.001007,177.998993,127.998001,359.997986,-60.000000,-438.000000,1538.000000,-56.000000,261.000000,-106.000000
511,1743675110785165,178.000000,-130.000000,135.000000,178.000000,128.000000,360.000000,178.000000,-129.996994,135.001999,177.998993,127.998001,359.997009,-52.000000,-452.000000,1539.000000,-60.000000,264.000000,-110.000000
511,1743675110790629,178.000000,-130.000000,135.000000,178.000000,128.000000,360.000000,178.000000,-129.996994,135.001007,177.998993,128.000000,359.997986,-53.000000,-451.000000,1522.000000,-58.000000,262.000000,-115.000000
511,1743675110795040,178.000000,-130.000000,135.000000,178.000000,128.000000,360.000000,178.001007,-129.998001,135.001999,177.996994,127.998001,359.997986,-54.000000,-449.000000,1534.000000,-58.000000,262.000000,-120.000000
511,1743675110800684,178.000000,-130.000000,135.000000,178.000000,128.000000,360.000000,178.000000,-129.996994,135.001007,177.998993,127.998001,359.997009,-54.000000,-447.000000,1526.000000,-57.000000,258.000000,-129.000000
511,1743675110805047,178.000000,-130.000000,135.000000,178.000000,128.000000,360.000000,178.000000,-129.996994,135.001007,177.998993,127.998001,359.997009,-55.000000,-443.000000,1518.000000,-61.000000,265.000000,-126.000000
511,1743675110810455,178.000000,-130.000000,135.000000,178.000000,128.000000,360.000000,178.000000,-129.996994,135.001999,177.998993,127.998001,359.997986,-48.000000,-437.000000,1523.000000,-60.000000,266.000000,-103.000000
511,1743675110814842,178.000000,-130.000000,135.000000,178.000000,128.000000,360.000000,178.000000,-129.996994,135.001007,177.998993,127.997002,359.997009,-51.000000,-436.000000,1526.000000,-54.000000,258.000000,-105.000000
511,1743675110820383,178.000000,-130.000000,135.000000,178.000000,128.000000,360.000000,178.003006,-129.996994,134.998993,177.998993,127.998001,359.997986,-53.000000,-434.000000,1522.000000,-59.000000,266.000000,-90.000000
511,1743675110824798,178.000000,-130.000000,135.000000,178.000000,128.000000,360.000000,178.001007,-129.998001,135.001007,177.998993,127.997002,359.997986,-53.000000,-438.000000,1531.000000,-58.000000,257.000000,-116.000000
511,1743675110830301,178.000000,-130.000000,135.000000,178.000000,128.000000,360.000000,178.000000,-129.998001,135.001999,177.998993,127.998001,359.998993,-52.000000,-434.000000,1533.000000,-57.000000,264.000000,-104.000000
511,1743675110835791,178.000000,-130.000000,135.000000,178.000000,128.000000,360.000000,178.001007,-129.996994,135.001999,177.998993,127.998001,359.997009,-65.000000,-439.000000,1508.000000,-59.000000,267.000000,-106.000000
511,1743675110840118,178.000000,-130.000000,135.000000,178.000000,128.000000,360.000000,178.000000,-129.996994,135.001999,177.996994,127.998001,359.997009,-56.000000,-441.000000,1521.000000,-59.000000,267.000000,-92.000000
511,1743675110845668,178.000000,-130.000000,135.000000,178.000000,128.000000,360.000000,178.000000,-129.996994,135.001007,177.998993,127.997002,359.997986,-62.000000,-435.000000,1531.000000,-58.000000,257.000000,-121.000000
511,1743675110850131,178.000000,-130.000000,135.000000,178.000000,128.000000,360.000000,178.003006,-129.994995,135.001007,177.998993,127.998001,359.997986,-63.000000,-436.000000,1518.000000,-57.000000,265.000000,-104.000000
511,1743675110855600,178.000000,-130.000000,135.000000,178.000000,128.000000,360.000000,178.000000,-129.996994,135.001999,177.998993,127.997002,359.997986,-64.000000,-449.000000,1523.000000,-57.000000,264.000000,-119.000000
511,1743675110860061,178.000000,-130.000000,135.000000,178.000000,128.000000,360.000000,178.000000,-129.996994,135.001007,177.998993,127.998001,359.997986,-70.000000,-441.000000,1521.000000,-59.000000,263.000000,-118.000000
511,1743675110865560,178.000000,-130.000000,135.000000,178.000000,128.000000,360.000000,178.000000,-129.998001,135.001999,177.998993,127.998001,359.997986,-65.000000,-440.000000,1518.000000,-58.000000,258.000000,-115.000000
511,1743675110869932,178.000000,-130.000000,135.000000,178.000000,128.000000,360.000000,178.000000,-129.996994,135.001999,177.998993,127.997002,359.997009,-65.000000,-448.000000,1518.000000,-60.000000,253.000000,-153.000000
511,1743675110875468,178.000000,-130.000000,135.000000,178.000000,128.000000,360.000000,178.001007,-129.994995,135.001999,177.998993,127.998001,359.997009,-66.000000,-438.000000,1515.000000,-55.000000,258.000000,-105.000000
511,1743675110880940,178.000000,-130.000000,135.000000,178.000000,128.000000,360.000000,178.000000,-129.996994,135.001007,178.000000,127.997002,359.997009,-66.000000,-441.000000,1538.000000,-60.000000,262.000000,-117.000000
511,1743675110885374,178.000000,-130.000000,135.000000,178.000000,128.000000,360.000000,178.000000,-129.996994,135.001999,177.996994,127.998001,359.997986,-65.000000,-439.000000,1521.000000,-58.000000,257.000000,-120.000000
511,1743675110890859,178.000000,-130.000000,135.000000,178.000000,128.000000,360.000000,177.998993,-129.998001,135.001007,177.998993,127.997002,359.997009,-72.000000,-443.000000,1508.000000,-54.000000,266.000000,-94.000000
511,1743675110895293,178.000000,-130.000000,135.000000,178.000000,128.000000,360.000000,178.000000,-129.998001,135.001007,177.998993,127.998001,359.997986,-68.000000,-442.000000,1528.000000,-57.000000,261.000000,-118.000000
511,1743675110900782,178.000000,-130.000000,135.000000,178.000000,128.000000,360.000000,178.000000,-129.996994,134.998993,177.998993,127.998001,359.997986,-70.000000,-443.000000,1536.000000,-53.000000,253.000000,-128.000000
511,1743675110905197,178.000000,-130.000000,135.000000,178.000000,128.000000,360.000000,178.001007,-129.996994,135.005005,177.998993,127.997002,359.998993,-73.000000,-442.000000,1524.000000,-56.000000,264.000000,-125.000000
511,1743675110910771,178.000000,-130.000000,135.000000,178.000000,128.000000,360.000000,178.001007,-129.996994,135.001999,177.998993,127.997002,359.997986,-80.000000,-443.000000,1520.000000,-61.000000,259.000000,-113.000000
511,1743675110915194,178.000000,-130.000000,135.000000,178.000000,128.000000,360.000000,178.000000,-129.996994,135.001999,177.998993,127.998001,359.997986,-79.000000,-441.000000,1512.000000,-55.000000,260.000000,-125.000000
511,1743675110920709,178.000000,-130.000000,135.000000,178.000000,128.000000,360.000000,178.000000,-129.996994,135.001999,177.998993,127.997002,359.997986,-70.000000,-442.000000,1523.000000,-57.000000,264.000000,-111.000000
511,1743675110925134,178.000000,-130.000000,135.000000,178.000000,128.000000,360.000000,178.001007,-129.996994,135.001007,177.998993,127.998001,359.997986,-60.000000,-438.000000,1521.000000,-57.000000,259.000000,-134.000000
511,1743675110930627,178.000000,-130.000000,135.000000,178.000000,128.000000,360.000000,178.001007,-129.996994,135.001007,177.998993,127.998001,359.997986,-60.000000,-438.000000,1521.000000,-57.000000,259.000000,-134.000000
511,1743675110935036,178.000000,-130.000000,135.000000,178.000000,128.000000,360.000000,178.001007,-129.996994,135.001999,178.000000,127.998001,359.997986,-75.000000,-442.000000,1514.000000,-57.000000,259.000000,-141.000000
511,1743675110940515,178.000000,-130.000000,135.000000,178.000000,128.000000,360.000000,178.000000,-129.998001,135.001007,177.996994,127.998001,359.997009,-69.000000,-441.000000,1518.000000,-55.000000,250.000000,-113.000000
511,1743675110944914,178.000000,-130.000000,135.000000,178.000000,128.000000,360.000000,178.000000,-129.998001,135.001007,177.996994,127.998001,359.997009,-69.000000,-441.000000,1518.000000,-55.000000,250.000000,-113.000000
511,1743675110950428,178.000000,-130.000000,135.000000,178.000000,128.000000,360.000000,178.001007,-129.998001,135.001999,178.000000,127.998001,359.997009,-73.000000,-447.000000,1506.000000,-59.000000,253.000000,-119.000000
511,1743675110954841,178.000000,-130.000000,135.000000,178.000000,128.000000,360.000000,178.001007,-129.996994,135.001007,177.998993,127.997002,359.997009,-74.000000,-443.000000,1516.000000,-53.000000,267.000000,-112.000000
511,1743675110960309,178.000000,-130.000000,135.000000,178.000000,128.000000,360.000000,178.000000,-129.996994,135.001999,177.998993,127.997002,359.997986,-76.000000,-443.000000,1511.000000,-58.000000,252.000000,-122.000000
511,1743675110965727,178.000000,-130.000000,135.000000,178.000000,128.000000,360.000000,178.000000,-129.996994,135.001007,177.998993,127.997002,359.998993,-74.000000,-439.000000,1511.000000,-61.000000,263.000000,-121.000000
511,1743675110970180,178.000000,-130.000000,135.000000,178.000000,128.000000,360.000000,178.001007,-129.996994,135.001007,177.998993,127.998001,359.997986,-76.000000,-441.000000,1519.000000,-59.000000,268.000000,-121.000000
511,1743675110975689,178.000000,-130.000000,135.000000,178.000000,128.000000,360.000000,178.000000,-129.996994,135.001999,178.000000,127.997002,359.997986,-77.000000,-442.000000,1509.000000,-57.000000,258.000000,-115.000000
511,1743675110980110,178.000000,-130.000000,135.000000,178.000000,128.000000,360.000000,178.001007,-129.998001,135.001999,177.998993,127.997002,359.994995,-80.000000,-447.000000,1524.000000,-57.000000,258.000000,-118.000000
511,1743675110985586,178.000000,-130.000000,135.000000,178.000000,128.000000,360.000000,178.001007,-129.998001,135.001999,177.996994,127.998001,359.997009,-81.000000,-442.000000,1521.000000,-57.000000,265.000000,-142.000000
511,1743675110990936,178.000000,-130.000000,135.000000,178.000000,128.000000,360.000000,178.000000,-129.996994,135.001007,177.998993,127.998001,359.997986,-80.000000,-437.000000,1509.000000,-58.000000,263.000000,-109.000000
511,1743675110995295,178.000000,-130.000000,135.000000,178.000000,128.000000,360.000000,178.000000,-129.996994,135.001999,177.998993,127.998001,359.997986,-71.000000,-451.000000,1496.000000,-63.000000,261.000000,-109.000000
511,1743675111000776,178.000000,-130.000000,135.000000,178.000000,128.000000,360.000000,178.000000,-129.998001,135.001999,177.998993,127.998001,360.001007,-78.000000,-451.000000,1484.000000,-61.000000,265.000000,-138.000000
511,1743675111005149,178.000000,-130.000000,135.000000,178.000000,128.000000,360.000000,178.000000,-129.996994,135.001999,177.998993,127.997002,359.997986,-75.000000,-443.000000,1524.000000,-57.000000,256.000000,-151.000000
511,1743675111010642,178.000000,-130.000000,135.000000,178.000000,128.000000,360.000000,178.001007,-129.996994,135.001999,177.998993,127.998001,359.998993,-77.000000,-450.000000,1517.000000,-61.000000,263.000000,-101.000000
511,1743675111015009,178.000000,-130.000000,135.000000,178.000000,128.000000,360.000000,178.001007,-129.998001,135.001999,177.998993,127.998001,359.997986,-76.000000,-446.000000,1517.000000,-56.000000,261.000000,-117.000000
511,1743675111020491,178.000000,-130.000000,135.000000,178.000000,128.000000,360.000000,178.000000,-129.996994,135.001007,177.998993,127.998001,359.997986,-77.000000,-449.000000,1502.000000,-63.000000,266.000000,-132.000000
511,1743675111024846,178.000000,-130.000000,135.000000,178.000000,128.000000,360.000000,178.000000,-129.996994,135.001999,177.996994,127.998001,359.997986,-77.000000,-442.000000,1515.000000,-58.000000,265.000000,-112.000000
511,1743675111030473,178.000000,-130.000000,135.000000,178.000000,128.000000,360.000000,178.000000,-129.998001,135.001999,177.998993,127.998001,359.997009,-81.000000,-443.000000,1494.000000,-58.000000,262.000000,-120.000000
