point_index,timestamp_us,plan_pos_0,plan_pos_1,plan_pos_2,plan_pos_3,plan_pos_4,plan_pos_5,actual_pos_0,actual_pos_1,actual_pos_2,actual_pos_3,actual_pos_4,actual_pos_5,current_0,current_1,current_2,current_3,current_4,current_5
1,1743679404376312,0.049471,-0.036138,0.037527,0.049471,0.035582,0.100027,0.107000,-0.026000,0.045000,0.022000,0.068000,0.159000,-166.000000,-936.000000,-2345.000000,129.000000,-473.000000,-89.000000
3,1743679404380771,0.049658,-0.036324,0.037713,0.049658,0.035769,0.100213,0.105000,-0.027000,0.044000,0.023000,0.067000,0.157000,-145.000000,-949.000000,-2341.000000,122.000000,-480.000000,-83.000000
5,1743679404386301,0.050164,-0.036831,0.038220,0.050164,0.036276,0.100720,0.105000,-0.027000,0.044000,0.022000,0.065000,0.159000,-157.000000,-973.000000,-2332.000000,128.000000,-452.000000,-88.000000
8,1743679404390766,0.051874,-0.038541,0.039930,0.051874,0.037986,0.102430,0.107000,-0.027000,0.042000,0.022000,0.064000,0.159000,-182.000000,-986.000000,-2335.000000,129.000000,-446.000000,-93.000000
10,1743679404395152,0.053881,-0.040548,0.041937,0.053881,0.039992,0.104437,0.105000,-0.026000,0.041000,0.023000,0.063000,0.156000,-161.000000,-1008.000000,-2330.000000,134.000000,-441.000000,-97.000000
12,1743679404400548,0.056768,-0.043434,0.044823,0.056768,0.042879,0.107323,0.104000,-0.026000,0.041000,0.022000,0.061000,0.156000,-172.000000,-1025.000000,-2327.000000,128.000000,-454.000000,-100.000000
15,1743679404405976,0.063098,-0.049764,0.051153,0.063098,0.049209,0.113653,0.105000,-0.024000,0.041000,0.022000,0.060000,0.156000,-158.000000,-1041.000000,-2349.000000,139.000000,-453.000000,-119.000000
17,1743679404410371,0.068884,-0.055551,0.056940,0.068884,0.054996,0.119440,0.105000,-0.024000,0.041000,0.022000,0.060000,0.156000,-158.000000,-1041.000000,-2349.000000,139.000000,-453.000000,-119.000000
19,1743679404415935,0.076111,-0.062778,0.064167,0.076111,0.062222,0.126667,0.104000,-0.024000,0.041000,0.022000,0.060000,0.157000,-188.000000,-1085.000000,-2343.000000,147.000000,-453.000000,-114.000000
21,1743679404420342,0.084938,-0.071604,0.072993,0.084938,0.071049,0.135493,0.103000,-0.024000,0.041000,0.022000,0.057000,0.157000,-187.000000,-1104.000000,-2355.000000,152.000000,-441.000000,-123.000000
24,1743679404425815,0.101528,-0.088194,0.089583,0.101528,0.087639,0.152083,0.103000,-0.024000,0.041000,0.022000,0.057000,0.157000,-187.000000,-1104.000000,-2355.000000,152.000000,-441.000000,-123.000000
26,1743679404431320,0.115054,-0.101721,0.103110,0.115054,0.101166,0.165610,0.100000,-0.026000,0.039000,0.020000,0.057000,0.153000,-184.000000,-1121.000000,-2359.000000,164.000000,-431.000000,-119.000000
28,1743679404435778,0.130741,-0.117408,0.118797,0.130741,0.116852,0.181297,0.101000,-0.026000,0.038000,0.022000,0.056000,0.156000,-171.000000,-1131.000000,-2305.000000,158.000000,-428.000000,-110.000000
31,1743679404441391,0.158671,-0.145338,0.146727,0.158671,0.144782,0.209227,0.100000,-0.027000,0.038000,0.022000,0.054000,0.156000,-72.000000,-1240.000000,-2157.000000,193.000000,-391.000000,-75.000000
33,1743679404445708,0.180458,-0.167124,0.168513,0.180458,0.166569,0.231013,0.098000,-0.028000,0.039000,0.022000,0.054000,0.155000,-19.000000,-1370.000000,-2037.000000,230.000000,-318.000000,-40.000000
36,1743679404451117,0.218288,-0.204954,0.206343,0.218288,0.204399,0.268843,0.100000,-0.026000,0.038000,0.022000,0.053000,0.157000,5.000000,-1451.000000,-1972.000000,249.000000,-290.000000,-17.000000
38,1743679404455499,0.247174,-0.233841,0.235230,0.247174,0.233286,0.297730,0.100000,-0.027000,0.039000,0.023000,0.054000,0.156000,48.000000,-1551.000000,-1860.000000,257.000000,-266.000000,-5.000000
41,1743679404461994,0.296404,-0.283071,0.284460,0.296404,0.282516,0.346960,0.101000,-0.027000,0.038000,0.023000,0.054000,0.156000,70.000000,-1598.000000,-1819.000000,281.000000,-259.000000,14.000000
43,1743679404467395,0.333391,-0.320058,0.321447,0.333391,0.319502,0.383947,0.104000,-0.027000,0.039000,0.024000,0.054000,0.155000,93.000000,-1682.000000,-1744.000000,254.000000,-251.000000,7.000000
46,1743679404472903,0.395521,-0.382188,0.383577,0.395521,0.381632,0.446077,0.105000,-0.026000,0.039000,0.030000,0.054000,0.155000,284.000000,-1901.000000,-1497.000000,337.000000,-179.000000,84.000000
48,1743679404477319,0.441608,-0.428274,0.429663,0.441608,0.427719,0.492163,0.111000,-0.027000,0.039000,0.035000,0.054000,0.162000,338.000000,-2102.000000,-1191.000000,351.000000,-92.000000,129.000000
50,1743679404482738,0.491614,-0.478281,0.479670,0.491614,0.477726,0.542170,0.127000,-0.031000,0.041000,0.053000,0.057000,0.166000,130.000000,-2212.000000,-845.000000,265.000000,-20.000000,206.000000
53,1743679404488156,0.574324,-0.560991,0.562380,0.574324,0.560436,0.624880,0.127000,-0.031000,0.041000,0.053000,0.057000,0.166000,130.000000,-2212.000000,-845.000000,265.000000,-20.000000,206.000000
55,1743679404493552,0.634831,-0.621498,0.622887,0.634831,0.620942,0.685387,0.135000,-0.035000,0.042000,0.065000,0.060000,0.173000,187.000000,-2276.000000,-680.000000,192.000000,6.000000,213.000000
58,1743679404498961,0.734041,-0.720708,0.722097,0.734041,0.720152,0.784597,0.141000,-0.038000,0.042000,0.075000,0.064000,0.178000,153.000000,-2301.000000,-624.000000,174.000000,9.000000,242.000000
60,1743679404503329,0.806048,-0.792714,0.794103,0.806048,0.792159,0.856603,0.163000,-0.053000,0.056000,0.108000,0.075000,0.186000,463.000000,-2674.000000,-267.000000,192.000000,127.000000,358.000000
62,1743679404508753,0.882934,-0.869601,0.870990,0.882934,0.869046,0.933490,0.184000,-0.074000,0.074000,0.130000,0.090000,0.192000,418.000000,-2725.000000,-292.000000,146.000000,141.000000,406.000000
65,1743679404514160,1.007760,-0.994431,0.995820,1.007760,0.993876,1.058320,0.200000,-0.089000,0.090000,0.163000,0.107000,0.196000,134.000000,-2573.000000,-523.000000,-11.000000,-10.000000,325.000000
67,1743679404519626,1.097550,-1.084220,1.085610,1.097550,1.083660,1.148110,0.223000,-0.112000,0.107000,0.181000,0.127000,0.196000,-125.000000,-2664.000000,-671.000000,-51.000000,-90.000000,383.000000
69,1743679404523949,1.192780,-1.179440,1.180830,1.192780,1.178890,1.243330,0.223000,-0.112000,0.107000,0.181000,0.127000,0.196000,-125.000000,-2664.000000,-671.000000,-51.000000,-90.000000,383.000000
71,1743679404528531,1.293600,-1.280270,1.281660,1.293600,1.279720,1.344160,0.237000,-0.129000,0.129000,0.218000,0.146000,0.196000,90.000000,-2678.000000,-614.000000,-186.000000,-74.000000,386.000000
74,1743679404534131,1.455690,-1.442360,1.443750,1.455690,1.441810,1.506250,0.258000,-0.152000,0.151000,0.245000,0.168000,0.197000,153.000000,-2612.000000,-527.000000,-176.000000,-75.000000,264.000000
76,1743679404538537,1.571220,-1.557880,1.559280,1.571220,1.557300,1.621780,0.277000,-0.177000,0.174000,0.267000,0.182000,0.204000,73.000000,-2626.000000,-555.000000,-1.000000,-74.000000,253.000000
78,1743679404544050,1.692910,-1.679380,1.680940,1.692910,1.678670,1.743460,0.289000,-0.195000,0.192000,0.285000,0.203000,0.229000,442.000000,-2718.000000,-286.000000,156.000000,155.000000,312.000000
80,1743679404548489,1.820910,-1.806700,1.808670,1.820910,1.805770,1.871470,0.309000,-0.219000,0.221000,0.317000,0.229000,0.260000,715.000000,-2957.000000,-64.000000,71.000000,274.000000,319.000000
83,1743679404554035,2.025120,-2.008250,2.011310,2.025120,2.006810,2.075680,0.341000,-0.258000,0.274000,0.357000,0.256000,0.288000,455.000000,-2854.000000,-675.000000,94.000000,176.000000,302.000000
85,1743679404558408,2.169630,-2.149430,2.153530,2.169630,2.147520,2.220190,0.384000,-0.298000,0.320000,0.396000,0.298000,0.328000,149.000000,-2737.000000,-613.000000,158.000000,148.000000,234.000000
88,1743679404563847,2.399340,-2.371030,2.377140,2.399340,2.368220,2.449900,0.409000,-0.325000,0.344000,0.423000,0.330000,0.379000,187.000000,-2785.000000,-753.000000,263.000000,-52.000000,200.000000
91,1743679404570372,2.645010,-2.603930,2.612610,2.645010,2.599990,2.695630,0.446000,-0.368000,0.388000,0.455000,0.370000,0.425000,227.000000,-2591.000000,-584.000000,218.000000,11.000000,-35.000000
93,1743679404574734,2.817610,-2.765210,2.775920,2.817610,2.760400,2.868610,0.464000,-0.396000,0.417000,0.476000,0.395000,0.454000,322.000000,-2639.000000,-744.000000,324.000000,-83.000000,9.000000
95,1743679404579130,2.997080,-2.931120,2.944100,2.997080,2.925330,3.049120,0.497000,-0.447000,0.458000,0.516000,0.431000,0.514000,854.000000,-2959.000000,-31.000000,637.000000,243.000000,212.000000
97,1743679404584627,3.183270,-3.101490,3.117000,3.183270,3.094620,3.237310,0.528000,-0.495000,0.508000,0.560000,0.477000,0.572000,914.000000,-3294.000000,16.000000,378.000000,328.000000,449.000000
100,1743679404590068,3.474770,-3.365060,3.384820,3.474770,3.356390,3.534330,0.580000,-0.564000,0.557000,0.607000,0.530000,0.617000,364.000000,-2719.000000,-198.000000,200.000000,160.000000,465.000000
103,1743679404596679,3.780480,-3.637780,3.662360,3.780480,3.627090,3.849330,0.617000,-0.611000,0.633000,0.678000,0.602000,0.692000,216.000000,-2457.000000,-572.000000,-60.000000,-89.000000,367.000000
105,1743679404601080,3.991900,-3.824410,3.852500,3.991900,3.812240,4.069330,0.678000,-0.670000,0.697000,0.745000,0.659000,0.764000,144.000000,-2568.000000,-700.000000,35.000000,61.000000,280.000000
107,1743679404605481,4.209240,-4.014700,4.046560,4.209240,4.000950,4.297330,0.738000,-0.737000,0.769000,0.803000,0.703000,0.808000,296.000000,-2648.000000,-512.000000,158.000000,171.000000,141.000000
109,1743679404610920,4.432330,-4.208500,4.244370,4.432330,4.193070,4.533330,0.786000,-0.785000,0.814000,0.846000,0.747000,0.852000,910.000000,-2998.000000,146.000000,548.000000,286.000000,521.000000
111,1743679404615310,4.661010,-4.405640,4.445770,4.661010,4.388430,4.777330,0.870000,-0.869000,0.896000,0.933000,0.826000,0.925000,1153.000000,-3471.000000,374.000000,567.000000,300.000000,388.000000
115,1743679404622992,5.134500,-4.809310,4.858720,5.134500,4.788250,5.289330,0.965000,-0.933000,0.968000,0.984000,0.936000,1.027000,152.000000,-3093.000000,-303.000000,440.000000,72.000000,165.000000
117,1743679404626288,5.378990,-5.015530,5.069940,5.378990,4.992380,5.557330,1.025000,-1.031000,1.069000,1.078000,1.040000,1.127000,66.000000,-2677.000000,-694.000000,18.000000,-81.000000,336.000000
119,1743679404631718,5.628430,-5.224450,5.284120,5.628430,5.199120,5.833330,1.121000,-1.116000,1.148000,1.159000,1.121000,1.209000,302.000000,-3101.000000,-602.000000,0.000000,77.000000,259.000000
122,1743679404637078,6.011530,-5.542550,5.610570,6.011530,5.513750,6.262330,1.149000,-1.174000,1.201000,1.225000,1.209000,1.283000,313.000000,-3079.000000,-816.000000,44.000000,100.000000,252.000000
124,1743679404641427,6.272650,-5.757520,5.831420,6.272650,5.726300,6.558330,1.246000,-1.301000,1.300000,1.329000,1.274000,1.348000,540.000000,-3366.000000,39.000000,656.000000,184.000000,280.000000
127,1743679404647876,6.672510,-6.083970,6.167150,6.672510,6.048910,7.017330,1.344000,-1.409000,1.391000,1.451000,1.374000,1.450000,1445.000000,-3747.000000,448.000000,723.000000,355.000000,456.000000
129,1743679404652229,6.944310,-6.304010,6.393690,6.944310,6.266260,7.333330,1.425000,-1.494000,1.480000,1.539000,1.512000,1.560000,1335.000000,-3479.000000,128.000000,166.000000,283.000000,504.000000
131,1743679404657716,7.220100,-6.525790,6.622220,7.220100,6.485260,7.657330,1.564000,-1.628000,1.610000,1.672000,1.594000,1.643000,356.000000,-2657.000000,-573.000000,-23.000000,-54.000000,328.000000
134,1743679404663176,7.640910,-6.861390,6.968400,7.640910,6.816500,8.158330,1.661000,-1.712000,1.693000,1.767000,1.709000,1.756000,80.000000,-2474.000000,-709.000000,173.000000,195.000000,277.000000
136,1743679404667566,7.925980,-7.086840,7.201220,7.925980,7.038910,8.502330,1.859000,-1.856000,1.816000,1.897000,1.793000,1.840000,385.000000,-2771.000000,-356.000000,319.000000,66.000000,190.000000
139,1743679404674194,8.359960,-7.427180,7.553080,8.359960,7.374510,9.033330,1.944000,-1.943000,1.925000,2.017000,1.904000,1.950000,239.000000,-2527.000000,-292.000000,192.000000,100.000000,285.000000
141,1743679404678580,8.653310,-7.655280,7.789170,8.653310,7.599330,9.397330,2.064000,-2.075000,2.009000,2.109000,2.018000,2.094000,1311.000000,-3422.000000,292.000000,382.000000,419.000000,625.000000
143,1743679404684109,8.949680,-7.884180,8.026300,8.949680,7.824840,9.769330,2.179000,-2.183000,2.172000,2.304000,2.134000,2.223000,1556.000000,-3451.000000,377.000000,467.000000,357.000000,661.000000
145,1743679404688654,9.248930,-8.113690,8.264300,9.248930,8.050860,10.149300,2.300000,-2.283000,2.286000,2.418000,2.298000,2.371000,688.000000,-3041.000000,-428.000000,329.000000,133.000000,425.000000
148,1743679404694217,9.702830,-8.458790,8.622590,9.702830,8.390540,10.734300,2.474000,-2.426000,2.455000,2.605000,2.384000,2.488000,193.000000,-2633.000000,-489.000000,71.000000,89.000000,293.000000
151,1743679404700802,10.162300,-8.804390,8.981950,10.162300,8.730510,11.337300,2.647000,-2.570000,2.612000,2.698000,2.530000,2.650000,259.000000,-2772.000000,-748.000000,96.000000,20.000000,322.000000
153,1743679404705140,10.471400,-9.034840,9.221840,10.471400,8.957160,11.749300,2.767000,-2.686000,2.735000,2.855000,2.646000,2.809000,216.000000,-2587.000000,-413.000000,321.000000,280.000000,196.000000
155,1743679404709533,10.782600,-9.265290,9.461810,10.782600,9.183810,12.169300,2.986000,-2.877000,2.932000,3.073000,2.914000,3.136000,1488.000000,-3484.000000,305.000000,560.000000,292.000000,691.000000
158,1743679404714982,11.253000,-9.610960,9.821770,11.253000,9.523790,12.814300,2.986000,-2.877000,2.932000,3.073000,2.914000,3.136000,1488.000000,-3484.000000,305.000000,560.000000,292.000000,691.000000
160,1743679404719336,11.568600,-9.841410,10.061700,11.568600,9.750440,13.254300,3.367000,-3.188000,3.260000,3.396000,3.224000,3.486000,498.000000,-3158.000000,-688.000000,208.000000,5.000000,433.000000
163,1743679404725769,12.044900,-10.187100,10.421700,12.044900,10.090400,13.929300,3.367000,-3.188000,3.260000,3.396000,3.224000,3.486000,498.000000,-3158.000000,-688.000000,208.000000,5.000000,433.000000
165,1743679404731211,12.364100,-10.417500,10.661700,12.364100,10.317100,14.389300,3.589000,-3.360000,3.423000,3.591000,3.378000,3.630000,136.000000,-3079.000000,-400.000000,313.000000,0.000000,300.000000
167,1743679404735561,12.684400,-10.648000,10.901700,12.684400,10.543700,14.857300,3.919000,-3.639000,3.680000,3.916000,3.655000,4.025000,175.000000,-2717.000000,-406.000000,126.000000,119.000000,134.000000
170,1743679404740893,13.166500,-10.993700,11.261600,13.166500,10.883700,15.574300,4.086000,-3.786000,3.820000,4.092000,3.795000,4.206000,1333.000000,-3446.000000,437.000000,583.000000,449.000000,718.000000
172,1743679404745357,13.488800,-11.224100,11.501600,13.488800,11.110300,16.062300,4.261000,-3.946000,3.975000,4.284000,3.950000,4.417000,1261.000000,-3604.000000,467.000000,556.000000,252.000000,742.000000
175,1743679404752937,13.973300,-11.569800,11.861500,13.973300,11.450300,16.809299,4.261000,-3.946000,3.975000,4.284000,3.950000,4.417000,1261.000000,-3604.000000,467.000000,556.000000,252.000000,742.000000
177,1743679404756190,14.296800,-11.800200,12.101500,14.296800,11.677000,17.317301,4.487000,-4.115000,4.150000,4.527000,4.137000,4.656000,687.000000,-3039.000000,-473.000000,49.000000,205.000000,422.000000
179,1743679404761617,14.620300,-12.030700,12.341500,14.620300,11.903600,17.833300,4.844000,-4.417000,4.470000,4.909000,4.387000,5.063000,351.000000,-2767.000000,-452.000000,54.000000,300.000000,195.000000
182,1743679404767041,15.105700,-12.376400,12.701500,15.105700,12.243600,18.622200,5.034000,-4.570000,4.630000,5.089000,4.520000,5.285000,211.000000,-2574.000000,-484.000000,262.000000,137.000000,435.000000
184,1743679404771416,15.429300,-12.606800,12.941400,15.429300,12.470300,19.157900,5.284000,-4.757000,4.827000,5.270000,4.707000,5.527000,692.000000,-2638.000000,40.000000,349.000000,343.000000,687.000000
187,1743679404777865,15.914700,-12.952500,13.301400,15.914700,12.810200,19.975599,5.284000,-4.757000,4.827000,5.270000,4.707000,5.527000,692.000000,-2638.000000,40.000000,349.000000,343.000000,687.000000
189,1743679404782216,16.238300,-13.182900,13.541400,16.238300,13.036900,20.530001,5.445000,-4.887000,4.953000,5.428000,4.839000,5.759000,1223.000000,-3424.000000,480.000000,483.000000,467.000000,818.000000
191,1743679404787657,16.561899,-13.413400,13.781300,16.561899,13.263500,21.091600,5.887000,-5.233000,5.336000,5.855000,5.189000,6.236000,538.000000,-3053.000000,-267.000000,47.000000,138.000000,451.000000
194,1743679404793055,17.047300,-13.759100,14.141300,17.047300,13.603500,21.947100,6.115000,-5.423000,5.531000,6.096000,5.368000,6.517000,327.000000,-2769.000000,-585.000000,387.000000,54.000000,363.000000
196,1743679404797366,17.370899,-13.989500,14.381300,17.370899,13.830200,22.525999,6.365000,-5.623000,5.721000,6.362000,5.520000,6.707000,422.000000,-2811.000000,-303.000000,124.000000,104.000000,379.000000
199,1743679404803910,17.856300,-14.335200,14.741200,17.856300,14.170100,23.406700,6.513000,-5.749000,5.848000,6.509000,5.723000,6.995000,322.000000,-2821.000000,-473.000000,279.000000,115.000000,516.000000
201,1743679404808265,18.179899,-14.565600,14.981200,18.179899,14.396800,24.001801,6.513000,-5.749000,5.848000,6.509000,5.723000,6.995000,322.000000,-2821.000000,-473.000000,279.000000,115.000000,516.000000
203,1743679404813702,18.503500,-14.796100,15.221200,18.503500,14.623400,24.603300,7.046000,-6.129000,6.237000,7.043000,6.056000,7.535000,1260.000000,-3379.000000,170.000000,480.000000,325.000000,704.000000
206,1743679404819163,18.988899,-15.141700,15.581100,18.988899,14.963400,25.516701,7.248000,-6.251000,6.387000,7.244000,6.274000,7.882000,563.000000,-2733.000000,-240.000000,96.000000,216.000000,375.000000
208,1743679404823498,19.312500,-15.372200,15.821100,19.312500,15.190100,26.132999,7.513000,-6.455000,6.597000,7.404000,6.410000,8.099000,360.000000,-2560.000000,-543.000000,442.000000,83.000000,497.000000
211,1743679404830021,19.797800,-15.717900,16.181101,19.797800,15.530100,27.068100,7.646000,-6.600000,6.738000,7.668000,6.591000,8.426000,262.000000,-2909.000000,-345.000000,239.000000,206.000000,635.000000
212,1743679404834363,19.959600,-15.833100,16.301100,19.959600,15.643400,27.382500,7.646000,-6.600000,6.738000,7.668000,6.591000,8.426000,262.000000,-2909.000000,-345.000000,239.000000,206.000000,635.000000
215,1743679404839859,20.445000,-16.178801,16.660999,20.445000,15.983400,28.333799,8.051000,-6.944000,7.091000,8.083000,6.902000,9.026000,1169.000000,-3393.000000,129.000000,621.000000,410.000000,842.000000
217,1743679404844147,20.768600,-16.409201,16.900999,20.768600,16.209999,28.974400,8.329000,-7.187000,7.348000,8.390000,7.087000,9.282000,767.000000,-3031.000000,18.000000,477.000000,213.000000,638.000000
220,1743679404849541,21.254000,-16.754900,17.261000,21.254000,16.549999,29.944599,8.500000,-7.333000,7.505000,8.595000,7.223000,9.681000,449.000000,-2601.000000,-126.000000,130.000000,253.000000,358.000000
223,1743679404856076,21.739401,-17.100599,17.620899,21.739401,16.889999,30.925400,8.790000,-7.544000,7.719000,8.863000,7.419000,10.049000,383.000000,-2781.000000,-611.000000,419.000000,88.000000,388.000000
224,1743679404860414,21.901199,-17.215799,17.740900,21.901199,17.003300,31.254601,8.790000,-7.544000,7.719000,8.863000,7.419000,10.049000,383.000000,-2781.000000,-611.000000,419.000000,88.000000,388.000000
227,1743679404865846,22.386600,-17.561501,18.100901,22.386600,17.343300,32.248699,9.310000,-7.897000,8.066000,9.386000,7.808000,10.726000,1346.000000,-3304.000000,485.000000,764.000000,430.000000,1030.000000
230,1743679404871258,22.872000,-17.907101,18.460800,22.872000,17.683201,33.252201,9.477000,-8.039000,8.213000,9.592000,7.954000,10.978000,907.000000,-3095.000000,-191.000000,81.000000,147.000000,458.000000
232,1743679404875572,23.195601,-18.137600,18.700800,23.195601,17.909901,33.926102,9.777000,-8.256000,8.433000,9.858000,8.112000,11.277000,443.000000,-2654.000000,-258.000000,310.000000,165.000000,471.000000
235,1743679404882080,23.681000,-18.483299,19.060801,23.681000,18.249901,34.943901,10.042000,-8.470000,8.654000,10.130000,8.320000,11.645000,260.000000,-2869.000000,-551.000000,395.000000,96.000000,407.000000
237,1743679404887520,24.004601,-18.713699,19.300699,24.004601,18.476500,35.626999,10.042000,-8.470000,8.654000,10.130000,8.320000,11.645000,260.000000,-2869.000000,-551.000000,395.000000,96.000000,407.000000
239,1743679404892935,24.328199,-18.944201,19.540701,24.328199,18.703199,36.313301,10.568000,-8.811000,9.010000,10.571000,8.651000,12.345000,797.000000,-3281.000000,-28.000000,732.000000,295.000000,1004.000000
242,1743679404897280,24.813601,-19.289801,19.900700,24.813601,19.043200,37.348801,10.780000,-8.948000,9.164000,10.788000,8.837000,12.777000,1538.000000,-3077.000000,381.000000,486.000000,441.000000,779.000000
244,1743679404902762,25.137199,-19.520300,20.140600,25.137199,19.269800,38.042900,11.087000,-9.172000,9.411000,11.086000,9.066000,13.233000,504.000000,-2791.000000,-154.000000,191.000000,199.000000,762.000000
247,1743679404908213,25.622601,-19.865999,20.500601,25.622601,19.609800,39.089199,11.372000,-9.376000,9.625000,11.396000,9.207000,13.524000,290.000000,-2700.000000,-514.000000,192.000000,104.000000,419.000000
249,1743679404912560,25.946199,-20.096399,20.740601,25.946199,19.836399,39.790001,11.372000,-9.376000,9.625000,11.396000,9.207000,13.524000,290.000000,-2700.000000,-514.000000,192.000000,104.000000,419.000000
251,1743679404918024,26.269699,-20.326900,20.980499,26.269699,20.063101,40.493198,11.808000,-9.725000,9.990000,11.873000,9.548000,14.300000,775.000000,-3085.000000,0.000000,597.000000,194.000000,888.000000
253,1743679404922362,26.593300,-20.557301,21.220501,26.593300,20.289700,41.198601,12.098000,-9.941000,10.209000,12.171000,9.740000,14.775000,1361.000000,-3459.000000,310.000000,494.000000,447.000000,826.000000
256,1743679404927722,27.078699,-20.903000,21.580500,27.078699,20.629700,42.260601,12.314000,-10.103000,10.367000,12.339000,9.994000,15.258000,487.000000,-2901.000000,-345.000000,310.000000,144.000000,512.000000
259,1743679404934194,27.564100,-21.248699,21.940399,27.564100,20.969700,43.326698,12.656000,-10.336000,10.608000,12.643000,10.155000,15.621000,169.000000,-2925.000000,-454.000000,288.000000,94.000000,367.000000
261,1743679404938514,27.887699,-21.479099,22.180401,27.887699,21.196301,44.039398,12.656000,-10.336000,10.608000,12.643000,10.155000,15.621000,169.000000,-2925.000000,-454.000000,288.000000,94.000000,367.000000
263,1743679404943972,28.211300,-21.709600,22.420401,28.211300,21.423000,44.753700,13.178000,-10.689000,10.968000,13.205000,10.611000,16.638000,785.000000,-3226.000000,27.000000,281.000000,416.000000,1268.000000
265,1743679404948330,28.534901,-21.940001,22.660400,28.534901,21.649700,45.469101,13.456000,-10.920000,11.210000,13.539000,10.755000,17.004999,1487.000000,-3358.000000,345.000000,530.000000,439.000000,1180.000000
268,1743679404953702,29.020300,-22.285700,23.020300,29.020300,21.989599,46.544399,13.665000,-11.085000,11.383000,13.743000,10.967000,17.497000,869.000000,-3078.000000,-382.000000,128.000000,70.000000,566.000000
271,1743679404960200,29.505699,-22.631399,23.380301,29.505699,22.329599,47.621700,13.999000,-11.311000,11.633000,14.058000,11.103000,17.898001,178.000000,-2838.000000,-322.000000,213.000000,201.000000,593.000000
273,1743679404964517,29.829300,-22.861799,23.620300,29.829300,22.556299,48.340698,13.999000,-11.311000,11.633000,14.058000,11.103000,17.898001,178.000000,-2838.000000,-322.000000,213.000000,201.000000,593.000000
275,1743679404969992,30.152901,-23.092300,23.860201,30.152901,22.782900,49.060200,14.565000,-11.681000,12.020000,14.544000,11.505000,19.002001,369.000000,-2968.000000,164.000000,363.000000,257.000000,1095.000000
277,1743679404974354,30.476500,-23.322701,24.100201,30.476500,23.009600,49.779999,14.885000,-11.949000,12.284000,14.909000,11.696000,19.495001,595.000000,-2819.000000,-281.000000,105.000000,417.000000,626.000000
280,1743679404979717,30.961901,-23.668400,24.460199,30.961901,23.349501,50.860001,15.080000,-12.111000,12.433000,15.115000,11.854000,19.898001,209.000000,-2772.000000,-143.000000,424.000000,96.000000,493.000000
283,1743679404986203,31.447300,-24.014099,24.820101,31.447300,23.689501,51.939999,15.369000,-12.345000,12.649000,15.450000,12.076000,20.518000,478.000000,-2844.000000,-311.000000,171.000000,264.000000,575.000000
285,1743679404990571,31.770901,-24.244499,25.060101,31.770901,23.916201,52.660000,15.369000,-12.345000,12.649000,15.450000,12.076000,20.518000,478.000000,-2844.000000,-311.000000,171.000000,264.000000,575.000000
287,1743679404996011,32.094501,-24.475000,25.300100,32.094501,24.142799,53.380001,15.968000,-12.768000,13.088000,16.018000,12.472000,21.441000,1337.000000,-3355.000000,653.000000,593.000000,300.000000,1151.000000
290,1743679405001371,32.579899,-24.820601,25.660000,32.579899,24.482800,54.459999,16.188999,-12.930000,13.252000,16.259001,12.656000,21.931999,889.000000,-3091.000000,83.000000,370.000000,302.000000,781.000000
292,1743679405005698,32.903400,-25.051100,25.900000,32.903400,24.709400,55.180000,16.514999,-13.167000,13.516000,16.461000,12.908000,22.576000,372.000000,-2727.000000,-188.000000,262.000000,125.000000,352.000000
295,1743679405012199,33.388802,-25.396799,26.260000,33.388802,25.049400,56.259998,16.725000,-13.318000,13.683000,16.754999,13.132000,23.219000,247.000000,-2625.000000,-452.000000,286.000000,334.000000,433.000000
297,1743679405016534,33.712399,-25.627199,26.499901,33.712399,25.276100,56.980000,16.725000,-13.318000,13.683000,16.754999,13.132000,23.219000,247.000000,-2625.000000,-452.000000,286.000000,334.000000,433.000000
299,1743679405022003,34.035999,-25.857599,26.739901,34.035999,25.502701,57.700001,17.252001,-13.676000,14.069000,17.268999,13.484000,24.223000,924.000000,-3126.000000,538.000000,641.000000,685.000000,1425.000000
301,1743679405026365,34.359600,-26.088100,26.979900,34.359600,25.729401,58.419998,17.700001,-14.003000,14.411000,17.742001,13.701000,24.865999,760.000000,-3132.000000,-182.000000,111.000000,212.000000,765.000000
304,1743679405031785,34.845001,-26.433800,27.339800,34.845001,26.069401,59.500000,17.961000,-14.160000,14.574000,17.957001,13.879000,25.326000,459.000000,-3020.000000,-384.000000,379.000000,270.000000,537.000000
307,1743679405038320,35.330399,-26.779400,27.699800,35.330399,26.409300,60.580002,18.316000,-14.386000,14.802000,18.295000,14.107000,25.996000,243.000000,-2918.000000,-359.000000,273.000000,89.000000,518.000000
309,1743679405042723,35.653999,-27.009899,27.939800,35.653999,26.636000,61.299999,18.316000,-14.386000,14.802000,18.295000,14.107000,25.996000,243.000000,-2918.000000,-359.000000,273.000000,89.000000,518.000000
311,1743679405047145,35.977600,-27.240299,28.179800,35.977600,26.862600,62.020000,18.881001,-14.828000,15.240000,18.893000,14.573000,27.188000,1303.000000,-3695.000000,377.000000,687.000000,511.000000,1179.000000
313,1743679405052649,36.301201,-27.470800,28.419701,36.301201,27.089300,62.740002,19.108999,-14.989000,15.405000,19.120001,14.823000,27.847000,682.000000,-3093.000000,-232.000000,225.000000,238.000000,588.000000
316,1743679405058184,36.786598,-27.816500,28.779699,36.786598,27.429300,63.820000,19.462000,-15.238000,15.673000,19.349001,14.999000,28.363001,304.000000,-2543.000000,-165.000000,406.000000,126.000000,665.000000
319,1743679405064739,37.271999,-28.162100,29.139601,37.271999,27.769199,64.900002,19.697001,-15.405000,15.853000,19.676001,15.206000,28.987000,346.000000,-2571.000000,-389.000000,406.000000,242.000000,535.000000
321,1743679405069162,37.595600,-28.392599,29.379601,37.595600,27.995899,65.620003,19.697001,-15.405000,15.853000,19.676001,15.206000,28.987000,346.000000,-2571.000000,-389.000000,406.000000,242.000000,535.000000
323,1743679405073581,37.919201,-28.622999,29.619600,37.919201,28.222601,66.339996,20.261999,-15.869000,16.313999,20.243000,15.597000,30.247999,1288.000000,-3052.000000,716.000000,638.000000,623.000000,1343.000000
326,1743679405079087,38.404598,-28.968700,29.979601,38.404598,28.562500,67.419998,20.594999,-16.118999,16.496000,20.474001,15.735000,30.712999,947.000000,-2890.000000,663.000000,465.000000,267.000000,710.000000
328,1743679405083465,38.728199,-29.199200,30.219500,38.728199,28.789200,68.139999,20.816000,-16.288000,16.761999,20.858000,15.997000,31.462000,458.000000,-2336.000000,-335.000000,295.000000,200.000000,644.000000
331,1743679405089990,39.213600,-29.544800,30.579500,39.213600,29.129200,69.220001,21.169001,-16.517000,16.986000,21.176001,16.229000,32.191002,205.000000,-2684.000000,-129.000000,268.000000,196.000000,522.000000
333,1743679405094284,39.537102,-29.775299,30.819500,39.537102,29.355801,69.940002,21.169001,-16.517000,16.986000,21.176001,16.229000,32.191002,205.000000,-2684.000000,-129.000000,268.000000,196.000000,522.000000
335,1743679405099709,39.860699,-30.005699,31.059401,39.860699,29.582500,70.660004,21.850000,-16.993999,17.487000,21.860001,16.607000,33.216999,1103.000000,-3561.000000,805.000000,761.000000,596.000000,1146.000000
338,1743679405105179,40.346100,-30.351400,31.419399,40.346100,29.922400,71.739998,22.077000,-17.157000,17.672001,22.096001,16.799000,33.782001,1226.000000,-2971.000000,284.000000,443.000000,444.000000,857.000000
340,1743679405109572,40.669701,-30.581900,31.659401,40.669701,30.149099,72.459999,22.414000,-17.427000,17.944000,22.459999,17.107000,34.542000,244.000000,-2690.000000,-244.000000,324.000000,276.000000,494.000000
343,1743679405116079,41.155102,-30.927500,32.019299,41.155102,30.489100,73.540001,22.649000,-17.593000,18.122999,22.671000,17.354000,35.237000,397.000000,-2665.000000,-357.000000,189.000000,145.000000,562.000000
345,1743679405120430,41.478699,-31.158001,32.259300,41.478699,30.715700,74.260002,22.649000,-17.593000,18.122999,22.671000,17.354000,35.237000,397.000000,-2665.000000,-357.000000,189.000000,145.000000,562.000000
347,1743679405125868,41.802299,-31.388399,32.499298,41.802299,30.942400,74.980003,23.292999,-18.021000,18.565001,23.299000,17.707001,36.323002,1104.000000,-3068.000000,632.000000,790.000000,378.000000,975.000000
350,1743679405131336,42.287701,-31.734100,32.859200,42.287701,31.282301,76.059998,23.586000,-18.246000,18.799999,23.605000,17.965000,37.174000,1911.000000,-3702.000000,928.000000,702.000000,697.000000,1472.000000
352,1743679405135651,42.611301,-31.964600,33.099201,42.611301,31.509001,76.779999,23.944000,-18.527000,19.077000,23.929001,18.136999,37.727001,537.000000,-3135.000000,-299.000000,133.000000,54.000000,557.000000
355,1743679405142149,43.096699,-32.310200,33.459202,43.096699,31.849001,77.860001,24.340000,-18.792999,19.344999,24.333000,18.379999,38.508999,248.000000,-2733.000000,-471.000000,496.000000,208.000000,536.000000
357,1743679405146529,43.420300,-32.540699,33.699100,43.420300,32.075600,78.580002,24.340000,-18.792999,19.344999,24.333000,18.379999,38.508999,248.000000,-2733.000000,-471.000000,496.000000,208.000000,536.000000
359,1743679405151941,43.743900,-32.771099,33.939098,43.743900,32.302299,79.300003,24.924999,-19.195000,19.745001,24.872999,18.886000,39.936001,286.000000,-2872.000000,-15.000000,336.000000,276.000000,512.000000
361,1743679405156323,44.067501,-33.001598,34.179100,44.067501,32.528900,80.019997,25.285000,-19.440001,20.024000,25.290001,19.077000,40.469002,519.000000,-2893.000000,-176.000000,431.000000,169.000000,829.000000
364,1743679405161746,44.552898,-33.347301,34.539101,44.552898,32.868900,81.099998,25.646999,-19.701000,20.295000,25.622000,19.309000,41.186001,223.000000,-2487.000000,-105.000000,377.000000,259.000000,599.000000
367,1743679405168336,45.038300,-33.692902,34.898998,45.038300,33.208900,82.180000,25.870001,-19.875000,20.493000,25.811001,19.580000,41.911999,174.000000,-2120.000000,44.000000,376.000000,213.000000,463.000000
369,1743679405172715,45.361900,-33.923401,35.139000,45.361900,33.435501,82.900002,25.870001,-19.875000,20.493000,25.811001,19.580000,41.911999,174.000000,-2120.000000,44.000000,376.000000,213.000000,463.000000
371,1743679405178238,45.685501,-34.153801,35.379002,45.685501,33.662201,83.620003,26.485001,-20.351999,20.989000,26.471001,19.926001,43.077000,999.000000,-3063.000000,513.000000,899.000000,248.000000,1151.000000
373,1743679405182616,46.008999,-34.384300,35.618900,46.008999,33.888802,84.339996,26.830000,-20.584999,21.242001,26.860001,20.120001,43.865002,862.000000,-2878.000000,4.000000,181.000000,491.000000,690.000000
376,1743679405188097,46.494400,-34.730000,35.978901,46.494400,34.228802,85.419998,27.077000,-20.761000,21.412001,27.096001,20.438000,44.583000,299.000000,-2374.000000,185.000000,235.000000,375.000000,621.000000
379,1743679405194662,46.979801,-35.075600,36.338902,46.979801,34.568802,86.500000,27.438999,-21.033001,21.691999,27.509001,20.596001,45.101002,294.000000,-2556.000000,-164.000000,436.000000,158.000000,542.000000
381,1743679405199058,47.303398,-35.306099,36.578800,47.303398,34.795399,87.220001,27.438999,-21.033001,21.691999,27.509001,20.596001,45.101002,294.000000,-2556.000000,-164.000000,436.000000,158.000000,542.000000
383,1743679405203473,47.626999,-35.536499,36.818802,47.626999,35.022099,87.940002,28.068001,-21.503000,22.184999,28.103001,21.044001,46.488998,1201.000000,-3221.000000,415.000000,646.000000,480.000000,1132.000000
386,1743679405208891,48.112400,-35.882198,37.178799,48.112400,35.362099,89.019997,28.337000,-21.658001,22.349001,28.343000,21.334000,47.280998,1056.000000,-3097.000000,460.000000,684.000000,308.000000,551.000000
388,1743679405213222,48.436001,-36.112701,37.418701,48.436001,35.588699,89.739998,28.732000,-21.934999,22.639999,28.576000,21.563999,47.834999,324.000000,-2781.000000,-140.000000,207.000000,307.000000,628.000000
391,1743679405220806,48.921398,-36.458302,37.778702,48.921398,35.928699,90.820000,28.979000,-22.108000,22.833000,28.940001,21.836000,48.591000,57.000000,-2658.000000,-281.000000,225.000000,246.000000,661.000000
393,1743679405225213,49.244999,-36.688801,38.018700,49.244999,36.155399,91.540001,28.979000,-22.108000,22.833000,28.940001,21.836000,48.591000,57.000000,-2658.000000,-281.000000,225.000000,246.000000,661.000000
395,1743679405229598,49.568600,-36.919201,38.258598,49.568600,36.382000,92.260002,29.559999,-22.584999,23.325001,29.648001,22.177000,49.764999,923.000000,-3276.000000,543.000000,787.000000,598.000000,1120.000000
398,1743679405235106,50.054001,-37.264900,38.618599,50.054001,36.722000,93.339996,30.004999,-22.813000,23.552999,29.913000,22.448999,50.647999,685.000000,-2837.000000,381.000000,327.000000,561.000000,744.000000
400,1743679405239518,50.377602,-37.495300,38.858601,50.377602,36.948601,94.059998,30.283001,-23.083000,23.815001,30.296000,22.614000,51.193001,350.000000,-2632.000000,-245.000000,421.000000,200.000000,651.000000
403,1743679405246187,50.862999,-37.841000,39.218498,50.862999,37.288601,95.139999,30.701000,-23.355000,24.069000,30.532000,22.851999,51.999001,113.000000,-2626.000000,-94.000000,467.000000,395.000000,537.000000
405,1743679405250586,51.186600,-38.071499,39.458500,51.186600,37.515301,95.860001,30.701000,-23.355000,24.069000,30.532000,22.851999,51.999001,113.000000,-2626.000000,-94.000000,467.000000,395.000000,537.000000
408,1743679405256144,51.672001,-38.417099,39.818501,51.672001,37.855202,96.940002,31.360001,-23.854000,24.584000,31.275000,23.295000,53.307999,1229.000000,-3128.000000,576.000000,708.000000,456.000000,854.000000
410,1743679405260534,51.995602,-38.647598,40.058399,51.995602,38.081902,97.660004,31.615000,-24.035000,24.782000,31.591999,23.520000,53.956001,1078.000000,-2937.000000,315.000000,419.000000,453.000000,984.000000
412,1743679405265975,52.319199,-38.877998,40.298401,52.319199,38.308601,98.379997,32.005001,-24.212000,24.987000,31.854000,23.781000,54.840000,182.000000,-2393.000000,-10.000000,377.000000,445.000000,572.000000
415,1743679405271421,52.804501,-39.223701,40.658401,52.804501,38.648499,99.459999,32.271999,-24.492001,25.275000,32.243000,24.120001,55.571999,174.000000,-2234.000000,-128.000000,252.000000,302.000000,597.000000
417,1743679405276836,53.128101,-39.454201,40.898300,53.128101,38.875198,100.180000,32.271999,-24.492001,25.275000,32.243000,24.120001,55.571999,174.000000,-2234.000000,-128.000000,252.000000,302.000000,597.000000
420,1743679405282266,53.613499,-39.799801,41.258301,53.613499,39.215199,101.260002,32.933998,-24.976000,25.792999,32.875999,24.554001,57.054001,1131.000000,-2949.000000,343.000000,689.000000,622.000000,1244.000000
422,1743679405286592,53.937099,-40.030300,41.498299,53.937099,39.441799,101.980003,33.174999,-25.153999,25.969999,33.148998,24.711000,57.619999,978.000000,-3229.000000,698.000000,604.000000,255.000000,725.000000
424,1743679405292027,54.260700,-40.260700,41.738300,54.260700,39.668499,102.699997,33.555000,-25.414000,26.238001,33.533001,24.982000,58.453999,499.000000,-2695.000000,-174.000000,213.000000,303.000000,655.000000
427,1743679405297470,54.746101,-40.606400,42.098202,54.746101,40.008400,103.779999,33.914001,-25.686001,26.530001,33.916000,25.166000,59.019001,256.000000,-2751.000000,-88.000000,335.000000,404.000000,551.000000
429,1743679405301786,55.069698,-40.836899,42.338200,55.069698,40.235100,104.500000,33.914001,-25.686001,26.530001,33.916000,25.166000,59.019001,256.000000,-2751.000000,-88.000000,335.000000,404.000000,551.000000
431,1743679405307254,55.393299,-41.067299,42.578201,55.393299,40.461700,105.220001,34.303001,-25.941999,26.802999,34.325001,25.448999,59.764000,129.000000,-2401.000000,-285.000000,387.000000,158.000000,548.000000
433,1743679405311568,55.716900,-41.297798,42.818100,55.716900,40.688400,105.940002,34.852001,-26.374001,27.253000,34.835999,25.922001,61.310001,1008.000000,-2673.000000,368.000000,497.000000,375.000000,808.000000
436,1743679405317014,56.202301,-41.643398,43.178101,56.202301,41.028400,107.019997,35.242001,-26.660999,27.551001,35.222000,26.113001,61.842999,281.000000,-2215.000000,30.000000,355.000000,292.000000,565.000000
438,1743679405321361,56.525902,-41.873901,43.418098,56.525902,41.255001,107.739998,35.242001,-26.660999,27.551001,35.222000,26.113001,61.842999,281.000000,-2215.000000,30.000000,355.000000,292.000000,565.000000
440,1743679405326760,56.849499,-42.104301,43.658001,56.849499,41.481701,108.459999,35.673000,-26.933001,27.851000,35.650002,26.393000,62.700001,8.000000,-2190.000000,-13.000000,439.000000,254.000000,578.000000
443,1743679405332194,57.334900,-42.450001,44.018002,57.334900,41.821701,109.540001,36.008999,-27.159000,28.079000,35.928001,26.666000,63.381001,380.000000,-2429.000000,238.000000,437.000000,477.000000,417.000000
445,1743679405336533,57.658501,-42.680500,44.257999,57.658501,42.048302,110.260002,36.348999,-27.375000,28.292000,36.278999,26.843000,64.057999,1273.000000,-3430.000000,510.000000,707.000000,420.000000,1291.000000
447,1743679405341947,57.982101,-42.910900,44.498001,57.982101,42.275002,110.980003,36.775002,-27.712999,28.635000,36.756001,27.188000,65.341003,654.000000,-2931.000000,238.000000,356.000000,434.000000,651.000000
449,1743679405346332,58.305698,-43.141399,44.737900,58.305698,42.501598,111.699997,37.188000,-28.000000,28.850000,37.014000,27.416000,65.928001,205.000000,-2438.000000,209.000000,301.000000,544.000000,579.000000
452,1743679405352790,58.791100,-43.487000,45.097900,58.791100,42.841599,112.779999,37.473000,-28.193001,29.164000,37.369999,27.737000,66.791000,121.000000,-2339.000000,-165.000000,421.000000,384.000000,512.000000
455,1743679405358204,59.276402,-43.832699,45.457802,59.276402,43.181599,113.860001,37.949001,-28.524000,29.503000,37.841999,27.966999,67.518997,190.000000,-2257.000000,107.000000,384.000000,162.000000,627.000000
457,1743679405362551,59.599998,-44.063202,45.697800,59.599998,43.408199,114.580002,38.271999,-28.743999,29.608000,37.972000,28.160000,68.225998,799.000000,-2699.000000,456.000000,360.000000,565.000000,996.000000
459,1743679405368048,59.923599,-44.293598,45.937801,59.923599,43.634899,115.300003,38.523998,-28.943001,29.937000,38.465000,28.447001,69.105003,633.000000,-2387.000000,324.000000,434.000000,260.000000,627.000000
462,1743679405373371,60.409000,-44.639301,46.297798,60.409000,43.974800,116.379997,38.891998,-29.237000,30.239000,38.870998,28.656000,69.691002,206.000000,-2413.000000,-223.000000,439.000000,512.000000,610.000000
464,1743679405378802,60.732601,-44.869701,46.537701,60.732601,44.201500,117.099998,39.298000,-29.518000,30.520000,39.256001,28.969999,70.458000,-19.000000,-2408.000000,52.000000,391.000000,185.000000,535.000000
466,1743679405384214,61.056198,-45.100201,46.777699,61.056198,44.428101,117.820000,39.571999,-29.702000,30.695000,39.507999,29.186001,71.314003,145.000000,-2181.000000,-224.000000,539.000000,240.000000,372.000000
468,1743679405388580,61.379799,-45.330601,47.017700,61.379799,44.654800,118.540001,39.951000,-29.992001,30.980000,39.862000,29.320999,71.901001,1095.000000,-2920.000000,1081.000000,708.000000,661.000000,1304.000000
471,1743679405393990,61.865200,-45.676300,47.377602,61.865200,44.994801,119.620003,40.198002,-30.194000,31.187000,40.144001,29.613001,72.737000,676.000000,-2398.000000,407.000000,336.000000,502.000000,690.000000
473,1743679405399471,62.188801,-45.906799,47.617599,62.188801,45.221401,120.339996,40.564999,-30.481001,31.493000,40.520000,29.913000,73.614998,137.000000,-2138.000000,303.000000,335.000000,348.000000,640.000000
475,1743679405403794,62.512402,-46.137199,47.857601,62.512402,45.448101,121.059998,40.957001,-30.735001,31.674999,40.790001,30.084000,74.186996,58.000000,-1868.000000,-21.000000,426.000000,367.000000,547.000000
478,1743679405409283,62.997799,-46.482899,48.217499,62.997799,45.788101,122.139999,41.263000,-30.978001,32.014999,41.248001,30.329000,74.866997,415.000000,-2470.000000,270.000000,581.000000,408.000000,487.000000
480,1743679405413680,63.321400,-46.713299,48.457500,63.321400,46.014702,122.860001,41.533001,-31.160999,32.214001,41.535000,30.587999,75.672997,1435.000000,-3071.000000,1020.000000,804.000000,587.000000,1056.000000
483,1743679405419146,63.806801,-47.058998,48.817501,63.806801,46.354698,123.940002,41.945000,-31.427000,32.511002,41.877998,30.764000,76.287003,340.000000,-2119.000000,62.000000,222.000000,341.000000,637.000000
485,1743679405423440,64.130402,-47.289501,49.057499,64.130402,46.581299,124.660004,42.208000,-31.621000,32.714001,42.146999,31.114000,77.153999,118.000000,-2124.000000,182.000000,378.000000,592.000000,578.000000
488,1743679405429869,64.615799,-47.635101,49.417400,64.615799,46.921299,125.739998,42.625000,-31.912001,33.019001,42.533001,31.372000,78.022003,62.000000,-2214.000000,-161.000000,278.000000,264.000000,564.000000
490,1743679405434264,64.939400,-47.865601,49.657398,64.939400,47.147999,126.459999,42.964001,-32.117001,33.226002,42.862999,31.549999,78.473000,352.000000,-2740.000000,189.000000,615.000000,623.000000,930.000000
492,1743679405439694,65.263000,-48.096001,49.897400,65.263000,47.374599,127.180000,43.390999,-32.412998,33.534000,43.290001,31.747000,79.351997,727.000000,-2787.000000,467.000000,484.000000,728.000000,674.000000
495,1743679405445154,65.748299,-48.441700,50.257301,65.748299,47.714600,128.259995,43.633999,-32.625000,33.761002,43.567001,32.103001,80.252998,1002.000000,-3047.000000,797.000000,811.000000,709.000000,1249.000000
497,1743679405449553,66.071899,-48.672100,50.497299,66.071899,47.941200,128.979996,44.040001,-32.931000,34.087002,43.971001,32.367001,81.091003,142.000000,-2530.000000,-248.000000,449.000000,149.000000,759.000000
499,1743679405455004,66.395500,-48.902599,50.737301,66.395500,48.167900,129.699997,44.467999,-33.224998,34.391998,44.363998,32.526001,81.680000,90.000000,-2090.000000,-158.000000,455.000000,334.000000,539.000000
501,1743679405459347,66.719101,-49.132999,50.977200,66.719101,48.394600,130.419998,44.743000,-33.431000,34.594002,44.674999,32.823002,82.608002,113.000000,-2185.000000,181.000000,428.000000,569.000000,507.000000
504,1743679405464825,67.204498,-49.478699,51.337200,67.204498,48.734501,131.500000,45.223000,-33.716999,34.881001,45.070000,33.049000,83.209999,392.000000,-1835.000000,465.000000,391.000000,375.000000,731.000000
506,1743679405469256,67.528099,-49.709202,51.577202,67.528099,48.961201,132.220001,45.487999,-33.931000,35.105000,45.407001,33.355000,84.255997,1244.000000,-2568.000000,910.000000,805.000000,608.000000,998.000000
508,1743679405474682,67.851700,-49.939602,51.817101,67.851700,49.187801,132.940002,45.487999,-33.931000,35.105000,45.407001,33.355000,84.255997,1244.000000,-2568.000000,910.000000,805.000000,608.000000,998.000000
511,1743679405480106,68.337097,-50.285301,52.177101,68.337097,49.527802,134.020004,46.117001,-34.436001,35.639000,46.083000,33.832001,85.749001,221.000000,-2381.000000,247.000000,476.000000,621.000000,508.000000
513,1743679405484534,68.660698,-50.515701,52.417099,68.660698,49.754501,134.740005,46.117001,-34.436001,35.639000,46.083000,33.832001,85.749001,221.000000,-2381.000000,247.000000,476.000000,621.000000,508.000000
516,1743679405489956,69.146103,-50.861401,52.777000,69.146103,50.094398,135.820007,46.533001,-34.737000,35.944000,46.491001,34.151001,86.642998,-51.000000,-2066.000000,-58.000000,367.000000,407.000000,492.000000
518,1743679405495400,69.469704,-51.091900,53.016998,69.469704,50.321098,136.539993,46.883999,-34.967999,36.201000,46.813999,34.240002,86.878998,418.000000,-2255.000000,460.000000,654.000000,494.000000,900.000000
520,1743679405499706,69.793297,-51.322300,53.257000,69.793297,50.547699,137.259995,47.285999,-35.278000,36.513000,47.270000,34.549999,87.936996,452.000000,-2200.000000,382.000000,291.000000,569.000000,813.000000
523,1743679405505126,70.278702,-51.667999,53.616901,70.278702,50.887699,138.339996,47.683998,-35.584000,36.715000,47.532001,34.852001,88.832001,39.000000,-1662.000000,87.000000,401.000000,329.000000,557.000000
525,1743679405509498,70.602303,-51.898399,53.856899,70.602303,51.114399,139.059998,47.959999,-35.770000,37.004002,47.907001,35.018002,89.439003,42.000000,-1542.000000,286.000000,383.000000,341.000000,608.000000
527,1743679405514950,70.925903,-52.128899,54.096901,70.925903,51.341000,139.779999,48.379002,-36.058998,37.196999,48.169998,35.290001,90.292000,463.000000,-2088.000000,322.000000,463.000000,411.000000,515.000000
529,1743679405519287,71.249496,-52.359299,54.336899,71.249496,51.567699,140.500000,48.629002,-36.230999,37.481998,48.560001,35.576000,91.210999,1220.000000,-2914.000000,994.000000,1015.000000,863.000000,1322.000000
532,1743679405524696,71.734901,-52.705002,54.696800,71.734901,51.907700,141.580002,49.063999,-36.529999,37.806000,48.990002,35.889999,92.071999,1326.000000,-2913.000000,564.000000,560.000000,585.000000,909.000000
535,1743679405532308,72.220200,-53.050701,55.056801,72.220200,52.247601,142.660004,49.485001,-36.823002,38.029999,49.331001,36.095001,92.700996,108.000000,-2061.000000,-27.000000,359.000000,482.000000,712.000000
537,1743679405536612,72.543800,-53.281101,55.296799,72.543800,52.474300,143.380005,49.779999,-37.019001,38.362000,49.714001,36.404999,93.635002,169.000000,-2306.000000,6.000000,287.000000,373.000000,563.000000
540,1743679405541992,73.029198,-53.626801,55.656700,73.029198,52.814301,144.460007,50.209999,-37.324001,38.674000,50.133999,36.702999,94.549004,-42.000000,-2009.000000,-17.000000,350.000000,392.000000,692.000000
542,1743679405546426,73.352798,-53.857300,55.896702,73.352798,53.040901,145.179993,50.630001,-37.606998,38.952999,50.563999,36.903999,95.140999,375.000000,-2260.000000,667.000000,588.000000,442.000000,873.000000
544,1743679405551866,73.676399,-54.087700,56.136700,73.676399,53.267601,145.899994,50.896000,-37.820999,39.166000,50.818001,37.202000,96.101997,414.000000,-2027.000000,534.000000,343.000000,558.000000,687.000000
547,1743679405557229,74.161797,-54.433399,56.496601,74.161797,53.607498,146.979996,51.243999,-38.133999,39.480000,51.188999,37.493999,96.718002,-59.000000,-2049.000000,286.000000,534.000000,251.000000,544.000000
549,1743679405562635,74.485397,-54.663799,56.736599,74.485397,53.834202,147.699997,51.659000,-38.431999,39.776001,51.633999,37.665001,97.505997,-7.000000,-1895.000000,-238.000000,465.000000,445.000000,393.000000
551,1743679405568048,74.808998,-54.894299,56.976601,74.808998,54.060799,148.419998,52.002998,-38.577000,39.921001,51.867001,37.890999,98.271004,364.000000,-1762.000000,-99.000000,384.000000,379.000000,425.000000
554,1743679405572447,75.294403,-55.240002,57.336498,75.294403,54.400799,149.500000,52.362000,-38.919998,40.279999,52.306999,38.101002,99.032997,1035.000000,-2367.000000,1394.000000,737.000000,956.000000,1352.000000
556,1743679405577868,75.617996,-55.470402,57.576500,75.617996,54.627499,150.220001,52.782001,-39.219002,40.597000,52.728001,38.418999,99.964996,230.000000,-1592.000000,423.000000,352.000000,611.000000,735.000000
559,1743679405583337,76.103401,-55.816101,57.936501,76.103401,54.967499,151.300003,53.049999,-39.414001,40.799999,52.991001,38.618000,100.587997,56.000000,-1612.000000,190.000000,475.000000,386.000000,647.000000
561,1743679405588726,76.427002,-56.046501,58.176399,76.427002,55.194099,152.020004,53.474998,-39.686001,41.090000,53.373001,38.896999,101.482002,-87.000000,-1604.000000,448.000000,474.000000,410.000000,630.000000
564,1743679405594189,76.912399,-56.392200,58.536400,76.912399,55.534100,153.100006,54.070999,-40.122002,41.535000,54.014000,39.439999,103.074997,755.000000,-2503.000000,659.000000,825.000000,713.000000,1267.000000
566,1743679405598514,77.236000,-56.622700,58.776402,77.236000,55.760700,153.820007,54.070999,-40.122002,41.535000,54.014000,39.439999,103.074997,755.000000,-2503.000000,659.000000,825.000000,713.000000,1267.000000
568,1743679405603919,77.559601,-56.853100,59.016399,77.559601,55.987400,154.539993,54.757999,-40.616001,42.056999,54.727001,39.907001,104.606003,-44.000000,-2159.000000,84.000000,300.000000,482.000000,517.000000
571,1743679405609335,78.044998,-57.198799,59.376301,78.044998,56.327400,155.619995,54.757999,-40.616001,42.056999,54.727001,39.907001,104.606003,-44.000000,-2159.000000,84.000000,300.000000,482.000000,517.000000
573,1743679405613708,78.368599,-57.429199,59.616299,78.368599,56.554001,156.339996,55.254002,-40.962002,42.417999,55.192001,40.095001,105.235001,-49.000000,-1611.000000,136.000000,443.000000,512.000000,512.000000
575,1743679405619145,78.692200,-57.659698,59.856300,78.692200,56.780701,157.059998,55.695000,-41.160000,42.619999,55.438999,40.429001,106.272003,1467.000000,-2280.000000,957.000000,717.000000,1098.000000,1426.000000
577,1743679405623480,79.015701,-57.890099,60.096199,79.015701,57.007301,157.779999,55.994999,-41.473000,42.930000,55.882000,40.639000,106.905998,833.000000,-2249.000000,834.000000,422.000000,618.000000,825.000000
580,1743679405628893,79.501099,-58.235802,60.456200,79.501099,57.347301,158.860001,56.395000,-41.775002,43.269001,56.340000,40.962002,107.866997,461.000000,-2462.000000,3.000000,465.000000,659.000000,662.000000
583,1743679405635383,79.986504,-58.581501,60.816200,79.986504,57.687302,159.940002,56.681999,-41.980000,43.490002,56.612000,41.148998,108.487999,38.000000,-1962.000000,71.000000,422.000000,390.000000,514.000000
585,1743679405639779,80.310097,-58.811901,61.056099,80.310097,57.913898,160.660004,57.115002,-42.276001,43.799000,57.028000,41.410999,109.366997,-219.000000,-1794.000000,11.000000,464.000000,492.000000,503.000000
587,1743679405645291,80.633698,-59.042400,61.296101,80.633698,58.140598,161.380005,57.540001,-42.570000,44.007999,57.299999,41.719002,110.278999,64.000000,-1749.000000,336.000000,490.000000,649.000000,684.000000
589,1743679405649688,80.957298,-59.272800,61.536098,80.957298,58.367199,162.100006,57.757000,-42.723000,44.268002,57.640999,41.973999,111.078003,228.000000,-1881.000000,580.000000,587.000000,444.000000,791.000000
592,1743679405655165,81.442703,-59.618500,61.896000,81.442703,58.707199,163.179993,58.175999,-43.014000,44.553001,58.070999,42.256001,112.032997,215.000000,-1719.000000,621.000000,416.000000,580.000000,618.000000
595,1743679405661733,81.928101,-59.964199,62.256001,81.928101,59.047199,164.259995,58.445000,-43.224998,44.772999,58.358002,42.448002,112.611000,-189.000000,-1485.000000,533.000000,295.000000,543.000000,650.000000
597,1743679405667249,82.251701,-60.194599,62.495998,82.251701,59.273800,164.979996,58.821999,-43.544998,45.096001,58.770000,42.762001,113.480003,-80.000000,-1557.000000,410.000000,448.000000,581.000000,572.000000
599,1743679405671708,82.575302,-60.425098,62.735901,82.575302,59.613800,166.059998,59.297001,-43.883999,45.435001,59.116001,43.019001,114.238998,81.000000,-1725.000000,375.000000,365.000000,346.000000,567.000000
602,1743679405677107,83.060699,-60.770699,63.095901,83.060699,59.840500,166.779999,59.993000,-44.382000,45.951000,59.948002,43.487999,115.782997,268.000000,-1528.000000,497.000000,215.000000,589.000000,602.000000
604,1743679405681493,83.384300,-61.001202,63.335899,83.384300,60.067101,167.500000,59.993000,-44.382000,45.951000,59.948002,43.487999,115.782997,268.000000,-1528.000000,497.000000,215.000000,589.000000,602.000000
607,1743679405686897,83.869698,-61.346901,63.695801,83.869698,60.407101,168.580002,60.709000,-44.868000,46.437000,60.632000,43.981998,117.317001,-145.000000,-1554.000000,53.000000,389.000000,241.000000,449.000000
609,1743679405691266,84.193298,-61.577301,63.935799,84.193298,60.633701,169.300003,60.709000,-44.868000,46.437000,60.632000,43.981998,117.317001,-145.000000,-1554.000000,53.000000,389.000000,241.000000,449.000000
611,1743679405696655,84.516899,-61.807800,64.175797,84.516899,60.860401,170.020004,61.070999,-45.115002,46.688999,60.986000,44.303001,118.401001,-55.000000,-1453.000000,240.000000,375.000000,541.000000,539.000000
613,1743679405702061,84.840500,-62.153400,64.535698,85.002296,61.200401,171.100006,61.452999,-45.291000,46.910000,61.273998,44.491001,119.031998,1073.000000,-2494.000000,1117.000000,856.000000,963.000000,1206.000000
615,1743679405706432,85.164101,-62.268700,64.655701,85.164101,61.313702,171.460007,61.717999,-45.597000,47.237000,61.700001,44.798000,119.860001,627.000000,-2022.000000,256.000000,473.000000,355.000000,686.000000
619,1743679405714124,85.811203,-62.729599,65.135696,85.811203,61.766998,172.899994,62.131001,-45.897999,47.564999,62.068001,45.101002,120.810997,-135.000000,-1562.000000,387.000000,453.000000,479.000000,491.000000
621,1743679405717410,86.134804,-62.959999,65.375702,86.134804,61.993698,173.619995,62.400002,-46.101002,47.778000,62.318001,45.296001,121.431000,-145.000000,-1623.000000,137.000000,414.000000,513.000000,564.000000
623,1743679405722808,86.458397,-63.190498,65.615601,86.458397,62.220299,174.339996,62.820999,-46.400002,48.080002,62.766998,45.582001,122.357002,-35.000000,-1382.000000,354.000000,423.000000,425.000000,615.000000
626,1743679405728264,86.943802,-63.536098,65.975601,86.943802,62.560299,175.419998,63.311001,-46.726002,48.298000,63.126999,45.826000,123.141998,1058.000000,-2210.000000,986.000000,787.000000,907.000000,1335.000000
628,1743679405732591,87.267403,-63.766602,66.215599,87.267403,62.786900,176.139999,63.632000,-46.966000,48.620998,63.560001,46.034000,123.759003,186.000000,-1818.000000,727.000000,256.000000,525.000000,721.000000
631,1743679405739028,87.752800,-64.112297,66.575500,87.752800,63.126900,177.220001,64.021004,-47.257000,48.952000,63.970001,46.340000,124.697998,-66.000000,-1799.000000,87.000000,414.000000,466.000000,463.000000
633,1743679405743427,88.076401,-64.342697,66.815498,88.076401,63.353600,177.940002,64.307999,-47.455002,49.158001,64.237999,46.535000,125.237000,-269.000000,-1496.000000,235.000000,460.000000,361.000000,413.000000
635,1743679405748836,88.400002,-64.573196,67.055496,88.400002,63.580200,178.660004,64.665001,-47.694000,49.405998,64.570000,46.835999,126.296997,-157.000000,-1295.000000,374.000000,310.000000,518.000000,452.000000
638,1743679405754212,88.885399,-64.918800,67.415398,88.885399,63.920200,179.740005,65.166000,-48.041000,49.775002,65.050003,47.087002,127.098999,1182.000000,-2189.000000,1576.000000,924.000000,1013.000000,1311.000000
640,1743679405758562,89.209000,-65.149300,67.655403,89.209000,64.146797,180.460007,65.449997,-48.245998,49.988998,65.375000,47.321999,127.799004,1241.000000,-2062.000000,1378.000000,595.000000,895.000000,1443.000000
643,1743679405765096,89.694397,-65.495003,68.015404,89.694397,64.486801,181.539993,65.887001,-48.540001,50.305000,65.825996,47.639999,128.725998,3.000000,-1397.000000,513.000000,352.000000,455.000000,717.000000
645,1743679405769426,90.017998,-65.725403,68.255302,90.017998,64.713501,182.259995,66.140999,-48.759998,50.536999,66.098999,47.944000,129.710007,-99.000000,-1249.000000,374.000000,475.000000,519.000000,548.000000
647,1743679405774806,90.341599,-65.955902,68.495300,90.341599,64.940102,182.979996,66.592003,-49.070999,50.853001,66.525002,48.157001,130.263000,-23.000000,-1557.000000,27.000000,547.000000,557.000000,506.000000
650,1743679405780244,90.827003,-66.301498,68.855301,90.827003,65.280098,184.059998,67.399002,-49.537998,51.330002,67.188004,48.683998,132.039001,-32.000000,-1973.000000,811.000000,472.000000,688.000000,622.000000
652,1743679405784596,91.150597,-66.531998,69.095200,91.150597,65.506798,184.779999,67.399002,-49.537998,51.330002,67.188004,48.683998,132.039001,-32.000000,-1973.000000,811.000000,472.000000,688.000000,622.000000
655,1743679405791097,91.636002,-66.877701,69.455200,91.636002,65.846703,185.860001,67.690002,-49.851002,51.666000,67.589996,48.974998,132.970993,-125.000000,-1299.000000,374.000000,313.000000,554.000000,673.000000
657,1743679405795461,91.959503,-67.108101,69.695198,91.959503,66.073402,186.580002,68.108002,-50.154999,51.980999,68.005997,49.276001,133.919006,-368.000000,-1064.000000,344.000000,451.000000,443.000000,636.000000
659,1743679405800889,92.283096,-67.338600,69.935204,92.283096,66.300003,187.300003,68.735001,-50.594002,52.410999,68.625999,49.780998,135.485992,856.000000,-1997.000000,1519.000000,899.000000,865.000000,994.000000
661,1743679405805213,92.606697,-67.569000,70.175102,92.606697,66.526703,188.020004,68.735001,-50.594002,52.410999,68.625999,49.780998,135.485992,856.000000,-1997.000000,1519.000000,899.000000,865.000000,994.000000
664,1743679405810604,93.092102,-67.914703,70.535103,93.092102,66.866699,189.100006,69.483002,-51.164001,53.028999,69.431999,50.283001,137.057007,189.000000,-1459.000000,689.000000,313.000000,633.000000,676.000000
667,1743679405817034,93.577499,-68.260399,70.894997,93.577499,67.206596,190.179993,69.483002,-51.164001,53.028999,69.431999,50.283001,137.057007,189.000000,-1459.000000,689.000000,313.000000,633.000000,676.000000
669,1743679405821372,93.901100,-68.490799,71.135002,93.901100,67.433296,190.899994,69.948997,-51.476002,53.355000,69.894997,50.605000,138.054001,-60.000000,-1574.000000,181.000000,385.000000,489.000000,547.000000
671,1743679405826821,94.224701,-68.721298,71.375000,94.224701,67.659897,191.619995,70.790001,-52.035999,53.926998,70.680000,51.074001,139.475006,-1.000000,-1262.000000,758.000000,487.000000,564.000000,641.000000
674,1743679405832223,94.710098,-69.066902,71.735001,94.710098,67.999901,192.699997,70.790001,-52.035999,53.926998,70.680000,51.074001,139.475006,-1.000000,-1262.000000,758.000000,487.000000,564.000000,641.000000
676,1743679405836522,95.033699,-69.297401,71.974899,95.033699,68.226601,193.419998,71.452003,-52.577000,54.485001,71.366997,51.577999,141.104996,-212.000000,-1410.000000,466.000000,501.000000,511.000000,578.000000
679,1743679405844057,95.519096,-69.642998,72.334900,95.519096,68.566597,194.500000,71.452003,-52.577000,54.485001,71.366997,51.577999,141.104996,-212.000000,-1410.000000,466.000000,501.000000,511.000000,578.000000
681,1743679405847291,95.842697,-69.873497,72.574898,95.842697,68.793198,195.220001,71.887001,-52.886002,54.792999,71.846001,51.888000,141.932999,-167.000000,-1165.000000,309.000000,487.000000,603.000000,640.000000
683,1743679405852666,96.166298,-70.103897,72.814796,96.166298,69.019897,195.940002,72.593002,-53.381001,55.276001,72.529999,52.341000,143.513000,753.000000,-1875.000000,1632.000000,762.000000,815.000000,1259.000000
686,1743679405858089,96.651703,-70.449600,73.174797,96.651703,69.359802,197.020004,72.593002,-53.381001,55.276001,72.529999,52.341000,143.513000,753.000000,-1875.000000,1632.000000,762.000000,815.000000,1259.000000
688,1743679405862424,96.975304,-70.680099,73.414803,96.975304,69.586502,197.740005,73.425003,-53.915001,55.856998,73.184998,52.893002,145.354996,20.000000,-1274.000000,832.000000,255.000000,742.000000,645.000000
691,1743679405868891,97.460701,-71.025703,73.774696,97.460701,69.926498,198.820007,73.425003,-53.915001,55.856998,73.184998,52.893002,145.354996,20.000000,-1274.000000,832.000000,255.000000,742.000000,645.000000
693,1743679405873236,97.784302,-71.256203,74.014702,97.784302,70.153099,199.539993,73.696999,-54.137001,56.118000,73.638000,53.234001,146.307007,-77.000000,-1191.000000,717.000000,258.000000,582.000000,635.000000
695,1743679405878612,98.107903,-71.486603,74.254700,98.107903,70.379799,200.259995,74.593002,-54.754002,56.689999,74.377998,53.766998,147.869995,-218.000000,-1030.000000,8.000000,541.000000,224.000000,555.000000
698,1743679405884047,98.593201,-71.832298,74.614601,98.593201,70.719704,201.339996,74.799004,-54.908001,56.945999,74.710999,54.007999,148.643005,15.000000,-1394.000000,653.000000,409.000000,699.000000,734.000000
700,1743679405888393,98.916801,-72.062798,74.854599,98.916801,70.946404,202.059998,75.223000,-55.228001,57.269001,75.163002,54.307999,149.632996,-136.000000,-1211.000000,449.000000,290.000000,529.000000,563.000000
703,1743679405895992,99.402199,-72.408401,75.214600,99.402199,71.286400,203.139999,75.683998,-55.534000,57.561001,75.535004,54.500999,150.279007,-165.000000,-1068.000000,593.000000,456.000000,610.000000,530.000000
705,1743679405899270,99.725800,-72.638901,75.454498,99.725800,71.513000,203.860001,76.047997,-55.794998,57.813999,75.921997,54.736000,151.046005,-206.000000,-1292.000000,889.000000,658.000000,520.000000,573.000000
707,1743679405904640,100.049004,-72.869301,75.694504,100.049004,71.739700,204.580002,76.468002,-56.006001,58.000999,76.198997,55.014000,152.007996,424.000000,-1775.000000,1529.000000,715.000000,828.000000,1053.000000
710,1743679405910067,100.535004,-73.214996,76.054497,100.535004,72.079697,205.660004,76.712997,-56.299999,58.327000,76.616997,55.331001,152.932007,-51.000000,-1285.000000,686.000000,269.000000,840.000000,677.000000
712,1743679405914400,100.858002,-73.445503,76.294403,100.858002,72.306297,206.380005,77.117996,-56.605000,58.660999,77.077003,55.558998,153.561996,-217.000000,-987.000000,746.000000,234.000000,596.000000,566.000000
715,1743679405922013,101.344002,-73.791100,76.654404,101.344002,72.646301,207.460007,77.400002,-56.806000,58.883999,77.334999,55.832001,154.455002,-253.000000,-1059.000000,598.000000,310.000000,430.000000,642.000000
717,1743679405925274,101.667000,-74.021599,76.894402,101.667000,72.872902,208.179993,77.400002,-56.806000,58.883999,77.334999,55.832001,154.455002,-253.000000,-1059.000000,598.000000,310.000000,430.000000,642.000000
719,1743679405930648,101.990997,-74.251999,77.134399,101.990997,73.099602,208.899994,78.223999,-57.307999,59.389000,78.051003,56.331001,156.016006,737.000000,-968.000000,930.000000,367.000000,713.000000,1153.000000
722,1743679405936026,102.475998,-74.597702,77.494301,102.475998,73.439598,209.979996,78.504997,-57.609001,59.698002,78.459999,56.618000,157.005997,916.000000,-1609.000000,1346.000000,482.000000,556.000000,850.000000
724,1743679405940334,102.800003,-74.828201,77.734299,102.800003,73.666199,210.699997,78.942001,-57.915001,60.021000,78.888000,56.811001,157.600006,-155.000000,-940.000000,643.000000,310.000000,650.000000,612.000000
727,1743679405946809,103.285004,-75.173798,78.094299,103.285004,74.006203,211.779999,79.379997,-58.223999,60.257999,79.181000,57.122002,158.578995,-352.000000,-1270.000000,801.000000,309.000000,652.000000,504.000000
729,1743679405952281,103.609001,-75.404297,78.334198,103.609001,74.232803,212.500000,79.652000,-58.403000,60.550999,79.589996,57.314999,159.218994,-208.000000,-1076.000000,481.000000,396.000000,424.000000,473.000000
731,1743679405956676,103.932999,-75.634697,78.574203,103.932999,74.459503,213.220001,79.957001,-58.651001,60.806000,79.917000,57.662998,160.279007,214.000000,-1764.000000,915.000000,807.000000,798.000000,1224.000000
734,1743679405962075,104.417999,-75.980400,78.934196,104.417999,74.799500,214.300003,80.374001,-58.949001,61.139000,80.384003,57.862999,160.871002,527.000000,-1264.000000,1154.000000,517.000000,705.000000,927.000000
736,1743679405966419,104.741997,-76.210899,79.174103,104.741997,75.026100,215.020004,80.671997,-59.157001,61.363998,80.697998,58.188999,161.817001,-91.000000,-1111.000000,716.000000,298.000000,803.000000,573.000000
739,1743679405972899,105.226997,-76.556503,79.534103,105.226997,75.366096,216.100006,81.150002,-59.473000,61.691002,81.071999,58.472000,162.802994,-316.000000,-999.000000,615.000000,321.000000,694.000000,590.000000
741,1743679405978300,105.551003,-76.787003,79.774101,105.551003,75.592796,216.820007,81.594002,-59.779999,61.997002,81.514000,58.691002,163.419998,-376.000000,-1061.000000,592.000000,417.000000,568.000000,570.000000
743,1743679405982687,105.874001,-77.017403,80.014000,105.874001,75.819397,217.539993,81.886002,-59.977001,62.188000,81.782997,58.981998,164.380997,307.000000,-1418.000000,1168.000000,715.000000,816.000000,1329.000000
746,1743679405988157,106.360001,-77.363098,80.374001,106.360001,76.159401,218.619995,82.242996,-60.209999,62.410000,82.132004,59.196999,165.195007,569.000000,-1598.000000,1009.000000,402.000000,731.000000,790.000000
748,1743679405993585,106.682999,-77.593597,80.613998,106.682999,76.386002,219.339996,82.642998,-60.530998,62.733002,82.569000,59.422001,165.873993,-135.000000,-1197.000000,848.000000,286.000000,680.000000,538.000000
750,1743679405997927,107.007004,-77.823997,80.853897,107.007004,76.612701,220.059998,82.642998,-60.530998,62.733002,82.569000,59.422001,165.873993,-135.000000,-1197.000000,848.000000,286.000000,680.000000,538.000000
753,1743679406004487,107.491997,-78.169701,81.213898,107.491997,76.952698,221.139999,83.402000,-61.062000,63.278000,83.308998,60.032001,167.703995,-287.000000,-807.000000,655.000000,200.000000,277.000000,487.000000
755,1743679406008804,107.816002,-78.400101,81.453903,107.816002,77.179298,221.860001,83.402000,-61.062000,63.278000,83.308998,60.032001,167.703995,-287.000000,-807.000000,655.000000,200.000000,277.000000,487.000000
758,1743679406014436,108.301003,-78.745796,81.813797,108.301003,77.519302,222.940002,84.151001,-61.618999,63.869999,84.097000,60.463001,169.143997,362.000000,-1342.000000,892.000000,506.000000,659.000000,819.000000
760,1743679406020046,108.625000,-78.976303,82.053802,108.625000,77.745903,223.660004,84.445000,-61.813999,64.071999,84.373001,60.778999,170.098007,-49.000000,-960.000000,740.000000,310.000000,620.000000,473.000000
762,1743679406024462,108.947998,-79.206703,82.293800,108.947998,77.972603,224.380005,84.883003,-62.104000,64.371002,84.821999,61.088001,171.039993,-335.000000,-941.000000,731.000000,331.000000,433.000000,644.000000
765,1743679406029952,109.433998,-79.552399,82.653702,109.433998,78.312599,225.460007,85.269997,-62.407001,64.587997,85.124001,61.296001,171.705002,-345.000000,-676.000000,778.000000,348.000000,442.000000,548.000000
767,1743679406034347,109.757004,-79.782799,82.893700,109.757004,78.539200,226.179993,85.554001,-62.605999,64.900002,85.518997,61.560001,172.684998,-69.000000,-823.000000,1023.000000,476.000000,635.000000,1249.000000
770,1743679406039889,110.242996,-80.128502,83.253700,110.242996,78.879204,227.259995,85.973999,-62.910999,65.227997,85.954002,61.880001,173.625000,468.000000,-1461.000000,1124.000000,414.000000,709.000000,672.000000
772,1743679406045398,110.566002,-80.358902,83.493698,110.566002,79.105904,227.979996,85.973999,-62.910999,65.227997,85.954002,61.880001,173.625000,468.000000,-1461.000000,1124.000000,414.000000,709.000000,672.000000
774,1743679406049834,110.889999,-80.589401,83.733597,110.889999,79.332497,228.699997,86.742996,-63.446999,65.779999,86.697998,62.417999,175.138000,-470.000000,-998.000000,659.000000,237.000000,494.000000,519.000000
777,1743679406055216,111.375000,-80.935097,84.093597,111.375000,79.672501,229.779999,87.161003,-63.761002,66.117996,87.073997,62.637001,175.785995,-514.000000,-591.000000,879.000000,219.000000,394.000000,520.000000
779,1743679406059536,111.698997,-81.165497,84.333603,111.698997,79.899101,230.500000,87.578003,-64.056999,66.442001,87.503998,62.881001,176.723007,1151.000000,-1718.000000,1713.000000,792.000000,676.000000,1351.000000
782,1743679406066052,112.183998,-81.511200,84.693497,112.183998,80.239098,231.580002,88.031998,-64.251999,66.640999,87.787003,63.185001,177.716003,229.000000,-1103.000000,923.000000,281.000000,618.000000,801.000000
784,1743679406070417,112.508003,-81.741600,84.933502,112.508003,80.465797,232.300003,88.357002,-64.531998,66.916000,88.265999,63.396999,178.380005,-235.000000,-964.000000,703.000000,488.000000,626.000000,496.000000
786,1743679406075860,112.831001,-81.972099,85.173500,112.831001,80.692398,233.020004,88.769997,-64.855003,67.123001,88.570000,63.691002,179.332001,-290.000000,-1081.000000,1013.000000,272.000000,495.000000,439.000000
789,1743679406081341,113.317001,-82.317802,85.533401,113.317001,81.032402,234.100006,89.053001,-65.058998,67.456001,88.968002,63.883999,179.970993,-21.000000,-1082.000000,1508.000000,597.000000,440.000000,893.000000
791,1743679406085685,113.639999,-82.548203,85.773399,113.639999,81.259003,234.820007,89.478996,-65.366997,67.814003,89.445000,64.167000,180.914993,964.000000,-1679.000000,1482.000000,801.000000,947.000000,1155.000000
793,1743679406091156,113.963997,-82.778702,86.013397,113.963997,81.485703,235.539993,89.940002,-65.694000,68.056999,89.732002,64.508003,181.908005,88.000000,-1312.000000,1185.000000,529.000000,636.000000,583.000000
795,1743679406095563,114.288002,-83.009102,86.253403,114.288002,81.712303,236.259995,90.248001,-65.919998,68.391998,90.162003,64.735001,182.576996,-408.000000,-1182.000000,538.000000,235.000000,733.000000,706.000000
798,1743679406101081,114.773003,-83.354797,86.613297,114.773003,82.052299,237.339996,90.690002,-66.262001,68.723000,90.476997,65.098999,183.580002,-474.000000,-506.000000,946.000000,390.000000,427.000000,456.000000
800,1743679406105529,115.097000,-83.585197,86.853302,115.097000,82.278999,238.059998,90.690002,-66.262001,68.723000,90.476997,65.098999,183.580002,-474.000000,-506.000000,946.000000,390.000000,427.000000,456.000000
803,1743679406112114,115.582001,-83.930901,87.213203,115.582001,82.619003,239.139999,91.290001,-66.710999,69.152000,91.251999,65.627998,185.330994,134.000000,-912.000000,1113.000000,458.000000,610.000000,848.000000
805,1743679406116545,115.905998,-84.161400,87.453201,115.905998,82.845596,239.860001,91.290001,-66.710999,69.152000,91.251999,65.627998,185.330994,134.000000,-912.000000,1113.000000,458.000000,610.000000,848.000000
807,1743679406122120,116.228996,-84.391800,87.693199,116.228996,83.072304,240.580002,92.205002,-67.347000,69.793999,92.165001,66.107002,186.959000,-337.000000,-648.000000,923.000000,166.000000,633.000000,598.000000
809,1743679406126516,116.553001,-84.622299,87.933197,116.553001,83.298897,241.300003,92.205002,-67.347000,69.793999,92.165001,66.107002,186.959000,-337.000000,-648.000000,923.000000,166.000000,633.000000,598.000000
812,1743679406132018,117.038002,-84.967903,88.293098,117.038002,83.638901,242.380005,92.861000,-67.806999,70.296997,92.816002,66.672997,188.768005,351.000000,-966.000000,2133.000000,637.000000,628.000000,1147.000000
814,1743679406136456,117.362000,-85.198402,88.533096,117.362000,83.865501,243.100006,93.296997,-68.114998,70.607002,93.250000,66.987000,189.757004,-119.000000,-936.000000,1184.000000,164.000000,757.000000,703.000000
817,1743679406141888,117.847000,-85.544098,88.893097,117.847000,84.205498,244.179993,93.296997,-68.114998,70.607002,93.250000,66.987000,189.757004,-119.000000,-936.000000,1184.000000,164.000000,757.000000,703.000000
819,1743679406146242,118.170998,-85.774498,89.133003,118.170998,84.432198,244.899994,93.706001,-68.406998,70.942001,93.684998,67.195000,190.397003,-456.000000,-870.000000,1321.000000,224.000000,633.000000,481.000000
821,1743679406151708,118.494003,-86.004997,89.373001,118.494003,84.658798,245.619995,93.997002,-68.622002,71.164001,94.014000,67.524002,191.266006,-375.000000,-735.000000,990.000000,437.000000,674.000000,559.000000
824,1743679406157120,118.980003,-86.350601,89.733002,118.980003,84.998802,246.699997,94.417000,-68.943001,71.476997,94.421997,67.808998,192.266998,258.000000,-1098.000000,1483.000000,671.000000,777.000000,1242.000000
826,1743679406162482,119.303001,-86.581100,89.972900,119.303001,85.225502,247.419998,94.837997,-69.249001,71.806000,94.875999,67.971001,192.908005,23.000000,-986.000000,1207.000000,289.000000,646.000000,807.000000
829,1743679406167936,119.789001,-86.926804,90.332901,119.789001,85.565399,248.500000,95.153000,-69.452003,72.028999,95.155998,68.275002,193.904007,-143.000000,-963.000000,905.000000,204.000000,681.000000,573.000000
831,1743679406172288,120.112000,-87.157204,90.572899,120.112000,85.792099,249.220001,95.620003,-69.769997,72.348999,95.581001,68.504997,194.548996,-400.000000,-732.000000,796.000000,192.000000,496.000000,512.000000
833,1743679406177684,120.435997,-87.387703,90.812897,120.435997,86.018700,249.940002,95.976997,-70.041000,72.623001,95.917999,68.871002,195.677994,374.000000,-1027.000000,1748.000000,377.000000,581.000000,1376.000000
836,1743679406183059,120.920998,-87.733299,91.172798,120.920998,86.358704,251.020004,96.372002,-70.334999,72.945000,96.393997,69.098999,196.358994,726.000000,-1095.000000,1376.000000,342.000000,701.000000,814.000000
838,1743679406187385,121.245003,-87.963799,91.412804,121.245003,86.585403,251.740005,96.667000,-70.539001,73.163002,96.666000,69.414001,197.281006,-140.000000,-939.000000,1093.000000,97.000000,363.000000,568.000000
840,1743679406192746,121.568001,-88.194199,91.652802,121.568001,86.811996,252.460007,97.123001,-70.859001,73.500999,97.110001,69.602997,197.936996,-385.000000,-814.000000,930.000000,271.000000,603.000000,628.000000
843,1743679406198179,122.054001,-88.539902,92.012703,122.054001,87.152000,253.539993,97.580002,-71.177002,73.813004,97.400002,69.932999,198.929993,-532.000000,-829.000000,907.000000,284.000000,657.000000,571.000000
844,1743679406202456,122.216003,-88.655098,92.132698,122.216003,87.265297,253.899994,97.874001,-71.389000,74.010002,97.863998,70.237999,199.891998,-320.000000,-679.000000,1292.000000,414.000000,410.000000,912.000000
847,1743679406208984,122.700996,-89.000801,92.492699,122.700996,87.605301,254.979996,98.375000,-71.662003,74.296997,98.205002,70.442001,200.738007,314.000000,-1160.000000,2145.000000,483.000000,520.000000,999.000000
850,1743679406213333,123.185997,-89.346497,92.852600,123.185997,87.945297,256.059998,98.677002,-71.978996,74.615997,98.653000,70.653000,201.404007,-223.000000,-782.000000,1370.000000,164.000000,635.000000,711.000000
852,1743679406218776,123.510002,-89.576897,93.092598,123.510002,88.171898,256.779999,98.997002,-72.155998,74.833000,98.930000,70.988998,202.391998,-229.000000,-635.000000,1304.000000,223.000000,593.000000,609.000000
855,1743679406224288,123.995003,-89.922600,93.452599,123.995003,88.511902,257.859985,99.404999,-72.483002,75.180000,99.393997,71.372002,203.399002,-274.000000,-863.000000,920.000000,315.000000,406.000000,586.000000
856,1743679406228647,124.156998,-90.037804,93.572502,124.156998,88.625198,258.220001,99.845001,-72.794998,75.504997,99.841003,71.564003,203.945999,537.000000,-1180.000000,1725.000000,493.000000,476.000000,1169.000000
859,1743679406235193,124.642998,-90.383499,93.932503,124.642998,88.965202,259.299988,100.142998,-73.000999,75.714996,100.099998,71.819000,204.959000,477.000000,-942.000000,1247.000000,309.000000,264.000000,730.000000
861,1743679406239561,124.966003,-90.613899,94.172501,124.966003,89.191902,260.019989,100.920998,-73.510002,76.246002,100.843002,72.318001,206.617004,-536.000000,-842.000000,1298.000000,190.000000,764.000000,566.000000
864,1743679406245057,125.452003,-90.959602,94.532402,125.452003,89.531799,261.100006,100.920998,-73.510002,76.246002,100.843002,72.318001,206.617004,-536.000000,-842.000000,1298.000000,190.000000,764.000000,566.000000
866,1743679406249454,125.775002,-91.190102,94.772400,125.775002,89.758499,261.820007,101.365997,-73.832001,76.543999,101.273003,72.559998,207.246002,-421.000000,-689.000000,1078.000000,181.000000,495.000000,475.000000
869,1743679406254842,126.261002,-91.535698,95.132401,126.261002,90.098503,262.899994,101.713997,-74.069000,76.822998,101.640999,72.925003,208.373001,143.000000,-1419.000000,1815.000000,594.000000,635.000000,1215.000000
871,1743679406260311,126.584000,-91.766197,95.372299,126.584000,90.325104,263.619995,102.093002,-74.388000,77.162003,102.080002,73.070000,209.039993,58.000000,-714.000000,1428.000000,149.000000,328.000000,670.000000
873,1743679406264668,126.907997,-91.996597,95.612297,126.907997,90.551804,264.339996,102.375999,-74.597000,77.389000,102.370003,73.399002,209.947998,-298.000000,-745.000000,1358.000000,246.000000,890.000000,483.000000
876,1743679406270082,127.392998,-92.342300,95.972298,127.392998,90.891701,265.420013,102.815002,-74.911003,77.709000,102.775002,73.597000,210.570007,-387.000000,-715.000000,1444.000000,237.000000,570.000000,466.000000
878,1743679406274422,127.717003,-92.572800,96.212303,127.717003,91.118401,266.140015,103.257004,-75.237000,78.019997,103.082001,73.955002,211.554001,395.000000,-1079.000000,1757.000000,536.000000,628.000000,1215.000000
881,1743679406280897,128.201996,-92.918404,96.572197,128.201996,91.458397,267.220001,103.540001,-75.447998,78.242996,103.502998,74.213997,212.567993,1017.000000,-1359.000000,2285.000000,589.000000,612.000000,1272.000000
883,1743679406285229,128.526001,-93.148903,96.812202,128.526001,91.684998,267.940002,103.992996,-75.740997,78.574997,103.975998,74.500999,213.589005,-108.000000,-802.000000,1510.000000,34.000000,614.000000,693.000000
885,1743679406290631,128.848999,-93.379303,97.052200,128.848999,91.911697,268.660004,104.278000,-75.946999,78.814003,104.291000,74.730003,214.285995,-251.000000,-759.000000,1100.000000,153.000000,740.000000,603.000000
888,1743679406296010,129.335007,-93.724998,97.412102,129.335007,92.251701,269.739990,104.886002,-76.377998,79.281998,104.717003,75.065002,215.263000,-237.000000,-881.000000,923.000000,169.000000,286.000000,504.000000
890,1743679406301425,129.658005,-93.955498,97.652100,129.658005,92.478302,270.459991,105.188004,-76.599998,79.509003,105.133003,75.249001,215.835999,-230.000000,-761.000000,1262.000000,327.000000,492.000000,744.000000
893,1743679406306787,130.143997,-94.301102,98.012100,130.143997,92.818298,271.540009,105.642998,-76.922997,79.825996,105.559998,75.537003,216.837997,-435.000000,-347.000000,1243.000000,16.000000,334.000000,527.000000
895,1743679406312212,130.466995,-94.531601,98.251999,130.466995,93.044899,272.260010,105.947998,-77.135002,80.040001,105.871002,75.866997,217.845001,-575.000000,-580.000000,1509.000000,98.000000,741.000000,455.000000
897,1743679406316614,130.791000,-94.762001,98.491997,130.791000,93.271599,272.980011,106.398003,-77.419998,80.307999,106.346001,76.195000,218.796005,-624.000000,-512.000000,1249.000000,146.000000,514.000000,468.000000
900,1743679406322038,131.276001,-95.107697,98.851997,131.276001,93.611603,274.059998,106.797997,-77.727997,80.598999,106.774002,76.378998,219.259003,47.000000,-1269.000000,2144.000000,629.000000,528.000000,946.000000
902,1743679406327467,131.600006,-95.338203,99.091904,131.600006,93.838203,274.779999,107.071999,-77.939003,80.830002,107.056000,76.712997,220.436005,1210.000000,-1491.000000,2938.000000,653.000000,630.000000,1317.000000
905,1743679406332796,132.085007,-95.683800,99.451897,132.085007,94.178200,275.859985,107.498001,-78.253998,81.204002,107.505997,76.900002,221.044006,77.000000,-889.000000,1657.000000,185.000000,670.000000,620.000000
907,1743679406337180,132.408997,-95.914299,99.691902,132.408997,94.404800,276.579987,107.969002,-78.568001,81.547997,107.911003,77.213997,222.039993,-119.000000,-656.000000,1267.000000,198.000000,641.000000,558.000000
909,1743679406342590,132.733002,-96.144699,99.931801,132.733002,94.631500,277.299988,108.358002,-78.849998,81.844002,108.304001,77.418999,222.727997,-333.000000,-655.000000,1089.000000,365.000000,329.000000,536.000000
912,1743679406347974,133.218002,-96.490402,100.292000,133.218002,94.971497,278.380005,108.820000,-79.177002,82.179001,108.612999,77.801003,223.888000,-73.000000,-845.000000,1429.000000,155.000000,528.000000,668.000000
914,1743679406353432,133.542007,-96.720901,100.531998,133.542007,95.198097,279.100006,109.107002,-79.391998,82.392998,109.061996,78.024002,224.576996,-81.000000,-663.000000,1245.000000,158.000000,321.000000,844.000000
917,1743679406358800,134.026993,-97.066498,100.891998,134.026993,95.538101,280.179993,109.537003,-79.685997,82.574997,109.348999,78.297997,225.569000,-534.000000,-697.000000,1235.000000,20.000000,466.000000,495.000000
919,1743679406364220,134.350998,-97.296997,101.132004,134.350998,95.764801,280.899994,109.793999,-79.890999,82.882004,109.772003,78.619003,226.511002,-616.000000,-732.000000,1624.000000,87.000000,724.000000,575.000000
921,1743679406368549,134.673996,-97.527397,101.372002,134.673996,95.991402,281.619995,110.220001,-80.194000,83.191002,110.196999,78.910004,227.404007,460.000000,-1110.000000,2334.000000,589.000000,814.000000,1368.000000
924,1743679406373938,135.158997,-97.873100,101.732002,135.158997,96.331398,282.700012,110.514000,-80.403999,83.419998,110.482002,79.097000,228.104004,457.000000,-1111.000000,2410.000000,373.000000,406.000000,765.000000
926,1743679406378242,135.483002,-98.103600,101.972000,135.483002,96.557999,283.420013,110.945999,-80.733002,83.777000,110.945999,79.379997,229.113998,-46.000000,-788.000000,1919.000000,91.000000,461.000000,438.000000
928,1743679406383706,135.807007,-98.334000,102.211998,135.807007,96.784698,284.140015,111.407997,-81.047997,84.117996,111.384003,79.599998,229.761993,-258.000000,-513.000000,1606.000000,281.000000,616.000000,609.000000
931,1743679406389102,136.292007,-98.679703,102.571999,136.292007,97.124702,285.220001,111.967003,-81.386002,84.434998,111.843002,79.963997,230.710999,-433.000000,-633.000000,1512.000000,315.000000,384.000000,484.000000
933,1743679406393403,136.615997,-98.910103,102.811996,136.615997,97.351303,285.940002,112.339996,-81.649002,84.762001,112.268997,80.440002,232.061996,139.000000,-1062.000000,1456.000000,443.000000,488.000000,1215.000000
936,1743679406399950,137.100998,-99.255798,103.170998,137.100998,97.691299,287.019989,112.339996,-81.649002,84.762001,112.268997,80.440002,232.061996,139.000000,-1062.000000,1456.000000,443.000000,488.000000,1215.000000
938,1743679406404273,137.425003,-99.486298,103.411003,137.425003,97.917900,287.739990,113.042999,-82.166000,85.295998,113.031998,80.866997,233.621994,-494.000000,-451.000000,1379.000000,70.000000,517.000000,684.000000
940,1743679406409703,137.748001,-99.716698,103.651001,137.748001,98.144600,288.459991,113.495003,-82.471001,85.612000,113.439003,81.162003,234.292999,-468.000000,-695.000000,1863.000000,-16.000000,535.000000,458.000000
943,1743679406415175,138.233994,-100.061996,104.011002,138.233994,98.484596,289.540009,113.862000,-82.744003,85.889000,113.792000,81.435997,235.384003,-409.000000,-838.000000,1830.000000,34.000000,548.000000,648.000000
945,1743679406419481,138.557007,-100.292999,104.250999,138.557007,98.711197,290.260010,114.292999,-83.073997,86.181999,114.210999,81.720001,236.393997,616.000000,-1301.000000,2356.000000,515.000000,545.000000,912.000000
948,1743679406426055,139.042999,-100.639000,104.611000,139.042999,99.051201,291.339996,114.585999,-83.264999,86.407997,114.498001,81.885002,237.082001,213.000000,-899.000000,1912.000000,-28.000000,316.000000,593.000000
950,1743679406431499,139.365997,-100.869003,104.850998,139.365997,99.277901,292.059998,114.991997,-83.572998,86.748001,114.962997,82.124001,237.723999,-525.000000,-549.000000,1605.000000,108.000000,701.000000,503.000000
952,1743679406435887,139.690002,-101.098999,105.091003,139.690002,99.504501,292.779999,115.378998,-83.814003,87.003998,115.344002,82.510002,238.796005,-558.000000,-525.000000,1241.000000,138.000000,204.000000,500.000000
955,1743679406441295,140.175003,-101.445000,105.450996,140.175003,99.844498,293.859985,115.757004,-84.074997,87.261002,115.690002,82.764999,239.598999,561.000000,-1125.000000,2042.000000,586.000000,841.000000,1166.000000
957,1743679406446681,140.498993,-101.676003,105.691002,140.498993,100.070999,294.579987,116.156998,-84.398003,87.607002,116.087997,83.044998,240.612000,96.000000,-883.000000,1519.000000,105.000000,349.000000,724.000000
959,1743679406451054,140.822006,-101.905998,105.931000,140.822006,100.297997,295.299988,116.156998,-84.398003,87.607002,116.087997,83.044998,240.612000,96.000000,-883.000000,1519.000000,105.000000,349.000000,724.000000
961,1743679406455361,141.145996,-102.136002,106.170998,141.145996,100.524002,296.019989,116.883003,-84.927002,88.133003,116.842003,83.549004,242.238007,-313.000000,-693.000000,1610.000000,61.000000,357.000000,398.000000
964,1743679406460837,141.630997,-102.482002,106.530998,141.630997,100.863998,297.100006,116.883003,-84.927002,88.133003,116.842003,83.549004,242.238007,-313.000000,-693.000000,1610.000000,61.000000,357.000000,398.000000
966,1743679406466258,141.955002,-102.712997,106.771004,141.955002,101.091003,297.820007,117.257004,-85.196999,88.417000,117.228996,83.820000,243.065994,123.000000,-911.000000,2342.000000,393.000000,787.000000,1367.000000
968,1743679406470575,142.279007,-102.943001,107.011002,142.279007,101.318001,298.540009,117.689003,-85.478996,88.744003,117.718002,84.024002,243.722000,626.000000,-971.000000,2179.000000,188.000000,492.000000,1038.000000
971,1743679406476004,142.764008,-103.289001,107.371002,142.764008,101.657997,299.619995,117.992996,-85.700996,88.971001,118.019997,84.320999,244.662003,87.000000,-554.000000,2179.000000,6.000000,383.000000,610.000000
973,1743679406481571,143.087997,-103.518997,107.611000,143.087997,101.884003,300.339996,118.442001,-86.027000,89.314003,118.384003,84.639999,245.682999,-554.000000,-443.000000,1706.000000,-42.000000,496.000000,631.000000
975,1743679406485929,143.410995,-103.750000,107.850998,143.410995,102.111000,301.059998,118.910004,-86.329002,89.643997,118.803001,84.887001,246.302994,-425.000000,-837.000000,1599.000000,301.000000,668.000000,523.000000
978,1743679406491435,143.897003,-104.095001,108.210999,143.897003,102.450996,302.140015,119.226997,-86.531998,89.853996,119.101997,85.244003,247.490997,242.000000,-1195.000000,1948.000000,477.000000,442.000000,1014.000000
980,1743679406496935,144.220001,-104.325996,108.450996,144.220001,102.678001,302.859985,119.598999,-86.775002,90.117996,119.501999,85.431999,248.169998,569.000000,-1314.000000,1958.000000,413.000000,581.000000,1050.000000
983,1743679406501383,144.705994,-104.670998,108.810997,144.705994,103.017998,303.940002,120.007004,-87.113998,90.475998,119.966003,85.714996,249.119995,-58.000000,-1023.000000,1863.000000,23.000000,402.000000,628.000000
985,1743679406506783,145.029007,-104.902000,109.051003,145.029007,103.244003,304.660004,120.475998,-87.422997,90.795998,120.415001,85.934998,249.787003,-262.000000,-583.000000,1640.000000,206.000000,583.000000,572.000000
988,1743679406512238,145.514999,-105.247002,109.411003,145.514999,103.584000,305.739990,120.876999,-87.696999,91.075996,120.776001,86.344002,250.949005,-452.000000,-315.000000,2110.000000,194.000000,311.000000,664.000000
990,1743679406517682,145.837997,-105.477997,109.651001,145.837997,103.810997,306.459991,121.264000,-87.967003,91.351997,121.096001,86.526001,251.473999,-42.000000,-709.000000,2015.000000,322.000000,344.000000,826.000000
992,1743679406522050,146.162003,-105.708000,109.890999,146.162003,104.038002,307.179993,121.691002,-88.299004,91.670998,121.393997,86.860001,252.460007,-270.000000,-432.000000,1524.000000,271.000000,348.000000,534.000000
994,1743679406526413,146.485001,-105.939003,110.130997,146.485001,104.264000,307.899994,121.967003,-88.515999,91.876999,121.863998,87.089996,253.483002,-554.000000,-547.000000,1704.000000,-15.000000,313.000000,553.000000
997,1743679406531865,146.970993,-106.285004,110.490997,146.970993,104.603996,308.980011,122.415001,-88.792000,92.178001,122.324997,87.453003,254.442993,-528.000000,-454.000000,2064.000000,-91.000000,715.000000,576.000000
999,1743679406537302,147.294006,-106.514999,110.731003,147.294006,104.831001,309.700012,122.820999,-89.082001,92.509003,122.750000,87.646004,255.070007,-57.000000,-1149.000000,2328.000000,364.000000,460.000000,1028.000000
1001,1743679406541626,147.617996,-106.745003,110.971001,147.617996,105.056999,310.420013,123.175003,-89.357002,92.801003,123.114998,87.901001,255.852005,399.000000,-975.000000,2134.000000,232.000000,545.000000,968.000000
1004,1743679406547070,148.102997,-107.091003,111.331001,148.102997,105.397003,311.500000,123.449997,-89.582001,93.033997,123.369003,88.139000,256.832001,-65.000000,-595.000000,2023.000000,-28.000000,308.000000,654.000000
1006,1743679406551415,148.427002,-107.321999,111.570999,148.427002,105.624001,312.218994,123.887001,-89.894997,93.370003,123.823997,88.463997,257.802002,-260.000000,-669.000000,1862.000000,86.000000,574.000000,518.000000
1008,1743679406556827,148.750000,-107.552002,111.810997,148.750000,105.850998,312.937012,124.190002,-90.089996,93.584999,124.126999,88.688004,258.489014,162.000000,-913.000000,2165.000000,447.000000,654.000000,1149.000000
1011,1743679406562247,149.235992,-107.898003,112.169998,149.235992,106.191002,314.014008,124.737000,-90.425003,93.804001,124.414001,88.933998,259.345001,471.000000,-1352.000000,2081.000000,460.000000,420.000000,861.000000
1013,1743679406567722,149.559006,-108.127998,112.410004,149.559006,106.417000,314.730011,124.989998,-90.644997,94.169998,124.920998,89.276001,260.341003,200.000000,-1120.000000,1790.000000,323.000000,663.000000,624.000000
1016,1743679406572234,150.044998,-108.473999,112.769997,150.044998,106.757004,315.803009,125.434998,-90.987999,94.498001,125.370003,89.567001,261.234009,-269.000000,-679.000000,1512.000000,304.000000,445.000000,713.000000
1018,1743679406577609,150.367996,-108.704002,113.010002,150.367996,106.984001,316.515991,125.903000,-91.315002,94.828003,125.792999,89.747002,261.895996,-418.000000,-308.000000,2232.000000,38.000000,248.000000,560.000000
1020,1743679406582989,150.692001,-108.934998,113.250000,150.692001,107.210999,317.227997,126.305000,-91.580002,95.107002,126.202003,90.099998,263.075012,-86.000000,-858.000000,2441.000000,287.000000,547.000000,1155.000000
1023,1743679406588495,151.177002,-109.279999,113.610001,151.177002,107.551003,318.291992,126.613998,-91.782997,95.329002,126.498001,90.294998,263.757996,267.000000,-1058.000000,2201.000000,306.000000,547.000000,796.000000
1025,1743679406593947,151.501007,-109.511002,113.849998,151.501007,107.777000,319.000000,127.041000,-92.124001,95.669998,126.940002,90.609001,264.735992,-382.000000,-780.000000,2196.000000,-108.000000,430.000000,518.000000
1028,1743679406598355,151.985992,-109.856003,114.209999,151.985992,108.116997,320.056000,127.455002,-92.414001,95.974998,127.341003,90.786003,265.391998,-538.000000,-600.000000,2102.000000,-94.000000,422.000000,506.000000
1030,1743679406603739,152.309998,-110.086998,114.449997,152.309998,108.344002,320.757996,127.705002,-92.602997,96.182999,127.625000,91.211998,266.057007,-326.000000,-518.000000,1621.000000,173.000000,678.000000,484.000000
1033,1743679406609120,152.794998,-110.432999,114.809998,152.794998,108.683998,321.806000,128.195999,-92.886002,96.500999,128.093002,91.470001,266.984985,519.000000,-1113.000000,2267.000000,534.000000,424.000000,1211.000000
1035,1743679406614518,153.119003,-110.663002,115.050003,153.119003,108.911003,322.501007,128.507996,-93.143997,96.789001,128.492996,91.734001,268.096985,549.000000,-963.000000,2023.000000,92.000000,507.000000,871.000000
1038,1743679406619984,153.604004,-111.009003,115.410004,153.604004,109.250999,323.537994,128.925003,-93.489998,97.146004,128.912994,91.947998,268.779999,83.000000,-820.000000,1691.000000,157.000000,544.000000,512.000000
1040,1743679406624346,153.927994,-111.238998,115.650002,153.927994,109.476997,324.226013,129.386993,-93.792999,97.348999,129.203995,92.245003,269.783997,-225.000000,-496.000000,1953.000000,198.000000,449.000000,492.000000
1042,1743679406629795,154.251999,-111.470001,115.889999,154.251999,109.704002,324.910004,129.621994,-93.955002,97.621002,129.542007,92.539001,270.622986,-259.000000,-535.000000,1776.000000,105.000000,476.000000,493.000000
1045,1743679406635336,154.737000,-111.815002,116.250000,154.737000,110.043999,325.929993,130.141998,-94.294998,97.987999,129.880997,92.764000,271.429993,1169.000000,-1748.000000,2928.000000,722.000000,650.000000,1334.000000
1047,1743679406639739,155.061005,-112.045998,116.489998,155.061005,110.269997,326.605011,130.399002,-94.511002,98.200996,130.354004,93.032997,272.423004,604.000000,-1289.000000,2196.000000,210.000000,479.000000,824.000000
1049,1743679406645300,155.384003,-112.276001,116.730003,155.384003,110.497002,327.276001,130.852005,-94.855003,98.531998,130.837006,93.348999,273.398010,-333.000000,-496.000000,2323.000000,-30.000000,620.000000,563.000000
1051,1743679406649712,155.707993,-112.507004,116.970001,155.707993,110.723999,327.944000,131.244003,-95.115997,98.816002,131.222000,93.552002,273.911011,-295.000000,-684.000000,2215.000000,-89.000000,400.000000,534.000000
1054,1743679406655225,156.192993,-112.851997,117.330002,156.192993,111.064003,328.937012,131.649994,-95.383003,99.102997,131.550995,93.974998,275.096008,79.000000,-960.000000,1857.000000,296.000000,437.000000,754.000000
1057,1743679406660641,156.679001,-113.197998,117.690002,156.679001,111.403999,329.920013,132.106995,-95.714996,99.447998,131.957993,94.128998,275.760010,90.000000,-961.000000,1706.000000,114.000000,265.000000,615.000000
1059,1743679406666106,157.001999,-113.428001,117.930000,157.001999,111.629997,330.570007,132.395996,-95.917999,99.658997,132.279007,94.456001,276.789001,-96.000000,-593.000000,1761.000000,161.000000,796.000000,575.000000
1061,1743679406670448,157.326004,-113.658997,118.169998,157.326004,111.857002,331.214996,132.794998,-96.228996,99.967003,132.729996,94.625000,277.406006,-446.000000,-463.000000,1980.000000,-68.000000,198.000000,471.000000
1064,1743679406675944,157.811005,-114.004997,118.529999,157.811005,112.196999,332.173004,133.190002,-96.484001,100.225998,133.121994,95.022003,277.993011,-506.000000,-302.000000,2445.000000,67.000000,448.000000,517.000000
1067,1743679406682483,158.296997,-114.349998,118.889999,158.296997,112.537003,333.118988,133.667007,-96.785004,100.563004,133.518005,95.221001,279.126007,407.000000,-1093.000000,2951.000000,468.000000,571.000000,1188.000000
1069,1743679406687908,158.619995,-114.581001,119.129997,158.619995,112.764000,333.743011,133.955994,-96.981003,100.779999,133.811996,95.483002,280.144012,192.000000,-1200.000000,2013.000000,181.000000,297.000000,689.000000
1071,1743679406692282,158.944000,-114.810997,119.370003,158.944000,112.989998,334.360992,134.363998,-97.329002,101.123001,134.250000,95.693001,280.842010,-227.000000,-981.000000,1974.000000,266.000000,508.000000,668.000000
1074,1743679406697714,159.429001,-115.156998,119.730003,159.429001,113.330002,335.278015,134.783997,-97.620003,101.324997,134.548004,96.042999,281.809998,-99.000000,-923.000000,2295.000000,32.000000,419.000000,672.000000
1076,1743679406703221,159.753006,-115.387001,119.970001,159.753006,113.556999,335.881989,135.074005,-97.848000,101.692001,134.990997,96.384003,282.813995,195.000000,-1053.000000,1813.000000,473.000000,654.000000,982.000000
1078,1743679406707629,160.076004,-115.617996,120.209999,160.076004,113.783997,336.479004,135.479996,-98.128998,101.983002,135.449997,96.640999,283.480011,557.000000,-863.000000,1683.000000,148.000000,273.000000,784.000000
1081,1743679406713152,160.561996,-115.962997,120.570000,160.561996,114.124001,337.363007,135.768997,-98.351997,102.203003,135.753006,96.829002,284.360992,-59.000000,-673.000000,1889.000000,-14.000000,501.000000,670.000000
1083,1743679406717577,160.884995,-116.194000,120.809998,160.884995,114.349998,337.945007,136.194000,-98.671997,102.525002,136.126007,96.990997,285.052002,-320.000000,-619.000000,2445.000000,-94.000000,445.000000,524.000000
1085,1743679406723100,161.209000,-116.424004,121.050003,161.209000,114.577003,338.519012,136.649994,-98.986000,102.830002,136.382004,97.289001,285.981995,-418.000000,-525.000000,1723.000000,11.000000,420.000000,528.000000
1087,1743679406727518,161.531998,-116.654999,121.289001,161.531998,114.803001,339.087006,137.128998,-99.181000,103.036003,136.835999,97.612999,286.964996,699.000000,-819.000000,2939.000000,477.000000,721.000000,1171.000000
1090,1743679406734196,162.018005,-117.000000,121.649002,162.018005,115.142998,339.924988,137.432007,-99.459000,103.342003,137.294006,97.808998,287.653015,577.000000,-1057.000000,2304.000000,115.000000,394.000000,912.000000
1092,1743679406738561,162.503006,-117.346001,122.009003,162.503006,115.483002,340.747009,137.671005,-99.684998,103.584999,137.619995,98.168999,288.601013,-146.000000,-885.000000,2045.000000,153.000000,688.000000,507.000000
1095,1743679406744028,162.826996,-117.577003,122.249001,162.826996,115.709999,341.285004,138.098007,-100.011002,103.911003,138.041000,98.508003,289.513000,-182.000000,-765.000000,2273.000000,15.000000,317.000000,449.000000
1097,1743679406748400,163.149994,-117.806999,122.488998,163.149994,115.936996,341.816010,138.559998,-100.316002,104.237999,138.408005,98.697998,290.165985,568.000000,-914.000000,2777.000000,538.000000,550.000000,842.000000
1100,1743679406753774,163.636002,-118.153000,122.848999,163.636002,116.277000,342.596985,138.959000,-100.573997,104.532997,138.768997,98.950996,290.989990,551.000000,-1019.000000,2337.000000,315.000000,670.000000,830.000000
1102,1743679406758162,163.959000,-118.383003,123.088997,163.959000,116.502998,343.108002,139.257996,-100.785004,104.764999,139.097000,99.227997,291.977997,96.000000,-973.000000,1765.000000,246.000000,381.000000,606.000000
1104,1743679406763603,164.283005,-118.613998,123.329002,164.283005,116.730003,343.610992,139.692993,-101.086998,105.054001,139.563004,99.523003,292.915985,-148.000000,-803.000000,1566.000000,28.000000,448.000000,529.000000
1107,1743679406769113,164.766998,-118.959000,123.689003,164.766998,117.070000,344.350006,140.074005,-101.416000,105.377998,140.048004,99.721001,293.587006,-477.000000,-964.000000,2468.000000,-74.000000,569.000000,625.000000
1109,1743679406773519,165.089005,-119.190002,123.929001,165.089005,117.296997,344.833008,140.524002,-101.716003,105.702003,140.475006,100.017998,294.385010,503.000000,-980.000000,2732.000000,489.000000,554.000000,890.000000
1111,1743679406778996,165.410004,-119.419998,124.168999,165.410004,117.523003,345.308014,140.813995,-101.924004,105.928001,140.755997,100.427002,295.441986,371.000000,-1008.000000,2724.000000,10.000000,414.000000,653.000000
1113,1743679406783477,165.729996,-119.651001,124.408997,165.729996,117.750000,345.774994,141.207993,-102.268997,106.278000,141.151993,100.602997,296.049011,-436.000000,-708.000000,2431.000000,47.000000,239.000000,523.000000
1116,1743679406789059,166.207993,-119.996002,124.768997,166.207993,118.089996,346.459991,141.481003,-102.509003,106.501999,141.451004,100.879997,296.989014,-332.000000,-825.000000,2209.000000,7.000000,491.000000,637.000000
1118,1743679406793465,166.524994,-120.226997,125.009003,166.524994,118.317001,346.907013,141.942993,-102.807999,106.832001,141.906006,101.210999,297.928986,19.000000,-329.000000,2245.000000,33.000000,544.000000,748.000000
1121,1743679406798875,166.996994,-120.571999,125.369003,166.996994,118.656998,347.562988,142.444000,-103.085999,107.141998,142.330002,101.373001,298.587006,959.000000,-1124.000000,2305.000000,627.000000,582.000000,909.000000
1123,1743679406803228,167.309998,-120.803001,125.609001,167.309998,118.883003,347.989014,142.709000,-103.295998,107.358002,142.628006,101.661003,299.506989,277.000000,-890.000000,1111.000000,232.000000,591.000000,654.000000
1125,1743679406808666,167.621002,-121.032997,125.848999,167.621002,119.110001,348.407990,143.136002,-103.613998,107.660004,143.052994,101.865997,300.071991,-94.000000,-944.000000,2151.000000,106.000000,542.000000,453.000000
1128,1743679406814074,168.082993,-121.378998,126.209000,168.082993,119.449997,349.022003,143.576004,-103.945000,108.001999,143.311005,102.170998,300.984985,-351.000000,-495.000000,3297.000000,158.000000,522.000000,440.000000
1130,1743679406818418,168.389008,-121.609001,126.447998,168.389008,119.676003,349.420990,143.889999,-104.149002,108.234001,143.738998,102.584000,301.873993,540.000000,-966.000000,3151.000000,515.000000,648.000000,929.000000
1133,1743679406824905,168.841995,-121.954002,126.806000,168.841995,120.015999,350.003998,143.889999,-104.149002,108.234001,143.738998,102.584000,301.873993,540.000000,-966.000000,3151.000000,515.000000,648.000000,929.000000
1135,1743679406829285,169.141006,-122.183998,127.043999,169.141006,120.241997,350.382996,144.375000,-104.430000,108.556999,144.231003,102.888000,302.824005,468.000000,-1246.000000,2202.000000,137.000000,206.000000,576.000000
1137,1743679406834787,169.436996,-122.413002,127.280998,169.436996,120.467003,350.753998,145.063004,-104.973999,109.102997,144.981995,103.396004,304.403015,-138.000000,-1067.000000,2264.000000,52.000000,574.000000,664.000000
1139,1743679406839212,169.729996,-122.640999,127.516998,169.729996,120.692001,351.117004,145.528000,-105.278999,109.400002,145.401993,103.580002,304.979004,383.000000,-838.000000,2400.000000,387.000000,390.000000,682.000000
1142,1743679406844641,170.162994,-122.981003,127.869003,170.162994,121.028000,351.645996,145.953003,-105.541000,109.670998,145.481995,103.831001,305.657990,566.000000,-912.000000,2448.000000,387.000000,711.000000,763.000000
1145,1743679406851250,170.589005,-123.318001,128.216995,170.589005,121.361000,352.157013,146.283997,-105.750999,109.912003,146.085007,104.130997,306.535004,289.000000,-577.000000,2338.000000,81.000000,260.000000,427.000000
1147,1743679406855643,170.867996,-123.541000,128.447006,170.867996,121.581001,352.488007,146.733994,-106.072998,110.249001,146.533997,104.377998,307.425995,-42.000000,-1134.000000,2017.000000,94.000000,490.000000,551.000000
1149,1743679406861183,171.143005,-123.763000,128.675003,171.143005,121.800003,352.811005,147.153000,-106.389999,110.565002,146.981995,104.646004,308.010986,-279.000000,-794.000000,2643.000000,-16.000000,911.000000,435.000000
1151,1743679406865607,171.414001,-123.983002,128.901993,171.414001,122.016998,353.126007,147.507004,-106.648003,110.737999,147.177994,104.945999,308.705994,311.000000,-1249.000000,2873.000000,217.000000,350.000000,852.000000
1155,1743679406872232,171.944000,-124.416000,129.347000,171.944000,122.445000,353.731995,147.774994,-106.839996,111.080002,147.595001,105.253998,309.515015,651.000000,-1069.000000,2477.000000,462.000000,537.000000,587.000000
1157,1743679406877750,172.201996,-124.629997,129.567001,172.201996,122.655998,354.023010,147.774994,-106.839996,111.080002,147.595001,105.253998,309.515015,651.000000,-1069.000000,2477.000000,462.000000,537.000000,587.000000
1160,1743679406883139,172.580994,-124.945000,129.891006,172.580994,122.969002,354.444000,148.610001,-107.476997,111.735001,148.498993,105.717003,310.947998,-122.000000,-772.000000,2249.000000,-8.000000,632.000000,456.000000
1162,1743679406887462,172.826996,-125.153000,130.102997,172.826996,123.174004,354.714996,149.024994,-107.803001,112.050003,148.815002,105.990997,311.800995,-98.000000,-1009.000000,2369.000000,38.000000,378.000000,539.000000
1164,1743679406892888,173.067993,-125.357002,130.311996,173.067993,123.375999,354.977997,149.334000,-108.016998,112.285004,149.238998,106.221001,312.381989,784.000000,-1379.000000,2969.000000,409.000000,805.000000,630.000000
1166,1743679406897217,173.304993,-125.557999,130.518005,173.304993,123.575996,355.233002,149.809998,-108.310997,112.609001,149.503998,106.526001,313.170013,417.000000,-882.000000,1681.000000,124.000000,279.000000,578.000000
1169,1743679406902571,173.647995,-125.855003,130.820999,173.647995,123.869003,355.600006,150.069000,-108.524002,112.828003,149.959000,106.875999,313.981995,56.000000,-1003.000000,1812.000000,264.000000,779.000000,480.000000
1171,1743679406907909,173.871002,-126.047997,131.018005,173.871002,124.060997,355.834991,150.496994,-108.869003,113.139000,150.434998,107.224998,314.729004,-185.000000,-802.000000,2437.000000,-79.000000,347.000000,584.000000
1173,1743679406912271,174.087006,-126.237999,131.212006,174.087006,124.249001,356.062012,150.792007,-109.089996,113.349998,150.733002,107.447998,315.204987,-411.000000,-711.000000,2943.000000,13.000000,190.000000,387.000000
1176,1743679406917623,174.401001,-126.515999,131.494995,174.401001,124.525002,356.386993,151.352997,-109.430000,113.621002,151.112000,107.642998,315.884003,698.000000,-938.000000,3498.000000,596.000000,863.000000,587.000000
1178,1743679406923059,174.602005,-126.695999,131.677994,174.602005,124.704002,356.593994,151.654999,-109.628998,113.954002,151.514999,107.928001,316.661011,296.000000,-795.000000,1496.000000,154.000000,547.000000,636.000000
1180,1743679406927398,174.796997,-126.872002,131.856995,174.796997,124.878998,356.792999,152.048996,-109.942001,114.257004,151.789001,108.085999,317.170990,-220.000000,-927.000000,1663.000000,281.000000,453.000000,488.000000
1183,1743679406932774,175.078003,-127.127998,132.117004,175.078003,125.133003,357.075989,152.373001,-110.224998,114.539001,152.281006,108.318001,317.779999,432.000000,-1806.000000,3091.000000,487.000000,814.000000,582.000000
1185,1743679406938231,175.255997,-127.293999,132.285004,175.255997,125.297997,357.256012,152.770996,-110.463997,114.807999,152.666000,108.598999,318.433014,939.000000,-1149.000000,2986.000000,320.000000,777.000000,563.000000
1188,1743679406944693,175.511002,-127.532997,132.526993,175.511002,125.536003,357.510986,153.179993,-110.717003,115.109001,153.039001,109.010002,319.253998,665.000000,-1265.000000,2794.000000,426.000000,532.000000,700.000000
1190,1743679406949076,175.671997,-127.685997,132.682007,175.671997,125.688004,357.671997,153.679001,-110.926003,115.344002,153.373993,109.176003,319.703003,177.000000,-835.000000,2262.000000,131.000000,424.000000,428.000000
1192,1743679406953401,175.826004,-127.834000,132.830994,175.826004,125.835999,357.825989,153.988007,-111.273003,115.706001,153.778000,109.569000,320.471985,-21.000000,-1158.000000,2156.000000,-8.000000,737.000000,409.000000
1195,1743679406958759,176.044006,-128.046997,133.044998,176.044006,126.047997,358.044006,154.332993,-111.572998,115.995003,154.104996,109.823997,321.092987,-216.000000,-1241.000000,2659.000000,9.000000,477.000000,509.000000
1197,1743679406964225,176.181000,-128.182007,133.181000,176.181000,126.182999,358.181000,154.785995,-111.875000,116.308998,154.550003,110.055000,321.571014,-200.000000,-836.000000,1856.000000,192.000000,647.000000,283.000000
1199,1743679406968612,176.311005,-128.311005,133.311005,176.311005,126.311996,358.311005,155.048996,-112.083000,116.530998,154.854996,110.375999,322.233002,-256.000000,-817.000000,1464.000000,203.000000,403.000000,571.000000
1202,1743679406973990,176.494995,-128.494995,133.494995,176.494995,126.495003,358.494995,155.445999,-112.390999,116.835999,155.300003,110.637001,322.873993,-359.000000,-611.000000,2069.000000,10.000000,298.000000,473.000000
1204,1743679406978369,176.608994,-128.608994,133.608994,176.608994,126.609001,358.609009,155.802002,-112.718002,117.143997,155.686996,110.803001,323.342010,-255.000000,-770.000000,3661.000000,30.000000,475.000000,292.000000
1206,1743679406983804,176.718002,-128.718002,133.718002,176.718002,126.718002,358.717987,156.123001,-112.972000,117.425003,156.029999,111.238998,324.092987,48.000000,-626.000000,3548.000000,372.000000,594.000000,263.000000
1209,1743679406989172,176.869995,-128.869995,133.869995,176.869995,126.870003,358.869995,156.123001,-112.972000,117.425003,156.029999,111.238998,324.092987,48.000000,-626.000000,3548.000000,372.000000,594.000000,263.000000
1211,1743679406994556,176.964996,-128.964996,133.964996,176.964996,126.964996,358.964996,156.871994,-113.455002,117.997002,156.688004,111.738998,325.203003,190.000000,-930.000000,1398.000000,491.000000,621.000000,608.000000
1214,1743679406999984,177.095993,-129.095993,134.095993,177.095993,127.096001,359.096008,157.263000,-113.751999,118.281998,157.119003,111.945000,325.635986,217.000000,-1610.000000,1497.000000,226.000000,596.000000,543.000000
1216,1743679407004316,177.177002,-129.177002,134.177002,177.177002,127.177002,359.177002,157.626007,-114.087997,118.589996,157.526001,112.237000,326.251007,142.000000,-1056.000000,1926.000000,240.000000,417.000000,499.000000
1218,1743679407009704,177.253998,-129.253998,134.253998,177.253998,127.253998,359.253998,157.626007,-114.087997,118.589996,157.526001,112.237000,326.251007,142.000000,-1056.000000,1926.000000,240.000000,417.000000,499.000000
1221,1743679407015055,177.358994,-129.358994,134.358994,177.358994,127.359001,359.359009,158.279007,-114.553001,119.054001,158.134995,112.788002,327.351990,-121.000000,-434.000000,3137.000000,-138.000000,221.000000,423.000000
1223,1743679407019340,177.423004,-129.423004,134.423004,177.423004,127.422997,359.423004,158.279007,-114.553001,119.054001,158.134995,112.788002,327.351990,-121.000000,-434.000000,3137.000000,-138.000000,221.000000,423.000000
1225,1743679407024733,177.483002,-129.483002,134.483002,177.483002,127.483002,359.483002,158.707001,-114.841003,119.384003,158.449997,112.976997,327.760986,-523.000000,-589.000000,2508.000000,128.000000,300.000000,360.000000
1227,1743679407030134,177.539001,-129.539001,134.539001,177.539001,127.539001,359.539001,158.960999,-115.031998,119.586998,158.694000,113.225998,328.437988,-123.000000,-930.000000,2079.000000,166.000000,328.000000,412.000000
1230,1743679407034540,177.613998,-129.613998,134.613998,177.613998,127.613998,359.614014,159.391998,-115.357002,119.935997,159.167999,113.458000,328.795990,59.000000,-1177.000000,2744.000000,90.000000,869.000000,359.000000
1232,1743679407039964,177.660004,-129.660004,134.660004,177.660004,127.660004,359.660004,159.617996,-115.556000,120.155998,159.421005,113.796997,329.385986,-1.000000,-1561.000000,2192.000000,-88.000000,463.000000,431.000000
1234,1743679407044295,177.701996,-129.701996,134.701996,177.701996,127.702003,359.701996,159.981003,-115.838997,120.480003,159.794006,114.027000,329.726990,-40.000000,-1092.000000,1520.000000,218.000000,351.000000,446.000000
1236,1743679407049713,177.740005,-129.740005,134.740005,177.740005,127.739998,359.739990,160.350006,-116.151001,120.731003,160.136002,114.290001,330.283997,69.000000,-724.000000,1152.000000,355.000000,394.000000,488.000000
1239,1743679407055238,177.791000,-129.791000,134.791000,177.791000,127.791000,359.790985,160.593002,-116.338997,120.903999,160.365997,114.554001,330.794006,293.000000,-630.000000,2417.000000,140.000000,575.000000,563.000000
1241,1743679407059548,177.820999,-129.820999,134.820999,177.820999,127.820999,359.821014,160.949997,-116.639000,121.206001,160.565002,114.740997,331.135986,103.000000,-660.000000,3178.000000,339.000000,533.000000,304.000000
1244,1743679407064982,177.860001,-129.860001,134.860001,177.860001,127.860001,359.859985,161.167007,-116.817001,121.391998,160.914993,114.985001,331.678986,-228.000000,-680.000000,2613.000000,185.000000,230.000000,382.000000
1246,1743679407069275,177.882996,-129.882996,134.882996,177.882996,127.883003,359.882996,161.763000,-117.343002,121.945999,161.610001,115.397003,332.490997,-207.000000,-994.000000,2239.000000,66.000000,431.000000,575.000000
1248,1743679407074642,177.903000,-129.903000,134.903000,177.903000,127.903000,359.903015,161.763000,-117.343002,121.945999,161.610001,115.397003,332.490997,-207.000000,-994.000000,2239.000000,66.000000,431.000000,575.000000
1250,1743679407080086,177.921005,-129.921005,134.921005,177.921005,127.920998,359.920990,162.020004,-117.563004,122.191002,161.886993,115.690002,333.049988,10.000000,-1087.000000,2425.000000,319.000000,602.000000,403.000000
1253,1743679407084491,177.942993,-129.942993,134.942993,177.942993,127.943001,359.942993,162.220993,-117.737000,122.378998,162.100998,115.898003,333.354004,-260.000000,-641.000000,1668.000000,-128.000000,522.000000,283.000000
1256,1743679407091015,177.960999,-129.960999,134.960999,177.960999,127.960999,359.960999,162.520004,-117.998001,122.639000,162.412994,116.165001,333.834015,192.000000,-826.000000,1749.000000,329.000000,359.000000,404.000000
1258,1743679407095396,177.970001,-129.970001,134.970001,177.970001,127.970001,359.970001,162.824005,-118.227997,122.872002,162.723999,116.327003,334.157013,134.000000,-558.000000,1865.000000,202.000000,305.000000,412.000000
1260,1743679407100809,177.977997,-129.977997,134.977997,177.977997,127.977997,359.977997,163.005005,-118.389999,123.029999,162.904999,116.570000,334.627014,131.000000,-626.000000,1874.000000,12.000000,728.000000,449.000000
1263,1743679407106205,177.987000,-129.987000,134.987000,177.987000,127.987000,359.987000,163.296005,-118.614998,123.277000,163.192993,116.713997,334.928986,-468.000000,-723.000000,2403.000000,178.000000,257.000000,298.000000
1265,1743679407111671,177.990997,-129.990997,134.990997,177.990997,127.990997,359.990997,163.578995,-118.870003,123.516998,163.460007,116.915001,335.308990,-786.000000,-363.000000,1645.000000,-360.000000,397.000000,204.000000
1267,1743679407116020,177.994995,-129.994995,134.994995,177.994995,127.995003,359.994995,163.751999,-119.029999,123.675003,163.626007,117.125000,335.726990,-240.000000,-678.000000,2132.000000,312.000000,426.000000,425.000000
1270,1743679407121400,177.998001,-129.998001,134.998001,177.998001,127.998001,359.997986,164.014008,-119.254997,123.896004,163.876999,117.263000,336.014008,368.000000,-762.000000,1960.000000,25.000000,379.000000,375.000000
1272,1743679407125709,177.998993,-129.998993,134.998993,177.998993,127.999001,359.998993,164.248993,-119.417000,124.067001,164.128006,117.471001,336.355988,262.000000,-375.000000,1766.000000,396.000000,415.000000,324.000000
1274,1743679407131154,178.000000,-130.000000,135.000000,178.000000,128.000000,360.000000,164.412994,-119.551003,124.221001,164.307007,117.685997,336.756989,-266.000000,-17.000000,2248.000000,-279.000000,193.000000,-11.000000
1276,1743679407135424,178.000000,-130.000000,135.000000,178.000000,128.000000,360.000000,164.671005,-119.744003,124.438004,164.550003,117.804001,336.967010,16.000000,-667.000000,1854.000000,400.000000,243.000000,510.000000
1279,1743679407140822,178.000000,-130.000000,135.000000,178.000000,128.000000,360.000000,164.912003,-119.936996,124.639000,164.783005,118.026001,337.355011,-180.000000,-613.000000,1684.000000,-26.000000,559.000000,438.000000
1279,1743679407146362,178.000000,-130.000000,135.000000,178.000000,128.000000,360.000000,165.070007,-120.061996,124.764000,164.914001,118.232002,337.704010,-286.000000,-883.000000,1962.000000,385.000000,506.000000,420.000000
1279,1743679407150731,178.000000,-130.000000,135.000000,178.000000,128.000000,360.000000,165.352005,-120.282997,124.987000,165.164001,118.411003,338.029999,-378.000000,-471.000000,1304.000000,-155.000000,326.000000,230.000000
1279,1743679407156214,178.000000,-130.000000,135.000000,178.000000,128.000000,360.000000,165.464996,-120.370003,125.057999,165.274002,118.554001,338.328003,-580.000000,-188.000000,1099.000000,212.000000,356.000000,369.000000
1279,1743679407160625,178.000000,-130.000000,135.000000,178.000000,128.000000,360.000000,165.677002,-120.551003,125.219002,165.492996,118.724998,338.688995,108.000000,-617.000000,1767.000000,301.000000,680.000000,469.000000
1279,1743679407166146,178.000000,-130.000000,135.000000,178.000000,128.000000,360.000000,165.919998,-120.735001,125.376999,165.720001,118.817001,338.889008,535.000000,-899.000000,2325.000000,228.000000,401.000000,303.000000
1279,1743679407170516,178.000000,-130.000000,135.000000,178.000000,128.000000,360.000000,166.087997,-120.845001,125.498001,165.856995,118.964996,339.208008,252.000000,-746.000000,2517.000000,486.000000,467.000000,412.000000
1279,1743679407176001,178.000000,-130.000000,135.000000,178.000000,128.000000,360.000000,166.315994,-121.001999,125.679001,166.069000,119.056000,339.438995,-399.000000,-375.000000,1833.000000,-307.000000,245.000000,347.000000
1279,1743679407181508,178.000000,-130.000000,135.000000,178.000000,128.000000,360.000000,166.500000,-121.156998,125.850998,166.246994,119.197998,339.740997,-468.000000,-266.000000,1609.000000,181.000000,315.000000,324.000000
1279,1743679407186991,178.000000,-130.000000,135.000000,178.000000,128.000000,360.000000,166.613007,-121.237999,125.936996,166.378998,119.324997,340.040985,-300.000000,-311.000000,2042.000000,27.000000,220.000000,495.000000
1279,1743679407191404,178.000000,-130.000000,135.000000,178.000000,128.000000,360.000000,166.759995,-121.370003,126.087997,166.572006,119.446999,340.389008,-9.000000,-719.000000,1949.000000,3.000000,433.000000,275.000000
1279,1743679407196895,178.000000,-130.000000,135.000000,178.000000,128.000000,360.000000,166.867996,-121.455002,126.193001,166.682999,119.531998,340.561005,146.000000,-667.000000,2123.000000,416.000000,596.000000,411.000000
1279,1743679407201318,178.000000,-130.000000,135.000000,178.000000,128.000000,360.000000,167.037003,-121.620003,126.362999,166.901001,119.638000,340.774994,-151.000000,-641.000000,1672.000000,-236.000000,403.000000,181.000000
1279,1743679407206780,178.000000,-130.000000,135.000000,178.000000,128.000000,360.000000,167.134003,-121.721001,126.467003,166.992996,119.766998,341.123993,181.000000,-636.000000,1737.000000,23.000000,165.000000,347.000000
1279,1743679407212277,178.000000,-130.000000,135.000000,178.000000,128.000000,360.000000,167.307007,-121.866997,126.606003,167.145996,119.906998,341.399994,331.000000,-852.000000,1795.000000,423.000000,574.000000,612.000000
1279,1743679407216676,178.000000,-130.000000,135.000000,178.000000,128.000000,360.000000,167.438995,-121.941002,126.677002,167.270996,120.014000,341.628998,220.000000,-555.000000,1806.000000,-39.000000,337.000000,208.000000
1279,1743679407222192,178.000000,-130.000000,135.000000,178.000000,128.000000,360.000000,167.438995,-121.941002,126.677002,167.270996,120.014000,341.628998,220.000000,-555.000000,1806.000000,-39.000000,337.000000,208.000000
1279,1743679407226579,178.000000,-130.000000,135.000000,178.000000,128.000000,360.000000,167.791000,-122.199997,126.944000,167.582001,120.227997,341.997986,-35.000000,-577.000000,1763.000000,300.000000,203.000000,330.000000
1279,1743679407232119,178.000000,-130.000000,135.000000,178.000000,128.000000,360.000000,167.938004,-122.327003,127.067001,167.740005,120.362000,342.243011,-28.000000,-548.000000,2063.000000,-116.000000,429.000000,363.000000
1279,1743679407236583,178.000000,-130.000000,135.000000,178.000000,128.000000,360.000000,167.938004,-122.327003,127.067001,167.740005,120.362000,342.243011,-28.000000,-548.000000,2063.000000,-116.000000,429.000000,363.000000
1279,1743679407242061,178.000000,-130.000000,135.000000,178.000000,128.000000,360.000000,168.035004,-122.407997,127.150002,167.856995,120.466003,342.528015,-194.000000,-580.000000,1780.000000,-104.000000,367.000000,179.000000
1279,1743679407246442,178.000000,-130.000000,135.000000,178.000000,128.000000,360.000000,168.218994,-122.570000,127.306000,168.095993,120.681000,342.960999,-309.000000,-901.000000,1804.000000,55.000000,195.000000,325.000000
1279,1743679407252015,178.000000,-130.000000,135.000000,178.000000,128.000000,360.000000,168.218994,-122.570000,127.306000,168.095993,120.681000,342.960999,-309.000000,-901.000000,1804.000000,55.000000,195.000000,325.000000
1279,1743679407256450,178.000000,-130.000000,135.000000,178.000000,128.000000,360.000000,168.313995,-122.703003,127.419998,168.263000,120.817001,343.209991,-146.000000,-680.000000,1860.000000,-96.000000,325.000000,311.000000
1279,1743679407261933,178.000000,-130.000000,135.000000,178.000000,128.000000,360.000000,168.389999,-122.813004,127.525002,168.397003,120.880997,343.360992,358.000000,-721.000000,1919.000000,332.000000,511.000000,224.000000
1279,1743679407266404,178.000000,-130.000000,135.000000,178.000000,128.000000,360.000000,168.494003,-122.916000,127.635002,168.472000,120.981003,343.605988,185.000000,-620.000000,1867.000000,445.000000,482.000000,362.000000
1279,1743679407271962,178.000000,-130.000000,135.000000,178.000000,128.000000,360.000000,168.572006,-122.977997,127.705002,168.619003,121.051003,343.744995,464.000000,-654.000000,2132.000000,33.000000,269.000000,383.000000
1279,1743679407276338,178.000000,-130.000000,135.000000,178.000000,128.000000,360.000000,168.697006,-123.077003,127.807999,168.727997,121.148003,344.001007,386.000000,-521.000000,1914.000000,-58.000000,301.000000,434.000000
1279,1743679407281803,178.000000,-130.000000,135.000000,178.000000,128.000000,360.000000,168.791000,-123.129997,127.879997,168.839996,121.250999,344.212006,378.000000,-572.000000,1890.000000,395.000000,291.000000,506.000000
1279,1743679407286208,178.000000,-130.000000,135.000000,178.000000,128.000000,360.000000,168.927994,-123.223999,127.985001,168.968002,121.331001,344.433014,367.000000,-929.000000,1947.000000,356.000000,535.000000,422.000000
1279,1743679407291689,178.000000,-130.000000,135.000000,178.000000,128.000000,360.000000,169.039001,-123.291000,128.057999,169.048004,121.400002,344.575012,255.000000,-758.000000,1984.000000,36.000000,420.000000,293.000000
1279,1743679407297254,178.000000,-130.000000,135.000000,178.000000,128.000000,360.000000,169.248993,-123.402000,128.145004,169.147995,121.468002,344.760010,20.000000,-662.000000,1781.000000,-25.000000,251.000000,309.000000
1279,1743679407301702,178.000000,-130.000000,135.000000,178.000000,128.000000,360.000000,169.369003,-123.459999,128.242996,169.261993,121.542999,344.976990,438.000000,-567.000000,1640.000000,327.000000,408.000000,457.000000
1279,1743679407307120,178.000000,-130.000000,135.000000,178.000000,128.000000,360.000000,169.526993,-123.553001,128.345001,169.389999,121.633003,345.192993,-204.000000,-757.000000,2282.000000,386.000000,192.000000,308.000000
1279,1743679407311552,178.000000,-130.000000,135.000000,178.000000,128.000000,360.000000,169.651993,-123.639999,128.442993,169.507996,121.680000,345.341003,-117.000000,-659.000000,1989.000000,-123.000000,396.000000,341.000000
1279,1743679407317081,178.000000,-130.000000,135.000000,178.000000,128.000000,360.000000,169.755005,-123.721001,128.503998,169.582993,121.776001,345.550995,-339.000000,-612.000000,1675.000000,-80.000000,421.000000,351.000000
1279,1743679407321497,178.000000,-130.000000,135.000000,178.000000,128.000000,360.000000,169.815994,-123.778000,128.589005,169.697006,121.845001,345.687988,-164.000000,-741.000000,1886.000000,262.000000,357.000000,123.000000
1279,1743679407327000,178.000000,-130.000000,135.000000,178.000000,128.000000,360.000000,169.889008,-123.875999,128.651001,169.759995,121.918999,345.877014,57.000000,-794.000000,1796.000000,445.000000,308.000000,732.000000
1279,1743679407331406,178.000000,-130.000000,135.000000,178.000000,128.000000,360.000000,169.921997,-123.938004,128.738998,169.882996,122.011002,346.078003,221.000000,-810.000000,1652.000000,174.000000,401.000000,296.000000
1279,1743679407336880,178.000000,-130.000000,135.000000,178.000000,128.000000,360.000000,169.973999,-124.027000,128.820999,170.009995,122.089996,346.290009,319.000000,-766.000000,2164.000000,-53.000000,202.000000,313.000000
1279,1743679407341294,178.000000,-130.000000,135.000000,178.000000,128.000000,360.000000,170.046997,-124.119003,128.910004,170.119995,122.142998,346.408997,192.000000,-363.000000,1815.000000,249.000000,420.000000,358.000000
1279,1743679407346774,178.000000,-130.000000,135.000000,178.000000,128.000000,360.000000,170.151993,-124.199997,128.992996,170.190002,122.224998,346.604004,409.000000,-636.000000,1980.000000,469.000000,452.000000,282.000000
1279,1743679407352268,178.000000,-130.000000,135.000000,178.000000,128.000000,360.000000,170.151993,-124.199997,128.992996,170.190002,122.224998,346.604004,409.000000,-636.000000,1980.000000,469.000000,452.000000,282.000000
1279,1743679407356651,178.000000,-130.000000,135.000000,178.000000,128.000000,360.000000,170.358002,-124.339996,129.115005,170.384003,122.360001,346.904999,332.000000,-833.000000,1493.000000,-14.000000,368.000000,309.000000
1279,1743679407362191,178.000000,-130.000000,135.000000,178.000000,128.000000,360.000000,170.455994,-124.393997,129.199005,170.494995,122.454002,347.105988,290.000000,-702.000000,1977.000000,0.000000,400.000000,391.000000
1279,1743679407366596,178.000000,-130.000000,135.000000,178.000000,128.000000,360.000000,170.455994,-124.393997,129.199005,170.494995,122.454002,347.105988,290.000000,-702.000000,1977.000000,0.000000,400.000000,391.000000
1279,1743679407372067,178.000000,-130.000000,135.000000,178.000000,128.000000,360.000000,170.630997,-124.476997,129.276993,170.597000,122.549004,347.234985,263.000000,-700.000000,1962.000000,276.000000,324.000000,389.000000
1279,1743679407376465,178.000000,-130.000000,135.000000,178.000000,128.000000,360.000000,170.809006,-124.549004,129.358002,170.707993,122.602997,347.411987,172.000000,-666.000000,1622.000000,327.000000,456.000000,260.000000
1279,1743679407381928,178.000000,-130.000000,135.000000,178.000000,128.000000,360.000000,170.914001,-124.597000,129.412003,170.794006,122.655998,347.540985,162.000000,-641.000000,1833.000000,149.000000,473.000000,236.000000
1279,1743679407386386,178.000000,-130.000000,135.000000,178.000000,128.000000,360.000000,171.046005,-124.677002,129.487000,170.910995,122.732002,347.695007,-130.000000,-660.000000,2010.000000,-230.000000,364.000000,412.000000
1279,1743679407391822,178.000000,-130.000000,135.000000,178.000000,128.000000,360.000000,171.121002,-124.728996,129.541000,170.973999,122.818001,347.882996,-92.000000,-649.000000,2050.000000,-130.000000,279.000000,246.000000
1279,1743679407396248,178.000000,-130.000000,135.000000,178.000000,128.000000,360.000000,171.223999,-124.799004,129.615997,171.067993,122.889999,348.056000,-119.000000,-464.000000,1771.000000,208.000000,474.000000,363.000000
1279,1743679407401807,178.000000,-130.000000,135.000000,178.000000,128.000000,360.000000,171.322006,-124.858002,129.681000,171.169006,122.945999,348.148010,-44.000000,-590.000000,1798.000000,310.000000,462.000000,388.000000
1279,1743679407406245,178.000000,-130.000000,135.000000,178.000000,128.000000,360.000000,171.389999,-124.928001,129.748993,171.268005,123.018997,348.321991,48.000000,-888.000000,1728.000000,-15.000000,345.000000,167.000000
1279,1743679407411639,178.000000,-130.000000,135.000000,178.000000,128.000000,360.000000,171.431000,-124.976997,129.794998,171.330002,123.083000,348.487000,156.000000,-724.000000,1876.000000,-74.000000,631.000000,268.000000
1279,1743679407417194,178.000000,-130.000000,135.000000,178.000000,128.000000,360.000000,171.503998,-125.054001,129.876999,171.408005,123.119003,348.582001,143.000000,-757.000000,2158.000000,-5.000000,703.000000,393.000000
1279,1743679407421604,178.000000,-130.000000,135.000000,178.000000,128.000000,360.000000,171.595993,-125.124001,129.949997,171.498993,123.188004,348.748993,318.000000,-684.000000,1832.000000,278.000000,500.000000,221.000000
1279,1743679407427116,178.000000,-130.000000,135.000000,178.000000,128.000000,360.000000,171.686005,-125.193001,129.996002,171.554001,123.251999,348.902008,202.000000,-618.000000,1689.000000,361.000000,343.000000,426.000000
1279,1743679407431561,178.000000,-130.000000,135.000000,178.000000,128.000000,360.000000,171.738998,-125.237000,130.063995,171.632004,123.297997,349.005005,88.000000,-504.000000,1886.000000,179.000000,401.000000,294.000000
1279,1743679407437098,178.000000,-130.000000,135.000000,178.000000,128.000000,360.000000,171.809998,-125.306999,130.138000,171.720993,123.363998,349.170990,281.000000,-750.000000,2050.000000,-40.000000,348.000000,336.000000
1279,1743679407441488,178.000000,-130.000000,135.000000,178.000000,128.000000,360.000000,171.876007,-125.350998,130.186996,171.778000,123.422997,349.329010,172.000000,-692.000000,1878.000000,-51.000000,310.000000,130.000000
1279,1743679407446964,178.000000,-130.000000,135.000000,178.000000,128.000000,360.000000,171.985001,-125.413002,130.263000,171.852997,123.461998,349.436005,186.000000,-585.000000,1795.000000,72.000000,316.000000,416.000000
1279,1743679407451358,178.000000,-130.000000,135.000000,178.000000,128.000000,360.000000,172.044998,-125.454002,130.311005,171.901001,123.510002,349.585999,36.000000,-651.000000,1885.000000,279.000000,587.000000,328.000000
1279,1743679407456822,178.000000,-130.000000,135.000000,178.000000,128.000000,360.000000,172.121002,-125.519997,130.373001,171.981995,123.571999,349.738007,47.000000,-706.000000,1921.000000,408.000000,470.000000,244.000000
1279,1743679407461223,178.000000,-130.000000,135.000000,178.000000,128.000000,360.000000,172.190994,-125.581001,130.432999,172.072998,123.605003,349.842987,-63.000000,-716.000000,1978.000000,66.000000,395.000000,280.000000
1279,1743679407466730,178.000000,-130.000000,135.000000,178.000000,128.000000,360.000000,172.264008,-125.646004,130.505997,172.162003,123.669998,349.983002,331.000000,-699.000000,1974.000000,-111.000000,322.000000,334.000000
1279,1743679407472211,178.000000,-130.000000,135.000000,178.000000,128.000000,360.000000,172.319000,-125.690002,130.548996,172.227005,123.721001,350.130005,164.000000,-803.000000,1738.000000,-22.000000,382.000000,118.000000
1279,1743679407476637,178.000000,-130.000000,135.000000,178.000000,128.000000,360.000000,172.393005,-125.754997,130.613007,172.281998,123.753998,350.221985,174.000000,-658.000000,1635.000000,-16.000000,482.000000,89.000000
1279,1743679407482182,178.000000,-130.000000,135.000000,178.000000,128.000000,360.000000,172.393005,-125.754997,130.613007,172.281998,123.753998,350.221985,174.000000,-658.000000,1635.000000,-16.000000,482.000000,89.000000
1279,1743679407486576,178.000000,-130.000000,135.000000,178.000000,128.000000,360.000000,172.444000,-125.795998,130.653000,172.356003,123.809998,350.351013,316.000000,-625.000000,1939.000000,283.000000,302.000000,484.000000
1279,1743679407492046,178.000000,-130.000000,135.000000,178.000000,128.000000,360.000000,172.537003,-125.860001,130.723999,172.429993,123.862000,350.468994,241.000000,-696.000000,1885.000000,368.000000,260.000000,239.000000
1279,1743679407496478,178.000000,-130.000000,135.000000,178.000000,128.000000,360.000000,172.654999,-125.914001,130.776993,172.514999,123.891998,350.566010,265.000000,-595.000000,1734.000000,211.000000,573.000000,295.000000
1279,1743679407501953,178.000000,-130.000000,135.000000,178.000000,128.000000,360.000000,172.714996,-125.956001,130.815994,172.585007,123.948997,350.710999,271.000000,-695.000000,1881.000000,8.000000,546.000000,324.000000
1279,1743679407506366,178.000000,-130.000000,135.000000,178.000000,128.000000,360.000000,172.809006,-126.016998,130.882004,172.667999,123.990997,350.778015,73.000000,-751.000000,1832.000000,-145.000000,482.000000,402.000000
1279,1743679407511900,178.000000,-130.000000,135.000000,178.000000,128.000000,360.000000,172.893997,-126.079002,130.925003,172.712997,124.052002,350.910004,-4.000000,-693.000000,1706.000000,45.000000,265.000000,367.000000
1279,1743679407516297,178.000000,-130.000000,135.000000,178.000000,128.000000,360.000000,172.955994,-126.115997,130.981003,172.787003,124.105003,351.036011,1.000000,-709.000000,1755.000000,191.000000,361.000000,140.000000
1279,1743679407521738,178.000000,-130.000000,135.000000,178.000000,128.000000,360.000000,173.042007,-126.167999,131.039993,172.869003,124.155998,351.153992,179.000000,-585.000000,1927.000000,288.000000,502.000000,334.000000
1279,1743679407527313,178.000000,-130.000000,135.000000,178.000000,128.000000,360.000000,173.093002,-126.197998,131.072006,172.914993,124.195999,351.239014,10.000000,-684.000000,1897.000000,265.000000,284.000000,314.000000
1279,1743679407531723,178.000000,-130.000000,135.000000,178.000000,128.000000,360.000000,173.147995,-126.255997,131.123993,172.985001,124.249001,351.371002,-134.000000,-740.000000,1734.000000,122.000000,273.000000,332.000000
1279,1743679407537173,178.000000,-130.000000,135.000000,178.000000,128.000000,360.000000,173.207993,-126.313004,131.182999,173.067001,124.286003,351.449005,322.000000,-637.000000,1644.000000,-50.000000,354.000000,187.000000
1279,1743679407541525,178.000000,-130.000000,135.000000,178.000000,128.000000,360.000000,173.276001,-126.363998,131.214996,173.117996,124.332001,351.580994,195.000000,-633.000000,2024.000000,-68.000000,455.000000,301.000000
1279,1743679407546906,178.000000,-130.000000,135.000000,178.000000,128.000000,360.000000,173.317001,-126.397003,131.264008,173.188995,124.385002,351.712006,80.000000,-663.000000,1871.000000,69.000000,457.000000,309.000000
1279,1743679407551303,178.000000,-130.000000,135.000000,178.000000,128.000000,360.000000,173.375000,-126.448997,131.320007,173.251007,124.440002,351.828003,227.000000,-607.000000,1804.000000,290.000000,457.000000,294.000000
1279,1743679407556785,178.000000,-130.000000,135.000000,178.000000,128.000000,360.000000,173.412003,-126.476997,131.352005,173.294006,124.483002,351.908997,241.000000,-666.000000,1841.000000,325.000000,319.000000,237.000000
1279,1743679407561231,178.000000,-130.000000,135.000000,178.000000,128.000000,360.000000,173.477997,-126.521004,131.406006,173.362000,124.538002,351.994995,174.000000,-613.000000,1858.000000,500.000000,343.000000,161.000000
1279,1743679407566768,178.000000,-130.000000,135.000000,178.000000,128.000000,360.000000,173.548996,-126.560997,131.459000,173.432007,124.571999,352.102997,165.000000,-630.000000,1758.000000,172.000000,456.000000,425.000000
1279,1743679407572277,178.000000,-130.000000,135.000000,178.000000,128.000000,360.000000,173.615005,-126.591003,131.487000,173.472000,124.621002,352.209015,72.000000,-646.000000,1960.000000,158.000000,415.000000,271.000000
1279,1743679407576617,178.000000,-130.000000,135.000000,178.000000,128.000000,360.000000,173.654999,-126.639999,131.535995,173.535004,124.681000,352.329987,121.000000,-560.000000,1867.000000,-26.000000,465.000000,249.000000
1279,1743679407582060,178.000000,-130.000000,135.000000,178.000000,128.000000,360.000000,173.686005,-126.670998,131.572006,173.582001,124.722000,352.408997,76.000000,-598.000000,1713.000000,20.000000,338.000000,221.000000
1279,1743679407586501,178.000000,-130.000000,135.000000,178.000000,128.000000,360.000000,173.735992,-126.713997,131.615997,173.636993,124.778000,352.515991,70.000000,-655.000000,1950.000000,125.000000,358.000000,323.000000
1279,1743679407592057,178.000000,-130.000000,135.000000,178.000000,128.000000,360.000000,173.778000,-126.758003,131.660004,173.697998,124.814003,352.580994,287.000000,-778.000000,1788.000000,302.000000,442.000000,271.000000
1279,1743679407596511,178.000000,-130.000000,135.000000,178.000000,128.000000,360.000000,173.778000,-126.758003,131.660004,173.697998,124.814003,352.580994,287.000000,-778.000000,1788.000000,302.000000,442.000000,271.000000
1279,1743679407601983,178.000000,-130.000000,135.000000,178.000000,128.000000,360.000000,173.822006,-126.805000,131.703995,173.748001,124.858002,352.671997,174.000000,-680.000000,1890.000000,285.000000,503.000000,357.000000
1279,1743679407606429,178.000000,-130.000000,135.000000,178.000000,128.000000,360.000000,173.912003,-126.883003,131.783005,173.832001,124.944000,352.846985,209.000000,-600.000000,1586.000000,399.000000,436.000000,210.000000
1279,1743679407611942,178.000000,-130.000000,135.000000,178.000000,128.000000,360.000000,173.912003,-126.883003,131.783005,173.832001,124.944000,352.846985,209.000000,-600.000000,1586.000000,399.000000,436.000000,210.000000
1279,1743679407616322,178.000000,-130.000000,135.000000,178.000000,128.000000,360.000000,173.951004,-126.912003,131.811996,173.871002,124.996002,352.950012,219.000000,-701.000000,1781.000000,190.000000,385.000000,363.000000
1279,1743679407621782,178.000000,-130.000000,135.000000,178.000000,128.000000,360.000000,174.009995,-126.950996,131.850998,173.934006,125.042999,353.040009,163.000000,-518.000000,1841.000000,65.000000,368.000000,382.000000
1279,1743679407626203,178.000000,-130.000000,135.000000,178.000000,128.000000,360.000000,174.057007,-126.996002,131.891998,173.992996,125.066002,353.108002,154.000000,-533.000000,1905.000000,50.000000,508.000000,286.000000
1279,1743679407631719,178.000000,-130.000000,135.000000,178.000000,128.000000,360.000000,174.108002,-127.040001,131.938004,174.050003,125.112000,353.200012,104.000000,-698.000000,1901.000000,151.000000,516.000000,254.000000
1279,1743679407637211,178.000000,-130.000000,135.000000,178.000000,128.000000,360.000000,174.143997,-127.066002,131.966003,174.087997,125.140999,353.261993,109.000000,-823.000000,1643.000000,141.000000,573.000000,75.000000
1279,1743679407641648,178.000000,-130.000000,135.000000,178.000000,128.000000,360.000000,174.199005,-127.110001,132.011002,174.141006,125.194000,353.351013,84.000000,-638.000000,1735.000000,219.000000,337.000000,384.000000
1279,1743679407647164,178.000000,-130.000000,135.000000,178.000000,128.000000,360.000000,174.237000,-127.139000,132.037003,174.173004,125.237000,353.441010,262.000000,-707.000000,1732.000000,377.000000,417.000000,333.000000
1279,1743679407651586,178.000000,-130.000000,135.000000,178.000000,128.000000,360.000000,174.287994,-127.176003,132.076996,174.223007,125.278999,353.535004,5.000000,-602.000000,2039.000000,407.000000,342.000000,315.000000
1279,1743679407657097,178.000000,-130.000000,135.000000,178.000000,128.000000,360.000000,174.339996,-127.216003,132.117004,174.276993,125.300003,353.600006,184.000000,-583.000000,2047.000000,285.000000,557.000000,304.000000
1279,1743679407661476,178.000000,-130.000000,135.000000,178.000000,128.000000,360.000000,174.378998,-127.245003,132.143005,174.317001,125.334000,353.688995,142.000000,-702.000000,2133.000000,198.000000,559.000000,197.000000
1279,1743679407666954,178.000000,-130.000000,135.000000,178.000000,128.000000,360.000000,174.432007,-127.286003,132.186005,174.371994,125.355003,353.756012,160.000000,-560.000000,1881.000000,67.000000,577.000000,118.000000
1279,1743679407671291,178.000000,-130.000000,135.000000,178.000000,128.000000,360.000000,174.481995,-127.327003,132.231003,174.434006,125.397003,353.848999,149.000000,-416.000000,1917.000000,-175.000000,496.000000,369.000000
1279,1743679407676775,178.000000,-130.000000,135.000000,178.000000,128.000000,360.000000,174.516006,-127.351997,132.257004,174.470993,125.441002,353.941986,59.000000,-669.000000,1756.000000,140.000000,365.000000,253.000000
1279,1743679407681208,178.000000,-130.000000,135.000000,178.000000,128.000000,360.000000,174.548996,-127.382004,132.287003,174.513000,125.469002,354.007996,190.000000,-606.000000,1951.000000,10.000000,215.000000,247.000000
1279,1743679407686691,178.000000,-130.000000,135.000000,178.000000,128.000000,360.000000,174.610992,-127.424004,132.319000,174.550003,125.496002,354.071991,87.000000,-725.000000,1894.000000,178.000000,351.000000,287.000000
1279,1743679407692215,178.000000,-130.000000,135.000000,178.000000,128.000000,360.000000,174.653000,-127.455002,132.363998,174.608002,125.528000,354.141998,183.000000,-756.000000,2006.000000,292.000000,322.000000,164.000000
1279,1743679407696582,178.000000,-130.000000,135.000000,178.000000,128.000000,360.000000,174.688004,-127.489998,132.399994,174.651001,125.554001,354.217010,144.000000,-536.000000,1889.000000,221.000000,467.000000,104.000000
1279,1743679407702040,178.000000,-130.000000,135.000000,178.000000,128.000000,360.000000,174.718994,-127.515999,132.429993,174.682007,125.596001,354.321991,42.000000,-704.000000,1765.000000,338.000000,384.000000,361.000000
1279,1743679407706418,178.000000,-130.000000,135.000000,178.000000,128.000000,360.000000,174.748001,-127.543999,132.462006,174.718994,125.607002,354.351013,228.000000,-698.000000,1853.000000,277.000000,337.000000,373.000000
1279,1743679407711916,178.000000,-130.000000,135.000000,178.000000,128.000000,360.000000,174.781006,-127.575996,132.494995,174.757996,125.649002,354.446991,104.000000,-595.000000,1735.000000,173.000000,365.000000,274.000000
1279,1743679407716376,178.000000,-130.000000,135.000000,178.000000,128.000000,360.000000,174.807999,-127.607002,132.526001,174.802994,125.679001,354.523010,129.000000,-731.000000,1879.000000,63.000000,288.000000,208.000000
1279,1743679407721844,178.000000,-130.000000,135.000000,178.000000,128.000000,360.000000,174.839996,-127.639000,132.550995,174.848007,125.700996,354.589996,202.000000,-644.000000,1961.000000,-116.000000,302.000000,214.000000
1279,1743679407726264,178.000000,-130.000000,135.000000,178.000000,128.000000,360.000000,174.869995,-127.667999,132.576996,174.889999,125.726997,354.661011,159.000000,-515.000000,2116.000000,-31.000000,346.000000,152.000000
1279,1743679407731730,178.000000,-130.000000,135.000000,178.000000,128.000000,360.000000,174.925995,-127.713997,132.623993,174.925003,125.748001,354.710999,172.000000,-580.000000,1894.000000,-29.000000,489.000000,321.000000
1279,1743679407737217,178.000000,-130.000000,135.000000,178.000000,128.000000,360.000000,174.964996,-127.742996,132.654999,174.983994,125.772003,354.770996,41.000000,-562.000000,1781.000000,1.000000,480.000000,201.000000
1279,1743679407741294,178.000000,-130.000000,135.000000,178.000000,128.000000,360.000000,174.996994,-127.768997,132.681000,175.009003,125.793999,354.825012,269.000000,-831.000000,1734.000000,156.000000,429.000000,408.000000
1279,1743679407746811,178.000000,-130.000000,135.000000,178.000000,128.000000,360.000000,175.028000,-127.793999,132.710007,175.042007,125.819000,354.877014,-6.000000,-534.000000,1792.000000,193.000000,375.000000,219.000000
1279,1743679407751270,178.000000,-130.000000,135.000000,178.000000,128.000000,360.000000,175.063995,-127.817001,132.738007,175.074005,125.862000,354.954987,269.000000,-896.000000,1903.000000,210.000000,204.000000,168.000000
1279,1743679407756734,178.000000,-130.000000,135.000000,178.000000,128.000000,360.000000,175.063995,-127.817001,132.738007,175.074005,125.862000,354.954987,269.000000,-896.000000,1903.000000,210.000000,204.000000,168.000000
1279,1743679407762288,178.000000,-130.000000,135.000000,178.000000,128.000000,360.000000,175.128006,-127.871002,132.794006,175.141006,125.916000,355.097992,3.000000,-729.000000,1938.000000,297.000000,183.000000,131.000000
1279,1743679407766668,178.000000,-130.000000,135.000000,178.000000,128.000000,360.000000,175.156006,-127.900002,132.820999,175.171997,125.932999,355.156006,181.000000,-679.000000,1963.000000,220.000000,277.000000,199.000000
1279,1743679407772241,178.000000,-130.000000,135.000000,178.000000,128.000000,360.000000,175.156006,-127.900002,132.820999,175.171997,125.932999,355.156006,181.000000,-679.000000,1963.000000,220.000000,277.000000,199.000000
1279,1743679407776664,178.000000,-130.000000,135.000000,178.000000,128.000000,360.000000,175.194000,-127.938004,132.856003,175.225998,125.955002,355.204010,192.000000,-617.000000,1900.000000,126.000000,418.000000,387.000000
1279,1743679407782203,178.000000,-130.000000,135.000000,178.000000,128.000000,360.000000,175.223007,-127.962997,132.886993,175.264008,125.973000,355.252991,-25.000000,-655.000000,1869.000000,-18.000000,384.000000,331.000000
1279,1743679407786599,178.000000,-130.000000,135.000000,178.000000,128.000000,360.000000,175.251007,-127.986000,132.916000,175.304001,125.991997,355.315002,254.000000,-732.000000,1510.000000,-97.000000,430.000000,216.000000
1279,1743679407792102,178.000000,-130.000000,135.000000,178.000000,128.000000,360.000000,175.272995,-128.009003,132.942001,175.343002,126.014999,355.369995,203.000000,-716.000000,1862.000000,-157.000000,427.000000,258.000000
1279,1743679407796515,178.000000,-130.000000,135.000000,178.000000,128.000000,360.000000,175.300003,-128.031006,132.966995,175.369995,126.047997,355.447998,45.000000,-595.000000,1865.000000,47.000000,266.000000,172.000000
1279,1743679407802053,178.000000,-130.000000,135.000000,178.000000,128.000000,360.000000,175.326004,-128.056000,132.992004,175.404999,126.070000,355.502014,302.000000,-656.000000,1735.000000,-43.000000,295.000000,19.000000
1279,1743679407806431,178.000000,-130.000000,135.000000,178.000000,128.000000,360.000000,175.356003,-128.084000,133.014008,175.436996,126.081001,355.528992,65.000000,-481.000000,1954.000000,67.000000,294.000000,71.000000
1279,1743679407811923,178.000000,-130.000000,135.000000,178.000000,128.000000,360.000000,175.388000,-128.106995,133.037994,175.466003,126.113998,355.601990,200.000000,-637.000000,1973.000000,144.000000,288.000000,351.000000
1279,1743679407816363,178.000000,-130.000000,135.000000,178.000000,128.000000,360.000000,175.421005,-128.128006,133.054993,175.492004,126.135002,355.653992,123.000000,-539.000000,1946.000000,202.000000,388.000000,388.000000
1279,1743679407821806,178.000000,-130.000000,135.000000,178.000000,128.000000,360.000000,175.466003,-128.160004,133.093002,175.520004,126.149002,355.696014,39.000000,-771.000000,2009.000000,259.000000,433.000000,257.000000
1279,1743679407826222,178.000000,-130.000000,135.000000,178.000000,128.000000,360.000000,175.479996,-128.167007,133.104004,175.548996,126.165001,355.752991,31.000000,-801.000000,1767.000000,159.000000,467.000000,271.000000
1279,1743679407831710,178.000000,-130.000000,135.000000,178.000000,128.000000,360.000000,175.531998,-128.199005,133.132004,175.569000,126.185997,355.800995,204.000000,-717.000000,1613.000000,358.000000,479.000000,332.000000
1279,1743679407836107,178.000000,-130.000000,135.000000,178.000000,128.000000,360.000000,175.563995,-128.222000,133.169998,175.612000,126.209000,355.851990,203.000000,-772.000000,1629.000000,289.000000,470.000000,228.000000
1279,1743679407841641,178.000000,-130.000000,135.000000,178.000000,128.000000,360.000000,175.591003,-128.242996,133.194000,175.639008,126.231003,355.903015,-54.000000,-512.000000,1615.000000,151.000000,349.000000,115.000000
1279,1743679407847118,178.000000,-130.000000,135.000000,178.000000,128.000000,360.000000,175.617004,-128.264008,133.210999,175.669998,126.255997,355.954010,227.000000,-632.000000,1845.000000,137.000000,333.000000,159.000000
1279,1743679407851507,178.000000,-130.000000,135.000000,178.000000,128.000000,360.000000,175.647003,-128.283997,133.231003,175.703003,126.279999,356.006989,9.000000,-577.000000,1930.000000,15.000000,293.000000,120.000000
1279,1743679407857030,178.000000,-130.000000,135.000000,178.000000,128.000000,360.000000,175.673996,-128.302002,133.248993,175.733994,126.308998,356.072998,178.000000,-482.000000,1864.000000,-18.000000,191.000000,335.000000
1279,1743679407861455,178.000000,-130.000000,135.000000,178.000000,128.000000,360.000000,175.699997,-128.322998,133.268997,175.764008,126.322998,356.097992,81.000000,-691.000000,2024.000000,-185.000000,237.000000,359.000000
1279,1743679407866916,178.000000,-130.000000,135.000000,178.000000,128.000000,360.000000,175.725998,-128.345001,133.291000,175.785995,126.348999,356.170990,264.000000,-605.000000,1978.000000,-7.000000,334.000000,307.000000
1279,1743679407871320,178.000000,-130.000000,135.000000,178.000000,128.000000,360.000000,175.748993,-128.360001,133.313004,175.809998,126.366997,356.220001,99.000000,-664.000000,1911.000000,-33.000000,390.000000,232.000000
1279,1743679407876779,178.000000,-130.000000,135.000000,178.000000,128.000000,360.000000,175.774002,-128.378998,133.335999,175.832993,126.383003,356.266998,177.000000,-644.000000,1593.000000,32.000000,441.000000,211.000000
1279,1743679407882288,178.000000,-130.000000,135.000000,178.000000,128.000000,360.000000,175.811005,-128.406006,133.371002,175.871002,126.401001,356.304993,98.000000,-434.000000,1641.000000,16.000000,460.000000,358.000000
1279,1743679407886723,178.000000,-130.000000,135.000000,178.000000,128.000000,360.000000,175.822998,-128.417007,133.382004,175.884003,126.417999,356.347992,183.000000,-583.000000,1673.000000,28.000000,412.000000,114.000000
1279,1743679407892171,178.000000,-130.000000,135.000000,178.000000,128.000000,360.000000,175.873993,-128.445007,133.401993,175.904007,126.438004,356.393005,-17.000000,-511.000000,1659.000000,167.000000,360.000000,116.000000
1279,1743679407896609,178.000000,-130.000000,135.000000,178.000000,128.000000,360.000000,175.908005,-128.462997,133.432999,175.938995,126.453003,356.441010,180.000000,-501.000000,1875.000000,201.000000,321.000000,135.000000
1279,1743679407902060,178.000000,-130.000000,135.000000,178.000000,128.000000,360.000000,175.925003,-128.472000,133.444000,175.951996,126.473000,356.488007,176.000000,-659.000000,1921.000000,160.000000,357.000000,171.000000
1279,1743679407906422,178.000000,-130.000000,135.000000,178.000000,128.000000,360.000000,175.970001,-128.496002,133.459000,175.973999,126.487999,356.524994,201.000000,-749.000000,1955.000000,232.000000,241.000000,358.000000
1279,1743679407912006,178.000000,-130.000000,135.000000,178.000000,128.000000,360.000000,175.994995,-128.513000,133.485992,176.003006,126.508003,356.565002,-39.000000,-689.000000,1939.000000,330.000000,274.000000,346.000000
1279,1743679407916436,178.000000,-130.000000,135.000000,178.000000,128.000000,360.000000,176.016998,-128.529999,133.503998,176.020996,126.532997,356.622986,133.000000,-701.000000,1864.000000,325.000000,353.000000,220.000000
1279,1743679407921826,178.000000,-130.000000,135.000000,178.000000,128.000000,360.000000,176.046997,-128.548004,133.522003,176.044006,126.547997,356.661987,199.000000,-661.000000,1808.000000,279.000000,339.000000,248.000000
1279,1743679407926300,178.000000,-130.000000,135.000000,178.000000,128.000000,360.000000,176.065994,-128.563004,133.535995,176.067993,126.561996,356.694000,90.000000,-559.000000,1797.000000,175.000000,420.000000,202.000000
1279,1743679407931729,178.000000,-130.000000,135.000000,178.000000,128.000000,360.000000,176.102005,-128.582001,133.559006,176.091003,126.573997,356.739014,102.000000,-567.000000,1579.000000,86.000000,481.000000,286.000000
1279,1743679407936134,178.000000,-130.000000,135.000000,178.000000,128.000000,360.000000,176.113998,-128.597000,133.574005,176.110001,126.587997,356.774994,60.000000,-600.000000,1538.000000,113.000000,495.000000,170.000000
1279,1743679407941659,178.000000,-130.000000,135.000000,178.000000,128.000000,360.000000,176.153000,-128.621994,133.593002,176.134995,126.599998,356.819000,261.000000,-540.000000,1561.000000,66.000000,546.000000,199.000000
1279,1743679407947160,178.000000,-130.000000,135.000000,178.000000,128.000000,360.000000,176.175995,-128.639999,133.621002,176.169006,126.614998,356.856995,109.000000,-649.000000,1690.000000,-33.000000,483.000000,73.000000
1279,1743679407951508,178.000000,-130.000000,135.000000,178.000000,128.000000,360.000000,176.201004,-128.654999,133.632996,176.194000,126.639999,356.903015,108.000000,-647.000000,1708.000000,-22.000000,414.000000,82.000000
1279,1743679407957004,178.000000,-130.000000,135.000000,178.000000,128.000000,360.000000,176.223007,-128.673004,133.649994,176.218994,126.657997,356.955994,195.000000,-561.000000,1838.000000,10.000000,412.000000,260.000000
1279,1743679407961425,178.000000,-130.000000,135.000000,178.000000,128.000000,360.000000,176.248993,-128.688004,133.664993,176.237000,126.676003,356.980988,31.000000,-615.000000,1843.000000,83.000000,392.000000,301.000000
1279,1743679407966924,178.000000,-130.000000,135.000000,178.000000,128.000000,360.000000,176.270996,-128.699997,133.677994,176.255005,126.694000,357.014008,235.000000,-687.000000,1882.000000,82.000000,325.000000,341.000000
1279,1743679407971372,178.000000,-130.000000,135.000000,178.000000,128.000000,360.000000,176.270996,-128.699997,133.677994,176.255005,126.694000,357.014008,235.000000,-687.000000,1882.000000,82.000000,325.000000,341.000000
1279,1743679407976799,178.000000,-130.000000,135.000000,178.000000,128.000000,360.000000,176.304001,-128.720993,133.697998,176.285995,126.711998,357.044006,-5.000000,-555.000000,1929.000000,5.000000,271.000000,221.000000
1279,1743679407981182,178.000000,-130.000000,135.000000,178.000000,128.000000,360.000000,176.352005,-128.751007,133.725006,176.319000,126.746002,357.105988,164.000000,-623.000000,2018.000000,175.000000,317.000000,170.000000
1279,1743679407986654,178.000000,-130.000000,135.000000,178.000000,128.000000,360.000000,176.352005,-128.751007,133.725006,176.319000,126.746002,357.105988,164.000000,-623.000000,2018.000000,175.000000,317.000000,170.000000
1279,1743679407992151,178.000000,-130.000000,135.000000,178.000000,128.000000,360.000000,176.371002,-128.768005,133.738998,176.337006,126.772003,357.157013,0.000000,-571.000000,2026.000000,167.000000,339.000000,304.000000
1279,1743679407996537,178.000000,-130.000000,135.000000,178.000000,128.000000,360.000000,176.389008,-128.783997,133.753998,176.352997,126.786003,357.183990,197.000000,-457.000000,1942.000000,183.000000,411.000000,220.000000
1279,1743679408002070,178.000000,-130.000000,135.000000,178.000000,128.000000,360.000000,176.421005,-128.807007,133.766006,176.369995,126.797997,357.213989,188.000000,-509.000000,1870.000000,176.000000,444.000000,274.000000
1279,1743679408006446,178.000000,-130.000000,135.000000,178.000000,128.000000,360.000000,176.429001,-128.811005,133.781006,176.386002,126.811996,357.252014,124.000000,-560.000000,1810.000000,201.000000,481.000000,57.000000
1279,1743679408011996,178.000000,-130.000000,135.000000,178.000000,128.000000,360.000000,176.459000,-128.832001,133.800995,176.404007,126.827003,357.289001,188.000000,-544.000000,1762.000000,237.000000,510.000000,28.000000
1279,1743679408016425,178.000000,-130.000000,135.000000,178.000000,128.000000,360.000000,176.481995,-128.843994,133.824005,176.425003,126.841003,357.326996,207.000000,-644.000000,1610.000000,330.000000,495.000000,91.000000
1279,1743679408021878,178.000000,-130.000000,135.000000,178.000000,128.000000,360.000000,176.492004,-128.850006,133.832001,176.434006,126.853996,357.364014,192.000000,-709.000000,1644.000000,324.000000,474.000000,169.000000
1279,1743679408026293,178.000000,-130.000000,135.000000,178.000000,128.000000,360.000000,176.524994,-128.865005,133.845993,176.451996,126.866997,357.394012,178.000000,-813.000000,1714.000000,288.000000,486.000000,312.000000
1279,1743679408031808,178.000000,-130.000000,135.000000,178.000000,128.000000,360.000000,176.542999,-128.882004,133.862000,176.483994,126.882004,357.423004,-36.000000,-745.000000,1910.000000,151.000000,487.000000,341.000000
1279,1743679408036267,178.000000,-130.000000,135.000000,178.000000,128.000000,360.000000,176.565002,-128.895004,133.876007,176.501999,126.898003,357.447998,7.000000,-686.000000,1844.000000,122.000000,490.000000,322.000000
1279,1743679408041767,178.000000,-130.000000,135.000000,178.000000,128.000000,360.000000,176.576004,-128.901993,133.882996,176.516006,126.915001,357.479004,136.000000,-662.000000,1849.000000,106.000000,428.000000,246.000000
1279,1743679408046126,178.000000,-130.000000,135.000000,178.000000,128.000000,360.000000,176.606003,-128.925003,133.901001,176.544006,126.930000,357.507996,172.000000,-637.000000,1843.000000,74.000000,410.000000,257.000000
1279,1743679408051665,178.000000,-130.000000,135.000000,178.000000,128.000000,360.000000,176.626999,-128.938004,133.912003,176.567993,126.952003,357.552002,46.000000,-523.000000,1838.000000,45.000000,401.000000,161.000000
1279,1743679408056088,178.000000,-130.000000,135.000000,178.000000,128.000000,360.000000,176.643005,-128.949997,133.925995,176.584000,126.966003,357.580994,50.000000,-479.000000,1808.000000,-9.000000,362.000000,233.000000
1279,1743679408061647,178.000000,-130.000000,135.000000,178.000000,128.000000,360.000000,176.666000,-128.968994,133.942993,176.619003,126.977997,357.613007,98.000000,-548.000000,1762.000000,-101.000000,384.000000,307.000000
1279,1743679408067139,178.000000,-130.000000,135.000000,178.000000,128.000000,360.000000,176.679993,-128.981995,133.951996,176.638000,127.000000,357.653992,128.000000,-593.000000,1814.000000,-110.000000,383.000000,296.000000
1279,1743679408071516,178.000000,-130.000000,135.000000,178.000000,128.000000,360.000000,176.692993,-128.992996,133.962997,176.654007,127.011002,357.665009,153.000000,-553.000000,1784.000000,32.000000,446.000000,187.000000
1279,1743679408076993,178.000000,-130.000000,135.000000,178.000000,128.000000,360.000000,176.705994,-129.001999,133.973999,176.669006,127.022003,357.704987,162.000000,-601.000000,1699.000000,93.000000,483.000000,172.000000
1279,1743679408081386,178.000000,-130.000000,135.000000,178.000000,128.000000,360.000000,176.727005,-129.020004,133.996002,176.692993,127.031998,357.734009,78.000000,-647.000000,1531.000000,60.000000,499.000000,8.000000
1279,1743679408086900,178.000000,-130.000000,135.000000,178.000000,128.000000,360.000000,176.742004,-129.029999,134.009003,176.707993,127.041000,357.760986,93.000000,-658.000000,1452.000000,47.000000,554.000000,-16.000000
1279,1743679408091278,178.000000,-130.000000,135.000000,178.000000,128.000000,360.000000,176.753998,-129.037994,134.022003,176.720001,127.052002,357.795013,59.000000,-680.000000,1523.000000,67.000000,597.000000,99.000000
1279,1743679408096718,178.000000,-130.000000,135.000000,178.000000,128.000000,360.000000,176.774002,-129.048004,134.031006,176.737000,127.058998,357.816986,59.000000,-620.000000,1558.000000,53.000000,607.000000,211.000000
1279,1743679408102259,178.000000,-130.000000,135.000000,178.000000,128.000000,360.000000,176.791000,-129.063004,134.044006,176.759003,127.070000,357.841003,172.000000,-654.000000,1727.000000,76.000000,601.000000,291.000000
1279,1743679408106620,178.000000,-130.000000,135.000000,178.000000,128.000000,360.000000,176.804001,-129.072006,134.052002,176.770996,127.082001,357.867004,279.000000,-635.000000,1796.000000,94.000000,612.000000,294.000000
1279,1743679408112154,178.000000,-130.000000,135.000000,178.000000,128.000000,360.000000,176.815002,-129.085007,134.063004,176.785004,127.091003,357.886993,290.000000,-620.000000,1812.000000,139.000000,620.000000,354.000000
1279,1743679408116620,178.000000,-130.000000,135.000000,178.000000,128.000000,360.000000,176.830002,-129.102997,134.074005,176.800995,127.099998,357.908997,130.000000,-523.000000,1789.000000,177.000000,622.000000,346.000000
1279,1743679408122128,178.000000,-130.000000,135.000000,178.000000,128.000000,360.000000,176.841995,-129.115005,134.082001,176.811996,127.107002,357.931000,39.000000,-436.000000,1875.000000,199.000000,597.000000,238.000000
1279,1743679408126521,178.000000,-130.000000,135.000000,178.000000,128.000000,360.000000,176.852005,-129.123001,134.087997,176.826004,127.124001,357.966003,136.000000,-486.000000,1924.000000,189.000000,586.000000,142.000000
1279,1743679408131979,178.000000,-130.000000,135.000000,178.000000,128.000000,360.000000,176.869995,-129.139999,134.100006,176.845993,127.135002,357.993011,229.000000,-542.000000,2050.000000,134.000000,571.000000,166.000000
1279,1743679408136370,178.000000,-130.000000,135.000000,178.000000,128.000000,360.000000,176.882996,-129.147995,134.110001,176.856995,127.147003,358.018005,176.000000,-564.000000,1997.000000,197.000000,520.000000,197.000000
1279,1743679408141766,178.000000,-130.000000,135.000000,178.000000,128.000000,360.000000,176.895996,-129.158005,134.117996,176.867004,127.162003,358.044006,116.000000,-578.000000,2025.000000,214.000000,484.000000,271.000000
1279,1743679408146107,178.000000,-130.000000,135.000000,178.000000,128.000000,360.000000,176.895996,-129.158005,134.117996,176.867004,127.162003,358.044006,116.000000,-578.000000,2025.000000,214.000000,484.000000,271.000000
1279,1743679408151608,178.000000,-130.000000,135.000000,178.000000,128.000000,360.000000,176.916000,-129.171005,134.132996,176.884003,127.174004,358.065002,109.000000,-592.000000,1876.000000,264.000000,501.000000,278.000000
1279,1743679408157088,178.000000,-130.000000,135.000000,178.000000,128.000000,360.000000,176.936005,-129.184998,134.147995,176.897003,127.195999,358.108002,42.000000,-670.000000,1890.000000,296.000000,459.000000,229.000000
1279,1743679408161517,178.000000,-130.000000,135.000000,178.000000,128.000000,360.000000,176.947006,-129.195007,134.158005,176.908005,127.210999,358.132996,-58.000000,-661.000000,1926.000000,298.000000,429.000000,164.000000
1279,1743679408167021,178.000000,-130.000000,135.000000,178.000000,128.000000,360.000000,176.966003,-129.207001,134.169006,176.927994,127.223999,358.152008,64.000000,-732.000000,1987.000000,262.000000,408.000000,104.000000
1279,1743679408171445,178.000000,-130.000000,135.000000,178.000000,128.000000,360.000000,176.979996,-129.214005,134.179993,176.940002,127.233002,358.181000,201.000000,-713.000000,1952.000000,214.000000,432.000000,75.000000
1279,1743679408176918,178.000000,-130.000000,135.000000,178.000000,128.000000,360.000000,176.988998,-129.225006,134.188004,176.953995,127.239998,358.204987,186.000000,-710.000000,1882.000000,185.000000,444.000000,6.000000
1279,1743679408181255,178.000000,-130.000000,135.000000,178.000000,128.000000,360.000000,177.000000,-129.233002,134.199997,176.968994,127.250999,358.231995,163.000000,-698.000000,1772.000000,142.000000,473.000000,23.000000
1279,1743679408186733,178.000000,-130.000000,135.000000,178.000000,128.000000,360.000000,177.007004,-129.240997,134.210999,176.981995,127.260002,358.264008,105.000000,-724.000000,1671.000000,109.000000,516.000000,197.000000
1279,1743679408192211,178.000000,-130.000000,135.000000,178.000000,128.000000,360.000000,177.018005,-129.246994,134.218994,176.998993,127.265999,358.282990,99.000000,-712.000000,1586.000000,58.000000,546.000000,226.000000
1279,1743679408196619,178.000000,-130.000000,135.000000,178.000000,128.000000,360.000000,177.033997,-129.261002,134.235992,177.020004,127.276001,358.302002,122.000000,-691.000000,1632.000000,33.000000,558.000000,278.000000
1279,1743679408202144,178.000000,-130.000000,135.000000,178.000000,128.000000,360.000000,177.044006,-129.268997,134.246002,177.033005,127.287003,358.325012,94.000000,-682.000000,1705.000000,-1.000000,566.000000,312.000000
1279,1743679408206505,178.000000,-130.000000,135.000000,178.000000,128.000000,360.000000,177.044006,-129.268997,134.246002,177.033005,127.287003,358.325012,94.000000,-682.000000,1705.000000,-1.000000,566.000000,312.000000
1279,1743679408212002,178.000000,-130.000000,135.000000,178.000000,128.000000,360.000000,177.059006,-129.285004,134.251999,177.050003,127.293999,358.345001,151.000000,-576.000000,1761.000000,-52.000000,581.000000,353.000000
1279,1743679408216401,178.000000,-130.000000,135.000000,178.000000,128.000000,360.000000,177.070007,-129.294998,134.263000,177.074005,127.301003,358.360992,173.000000,-573.000000,1851.000000,-113.000000,594.000000,314.000000
1279,1743679408221891,178.000000,-130.000000,135.000000,178.000000,128.000000,360.000000,177.080994,-129.304001,134.272003,177.089996,127.306000,358.377991,159.000000,-524.000000,1858.000000,-109.000000,590.000000,315.000000
1279,1743679408226306,178.000000,-130.000000,135.000000,178.000000,128.000000,360.000000,177.093994,-129.311005,134.279007,177.102005,127.317001,358.407990,132.000000,-550.000000,1952.000000,-106.000000,592.000000,263.000000
1279,1743679408231741,178.000000,-130.000000,135.000000,178.000000,128.000000,360.000000,177.102997,-129.322006,134.283997,177.112000,127.324997,358.427002,75.000000,-542.000000,1942.000000,-40.000000,591.000000,239.000000
1279,1743679408236108,178.000000,-130.000000,135.000000,178.000000,128.000000,360.000000,177.113007,-129.328003,134.294006,177.123001,127.332001,358.445007,63.000000,-553.000000,1951.000000,-10.000000,583.000000,164.000000
1279,1743679408241574,178.000000,-130.000000,135.000000,178.000000,128.000000,360.000000,177.128006,-129.339996,134.304993,177.139008,127.338997,358.467010,125.000000,-583.000000,1939.000000,23.000000,585.000000,193.000000
1279,1743679408246985,178.000000,-130.000000,135.000000,178.000000,128.000000,360.000000,177.136993,-129.350006,134.309998,177.149994,127.348999,358.487000,80.000000,-553.000000,2011.000000,18.000000,567.000000,223.000000
1279,1743679408251341,178.000000,-130.000000,135.000000,178.000000,128.000000,360.000000,177.147003,-129.354004,134.317001,177.158005,127.357002,358.503998,62.000000,-601.000000,2081.000000,19.000000,534.000000,226.000000
1279,1743679408256861,178.000000,-130.000000,135.000000,178.000000,128.000000,360.000000,177.158005,-129.362000,134.324997,177.166000,127.369003,358.527008,98.000000,-622.000000,2074.000000,23.000000,504.000000,271.000000
1279,1743679408261138,178.000000,-130.000000,135.000000,178.000000,128.000000,360.000000,177.167999,-129.367996,134.330994,177.177002,127.378998,358.545013,152.000000,-634.000000,2065.000000,33.000000,501.000000,266.000000
1279,1743679408266602,178.000000,-130.000000,135.000000,178.000000,128.000000,360.000000,177.179993,-129.378998,134.343994,177.190994,127.386002,358.558990,236.000000,-622.000000,1976.000000,24.000000,494.000000,280.000000
1279,1743679408272040,178.000000,-130.000000,135.000000,178.000000,128.000000,360.000000,177.188004,-129.388000,134.354004,177.199005,127.392998,358.578003,260.000000,-614.000000,1903.000000,38.000000,529.000000,225.000000
1279,1743679408276419,178.000000,-130.000000,135.000000,178.000000,128.000000,360.000000,177.197998,-129.395004,134.363998,177.205994,127.402000,358.592010,189.000000,-593.000000,1853.000000,70.000000,484.000000,136.000000
1279,1743679408281867,178.000000,-130.000000,135.000000,178.000000,128.000000,360.000000,177.209000,-129.401993,134.371994,177.212997,127.411003,358.609985,114.000000,-633.000000,1831.000000,120.000000,502.000000,126.000000
1279,1743679408286317,178.000000,-130.000000,135.000000,178.000000,128.000000,360.000000,177.220001,-129.406998,134.380005,177.220993,127.424004,358.635986,85.000000,-605.000000,1838.000000,123.000000,463.000000,70.000000
1279,1743679408291754,178.000000,-130.000000,135.000000,178.000000,128.000000,360.000000,177.235001,-129.417999,134.393997,177.227997,127.432999,358.652008,76.000000,-653.000000,1872.000000,168.000000,454.000000,10.000000
1279,1743679408296255,178.000000,-130.000000,135.000000,178.000000,128.000000,360.000000,177.242004,-129.423004,134.397995,177.235001,127.439003,358.675995,105.000000,-671.000000,1829.000000,160.000000,452.000000,25.000000
1279,1743679408301728,178.000000,-130.000000,135.000000,178.000000,128.000000,360.000000,177.259995,-129.427994,134.404999,177.240997,127.445000,358.691010,116.000000,-648.000000,1784.000000,196.000000,450.000000,64.000000
1279,1743679408306174,178.000000,-130.000000,135.000000,178.000000,128.000000,360.000000,177.268005,-129.442993,134.419006,177.251999,127.455002,358.709991,115.000000,-581.000000,1715.000000,203.000000,475.000000,105.000000
1279,1743679408311619,178.000000,-130.000000,135.000000,178.000000,128.000000,360.000000,177.278000,-129.451004,134.427994,177.257996,127.460999,358.725006,98.000000,-525.000000,1705.000000,191.000000,485.000000,152.000000
1279,1743679408317170,178.000000,-130.000000,135.000000,178.000000,128.000000,360.000000,177.285995,-129.460007,134.434998,177.264999,127.466003,358.735992,92.000000,-507.000000,1688.000000,188.000000,492.000000,213.000000
1279,1743679408321580,178.000000,-130.000000,135.000000,178.000000,128.000000,360.000000,177.292999,-129.468002,134.442993,177.272003,127.476997,358.752991,88.000000,-503.000000,1642.000000,188.000000,513.000000,295.000000
1279,1743679408327116,178.000000,-130.000000,135.000000,178.000000,128.000000,360.000000,177.302002,-129.475006,134.451996,177.279999,127.478996,358.768005,114.000000,-499.000000,1656.000000,197.000000,551.000000,306.000000
1279,1743679408331496,178.000000,-130.000000,135.000000,178.000000,128.000000,360.000000,177.311005,-129.481995,134.460007,177.285995,127.482002,358.778992,113.000000,-536.000000,1675.000000,217.000000,580.000000,291.000000
1279,1743679408336946,178.000000,-130.000000,135.000000,178.000000,128.000000,360.000000,177.324005,-129.492996,134.470993,177.294006,127.487999,358.794006,31.000000,-557.000000,1720.000000,208.000000,606.000000,315.000000
1279,1743679408341298,178.000000,-130.000000,135.000000,178.000000,128.000000,360.000000,177.330994,-129.494995,134.472000,177.300003,127.491997,358.806000,30.000000,-560.000000,1730.000000,242.000000,612.000000,345.000000
1279,1743679408346787,178.000000,-130.000000,135.000000,178.000000,128.000000,360.000000,177.341003,-129.505005,134.481995,177.309006,127.496002,358.813995,49.000000,-556.000000,1762.000000,289.000000,638.000000,300.000000
1279,1743679408351215,178.000000,-130.000000,135.000000,178.000000,128.000000,360.000000,177.348999,-129.511993,134.485992,177.315002,127.500999,358.834015,0.000000,-560.000000,1814.000000,298.000000,662.000000,318.000000
1279,1743679408356681,178.000000,-130.000000,135.000000,178.000000,128.000000,360.000000,177.358994,-129.518997,134.492996,177.322006,127.504997,358.846985,58.000000,-557.000000,1875.000000,332.000000,654.000000,303.000000
1279,1743679408362180,178.000000,-130.000000,135.000000,178.000000,128.000000,360.000000,177.367004,-129.522995,134.494995,177.326996,127.508003,358.858002,80.000000,-550.000000,1909.000000,325.000000,666.000000,213.000000
1279,1743679408366551,178.000000,-130.000000,135.000000,178.000000,128.000000,360.000000,177.373993,-129.528000,134.501007,177.334000,127.511002,358.871002,141.000000,-585.000000,1907.000000,316.000000,693.000000,193.000000
1279,1743679408372106,178.000000,-130.000000,135.000000,178.000000,128.000000,360.000000,177.384995,-129.537994,134.509003,177.341995,127.514999,358.885986,149.000000,-604.000000,1948.000000,339.000000,664.000000,192.000000
1279,1743679408376563,178.000000,-130.000000,135.000000,178.000000,128.000000,360.000000,177.386002,-129.539001,134.511002,177.343994,127.519997,358.898987,171.000000,-621.000000,1968.000000,354.000000,725.000000,197.000000
1279,1743679408382055,178.000000,-130.000000,135.000000,178.000000,128.000000,360.000000,177.395996,-129.544998,134.518997,177.356003,127.523003,358.915009,202.000000,-677.000000,1960.000000,339.000000,708.000000,197.000000
1279,1743679408386435,178.000000,-130.000000,135.000000,178.000000,128.000000,360.000000,177.401001,-129.550003,134.522995,177.360001,127.529999,358.927002,156.000000,-689.000000,2012.000000,334.000000,714.000000,198.000000
1279,1743679408391948,178.000000,-130.000000,135.000000,178.000000,128.000000,360.000000,177.401001,-129.550003,134.522995,177.360001,127.529999,358.927002,156.000000,-689.000000,2012.000000,334.000000,714.000000,198.000000
1279,1743679408396360,178.000000,-130.000000,135.000000,178.000000,128.000000,360.000000,177.412003,-129.559998,134.531006,177.375000,127.537003,358.951996,124.000000,-699.000000,2052.000000,293.000000,737.000000,240.000000
1279,1743679408401824,178.000000,-130.000000,135.000000,178.000000,128.000000,360.000000,177.419998,-129.563004,134.535004,177.382004,127.542000,358.967987,91.000000,-696.000000,2089.000000,295.000000,729.000000,254.000000
1279,1743679408406217,178.000000,-130.000000,135.000000,178.000000,128.000000,360.000000,177.419998,-129.563004,134.535004,177.382004,127.542000,358.967987,91.000000,-696.000000,2089.000000,295.000000,729.000000,254.000000
1279,1743679408411657,178.000000,-130.000000,135.000000,178.000000,128.000000,360.000000,177.429001,-129.567993,134.542007,177.389999,127.544998,358.981995,40.000000,-687.000000,2102.000000,258.000000,741.000000,236.000000
1279,1743679408417188,178.000000,-130.000000,135.000000,178.000000,128.000000,360.000000,177.434006,-129.574005,134.548996,177.403000,127.553001,358.997009,28.000000,-718.000000,2128.000000,203.000000,704.000000,188.000000
1279,1743679408421624,178.000000,-130.000000,135.000000,178.000000,128.000000,360.000000,177.440002,-129.578003,134.552994,177.410995,127.557999,359.010986,63.000000,-723.000000,2032.000000,155.000000,717.000000,183.000000
1279,1743679408427096,178.000000,-130.000000,135.000000,178.000000,128.000000,360.000000,177.451996,-129.585007,134.563004,177.421005,127.563004,359.022003,109.000000,-716.000000,2058.000000,141.000000,704.000000,186.000000
1279,1743679408431511,178.000000,-130.000000,135.000000,178.000000,128.000000,360.000000,177.459000,-129.589996,134.567001,177.432007,127.570999,359.032990,142.000000,-709.000000,2088.000000,128.000000,665.000000,156.000000
1279,1743679408437023,178.000000,-130.000000,135.000000,178.000000,128.000000,360.000000,177.464005,-129.593994,134.570999,177.438004,127.578003,359.053009,131.000000,-727.000000,2068.000000,133.000000,637.000000,150.000000
1279,1743679408441373,178.000000,-130.000000,135.000000,178.000000,128.000000,360.000000,177.473999,-129.600006,134.576996,177.451004,127.584000,359.066010,154.000000,-752.000000,2051.000000,92.000000,615.000000,94.000000
1279,1743679408446840,178.000000,-130.000000,135.000000,178.000000,128.000000,360.000000,177.479004,-129.604004,134.582001,177.459000,127.592003,359.079010,164.000000,-732.000000,2122.000000,89.000000,588.000000,9.000000
1279,1743679408451279,178.000000,-130.000000,135.000000,178.000000,128.000000,360.000000,177.488007,-129.608002,134.585999,177.470993,127.597000,359.092987,174.000000,-740.000000,2094.000000,33.000000,554.000000,45.000000
1279,1743679408456748,178.000000,-130.000000,135.000000,178.000000,128.000000,360.000000,177.494995,-129.615005,134.593002,177.481003,127.607002,359.106995,154.000000,-699.000000,2092.000000,0.000000,547.000000,38.000000
1279,1743679408462280,178.000000,-130.000000,135.000000,178.000000,128.000000,360.000000,177.500000,-129.619003,134.598007,177.488998,127.616997,359.125000,151.000000,-673.000000,2099.000000,-35.000000,494.000000,59.000000
1279,1743679408466663,178.000000,-130.000000,135.000000,178.000000,128.000000,360.000000,177.507996,-129.626999,134.604996,177.503998,127.625999,359.138000,160.000000,-649.000000,2124.000000,-107.000000,487.000000,26.000000
1279,1743679408472178,178.000000,-130.000000,135.000000,178.000000,128.000000,360.000000,177.511993,-129.630997,134.608994,177.514008,127.634003,359.148010,161.000000,-651.000000,2139.000000,-118.000000,439.000000,64.000000
1279,1743679408476531,178.000000,-130.000000,135.000000,178.000000,128.000000,360.000000,177.518997,-129.634995,134.613998,177.522003,127.639999,359.154999,130.000000,-662.000000,2105.000000,-141.000000,432.000000,117.000000
1279,1743679408482002,178.000000,-130.000000,135.000000,178.000000,128.000000,360.000000,177.524994,-129.641006,134.619003,177.533005,127.650002,359.162994,115.000000,-615.000000,2104.000000,-102.000000,393.000000,185.000000
1279,1743679408486425,178.000000,-130.000000,135.000000,178.000000,128.000000,360.000000,177.529007,-129.645996,134.625000,177.537003,127.655998,359.170013,83.000000,-606.000000,2058.000000,-71.000000,425.000000,191.000000
1279,1743679408491956,178.000000,-130.000000,135.000000,178.000000,128.000000,360.000000,177.533997,-129.651001,134.630997,177.544006,127.665001,359.174988,82.000000,-628.000000,1927.000000,-17.000000,391.000000,227.000000
1279,1743679408496343,178.000000,-130.000000,135.000000,178.000000,128.000000,360.000000,177.544998,-129.656998,134.639999,177.550003,127.669998,359.182007,46.000000,-590.000000,1882.000000,22.000000,375.000000,241.000000
1279,1743679408501817,178.000000,-130.000000,135.000000,178.000000,128.000000,360.000000,177.552002,-129.664001,134.647003,177.554993,127.676003,359.184998,52.000000,-577.000000,1856.000000,14.000000,400.000000,268.000000
1279,1743679408506204,178.000000,-130.000000,135.000000,178.000000,128.000000,360.000000,177.556000,-129.669998,134.653000,177.557999,127.682999,359.196014,57.000000,-564.000000,1786.000000,36.000000,376.000000,286.000000
1279,1743679408511748,178.000000,-130.000000,135.000000,178.000000,128.000000,360.000000,177.561996,-129.677002,134.658005,177.563004,127.689003,359.196991,106.000000,-538.000000,1751.000000,35.000000,370.000000,280.000000
1279,1743679408516153,178.000000,-130.000000,135.000000,178.000000,128.000000,360.000000,177.565994,-129.679001,134.664001,177.565994,127.695000,359.208008,158.000000,-532.000000,1729.000000,35.000000,379.000000,286.000000
1279,1743679408521615,178.000000,-130.000000,135.000000,178.000000,128.000000,360.000000,177.570007,-129.686005,134.669998,177.572006,127.699997,359.214996,212.000000,-545.000000,1673.000000,38.000000,376.000000,276.000000
1279,1743679408527053,178.000000,-130.000000,135.000000,178.000000,128.000000,360.000000,177.574005,-129.690002,134.677002,177.580002,127.702003,359.223999,223.000000,-571.000000,1772.000000,5.000000,403.000000,264.000000
1279,1743679408531446,178.000000,-130.000000,135.000000,178.000000,128.000000,360.000000,177.580994,-129.692001,134.679993,177.587006,127.705002,359.230011,255.000000,-576.000000,1751.000000,32.000000,416.000000,258.000000
1279,1743679408536934,178.000000,-130.000000,135.000000,178.000000,128.000000,360.000000,177.584000,-129.697006,134.684998,177.591003,127.709999,359.237000,226.000000,-570.000000,1805.000000,20.000000,454.000000,247.000000
1279,1743679408541346,178.000000,-130.000000,135.000000,178.000000,128.000000,360.000000,177.587006,-129.699997,134.692001,177.595001,127.710999,359.247009,234.000000,-589.000000,1855.000000,26.000000,450.000000,278.000000
1279,1743679408546793,178.000000,-130.000000,135.000000,178.000000,128.000000,360.000000,177.589005,-129.703995,134.695007,177.598999,127.713997,359.255005,220.000000,-579.000000,1852.000000,40.000000,486.000000,271.000000
1279,1743679408551167,178.000000,-130.000000,135.000000,178.000000,128.000000,360.000000,177.591995,-129.707001,134.699005,177.604996,127.718002,359.261993,182.000000,-601.000000,1915.000000,11.000000,469.000000,254.000000
1279,1743679408556639,178.000000,-130.000000,135.000000,178.000000,128.000000,360.000000,177.595993,-129.710999,134.701004,177.610001,127.721001,359.272003,119.000000,-646.000000,1860.000000,39.000000,491.000000,267.000000
1279,1743679408562208,178.000000,-130.000000,135.000000,178.000000,128.000000,360.000000,177.602997,-129.714996,134.707001,177.617004,127.723999,359.281006,76.000000,-636.000000,1888.000000,42.000000,489.000000,272.000000
1279,1743679408566572,178.000000,-130.000000,135.000000,178.000000,128.000000,360.000000,177.610001,-129.716003,134.707993,177.619995,127.724998,359.289001,26.000000,-659.000000,1877.000000,56.000000,510.000000,194.000000
1279,1743679408572112,178.000000,-130.000000,135.000000,178.000000,128.000000,360.000000,177.613998,-129.722000,134.710999,177.625000,127.727997,359.299988,-1.000000,-666.000000,1863.000000,67.000000,512.000000,205.000000
1279,1743679408576513,178.000000,-130.000000,135.000000,178.000000,128.000000,360.000000,177.621002,-129.725006,134.714996,177.628998,127.731003,359.308990,-8.000000,-668.000000,1913.000000,57.000000,528.000000,172.000000
1279,1743679408582021,178.000000,-130.000000,135.000000,178.000000,128.000000,360.000000,177.628006,-129.729996,134.718002,177.632004,127.733002,359.325012,50.000000,-656.000000,1916.000000,97.000000,525.000000,156.000000
1279,1743679408586416,178.000000,-130.000000,135.000000,178.000000,128.000000,360.000000,177.632996,-129.729996,134.720993,177.634995,127.735001,359.332001,58.000000,-650.000000,1936.000000,102.000000,544.000000,171.000000
1279,1743679408591918,178.000000,-130.000000,135.000000,178.000000,128.000000,360.000000,177.645996,-129.733994,134.722000,177.636993,127.736000,359.342010,84.000000,-675.000000,1966.000000,112.000000,545.000000,186.000000
1279,1743679408596333,178.000000,-130.000000,135.000000,178.000000,128.000000,360.000000,177.651001,-129.740005,134.727997,177.641998,127.739998,359.346985,99.000000,-689.000000,1932.000000,137.000000,540.000000,186.000000
1279,1743679408601832,178.000000,-130.000000,135.000000,178.000000,128.000000,360.000000,177.651001,-129.740005,134.727997,177.641998,127.739998,359.346985,99.000000,-689.000000,1932.000000,137.000000,540.000000,186.000000
1279,1743679408606259,178.000000,-130.000000,135.000000,178.000000,128.000000,360.000000,177.662003,-129.744995,134.733002,177.647995,127.741997,359.364014,138.000000,-693.000000,1922.000000,153.000000,558.000000,230.000000
1279,1743679408611720,178.000000,-130.000000,135.000000,178.000000,128.000000,360.000000,177.662003,-129.744995,134.733002,177.647995,127.741997,359.364014,138.000000,-693.000000,1922.000000,153.000000,558.000000,230.000000
1279,1743679408617247,178.000000,-130.000000,135.000000,178.000000,128.000000,360.000000,177.667999,-129.748001,134.738998,177.651001,127.744003,359.368988,133.000000,-696.000000,1952.000000,166.000000,553.000000,242.000000
1279,1743679408621658,178.000000,-130.000000,135.000000,178.000000,128.000000,360.000000,177.675995,-129.751999,134.740005,177.654007,127.750000,359.380005,149.000000,-695.000000,1999.000000,176.000000,557.000000,261.000000
1279,1743679408627098,178.000000,-130.000000,135.000000,178.000000,128.000000,360.000000,177.677002,-129.755005,134.744003,177.656998,127.750999,359.382996,124.000000,-690.000000,2019.000000,186.000000,559.000000,264.000000
1279,1743679408631508,178.000000,-130.000000,135.000000,178.000000,128.000000,360.000000,177.679993,-129.755997,134.744995,177.660995,127.753998,359.390991,185.000000,-690.000000,2051.000000,200.000000,550.000000,258.000000
1279,1743679408636946,178.000000,-130.000000,135.000000,178.000000,128.000000,360.000000,177.682999,-129.761993,134.746994,177.662003,127.757004,359.394012,148.000000,-698.000000,2056.000000,198.000000,545.000000,278.000000
1279,1743679408642401,178.000000,-130.000000,135.000000,178.000000,128.000000,360.000000,177.684998,-129.764999,134.751007,177.664993,127.758003,359.402008,132.000000,-673.000000,2038.000000,213.000000,546.000000,268.000000
1279,1743679408646762,178.000000,-130.000000,135.000000,178.000000,128.000000,360.000000,177.690002,-129.766998,134.751999,177.667999,127.762001,359.406006,148.000000,-693.000000,2045.000000,219.000000,546.000000,265.000000
1279,1743679408652331,178.000000,-130.000000,135.000000,178.000000,128.000000,360.000000,177.690994,-129.770996,134.755997,177.671997,127.764999,359.414001,147.000000,-686.000000,2042.000000,218.000000,529.000000,260.000000
1279,1743679408656672,178.000000,-130.000000,135.000000,178.000000,128.000000,360.000000,177.694000,-129.774002,134.761002,177.673004,127.768997,359.420013,141.000000,-700.000000,2083.000000,235.000000,533.000000,245.000000
1279,1743679408662125,178.000000,-130.000000,135.000000,178.000000,128.000000,360.000000,177.697998,-129.776001,134.761993,177.677002,127.773003,359.429993,137.000000,-689.000000,2086.000000,227.000000,515.000000,245.000000
1279,1743679408666533,178.000000,-130.000000,135.000000,178.000000,128.000000,360.000000,177.701996,-129.778000,134.764999,177.679993,127.775002,359.433990,108.000000,-689.000000,2105.000000,238.000000,515.000000,240.000000
1279,1743679408672030,178.000000,-130.000000,135.000000,178.000000,128.000000,360.000000,177.705994,-129.781998,134.766998,177.681000,127.782997,359.445007,58.000000,-686.000000,2090.000000,255.000000,495.000000,163.000000
1279,1743679408676441,178.000000,-130.000000,135.000000,178.000000,128.000000,360.000000,177.710007,-129.785004,134.770004,177.686005,127.783997,359.454010,74.000000,-658.000000,2090.000000,250.000000,494.000000,187.000000
1279,1743679408681944,178.000000,-130.000000,135.000000,178.000000,128.000000,360.000000,177.720001,-129.789001,134.772995,177.688004,127.787003,359.463013,51.000000,-650.000000,2099.000000,260.000000,487.000000,138.000000
1279,1743679408686417,178.000000,-130.000000,135.000000,178.000000,128.000000,360.000000,177.723999,-129.792999,134.776993,177.692001,127.790001,359.471008,26.000000,-630.000000,2056.000000,262.000000,488.000000,90.000000
1279,1743679408691859,178.000000,-130.000000,135.000000,178.000000,128.000000,360.000000,177.733002,-129.798004,134.779999,177.697006,127.793999,359.479004,38.000000,-610.000000,1996.000000,257.000000,450.000000,97.000000
1279,1743679408696329,178.000000,-130.000000,135.000000,178.000000,128.000000,360.000000,177.738998,-129.800003,134.785004,177.701004,127.794998,359.485992,-14.000000,-605.000000,1994.000000,271.000000,460.000000,93.000000
1279,1743679408701811,178.000000,-130.000000,135.000000,178.000000,128.000000,360.000000,177.744003,-129.802002,134.787994,177.705002,127.799004,359.501007,14.000000,-607.000000,1997.000000,247.000000,451.000000,61.000000
1279,1743679408706193,178.000000,-130.000000,135.000000,178.000000,128.000000,360.000000,177.753006,-129.806000,134.791000,177.707993,127.802002,359.509003,15.000000,-608.000000,2008.000000,269.000000,436.000000,39.000000
1279,1743679408711680,178.000000,-130.000000,135.000000,178.000000,128.000000,360.000000,177.757004,-129.807999,134.794006,177.712006,127.803001,359.515015,12.000000,-583.000000,1968.000000,256.000000,438.000000,57.000000
1279,1743679408717153,178.000000,-130.000000,135.000000,178.000000,128.000000,360.000000,177.761002,-129.811005,134.798004,177.716003,127.808998,359.527008,28.000000,-572.000000,1973.000000,259.000000,441.000000,17.000000
1279,1743679408721555,178.000000,-130.000000,135.000000,178.000000,128.000000,360.000000,177.766006,-129.813995,134.798996,177.718994,127.809998,359.536987,29.000000,-578.000000,1977.000000,253.000000,441.000000,8.000000
1279,1743679408727072,178.000000,-130.000000,135.000000,178.000000,128.000000,360.000000,177.770996,-129.817993,134.802994,177.720993,127.814003,359.544006,60.000000,-570.000000,1910.000000,263.000000,418.000000,17.000000
1279,1743679408731497,178.000000,-130.000000,135.000000,178.000000,128.000000,360.000000,177.772003,-129.820999,134.806000,177.725006,127.817001,359.549988,71.000000,-571.000000,1890.000000,266.000000,412.000000,21.000000
1279,1743679408736818,178.000000,-130.000000,135.000000,178.000000,128.000000,360.000000,177.772995,-129.824997,134.809006,177.729996,127.818001,359.558990,84.000000,-501.000000,1845.000000,254.000000,417.000000,20.000000
1279,1743679408742219,178.000000,-130.000000,135.000000,178.000000,128.000000,360.000000,177.776001,-129.828003,134.813004,177.735001,127.820999,359.562988,105.000000,-527.000000,1867.000000,268.000000,391.000000,57.000000
1279,1743679408746595,178.000000,-130.000000,135.000000,178.000000,128.000000,360.000000,177.776001,-129.832001,134.813995,177.738007,127.823997,359.567993,137.000000,-532.000000,1871.000000,258.000000,394.000000,80.000000
1279,1743679408752099,178.000000,-130.000000,135.000000,178.000000,128.000000,360.000000,177.776993,-129.832993,134.817001,177.742996,127.824997,359.571014,146.000000,-515.000000,1892.000000,249.000000,419.000000,91.000000
1279,1743679408756513,178.000000,-130.000000,135.000000,178.000000,128.000000,360.000000,177.779999,-129.835007,134.817993,177.744995,127.829002,359.579010,144.000000,-531.000000,1913.000000,266.000000,389.000000,113.000000
1279,1743679408761944,178.000000,-130.000000,135.000000,178.000000,128.000000,360.000000,177.781998,-129.835999,134.820999,177.746994,127.831001,359.582001,183.000000,-558.000000,1960.000000,274.000000,395.000000,134.000000
1279,1743679408766381,178.000000,-130.000000,135.000000,178.000000,128.000000,360.000000,177.783005,-129.839996,134.822006,177.753006,127.832001,359.585999,208.000000,-549.000000,1935.000000,292.000000,413.000000,144.000000
1279,1743679408771861,178.000000,-130.000000,135.000000,178.000000,128.000000,360.000000,177.785995,-129.841003,134.824997,177.753006,127.835999,359.589996,213.000000,-549.000000,1923.000000,287.000000,398.000000,166.000000
1279,1743679408776273,178.000000,-130.000000,135.000000,178.000000,128.000000,360.000000,177.791000,-129.843994,134.828003,177.757004,127.839996,359.589996,198.000000,-509.000000,1948.000000,311.000000,395.000000,171.000000
1279,1743679408781786,178.000000,-130.000000,135.000000,178.000000,128.000000,360.000000,177.794006,-129.845001,134.830994,177.759995,127.843002,359.596008,181.000000,-509.000000,1987.000000,297.000000,396.000000,186.000000
1279,1743679408787269,178.000000,-130.000000,135.000000,178.000000,128.000000,360.000000,177.794006,-129.845001,134.830994,177.759995,127.843002,359.596008,181.000000,-509.000000,1987.000000,297.000000,396.000000,186.000000
1279,1743679408791638,178.000000,-130.000000,135.000000,178.000000,128.000000,360.000000,177.798004,-129.850998,134.835007,177.764008,127.846001,359.600006,209.000000,-511.000000,1996.000000,329.000000,381.000000,206.000000
1279,1743679408797159,178.000000,-130.000000,135.000000,178.000000,128.000000,360.000000,177.802002,-129.850998,134.837006,177.766998,127.847000,359.604004,213.000000,-506.000000,1994.000000,335.000000,383.000000,220.000000
1279,1743679408801549,178.000000,-130.000000,135.000000,178.000000,128.000000,360.000000,177.802002,-129.850998,134.837006,177.766998,127.847000,359.604004,213.000000,-506.000000,1994.000000,335.000000,383.000000,220.000000
1279,1743679408806970,178.000000,-130.000000,135.000000,178.000000,128.000000,360.000000,177.804993,-129.854004,134.837006,177.768005,127.848999,359.608002,212.000000,-520.000000,2020.000000,343.000000,385.000000,237.000000
1279,1743679408811327,178.000000,-130.000000,135.000000,178.000000,128.000000,360.000000,177.807999,-129.856003,134.841995,177.768997,127.850998,359.609009,220.000000,-515.000000,2017.000000,350.000000,335.000000,245.000000
1279,1743679408816828,178.000000,-130.000000,135.000000,178.000000,128.000000,360.000000,177.809006,-129.858002,134.841995,177.770996,127.853996,359.612000,201.000000,-509.000000,2063.000000,356.000000,367.000000,251.000000
1279,1743679408822388,178.000000,-130.000000,135.000000,178.000000,128.000000,360.000000,177.811996,-129.858994,134.843002,177.772995,127.856003,359.614990,196.000000,-515.000000,2061.000000,363.000000,347.000000,249.000000
1279,1743679408826696,178.000000,-130.000000,135.000000,178.000000,128.000000,360.000000,177.813004,-129.863007,134.850006,177.776001,127.857002,359.618988,178.000000,-518.000000,2050.000000,362.000000,366.000000,266.000000
1279,1743679408832207,178.000000,-130.000000,135.000000,178.000000,128.000000,360.000000,177.815994,-129.863007,134.850998,177.778000,127.860001,359.622009,168.000000,-528.000000,1975.000000,377.000000,355.000000,270.000000
1279,1743679408836615,178.000000,-130.000000,135.000000,178.000000,128.000000,360.000000,177.819000,-129.865005,134.854004,177.779999,127.862000,359.625000,158.000000,-515.000000,1941.000000,387.000000,350.000000,284.000000
1279,1743679408842157,178.000000,-130.000000,135.000000,178.000000,128.000000,360.000000,177.820999,-129.865997,134.854996,177.781998,127.862000,359.628998,99.000000,-525.000000,1921.000000,398.000000,350.000000,270.000000
1279,1743679408846520,178.000000,-130.000000,135.000000,178.000000,128.000000,360.000000,177.824005,-129.869003,134.858002,177.783997,127.866997,359.632996,58.000000,-531.000000,1907.000000,394.000000,351.000000,285.000000
1279,1743679408852102,178.000000,-130.000000,135.000000,178.000000,128.000000,360.000000,177.830994,-129.869995,134.860992,177.789001,127.867996,359.635986,81.000000,-547.000000,1908.000000,401.000000,349.000000,286.000000
1279,1743679408856488,178.000000,-130.000000,135.000000,178.000000,128.000000,360.000000,177.834000,-129.871994,134.862000,177.789001,127.869003,359.640015,70.000000,-546.000000,1885.000000,396.000000,356.000000,288.000000
1279,1743679408861996,178.000000,-130.000000,135.000000,178.000000,128.000000,360.000000,177.835999,-129.873993,134.863998,177.791000,127.873001,359.640991,74.000000,-540.000000,1884.000000,409.000000,352.000000,308.000000
1279,1743679408866401,178.000000,-130.000000,135.000000,178.000000,128.000000,360.000000,177.841003,-129.876999,134.867996,177.794998,127.873001,359.644012,31.000000,-552.000000,1838.000000,386.000000,353.000000,293.000000
1279,1743679408871921,178.000000,-130.000000,135.000000,178.000000,128.000000,360.000000,177.847000,-129.878998,134.869995,177.798004,127.875000,359.651001,44.000000,-544.000000,1817.000000,428.000000,347.000000,281.000000
1279,1743679408876286,178.000000,-130.000000,135.000000,178.000000,128.000000,360.000000,177.850006,-129.878998,134.875000,177.802002,127.878998,359.653015,67.000000,-560.000000,1825.000000,416.000000,346.000000,304.000000
1279,1743679408881830,178.000000,-130.000000,135.000000,178.000000,128.000000,360.000000,177.852005,-129.880997,134.875000,177.804001,127.878998,359.658997,41.000000,-545.000000,1752.000000,388.000000,357.000000,297.000000
1279,1743679408886246,178.000000,-130.000000,135.000000,178.000000,128.000000,360.000000,177.854004,-129.882996,134.878998,177.806000,127.879997,359.662994,65.000000,-559.000000,1729.000000,414.000000,353.000000,276.000000
1279,1743679408891736,178.000000,-130.000000,135.000000,178.000000,128.000000,360.000000,177.856995,-129.884003,134.880005,177.807999,127.882004,359.666992,96.000000,-564.000000,1719.000000,403.000000,356.000000,263.000000
1279,1743679408897281,178.000000,-130.000000,135.000000,178.000000,128.000000,360.000000,177.860001,-129.884003,134.884003,177.811005,127.883003,359.670013,92.000000,-589.000000,1704.000000,436.000000,362.000000,276.000000
1279,1743679408901772,178.000000,-130.000000,135.000000,178.000000,128.000000,360.000000,177.860001,-129.886993,134.886002,177.815002,127.883003,359.673004,105.000000,-590.000000,1675.000000,367.000000,361.000000,268.000000
1279,1743679408907207,178.000000,-130.000000,135.000000,178.000000,128.000000,360.000000,177.860992,-129.886993,134.888000,177.815994,127.886002,359.678986,126.000000,-606.000000,1620.000000,407.000000,375.000000,256.000000
1279,1743679408911651,178.000000,-130.000000,135.000000,178.000000,128.000000,360.000000,177.863998,-129.888000,134.891006,177.819000,127.887001,359.682007,123.000000,-596.000000,1640.000000,371.000000,367.000000,243.000000
1279,1743679408917125,178.000000,-130.000000,135.000000,178.000000,128.000000,360.000000,177.863998,-129.891006,134.891006,177.822998,127.889000,359.687988,161.000000,-607.000000,1622.000000,359.000000,387.000000,246.000000
1279,1743679408921491,178.000000,-130.000000,135.000000,178.000000,128.000000,360.000000,177.865005,-129.893997,134.891998,177.826004,127.890999,359.691986,163.000000,-594.000000,1667.000000,347.000000,342.000000,236.000000
1279,1743679408926989,178.000000,-130.000000,135.000000,178.000000,128.000000,360.000000,177.867004,-129.895004,134.893997,177.828003,127.890999,359.696014,174.000000,-605.000000,1686.000000,339.000000,374.000000,240.000000
1279,1743679408931352,178.000000,-130.000000,135.000000,178.000000,128.000000,360.000000,177.867996,-129.895996,134.897003,177.830994,127.894997,359.700012,193.000000,-621.000000,1716.000000,317.000000,343.000000,209.000000
1279,1743679408936870,178.000000,-130.000000,135.000000,178.000000,128.000000,360.000000,177.869003,-129.895004,134.897995,177.835007,127.897003,359.703003,206.000000,-619.000000,1648.000000,309.000000,338.000000,218.000000
1279,1743679408941321,178.000000,-130.000000,135.000000,178.000000,128.000000,360.000000,177.869003,-129.897995,134.899002,177.837997,127.900002,359.709991,202.000000,-628.000000,1688.000000,281.000000,340.000000,213.000000
1279,1743679408946808,178.000000,-130.000000,135.000000,178.000000,128.000000,360.000000,177.869003,-129.897995,134.899002,177.837997,127.900002,359.709991,202.000000,-628.000000,1688.000000,281.000000,340.000000,213.000000
1279,1743679408951253,178.000000,-130.000000,135.000000,178.000000,128.000000,360.000000,177.873993,-129.899994,134.901993,177.843002,127.900002,359.717010,224.000000,-606.000000,1664.000000,257.000000,353.000000,204.000000
1279,1743679408956745,178.000000,-130.000000,135.000000,178.000000,128.000000,360.000000,177.875000,-129.901993,134.903000,177.848007,127.901001,359.726013,228.000000,-593.000000,1657.000000,239.000000,351.000000,166.000000
1279,1743679408962266,178.000000,-130.000000,135.000000,178.000000,128.000000,360.000000,177.878006,-129.899994,134.904999,177.850006,127.902000,359.727997,237.000000,-639.000000,1647.000000,220.000000,351.000000,174.000000
1279,1743679408966666,178.000000,-130.000000,135.000000,178.000000,128.000000,360.000000,177.878998,-129.903000,134.903000,177.852997,127.902000,359.733002,253.000000,-613.000000,1679.000000,210.000000,368.000000,167.000000
1279,1743679408972157,178.000000,-130.000000,135.000000,178.000000,128.000000,360.000000,177.878998,-129.903000,134.903000,177.852997,127.902000,359.733002,253.000000,-613.000000,1679.000000,210.000000,368.000000,167.000000
1279,1743679408976580,178.000000,-130.000000,135.000000,178.000000,128.000000,360.000000,177.882004,-129.903000,134.906006,177.852997,127.902000,359.739014,222.000000,-648.000000,1684.000000,196.000000,376.000000,167.000000
1279,1743679408982039,178.000000,-130.000000,135.000000,178.000000,128.000000,360.000000,177.882996,-129.904999,134.906006,177.856995,127.902000,359.750000,243.000000,-653.000000,1695.000000,181.000000,392.000000,156.000000
1279,1743679408986406,178.000000,-130.000000,135.000000,178.000000,128.000000,360.000000,177.882996,-129.904999,134.906006,177.856995,127.902000,359.750000,243.000000,-653.000000,1695.000000,181.000000,392.000000,156.000000
1279,1743679408991914,178.000000,-130.000000,135.000000,178.000000,128.000000,360.000000,177.886002,-129.906006,134.908997,177.860001,127.903999,359.752014,263.000000,-648.000000,1698.000000,181.000000,397.000000,142.000000
1279,1743679408996328,178.000000,-130.000000,135.000000,178.000000,128.000000,360.000000,177.886993,-129.906006,134.908997,177.863007,127.903999,359.757996,263.000000,-658.000000,1700.000000,190.000000,394.000000,136.000000
1279,1743679409001805,178.000000,-130.000000,135.000000,178.000000,128.000000,360.000000,177.889008,-129.906006,134.910004,177.865005,127.903999,359.761993,291.000000,-645.000000,1712.000000,165.000000,396.000000,137.000000
1279,1743679409007331,178.000000,-130.000000,135.000000,178.000000,128.000000,360.000000,177.889008,-129.908997,134.908997,177.867004,127.903999,359.763000,275.000000,-648.000000,1751.000000,180.000000,402.000000,138.000000
1279,1743679409011685,178.000000,-130.000000,135.000000,178.000000,128.000000,360.000000,177.889008,-129.906998,134.912003,177.869995,127.904999,359.769012,262.000000,-653.000000,1707.000000,151.000000,413.000000,128.000000
1279,1743679409017217,178.000000,-130.000000,135.000000,178.000000,128.000000,360.000000,177.891006,-129.906998,134.908997,177.871994,127.905998,359.776001,305.000000,-660.000000,1750.000000,148.000000,412.000000,151.000000
1279,1743679409021628,178.000000,-130.000000,135.000000,178.000000,128.000000,360.000000,177.893005,-129.910004,134.912994,177.873993,127.904999,359.778015,280.000000,-648.000000,1731.000000,136.000000,412.000000,151.000000
1279,1743679409027091,178.000000,-130.000000,135.000000,178.000000,128.000000,360.000000,177.893005,-129.910004,134.912994,177.876007,127.904999,359.779999,291.000000,-658.000000,1712.000000,155.000000,418.000000,161.000000
1279,1743679409031524,178.000000,-130.000000,135.000000,178.000000,128.000000,360.000000,177.895996,-129.910995,134.916000,177.878998,127.905998,359.782013,302.000000,-650.000000,1745.000000,149.000000,404.000000,158.000000
1279,1743679409037040,178.000000,-130.000000,135.000000,178.000000,128.000000,360.000000,177.897003,-129.912994,134.916000,177.880997,127.904999,359.783997,312.000000,-642.000000,1749.000000,158.000000,419.000000,163.000000
1279,1743679409041430,178.000000,-130.000000,135.000000,178.000000,128.000000,360.000000,177.897003,-129.910995,134.916000,177.882996,127.905998,359.786987,329.000000,-652.000000,1765.000000,138.000000,432.000000,156.000000
1279,1743679409046912,178.000000,-130.000000,135.000000,178.000000,128.000000,360.000000,177.901001,-129.910995,134.917007,177.886002,127.907997,359.790985,249.000000,-669.000000,1778.000000,131.000000,426.000000,170.000000
1279,1743679409051299,178.000000,-130.000000,135.000000,178.000000,128.000000,360.000000,177.901001,-129.912994,134.917999,177.889008,127.907997,359.795013,288.000000,-668.000000,1806.000000,127.000000,435.000000,165.000000
1279,1743679409056810,178.000000,-130.000000,135.000000,178.000000,128.000000,360.000000,177.904007,-129.914001,134.919998,177.889008,127.908997,359.795990,282.000000,-672.000000,1794.000000,139.000000,426.000000,174.000000
1279,1743679409061249,178.000000,-130.000000,135.000000,178.000000,128.000000,360.000000,177.904007,-129.916000,134.917999,177.889999,127.907997,359.799011,290.000000,-674.000000,1812.000000,147.000000,425.000000,179.000000
1279,1743679409066753,178.000000,-130.000000,135.000000,178.000000,128.000000,360.000000,177.904999,-129.916000,134.917999,177.891998,127.908997,359.802002,266.000000,-685.000000,1813.000000,129.000000,442.000000,184.000000
1279,1743679409072321,178.000000,-130.000000,135.000000,178.000000,128.000000,360.000000,177.906998,-129.917007,134.919998,177.893005,127.910004,359.803986,265.000000,-662.000000,1806.000000,122.000000,444.000000,173.000000
1279,1743679409076719,178.000000,-130.000000,135.000000,178.000000,128.000000,360.000000,177.906998,-129.917999,134.921005,177.893997,127.910004,359.807007,267.000000,-680.000000,1847.000000,132.000000,450.000000,190.000000
1279,1743679409082194,178.000000,-130.000000,135.000000,178.000000,128.000000,360.000000,177.906998,-129.919998,134.923004,177.895996,127.910004,359.809998,270.000000,-672.000000,1841.000000,130.000000,446.000000,203.000000
1279,1743679409086580,178.000000,-130.000000,135.000000,178.000000,128.000000,360.000000,177.906998,-129.919998,134.923004,177.895996,127.910004,359.809998,270.000000,-672.000000,1841.000000,130.000000,446.000000,203.000000
1279,1743679409092019,178.000000,-130.000000,135.000000,178.000000,128.000000,360.000000,177.904999,-129.917007,134.923004,177.897995,127.912003,359.812988,275.000000,-671.000000,1822.000000,140.000000,447.000000,198.000000
1279,1743679409096500,178.000000,-130.000000,135.000000,178.000000,128.000000,360.000000,177.908005,-129.919998,134.923004,177.897995,127.912003,359.815002,285.000000,-681.000000,1827.000000,124.000000,451.000000,207.000000
1279,1743679409102050,178.000000,-130.000000,135.000000,178.000000,128.000000,360.000000,177.908005,-129.921005,134.923996,177.901001,127.913002,359.816986,274.000000,-675.000000,1824.000000,106.000000,453.000000,217.000000
1279,1743679409106394,178.000000,-130.000000,135.000000,178.000000,128.000000,360.000000,177.910995,-129.921005,134.927002,177.903000,127.913002,359.817993,265.000000,-657.000000,1837.000000,115.000000,467.000000,230.000000
1279,1743679409111944,178.000000,-130.000000,135.000000,178.000000,128.000000,360.000000,177.910995,-129.923996,134.927002,177.903000,127.912003,359.821014,261.000000,-674.000000,1816.000000,112.000000,463.000000,227.000000
1279,1743679409116358,178.000000,-130.000000,135.000000,178.000000,128.000000,360.000000,177.912994,-129.923996,134.927002,177.904007,127.915001,359.821014,204.000000,-674.000000,1846.000000,120.000000,460.000000,226.000000
1279,1743679409122913,178.000000,-130.000000,135.000000,178.000000,128.000000,360.000000,177.912994,-129.925003,134.927994,177.904999,127.913002,359.824005,244.000000,-679.000000,1849.000000,101.000000,476.000000,229.000000
1279,1743679409127390,178.000000,-130.000000,135.000000,178.000000,128.000000,360.000000,177.914993,-129.925003,134.927994,177.906998,127.915001,359.825989,240.000000,-659.000000,1875.000000,101.000000,471.000000,234.000000
1279,1743679409132926,178.000000,-130.000000,135.000000,178.000000,128.000000,360.000000,177.912994,-129.923996,134.929001,177.906998,127.916000,359.828003,222.000000,-678.000000,1873.000000,115.000000,474.000000,241.000000
1279,1743679409137343,178.000000,-130.000000,135.000000,178.000000,128.000000,360.000000,177.916000,-129.927002,134.929001,177.908997,127.916000,359.830994,183.000000,-694.000000,1857.000000,94.000000,481.000000,233.000000
1279,1743679409142850,178.000000,-130.000000,135.000000,178.000000,128.000000,360.000000,177.916000,-129.927002,134.931000,177.908997,127.916000,359.832001,224.000000,-685.000000,1870.000000,106.000000,476.000000,240.000000
1279,1743679409147226,178.000000,-130.000000,135.000000,178.000000,128.000000,360.000000,177.916000,-129.929001,134.931000,177.910995,127.917000,359.833008,234.000000,-679.000000,1880.000000,98.000000,479.000000,234.000000
1279,1743679409152727,178.000000,-130.000000,135.000000,178.000000,128.000000,360.000000,177.917999,-129.927994,134.934006,177.912003,127.917000,359.834991,200.000000,-673.000000,1872.000000,94.000000,485.000000,259.000000
1279,1743679409157177,178.000000,-130.000000,135.000000,178.000000,128.000000,360.000000,177.919006,-129.929001,134.932007,177.914001,127.918999,359.837006,208.000000,-660.000000,1891.000000,81.000000,477.000000,245.000000
1279,1743679409162628,178.000000,-130.000000,135.000000,178.000000,128.000000,360.000000,177.916000,-129.929001,134.934006,177.916000,127.919998,359.842010,206.000000,-680.000000,1877.000000,59.000000,469.000000,253.000000
1279,1743679409168173,178.000000,-130.000000,135.000000,178.000000,128.000000,360.000000,177.919998,-129.931000,134.934006,177.916000,127.919998,359.839996,216.000000,-685.000000,1902.000000,80.000000,475.000000,260.000000
1279,1743679409172599,178.000000,-130.000000,135.000000,178.000000,128.000000,360.000000,177.919006,-129.929001,134.934998,177.917999,127.918999,359.842987,200.000000,-686.000000,1930.000000,66.000000,488.000000,258.000000
1279,1743679409178127,178.000000,-130.000000,135.000000,178.000000,128.000000,360.000000,177.919006,-129.932007,134.934998,177.919998,127.920998,359.846985,212.000000,-678.000000,1914.000000,65.000000,488.000000,270.000000
1279,1743679409182495,178.000000,-130.000000,135.000000,178.000000,128.000000,360.000000,177.919998,-129.932007,134.938004,177.921997,127.920998,359.846985,217.000000,-681.000000,1896.000000,61.000000,485.000000,261.000000
1279,1743679409188006,178.000000,-130.000000,135.000000,178.000000,128.000000,360.000000,177.921997,-129.932999,134.938004,177.921997,127.924004,359.851013,215.000000,-666.000000,1920.000000,56.000000,500.000000,259.000000
1279,1743679409192386,178.000000,-130.000000,135.000000,178.000000,128.000000,360.000000,177.919998,-129.932999,134.938004,177.923004,127.924004,359.851013,204.000000,-672.000000,1908.000000,34.000000,505.000000,242.000000
1279,1743679409197883,178.000000,-130.000000,135.000000,178.000000,128.000000,360.000000,177.923996,-129.936005,134.938995,177.925003,127.924004,359.854004,196.000000,-681.000000,1940.000000,37.000000,500.000000,254.000000
1279,1743679409202337,178.000000,-130.000000,135.000000,178.000000,128.000000,360.000000,177.925995,-129.936005,134.938004,177.927002,127.926003,359.856995,185.000000,-681.000000,1934.000000,33.000000,506.000000,273.000000
1279,1743679409207846,178.000000,-130.000000,135.000000,178.000000,128.000000,360.000000,177.923996,-129.936005,134.940002,177.929001,127.926003,359.858002,180.000000,-688.000000,1935.000000,14.000000,500.000000,255.000000
1279,1743679409212255,178.000000,-130.000000,135.000000,178.000000,128.000000,360.000000,177.927002,-129.936005,134.942001,177.931000,127.927002,359.858002,178.000000,-689.000000,1942.000000,11.000000,514.000000,246.000000
1279,1743679409217707,178.000000,-130.000000,135.000000,178.000000,128.000000,360.000000,177.927002,-129.938995,134.942001,177.932999,127.927002,359.859009,185.000000,-691.000000,1931.000000,29.000000,511.000000,230.000000
1279,1743679409223199,178.000000,-130.000000,135.000000,178.000000,128.000000,360.000000,177.927002,-129.938995,134.942993,177.934006,127.927002,359.862000,170.000000,-672.000000,1931.000000,27.000000,517.000000,256.000000
1279,1743679409227581,178.000000,-130.000000,135.000000,178.000000,128.000000,360.000000,177.929993,-129.938995,134.942993,177.934006,127.928001,359.862000,172.000000,-685.000000,1951.000000,25.000000,520.000000,269.000000
1279,1743679409233002,178.000000,-130.000000,135.000000,178.000000,128.000000,360.000000,177.929993,-129.940002,134.942993,177.934998,127.927002,359.864014,164.000000,-688.000000,1967.000000,24.000000,504.000000,260.000000
1279,1743679409237374,178.000000,-130.000000,135.000000,178.000000,128.000000,360.000000,177.929993,-129.942001,134.945999,177.936996,127.928001,359.865997,155.000000,-685.000000,1957.000000,36.000000,515.000000,257.000000
1279,1743679409242850,178.000000,-130.000000,135.000000,178.000000,128.000000,360.000000,177.931000,-129.940002,134.945999,177.938004,127.928001,359.868011,187.000000,-691.000000,1970.000000,39.000000,517.000000,263.000000
1279,1743679409247279,178.000000,-130.000000,135.000000,178.000000,128.000000,360.000000,177.929993,-129.942001,134.947006,177.938004,127.931000,359.868988,174.000000,-687.000000,1966.000000,36.000000,518.000000,244.000000
1279,1743679409252801,178.000000,-130.000000,135.000000,178.000000,128.000000,360.000000,177.931000,-129.942993,134.947006,177.940994,127.931000,359.869995,173.000000,-694.000000,1958.000000,41.000000,530.000000,243.000000
1279,1743679409257223,178.000000,-130.000000,135.000000,178.000000,128.000000,360.000000,177.934006,-129.942993,134.949997,177.940002,127.931000,359.872009,163.000000,-695.000000,1970.000000,34.000000,520.000000,227.000000
1279,1743679409262674,178.000000,-130.000000,135.000000,178.000000,128.000000,360.000000,177.934006,-129.944000,134.949997,177.940994,127.931000,359.875000,179.000000,-682.000000,1932.000000,28.000000,523.000000,222.000000
1279,1743679409268148,178.000000,-130.000000,135.000000,178.000000,128.000000,360.000000,177.932999,-129.944000,134.951004,177.942001,127.933998,359.877014,156.000000,-693.000000,1940.000000,35.000000,532.000000,224.000000
1279,1743679409272606,178.000000,-130.000000,135.000000,178.000000,128.000000,360.000000,177.934006,-129.945999,134.951004,177.944000,127.931999,359.878998,162.000000,-689.000000,1964.000000,35.000000,526.000000,227.000000
1279,1743679409277997,178.000000,-130.000000,135.000000,178.000000,128.000000,360.000000,177.936996,-129.947006,134.953003,177.944000,127.933998,359.881012,156.000000,-697.000000,1947.000000,28.000000,533.000000,217.000000
1279,1743679409283408,178.000000,-130.000000,135.000000,178.000000,128.000000,360.000000,177.936996,-129.947006,134.953003,177.944000,127.933998,359.881012,156.000000,-697.000000,1947.000000,28.000000,533.000000,217.000000
1279,1743679409287770,178.000000,-130.000000,135.000000,178.000000,128.000000,360.000000,177.934998,-129.947006,134.955994,177.945007,127.933998,359.884003,134.000000,-691.000000,1924.000000,17.000000,525.000000,175.000000
1279,1743679409292225,178.000000,-130.000000,135.000000,178.000000,128.000000,360.000000,177.938995,-129.949005,134.957001,177.947998,127.934998,359.888000,132.000000,-688.000000,1923.000000,-12.000000,541.000000,217.000000
1279,1743679409297729,178.000000,-130.000000,135.000000,178.000000,128.000000,360.000000,177.938995,-129.949005,134.957001,177.947998,127.934998,359.888000,132.000000,-688.000000,1923.000000,-12.000000,541.000000,217.000000
1279,1743679409302148,178.000000,-130.000000,135.000000,178.000000,128.000000,360.000000,177.938995,-129.949997,134.957993,177.949005,127.936996,359.888000,158.000000,-693.000000,1932.000000,-6.000000,517.000000,203.000000
1279,1743679409307661,178.000000,-130.000000,135.000000,178.000000,128.000000,360.000000,177.938995,-129.949997,134.960007,177.951996,127.936996,359.890015,124.000000,-709.000000,1948.000000,-3.000000,534.000000,195.000000
1279,1743679409313217,178.000000,-130.000000,135.000000,178.000000,128.000000,360.000000,177.940994,-129.951004,134.960999,177.951996,127.936996,359.890991,139.000000,-695.000000,1944.000000,-31.000000,542.000000,187.000000
1279,1743679409317605,178.000000,-130.000000,135.000000,178.000000,128.000000,360.000000,177.940994,-129.953003,134.962006,177.955002,127.938004,359.890991,130.000000,-693.000000,1947.000000,-15.000000,535.000000,196.000000
1279,1743679409323044,178.000000,-130.000000,135.000000,178.000000,128.000000,360.000000,177.942001,-129.953003,134.962006,177.955994,127.939003,359.894012,136.000000,-688.000000,1947.000000,-47.000000,532.000000,179.000000
1279,1743679409327473,178.000000,-130.000000,135.000000,178.000000,128.000000,360.000000,177.944000,-129.953995,134.964005,177.957001,127.939003,359.894989,123.000000,-686.000000,1963.000000,-43.000000,543.000000,208.000000
1279,1743679409332985,178.000000,-130.000000,135.000000,178.000000,128.000000,360.000000,177.945007,-129.953995,134.964996,177.959000,127.939003,359.894989,131.000000,-693.000000,1944.000000,-32.000000,536.000000,146.000000
1279,1743679409337326,178.000000,-130.000000,135.000000,178.000000,128.000000,360.000000,177.944000,-129.955002,134.964996,177.959000,127.941002,359.898987,132.000000,-678.000000,1965.000000,-49.000000,546.000000,160.000000
1279,1743679409342821,178.000000,-130.000000,135.000000,178.000000,128.000000,360.000000,177.945999,-129.957001,134.968002,177.962997,127.942001,359.898010,124.000000,-688.000000,1960.000000,-70.000000,557.000000,186.000000
1279,1743679409347230,178.000000,-130.000000,135.000000,178.000000,128.000000,360.000000,177.947998,-129.957993,134.966995,177.962997,127.942001,359.901001,146.000000,-689.000000,1987.000000,-53.000000,548.000000,176.000000
1279,1743679409352716,178.000000,-130.000000,135.000000,178.000000,128.000000,360.000000,177.945999,-129.957993,134.968002,177.966003,127.942001,359.901001,138.000000,-697.000000,1975.000000,-54.000000,542.000000,144.000000
1279,1743679409358167,178.000000,-130.000000,135.000000,178.000000,128.000000,360.000000,177.947998,-129.957993,134.968994,177.966003,127.943001,359.902008,103.000000,-697.000000,1988.000000,-65.000000,558.000000,143.000000
1279,1743679409362524,178.000000,-130.000000,135.000000,178.000000,128.000000,360.000000,177.949005,-129.960007,134.968994,177.966995,127.943001,359.904999,115.000000,-683.000000,1974.000000,-71.000000,559.000000,131.000000
1279,1743679409368071,178.000000,-130.000000,135.000000,178.000000,128.000000,360.000000,177.949005,-129.960007,134.970993,177.968002,127.945000,359.903015,110.000000,-693.000000,1980.000000,-66.000000,562.000000,116.000000
1279,1743679409372470,178.000000,-130.000000,135.000000,178.000000,128.000000,360.000000,177.949997,-129.960007,134.972000,177.970001,127.945000,359.904999,123.000000,-687.000000,2000.000000,-65.000000,553.000000,114.000000
1279,1743679409377892,178.000000,-130.000000,135.000000,178.000000,128.000000,360.000000,177.951996,-129.964005,134.973007,177.970001,127.945999,359.907013,109.000000,-690.000000,2000.000000,-62.000000,562.000000,94.000000
1279,1743679409382265,178.000000,-130.000000,135.000000,178.000000,128.000000,360.000000,177.953003,-129.964005,134.973007,177.970993,127.947998,359.906006,108.000000,-687.000000,2008.000000,-43.000000,560.000000,152.000000
1279,1743679409387772,178.000000,-130.000000,135.000000,178.000000,128.000000,360.000000,177.953003,-129.964005,134.975006,177.973007,127.947998,359.908997,129.000000,-677.000000,2021.000000,-52.000000,556.000000,146.000000
1279,1743679409392237,178.000000,-130.000000,135.000000,178.000000,128.000000,360.000000,177.955002,-129.964005,134.975998,177.973999,127.948997,359.908997,134.000000,-682.000000,2022.000000,-57.000000,554.000000,98.000000
1279,1743679409397730,178.000000,-130.000000,135.000000,178.000000,128.000000,360.000000,177.955002,-129.964996,134.975998,177.975006,127.948997,359.908997,129.000000,-686.000000,2023.000000,-59.000000,569.000000,110.000000
1279,1743679409403248,178.000000,-130.000000,135.000000,178.000000,128.000000,360.000000,177.955002,-129.966003,134.975998,177.975006,127.949997,359.908997,116.000000,-674.000000,2018.000000,-48.000000,553.000000,66.000000
1279,1743679409407604,178.000000,-130.000000,135.000000,178.000000,128.000000,360.000000,177.957001,-129.966003,134.979004,177.977005,127.953003,359.912994,102.000000,-689.000000,2008.000000,-40.000000,564.000000,103.000000
1279,1743679409413080,178.000000,-130.000000,135.000000,178.000000,128.000000,360.000000,177.957001,-129.968002,134.977997,177.977997,127.953003,359.912994,91.000000,-679.000000,2036.000000,-47.000000,568.000000,75.000000
1279,1743679409417491,178.000000,-130.000000,135.000000,178.000000,128.000000,360.000000,177.959000,-129.968994,134.979004,177.977997,127.954002,359.912994,92.000000,-685.000000,2019.000000,-41.000000,564.000000,68.000000
1279,1743679409422987,178.000000,-130.000000,135.000000,178.000000,128.000000,360.000000,177.960999,-129.968002,134.981995,177.979004,127.956001,359.914001,101.000000,-658.000000,2018.000000,-41.000000,546.000000,47.000000
1279,1743679409427416,178.000000,-130.000000,135.000000,178.000000,128.000000,360.000000,177.960999,-129.970001,134.981995,177.979004,127.956001,359.915985,86.000000,-659.000000,2028.000000,-36.000000,548.000000,67.000000
1279,1743679409432817,178.000000,-130.000000,135.000000,178.000000,128.000000,360.000000,177.962997,-129.970001,134.983002,177.981003,127.957001,359.916992,98.000000,-650.000000,2027.000000,-41.000000,558.000000,63.000000
1279,1743679409437258,178.000000,-130.000000,135.000000,178.000000,128.000000,360.000000,177.962997,-129.970001,134.983994,177.981003,127.957001,359.916992,100.000000,-648.000000,2059.000000,-33.000000,560.000000,59.000000
1279,1743679409442767,178.000000,-130.000000,135.000000,178.000000,128.000000,360.000000,177.964005,-129.972000,134.983994,177.981995,127.959000,359.917999,100.000000,-625.000000,2051.000000,-43.000000,562.000000,33.000000
1279,1743679409447162,178.000000,-130.000000,135.000000,178.000000,128.000000,360.000000,177.964005,-129.973007,134.985992,177.981995,127.959999,359.923004,93.000000,-634.000000,2067.000000,-43.000000,556.000000,16.000000
1279,1743679409452643,178.000000,-130.000000,135.000000,178.000000,128.000000,360.000000,177.966003,-129.975006,134.987000,177.983994,127.959000,359.923004,98.000000,-641.000000,2043.000000,-26.000000,570.000000,43.000000
1279,1743679409458148,178.000000,-130.000000,135.000000,178.000000,128.000000,360.000000,177.966003,-129.975006,134.987000,177.983994,127.962997,359.923004,115.000000,-643.000000,2091.000000,-42.000000,563.000000,29.000000
1279,1743679409462526,178.000000,-130.000000,135.000000,178.000000,128.000000,360.000000,177.966003,-129.977005,134.988998,177.985001,127.960999,359.923004,122.000000,-636.000000,2099.000000,-32.000000,563.000000,33.000000
1279,1743679409468045,178.000000,-130.000000,135.000000,178.000000,128.000000,360.000000,177.966003,-129.977005,134.988998,177.985001,127.960999,359.923004,122.000000,-636.000000,2099.000000,-32.000000,563.000000,33.000000
1279,1743679409472449,178.000000,-130.000000,135.000000,178.000000,128.000000,360.000000,177.966995,-129.977005,134.988998,177.985992,127.963997,359.924988,107.000000,-626.000000,2107.000000,-19.000000,565.000000,0.000000
1279,1743679409477869,178.000000,-130.000000,135.000000,178.000000,128.000000,360.000000,177.966995,-129.977005,134.988998,177.985992,127.963997,359.924988,107.000000,-626.000000,2107.000000,-19.000000,565.000000,0.000000
1279,1743679409482279,178.000000,-130.000000,135.000000,178.000000,128.000000,360.000000,177.966995,-129.979004,134.988998,177.985992,127.964996,359.924011,90.000000,-632.000000,2112.000000,-17.000000,550.000000,63.000000
1279,1743679409487754,178.000000,-130.000000,135.000000,178.000000,128.000000,360.000000,177.968002,-129.979004,134.990997,177.985992,127.963997,359.924988,86.000000,-623.000000,2127.000000,-22.000000,561.000000,72.000000
1279,1743679409492103,178.000000,-130.000000,135.000000,178.000000,128.000000,360.000000,177.970993,-129.979996,134.990997,177.985992,127.967003,359.927002,93.000000,-625.000000,2143.000000,-20.000000,541.000000,24.000000
1279,1743679409497657,178.000000,-130.000000,135.000000,178.000000,128.000000,360.000000,177.970993,-129.979996,134.992996,177.988998,127.968002,359.927002,111.000000,-637.000000,2146.000000,-12.000000,558.000000,44.000000
1279,1743679409503082,178.000000,-130.000000,135.000000,178.000000,128.000000,360.000000,177.972000,-129.981003,134.990997,177.988998,127.970001,359.928986,106.000000,-619.000000,2153.000000,-9.000000,551.000000,54.000000
1279,1743679409507473,178.000000,-130.000000,135.000000,178.000000,128.000000,360.000000,177.972000,-129.981003,134.994995,177.988998,127.971001,359.928986,107.000000,-621.000000,2148.000000,-12.000000,554.000000,68.000000
1279,1743679409512952,178.000000,-130.000000,135.000000,178.000000,128.000000,360.000000,177.975006,-129.983002,134.994995,177.990005,127.971001,359.928986,102.000000,-623.000000,2193.000000,-12.000000,533.000000,38.000000
1279,1743679409517381,178.000000,-130.000000,135.000000,178.000000,128.000000,360.000000,177.977005,-129.985992,134.994995,177.992004,127.973999,359.928986,99.000000,-625.000000,2144.000000,-10.000000,551.000000,56.000000
1279,1743679409522941,178.000000,-130.000000,135.000000,178.000000,128.000000,360.000000,177.975006,-129.983994,134.994995,177.992004,127.973999,359.928009,116.000000,-611.000000,2131.000000,-3.000000,532.000000,39.000000
1279,1743679409527399,178.000000,-130.000000,135.000000,178.000000,128.000000,360.000000,177.977997,-129.985992,134.996994,177.992996,127.973999,359.928986,107.000000,-622.000000,2174.000000,-2.000000,545.000000,65.000000
1279,1743679409532869,178.000000,-130.000000,135.000000,178.000000,128.000000,360.000000,177.977005,-129.985992,134.996994,177.994995,127.975998,359.928986,95.000000,-613.000000,2148.000000,-10.000000,517.000000,76.000000
1279,1743679409537275,178.000000,-130.000000,135.000000,178.000000,128.000000,360.000000,177.979004,-129.987000,134.998001,177.994995,127.974998,359.931000,118.000000,-611.000000,2132.000000,7.000000,538.000000,70.000000
1279,1743679409542706,178.000000,-130.000000,135.000000,178.000000,128.000000,360.000000,177.979004,-129.990005,134.998001,177.994995,127.975998,359.928986,93.000000,-608.000000,2129.000000,14.000000,495.000000,51.000000
1279,1743679409547146,178.000000,-130.000000,135.000000,178.000000,128.000000,360.000000,177.979004,-129.988007,134.998001,177.996002,127.977997,359.931000,121.000000,-606.000000,2129.000000,6.000000,517.000000,68.000000
1279,1743679409552654,178.000000,-130.000000,135.000000,178.000000,128.000000,360.000000,177.977997,-129.990005,134.998993,177.996002,127.982002,359.928986,119.000000,-591.000000,2139.000000,-10.000000,486.000000,78.000000
1279,1743679409558174,178.000000,-130.000000,135.000000,178.000000,128.000000,360.000000,177.979004,-129.990997,134.998001,177.996002,127.982002,359.931000,129.000000,-610.000000,2136.000000,-8.000000,512.000000,57.000000
1279,1743679409562549,178.000000,-130.000000,135.000000,178.000000,128.000000,360.000000,177.979004,-129.990997,134.998993,177.996002,127.983002,359.931000,125.000000,-597.000000,2136.000000,-3.000000,471.000000,79.000000
1279,1743679409568045,178.000000,-130.000000,135.000000,178.000000,128.000000,360.000000,177.981003,-129.990997,134.998993,177.996002,127.985001,359.931000,132.000000,-594.000000,2129.000000,-5.000000,490.000000,61.000000
1279,1743679409572458,178.000000,-130.000000,135.000000,178.000000,128.000000,360.000000,177.983002,-129.994003,134.998993,177.996002,127.986000,359.932007,127.000000,-584.000000,2125.000000,-7.000000,485.000000,47.000000
1279,1743679409577878,178.000000,-130.000000,135.000000,178.000000,128.000000,360.000000,177.983002,-129.994003,135.001007,177.996002,127.987000,359.934998,122.000000,-590.000000,2130.000000,-1.000000,497.000000,37.000000
1279,1743679409582285,178.000000,-130.000000,135.000000,178.000000,128.000000,360.000000,177.985001,-129.994995,134.998993,177.996002,127.988998,359.932007,128.000000,-599.000000,2118.000000,0.000000,472.000000,69.000000
1279,1743679409587807,178.000000,-130.000000,135.000000,178.000000,128.000000,360.000000,177.985001,-129.994995,134.998001,177.994995,127.989998,359.933990,135.000000,-579.000000,2125.000000,-8.000000,448.000000,62.000000
1279,1743679409592197,178.000000,-130.000000,135.000000,178.000000,128.000000,360.000000,177.985992,-129.994995,134.998993,177.996002,127.989998,359.933990,116.000000,-590.000000,2132.000000,-5.000000,452.000000,53.000000
1279,1743679409597752,178.000000,-130.000000,135.000000,178.000000,128.000000,360.000000,177.985992,-129.996994,135.001007,177.996002,127.991997,359.933990,123.000000,-567.000000,2115.000000,-4.000000,446.000000,66.000000
1279,1743679409602127,178.000000,-130.000000,135.000000,178.000000,128.000000,360.000000,177.988007,-129.998001,135.001007,177.996002,127.992996,359.936005,141.000000,-550.000000,2129.000000,-1.000000,447.000000,24.000000
1279,1743679409607632,178.000000,-130.000000,135.000000,178.000000,128.000000,360.000000,177.988998,-129.998001,134.998993,177.996994,127.996002,359.936005,143.000000,-550.000000,2132.000000,-4.000000,443.000000,65.000000
1279,1743679409613175,178.000000,-130.000000,135.000000,178.000000,128.000000,360.000000,177.990005,-129.998001,135.001999,177.996002,127.996002,359.934998,144.000000,-548.000000,2117.000000,-13.000000,429.000000,46.000000
1279,1743679409617550,178.000000,-130.000000,135.000000,178.000000,128.000000,360.000000,177.990005,-129.998001,134.998993,177.996002,127.997002,359.937988,160.000000,-550.000000,2126.000000,-3.000000,420.000000,61.000000
1279,1743679409623074,178.000000,-130.000000,135.000000,178.000000,128.000000,360.000000,177.990005,-129.998001,135.001007,177.996994,127.998001,359.937988,148.000000,-553.000000,2125.000000,-3.000000,412.000000,63.000000
1279,1743679409627530,178.000000,-130.000000,135.000000,178.000000,128.000000,360.000000,177.992004,-129.998993,134.998993,177.996002,128.000000,359.938995,160.000000,-552.000000,2131.000000,-5.000000,415.000000,56.000000
1279,1743679409633065,178.000000,-130.000000,135.000000,178.000000,128.000000,360.000000,177.992004,-129.998993,134.998993,177.996002,128.000000,359.938995,160.000000,-552.000000,2131.000000,-5.000000,415.000000,56.000000
1279,1743679409637485,178.000000,-130.000000,135.000000,178.000000,128.000000,360.000000,177.992996,-129.998993,134.998993,177.996002,128.000000,359.940002,153.000000,-544.000000,2121.000000,-8.000000,416.000000,63.000000
1279,1743679409642976,178.000000,-130.000000,135.000000,178.000000,128.000000,360.000000,177.994003,-129.998993,134.998993,177.996002,128.000000,359.938995,172.000000,-549.000000,2125.000000,-4.000000,414.000000,39.000000
1279,1743679409647402,178.000000,-130.000000,135.000000,178.000000,128.000000,360.000000,177.994003,-130.001007,135.001007,177.996994,128.000000,359.942993,171.000000,-547.000000,2118.000000,-5.000000,417.000000,30.000000
1279,1743679409652867,178.000000,-130.000000,135.000000,178.000000,128.000000,360.000000,177.996002,-129.998993,135.001007,177.996994,128.001007,359.941986,176.000000,-548.000000,2118.000000,-8.000000,421.000000,70.000000
1279,1743679409657160,178.000000,-130.000000,135.000000,178.000000,128.000000,360.000000,177.996002,-129.998993,134.998993,177.996002,128.001007,359.941986,163.000000,-545.000000,2122.000000,-5.000000,406.000000,76.000000
1279,1743679409662577,178.000000,-130.000000,135.000000,178.000000,128.000000,360.000000,177.996002,-129.998993,135.001999,177.996002,128.003006,359.942993,169.000000,-546.000000,2111.000000,-6.000000,411.000000,43.000000
1279,1743679409668013,178.000000,-130.000000,135.000000,178.000000,128.000000,360.000000,177.996994,-129.998001,135.001007,177.996002,128.003006,359.941986,174.000000,-538.000000,2126.000000,-6.000000,406.000000,51.000000
1279,1743679409672342,178.000000,-130.000000,135.000000,178.000000,128.000000,360.000000,177.996994,-129.998993,135.001007,177.996994,128.003998,359.946014,163.000000,-540.000000,2122.000000,-6.000000,388.000000,41.000000
1279,1743679409677811,178.000000,-130.000000,135.000000,178.000000,128.000000,360.000000,177.998993,-129.998993,135.001999,177.996994,128.003998,359.942993,172.000000,-537.000000,2118.000000,-4.000000,392.000000,41.000000
1279,1743679409682263,178.000000,-130.000000,135.000000,178.000000,128.000000,360.000000,177.998993,-129.998993,135.001007,177.996002,128.003998,359.946014,172.000000,-541.000000,2110.000000,-1.000000,397.000000,56.000000
1279,1743679409687761,178.000000,-130.000000,135.000000,178.000000,128.000000,360.000000,177.996994,-129.998993,135.001007,177.996994,128.003998,359.946991,178.000000,-541.000000,2123.000000,0.000000,378.000000,47.000000
1279,1743679409692207,178.000000,-130.000000,135.000000,178.000000,128.000000,360.000000,177.996994,-130.001999,135.001007,177.996994,128.003998,359.946991,177.000000,-540.000000,2117.000000,-3.000000,371.000000,22.000000
1279,1743679409697652,178.000000,-130.000000,135.000000,178.000000,128.000000,360.000000,177.998993,-129.998993,135.001007,177.996994,128.005005,359.946991,168.000000,-540.000000,2098.000000,-1.000000,366.000000,17.000000
1279,1743679409703098,178.000000,-130.000000,135.000000,178.000000,128.000000,360.000000,177.998993,-130.001999,135.001007,177.996994,128.005005,359.946991,178.000000,-536.000000,2105.000000,-7.000000,361.000000,27.000000
1279,1743679409707509,178.000000,-130.000000,135.000000,178.000000,128.000000,360.000000,177.998993,-130.001007,135.001007,177.996994,128.003998,359.950012,174.000000,-534.000000,2088.000000,-2.000000,362.000000,25.000000
1279,1743679409712978,178.000000,-130.000000,135.000000,178.000000,128.000000,360.000000,177.996994,-130.001007,134.998993,177.996002,128.003998,359.950012,167.000000,-536.000000,2098.000000,-2.000000,356.000000,30.000000
1279,1743679409717409,178.000000,-130.000000,135.000000,178.000000,128.000000,360.000000,177.996994,-130.001007,135.001007,177.996002,128.003998,359.953003,168.000000,-533.000000,2107.000000,-4.000000,349.000000,15.000000
1279,1743679409722880,178.000000,-130.000000,135.000000,178.000000,128.000000,360.000000,177.996994,-129.998993,135.001999,177.996994,128.005005,359.950989,160.000000,-520.000000,2101.000000,0.000000,353.000000,14.000000
1279,1743679409727283,178.000000,-130.000000,135.000000,178.000000,128.000000,360.000000,177.996994,-130.001007,135.001007,177.996994,128.003998,359.950989,165.000000,-521.000000,2106.000000,0.000000,342.000000,13.000000
1279,1743679409732765,178.000000,-130.000000,135.000000,178.000000,128.000000,360.000000,177.996994,-130.001007,135.001999,177.996994,128.003998,359.954010,179.000000,-527.000000,2103.000000,-7.000000,342.000000,4.000000
1279,1743679409737195,178.000000,-130.000000,135.000000,178.000000,128.000000,360.000000,177.996994,-130.001007,135.001999,177.996994,128.005005,359.953003,166.000000,-527.000000,2087.000000,-3.000000,327.000000,21.000000
1279,1743679409742663,178.000000,-130.000000,135.000000,178.000000,128.000000,360.000000,177.996994,-130.001007,135.001007,177.996994,128.005005,359.954010,162.000000,-529.000000,2100.000000,-2.000000,328.000000,-3.000000
1279,1743679409748155,178.000000,-130.000000,135.000000,178.000000,128.000000,360.000000,177.996994,-129.998993,135.001999,177.996994,128.003998,359.954010,172.000000,-522.000000,2099.000000,-6.000000,322.000000,44.000000
1279,1743679409752602,178.000000,-130.000000,135.000000,178.000000,128.000000,360.000000,177.996994,-129.998993,135.001999,177.996994,128.003998,359.957001,168.000000,-524.000000,2090.000000,-5.000000,302.000000,2.000000
1279,1743679409758114,178.000000,-130.000000,135.000000,178.000000,128.000000,360.000000,177.996994,-130.001007,135.001007,177.996994,128.005005,359.958008,176.000000,-527.000000,2090.000000,1.000000,308.000000,9.000000
1279,1743679409762485,178.000000,-130.000000,135.000000,178.000000,128.000000,360.000000,177.996002,-130.001999,135.001999,177.996994,128.005005,359.957001,169.000000,-522.000000,2092.000000,-4.000000,302.000000,0.000000
1279,1743679409767957,178.000000,-130.000000,135.000000,178.000000,128.000000,360.000000,177.998993,-129.998993,135.001999,177.996994,128.005005,359.958008,169.000000,-525.000000,2092.000000,2.000000,301.000000,-29.000000
1279,1743679409772338,178.000000,-130.000000,135.000000,178.000000,128.000000,360.000000,177.998993,-130.001007,135.001999,177.998993,128.005005,359.959991,166.000000,-525.000000,2102.000000,-4.000000,303.000000,-10.000000
1279,1743679409777854,178.000000,-130.000000,135.000000,178.000000,128.000000,360.000000,177.998993,-130.001007,135.001007,177.996994,128.005005,359.960999,169.000000,-525.000000,2094.000000,0.000000,289.000000,-18.000000
1279,1743679409782287,178.000000,-130.000000,135.000000,178.000000,128.000000,360.000000,177.998993,-130.001007,135.001999,177.998993,128.003998,359.959991,169.000000,-525.000000,2084.000000,-5.000000,285.000000,-27.000000
1279,1743679409787711,178.000000,-130.000000,135.000000,178.000000,128.000000,360.000000,177.996994,-130.001007,135.001007,177.996994,128.005005,359.960999,178.000000,-524.000000,2098.000000,-1.000000,279.000000,2.000000
1279,1743679409792111,178.000000,-130.000000,135.000000,178.000000,128.000000,360.000000,177.998993,-130.001007,135.001999,177.998993,128.003998,359.962006,180.000000,-525.000000,2092.000000,-4.000000,278.000000,-21.000000
1279,1743679409797612,178.000000,-130.000000,135.000000,178.000000,128.000000,360.000000,177.998993,-130.001007,135.001999,177.996994,128.003998,359.963989,192.000000,-527.000000,2069.000000,-8.000000,268.000000,-18.000000
1279,1743679409803081,178.000000,-130.000000,135.000000,178.000000,128.000000,360.000000,177.998993,-130.001999,135.001999,177.998993,128.005005,359.963989,184.000000,-529.000000,2088.000000,-5.000000,273.000000,-22.000000
1279,1743679409807463,178.000000,-130.000000,135.000000,178.000000,128.000000,360.000000,177.996994,-130.001999,134.998993,177.996994,128.003998,359.964996,186.000000,-527.000000,2090.000000,-5.000000,262.000000,-29.000000
1279,1743679409812877,178.000000,-130.000000,135.000000,178.000000,128.000000,360.000000,177.996994,-130.001007,135.001999,177.996994,128.005005,359.964996,182.000000,-534.000000,2088.000000,-3.000000,259.000000,-17.000000
1279,1743679409817262,178.000000,-130.000000,135.000000,178.000000,128.000000,360.000000,177.996994,-130.001999,135.001007,177.998993,128.005005,359.967010,177.000000,-539.000000,2083.000000,1.000000,256.000000,-21.000000
1279,1743679409822839,178.000000,-130.000000,135.000000,178.000000,128.000000,360.000000,177.996994,-130.001999,135.001007,177.998993,128.005005,359.967010,177.000000,-539.000000,2083.000000,1.000000,256.000000,-21.000000
1279,1743679409827243,178.000000,-130.000000,135.000000,178.000000,128.000000,360.000000,178.000000,-130.001999,135.001007,177.996994,128.005005,359.967010,179.000000,-533.000000,2083.000000,0.000000,241.000000,-25.000000
1279,1743679409832688,178.000000,-130.000000,135.000000,178.000000,128.000000,360.000000,178.000000,-130.001999,135.001007,177.996994,128.005005,359.967010,179.000000,-533.000000,2083.000000,0.000000,241.000000,-25.000000
1279,1743679409837133,178.000000,-130.000000,135.000000,178.000000,128.000000,360.000000,178.000000,-130.001007,135.001999,177.996994,128.005005,359.968994,180.000000,-529.000000,2088.000000,-1.000000,242.000000,-32.000000
1279,1743679409842557,178.000000,-130.000000,135.000000,178.000000,128.000000,360.000000,177.998993,-130.001007,135.001999,177.996994,128.005005,359.968994,180.000000,-533.000000,2087.000000,-11.000000,244.000000,-44.000000
1279,1743679409848082,178.000000,-130.000000,135.000000,178.000000,128.000000,360.000000,177.998993,-130.001007,135.001999,177.996994,128.003998,359.971008,178.000000,-543.000000,2076.000000,-2.000000,236.000000,-45.000000
1279,1743679409852473,178.000000,-130.000000,135.000000,178.000000,128.000000,360.000000,177.998993,-130.001007,135.001999,177.996994,128.003998,359.971008,180.000000,-539.000000,2087.000000,-9.000000,234.000000,-51.000000
1279,1743679409857919,178.000000,-130.000000,135.000000,178.000000,128.000000,360.000000,177.998993,-130.001007,135.001999,177.996994,128.003998,359.971008,176.000000,-538.000000,2087.000000,-8.000000,222.000000,-35.000000
1279,1743679409862334,178.000000,-130.000000,135.000000,178.000000,128.000000,360.000000,177.998993,-130.001999,135.001007,177.998993,128.003998,359.971008,177.000000,-533.000000,2079.000000,-4.000000,220.000000,-38.000000
1279,1743679409867852,178.000000,-130.000000,135.000000,178.000000,128.000000,360.000000,178.000000,-129.998993,135.001007,177.998993,128.003998,359.971008,201.000000,-536.000000,2073.000000,0.000000,210.000000,-29.000000
1279,1743679409872284,178.000000,-130.000000,135.000000,178.000000,128.000000,360.000000,177.996994,-130.001999,135.001999,177.996994,128.003998,359.971985,189.000000,-536.000000,2069.000000,-10.000000,204.000000,-46.000000
1279,1743679409877784,178.000000,-130.000000,135.000000,178.000000,128.000000,360.000000,177.996994,-130.001999,135.001999,177.996994,128.005005,359.972992,190.000000,-527.000000,2074.000000,-11.000000,203.000000,-40.000000
1279,1743679409882200,178.000000,-130.000000,135.000000,178.000000,128.000000,360.000000,177.996994,-130.001007,135.005005,177.998993,128.003998,359.971985,189.000000,-531.000000,2057.000000,0.000000,197.000000,-46.000000
1279,1743679409887692,178.000000,-130.000000,135.000000,178.000000,128.000000,360.000000,177.998993,-130.001007,135.001007,177.998993,128.003998,359.972992,184.000000,-529.000000,2069.000000,-8.000000,189.000000,-43.000000
1279,1743679409892110,178.000000,-130.000000,135.000000,178.000000,128.000000,360.000000,177.998993,-130.001999,135.001999,177.996994,128.005005,359.972992,186.000000,-529.000000,2085.000000,-7.000000,179.000000,-23.000000
1279,1743679409897616,178.000000,-130.000000,135.000000,178.000000,128.000000,360.000000,177.998993,-130.001999,135.001999,177.998993,128.005005,359.975006,187.000000,-530.000000,2070.000000,0.000000,176.000000,-30.000000
1279,1743679409903122,178.000000,-130.000000,135.000000,178.000000,128.000000,360.000000,177.996994,-130.001999,135.001999,177.998993,128.003998,359.976013,186.000000,-529.000000,2055.000000,-17.000000,180.000000,-35.000000
1279,1743679409907518,178.000000,-130.000000,135.000000,178.000000,128.000000,360.000000,178.000000,-130.001999,135.001007,177.998993,128.005005,359.976013,190.000000,-530.000000,2061.000000,-1.000000,177.000000,-28.000000
1279,1743679409913062,178.000000,-130.000000,135.000000,178.000000,128.000000,360.000000,177.998993,-129.998993,135.001999,177.996994,128.005005,359.976013,189.000000,-530.000000,2074.000000,-17.000000,167.000000,-50.000000
1279,1743679409917443,178.000000,-130.000000,135.000000,178.000000,128.000000,360.000000,178.000000,-130.001007,135.001999,177.998993,128.005005,359.976013,177.000000,-529.000000,2059.000000,-6.000000,163.000000,-40.000000
1279,1743679409922940,178.000000,-130.000000,135.000000,178.000000,128.000000,360.000000,177.998993,-130.001999,135.001999,177.998993,128.003006,359.977997,185.000000,-529.000000,2055.000000,-6.000000,155.000000,-13.000000
1279,1743679409927336,178.000000,-130.000000,135.000000,178.000000,128.000000,360.000000,177.998993,-130.001999,135.001007,177.996994,128.003006,359.979004,186.000000,-529.000000,2052.000000,-8.000000,165.000000,-57.000000
1279,1743679409932826,178.000000,-130.000000,135.000000,178.000000,128.000000,360.000000,177.998993,-130.001999,135.001999,177.998993,128.005005,359.980011,181.000000,-525.000000,2055.000000,-5.000000,157.000000,-57.000000
1279,1743679409937242,178.000000,-130.000000,135.000000,178.000000,128.000000,360.000000,177.996994,-130.001999,135.001007,177.998993,128.003998,359.980011,183.000000,-529.000000,2046.000000,-1.000000,154.000000,-76.000000
1279,1743679409942657,178.000000,-130.000000,135.000000,178.000000,128.000000,360.000000,177.998993,-130.001999,135.001999,177.998993,128.003998,359.981995,185.000000,-533.000000,2032.000000,-8.000000,143.000000,-62.000000
1279,1743679409948212,178.000000,-130.000000,135.000000,178.000000,128.000000,360.000000,177.996994,-130.001999,135.001999,177.998993,128.005005,359.981995,185.000000,-526.000000,2044.000000,-9.000000,141.000000,-57.000000
1279,1743679409952636,178.000000,-130.000000,135.000000,178.000000,128.000000,360.000000,177.998993,-130.001007,135.001999,177.998993,128.005005,359.983002,182.000000,-527.000000,2048.000000,-2.000000,131.000000,-76.000000
1279,1743679409958110,178.000000,-130.000000,135.000000,178.000000,128.000000,360.000000,178.000000,-130.001999,135.001999,177.998993,128.003998,359.983002,180.000000,-528.000000,2058.000000,-10.000000,121.000000,-37.000000
1279,1743679409962504,178.000000,-130.000000,135.000000,178.000000,128.000000,360.000000,178.000000,-130.001007,135.001007,178.000000,128.003998,359.984009,185.000000,-533.000000,2055.000000,-9.000000,121.000000,-55.000000
1279,1743679409968048,178.000000,-130.000000,135.000000,178.000000,128.000000,360.000000,177.998993,-130.001999,135.001007,177.998993,128.003998,359.984009,183.000000,-525.000000,2052.000000,-10.000000,126.000000,-47.000000
1279,1743679409972467,178.000000,-130.000000,135.000000,178.000000,128.000000,360.000000,178.000000,-130.001999,135.001999,177.998993,128.005005,359.984009,180.000000,-527.000000,2065.000000,-5.000000,103.000000,-67.000000
1279,1743679409977949,178.000000,-130.000000,135.000000,178.000000,128.000000,360.000000,178.000000,-130.001999,135.001999,177.998993,128.003998,359.985992,181.000000,-520.000000,2046.000000,-13.000000,116.000000,-70.000000
1279,1743679409982380,178.000000,-130.000000,135.000000,178.000000,128.000000,360.000000,177.998993,-129.998993,135.001999,177.998993,128.005005,359.984009,181.000000,-524.000000,2032.000000,-7.000000,97.000000,-41.000000
1279,1743679409987808,178.000000,-130.000000,135.000000,178.000000,128.000000,360.000000,177.996994,-130.001007,135.001007,177.998993,128.005005,359.984009,183.000000,-527.000000,2049.000000,-7.000000,97.000000,-53.000000
1279,1743679409992195,178.000000,-130.000000,135.000000,178.000000,128.000000,360.000000,177.998993,-130.001007,135.001999,177.998993,128.003998,359.985992,177.000000,-524.000000,2057.000000,-9.000000,88.000000,-65.000000
1279,1743679409997676,178.000000,-130.000000,135.000000,178.000000,128.000000,360.000000,177.998993,-130.001007,135.001007,177.996994,128.005005,359.985992,180.000000,-524.000000,2046.000000,-4.000000,91.000000,-38.000000
1279,1743679410003202,178.000000,-130.000000,135.000000,178.000000,128.000000,360.000000,177.998993,-130.001999,135.001999,177.996994,128.005005,359.985992,184.000000,-522.000000,2034.000000,-5.000000,90.000000,-52.000000
1279,1743679410007559,178.000000,-130.000000,135.000000,178.000000,128.000000,360.000000,177.998993,-130.001999,135.001999,177.996994,128.005005,359.985992,184.000000,-522.000000,2034.000000,-5.000000,90.000000,-52.000000
1279,1743679410013135,178.000000,-130.000000,135.000000,178.000000,128.000000,360.000000,178.000000,-130.001999,135.001999,177.998993,128.003998,359.985992,181.000000,-519.000000,2028.000000,-10.000000,76.000000,-36.000000
1279,1743679410017552,178.000000,-130.000000,135.000000,178.000000,128.000000,360.000000,177.998993,-130.001007,135.005005,177.998993,128.003998,359.988007,181.000000,-518.000000,2057.000000,-10.000000,73.000000,-41.000000
1279,1743679410023093,178.000000,-130.000000,135.000000,178.000000,128.000000,360.000000,177.998993,-130.001007,135.005005,177.998993,128.003998,359.988007,181.000000,-518.000000,2057.000000,-10.000000,73.000000,-41.000000
1279,1743679410027467,178.000000,-130.000000,135.000000,178.000000,128.000000,360.000000,178.000000,-130.001999,135.001007,177.998993,128.003998,359.988007,194.000000,-528.000000,2013.000000,-13.000000,65.000000,-41.000000
1279,1743679410032987,178.000000,-130.000000,135.000000,178.000000,128.000000,360.000000,178.000000,-130.001007,135.001999,177.998993,128.003998,359.988007,181.000000,-523.000000,2026.000000,-11.000000,53.000000,-44.000000
1279,1743679410037391,178.000000,-130.000000,135.000000,178.000000,128.000000,360.000000,177.996994,-130.001007,135.001999,178.000000,128.003998,359.989990,185.000000,-523.000000,2042.000000,-11.000000,58.000000,-34.000000
1279,1743679410042859,178.000000,-130.000000,135.000000,178.000000,128.000000,360.000000,178.000000,-130.001007,135.001007,177.998993,128.005005,359.988007,189.000000,-515.000000,2037.000000,-13.000000,48.000000,-40.000000
1279,1743679410047249,178.000000,-130.000000,135.000000,178.000000,128.000000,360.000000,178.000000,-130.001999,135.001007,177.998993,128.003998,359.988007,187.000000,-512.000000,2039.000000,-18.000000,49.000000,-36.000000
1279,1743679410052736,178.000000,-130.000000,135.000000,178.000000,128.000000,360.000000,177.998993,-130.003006,135.001999,178.000000,128.003998,359.988007,192.000000,-517.000000,2037.000000,-1.000000,47.000000,-30.000000
1279,1743679410057141,178.000000,-130.000000,135.000000,178.000000,128.000000,360.000000,177.998993,-130.003006,135.001999,178.000000,128.003998,359.989990,188.000000,-512.000000,2033.000000,-7.000000,35.000000,-59.000000
1279,1743679410062589,178.000000,-130.000000,135.000000,178.000000,128.000000,360.000000,178.000000,-130.001007,135.001999,177.998993,128.003998,359.989990,182.000000,-514.000000,2029.000000,-10.000000,30.000000,-47.000000
1279,1743679410068140,178.000000,-130.000000,135.000000,178.000000,128.000000,360.000000,178.000000,-130.003006,135.001007,177.998993,128.005005,359.989990,186.000000,-509.000000,2029.000000,-10.000000,24.000000,-35.000000
1279,1743679410072513,178.000000,-130.000000,135.000000,178.000000,128.000000,360.000000,177.998993,-130.001999,135.001007,177.998993,128.005005,359.993011,182.000000,-502.000000,2026.000000,-13.000000,23.000000,-27.000000
1279,1743679410077963,178.000000,-130.000000,135.000000,178.000000,128.000000,360.000000,177.998993,-130.003006,135.005005,177.998993,128.005005,359.990997,184.000000,-505.000000,2020.000000,-19.000000,19.000000,-26.000000
1279,1743679410082402,178.000000,-130.000000,135.000000,178.000000,128.000000,360.000000,177.998993,-130.001999,135.001999,178.000000,128.003998,359.990997,178.000000,-498.000000,2021.000000,-4.000000,6.000000,-41.000000
1279,1743679410087916,178.000000,-130.000000,135.000000,178.000000,128.000000,360.000000,178.000000,-130.001999,135.001999,178.000000,128.005005,359.993011,193.000000,-483.000000,2015.000000,-11.000000,4.000000,-33.000000
1279,1743679410092327,178.000000,-130.000000,135.000000,178.000000,128.000000,360.000000,178.000000,-130.001999,135.005005,177.998993,128.003998,359.990997,190.000000,-470.000000,2024.000000,-16.000000,4.000000,-24.000000
1279,1743679410097784,178.000000,-130.000000,135.000000,178.000000,128.000000,360.000000,178.000000,-130.001999,135.001999,178.000000,128.003998,359.993011,185.000000,-478.000000,1990.000000,-7.000000,0.000000,-42.000000
1279,1743679410102174,178.000000,-130.000000,135.000000,178.000000,128.000000,360.000000,178.000000,-130.001999,135.001999,177.998993,128.003998,359.993988,197.000000,-480.000000,2013.000000,-9.000000,0.000000,-23.000000
1279,1743679410107671,178.000000,-130.000000,135.000000,178.000000,128.000000,360.000000,177.998993,-130.001999,135.001999,178.000000,128.003998,359.993011,194.000000,-480.000000,2004.000000,-9.000000,-6.000000,-29.000000
1279,1743679410113138,178.000000,-130.000000,135.000000,178.000000,128.000000,360.000000,178.000000,-130.001999,135.001007,178.000000,128.003998,359.993011,194.000000,-482.000000,2009.000000,-16.000000,6.000000,-23.000000
1279,1743679410117579,178.000000,-130.000000,135.000000,178.000000,128.000000,360.000000,177.998993,-130.003006,135.001999,178.000000,128.003998,359.993988,197.000000,-466.000000,2011.000000,-8.000000,-11.000000,-19.000000
1279,1743679410123082,178.000000,-130.000000,135.000000,178.000000,128.000000,360.000000,178.000000,-130.001999,135.001999,178.001007,128.003006,359.994995,199.000000,-470.000000,2008.000000,-15.000000,-8.000000,-14.000000
1279,1743679410127516,178.000000,-130.000000,135.000000,178.000000,128.000000,360.000000,178.000000,-130.001999,135.001999,178.000000,128.003006,359.994995,186.000000,-465.000000,1993.000000,-14.000000,2.000000,-44.000000
1279,1743679410133051,178.000000,-130.000000,135.000000,178.000000,128.000000,360.000000,177.998993,-130.001999,135.005005,178.001007,128.003006,359.994995,191.000000,-467.000000,1995.000000,-15.000000,7.000000,-31.000000
1279,1743679410137461,178.000000,-130.000000,135.000000,178.000000,128.000000,360.000000,178.000000,-130.001999,135.001999,178.000000,128.003006,359.997009,197.000000,-467.000000,1998.000000,-11.000000,7.000000,-31.000000
1279,1743679410142920,178.000000,-130.000000,135.000000,178.000000,128.000000,360.000000,178.001007,-130.001999,135.001007,177.998993,128.003006,359.997009,199.000000,-467.000000,2007.000000,-12.000000,-1.000000,-36.000000
1279,1743679410147302,178.000000,-130.000000,135.000000,178.000000,128.000000,360.000000,178.000000,-130.001007,135.001007,178.000000,128.001007,359.997009,196.000000,-468.000000,1993.000000,-13.000000,5.000000,-45.000000
1279,1743679410152713,178.000000,-130.000000,135.000000,178.000000,128.000000,360.000000,178.000000,-130.001007,135.001007,178.000000,128.001007,359.997009,196.000000,-468.000000,1993.000000,-13.000000,5.000000,-45.000000
1279,1743679410158165,178.000000,-130.000000,135.000000,178.000000,128.000000,360.000000,178.000000,-130.001999,135.005005,178.000000,128.003998,359.997986,194.000000,-459.000000,1989.000000,-14.000000,3.000000,-47.000000
1279,1743679410162505,178.000000,-130.000000,135.000000,178.000000,128.000000,360.000000,177.998993,-130.001007,135.001007,178.000000,128.003006,359.998993,197.000000,-453.000000,1961.000000,-16.000000,10.000000,-35.000000
1279,1743679410168032,178.000000,-130.000000,135.000000,178.000000,128.000000,360.000000,177.998993,-130.001007,135.001007,178.000000,128.003006,359.998993,197.000000,-453.000000,1961.000000,-16.000000,10.000000,-35.000000
1279,1743679410172444,178.000000,-130.000000,135.000000,178.000000,128.000000,360.000000,178.000000,-130.001007,135.005005,178.000000,128.003006,359.997009,195.000000,-455.000000,1960.000000,-12.000000,4.000000,-40.000000
1279,1743679410177927,178.000000,-130.000000,135.000000,178.000000,128.000000,360.000000,178.000000,-130.001999,135.001999,178.001007,128.003006,359.997009,195.000000,-460.000000,1966.000000,-15.000000,6.000000,-41.000000
1279,1743679410182318,178.000000,-130.000000,135.000000,178.000000,128.000000,360.000000,178.000000,-130.001007,135.001007,178.000000,128.001007,359.997986,192.000000,-458.000000,1968.000000,-18.000000,3.000000,-37.000000
1279,1743679410187768,178.000000,-130.000000,135.000000,178.000000,128.000000,360.000000,178.000000,-130.001007,135.001999,178.000000,128.001007,359.997986,195.000000,-453.000000,1972.000000,-10.000000,5.000000,-31.000000
1279,1743679410192160,178.000000,-130.000000,135.000000,178.000000,128.000000,360.000000,178.000000,-130.001999,135.001999,178.000000,128.003006,359.997009,198.000000,-459.000000,1973.000000,-10.000000,0.000000,-47.000000
1279,1743679410197740,178.000000,-130.000000,135.000000,178.000000,128.000000,360.000000,178.000000,-130.001007,135.001999,178.000000,128.003006,359.997009,199.000000,-456.000000,1976.000000,-18.000000,11.000000,-49.000000
1279,1743679410202127,178.000000,-130.000000,135.000000,178.000000,128.000000,360.000000,178.001007,-130.001999,135.001007,178.000000,128.003006,359.997986,192.000000,-455.000000,1961.000000,-16.000000,10.000000,-41.000000
1279,1743679410207587,178.000000,-130.000000,135.000000,178.000000,128.000000,360.000000,178.000000,-130.001999,135.001999,178.000000,128.001007,359.997986,199.000000,-449.000000,1962.000000,-5.000000,4.000000,-21.000000
1279,1743679410213130,178.000000,-130.000000,135.000000,178.000000,128.000000,360.000000,178.000000,-130.001999,135.001999,178.000000,128.001007,359.997986,190.000000,-452.000000,1970.000000,-11.000000,0.000000,-52.000000
1279,1743679410217537,178.000000,-130.000000,135.000000,178.000000,128.000000,360.000000,178.000000,-130.001999,135.001999,178.000000,128.001007,359.997986,185.000000,-437.000000,1961.000000,-14.000000,4.000000,-41.000000
1279,1743679410223031,178.000000,-130.000000,135.000000,178.000000,128.000000,360.000000,178.000000,-130.001999,135.001999,178.000000,128.001007,359.997986,205.000000,-442.000000,1938.000000,-15.000000,1.000000,-29.000000
1279,1743679410227485,178.000000,-130.000000,135.000000,178.000000,128.000000,360.000000,178.000000,-130.001999,135.001007,177.998993,128.003006,359.997986,186.000000,-443.000000,1951.000000,-8.000000,4.000000,-38.000000
1279,1743679410232983,178.000000,-130.000000,135.000000,178.000000,128.000000,360.000000,178.000000,-130.001999,135.001007,178.000000,128.001007,359.997986,191.000000,-439.000000,1962.000000,-14.000000,10.000000,-22.000000
1279,1743679410237406,178.000000,-130.000000,135.000000,178.000000,128.000000,360.000000,178.000000,-130.001999,135.001999,178.000000,128.003006,359.997009,185.000000,-433.000000,1952.000000,-11.000000,0.000000,-46.000000
1279,1743679410242840,178.000000,-130.000000,135.000000,178.000000,128.000000,360.000000,177.998993,-130.001999,135.001007,178.000000,128.003006,359.997009,189.000000,-437.000000,1950.000000,-7.000000,15.000000,-40.000000
1279,1743679410247227,178.000000,-130.000000,135.000000,178.000000,128.000000,360.000000,178.000000,-130.001999,135.001999,178.000000,128.001007,359.998993,189.000000,-430.000000,1936.000000,-8.000000,4.000000,-36.000000
1279,1743679410252693,178.000000,-130.000000,135.000000,178.000000,128.000000,360.000000,178.001007,-130.001999,135.005005,178.000000,128.001007,359.997986,187.000000,-435.000000,1934.000000,-11.000000,11.000000,-40.000000
1279,1743679410258137,178.000000,-130.000000,135.000000,178.000000,128.000000,360.000000,178.000000,-130.003006,135.001999,177.998993,128.001007,359.997009,199.000000,-425.000000,1945.000000,-14.000000,0.000000,-30.000000
1279,1743679410262500,178.000000,-130.000000,135.000000,178.000000,128.000000,360.000000,178.000000,-130.001999,135.001007,178.000000,128.001007,359.997986,192.000000,-419.000000,1907.000000,-10.000000,6.000000,-30.000000
1279,1743679410268077,178.000000,-130.000000,135.000000,178.000000,128.000000,360.000000,178.001007,-130.001999,135.001007,177.998993,128.001007,359.997986,198.000000,-420.000000,1946.000000,-13.000000,5.000000,-31.000000
1279,1743679410272490,178.000000,-130.000000,135.000000,178.000000,128.000000,360.000000,178.001007,-130.001999,135.001999,178.000000,128.001007,359.997986,200.000000,-421.000000,1934.000000,-11.000000,4.000000,-37.000000
1279,1743679410277990,178.000000,-130.000000,135.000000,178.000000,128.000000,360.000000,178.000000,-130.001007,135.005005,178.000000,128.001007,359.998993,198.000000,-421.000000,1939.000000,-11.000000,9.000000,-44.000000
1279,1743679410282422,178.000000,-130.000000,135.000000,178.000000,128.000000,360.000000,178.001007,-130.001999,135.001999,178.000000,128.001007,359.997986,197.000000,-422.000000,1921.000000,-10.000000,9.000000,-31.000000
1279,1743679410287880,178.000000,-130.000000,135.000000,178.000000,128.000000,360.000000,178.001007,-130.001999,135.005005,178.000000,128.001007,359.997009,194.000000,-415.000000,1913.000000,-14.000000,0.000000,-48.000000
1279,1743679410292309,178.000000,-130.000000,135.000000,178.000000,128.000000,360.000000,178.001007,-130.001999,135.001999,178.000000,128.001007,359.997986,201.000000,-418.000000,1938.000000,-10.000000,2.000000,-55.000000
1279,1743679410297755,178.000000,-130.000000,135.000000,178.000000,128.000000,360.000000,178.001007,-130.001007,135.001999,178.000000,128.001007,359.997986,194.000000,-410.000000,1943.000000,-11.000000,4.000000,-34.000000
1279,1743679410302155,178.000000,-130.000000,135.000000,178.000000,128.000000,360.000000,178.001007,-130.001999,135.001999,178.000000,128.001007,360.001007,194.000000,-410.000000,1911.000000,-12.000000,6.000000,-51.000000
1279,1743679410307623,178.000000,-130.000000,135.000000,178.000000,128.000000,360.000000,178.001007,-130.001999,135.001999,177.998993,128.003006,359.997986,194.000000,-409.000000,1917.000000,-10.000000,5.000000,-41.000000
1279,1743679410313066,178.000000,-130.000000,135.000000,178.000000,128.000000,360.000000,178.001007,-130.001999,135.001999,178.000000,128.001007,359.998993,194.000000,-411.000000,1925.000000,-21.000000,5.000000,-36.000000
1279,1743679410317398,178.000000,-130.000000,135.000000,178.000000,128.000000,360.000000,178.001007,-130.001999,135.001999,178.000000,128.001007,359.997986,193.000000,-408.000000,1909.000000,-14.000000,8.000000,-42.000000
1279,1743679410322880,178.000000,-130.000000,135.000000,178.000000,128.000000,360.000000,178.000000,-130.003006,135.001999,178.000000,128.001007,359.997986,202.000000,-413.000000,1908.000000,-8.000000,7.000000,-33.000000
1279,1743679410327285,178.000000,-130.000000,135.000000,178.000000,128.000000,360.000000,178.001007,-130.001999,135.001007,178.000000,128.003006,359.998993,193.000000,-398.000000,1937.000000,-14.000000,9.000000,-62.000000
1279,1743679410332784,178.000000,-130.000000,135.000000,178.000000,128.000000,360.000000,178.001007,-130.001999,135.001999,178.000000,128.001007,359.998993,198.000000,-405.000000,1911.000000,-11.000000,8.000000,-37.000000
1279,1743679410337182,178.000000,-130.000000,135.000000,178.000000,128.000000,360.000000,178.003006,-130.001999,135.005005,177.998993,128.001007,359.997986,206.000000,-400.000000,1913.000000,-13.000000,4.000000,-49.000000
1279,1743679410342638,178.000000,-130.000000,135.000000,178.000000,128.000000,360.000000,178.003006,-130.001999,135.005005,177.998993,128.001007,359.997986,206.000000,-400.000000,1913.000000,-13.000000,4.000000,-49.000000
1279,1743679410348159,178.000000,-130.000000,135.000000,178.000000,128.000000,360.000000,178.001007,-130.001999,135.001999,178.000000,128.001007,359.998993,198.000000,-385.000000,1906.000000,-15.000000,11.000000,-48.000000
1279,1743679410352573,178.000000,-130.000000,135.000000,178.000000,128.000000,360.000000,178.001007,-130.001999,135.001999,178.000000,128.001007,359.997986,207.000000,-387.000000,1902.000000,-16.000000,11.000000,-48.000000
1279,1743679410357987,178.000000,-130.000000,135.000000,178.000000,128.000000,360.000000,178.001007,-130.001999,135.001999,178.000000,128.001007,359.997986,207.000000,-387.000000,1902.000000,-16.000000,11.000000,-48.000000
1279,1743679410362510,178.000000,-130.000000,135.000000,178.000000,128.000000,360.000000,178.001007,-130.003006,135.005005,177.998993,128.001007,359.997986,203.000000,-386.000000,1902.000000,-11.000000,3.000000,-44.000000
1279,1743679410367979,178.000000,-130.000000,135.000000,178.000000,128.000000,360.000000,178.001007,-130.001999,135.005005,178.000000,128.003006,359.997009,204.000000,-382.000000,1875.000000,-10.000000,10.000000,-36.000000
1279,1743679410372322,178.000000,-130.000000,135.000000,178.000000,128.000000,360.000000,178.001007,-130.003006,135.001999,178.000000,128.001007,359.997986,195.000000,-383.000000,1897.000000,-12.000000,6.000000,-53.000000
1279,1743679410377779,178.000000,-130.000000,135.000000,178.000000,128.000000,360.000000,178.003006,-130.001999,135.001999,178.000000,128.001007,359.998993,194.000000,-376.000000,1879.000000,-13.000000,3.000000,-47.000000
1279,1743679410383299,178.000000,-130.000000,135.000000,178.000000,128.000000,360.000000,178.003006,-130.001999,135.001999,178.000000,128.001007,359.997986,191.000000,-380.000000,1877.000000,-13.000000,2.000000,-40.000000
1279,1743679410387665,178.000000,-130.000000,135.000000,178.000000,128.000000,360.000000,178.003006,-130.003006,135.001999,177.998993,128.000000,359.997986,195.000000,-371.000000,1881.000000,-13.000000,10.000000,-45.000000
1279,1743679410393157,178.000000,-130.000000,135.000000,178.000000,128.000000,360.000000,178.001007,-130.001999,135.001999,178.000000,128.001007,359.998993,194.000000,-360.000000,1878.000000,-15.000000,7.000000,-43.000000
1279,1743679410397531,178.000000,-130.000000,135.000000,178.000000,128.000000,360.000000,178.003006,-130.001007,135.001999,178.000000,128.000000,359.998993,182.000000,-367.000000,1881.000000,-16.000000,10.000000,-48.000000
1279,1743679410403005,178.000000,-130.000000,135.000000,178.000000,128.000000,360.000000,178.003006,-130.001999,135.001999,178.000000,128.000000,359.998993,196.000000,-368.000000,1901.000000,-13.000000,8.000000,-55.000000
1279,1743679410407434,178.000000,-130.000000,135.000000,178.000000,128.000000,360.000000,178.003006,-130.001999,135.001999,177.998993,128.001007,359.998993,185.000000,-362.000000,1880.000000,-9.000000,10.000000,-48.000000
1279,1743679410413018,178.000000,-130.000000,135.000000,178.000000,128.000000,360.000000,178.000000,-130.001999,135.001999,178.000000,128.001007,359.998993,190.000000,-359.000000,1875.000000,-12.000000,9.000000,-34.000000
1279,1743679410417410,178.000000,-130.000000,135.000000,178.000000,128.000000,360.000000,178.003998,-130.001007,135.001007,178.000000,128.001007,359.998993,194.000000,-360.000000,1860.000000,-11.000000,9.000000,-32.000000
1279,1743679410422880,178.000000,-130.000000,135.000000,178.000000,128.000000,360.000000,178.003998,-130.001999,135.001999,178.000000,128.000000,359.998993,187.000000,-351.000000,1884.000000,-13.000000,13.000000,-40.000000
1279,1743679410427269,178.000000,-130.000000,135.000000,178.000000,128.000000,360.000000,178.003006,-130.001007,135.001999,178.000000,128.001007,359.997009,178.000000,-344.000000,1865.000000,-11.000000,6.000000,-51.000000
1279,1743679410432716,178.000000,-130.000000,135.000000,178.000000,128.000000,360.000000,178.003998,-130.001999,135.005005,178.000000,128.001007,359.998993,188.000000,-347.000000,1866.000000,-13.000000,5.000000,-40.000000
1279,1743679410437126,178.000000,-130.000000,135.000000,178.000000,128.000000,360.000000,178.001007,-130.001999,135.001999,178.000000,128.001007,359.998993,170.000000,-346.000000,1845.000000,-11.000000,5.000000,-30.000000
1279,1743679410442578,178.000000,-130.000000,135.000000,178.000000,128.000000,360.000000,178.003006,-130.001007,135.001007,178.000000,128.001007,359.998993,173.000000,-339.000000,1852.000000,-12.000000,15.000000,-35.000000
1279,1743679410448065,178.000000,-130.000000,135.000000,178.000000,128.000000,360.000000,178.003006,-130.001999,135.001999,178.000000,128.001007,359.998993,177.000000,-339.000000,1855.000000,-15.000000,8.000000,-47.000000
1279,1743679410452512,178.000000,-130.000000,135.000000,178.000000,128.000000,360.000000,178.003006,-130.001999,135.001999,178.000000,128.001007,359.997986,180.000000,-337.000000,1860.000000,-13.000000,9.000000,-57.000000
1279,1743679410458010,178.000000,-130.000000,135.000000,178.000000,128.000000,360.000000,178.003006,-130.001007,135.001999,178.000000,128.001007,359.997986,189.000000,-344.000000,1835.000000,-9.000000,11.000000,-49.000000
1279,1743679410462473,178.000000,-130.000000,135.000000,178.000000,128.000000,360.000000,178.003006,-130.001999,135.005005,178.000000,128.001007,359.997986,173.000000,-347.000000,1846.000000,-19.000000,10.000000,-37.000000
1279,1743679410467993,178.000000,-130.000000,135.000000,178.000000,128.000000,360.000000,178.003998,-130.001999,135.001999,178.000000,128.001007,359.997986,170.000000,-335.000000,1844.000000,-12.000000,12.000000,-46.000000
1279,1743679410472350,178.000000,-130.000000,135.000000,178.000000,128.000000,360.000000,178.001007,-130.001999,135.005005,178.000000,128.001007,359.998993,153.000000,-333.000000,1829.000000,-18.000000,11.000000,-39.000000
1279,1743679410477797,178.000000,-130.000000,135.000000,178.000000,128.000000,360.000000,178.001007,-130.003006,135.001999,178.000000,128.003006,360.001007,159.000000,-330.000000,1817.000000,-11.000000,2.000000,-41.000000
1279,1743679410482166,178.000000,-130.000000,135.000000,178.000000,128.000000,360.000000,178.003006,-130.001999,135.001999,178.000000,128.001007,359.998993,136.000000,-326.000000,1822.000000,-14.000000,16.000000,-57.000000
1279,1743679410487639,178.000000,-130.000000,135.000000,178.000000,128.000000,360.000000,178.003006,-130.001999,135.001007,178.000000,128.001007,359.998993,134.000000,-328.000000,1815.000000,-17.000000,7.000000,-52.000000
1279,1743679410493180,178.000000,-130.000000,135.000000,178.000000,128.000000,360.000000,178.001007,-130.001999,135.005005,178.000000,128.000000,359.998993,146.000000,-328.000000,1813.000000,-13.000000,12.000000,-52.000000
1279,1743679410497587,178.000000,-130.000000,135.000000,178.000000,128.000000,360.000000,178.003998,-130.001999,135.001999,178.000000,128.001007,359.998993,136.000000,-327.000000,1763.000000,-12.000000,14.000000,-58.000000
1279,1743679410503084,178.000000,-130.000000,135.000000,178.000000,128.000000,360.000000,178.003006,-130.003006,135.001999,178.000000,128.001007,359.997986,118.000000,-320.000000,1789.000000,-15.000000,21.000000,-55.000000
1279,1743679410507565,178.000000,-130.000000,135.000000,178.000000,128.000000,360.000000,178.003006,-130.001999,135.001999,178.000000,128.000000,359.997986,128.000000,-321.000000,1802.000000,-13.000000,23.000000,-56.000000
1279,1743679410513074,178.000000,-130.000000,135.000000,178.000000,128.000000,360.000000,178.003006,-130.001999,135.001999,178.000000,128.000000,359.997986,128.000000,-321.000000,1802.000000,-13.000000,23.000000,-56.000000
1279,1743679410517487,178.000000,-130.000000,135.000000,178.000000,128.000000,360.000000,178.003998,-130.001999,135.001999,178.001007,128.001007,359.998993,121.000000,-320.000000,1803.000000,-13.000000,14.000000,-45.000000
1279,1743679410522976,178.000000,-130.000000,135.000000,178.000000,128.000000,360.000000,178.003006,-130.001999,135.001999,178.000000,128.001007,359.997986,99.000000,-310.000000,1778.000000,-21.000000,6.000000,-50.000000
1279,1743679410527382,178.000000,-130.000000,135.000000,178.000000,128.000000,360.000000,178.003998,-130.003006,135.005005,178.000000,128.001007,359.997986,120.000000,-311.000000,1813.000000,-11.000000,12.000000,-32.000000
1279,1743679410532862,178.000000,-130.000000,135.000000,178.000000,128.000000,360.000000,178.003006,-130.001007,135.005005,178.000000,128.001007,359.997986,125.000000,-310.000000,1777.000000,-13.000000,8.000000,-41.000000
1279,1743679410537303,178.000000,-130.000000,135.000000,178.000000,128.000000,360.000000,178.003006,-130.001999,135.001007,178.001007,128.000000,359.997009,109.000000,-303.000000,1784.000000,-10.000000,12.000000,-53.000000
1279,1743679410542740,178.000000,-130.000000,135.000000,178.000000,128.000000,360.000000,178.003998,-130.001007,135.001999,178.000000,128.001007,359.998993,111.000000,-301.000000,1794.000000,-12.000000,15.000000,-41.000000
1279,1743679410547273,178.000000,-130.000000,135.000000,178.000000,128.000000,360.000000,178.003006,-130.001999,135.001999,178.001007,128.000000,359.998993,90.000000,-305.000000,1808.000000,-13.000000,11.000000,-51.000000
1279,1743679410552761,178.000000,-130.000000,135.000000,178.000000,128.000000,360.000000,178.001007,-130.001999,135.001007,178.000000,128.001007,359.997986,94.000000,-299.000000,1800.000000,-11.000000,13.000000,-55.000000
1279,1743679410557127,178.000000,-130.000000,135.000000,178.000000,128.000000,360.000000,178.003998,-130.001999,135.001007,178.000000,128.001007,359.998993,90.000000,-303.000000,1771.000000,-13.000000,13.000000,-31.000000
1279,1743679410562580,178.000000,-130.000000,135.000000,178.000000,128.000000,360.000000,178.003006,-130.001999,135.001007,178.001007,128.001007,359.998993,70.000000,-301.000000,1804.000000,-7.000000,6.000000,-49.000000
1279,1743679410568026,178.000000,-130.000000,135.000000,178.000000,128.000000,360.000000,178.003006,-130.001999,135.001999,178.000000,128.000000,359.998993,79.000000,-301.000000,1787.000000,-8.000000,14.000000,-41.000000
1279,1743679410572374,178.000000,-130.000000,135.000000,178.000000,128.000000,360.000000,178.003006,-130.001999,135.001007,178.000000,128.000000,360.001007,73.000000,-299.000000,1794.000000,-12.000000,3.000000,-36.000000
1279,1743679410577913,178.000000,-130.000000,135.000000,178.000000,128.000000,360.000000,178.003998,-130.001999,135.001999,178.000000,128.001007,359.997986,65.000000,-299.000000,1789.000000,-14.000000,12.000000,-46.000000
1279,1743679410582314,178.000000,-130.000000,135.000000,178.000000,128.000000,360.000000,178.003006,-130.001999,135.001999,178.000000,128.000000,359.998993,45.000000,-299.000000,1775.000000,-12.000000,10.000000,-39.000000
1279,1743679410587751,178.000000,-130.000000,135.000000,178.000000,128.000000,360.000000,178.003006,-130.001007,135.005005,178.000000,128.000000,359.997986,44.000000,-297.000000,1773.000000,-13.000000,14.000000,-46.000000
1279,1743679410593219,178.000000,-130.000000,135.000000,178.000000,128.000000,360.000000,178.003006,-130.001007,135.001999,178.000000,128.000000,359.997009,53.000000,-298.000000,1767.000000,-17.000000,8.000000,-52.000000
1279,1743679410597598,178.000000,-130.000000,135.000000,178.000000,128.000000,360.000000,178.003006,-130.001007,135.001007,178.001007,128.001007,359.998993,56.000000,-297.000000,1785.000000,-12.000000,4.000000,-51.000000
1279,1743679410603047,178.000000,-130.000000,135.000000,178.000000,128.000000,360.000000,178.003998,-130.001999,135.005005,178.000000,128.001007,359.998993,54.000000,-297.000000,1793.000000,-10.000000,18.000000,-43.000000
1279,1743679410607435,178.000000,-130.000000,135.000000,178.000000,128.000000,360.000000,178.003006,-130.001999,135.001007,178.000000,128.001007,359.998993,44.000000,-297.000000,1749.000000,-11.000000,12.000000,-47.000000
1279,1743679410612884,178.000000,-130.000000,135.000000,178.000000,128.000000,360.000000,178.003006,-130.001999,135.001999,178.001007,128.000000,359.997986,30.000000,-292.000000,1755.000000,-18.000000,5.000000,-38.000000
1279,1743679410617254,178.000000,-130.000000,135.000000,178.000000,128.000000,360.000000,178.001007,-130.001999,135.005005,178.000000,128.000000,359.997986,22.000000,-297.000000,1758.000000,-11.000000,13.000000,-68.000000
1279,1743679410622739,178.000000,-130.000000,135.000000,178.000000,128.000000,360.000000,178.003006,-130.001999,134.998993,178.000000,128.000000,359.998993,26.000000,-292.000000,1729.000000,-14.000000,5.000000,-36.000000
1279,1743679410627144,178.000000,-130.000000,135.000000,178.000000,128.000000,360.000000,178.003998,-130.001007,135.001999,178.001007,128.000000,359.998993,14.000000,-303.000000,1752.000000,-14.000000,8.000000,-34.000000
1279,1743679410632623,178.000000,-130.000000,135.000000,178.000000,128.000000,360.000000,178.003006,-130.001999,135.001999,178.001007,128.000000,359.997986,6.000000,-295.000000,1746.000000,-21.000000,8.000000,-43.000000
1279,1743679410638102,178.000000,-130.000000,135.000000,178.000000,128.000000,360.000000,178.003006,-130.001007,135.001999,178.000000,128.000000,359.998993,11.000000,-290.000000,1750.000000,-10.000000,8.000000,-46.000000
1279,1743679410642466,178.000000,-130.000000,135.000000,178.000000,128.000000,360.000000,178.003006,-130.001999,135.001999,178.000000,128.000000,359.997986,-8.000000,-290.000000,1739.000000,-12.000000,3.000000,-52.000000
1279,1743679410647918,178.000000,-130.000000,135.000000,178.000000,128.000000,360.000000,178.003998,-130.001007,135.005005,178.001007,128.000000,359.998993,-5.000000,-290.000000,1742.000000,-17.000000,9.000000,-68.000000
1279,1743679410652327,178.000000,-130.000000,135.000000,178.000000,128.000000,360.000000,178.003998,-130.001999,135.001999,178.001007,128.001007,359.998993,-5.000000,-288.000000,1737.000000,-15.000000,6.000000,-51.000000
1279,1743679410657820,178.000000,-130.000000,135.000000,178.000000,128.000000,360.000000,178.003006,-130.001007,135.001007,178.001007,128.000000,359.997986,-8.000000,-289.000000,1737.000000,-14.000000,7.000000,-51.000000
1279,1743679410662242,178.000000,-130.000000,135.000000,178.000000,128.000000,360.000000,178.003006,-130.001999,135.001999,178.001007,128.000000,359.997986,-9.000000,-290.000000,1724.000000,-19.000000,8.000000,-46.000000
1279,1743679410667694,178.000000,-130.000000,135.000000,178.000000,128.000000,360.000000,178.003006,-130.001999,135.001007,178.003006,128.000000,360.001007,-31.000000,-288.000000,1724.000000,-21.000000,18.000000,-55.000000
1279,1743679410672117,178.000000,-130.000000,135.000000,178.000000,128.000000,360.000000,178.003998,-130.001007,135.001007,178.003006,128.000000,359.997986,-22.000000,-271.000000,1709.000000,-15.000000,10.000000,-67.000000
1279,1743679410677623,178.000000,-130.000000,135.000000,178.000000,128.000000,360.000000,178.003998,-130.001999,135.001999,178.003006,128.000000,359.998993,-36.000000,-276.000000,1716.000000,-17.000000,4.000000,-48.000000
1279,1743679410683117,178.000000,-130.000000,135.000000,178.000000,128.000000,360.000000,178.003006,-130.003006,135.001999,178.003006,128.000000,359.997986,-29.000000,-282.000000,1715.000000,-10.000000,11.000000,-46.000000
1279,1743679410687523,178.000000,-130.000000,135.000000,178.000000,128.000000,360.000000,178.003006,-130.001999,135.005005,178.003006,127.998001,359.997986,-28.000000,-267.000000,1714.000000,-23.000000,17.000000,-46.000000
1279,1743679410693043,178.000000,-130.000000,135.000000,178.000000,128.000000,360.000000,178.003006,-130.001999,135.001999,178.003006,128.000000,359.997986,-45.000000,-270.000000,1696.000000,-11.000000,17.000000,-51.000000
1279,1743679410697424,178.000000,-130.000000,135.000000,178.000000,128.000000,360.000000,178.003006,-130.001007,135.005005,178.003006,128.000000,359.998993,-42.000000,-268.000000,1709.000000,-17.000000,7.000000,-37.000000
1279,1743679410702898,178.000000,-130.000000,135.000000,178.000000,128.000000,360.000000,178.003006,-130.001999,135.001007,178.003006,128.000000,359.998993,-44.000000,-267.000000,1706.000000,-20.000000,8.000000,-30.000000
1279,1743679410707309,178.000000,-130.000000,135.000000,178.000000,128.000000,360.000000,178.003998,-130.001007,135.001999,178.003006,128.000000,359.998993,-48.000000,-265.000000,1702.000000,-16.000000,8.000000,-53.000000
1279,1743679410712785,178.000000,-130.000000,135.000000,178.000000,128.000000,360.000000,178.003006,-130.001999,135.001999,178.003006,128.000000,359.997986,-60.000000,-271.000000,1709.000000,-37.000000,15.000000,-50.000000
1279,1743679410717213,178.000000,-130.000000,135.000000,178.000000,128.000000,360.000000,178.003006,-130.001999,135.001999,178.003006,128.000000,359.997986,-60.000000,-271.000000,1709.000000,-37.000000,15.000000,-50.000000
1279,1743679410722661,178.000000,-130.000000,135.000000,178.000000,128.000000,360.000000,178.003006,-130.001999,135.001007,178.003998,128.000000,359.998993,-52.000000,-269.000000,1720.000000,-35.000000,10.000000,-49.000000
1279,1743679410728149,178.000000,-130.000000,135.000000,178.000000,128.000000,360.000000,178.003006,-130.001007,135.001999,178.003998,128.001007,359.998993,-47.000000,-266.000000,1690.000000,-39.000000,9.000000,-41.000000
1279,1743679410732612,178.000000,-130.000000,135.000000,178.000000,128.000000,360.000000,178.003006,-130.001007,135.001999,178.003998,128.001007,359.998993,-47.000000,-266.000000,1690.000000,-39.000000,9.000000,-41.000000
1279,1743679410738144,178.000000,-130.000000,135.000000,178.000000,128.000000,360.000000,178.003006,-130.001999,135.001999,178.003998,128.000000,359.998993,-47.000000,-262.000000,1689.000000,-42.000000,5.000000,-48.000000
1279,1743679410742509,178.000000,-130.000000,135.000000,178.000000,128.000000,360.000000,178.003006,-130.001999,135.001999,178.003998,128.000000,359.998993,-47.000000,-262.000000,1689.000000,-42.000000,5.000000,-48.000000
1279,1743679410748010,178.000000,-130.000000,135.000000,178.000000,128.000000,360.000000,178.003006,-130.001999,135.005005,178.003006,128.001007,360.001007,-49.000000,-260.000000,1654.000000,-62.000000,17.000000,-60.000000
1279,1743679410752436,178.000000,-130.000000,135.000000,178.000000,128.000000,360.000000,178.001007,-130.001999,135.001999,178.003006,128.000000,359.997986,-49.000000,-264.000000,1654.000000,-55.000000,11.000000,-56.000000
1279,1743679410757856,178.000000,-130.000000,135.000000,178.000000,128.000000,360.000000,178.003006,-130.001007,135.001999,178.003006,128.000000,359.998993,-61.000000,-261.000000,1670.000000,-61.000000,12.000000,-44.000000
1279,1743679410762307,178.000000,-130.000000,135.000000,178.000000,128.000000,360.000000,178.003006,-130.001007,135.001999,178.003998,128.000000,359.998993,-47.000000,-259.000000,1658.000000,-59.000000,12.000000,-57.000000
1279,1743679410767802,178.000000,-130.000000,135.000000,178.000000,128.000000,360.000000,178.003006,-130.001999,135.001999,178.003006,128.000000,360.001007,-51.000000,-256.000000,1650.000000,-64.000000,12.000000,-47.000000
1279,1743679410772214,178.000000,-130.000000,135.000000,178.000000,128.000000,360.000000,178.001007,-130.001007,135.001999,178.003998,128.000000,359.998993,-53.000000,-259.000000,1660.000000,-57.000000,8.000000,-49.000000
1279,1743679410777702,178.000000,-130.000000,135.000000,178.000000,128.000000,360.000000,178.003006,-130.001007,135.001999,178.003006,128.001007,359.998993,-55.000000,-261.000000,1652.000000,-75.000000,15.000000,-64.000000
1279,1743679410782128,178.000000,-130.000000,135.000000,178.000000,128.000000,360.000000,178.003998,-130.001999,135.001999,178.003006,128.000000,359.997009,-52.000000,-261.000000,1663.000000,-64.000000,14.000000,-35.000000
1279,1743679410787597,178.000000,-130.000000,135.000000,178.000000,128.000000,360.000000,178.001007,-130.001007,135.001999,178.003006,128.000000,359.997986,-50.000000,-261.000000,1655.000000,-69.000000,12.000000,-59.000000
1279,1743679410793138,178.000000,-130.000000,135.000000,178.000000,128.000000,360.000000,178.001007,-130.001999,135.005005,178.003998,128.000000,360.001007,-48.000000,-261.000000,1632.000000,-70.000000,13.000000,-45.000000
1279,1743679410797599,178.000000,-130.000000,135.000000,178.000000,128.000000,360.000000,178.001007,-130.003006,135.001999,178.003998,128.000000,359.998993,-54.000000,-260.000000,1655.000000,-76.000000,11.000000,-59.000000
1279,1743679410803110,178.000000,-130.000000,135.000000,178.000000,128.000000,360.000000,178.001007,-130.001999,135.001999,178.003006,128.000000,359.997986,-55.000000,-261.000000,1629.000000,-92.000000,21.000000,-54.000000
1279,1743679410807529,178.000000,-130.000000,135.000000,178.000000,128.000000,360.000000,178.001007,-130.001999,135.001007,178.003006,128.000000,359.998993,-55.000000,-259.000000,1644.000000,-76.000000,17.000000,-69.000000
1279,1743679410813086,178.000000,-130.000000,135.000000,178.000000,128.000000,360.000000,178.003998,-130.001999,135.005005,178.003998,128.001007,359.998993,-44.000000,-260.000000,1627.000000,-78.000000,11.000000,-72.000000
1279,1743679410817465,178.000000,-130.000000,135.000000,178.000000,128.000000,360.000000,178.003006,-130.001007,135.005005,178.003998,128.000000,359.998993,-56.000000,-253.000000,1634.000000,-86.000000,15.000000,-66.000000
1279,1743679410822916,178.000000,-130.000000,135.000000,178.000000,128.000000,360.000000,178.003006,-130.001999,135.001999,178.003006,127.998001,360.001007,-50.000000,-252.000000,1621.000000,-86.000000,14.000000,-70.000000
1279,1743679410827339,178.000000,-130.000000,135.000000,178.000000,128.000000,360.000000,178.001007,-130.001007,135.001007,178.003998,128.000000,359.998993,-49.000000,-256.000000,1597.000000,-93.000000,5.000000,-75.000000
1279,1743679410832813,178.000000,-130.000000,135.000000,178.000000,128.000000,360.000000,178.003006,-130.001007,135.001999,178.003998,128.000000,360.001007,-51.000000,-254.000000,1601.000000,-96.000000,11.000000,-73.000000
1279,1743679410837175,178.000000,-130.000000,135.000000,178.000000,128.000000,360.000000,178.003006,-130.001999,135.001999,178.003998,128.000000,360.001007,-45.000000,-265.000000,1620.000000,-99.000000,11.000000,-98.000000
1279,1743679410842615,178.000000,-130.000000,135.000000,178.000000,128.000000,360.000000,178.001007,-130.001007,135.005005,178.003006,128.000000,360.002014,-40.000000,-255.000000,1612.000000,-99.000000,5.000000,-84.000000
1279,1743679410848131,178.000000,-130.000000,135.000000,178.000000,128.000000,360.000000,178.001007,-130.001007,135.001999,178.003006,128.000000,360.001007,-42.000000,-257.000000,1595.000000,-102.000000,7.000000,-80.000000
1279,1743679410852599,178.000000,-130.000000,135.000000,178.000000,128.000000,360.000000,178.001007,-130.001007,135.001999,178.003998,128.000000,360.002014,-45.000000,-258.000000,1598.000000,-103.000000,12.000000,-74.000000
1279,1743679410858120,178.000000,-130.000000,135.000000,178.000000,128.000000,360.000000,178.001007,-130.001007,135.001999,178.003998,128.000000,360.002014,-43.000000,-247.000000,1600.000000,-100.000000,6.000000,-78.000000
1279,1743679410862461,178.000000,-130.000000,135.000000,178.000000,128.000000,360.000000,178.003006,-130.001999,135.005005,178.003006,128.000000,360.002014,-45.000000,-253.000000,1601.000000,-105.000000,8.000000,-102.000000
1279,1743679410867909,178.000000,-130.000000,135.000000,178.000000,128.000000,360.000000,178.001007,-130.001007,135.005005,178.003998,128.000000,360.001007,-49.000000,-256.000000,1590.000000,-109.000000,7.000000,-93.000000
1279,1743679410872339,178.000000,-130.000000,135.000000,178.000000,128.000000,360.000000,178.003006,-130.001999,135.005005,178.003006,128.000000,360.001007,-49.000000,-256.000000,1573.000000,-120.000000,7.000000,-92.000000
1279,1743679410877826,178.000000,-130.000000,135.000000,178.000000,128.000000,360.000000,178.003006,-130.001999,135.001999,178.003006,128.000000,360.002014,-51.000000,-252.000000,1587.000000,-108.000000,13.000000,-91.000000
1279,1743679410882243,178.000000,-130.000000,135.000000,178.000000,128.000000,360.000000,178.001007,-130.001007,135.001007,178.003998,128.000000,360.001007,-52.000000,-253.000000,1573.000000,-118.000000,4.000000,-103.000000
1279,1743679410887769,178.000000,-130.000000,135.000000,178.000000,128.000000,360.000000,178.003006,-130.001999,135.001999,178.003998,128.000000,360.002014,-48.000000,-255.000000,1584.000000,-128.000000,13.000000,-92.000000
1279,1743679410892203,178.000000,-130.000000,135.000000,178.000000,128.000000,360.000000,178.001007,-130.001999,135.001999,178.003006,128.000000,360.001007,-47.000000,-254.000000,1591.000000,-116.000000,6.000000,-101.000000
1279,1743679410897703,178.000000,-130.000000,135.000000,178.000000,128.000000,360.000000,178.003006,-130.001007,135.001999,178.003006,128.000000,360.003998,-48.000000,-257.000000,1587.000000,-135.000000,12.000000,-86.000000
1279,1743679410902156,178.000000,-130.000000,135.000000,178.000000,128.000000,360.000000,178.001007,-130.001007,135.001007,178.003998,128.000000,360.002014,-50.000000,-252.000000,1580.000000,-117.000000,7.000000,-107.000000
1279,1743679410907637,178.000000,-130.000000,135.000000,178.000000,128.000000,360.000000,178.001007,-130.001007,135.001007,178.003998,128.000000,360.002014,-50.000000,-252.000000,1580.000000,-117.000000,7.000000,-107.000000
1279,1743679410913094,178.000000,-130.000000,135.000000,178.000000,128.000000,360.000000,178.003006,-130.001999,135.001007,178.003998,128.000000,360.002014,-46.000000,-251.000000,1568.000000,-141.000000,7.000000,-98.000000
1279,1743679410917557,178.000000,-130.000000,135.000000,178.000000,128.000000,360.000000,178.003006,-130.001999,135.001007,178.003998,128.000000,360.002014,-46.000000,-251.000000,1568.000000,-141.000000,7.000000,-98.000000
1279,1743679410923007,178.000000,-130.000000,135.000000,178.000000,128.000000,360.000000,178.001007,-130.001999,135.001999,178.003006,128.000000,360.002014,-32.000000,-252.000000,1577.000000,-135.000000,8.000000,-92.000000
1279,1743679410927422,178.000000,-130.000000,135.000000,178.000000,128.000000,360.000000,178.001007,-130.001999,135.001999,178.003998,128.000000,360.002014,-39.000000,-259.000000,1568.000000,-135.000000,12.000000,-95.000000
1279,1743679410932939,178.000000,-130.000000,135.000000,178.000000,128.000000,360.000000,178.000000,-130.001007,135.005005,178.003998,128.000000,360.001007,-46.000000,-255.000000,1559.000000,-138.000000,10.000000,-97.000000
1279,1743679410937361,178.000000,-130.000000,135.000000,178.000000,128.000000,360.000000,178.001007,-130.001007,135.005005,178.003998,128.000000,360.002014,-46.000000,-252.000000,1564.000000,-145.000000,10.000000,-83.000000
1279,1743679410942851,178.000000,-130.000000,135.000000,178.000000,128.000000,360.000000,178.003006,-130.001999,135.001999,178.003006,128.000000,360.002014,-44.000000,-255.000000,1562.000000,-146.000000,7.000000,-99.000000
1279,1743679410947312,178.000000,-130.000000,135.000000,178.000000,128.000000,360.000000,178.003006,-130.001999,135.001999,178.003006,128.000000,360.002014,-44.000000,-257.000000,1553.000000,-150.000000,12.000000,-105.000000
1279,1743679410952810,178.000000,-130.000000,135.000000,178.000000,128.000000,360.000000,178.003006,-130.001999,135.001999,178.003006,128.000000,360.002014,-44.000000,-256.000000,1557.000000,-146.000000,13.000000,-106.000000
1279,1743679410957200,178.000000,-130.000000,135.000000,178.000000,128.000000,360.000000,178.001007,-130.001999,135.001999,178.003006,127.998001,360.002014,-44.000000,-255.000000,1548.000000,-142.000000,8.000000,-117.000000
1279,1743679410962669,178.000000,-130.000000,135.000000,178.000000,128.000000,360.000000,178.001007,-130.001007,135.001999,178.003998,128.000000,360.001007,-51.000000,-256.000000,1566.000000,-152.000000,6.000000,-92.000000
1279,1743679410968168,178.000000,-130.000000,135.000000,178.000000,128.000000,360.000000,178.003006,-130.001007,135.001999,178.003998,128.000000,360.002014,-56.000000,-256.000000,1539.000000,-166.000000,17.000000,-95.000000
1279,1743679410972537,178.000000,-130.000000,135.000000,178.000000,128.000000,360.000000,178.003006,-130.001007,135.001999,178.003006,127.998001,360.002014,-50.000000,-256.000000,1525.000000,-164.000000,8.000000,-102.000000
1279,1743679410977971,178.000000,-130.000000,135.000000,178.000000,128.000000,360.000000,178.003006,-130.001007,135.001999,178.003006,127.998001,360.003998,-51.000000,-255.000000,1534.000000,-167.000000,13.000000,-111.000000
1279,1743679410982339,178.000000,-130.000000,135.000000,178.000000,128.000000,360.000000,178.003006,-130.001999,135.005005,178.003006,128.000000,360.002014,-50.000000,-251.000000,1536.000000,-153.000000,20.000000,-101.000000
1279,1743679410987699,178.000000,-130.000000,135.000000,178.000000,128.000000,360.000000,178.001007,-130.001999,135.001999,178.003006,128.000000,360.002014,-52.000000,-255.000000,1521.000000,-169.000000,18.000000,-102.000000
1279,1743679410993207,178.000000,-130.000000,135.000000,178.000000,128.000000,360.000000,178.003006,-130.001999,135.001999,178.003998,128.000000,360.002014,-59.000000,-258.000000,1528.000000,-158.000000,15.000000,-93.000000
1279,1743679410997654,178.000000,-130.000000,135.000000,178.000000,128.000000,360.000000,178.000000,-130.001007,135.001999,178.003006,128.000000,360.002014,-54.000000,-262.000000,1541.000000,-163.000000,12.000000,-101.000000
1279,1743679411003147,178.000000,-130.000000,135.000000,178.000000,128.000000,360.000000,178.001007,-130.001007,135.001007,178.003998,127.998001,360.001007,-56.000000,-264.000000,1535.000000,-160.000000,15.000000,-103.000000
1279,1743679411007515,178.000000,-130.000000,135.000000,178.000000,128.000000,360.000000,178.001007,-130.001999,135.001999,178.003998,127.998001,360.002014,-56.000000,-265.000000,1547.000000,-164.000000,10.000000,-98.000000
1279,1743679411013049,178.000000,-130.000000,135.000000,178.000000,128.000000,360.000000,178.001007,-130.001999,135.001999,178.003006,128.000000,360.001007,-57.000000,-264.000000,1539.000000,-164.000000,9.000000,-98.000000
1279,1743679411017441,178.000000,-130.000000,135.000000,178.000000,128.000000,360.000000,178.001007,-130.001007,135.001999,178.003998,127.998001,360.002014,-52.000000,-262.000000,1507.000000,-175.000000,10.000000,-91.000000
1279,1743679411022906,178.000000,-130.000000,135.000000,178.000000,128.000000,360.000000,178.001007,-130.001999,135.005005,178.003006,128.001007,360.001007,-53.000000,-254.000000,1525.000000,-165.000000,6.000000,-121.000000
1279,1743679411027245,178.000000,-130.000000,135.000000,178.000000,128.000000,360.000000,178.001007,-130.001999,135.001999,178.003006,128.000000,360.001007,-49.000000,-256.000000,1509.000000,-167.000000,20.000000,-108.000000
1279,1743679411032788,178.000000,-130.000000,135.000000,178.000000,128.000000,360.000000,178.001007,-130.001007,135.001999,178.003006,127.998001,360.003998,-50.000000,-251.000000,1512.000000,-162.000000,13.000000,-95.000000
1279,1743679411037164,178.000000,-130.000000,135.000000,178.000000,128.000000,360.000000,178.001007,-130.001999,135.001007,178.003998,128.000000,360.001007,-43.000000,-256.000000,1517.000000,-165.000000,11.000000,-108.000000
1279,1743679411042603,178.000000,-130.000000,135.000000,178.000000,128.000000,360.000000,178.001007,-130.001007,135.001999,178.003006,128.000000,360.001007,-53.000000,-247.000000,1474.000000,-174.000000,15.000000,-122.000000
1279,1743679411048095,178.000000,-130.000000,135.000000,178.000000,128.000000,360.000000,178.000000,-130.001999,135.001999,178.003006,127.998001,360.002014,-55.000000,-251.000000,1494.000000,-175.000000,16.000000,-92.000000
1279,1743679411052519,178.000000,-130.000000,135.000000,178.000000,128.000000,360.000000,178.001007,-130.001007,135.001999,178.003006,128.000000,360.002014,-50.000000,-252.000000,1488.000000,-175.000000,6.000000,-109.000000
1279,1743679411057971,178.000000,-130.000000,135.000000,178.000000,128.000000,360.000000,178.003006,-130.001007,135.005005,178.003998,127.998001,360.001007,-48.000000,-251.000000,1489.000000,-167.000000,15.000000,-124.000000
1279,1743679411062426,178.000000,-130.000000,135.000000,178.000000,128.000000,360.000000,178.001007,-130.001007,135.001999,178.003006,128.000000,360.002014,-50.000000,-256.000000,1469.000000,-170.000000,16.000000,-110.000000
1279,1743679411067931,178.000000,-130.000000,135.000000,178.000000,128.000000,360.000000,178.003006,-130.001999,135.001999,178.001007,127.998001,360.003998,-51.000000,-248.000000,1512.000000,-168.000000,11.000000,-137.000000
1279,1743679411072399,178.000000,-130.000000,135.000000,178.000000,128.000000,360.000000,178.001007,-130.001999,135.001999,178.003006,128.000000,360.002014,-54.000000,-243.000000,1480.000000,-168.000000,11.000000,-90.000000
1279,1743679411077887,178.000000,-130.000000,135.000000,178.000000,128.000000,360.000000,178.000000,-130.001999,135.001999,178.003006,127.998001,360.002014,-52.000000,-247.000000,1492.000000,-173.000000,12.000000,-116.000000
1279,1743679411082315,178.000000,-130.000000,135.000000,178.000000,128.000000,360.000000,178.003006,-130.001007,135.001999,178.003006,128.000000,360.001007,-44.000000,-246.000000,1483.000000,-165.000000,20.000000,-125.000000
1279,1743679411087850,178.000000,-130.000000,135.000000,178.000000,128.000000,360.000000,178.000000,-130.001999,135.001999,178.003006,128.000000,360.002014,-49.000000,-242.000000,1484.000000,-171.000000,9.000000,-123.000000
1279,1743679411092230,178.000000,-130.000000,135.000000,178.000000,128.000000,360.000000,178.003006,-130.001999,135.001007,178.003006,128.001007,360.002014,-57.000000,-245.000000,1498.000000,-159.000000,16.000000,-88.000000
1279,1743679411097665,178.000000,-130.000000,135.000000,178.000000,128.000000,360.000000,178.003998,-130.001999,135.001999,178.003006,128.000000,360.003998,-52.000000,-231.000000,1487.000000,-177.000000,15.000000,-127.000000
1279,1743679411103107,178.000000,-130.000000,135.000000,178.000000,128.000000,360.000000,178.003998,-130.001999,135.001999,178.003006,128.000000,360.003998,-52.000000,-231.000000,1487.000000,-177.000000,15.000000,-127.000000
1279,1743679411107454,178.000000,-130.000000,135.000000,178.000000,128.000000,360.000000,178.001007,-130.001999,135.001007,178.003006,127.998001,360.003998,-56.000000,-230.000000,1489.000000,-185.000000,15.000000,-134.000000
1279,1743679411112905,178.000000,-130.000000,135.000000,178.000000,128.000000,360.000000,178.001007,-130.001007,135.001999,178.003006,128.000000,360.002014,-50.000000,-229.000000,1491.000000,-173.000000,17.000000,-105.000000
1279,1743679411117270,178.000000,-130.000000,135.000000,178.000000,128.000000,360.000000,178.003006,-130.001007,135.001999,178.003006,128.000000,360.002014,-44.000000,-218.000000,1476.000000,-182.000000,15.000000,-99.000000
1279,1743679411122774,178.000000,-130.000000,135.000000,178.000000,128.000000,360.000000,178.003006,-130.001999,135.001999,178.003006,128.000000,360.002014,-51.000000,-227.000000,1491.000000,-174.000000,18.000000,-112.000000
1279,1743679411127143,178.000000,-130.000000,135.000000,178.000000,128.000000,360.000000,178.001007,-130.001007,135.001007,178.003006,127.998001,360.002014,-51.000000,-227.000000,1489.000000,-188.000000,26.000000,-119.000000
1279,1743679411132684,178.000000,-130.000000,135.000000,178.000000,128.000000,360.000000,178.001007,-130.001999,135.005005,178.003006,128.000000,360.002014,-49.000000,-229.000000,1469.000000,-178.000000,15.000000,-112.000000
1279,1743679411137102,178.000000,-130.000000,135.000000,178.000000,128.000000,360.000000,178.001007,-130.001999,135.001999,178.003006,128.000000,360.003998,-53.000000,-228.000000,1475.000000,-181.000000,12.000000,-104.000000
1279,1743679411142584,178.000000,-130.000000,135.000000,178.000000,128.000000,360.000000,178.001007,-130.001007,135.001999,178.003998,127.998001,360.001007,-47.000000,-228.000000,1479.000000,-174.000000,15.000000,-105.000000
1279,1743679411148126,178.000000,-130.000000,135.000000,178.000000,128.000000,360.000000,178.003006,-130.001999,135.001999,178.003006,128.000000,360.001007,-49.000000,-232.000000,1458.000000,-195.000000,18.000000,-109.000000
1279,1743679411152580,178.000000,-130.000000,135.000000,178.000000,128.000000,360.000000,178.001007,-130.001007,135.001999,178.003006,127.998001,360.002014,-54.000000,-229.000000,1452.000000,-187.000000,18.000000,-134.000000
1279,1743679411158118,178.000000,-130.000000,135.000000,178.000000,128.000000,360.000000,178.003006,-130.001999,135.001999,178.003006,128.000000,360.001007,-53.000000,-228.000000,1455.000000,-179.000000,19.000000,-104.000000
1279,1743679411162522,178.000000,-130.000000,135.000000,178.000000,128.000000,360.000000,178.001007,-130.001999,135.001999,178.003006,127.998001,360.002014,-48.000000,-228.000000,1455.000000,-182.000000,14.000000,-103.000000
1279,1743679411168032,178.000000,-130.000000,135.000000,178.000000,128.000000,360.000000,178.003006,-130.001999,135.005005,178.003006,128.000000,360.001007,-58.000000,-235.000000,1446.000000,-183.000000,16.000000,-107.000000
1279,1743679411172488,178.000000,-130.000000,135.000000,178.000000,128.000000,360.000000,178.001007,-130.001999,135.001999,178.003006,128.000000,360.002014,-54.000000,-230.000000,1437.000000,-182.000000,17.000000,-126.000000
1279,1743679411178049,178.000000,-130.000000,135.000000,178.000000,128.000000,360.000000,178.001007,-130.001999,135.005005,178.003006,128.000000,360.002014,-61.000000,-233.000000,1418.000000,-183.000000,14.000000,-117.000000
1279,1743679411182431,178.000000,-130.000000,135.000000,178.000000,128.000000,360.000000,178.001007,-130.001999,135.001999,178.003006,128.000000,360.002014,-54.000000,-230.000000,1431.000000,-183.000000,20.000000,-123.000000
1279,1743679411187950,178.000000,-130.000000,135.000000,178.000000,128.000000,360.000000,178.003006,-130.001999,135.001007,178.003006,128.000000,360.002014,-52.000000,-231.000000,1426.000000,-180.000000,18.000000,-109.000000
1279,1743679411192346,178.000000,-130.000000,135.000000,178.000000,128.000000,360.000000,178.001007,-130.001007,135.005005,178.003006,128.000000,360.001007,-47.000000,-232.000000,1433.000000,-185.000000,17.000000,-118.000000
1279,1743679411197886,178.000000,-130.000000,135.000000,178.000000,128.000000,360.000000,178.001007,-129.998993,135.005005,178.001007,128.001007,360.001007,-51.000000,-225.000000,1415.000000,-173.000000,9.000000,-111.000000
1279,1743679411202328,178.000000,-130.000000,135.000000,178.000000,128.000000,360.000000,178.003006,-130.003006,135.001999,178.003006,128.000000,360.002014,-52.000000,-227.000000,1415.000000,-182.000000,17.000000,-121.000000
1279,1743679411207797,178.000000,-130.000000,135.000000,178.000000,128.000000,360.000000,178.001007,-130.001999,135.005005,178.003006,127.998001,360.001007,-52.000000,-220.000000,1401.000000,-183.000000,15.000000,-106.000000
1279,1743679411212144,178.000000,-130.000000,135.000000,178.000000,128.000000,360.000000,178.003006,-130.001007,135.005005,178.003006,127.998001,360.002014,-52.000000,-214.000000,1410.000000,-178.000000,10.000000,-114.000000
1279,1743679411217564,178.000000,-130.000000,135.000000,178.000000,128.000000,360.000000,178.003006,-130.001999,135.001999,178.003006,128.000000,360.002014,-55.000000,-222.000000,1380.000000,-183.000000,15.000000,-107.000000
1279,1743679411222982,178.000000,-130.000000,135.000000,178.000000,128.000000,360.000000,178.003006,-130.001007,135.001999,178.003006,128.000000,360.002014,-63.000000,-221.000000,1399.000000,-186.000000,14.000000,-123.000000
1279,1743679411227386,178.000000,-130.000000,135.000000,178.000000,128.000000,360.000000,178.003006,-130.001999,135.001999,178.001007,128.000000,360.002014,-54.000000,-221.000000,1397.000000,-185.000000,13.000000,-121.000000
1279,1743679411232892,178.000000,-130.000000,135.000000,178.000000,128.000000,360.000000,178.003006,-130.001999,135.001999,178.001007,128.000000,360.002014,-54.000000,-221.000000,1397.000000,-185.000000,13.000000,-121.000000
1279,1743679411237281,178.000000,-130.000000,135.000000,178.000000,128.000000,360.000000,178.003006,-130.001999,135.001007,178.003006,128.000000,360.001007,-58.000000,-217.000000,1392.000000,-183.000000,14.000000,-108.000000
1279,1743679411242844,178.000000,-130.000000,135.000000,178.000000,128.000000,360.000000,178.001007,-130.001999,135.001999,178.003006,128.000000,360.002014,-49.000000,-219.000000,1414.000000,-179.000000,18.000000,-125.000000
1279,1743679411247234,178.000000,-130.000000,135.000000,178.000000,128.000000,360.000000,178.003006,-130.001007,135.001999,178.003006,128.000000,360.002014,-52.000000,-219.000000,1389.000000,-179.000000,16.000000,-128.000000
1279,1743679411252669,178.000000,-130.000000,135.000000,178.000000,128.000000,360.000000,178.001007,-130.001999,135.005005,178.003006,128.000000,360.001007,-48.000000,-219.000000,1383.000000,-183.000000,10.000000,-112.000000
1279,1743679411258200,178.000000,-130.000000,135.000000,178.000000,128.000000,360.000000,178.001007,-130.001007,135.005005,178.003006,128.000000,360.002014,-50.000000,-219.000000,1381.000000,-184.000000,13.000000,-123.000000
1279,1743679411262570,178.000000,-130.000000,135.000000,178.000000,128.000000,360.000000,178.001007,-130.001999,135.001999,178.001007,128.001007,360.003998,-46.000000,-220.000000,1371.000000,-180.000000,14.000000,-126.000000
1279,1743679411268107,178.000000,-130.000000,135.000000,178.000000,128.000000,360.000000,178.001007,-130.001007,135.005005,178.003006,127.998001,360.001007,-45.000000,-219.000000,1371.000000,-177.000000,13.000000,-134.000000
1279,1743679411272504,178.000000,-130.000000,135.000000,178.000000,128.000000,360.000000,178.001007,-130.001007,135.001999,178.003006,128.000000,360.001007,-46.000000,-219.000000,1353.000000,-185.000000,14.000000,-122.000000
1279,1743679411277973,178.000000,-130.000000,135.000000,178.000000,128.000000,360.000000,178.003006,-130.001007,135.001999,178.001007,128.000000,360.002014,-53.000000,-227.000000,1350.000000,-184.000000,16.000000,-129.000000
1279,1743679411282356,178.000000,-130.000000,135.000000,178.000000,128.000000,360.000000,178.003006,-130.001999,135.001999,178.003006,128.000000,360.001007,-48.000000,-222.000000,1369.000000,-175.000000,15.000000,-120.000000
1279,1743679411287919,178.000000,-130.000000,135.000000,178.000000,128.000000,360.000000,178.001007,-130.001999,135.001999,178.003006,127.998001,360.002014,-47.000000,-223.000000,1364.000000,-179.000000,11.000000,-121.000000
1279,1743679411292330,178.000000,-130.000000,135.000000,178.000000,128.000000,360.000000,178.001007,-130.001007,135.001999,178.001007,128.000000,359.998993,-55.000000,-223.000000,1339.000000,-174.000000,14.000000,-128.000000
1279,1743679411297756,178.000000,-130.000000,135.000000,178.000000,128.000000,360.000000,178.001007,-130.001007,135.001007,178.001007,127.998001,360.001007,-52.000000,-222.000000,1340.000000,-178.000000,16.000000,-144.000000
1279,1743679411302094,178.000000,-130.000000,135.000000,178.000000,128.000000,360.000000,178.003006,-130.001007,135.005005,178.003006,127.998001,360.002014,-52.000000,-216.000000,1351.000000,-182.000000,21.000000,-130.000000
1279,1743679411307607,178.000000,-130.000000,135.000000,178.000000,128.000000,360.000000,178.003006,-130.001007,135.001999,178.003006,128.000000,360.002014,-55.000000,-219.000000,1315.000000,-185.000000,17.000000,-133.000000
1279,1743679411313056,178.000000,-130.000000,135.000000,178.000000,128.000000,360.000000,178.001007,-130.001007,135.001999,178.003006,127.998001,360.003998,-53.000000,-212.000000,1338.000000,-180.000000,14.000000,-118.000000
1279,1743679411317558,178.000000,-130.000000,135.000000,178.000000,128.000000,360.000000,178.000000,-130.001007,135.001999,178.003006,128.000000,359.998993,-52.000000,-223.000000,1335.000000,-179.000000,16.000000,-128.000000
1279,1743679411323016,178.000000,-130.000000,135.000000,178.000000,128.000000,360.000000,178.001007,-130.001999,135.001999,178.003006,127.998001,360.001007,-49.000000,-222.000000,1334.000000,-176.000000,22.000000,-137.000000
1279,1743679411327347,178.000000,-130.000000,135.000000,178.000000,128.000000,360.000000,178.001007,-130.001999,135.005005,178.003006,127.998001,360.002014,-54.000000,-214.000000,1327.000000,-184.000000,21.000000,-127.000000
1279,1743679411332829,178.000000,-130.000000,135.000000,178.000000,128.000000,360.000000,178.003006,-130.001999,135.005005,178.003006,127.998001,360.001007,-44.000000,-215.000000,1308.000000,-179.000000,19.000000,-126.000000
1279,1743679411337195,178.000000,-130.000000,135.000000,178.000000,128.000000,360.000000,178.001007,-130.001999,135.001999,178.003006,127.998001,360.001007,-40.000000,-224.000000,1314.000000,-180.000000,21.000000,-112.000000
1279,1743679411342726,178.000000,-130.000000,135.000000,178.000000,128.000000,360.000000,178.001007,-130.001007,135.001999,178.003006,127.998001,360.001007,-48.000000,-209.000000,1328.000000,-181.000000,20.000000,-112.000000
1279,1743679411348233,178.000000,-130.000000,135.000000,178.000000,128.000000,360.000000,178.001007,-130.001007,135.001999,178.003998,127.998001,360.001007,-46.000000,-224.000000,1298.000000,-175.000000,15.000000,-133.000000
1279,1743679411352597,178.000000,-130.000000,135.000000,178.000000,128.000000,360.000000,178.001007,-130.001999,135.001007,178.001007,128.000000,360.001007,-40.000000,-220.000000,1308.000000,-184.000000,15.000000,-131.000000
1279,1743679411358093,178.000000,-130.000000,135.000000,178.000000,128.000000,360.000000,178.001007,-130.001007,135.001999,178.001007,128.000000,359.998993,-44.000000,-216.000000,1318.000000,-180.000000,19.000000,-118.000000
1279,1743679411362457,178.000000,-130.000000,135.000000,178.000000,128.000000,360.000000,178.001007,-130.001007,135.001007,178.001007,128.000000,359.998993,-35.000000,-218.000000,1305.000000,-177.000000,16.000000,-114.000000
1279,1743679411368027,178.000000,-130.000000,135.000000,178.000000,128.000000,360.000000,178.001007,-130.001007,135.001999,178.003006,128.000000,360.002014,-40.000000,-218.000000,1301.000000,-179.000000,15.000000,-126.000000
1279,1743679411372426,178.000000,-130.000000,135.000000,178.000000,128.000000,360.000000,178.001007,-130.001999,135.001999,178.001007,127.998001,360.001007,-40.000000,-217.000000,1302.000000,-179.000000,20.000000,-126.000000
1279,1743679411377880,178.000000,-130.000000,135.000000,178.000000,128.000000,360.000000,178.001007,-129.998993,135.001999,178.001007,127.998001,360.002014,-30.000000,-220.000000,1317.000000,-179.000000,16.000000,-111.000000
1279,1743679411382288,178.000000,-130.000000,135.000000,178.000000,128.000000,360.000000,178.001007,-130.001007,135.001999,178.003006,127.998001,359.998993,-47.000000,-218.000000,1275.000000,-181.000000,20.000000,-128.000000
1279,1743679411387786,178.000000,-130.000000,135.000000,178.000000,128.000000,360.000000,178.001007,-130.001007,135.001999,178.003006,127.998001,360.001007,-40.000000,-218.000000,1292.000000,-173.000000,16.000000,-122.000000
1279,1743679411392202,178.000000,-130.000000,135.000000,178.000000,128.000000,360.000000,178.001007,-130.001007,135.005005,178.003006,128.000000,360.002014,-41.000000,-219.000000,1276.000000,-178.000000,19.000000,-128.000000
1279,1743679411397669,178.000000,-130.000000,135.000000,178.000000,128.000000,360.000000,178.000000,-130.001007,135.001999,178.001007,127.998001,360.003998,-40.000000,-214.000000,1274.000000,-177.000000,19.000000,-119.000000
1279,1743679411403185,178.000000,-130.000000,135.000000,178.000000,128.000000,360.000000,178.000000,-130.001007,135.001999,178.001007,127.998001,360.003998,-40.000000,-214.000000,1274.000000,-177.000000,19.000000,-119.000000
1279,1743679411407577,178.000000,-130.000000,135.000000,178.000000,128.000000,360.000000,178.001007,-130.001999,135.001007,178.001007,127.998001,359.998993,-31.000000,-218.000000,1290.000000,-177.000000,10.000000,-143.000000
1279,1743679411413041,178.000000,-130.000000,135.000000,178.000000,128.000000,360.000000,178.001007,-130.001999,135.001007,178.001007,127.998001,359.998993,-31.000000,-218.000000,1290.000000,-177.000000,10.000000,-143.000000
1279,1743679411417460,178.000000,-130.000000,135.000000,178.000000,128.000000,360.000000,178.000000,-130.001999,135.001007,178.003006,127.998001,360.002014,-30.000000,-214.000000,1287.000000,-177.000000,22.000000,-120.000000
1279,1743679411422937,178.000000,-130.000000,135.000000,178.000000,128.000000,360.000000,178.000000,-130.001999,135.001007,178.003006,127.998001,360.002014,-30.000000,-214.000000,1287.000000,-177.000000,22.000000,-120.000000
1279,1743679411427333,178.000000,-130.000000,135.000000,178.000000,128.000000,360.000000,178.001007,-130.001007,135.005005,178.001007,128.000000,360.002014,-45.000000,-207.000000,1286.000000,-175.000000,16.000000,-117.000000
1279,1743679411432815,178.000000,-130.000000,135.000000,178.000000,128.000000,360.000000,178.003006,-130.001007,135.005005,178.003006,128.000000,360.002014,-40.000000,-213.000000,1266.000000,-179.000000,18.000000,-119.000000
1279,1743679411437212,178.000000,-130.000000,135.000000,178.000000,128.000000,360.000000,178.001007,-130.001007,135.001999,178.001007,128.000000,360.001007,-39.000000,-216.000000,1261.000000,-176.000000,18.000000,-113.000000
1279,1743679411442663,178.000000,-130.000000,135.000000,178.000000,128.000000,360.000000,178.001007,-130.001007,135.001007,178.001007,128.000000,360.001007,-35.000000,-215.000000,1288.000000,-176.000000,15.000000,-117.000000
1279,1743679411448169,178.000000,-130.000000,135.000000,178.000000,128.000000,360.000000,178.001007,-130.001007,135.001999,178.003006,128.000000,360.001007,-38.000000,-212.000000,1258.000000,-175.000000,18.000000,-117.000000
1279,1743679411452590,178.000000,-130.000000,135.000000,178.000000,128.000000,360.000000,178.001007,-130.001007,135.001999,178.003006,127.998001,360.001007,-36.000000,-216.000000,1259.000000,-178.000000,21.000000,-129.000000
1279,1743679411458101,178.000000,-130.000000,135.000000,178.000000,128.000000,360.000000,178.001007,-130.001007,135.005005,178.001007,127.998001,360.001007,-40.000000,-214.000000,1243.000000,-180.000000,17.000000,-113.000000
1279,1743679411462463,178.000000,-130.000000,135.000000,178.000000,128.000000,360.000000,178.001007,-130.001007,135.005005,178.003006,127.998001,360.002014,-48.000000,-212.000000,1245.000000,-174.000000,20.000000,-110.000000
1279,1743679411467899,178.000000,-130.000000,135.000000,178.000000,128.000000,360.000000,178.001007,-130.001999,135.001999,178.001007,127.998001,360.001007,-42.000000,-215.000000,1252.000000,-181.000000,17.000000,-104.000000
1279,1743679411472346,178.000000,-130.000000,135.000000,178.000000,128.000000,360.000000,178.003006,-130.001007,135.001999,178.003006,127.998001,360.001007,-43.000000,-207.000000,1258.000000,-178.000000,14.000000,-111.000000
1279,1743679411477734,178.000000,-130.000000,135.000000,178.000000,128.000000,360.000000,177.998993,-130.001007,135.001007,178.003006,127.998001,360.002014,-48.000000,-210.000000,1253.000000,-175.000000,17.000000,-115.000000
1279,1743679411483238,178.000000,-130.000000,135.000000,178.000000,128.000000,360.000000,178.001007,-130.001999,135.001999,178.001007,127.998001,360.001007,-47.000000,-208.000000,1238.000000,-177.000000,18.000000,-122.000000
1279,1743679411487618,178.000000,-130.000000,135.000000,178.000000,128.000000,360.000000,178.001007,-130.001007,135.001999,178.001007,127.998001,360.001007,-46.000000,-210.000000,1214.000000,-182.000000,13.000000,-99.000000
1279,1743679411493126,178.000000,-130.000000,135.000000,178.000000,128.000000,360.000000,178.000000,-130.001007,135.001999,178.001007,128.000000,360.001007,-49.000000,-210.000000,1224.000000,-177.000000,21.000000,-122.000000
1279,1743679411497468,178.000000,-130.000000,135.000000,178.000000,128.000000,360.000000,178.003006,-130.001999,135.001999,178.001007,127.998001,360.001007,-46.000000,-211.000000,1236.000000,-175.000000,16.000000,-114.000000
1279,1743679411502969,178.000000,-130.000000,135.000000,178.000000,128.000000,360.000000,178.001007,-130.001007,135.001007,178.003006,127.998001,360.002014,-40.000000,-206.000000,1213.000000,-176.000000,24.000000,-114.000000
1279,1743679411507321,178.000000,-130.000000,135.000000,178.000000,128.000000,360.000000,178.001007,-130.001007,135.001999,178.003006,127.998001,360.001007,-47.000000,-207.000000,1209.000000,-181.000000,18.000000,-104.000000
1279,1743679411512800,178.000000,-130.000000,135.000000,178.000000,128.000000,360.000000,178.003006,-130.001007,135.001999,178.001007,127.997002,360.002014,-44.000000,-203.000000,1195.000000,-182.000000,10.000000,-116.000000
1279,1743679411517235,178.000000,-130.000000,135.000000,178.000000,128.000000,360.000000,178.003006,-130.001007,135.001007,178.003006,127.998001,360.002014,-45.000000,-203.000000,1193.000000,-181.000000,19.000000,-107.000000
1279,1743679411522725,178.000000,-130.000000,135.000000,178.000000,128.000000,360.000000,178.001007,-130.001007,135.001999,178.001007,127.998001,360.002014,-55.000000,-204.000000,1193.000000,-179.000000,9.000000,-110.000000
1279,1743679411528237,178.000000,-130.000000,135.000000,178.000000,128.000000,360.000000,178.001007,-130.001007,135.005005,178.003006,127.998001,360.001007,-57.000000,-209.000000,1203.000000,-169.000000,14.000000,-114.000000
1279,1743679411532647,178.000000,-130.000000,135.000000,178.000000,128.000000,360.000000,178.001007,-130.001007,135.005005,178.003006,127.998001,360.001007,-57.000000,-209.000000,1203.000000,-169.000000,14.000000,-114.000000
1279,1743679411538166,178.000000,-130.000000,135.000000,178.000000,128.000000,360.000000,178.001007,-130.001007,135.001007,178.001007,127.998001,359.998993,-47.000000,-206.000000,1176.000000,-179.000000,10.000000,-113.000000
1279,1743679411542491,178.000000,-130.000000,135.000000,178.000000,128.000000,360.000000,178.001007,-130.001007,135.001007,178.001007,127.998001,359.998993,-47.000000,-206.000000,1176.000000,-179.000000,10.000000,-113.000000
1279,1743679411547974,178.000000,-130.000000,135.000000,178.000000,128.000000,360.000000,178.003006,-130.001007,135.001999,178.003006,127.998001,359.998993,-51.000000,-207.000000,1174.000000,-178.000000,20.000000,-99.000000
1279,1743679411552391,178.000000,-130.000000,135.000000,178.000000,128.000000,360.000000,178.003006,-130.001007,135.001999,178.003006,127.998001,359.998993,-51.000000,-207.000000,1174.000000,-178.000000,20.000000,-99.000000
1279,1743679411557874,178.000000,-130.000000,135.000000,178.000000,128.000000,360.000000,178.001007,-130.001007,135.001999,178.001007,128.000000,359.998993,-56.000000,-209.000000,1173.000000,-175.000000,15.000000,-122.000000
1279,1743679411562446,178.000000,-130.000000,135.000000,178.000000,128.000000,360.000000,178.003006,-130.001007,135.001999,178.003006,127.998001,360.001007,-54.000000,-206.000000,1156.000000,-176.000000,13.000000,-108.000000
1279,1743679411567919,178.000000,-130.000000,135.000000,178.000000,128.000000,360.000000,178.001007,-130.001007,135.001007,178.003006,127.998001,359.998993,-59.000000,-212.000000,1183.000000,-180.000000,17.000000,-108.000000
1279,1743679411572271,178.000000,-130.000000,135.000000,178.000000,128.000000,360.000000,178.001007,-129.998993,135.001999,178.001007,127.998001,360.001007,-64.000000,-213.000000,1154.000000,-180.000000,13.000000,-115.000000
1279,1743679411577752,178.000000,-130.000000,135.000000,178.000000,128.000000,360.000000,178.001007,-130.001007,135.001999,178.001007,127.998001,360.002014,-51.000000,-217.000000,1152.000000,-176.000000,20.000000,-86.000000
1279,1743679411583310,178.000000,-130.000000,135.000000,178.000000,128.000000,360.000000,178.000000,-130.001007,135.001999,178.001007,127.998001,359.998993,-67.000000,-215.000000,1149.000000,-176.000000,13.000000,-118.000000
1279,1743679411587687,178.000000,-130.000000,135.000000,178.000000,128.000000,360.000000,178.001007,-130.001007,135.001999,178.001007,127.998001,359.998993,-53.000000,-212.000000,1166.000000,-182.000000,17.000000,-103.000000
1279,1743679411593170,178.000000,-130.000000,135.000000,178.000000,128.000000,360.000000,178.000000,-130.001999,135.005005,178.001007,127.998001,360.001007,-72.000000,-213.000000,1163.000000,-174.000000,12.000000,-90.000000
1279,1743679411597646,178.000000,-130.000000,135.000000,178.000000,128.000000,360.000000,178.000000,-130.001007,135.001007,178.001007,127.998001,359.998993,-58.000000,-213.000000,1138.000000,-182.000000,19.000000,-106.000000
1279,1743679411603154,178.000000,-130.000000,135.000000,178.000000,128.000000,360.000000,178.000000,-130.001999,135.001007,178.001007,127.998001,359.998993,-61.000000,-211.000000,1150.000000,-168.000000,9.000000,-108.000000
1279,1743679411607523,178.000000,-130.000000,135.000000,178.000000,128.000000,360.000000,178.001007,-130.001007,135.001999,178.003006,127.998001,359.998993,-65.000000,-216.000000,1154.000000,-178.000000,9.000000,-104.000000
1279,1743679411613007,178.000000,-130.000000,135.000000,178.000000,128.000000,360.000000,178.001007,-129.998993,135.005005,178.001007,128.001007,359.998993,-53.000000,-213.000000,1143.000000,-179.000000,22.000000,-103.000000
1279,1743679411617412,178.000000,-130.000000,135.000000,178.000000,128.000000,360.000000,178.001007,-130.001007,135.001999,178.003006,127.997002,360.001007,-62.000000,-213.000000,1130.000000,-174.000000,12.000000,-103.000000
1279,1743679411622845,178.000000,-130.000000,135.000000,178.000000,128.000000,360.000000,178.001007,-130.001007,135.001999,178.003006,127.998001,360.001007,-58.000000,-215.000000,1132.000000,-180.000000,10.000000,-111.000000
1279,1743679411628296,178.000000,-130.000000,135.000000,178.000000,128.000000,360.000000,178.001007,-130.001007,135.001007,178.003006,127.998001,360.001007,-60.000000,-214.000000,1119.000000,-172.000000,13.000000,-117.000000
1279,1743679411632745,178.000000,-130.000000,135.000000,178.000000,128.000000,360.000000,178.003006,-129.998993,135.001999,178.001007,127.997002,359.998993,-53.000000,-213.000000,1135.000000,-174.000000,15.000000,-89.000000
1279,1743679411637191,178.000000,-130.000000,135.000000,178.000000,128.000000,360.000000,178.001007,-129.998993,135.001999,178.003006,127.998001,360.001007,-56.000000,-213.000000,1122.000000,-174.000000,18.000000,-104.000000
1279,1743679411642586,178.000000,-130.000000,135.000000,178.000000,128.000000,360.000000,178.001007,-130.001999,135.001007,178.001007,127.998001,360.001007,-63.000000,-214.000000,1111.000000,-176.000000,19.000000,-116.000000
1279,1743679411648013,178.000000,-130.000000,135.000000,178.000000,128.000000,360.000000,178.003006,-130.001007,135.001999,178.003006,127.997002,359.998993,-56.000000,-214.000000,1119.000000,-173.000000,18.000000,-111.000000
1279,1743679411652352,178.000000,-130.000000,135.000000,178.000000,128.000000,360.000000,178.001007,-130.001007,135.005005,178.003006,127.997002,360.001007,-74.000000,-218.000000,1091.000000,-172.000000,7.000000,-119.000000
1279,1743679411657774,178.000000,-130.000000,135.000000,178.000000,128.000000,360.000000,178.000000,-129.998993,135.001999,178.003006,127.998001,360.001007,-54.000000,-215.000000,1085.000000,-171.000000,18.000000,-110.000000
1279,1743679411663227,178.000000,-130.000000,135.000000,178.000000,128.000000,360.000000,178.001007,-130.001007,135.001999,178.003006,127.998001,359.998993,-62.000000,-211.000000,1110.000000,-169.000000,17.000000,-111.000000
1279,1743679411667543,178.000000,-130.000000,135.000000,178.000000,128.000000,360.000000,178.001007,-130.001007,135.001999,178.003006,127.998001,359.998993,-62.000000,-211.000000,1110.000000,-169.000000,17.000000,-111.000000
1279,1743679411673058,178.000000,-130.000000,135.000000,178.000000,128.000000,360.000000,178.003006,-130.001007,135.001999,178.001007,127.998001,359.998993,-60.000000,-221.000000,1098.000000,-179.000000,15.000000,-114.000000
1279,1743679411677487,178.000000,-130.000000,135.000000,178.000000,128.000000,360.000000,178.003006,-130.001007,135.001999,178.001007,127.998001,359.998993,-60.000000,-221.000000,1098.000000,-179.000000,15.000000,-114.000000
1279,1743679411682870,178.000000,-130.000000,135.000000,178.000000,128.000000,360.000000,178.003006,-130.001007,135.001999,178.001007,127.998001,359.998993,-60.000000,-221.000000,1098.000000,-179.000000,15.000000,-114.000000
1279,1743679411687291,178.000000,-130.000000,135.000000,178.000000,128.000000,360.000000,178.003006,-130.001007,135.001007,178.001007,127.998001,360.001007,-60.000000,-219.000000,1104.000000,-177.000000,14.000000,-121.000000
1279,1743679411692740,178.000000,-130.000000,135.000000,178.000000,128.000000,360.000000,178.003006,-130.001007,135.001007,178.001007,127.998001,359.998993,-60.000000,-218.000000,1093.000000,-177.000000,16.000000,-115.000000
1279,1743679411697200,178.000000,-130.000000,135.000000,178.000000,128.000000,360.000000,178.001007,-130.001007,135.001007,178.003006,127.998001,359.998993,-61.000000,-218.000000,1096.000000,-186.000000,13.000000,-122.000000
1279,1743679411702714,178.000000,-130.000000,135.000000,178.000000,128.000000,360.000000,178.000000,-130.001007,135.001999,178.001007,127.998001,360.002014,-60.000000,-214.000000,1104.000000,-177.000000,11.000000,-105.000000
1279,1743679411708204,178.000000,-130.000000,135.000000,178.000000,128.000000,360.000000,178.001007,-130.001999,135.005005,178.001007,127.998001,360.001007,-60.000000,-221.000000,1096.000000,-177.000000,22.000000,-111.000000
1279,1743679411712565,178.000000,-130.000000,135.000000,178.000000,128.000000,360.000000,178.003006,-130.001007,135.001999,178.003006,127.998001,359.998993,-60.000000,-218.000000,1097.000000,-178.000000,24.000000,-112.000000
1279,1743679411718032,178.000000,-130.000000,135.000000,178.000000,128.000000,360.000000,178.001007,-130.001999,135.001007,178.003006,127.998001,359.998993,-59.000000,-223.000000,1064.000000,-182.000000,12.000000,-109.000000
1279,1743679411722438,178.000000,-130.000000,135.000000,178.000000,128.000000,360.000000,178.001007,-130.001999,135.001007,178.003006,127.998001,359.998993,-59.000000,-223.000000,1064.000000,-182.000000,12.000000,-109.000000
1279,1743679411727955,178.000000,-130.000000,135.000000,178.000000,128.000000,360.000000,178.001007,-130.001999,135.001999,178.001007,127.998001,360.001007,-56.000000,-219.000000,1085.000000,-173.000000,10.000000,-109.000000
1279,1743679411732341,178.000000,-130.000000,135.000000,178.000000,128.000000,360.000000,178.000000,-130.001007,135.001007,178.001007,127.998001,359.998993,-65.000000,-221.000000,1082.000000,-175.000000,16.000000,-113.000000
1279,1743679411737679,178.000000,-130.000000,135.000000,178.000000,128.000000,360.000000,178.000000,-130.001999,135.001007,178.001007,127.998001,360.001007,-61.000000,-220.000000,1091.000000,-178.000000,8.000000,-118.000000
1279,1743679411743016,178.000000,-130.000000,135.000000,178.000000,128.000000,360.000000,178.001007,-130.001007,135.001999,178.003006,127.998001,359.998993,-64.000000,-221.000000,1086.000000,-179.000000,13.000000,-111.000000
1279,1743679411747453,178.000000,-130.000000,135.000000,178.000000,128.000000,360.000000,178.001007,-130.001007,135.005005,178.003006,127.998001,360.001007,-62.000000,-222.000000,1109.000000,-179.000000,15.000000,-106.000000
1279,1743679411752947,178.000000,-130.000000,135.000000,178.000000,128.000000,360.000000,178.000000,-130.001007,135.001999,178.003006,127.997002,359.998993,-62.000000,-221.000000,1056.000000,-174.000000,16.000000,-118.000000
1279,1743679411757371,178.000000,-130.000000,135.000000,178.000000,128.000000,360.000000,178.000000,-130.001999,135.001999,178.001007,127.998001,360.001007,-69.000000,-221.000000,1053.000000,-178.000000,16.000000,-102.000000
1279,1743679411762879,178.000000,-130.000000,135.000000,178.000000,128.000000,360.000000,178.001007,-130.001007,135.001007,178.001007,127.998001,360.002014,-60.000000,-219.000000,1067.000000,-176.000000,10.000000,-120.000000
1279,1743679411767251,178.000000,-130.000000,135.000000,178.000000,128.000000,360.000000,178.000000,-130.001999,135.001999,178.001007,127.998001,359.998993,-68.000000,-216.000000,1072.000000,-176.000000,14.000000,-135.000000
1279,1743679411772726,178.000000,-130.000000,135.000000,178.000000,128.000000,360.000000,178.003006,-129.998993,135.001999,178.003006,127.998001,359.998993,-64.000000,-219.000000,1070.000000,-176.000000,14.000000,-123.000000
1279,1743679411778245,178.000000,-130.000000,135.000000,178.000000,128.000000,360.000000,178.001007,-130.001007,135.001999,178.001007,127.998001,359.998993,-61.000000,-210.000000,1060.000000,-182.000000,18.000000,-110.000000
1279,1743679411782640,178.000000,-130.000000,135.000000,178.000000,128.000000,360.000000,178.003006,-129.998993,135.001999,178.003006,127.997002,360.001007,-63.000000,-214.000000,1029.000000,-173.000000,14.000000,-113.000000
1279,1743679411788158,178.000000,-130.000000,135.000000,178.000000,128.000000,360.000000,178.003006,-130.001007,135.001007,178.001007,127.997002,360.001007,-55.000000,-220.000000,1053.000000,-175.000000,15.000000,-128.000000
1279,1743679411792551,178.000000,-130.000000,135.000000,178.000000,128.000000,360.000000,178.003006,-129.998993,135.001999,178.001007,127.998001,359.998993,-57.000000,-216.000000,1044.000000,-179.000000,20.000000,-121.000000
1279,1743679411798086,178.000000,-130.000000,135.000000,178.000000,128.000000,360.000000,178.001007,-130.001007,135.001999,178.003006,127.998001,360.001007,-56.000000,-215.000000,1043.000000,-174.000000,17.000000,-131.000000
1279,1743679411802454,178.000000,-130.000000,135.000000,178.000000,128.000000,360.000000,178.000000,-130.001007,135.005005,178.003006,127.998001,359.998993,-61.000000,-216.000000,1067.000000,-175.000000,12.000000,-118.000000
1279,1743679411807897,178.000000,-130.000000,135.000000,178.000000,128.000000,360.000000,178.001007,-129.998993,135.001999,178.003006,127.998001,359.998993,-63.000000,-216.000000,1036.000000,-174.000000,9.000000,-117.000000
1279,1743679411812258,178.000000,-130.000000,135.000000,178.000000,128.000000,360.000000,178.001007,-130.001007,135.001999,178.003006,127.998001,359.998993,-57.000000,-217.000000,1022.000000,-177.000000,24.000000,-120.000000
1279,1743679411817757,178.000000,-130.000000,135.000000,178.000000,128.000000,360.000000,178.001007,-130.001007,135.001999,178.003006,127.998001,359.998993,-55.000000,-216.000000,1025.000000,-177.000000,20.000000,-111.000000
1279,1743679411823294,178.000000,-130.000000,135.000000,178.000000,128.000000,360.000000,178.000000,-130.001007,135.005005,178.001007,127.998001,360.001007,-58.000000,-217.000000,1038.000000,-171.000000,17.000000,-115.000000
1279,1743679411827625,178.000000,-130.000000,135.000000,178.000000,128.000000,360.000000,178.003006,-130.001007,135.001999,178.003006,127.998001,359.998993,-57.000000,-216.000000,1010.000000,-177.000000,16.000000,-124.000000
1279,1743679411833147,178.000000,-130.000000,135.000000,178.000000,128.000000,360.000000,178.001007,-130.001007,135.005005,178.003006,128.000000,359.998993,-58.000000,-214.000000,1018.000000,-174.000000,14.000000,-104.000000
1279,1743679411837540,178.000000,-130.000000,135.000000,178.000000,128.000000,360.000000,178.001007,-130.001007,135.001999,178.001007,128.000000,360.001007,-57.000000,-218.000000,1012.000000,-179.000000,23.000000,-128.000000
1279,1743679411843048,178.000000,-130.000000,135.000000,178.000000,128.000000,360.000000,178.000000,-130.001007,135.001999,178.003006,127.998001,359.998993,-55.000000,-217.000000,1021.000000,-177.000000,20.000000,-118.000000
1279,1743679411847519,178.000000,-130.000000,135.000000,178.000000,128.000000,360.000000,178.001007,-129.998993,135.001999,178.003006,127.998001,360.001007,-56.000000,-220.000000,980.000000,-178.000000,16.000000,-126.000000
1279,1743679411853057,178.000000,-130.000000,135.000000,178.000000,128.000000,360.000000,178.001007,-130.001007,135.005005,178.003006,127.997002,359.998993,-63.000000,-218.000000,995.000000,-176.000000,21.000000,-126.000000
1279,1743679411857474,178.000000,-130.000000,135.000000,178.000000,128.000000,360.000000,178.001007,-130.001007,135.001999,178.001007,127.998001,360.001007,-62.000000,-218.000000,996.000000,-177.000000,21.000000,-121.000000
1279,1743679411862947,178.000000,-130.000000,135.000000,178.000000,128.000000,360.000000,178.000000,-130.001007,135.001999,178.001007,127.998001,360.001007,-62.000000,-214.000000,966.000000,-173.000000,16.000000,-114.000000
1279,1743679411867324,178.000000,-130.000000,135.000000,178.000000,128.000000,360.000000,178.001007,-130.001999,135.001999,178.003006,127.998001,359.998993,-65.000000,-214.000000,990.000000,-176.000000,20.000000,-116.000000
1279,1743679411872857,178.000000,-130.000000,135.000000,178.000000,128.000000,360.000000,178.003006,-130.001007,135.001999,178.003006,128.000000,360.001007,-55.000000,-213.000000,980.000000,-178.000000,17.000000,-117.000000
1279,1743679411877293,178.000000,-130.000000,135.000000,178.000000,128.000000,360.000000,178.001007,-130.001007,135.001999,178.001007,127.998001,360.001007,-47.000000,-220.000000,964.000000,-178.000000,25.000000,-126.000000
1279,1743679411882805,178.000000,-130.000000,135.000000,178.000000,128.000000,360.000000,178.001007,-130.001007,135.005005,178.003006,127.998001,359.998993,-49.000000,-220.000000,963.000000,-176.000000,18.000000,-122.000000
1279,1743679411887198,178.000000,-130.000000,135.000000,178.000000,128.000000,360.000000,178.001007,-129.998993,135.001999,178.001007,127.998001,360.001007,-46.000000,-229.000000,976.000000,-178.000000,18.000000,-116.000000
1279,1743679411892622,178.000000,-130.000000,135.000000,178.000000,128.000000,360.000000,178.003006,-129.998993,135.001999,178.001007,127.997002,360.001007,-48.000000,-230.000000,950.000000,-177.000000,28.000000,-114.000000
1279,1743679411898086,178.000000,-130.000000,135.000000,178.000000,128.000000,360.000000,178.001007,-129.998993,135.001999,178.001007,127.998001,360.001007,-60.000000,-229.000000,959.000000,-177.000000,18.000000,-115.000000
1279,1743679411902520,178.000000,-130.000000,135.000000,178.000000,128.000000,360.000000,178.001007,-129.998993,135.001999,178.003006,127.998001,360.001007,-51.000000,-230.000000,954.000000,-177.000000,20.000000,-109.000000
1279,1743679411908025,178.000000,-130.000000,135.000000,178.000000,128.000000,360.000000,178.001007,-129.998993,135.001999,178.003006,127.998001,360.001007,-51.000000,-230.000000,954.000000,-177.000000,20.000000,-109.000000
1279,1743679411912395,178.000000,-130.000000,135.000000,178.000000,128.000000,360.000000,178.001007,-129.998001,135.005005,178.003006,127.998001,359.998993,-56.000000,-230.000000,929.000000,-178.000000,19.000000,-116.000000
1279,1743679411917827,178.000000,-130.000000,135.000000,178.000000,128.000000,360.000000,178.001007,-129.998993,135.001999,178.003006,128.000000,359.998993,-53.000000,-231.000000,920.000000,-182.000000,17.000000,-118.000000
1279,1743679411923316,178.000000,-130.000000,135.000000,178.000000,128.000000,360.000000,178.001007,-129.998993,135.001999,178.003006,128.000000,359.998993,-53.000000,-231.000000,920.000000,-182.000000,17.000000,-118.000000
1279,1743679411927655,178.000000,-130.000000,135.000000,178.000000,128.000000,360.000000,178.001007,-129.998993,135.005005,178.003006,127.998001,359.998993,-54.000000,-224.000000,909.000000,-179.000000,24.000000,-106.000000
1279,1743679411933160,178.000000,-130.000000,135.000000,178.000000,128.000000,360.000000,178.001007,-129.998993,135.001999,178.001007,127.998001,360.001007,-54.000000,-236.000000,889.000000,-182.000000,23.000000,-119.000000
1279,1743679411937561,178.000000,-130.000000,135.000000,178.000000,128.000000,360.000000,178.001007,-129.998993,135.001999,178.003006,127.998001,359.998993,-53.000000,-229.000000,915.000000,-177.000000,23.000000,-121.000000
1279,1743679411943024,178.000000,-130.000000,135.000000,178.000000,128.000000,360.000000,178.001007,-129.998001,135.005005,178.003006,127.997002,359.998993,-50.000000,-229.000000,887.000000,-180.000000,28.000000,-119.000000
1279,1743679411947429,178.000000,-130.000000,135.000000,178.000000,128.000000,360.000000,178.000000,-129.998993,135.001007,178.001007,127.998001,359.998993,-55.000000,-230.000000,902.000000,-180.000000,29.000000,-128.000000
1279,1743679411952899,178.000000,-130.000000,135.000000,178.000000,128.000000,360.000000,178.000000,-129.998001,135.001999,178.003006,127.998001,360.001007,-54.000000,-230.000000,898.000000,-180.000000,21.000000,-131.000000
1279,1743679411957289,178.000000,-130.000000,135.000000,178.000000,128.000000,360.000000,178.001007,-129.998001,135.001999,178.003006,127.998001,360.001007,-50.000000,-228.000000,895.000000,-178.000000,18.000000,-118.000000
1279,1743679411962846,178.000000,-130.000000,135.000000,178.000000,128.000000,360.000000,178.003006,-129.998001,135.001999,178.001007,127.998001,360.001007,-52.000000,-225.000000,894.000000,-181.000000,20.000000,-117.000000
1279,1743679411967339,178.000000,-130.000000,135.000000,178.000000,128.000000,360.000000,178.001007,-129.998993,135.001007,178.001007,127.998001,359.997986,-51.000000,-225.000000,894.000000,-183.000000,28.000000,-108.000000
1279,1743679411972809,178.000000,-130.000000,135.000000,178.000000,128.000000,360.000000,178.000000,-129.998001,135.001999,178.003006,127.998001,359.997986,-52.000000,-225.000000,878.000000,-176.000000,18.000000,-114.000000
1279,1743679411977239,178.000000,-130.000000,135.000000,178.000000,128.000000,360.000000,178.003006,-129.998993,135.001007,178.003006,127.998001,359.997986,-38.000000,-223.000000,895.000000,-178.000000,19.000000,-106.000000
1279,1743679411982819,178.000000,-130.000000,135.000000,178.000000,128.000000,360.000000,178.001007,-129.998993,135.001999,178.003006,127.997002,360.001007,-39.000000,-221.000000,878.000000,-179.000000,21.000000,-113.000000
1279,1743679411988370,178.000000,-130.000000,135.000000,178.000000,128.000000,360.000000,178.001007,-129.998993,135.001007,178.003006,128.000000,359.998993,-34.000000,-226.000000,879.000000,-182.000000,15.000000,-116.000000
1279,1743679411992759,178.000000,-130.000000,135.000000,178.000000,128.000000,360.000000,178.001007,-129.998993,135.001007,178.001007,127.997002,360.002014,-35.000000,-217.000000,851.000000,-178.000000,23.000000,-114.000000
1279,1743679411998309,178.000000,-130.000000,135.000000,178.000000,128.000000,360.000000,178.001007,-129.998993,135.001999,178.003006,127.997002,360.001007,-38.000000,-226.000000,865.000000,-181.000000,12.000000,-124.000000
1279,1743679412002719,178.000000,-130.000000,135.000000,178.000000,128.000000,360.000000,178.000000,-129.998001,135.005005,178.003006,127.998001,360.001007,-37.000000,-224.000000,839.000000,-179.000000,18.000000,-115.000000
1279,1743679412008211,178.000000,-130.000000,135.000000,178.000000,128.000000,360.000000,178.001007,-129.998001,135.001007,178.003006,127.998001,359.998993,-35.000000,-223.000000,857.000000,-179.000000,14.000000,-119.000000
1279,1743679412012693,178.000000,-130.000000,135.000000,178.000000,128.000000,360.000000,178.001007,-129.998001,135.001999,178.003006,127.998001,360.001007,-44.000000,-227.000000,844.000000,-181.000000,18.000000,-123.000000
1279,1743679412018222,178.000000,-130.000000,135.000000,178.000000,128.000000,360.000000,178.003006,-129.998993,135.001999,178.001007,127.997002,359.998993,-42.000000,-218.000000,853.000000,-174.000000,28.000000,-117.000000
1279,1743679412022595,178.000000,-130.000000,135.000000,178.000000,128.000000,360.000000,178.001007,-129.998001,135.001999,178.003006,127.998001,359.997986,-31.000000,-223.000000,863.000000,-177.000000,14.000000,-113.000000
1279,1743679412028046,178.000000,-130.000000,135.000000,178.000000,128.000000,360.000000,178.000000,-129.998001,135.001999,178.001007,127.998001,359.998993,-44.000000,-222.000000,840.000000,-179.000000,22.000000,-122.000000
1279,1743679412032482,178.000000,-130.000000,135.000000,178.000000,128.000000,360.000000,178.001007,-129.998993,135.001999,178.001007,127.998001,359.998993,-52.000000,-223.000000,856.000000,-177.000000,21.000000,-105.000000
1279,1743679412038011,178.000000,-130.000000,135.000000,178.000000,128.000000,360.000000,178.000000,-129.998993,135.001007,178.001007,128.000000,360.001007,-45.000000,-222.000000,854.000000,-175.000000,23.000000,-136.000000
1279,1743679412042379,178.000000,-130.000000,135.000000,178.000000,128.000000,360.000000,178.001007,-129.998001,135.001999,178.001007,127.998001,359.998993,-43.000000,-224.000000,832.000000,-178.000000,23.000000,-109.000000
1279,1743679412047890,178.000000,-130.000000,135.000000,178.000000,128.000000,360.000000,178.000000,-129.998993,135.001007,178.003006,127.998001,359.998993,-33.000000,-225.000000,830.000000,-183.000000,22.000000,-122.000000
1279,1743679412052208,178.000000,-130.000000,135.000000,178.000000,128.000000,360.000000,178.000000,-129.998001,135.001999,178.001007,127.998001,360.001007,-37.000000,-223.000000,841.000000,-178.000000,25.000000,-117.000000
1279,1743679412057819,178.000000,-130.000000,135.000000,178.000000,128.000000,360.000000,178.001007,-129.998993,135.001999,178.001007,127.998001,359.998993,-40.000000,-223.000000,847.000000,-176.000000,15.000000,-133.000000
1279,1743679412063343,178.000000,-130.000000,135.000000,178.000000,128.000000,360.000000,178.000000,-129.998001,135.005005,178.003006,127.997002,360.001007,-32.000000,-223.000000,828.000000,-175.000000,16.000000,-110.000000
1279,1743679412067708,178.000000,-130.000000,135.000000,178.000000,128.000000,360.000000,178.001007,-129.998993,135.001999,178.003006,127.998001,360.001007,-39.000000,-224.000000,840.000000,-178.000000,23.000000,-132.000000
1279,1743679412073210,178.000000,-130.000000,135.000000,178.000000,128.000000,360.000000,178.001007,-129.998993,135.001999,178.001007,128.000000,359.998993,-41.000000,-221.000000,835.000000,-176.000000,20.000000,-118.000000
1279,1743679412077661,178.000000,-130.000000,135.000000,178.000000,128.000000,360.000000,178.001007,-129.998001,135.001007,178.001007,127.998001,360.001007,-40.000000,-225.000000,833.000000,-178.000000,21.000000,-118.000000
1279,1743679412083154,178.000000,-130.000000,135.000000,178.000000,128.000000,360.000000,178.001007,-129.998001,135.001007,178.003006,127.998001,359.998993,-40.000000,-227.000000,835.000000,-178.000000,18.000000,-128.000000
1279,1743679412087568,178.000000,-130.000000,135.000000,178.000000,128.000000,360.000000,178.001007,-129.998993,135.005005,178.001007,127.998001,359.998993,-40.000000,-227.000000,837.000000,-178.000000,15.000000,-123.000000
1279,1743679412093105,178.000000,-130.000000,135.000000,178.000000,128.000000,360.000000,178.001007,-129.998993,135.001999,178.003006,128.000000,359.998993,-47.000000,-224.000000,808.000000,-177.000000,17.000000,-113.000000
1279,1743679412097526,178.000000,-130.000000,135.000000,178.000000,128.000000,360.000000,178.001007,-129.998993,135.001999,178.003006,127.998001,360.001007,-36.000000,-229.000000,831.000000,-182.000000,11.000000,-118.000000
1279,1743679412103015,178.000000,-130.000000,135.000000,178.000000,128.000000,360.000000,178.001007,-129.998993,135.001999,178.001007,128.000000,360.001007,-28.000000,-237.000000,827.000000,-175.000000,20.000000,-125.000000
1279,1743679412107379,178.000000,-130.000000,135.000000,178.000000,128.000000,360.000000,178.001007,-129.998993,135.001999,178.001007,128.000000,360.001007,-28.000000,-237.000000,827.000000,-175.000000,20.000000,-125.000000
1279,1743679412112848,178.000000,-130.000000,135.000000,178.000000,128.000000,360.000000,178.003006,-129.998993,135.001007,178.001007,127.998001,359.998993,-45.000000,-231.000000,826.000000,-176.000000,23.000000,-121.000000
1279,1743679412117345,178.000000,-130.000000,135.000000,178.000000,128.000000,360.000000,178.001007,-129.998993,135.001007,178.001007,127.998001,359.998993,-43.000000,-224.000000,827.000000,-177.000000,14.000000,-113.000000
1279,1743679412122857,178.000000,-130.000000,135.000000,178.000000,128.000000,360.000000,178.001007,-129.998993,135.001007,178.001007,127.998001,359.998993,-43.000000,-224.000000,827.000000,-177.000000,14.000000,-113.000000
1279,1743679412127303,178.000000,-130.000000,135.000000,178.000000,128.000000,360.000000,178.001007,-129.998001,135.001999,178.003006,127.998001,360.001007,-44.000000,-227.000000,834.000000,-183.000000,22.000000,-126.000000
1279,1743679412132784,178.000000,-130.000000,135.000000,178.000000,128.000000,360.000000,178.001007,-129.998001,135.001999,178.003006,127.998001,360.001007,-44.000000,-227.000000,834.000000,-183.000000,22.000000,-126.000000
1279,1743679412137208,178.000000,-130.000000,135.000000,178.000000,128.000000,360.000000,178.001007,-129.998001,135.001999,178.001007,127.997002,360.001007,-47.000000,-232.000000,819.000000,-181.000000,17.000000,-121.000000
1279,1743679412142720,178.000000,-130.000000,135.000000,178.000000,128.000000,360.000000,178.001007,-129.998993,135.001999,178.001007,127.998001,359.998993,-43.000000,-233.000000,823.000000,-178.000000,16.000000,-130.000000
