point_index,timestamp_us,plan_pos_0,plan_pos_1,plan_pos_2,plan_pos_3,plan_pos_4,plan_pos_5,actual_pos_0,actual_pos_1,actual_pos_2,actual_pos_3,actual_pos_4,actual_pos_5,current_0,current_1,current_2,current_3,current_4,current_5,canfd_call_timestamp_us
1,1744086627469957,0.049471,-0.036138,0.037527,0.049471,0.035582,0.100027,0.109000,-0.024000,0.046000,0.060000,0.057000,0.157000,-182.000000,-902.000000,-2230.000000,-179.000000,-415.000000,-93.000000,1744086627469092
3,1744086627474443,0.049658,-0.036324,0.037713,0.049658,0.035769,0.100213,0.107000,-0.024000,0.046000,0.059000,0.057000,0.157000,-200.000000,-928.000000,-2233.000000,-179.000000,-431.000000,-102.000000,1744086627473441
6,1744086627480020,0.050588,-0.037254,0.038643,0.050588,0.036699,0.101143,0.108000,-0.024000,0.046000,0.059000,0.057000,0.157000,-190.000000,-945.000000,-2253.000000,-181.000000,-408.000000,-106.000000,1744086627480002
8,1744086627484510,0.051874,-0.038541,0.039930,0.051874,0.037986,0.102430,0.108000,-0.023000,0.045000,0.059000,0.054000,0.157000,-174.000000,-964.000000,-2227.000000,-195.000000,-397.000000,-104.000000,1744086627484323
10,1744086627490020,0.053881,-0.040548,0.041937,0.053881,0.039992,0.104437,0.105000,-0.023000,0.044000,0.057000,0.056000,0.156000,-181.000000,-991.000000,-2232.000000,-189.000000,-408.000000,-91.000000,1744086627488662
12,1744086627494475,0.056768,-0.043434,0.044823,0.056768,0.042879,0.107323,0.107000,-0.023000,0.044000,0.056000,0.053000,0.156000,-177.000000,-994.000000,-2222.000000,-194.000000,-389.000000,-83.000000,1744086627493017
15,1744086627500168,0.063098,-0.049764,0.051153,0.063098,0.049209,0.113653,0.105000,-0.024000,0.044000,0.054000,0.053000,0.156000,-192.000000,-1022.000000,-2253.000000,-178.000000,-408.000000,-92.000000,1744086627499569
17,1744086627504672,0.068884,-0.055551,0.056940,0.068884,0.054996,0.119440,0.104000,-0.023000,0.044000,0.053000,0.052000,0.155000,-178.000000,-1041.000000,-2283.000000,-181.000000,-398.000000,-102.000000,1744086627503935
19,1744086627510239,0.076111,-0.062778,0.064167,0.076111,0.062222,0.126667,0.105000,-0.022000,0.042000,0.052000,0.050000,0.155000,-204.000000,-1060.000000,-2271.000000,-152.000000,-401.000000,-118.000000,1744086627508231
22,1744086627514756,0.090001,-0.076668,0.078057,0.090001,0.076112,0.140557,0.104000,-0.022000,0.042000,0.052000,0.049000,0.155000,-198.000000,-1075.000000,-2287.000000,-172.000000,-407.000000,-108.000000,1744086627514717
24,1744086627520319,0.101528,-0.088194,0.089583,0.101528,0.087639,0.152083,0.103000,-0.023000,0.041000,0.052000,0.048000,0.155000,-205.000000,-1100.000000,-2309.000000,-164.000000,-403.000000,-119.000000,1744086627519070
26,1744086627524822,0.115054,-0.101721,0.103110,0.115054,0.101166,0.165610,0.103000,-0.024000,0.041000,0.052000,0.048000,0.155000,-209.000000,-1115.000000,-2294.000000,-166.000000,-374.000000,-100.000000,1744086627523439
29,1744086627530412,0.139444,-0.126111,0.127500,0.139444,0.125556,0.190000,0.101000,-0.026000,0.039000,0.053000,0.048000,0.153000,-110.000000,-1225.000000,-2129.000000,-111.000000,-348.000000,-75.000000,1744086627529995
31,1744086627534889,0.158671,-0.145338,0.146727,0.158671,0.144782,0.209227,0.101000,-0.024000,0.039000,0.053000,0.048000,0.153000,-64.000000,-1351.000000,-1954.000000,-97.000000,-271.000000,-40.000000,1744086627534366
33,1744086627540469,0.180458,-0.167124,0.168513,0.180458,0.166569,0.231013,0.103000,-0.024000,0.039000,0.053000,0.048000,0.153000,-73.000000,-1433.000000,-1894.000000,-61.000000,-254.000000,-10.000000,1744086627538704
35,1744086627544996,0.204964,-0.191631,0.193020,0.204964,0.191076,0.255520,0.103000,-0.024000,0.041000,0.053000,0.048000,0.152000,16.000000,-1527.000000,-1800.000000,-51.000000,-237.000000,-7.000000,1744086627543020
38,1744086627549496,0.247174,-0.233841,0.235230,0.247174,0.233286,0.297730,0.103000,-0.024000,0.039000,0.054000,0.046000,0.153000,23.000000,-1555.000000,-1754.000000,-43.000000,-210.000000,4.000000,1744086627549466
41,1744086627557216,0.296404,-0.283071,0.284460,0.296404,0.282516,0.346960,0.104000,-0.024000,0.039000,0.056000,0.048000,0.155000,28.000000,-1635.000000,-1672.000000,-57.000000,-194.000000,0.000000,1744086627556010
43,1744086627560581,0.333391,-0.320058,0.321447,0.333391,0.319502,0.383947,0.104000,-0.024000,0.039000,0.056000,0.048000,0.155000,28.000000,-1635.000000,-1672.000000,-57.000000,-194.000000,0.000000,1744086627560329
45,1744086627566052,0.373898,-0.360564,0.361953,0.373898,0.360009,0.424453,0.112000,-0.023000,0.039000,0.063000,0.048000,0.159000,251.000000,-1963.000000,-1243.000000,17.000000,-95.000000,109.000000,1744086627564673
47,1744086627570469,0.418084,-0.404751,0.406140,0.418084,0.404196,0.468640,0.119000,-0.024000,0.041000,0.071000,0.049000,0.164000,234.000000,-2136.000000,-979.000000,26.000000,0.000000,112.000000,1744086627568999
50,1744086627576081,0.491614,-0.478281,0.479670,0.491614,0.477726,0.542170,0.127000,-0.027000,0.042000,0.078000,0.050000,0.166000,91.000000,-2188.000000,-793.000000,16.000000,24.000000,153.000000,1744086627575496
52,1744086627580606,0.545701,-0.532368,0.533757,0.545701,0.531812,0.596257,0.133000,-0.028000,0.042000,0.083000,0.053000,0.173000,124.000000,-2215.000000,-662.000000,12.000000,35.000000,157.000000,1744086627579851
54,1744086627586175,0.604028,-0.590694,0.592083,0.604028,0.590139,0.654583,0.145000,-0.034000,0.044000,0.092000,0.057000,0.178000,131.000000,-2274.000000,-571.000000,49.000000,48.000000,185.000000,1744086627584158
57,1744086627590678,0.699818,-0.686484,0.687873,0.699818,0.685929,0.750373,0.155000,-0.039000,0.045000,0.098000,0.061000,0.182000,68.000000,-2315.000000,-506.000000,42.000000,31.000000,146.000000,1744086627590631
59,1744086627596228,0.769444,-0.756111,0.757500,0.769444,0.755556,0.820000,0.160000,-0.045000,0.048000,0.104000,0.065000,0.185000,274.000000,-2450.000000,-309.000000,156.000000,147.000000,221.000000,1744086627594960
61,1744086627600640,0.843871,-0.830538,0.831927,0.843871,0.829982,0.894427,0.167000,-0.054000,0.055000,0.114000,0.078000,0.190000,457.000000,-2678.000000,-138.000000,181.000000,152.000000,261.000000,1744086627599275
64,1744086627606118,0.964861,-0.951528,0.952917,0.964861,0.950972,1.015420,0.193000,-0.078000,0.078000,0.138000,0.092000,0.190000,346.000000,-2631.000000,-344.000000,159.000000,126.000000,190.000000,1744086627605792
67,1744086627612682,1.097550,-1.084220,1.085610,1.097550,1.083660,1.148110,0.193000,-0.078000,0.078000,0.138000,0.092000,0.190000,346.000000,-2631.000000,-344.000000,159.000000,126.000000,190.000000,1744086627612289
69,1744086627617145,1.192780,-1.179440,1.180830,1.192780,1.178890,1.243330,0.215000,-0.100000,0.103000,0.152000,0.114000,0.190000,-21.000000,-2513.000000,-590.000000,174.000000,-81.000000,123.000000,1744086627616606
71,1744086627621627,1.293600,-1.280270,1.281660,1.293600,1.279720,1.344160,0.247000,-0.141000,0.144000,0.190000,0.148000,0.199000,297.000000,-2566.000000,-680.000000,180.000000,-85.000000,38.000000,1744086627620944
73,1744086627627213,1.400190,-1.386860,1.388250,1.400190,1.386300,1.450750,0.265000,-0.159000,0.163000,0.208000,0.174000,0.222000,278.000000,-2574.000000,-620.000000,227.000000,-45.000000,13.000000,1744086627625279
75,1744086627631708,1.512700,-1.499360,1.500750,1.512700,1.498810,1.563250,0.265000,-0.159000,0.163000,0.208000,0.174000,0.222000,278.000000,-2574.000000,-620.000000,227.000000,-45.000000,13.000000,1744086627629571
79,1744086627638373,1.756110,-1.742320,1.744060,1.756110,1.741520,1.806670,0.287000,-0.184000,0.196000,0.233000,0.189000,0.241000,623.000000,-3027.000000,-460.000000,386.000000,90.000000,104.000000,1744086627638336
81,1744086627642779,1.887340,-1.872490,1.874770,1.887340,1.871420,1.937890,0.306000,-0.208000,0.223000,0.255000,0.223000,0.276000,804.000000,-2977.000000,-242.000000,456.000000,236.000000,295.000000,1744086627642656
83,1744086627648266,2.025120,-2.008250,2.011310,2.025120,2.006810,2.075680,0.372000,-0.273000,0.302000,0.320000,0.291000,0.337000,196.000000,-2627.000000,-828.000000,131.000000,195.000000,328.000000,1744086627646983
85,1744086627652695,2.169630,-2.149430,2.153530,2.169630,2.147520,2.220190,0.413000,-0.310000,0.339000,0.368000,0.322000,0.374000,143.000000,-2788.000000,-691.000000,138.000000,52.000000,382.000000,1744086627651323
88,1744086627658251,2.399340,-2.371030,2.377140,2.399340,2.368220,2.449900,0.413000,-0.310000,0.339000,0.368000,0.322000,0.374000,143.000000,-2788.000000,-691.000000,138.000000,52.000000,382.000000,1744086627657860
91,1744086627664940,2.645010,-2.603930,2.612610,2.645010,2.599990,2.695630,0.435000,-0.337000,0.365000,0.396000,0.354000,0.410000,-48.000000,-2817.000000,-582.000000,-4.000000,80.000000,189.000000,1744086627664324
93,1744086627669439,2.817610,-2.765210,2.775920,2.817610,2.760400,2.868610,0.479000,-0.388000,0.409000,0.453000,0.379000,0.432000,280.000000,-2642.000000,-417.000000,-37.000000,35.000000,215.000000,1744086627668672
95,1744086627675062,2.997080,-2.931120,2.944100,2.997080,2.925330,3.049120,0.543000,-0.483000,0.494000,0.546000,0.469000,0.561000,993.000000,-3304.000000,2.000000,238.000000,351.000000,362.000000,1744086627673003
98,1744086627679572,3.278820,-3.188300,3.205160,3.278820,3.180850,3.334330,0.598000,-0.553000,0.572000,0.608000,0.520000,0.611000,452.000000,-2781.000000,-632.000000,143.000000,205.000000,290.000000,1744086627679471
100,1744086627685052,3.474770,-3.365060,3.384820,3.474770,3.356390,3.534330,0.639000,-0.596000,0.619000,0.645000,0.591000,0.689000,377.000000,-2443.000000,-690.000000,327.000000,-22.000000,208.000000,1744086627683810
103,1744086627690481,3.780480,-3.637780,3.662360,3.780480,3.627090,3.849330,0.712000,-0.671000,0.701000,0.705000,0.638000,0.744000,140.000000,-2485.000000,-759.000000,395.000000,65.000000,149.000000,1744086627690348
105,1744086627694856,3.991900,-3.824410,3.852500,3.991900,3.812240,4.069330,0.712000,-0.671000,0.701000,0.705000,0.638000,0.744000,140.000000,-2485.000000,-759.000000,395.000000,65.000000,149.000000,1744086627694707
107,1744086627700275,4.209240,-4.014700,4.046560,4.209240,4.000950,4.297330,0.822000,-0.791000,0.821000,0.824000,0.747000,0.852000,962.000000,-3141.000000,317.000000,340.000000,423.000000,708.000000,1744086627699062
109,1744086627704617,4.432330,-4.208500,4.244370,4.432330,4.193070,4.533330,0.822000,-0.791000,0.821000,0.824000,0.747000,0.852000,962.000000,-3141.000000,317.000000,340.000000,423.000000,708.000000,1744086627703401
112,1744086627710070,4.777390,-4.505410,4.547770,4.777390,4.487280,4.902330,0.975000,-0.924000,0.971000,0.972000,0.933000,1.018000,281.000000,-2905.000000,-324.000000,50.000000,131.000000,190.000000,1744086627709919
115,1744086627716585,5.134500,-4.809310,4.858720,5.134500,4.788250,5.289330,0.975000,-0.924000,0.971000,0.972000,0.933000,1.018000,281.000000,-2905.000000,-324.000000,50.000000,131.000000,190.000000,1744086627716408
117,1744086627721994,5.378990,-5.015530,5.069940,5.378990,4.992380,5.557330,1.023000,-1.021000,1.063000,1.058000,1.039000,1.124000,169.000000,-2761.000000,-721.000000,204.000000,-39.000000,257.000000,1744086627720746
120,1744086627727440,5.754960,-5.329870,5.392260,5.754960,5.303410,5.974330,1.152000,-1.192000,1.219000,1.208000,1.211000,1.282000,266.000000,-3154.000000,-769.000000,353.000000,148.000000,311.000000,1744086627727271
122,1744086627731828,6.011530,-5.542550,5.610570,6.011530,5.513750,6.262330,1.248000,-1.284000,1.297000,1.312000,1.304000,1.382000,514.000000,-3185.000000,-42.000000,304.000000,201.000000,583.000000,1744086627731592
124,1744086627737238,6.272650,-5.757520,5.831420,6.272650,5.726300,6.558330,1.355000,-1.399000,1.396000,1.429000,1.417000,1.476000,1554.000000,-3863.000000,439.000000,447.000000,444.000000,677.000000,1744086627735929
127,1744086627742692,6.672510,-6.083970,6.167150,6.672510,6.048910,7.017330,1.451000,-1.485000,1.485000,1.516000,1.499000,1.557000,966.000000,-3497.000000,30.000000,250.000000,359.000000,362.000000,1744086627742391
129,1744086627747207,6.944310,-6.304010,6.393690,6.944310,6.266260,7.333330,1.451000,-1.485000,1.485000,1.516000,1.499000,1.557000,966.000000,-3497.000000,30.000000,250.000000,359.000000,362.000000,1744086627746744
131,1744086627751721,7.220100,-6.525790,6.622220,7.220100,6.485260,7.657330,1.759000,-1.748000,1.729000,1.788000,1.708000,1.755000,255.000000,-2519.000000,-582.000000,127.000000,216.000000,246.000000,1744086627751086
133,1744086627757289,7.499720,-6.749160,6.852580,7.499720,6.705750,7.989330,1.862000,-1.852000,1.830000,1.897000,1.796000,1.838000,279.000000,-2892.000000,-288.000000,-50.000000,124.000000,241.000000,1744086627755418
135,1744086627761758,7.783010,-6.973960,7.084620,7.783010,6.927560,8.329330,1.940000,-1.936000,1.917000,1.984000,1.941000,1.991000,239.000000,-2635.000000,-313.000000,187.000000,239.000000,346.000000,1744086627759705
139,1744086627768381,8.359960,-7.427180,7.553080,8.359960,7.374510,9.033330,1.940000,-1.936000,1.917000,1.984000,1.941000,1.991000,239.000000,-2635.000000,-313.000000,187.000000,239.000000,346.000000,1744086627768312
141,1744086627772781,8.653310,-7.655280,7.789170,8.653310,7.599330,9.397330,2.070000,-2.059000,2.043000,2.127000,2.057000,2.095000,1473.000000,-3420.000000,204.000000,801.000000,458.000000,524.000000,1744086627772665
143,1744086627778325,8.949680,-7.884180,8.026300,8.949680,7.824840,9.769330,2.362000,-2.329000,2.345000,2.447000,2.285000,2.373000,536.000000,-2899.000000,-654.000000,101.000000,211.000000,424.000000,1744086627777008
145,1744086627782801,9.248930,-8.113690,8.264300,9.248930,8.050860,10.149300,2.471000,-2.422000,2.451000,2.561000,2.427000,2.550000,326.000000,-2613.000000,-458.000000,380.000000,88.000000,181.000000,1744086627781366
148,1744086627788388,9.702830,-8.458790,8.622590,9.702830,8.390540,10.734300,2.644000,-2.565000,2.607000,2.724000,2.537000,2.655000,213.000000,-2724.000000,-699.000000,316.000000,9.000000,387.000000,1744086627787916
151,1744086627795104,10.162300,-8.804390,8.981950,10.162300,8.730510,11.337300,2.644000,-2.565000,2.607000,2.724000,2.537000,2.655000,213.000000,-2724.000000,-699.000000,316.000000,9.000000,387.000000,1744086627794408
152,1744086627798470,10.316600,-8.919610,9.101880,10.316600,8.843830,11.542300,2.761000,-2.679000,2.731000,2.838000,2.693000,2.867000,498.000000,-2655.000000,-174.000000,8.000000,165.000000,316.000000,1744086627796551
155,1744086627804094,10.782600,-9.265290,9.461810,10.782600,9.183810,12.169300,3.100000,-2.959000,3.030000,3.154000,2.914000,3.154000,1611.000000,-3787.000000,335.000000,421.000000,327.000000,708.000000,1744086627802998
157,1744086627808494,11.095700,-9.495740,9.701790,11.095700,9.410460,12.597300,3.311000,-3.133000,3.209000,3.313000,3.118000,3.360000,497.000000,-3083.000000,-687.000000,172.000000,149.000000,392.000000,1744086627807363
160,1744086627813980,11.568600,-9.841410,10.061700,11.568600,9.750440,13.254300,3.473000,-3.264000,3.319000,3.453000,3.234000,3.523000,307.000000,-3209.000000,-615.000000,499.000000,-25.000000,439.000000,1744086627813892
163,1744086627820506,12.044900,-10.187100,10.421700,12.044900,10.090400,13.929300,3.674000,-3.419000,3.481000,3.655000,3.398000,3.729000,57.000000,-3060.000000,-542.000000,221.000000,76.000000,92.000000,1744086627820391
165,1744086627824901,12.364100,-10.417500,10.661700,12.364100,10.317100,14.389300,3.674000,-3.419000,3.481000,3.655000,3.398000,3.729000,57.000000,-3060.000000,-542.000000,221.000000,76.000000,92.000000,1744086627824733
167,1744086627830353,12.684400,-10.648000,10.901700,12.684400,10.543700,14.857300,4.004000,-3.705000,3.740000,3.981000,3.679000,4.037000,1106.000000,-3307.000000,143.000000,732.000000,181.000000,498.000000,1744086627829075
169,1744086627834823,13.005600,-10.878400,11.141600,13.005600,10.770400,15.333300,4.148000,-3.831000,3.863000,4.137000,3.842000,4.280000,1305.000000,-3585.000000,645.000000,467.000000,513.000000,669.000000,1744086627833395
172,1744086627840366,13.488800,-11.224100,11.501600,13.488800,11.110300,16.062300,4.367000,-4.025000,4.059000,4.369000,4.036000,4.443000,954.000000,-3054.000000,-255.000000,273.000000,300.000000,550.000000,1744086627839909
175,1744086627847026,13.973300,-11.569800,11.861500,13.973300,11.450300,16.809299,4.589000,-4.210000,4.232000,4.615000,4.159000,4.687000,412.000000,-2840.000000,-438.000000,206.000000,50.000000,412.000000,1744086627846432
176,1744086627850416,14.135000,-11.685000,11.981500,14.135000,11.563700,17.062300,4.589000,-4.210000,4.232000,4.615000,4.159000,4.687000,412.000000,-2840.000000,-438.000000,206.000000,50.000000,412.000000,1744086627848603
179,1744086627855960,14.620300,-12.030700,12.341500,14.620300,11.903600,17.833300,4.927000,-4.476000,4.516000,4.953000,4.452000,5.166000,375.000000,-2705.000000,-295.000000,349.000000,245.000000,397.000000,1744086627855047
181,1744086627860405,14.943900,-12.261100,12.581500,14.943900,12.130300,18.357300,5.170000,-4.645000,4.647000,5.101000,4.562000,5.332000,724.000000,-2706.000000,-375.000000,55.000000,127.000000,489.000000,1744086627859306
184,1744086627865931,15.429300,-12.606800,12.941400,15.429300,12.470300,19.157900,5.340000,-4.773000,4.843000,5.305000,4.777000,5.633000,1262.000000,-3324.000000,291.000000,777.000000,329.000000,863.000000,1744086627865824
187,1744086627872426,15.914700,-12.952500,13.301400,15.914700,12.810200,19.975599,5.533000,-4.942000,5.020000,5.491000,4.897000,5.826000,1426.000000,-3604.000000,267.000000,393.000000,346.000000,661.000000,1744086627872317
189,1744086627876777,16.238300,-13.182900,13.541400,16.238300,13.036900,20.530001,5.533000,-4.942000,5.020000,5.491000,4.897000,5.826000,1426.000000,-3604.000000,267.000000,393.000000,346.000000,661.000000,1744086627876630
191,1744086627882183,16.561899,-13.413400,13.781300,16.561899,13.263500,21.091600,6.028000,-5.340000,5.431000,5.971000,5.299000,6.398000,274.000000,-2716.000000,-810.000000,247.000000,80.000000,411.000000,1744086627880942
193,1744086627886525,16.885500,-13.643800,14.021300,16.885500,13.490200,21.660200,6.185000,-5.465000,5.559000,6.135000,5.419000,6.608000,482.000000,-3193.000000,-494.000000,193.000000,41.000000,361.000000,1744086627885284
196,1744086627891971,17.370899,-13.989500,14.381300,17.370899,13.830200,22.525999,6.421000,-5.668000,5.765000,6.380000,5.649000,6.891000,218.000000,-2760.000000,-553.000000,156.000000,112.000000,369.000000,1744086627891740
199,1744086627898516,17.856300,-14.335200,14.741200,17.856300,14.170100,23.406700,6.569000,-5.791000,5.886000,6.547000,5.769000,7.083000,630.000000,-2990.000000,-126.000000,206.000000,303.000000,792.000000,1744086627898278
201,1744086627902909,18.179899,-14.565600,14.981200,18.179899,14.396800,24.001801,6.569000,-5.791000,5.886000,6.547000,5.769000,7.083000,630.000000,-2990.000000,-126.000000,206.000000,303.000000,792.000000,1744086627902597
203,1744086627908468,18.503500,-14.796100,15.221200,18.503500,14.623400,24.603300,7.102000,-6.163000,6.287000,7.120000,6.119000,7.638000,967.000000,-3026.000000,14.000000,205.000000,271.000000,671.000000,1744086627906895
205,1744086627912952,18.827101,-15.026500,15.461200,18.827101,14.850100,25.210699,7.292000,-6.299000,6.435000,7.273000,6.329000,7.955000,375.000000,-2524.000000,-224.000000,425.000000,167.000000,537.000000,1744086627911198
207,1744086627917397,19.150700,-15.257000,15.701100,19.150700,15.076800,25.824200,7.557000,-6.505000,6.648000,7.522000,6.523000,8.279000,366.000000,-2498.000000,-342.000000,85.000000,171.000000,133.000000,1744086627915534
211,1744086627925187,19.797800,-15.717900,16.181101,19.797800,15.530100,27.068100,7.803000,-6.648000,6.796000,7.695000,6.633000,8.499000,656.000000,-2807.000000,-342.000000,564.000000,300.000000,659.000000,1744086627924120
213,1744086627928595,20.121401,-15.948300,16.421000,20.121401,15.756700,27.698299,7.992000,-6.892000,7.046000,7.995000,6.792000,8.805000,1101.000000,-3477.000000,39.000000,431.000000,446.000000,799.000000,1744086627928445
215,1744086627934070,20.445000,-16.178801,16.660999,20.445000,15.983400,28.333799,8.153000,-7.034000,7.190000,8.187000,6.970000,9.170000,1036.000000,-3232.000000,-290.000000,662.000000,306.000000,1015.000000,1744086627932784
217,1744086627938463,20.768600,-16.409201,16.900999,20.768600,16.209999,28.974400,8.371000,-7.212000,7.366000,8.443000,7.124000,9.500000,1008.000000,-3174.000000,177.000000,407.000000,293.000000,579.000000,1744086627937118
220,1744086627943941,21.254000,-16.754900,17.261000,21.254000,16.549999,29.944599,8.659000,-7.432000,7.595000,8.742000,7.259000,9.788000,494.000000,-3008.000000,-332.000000,176.000000,227.000000,512.000000,1744086627943608
223,1744086627950617,21.739401,-17.100599,17.620899,21.739401,16.889999,30.925400,8.977000,-7.631000,7.811000,8.934000,7.466000,10.187000,207.000000,-2918.000000,-410.000000,227.000000,73.000000,420.000000,1744086627950063
225,1744086627955132,22.063000,-17.330999,17.860901,22.063000,17.116600,31.584900,9.190000,-7.803000,7.976000,9.276000,7.609000,10.394000,377.000000,-3036.000000,-355.000000,74.000000,208.000000,330.000000,1744086627954392
227,1744086627959636,22.386600,-17.561501,18.100901,22.386600,17.343300,32.248699,9.372000,-7.937000,8.112000,9.430000,7.855000,10.818000,412.000000,-2721.000000,-225.000000,322.000000,218.000000,536.000000,1744086627958662
230,1744086627965171,22.872000,-17.907101,18.460800,22.872000,17.683201,33.252201,9.698000,-8.112000,8.289000,9.673000,8.006000,11.182000,833.000000,-3198.000000,114.000000,337.000000,346.000000,800.000000,1744086627965094
232,1744086627969568,23.195601,-18.137600,18.700800,23.195601,17.909901,33.926102,9.890000,-8.340000,8.511000,9.952000,8.261000,11.597000,456.000000,-2490.000000,-187.000000,345.000000,282.000000,499.000000,1744086627969388
235,1744086627976191,23.681000,-18.483299,19.060801,23.681000,18.249901,34.943901,10.171000,-8.552000,8.735000,10.229000,8.451000,12.040000,223.000000,-2702.000000,-400.000000,195.000000,128.000000,350.000000,1744086627975871
237,1744086627980766,24.004601,-18.713699,19.300699,24.004601,18.476500,35.626999,10.431000,-8.721000,8.915000,10.459000,8.518000,12.156000,409.000000,-2738.000000,-429.000000,415.000000,405.000000,411.000000,1744086627980177
239,1744086627986411,24.328199,-18.944201,19.540701,24.328199,18.703199,36.313301,10.757000,-8.926000,9.118000,10.747000,8.745000,12.627000,1465.000000,-3181.000000,501.000000,720.000000,342.000000,1186.000000,1744086627984504
241,1744086627991015,24.651800,-19.174601,19.780701,24.651800,18.929800,37.002899,10.952000,-9.052000,9.283000,10.963000,8.874000,12.914000,1374.000000,-3295.000000,260.000000,393.000000,620.000000,1072.000000,1744086627988801
244,1744086627996573,25.137199,-19.520300,20.140600,25.137199,19.269800,38.042900,11.262000,-9.295000,9.525000,11.261000,9.107000,13.386000,479.000000,-2660.000000,-207.000000,373.000000,116.000000,340.000000,1744086627995392
247,1744086628002070,25.622601,-19.865999,20.500601,25.622601,19.609800,39.089199,11.549000,-9.440000,9.683000,11.482000,9.315000,13.841000,173.000000,-2765.000000,-491.000000,168.000000,178.000000,485.000000,1744086628001916
249,1744086628006503,25.946199,-20.096399,20.740601,25.946199,19.836399,39.790001,11.708000,-9.632000,9.901000,11.762000,9.457000,14.184000,367.000000,-2778.000000,-523.000000,359.000000,211.000000,360.000000,1744086628006223
251,1744086628012107,26.269699,-20.326900,20.980499,26.269699,20.063101,40.493198,11.939000,-9.803000,10.082000,12.001000,9.699000,14.698000,327.000000,-2939.000000,-185.000000,181.000000,206.000000,813.000000,1744086628010583
253,1744086628016649,26.593300,-20.557301,21.220501,26.593300,20.289700,41.198601,12.185000,-9.982000,10.254000,12.204000,9.886000,15.081000,829.000000,-3023.000000,-112.000000,702.000000,293.000000,834.000000,1744086628014897
256,1744086628022265,27.078699,-20.903000,21.580500,27.078699,20.629700,42.260601,12.499000,-10.211000,10.482000,12.492000,10.119000,15.579000,394.000000,-2914.000000,-313.000000,178.000000,151.000000,445.000000,1744086628021356
259,1744086628028992,27.564100,-21.248699,21.940399,27.564100,20.969700,43.326698,12.711000,-10.361000,10.634000,12.690000,10.255000,15.890000,317.000000,-2802.000000,-302.000000,553.000000,157.000000,437.000000,1744086628027842
261,1744086628033439,27.887699,-21.479099,22.180401,27.887699,21.196301,44.039398,13.003000,-10.575000,10.832000,13.003000,10.465000,16.384001,355.000000,-2852.000000,-406.000000,343.000000,-6.000000,447.000000,1744086628032169
263,1744086628037913,28.211300,-21.709600,22.420401,28.211300,21.423000,44.753700,13.293000,-10.715000,10.976000,13.215000,10.608000,16.698999,1166.000000,-2926.000000,-39.000000,495.000000,496.000000,1337.000000,1744086628036508
266,1744086628043558,28.696699,-22.055201,22.780300,28.696699,21.763000,45.827301,13.493000,-10.921000,11.207000,13.540000,10.821000,17.229000,1726.000000,-3593.000000,592.000000,639.000000,499.000000,1188.000000,1744086628043035
268,1744086628048077,29.020300,-22.285700,23.020300,29.020300,21.989599,46.544399,13.812000,-11.158000,11.472000,13.857000,11.049000,17.811001,691.000000,-3068.000000,-179.000000,38.000000,229.000000,684.000000,1744086628047402
271,1744086628054766,29.505699,-22.631399,23.380301,29.505699,22.329599,47.621700,14.125000,-11.376000,11.715000,14.150000,11.258000,18.108000,416.000000,-2957.000000,-731.000000,260.000000,93.000000,356.000000,1744086628053904
273,1744086628059282,29.829300,-22.861799,23.620300,29.829300,22.556299,48.340698,14.346000,-11.519000,11.872000,14.352000,11.381000,18.667000,330.000000,-2767.000000,-365.000000,178.000000,221.000000,335.000000,1744086628058208
275,1744086628063721,30.152901,-23.092300,23.860201,30.152901,22.782900,49.060200,14.668000,-11.741000,12.107000,14.655000,11.602000,19.035000,683.000000,-3153.000000,94.000000,407.000000,323.000000,993.000000,1744086628062564
278,1744086628069192,30.638300,-23.437901,24.220200,30.638300,23.122900,50.139999,14.911000,-11.944000,12.284000,14.911000,11.770000,19.708000,814.000000,-3012.000000,-47.000000,441.000000,290.000000,851.000000,1744086628069091
280,1744086628073628,30.961901,-23.668400,24.460199,30.961901,23.349501,50.860001,15.202000,-12.181000,12.453000,15.125000,11.911000,20.125000,391.000000,-3050.000000,-180.000000,246.000000,75.000000,487.000000,1744086628073468
283,1744086628080193,31.447300,-24.014099,24.820101,31.447300,23.689501,51.939999,15.400000,-12.339000,12.653000,15.448000,12.150000,20.718000,404.000000,-2936.000000,-314.000000,369.000000,202.000000,493.000000,1744086628079980
285,1744086628084603,31.770901,-24.244499,25.060101,31.770901,23.916201,52.660000,15.400000,-12.339000,12.653000,15.448000,12.150000,20.718000,404.000000,-2936.000000,-314.000000,369.000000,202.000000,493.000000,1744086628084298
287,1744086628090093,32.094501,-24.475000,25.300100,32.094501,24.142799,53.380001,15.986000,-12.745000,13.084000,16.037001,12.587000,21.787001,414.000000,-2981.000000,-8.000000,291.000000,261.000000,1006.000000,1744086628088647
289,1744086628094545,32.418098,-24.705400,25.540001,32.418098,24.369499,54.099998,16.240999,-12.940000,13.286000,16.291000,12.785000,22.247999,1273.000000,-3166.000000,483.000000,673.000000,417.000000,1016.000000,1744086628092982
292,1744086628100135,32.903400,-25.051100,25.900000,32.903400,24.709400,55.180000,16.555000,-13.180000,13.546000,16.596001,12.951000,22.653000,512.000000,-2741.000000,-159.000000,129.000000,105.000000,476.000000,1744086628099457
295,1744086628106834,33.388802,-25.396799,26.260000,33.388802,25.049400,56.259998,16.868999,-13.330000,13.712000,16.791000,13.171000,23.295000,303.000000,-2476.000000,-256.000000,576.000000,185.000000,490.000000,1744086628105998
297,1744086628111293,33.712399,-25.627199,26.499901,33.712399,25.276100,56.980000,17.080999,-13.554000,13.951000,17.096001,13.379000,23.896999,388.000000,-2355.000000,-241.000000,311.000000,373.000000,520.000000,1744086628110308
299,1744086628115798,34.035999,-25.857599,26.739901,34.035999,25.502701,57.700001,17.288000,-13.710000,14.113000,17.306999,13.535000,24.429001,1147.000000,-2977.000000,772.000000,780.000000,631.000000,1469.000000,1744086628114648
302,1744086628121265,34.521400,-26.203300,27.099899,34.521400,25.842699,58.779999,17.704000,-13.996000,14.396000,17.721001,13.694000,24.881001,1549.000000,-3622.000000,395.000000,615.000000,384.000000,1357.000000,1744086628121162
304,1744086628125684,34.845001,-26.433800,27.339800,34.845001,26.069401,59.500000,18.105000,-14.235000,14.567000,17.972000,13.967000,25.610001,458.000000,-3079.000000,-152.000000,164.000000,224.000000,586.000000,1744086628125474
307,1744086628132230,35.330399,-26.779400,27.699800,35.330399,26.409300,60.580002,18.349001,-14.372000,14.812000,18.327000,14.203000,26.298000,255.000000,-3046.000000,-572.000000,258.000000,189.000000,459.000000,1744086628131984
309,1744086628136700,35.653999,-27.009899,27.939800,35.653999,26.636000,61.299999,18.349001,-14.372000,14.812000,18.327000,14.203000,26.298000,255.000000,-3046.000000,-572.000000,258.000000,189.000000,459.000000,1744086628136286
311,1744086628142280,35.977600,-27.240299,28.179800,35.977600,26.862600,62.020000,18.937000,-14.837000,15.284000,18.903000,14.606000,27.236000,516.000000,-3323.000000,-356.000000,389.000000,241.000000,647.000000,1744086628140632
313,1744086628146755,36.301201,-27.470800,28.419701,36.301201,27.089300,62.740002,19.219999,-15.038000,15.485000,19.201000,14.864000,28.066999,630.000000,-3238.000000,-102.000000,338.000000,276.000000,621.000000,1744086628144963
316,1744086628152361,36.786598,-27.816500,28.779699,36.786598,27.429300,63.820000,19.576000,-15.287000,15.748000,19.524000,15.058000,28.504999,396.000000,-2564.000000,-109.000000,424.000000,168.000000,538.000000,1744086628151439
319,1744086628159085,37.271999,-28.162100,29.139601,37.271999,27.769199,64.900002,19.801001,-15.463000,15.931000,19.746000,15.211000,28.973000,274.000000,-2381.000000,-95.000000,294.000000,329.000000,576.000000,1744086628157941
321,1744086628163592,37.595600,-28.392599,29.379601,37.595600,27.995899,65.620003,20.099001,-15.721000,16.181000,20.070000,15.404000,29.646000,342.000000,-2464.000000,-513.000000,208.000000,208.000000,660.000000,1744086628162253
323,1744086628168077,37.919201,-28.622999,29.619600,37.919201,28.222601,66.339996,20.306000,-15.883000,16.343000,20.283001,15.603000,30.334999,1303.000000,-3069.000000,794.000000,759.000000,666.000000,1456.000000,1744086628166596
325,1744086628172575,38.242802,-28.853500,29.859600,38.242802,28.449200,67.059998,20.639999,-16.134001,16.591999,20.669001,15.832000,31.055000,1080.000000,-3020.000000,195.000000,211.000000,475.000000,807.000000,1744086628170933
328,1744086628178192,38.728199,-29.199200,30.219500,38.728199,28.789200,68.139999,20.861000,-16.281000,16.768999,20.889000,16.018000,31.548000,569.000000,-2309.000000,-155.000000,448.000000,173.000000,689.000000,1744086628177451
331,1744086628184898,39.213600,-29.544800,30.579500,39.213600,29.129200,69.220001,21.184999,-16.530001,17.014999,21.188999,16.250000,32.230999,175.000000,-2700.000000,-339.000000,269.000000,210.000000,563.000000,1744086628183927
333,1744086628189407,39.537102,-29.775299,30.819500,39.537102,29.355801,69.940002,21.552000,-16.775999,17.264999,21.533001,16.406000,32.674000,351.000000,-2996.000000,-274.000000,342.000000,116.000000,662.000000,1744086628188282
335,1744086628193828,39.860699,-30.005699,31.059401,39.860699,29.582500,70.660004,21.836000,-16.964001,17.479000,21.816999,16.721001,33.511002,830.000000,-3306.000000,555.000000,743.000000,598.000000,1363.000000,1744086628192609
338,1744086628199294,40.346100,-30.351400,31.419399,40.346100,29.922400,71.739998,22.174999,-17.124001,17.641001,22.072001,16.879999,34.004002,884.000000,-3356.000000,583.000000,561.000000,364.000000,943.000000,1744086628199120
340,1744086628203704,40.669701,-30.581900,31.659401,40.669701,30.149099,72.459999,22.400999,-17.392000,17.917000,22.443001,17.177999,34.757000,326.000000,-2858.000000,-246.000000,170.000000,264.000000,577.000000,1744086628203458
343,1744086628210253,41.155102,-30.927500,32.019299,41.155102,30.489100,73.540001,22.726000,-17.628000,18.183001,22.749001,17.341000,35.229000,296.000000,-2769.000000,-403.000000,317.000000,224.000000,695.000000,1744086628209997
345,1744086628214667,41.478699,-31.158001,32.259300,41.478699,30.715700,74.260002,23.018999,-17.839001,18.398001,23.047001,17.601000,36.018002,503.000000,-2944.000000,-272.000000,543.000000,651.000000,1146.000000,1744086628214322
347,1744086628220182,41.802299,-31.388399,32.499298,41.802299,30.942400,74.980003,23.409000,-18.101000,18.665001,23.377001,17.773001,36.544998,1053.000000,-3024.000000,373.000000,304.000000,398.000000,1040.000000,1744086628218653
349,1744086628224716,42.125900,-31.618900,32.739201,42.125900,31.169001,75.699997,23.646000,-18.281000,18.851000,23.622999,17.993999,37.306000,547.000000,-3008.000000,-131.000000,397.000000,460.000000,860.000000,1744086628222996
352,1744086628230360,42.611301,-31.964600,33.099201,42.611301,31.509001,76.779999,23.981001,-18.546000,19.101000,23.951000,18.160999,37.813000,276.000000,-2870.000000,-203.000000,290.000000,170.000000,649.000000,1744086628229487
355,1744086628237085,43.096699,-32.310200,33.459202,43.096699,31.849001,77.860001,24.351000,-18.796000,19.325001,24.340000,18.349001,38.558998,356.000000,-2553.000000,-346.000000,304.000000,285.000000,588.000000,1744086628235965
357,1744086628240446,43.420300,-32.540699,33.699100,43.420300,32.075600,78.580002,24.586000,-18.962999,19.497999,24.569000,18.601999,39.298000,292.000000,-2666.000000,0.000000,215.000000,426.000000,532.000000,1744086628240278
359,1744086628246066,43.743900,-32.771099,33.939098,43.743900,32.302299,79.300003,24.955999,-19.221001,19.768000,24.903999,18.882000,40.029999,1170.000000,-2993.000000,623.000000,895.000000,582.000000,1335.000000,1744086628244609
361,1744086628250512,44.067501,-33.001598,34.179100,44.067501,32.528900,80.019997,25.246000,-19.417999,19.997000,25.228001,19.112000,40.624001,1274.000000,-3245.000000,305.000000,346.000000,219.000000,717.000000,1744086628248957
364,1744086628256037,44.552898,-33.347301,34.539101,44.552898,32.868900,81.099998,25.650999,-19.679001,20.283001,25.601999,19.400999,41.451000,299.000000,-2585.000000,-100.000000,231.000000,303.000000,574.000000,1744086628255461
367,1744086628262705,45.038300,-33.692902,34.898998,45.038300,33.208900,82.180000,25.952999,-19.938000,20.580999,25.907000,19.572001,41.888000,70.000000,-2396.000000,-85.000000,528.000000,226.000000,539.000000,1744086628261993
369,1744086628267159,45.361900,-33.923401,35.139000,45.361900,33.435501,82.900002,26.169001,-20.107000,20.764000,26.132000,19.823999,42.679001,288.000000,-2578.000000,-525.000000,385.000000,289.000000,621.000000,1744086628266295
371,1744086628271648,45.685501,-34.153801,35.379002,45.685501,33.662201,83.620003,26.584000,-20.403999,21.073000,26.521999,19.969999,43.185001,1165.000000,-3244.000000,361.000000,688.000000,347.000000,1165.000000,1744086628270606
374,1744086628277213,46.170799,-34.499500,35.738899,46.170799,34.002201,84.699997,26.830999,-20.573000,21.232000,26.834000,20.228001,44.077000,1011.000000,-3053.000000,209.000000,351.000000,307.000000,824.000000,1744086628277108
376,1744086628281688,46.494400,-34.730000,35.978901,46.494400,34.228802,85.419998,27.204000,-20.837999,21.500000,27.211000,20.412001,44.626999,334.000000,-2639.000000,-3.000000,244.000000,364.000000,671.000000,1744086628281442
379,1744086628288251,46.979801,-35.075600,36.338902,46.979801,34.568802,86.500000,27.445999,-20.997000,21.681000,27.479000,20.667999,45.383999,339.000000,-2721.000000,-280.000000,279.000000,248.000000,381.000000,1744086628287969
381,1744086628292683,47.303398,-35.306099,36.578800,47.303398,34.795399,87.220001,27.805000,-21.308001,21.948999,27.787001,20.839001,45.826000,305.000000,-2898.000000,-436.000000,250.000000,261.000000,615.000000,1744086628292276
383,1744086628298227,47.626999,-35.536499,36.818802,47.626999,35.022099,87.940002,28.035000,-21.475000,22.173000,28.077999,21.049000,46.455002,1269.000000,-3402.000000,481.000000,853.000000,405.000000,1029.000000,1744086628296608
385,1744086628302706,47.950600,-35.766998,37.058800,47.950600,35.248798,88.660004,28.368000,-21.705999,22.413000,28.379000,21.347000,47.388000,1020.000000,-3034.000000,267.000000,397.000000,291.000000,783.000000,1744086628300953
388,1744086628308235,48.436001,-36.112701,37.418701,48.436001,35.588699,89.739998,28.767000,-21.990000,22.677999,28.750999,21.584999,47.944000,370.000000,-2741.000000,-93.000000,341.000000,280.000000,590.000000,1744086628307472
391,1744086628314837,48.921398,-36.458302,37.778702,48.921398,35.928699,90.820000,29.128000,-22.163000,22.872000,28.988001,21.865000,48.724998,149.000000,-2636.000000,-353.000000,374.000000,205.000000,587.000000,1744086628313954
393,1744086628319241,49.244999,-36.688801,38.018700,49.244999,36.155399,91.540001,29.354000,-22.399000,23.132999,29.363001,22.017000,49.265999,307.000000,-2246.000000,-276.000000,328.000000,163.000000,599.000000,1744086628318234
396,1744086628324822,49.730400,-37.034401,38.378601,49.730400,36.495300,92.620003,29.665001,-22.577999,23.320999,29.641001,22.222000,50.055000,810.000000,-2531.000000,150.000000,416.000000,379.000000,1120.000000,1744086628324743
398,1744086628329239,50.054001,-37.264900,38.618599,50.054001,36.722000,93.339996,29.978001,-22.892000,23.538000,29.892000,22.457001,50.632999,1051.000000,-2825.000000,757.000000,834.000000,593.000000,924.000000,1744086628329117
400,1744086628333686,50.377602,-37.495300,38.858601,50.377602,36.948601,94.059998,30.406000,-23.160999,23.893000,30.281000,22.686001,51.473000,368.000000,-2507.000000,-194.000000,396.000000,175.000000,557.000000,1744086628333498
403,1744086628340277,50.862999,-37.841000,39.218498,50.862999,37.288601,95.139999,30.674999,-23.337000,24.056000,30.631001,22.929001,52.259998,115.000000,-2622.000000,-29.000000,280.000000,334.000000,711.000000,1744086628340061
405,1744086628344727,51.186600,-38.071499,39.458500,51.186600,37.515301,95.860001,30.674999,-23.337000,24.056000,30.631001,22.929001,52.259998,115.000000,-2622.000000,-29.000000,280.000000,334.000000,711.000000,1744086628344370
407,1744086628350255,51.510201,-38.301899,39.698502,51.510201,37.741901,96.580002,31.305000,-23.804001,24.527000,31.249001,23.379999,53.563000,529.000000,-2883.000000,-12.000000,570.000000,414.000000,1302.000000,1744086628348695
409,1744086628354703,51.833801,-38.532398,39.938499,51.833801,37.968601,97.300003,31.643999,-24.049000,24.819000,31.603001,23.618999,54.314999,1326.000000,-3013.000000,481.000000,525.000000,418.000000,769.000000,1744086628353032
412,1744086628360242,52.319199,-38.877998,40.298401,52.319199,38.308601,98.379997,32.029999,-24.319000,25.124001,31.993999,23.809999,54.863998,236.000000,-2449.000000,23.000000,295.000000,459.000000,679.000000,1744086628359528
415,1744086628366859,52.804501,-39.223701,40.658401,52.804501,38.648499,99.459999,32.428001,-24.601000,25.312000,32.250999,24.152000,55.668999,263.000000,-2387.000000,-47.000000,305.000000,404.000000,568.000000,1744086628366024
417,1744086628371289,53.128101,-39.454201,40.898300,53.128101,38.875198,100.180000,32.681999,-24.782000,25.611000,32.637001,24.283001,56.222000,157.000000,-2331.000000,-21.000000,458.000000,348.000000,583.000000,1744086628370356
419,1744086628375746,53.451698,-39.684601,41.138302,53.451698,39.101799,100.900002,33.023998,-25.042999,25.849001,32.856998,24.539000,57.013000,1427.000000,-3354.000000,834.000000,685.000000,631.000000,1338.000000,1744086628374678
422,1744086628381335,53.937099,-40.030300,41.498299,53.937099,39.441799,101.980003,33.276001,-25.231001,26.033001,33.258999,24.690001,57.582001,807.000000,-3208.000000,122.000000,383.000000,394.000000,971.000000,1744086628381205
424,1744086628385776,54.260700,-40.260700,41.738300,54.260700,39.668499,102.699997,33.660000,-25.419001,26.231001,33.513000,24.955999,58.422001,255.000000,-2727.000000,-169.000000,372.000000,294.000000,704.000000,1744086628385535
427,1744086628392365,54.746101,-40.606400,42.098202,54.746101,40.008400,103.779999,33.926998,-25.673000,26.523001,33.890999,25.246000,59.244999,228.000000,-2804.000000,-184.000000,441.000000,399.000000,642.000000,1744086628392011
429,1744086628396887,55.069698,-40.836899,42.338200,55.069698,40.235100,104.500000,34.377998,-25.885000,26.753000,34.222000,25.480000,59.945999,247.000000,-2625.000000,-93.000000,296.000000,287.000000,582.000000,1744086628396330
431,1744086628402447,55.393299,-41.067299,42.578201,55.393299,40.461700,105.220001,34.654999,-26.212000,27.091000,34.639000,25.716999,60.599998,1620.000000,-3210.000000,789.000000,687.000000,704.000000,1276.000000,1744086628400678
433,1744086628406946,55.716900,-41.297798,42.818100,55.716900,40.688400,105.940002,34.962002,-26.464001,27.357000,34.958000,26.030001,61.576000,1212.000000,-2953.000000,392.000000,726.000000,455.000000,746.000000,1744086628404985
436,1744086628412551,56.202301,-41.643398,43.178101,56.202301,41.028400,107.019997,35.235001,-26.663000,27.563999,35.223999,26.257000,62.154999,580.000000,-2599.000000,121.000000,400.000000,429.000000,646.000000,1744086628411411
439,1744086628419205,56.687698,-41.989101,43.538101,56.687698,41.368301,108.099998,35.680000,-26.952000,27.875999,35.665001,26.534000,63.023998,90.000000,-2263.000000,-239.000000,461.000000,360.000000,624.000000,1744086628417940
441,1744086628422530,57.011299,-42.219601,43.778000,57.011299,41.595001,108.820000,36.106998,-27.236000,28.136999,36.035999,26.736000,63.575001,113.000000,-2686.000000,55.000000,231.000000,396.000000,601.000000,1744086628422237
443,1744086628428083,57.334900,-42.450001,44.018002,57.334900,41.821701,109.540001,36.509998,-27.502001,28.320000,36.313000,26.937000,64.419998,761.000000,-2937.000000,-188.000000,533.000000,478.000000,1030.000000,1744086628426548
445,1744086628432613,57.658501,-42.680500,44.257999,57.658501,42.048302,110.260002,36.728001,-27.693001,28.600000,36.682999,27.070000,64.947998,595.000000,-2693.000000,345.000000,394.000000,487.000000,811.000000,1744086628430855
448,1744086628438171,58.143902,-43.026100,44.617901,58.143902,42.388302,111.339996,37.127998,-27.973000,28.799000,36.918999,27.365000,65.819000,291.000000,-2178.000000,254.000000,261.000000,624.000000,721.000000,1744086628437275
451,1744086628444827,58.629299,-43.371799,44.977901,58.629299,42.728298,112.419998,37.400002,-28.164000,29.111000,37.301998,27.671000,66.643997,154.000000,-2068.000000,164.000000,362.000000,518.000000,670.000000,1744086628443697
453,1744086628449244,58.952900,-43.602299,45.217899,58.952900,42.954899,113.139999,37.791000,-28.440001,29.378000,37.685001,27.945999,67.495003,271.000000,-2042.000000,-161.000000,345.000000,235.000000,654.000000,1744086628448029
455,1744086628453636,59.276402,-43.832699,45.457802,59.276402,43.181599,113.860001,38.173000,-28.723000,29.664000,38.080002,28.097000,68.052002,1057.000000,-2672.000000,454.000000,663.000000,536.000000,1034.000000,1744086628452307
458,1744086628459150,59.761799,-44.178398,45.817799,59.761799,43.521500,114.940002,38.430000,-28.889000,29.863001,38.346001,28.377001,68.902000,1259.000000,-2633.000000,671.000000,526.000000,412.000000,801.000000,1744086628458806
460,1744086628463693,60.085400,-44.408798,46.057800,60.085400,43.748199,115.660004,38.813000,-29.183001,30.176001,38.765999,28.576000,69.495003,392.000000,-2559.000000,-103.000000,368.000000,376.000000,629.000000,1744086628463105
462,1744086628469303,60.409000,-44.639301,46.297798,60.409000,43.974800,116.379997,39.046001,-29.367001,30.356001,39.022999,28.934999,70.047997,192.000000,-2494.000000,-135.000000,482.000000,246.000000,682.000000,1744086628467434
465,1744086628474899,60.894402,-44.985001,46.657700,60.894402,44.314800,117.459999,39.452999,-29.639000,30.625000,39.386002,29.089001,70.816002,170.000000,-2274.000000,-187.000000,650.000000,166.000000,613.000000,1744086628473826
468,1744086628480435,61.379799,-45.330601,47.017700,61.379799,44.654800,118.540001,39.712002,-29.827000,30.818001,39.625999,29.273001,71.678001,309.000000,-2585.000000,306.000000,397.000000,600.000000,1291.000000,1744086628480263
470,1744086628484851,61.703400,-45.561100,47.257599,61.703400,44.881401,119.260002,40.155998,-30.165001,31.136000,40.087002,29.490000,72.383003,1151.000000,-2742.000000,787.000000,504.000000,676.000000,749.000000,1744086628484583
472,1744086628490357,62.027000,-45.791500,47.497601,62.027000,45.108101,119.980003,40.523998,-30.362000,31.368000,40.362000,29.811001,73.237999,243.000000,-2292.000000,242.000000,272.000000,514.000000,627.000000,1744086628488891
475,1744086628495881,62.512402,-46.137199,47.857601,62.512402,45.448101,121.059998,40.785999,-30.639000,31.653999,40.748001,29.988001,73.844002,126.000000,-2030.000000,32.000000,402.000000,196.000000,580.000000,1744086628495374
477,1744086628501424,62.835999,-46.367699,48.097599,62.835999,45.674702,121.779999,40.785999,-30.639000,31.653999,40.748001,29.988001,73.844002,126.000000,-2030.000000,32.000000,402.000000,196.000000,580.000000,1744086628499703
479,1744086628505937,63.159599,-46.598099,48.337502,63.159599,45.901402,122.500000,41.466999,-31.105000,32.157001,41.446999,30.562000,75.541000,893.000000,-2778.000000,435.000000,432.000000,335.000000,760.000000,1744086628504022
482,1744086628510493,63.645000,-46.943802,48.697498,63.645000,46.241402,123.580002,41.719002,-31.283001,32.367001,41.675999,30.731001,76.095001,586.000000,-2387.000000,222.000000,508.000000,498.000000,1029.000000,1744086628510419
484,1744086628516007,63.968601,-47.174198,48.937500,63.968601,46.467999,124.300003,42.110001,-31.565001,32.651001,42.063000,31.055000,76.982002,297.000000,-2171.000000,214.000000,378.000000,503.000000,598.000000,1744086628514736
487,1744086628521489,64.454002,-47.519901,49.297401,64.454002,46.807999,125.379997,42.533001,-31.861000,32.948002,42.455002,31.271000,77.555000,250.000000,-2185.000000,-204.000000,459.000000,224.000000,525.000000,1744086628521224
489,1744086628527077,64.777603,-47.750301,49.537399,64.777603,47.034599,126.099998,42.807999,-32.062000,33.152000,42.716000,31.479000,78.457001,48.000000,-2140.000000,-35.000000,298.000000,372.000000,515.000000,1744086628525541
491,1744086628531548,65.101196,-47.980801,49.777401,65.101196,47.261299,126.820000,43.220001,-32.341000,33.438000,43.134998,31.635000,79.005997,463.000000,-2377.000000,403.000000,506.000000,278.000000,656.000000,1744086628529863
494,1744086628537138,65.586601,-48.326500,50.137299,65.586601,47.601299,127.900002,43.632000,-32.645000,33.733002,43.544998,31.945999,79.879997,1821.000000,-3389.000000,1287.000000,935.000000,1193.000000,1723.000000,1744086628536312
496,1744086628541630,65.910103,-48.556900,50.377300,65.910103,47.827900,128.619995,43.905998,-32.827000,33.956001,43.834999,32.278999,80.819000,1144.000000,-3224.000000,180.000000,505.000000,249.000000,727.000000,1744086628540578
499,1744086628547150,66.395500,-48.902599,50.737301,66.395500,48.167900,129.699997,44.301998,-33.118999,34.277000,44.209999,32.562000,81.653999,248.000000,-2267.000000,-215.000000,437.000000,375.000000,597.000000,1744086628547058
501,1744086628551585,66.719101,-49.132999,50.977200,66.719101,48.394600,130.419998,44.301998,-33.118999,34.277000,44.209999,32.562000,81.653999,248.000000,-2267.000000,-215.000000,437.000000,375.000000,597.000000,1744086628551361
503,1744086628557173,67.042702,-49.363499,51.217201,67.042702,48.621201,131.139999,45.084999,-33.660000,34.828999,44.990002,33.041000,83.047997,112.000000,-2003.000000,-67.000000,189.000000,362.000000,621.000000,1744086628555681
505,1744086628561658,67.366302,-49.593899,51.457199,67.366302,48.847900,131.860001,45.410000,-33.904999,35.054001,45.321999,33.278000,83.777000,390.000000,-2318.000000,306.000000,531.000000,480.000000,716.000000,1744086628559995
508,1744086628567219,67.851700,-49.939602,51.817101,67.851700,49.187801,132.940002,45.785999,-34.169998,35.345001,45.727001,33.548000,84.671997,209.000000,-2183.000000,-120.000000,337.000000,332.000000,479.000000,1744086628566450
511,1744086628573918,68.337097,-50.285301,52.177101,68.337097,49.527802,134.020004,46.001999,-34.359001,35.549999,45.987999,33.664001,85.263000,168.000000,-2203.000000,-8.000000,418.000000,332.000000,615.000000,1744086628572865
513,1744086628578358,68.660698,-50.515701,52.417099,68.660698,49.754501,134.740005,46.400002,-34.666000,35.845001,46.341000,33.943001,86.039001,28.000000,-2098.000000,150.000000,405.000000,564.000000,546.000000,1744086628577155
515,1744086628582802,68.984299,-50.746201,52.657101,68.984299,49.981098,135.460007,46.735001,-34.900002,36.083000,46.685001,34.214001,86.757004,1208.000000,-2439.000000,995.000000,869.000000,794.000000,1160.000000,1744086628581462
518,1744086628588279,69.469704,-51.091900,53.016998,69.469704,50.321098,136.539993,47.014000,-35.087002,36.292999,46.963001,34.446999,87.684998,938.000000,-2455.000000,1028.000000,556.000000,460.000000,896.000000,1744086628587937
520,1744086628592718,69.793297,-51.322300,53.257000,69.793297,50.547699,137.259995,47.418999,-35.396999,36.584000,47.398998,34.653000,88.283997,160.000000,-1736.000000,388.000000,447.000000,737.000000,725.000000,1744086628592224
523,1744086628599302,70.278702,-51.667999,53.616901,70.278702,50.887699,138.339996,47.830002,-35.671001,36.893002,47.790001,34.970001,89.163002,155.000000,-1656.000000,15.000000,411.000000,295.000000,619.000000,1744086628598721
525,1744086628603807,70.602303,-51.898399,53.856899,70.602303,51.114399,139.059998,48.216000,-35.855000,37.083000,48.055000,35.213001,90.045998,-35.000000,-1728.000000,208.000000,437.000000,473.000000,737.000000,1744086628603013
527,1744086628609368,70.925903,-52.128899,54.096901,70.925903,51.341000,139.779999,48.422001,-36.090000,37.326000,48.360001,35.437000,90.762001,211.000000,-2081.000000,260.000000,751.000000,746.000000,1292.000000,1744086628607285
530,1744086628613805,71.411301,-52.474602,54.456902,71.411301,51.681000,140.860001,48.839001,-36.384998,37.644001,48.747002,35.630001,91.309998,1209.000000,-3181.000000,377.000000,703.000000,924.000000,950.000000,1744086628613773
532,1744086628619327,71.734901,-52.705002,54.696800,71.734901,51.907700,141.580002,49.248001,-36.674999,37.952000,49.015999,35.950001,92.214996,234.000000,-2320.000000,30.000000,373.000000,583.000000,573.000000,1744086628618080
535,1744086628624822,72.220200,-53.050701,55.056801,72.220200,52.247601,142.660004,49.521999,-36.856998,38.162998,49.480999,36.242001,93.106003,136.000000,-1926.000000,-37.000000,352.000000,307.000000,421.000000,1744086628624619
537,1744086628630346,72.543800,-53.281101,55.296799,72.543800,52.474300,143.380005,49.521999,-36.856998,38.162998,49.480999,36.242001,93.106003,136.000000,-1926.000000,-37.000000,352.000000,307.000000,421.000000,1744086628628951
539,1744086628634843,72.867401,-53.511600,55.536701,72.867401,52.700901,144.100006,50.203999,-37.342999,38.665001,50.146999,36.702000,94.572998,350.000000,-1951.000000,482.000000,520.000000,523.000000,1295.000000,1744086628633295
542,1744086628640394,73.352798,-53.857300,55.896702,73.352798,53.040901,145.179993,50.766998,-37.747002,39.058998,50.576000,36.980000,95.500000,1310.000000,-2706.000000,1282.000000,948.000000,804.000000,1288.000000,1744086628639798
544,1744086628644902,73.676399,-54.087700,56.136700,73.676399,53.267601,145.899994,51.034000,-37.938999,39.283001,50.971001,37.216000,96.155998,459.000000,-2024.000000,299.000000,155.000000,684.000000,918.000000,1744086628644203
547,1744086628651505,74.161797,-54.433399,56.496601,74.161797,53.607498,146.979996,51.416000,-38.248001,39.603001,51.340000,37.591000,96.995003,99.000000,-2098.000000,-86.000000,536.000000,246.000000,715.000000,1744086628650746
549,1744086628655942,74.485397,-54.663799,56.736599,74.485397,53.834202,147.699997,51.705002,-38.452000,39.814999,51.652000,37.841000,97.927002,68.000000,-2062.000000,-300.000000,472.000000,338.000000,524.000000,1744086628655063
551,1744086628661512,74.808998,-54.894299,56.976601,74.808998,54.060799,148.419998,52.133999,-38.743000,40.118000,52.085999,37.993000,98.563004,102.000000,-2119.000000,79.000000,324.000000,337.000000,660.000000,1744086628659347
554,1744086628665974,75.294403,-55.240002,57.336498,75.294403,54.400799,149.500000,52.417999,-38.941002,40.296001,52.358002,38.245998,99.468002,348.000000,-2124.000000,741.000000,608.000000,745.000000,760.000000,1744086628665947
556,1744086628671538,75.617996,-55.470402,57.576500,75.617996,54.627499,150.220001,52.831001,-39.250999,40.608002,52.782001,38.568001,100.388000,246.000000,-1712.000000,317.000000,565.000000,255.000000,618.000000,1744086628670289
559,1744086628677055,76.103401,-55.816101,57.936501,76.103401,54.967499,151.300003,53.235001,-39.544998,40.909000,53.168999,38.750999,101.012001,-18.000000,-1514.000000,275.000000,346.000000,423.000000,550.000000,1744086628676822
561,1744086628681510,76.427002,-56.046501,58.176399,76.427002,55.194099,152.020004,53.574001,-39.792999,41.162998,53.486000,39.074001,102.013000,-43.000000,-1563.000000,243.000000,516.000000,694.000000,498.000000,1744086628681148
563,1744086628687100,76.750603,-56.277000,58.416401,76.750603,55.420799,152.740005,53.887001,-40.013000,41.410999,53.805000,39.328999,102.792999,1100.000000,-2704.000000,1059.000000,970.000000,809.000000,1325.000000,1744086628685493
565,1744086628691620,77.074203,-56.507401,58.656399,77.074203,55.647400,153.460007,54.332001,-40.301998,41.720001,54.257999,39.513000,103.345001,1586.000000,-2882.000000,1257.000000,891.000000,751.000000,1667.000000,1744086628689814
568,1744086628697232,77.559601,-56.853100,59.016399,77.559601,55.987400,154.539993,54.629002,-40.514000,41.941002,54.570999,39.852001,104.310997,672.000000,-2309.000000,274.000000,328.000000,486.000000,794.000000,1744086628696246
571,1744086628703924,78.044998,-57.198799,59.376301,78.044998,56.327400,155.619995,55.081001,-40.828999,42.289001,55.012001,40.155998,105.319000,105.000000,-1911.000000,104.000000,418.000000,456.000000,652.000000,1744086628702805
573,1744086628708332,78.368599,-57.429199,59.616299,78.368599,56.554001,156.339996,55.380001,-41.035999,42.511002,55.300999,40.341000,105.928001,14.000000,-1916.000000,76.000000,396.000000,222.000000,646.000000,1744086628707144
575,1744086628712773,78.692200,-57.659698,59.856300,78.692200,56.780701,157.059998,55.834999,-41.353001,42.806000,55.721001,40.647999,106.883003,35.000000,-1873.000000,-35.000000,370.000000,434.000000,549.000000,1744086628711487
578,1744086628718233,79.177498,-58.005402,60.216202,79.177498,57.120602,158.139999,56.270000,-41.650002,43.137001,56.161999,40.841000,107.528000,272.000000,-2253.000000,347.000000,509.000000,528.000000,788.000000,1744086628718017
580,1744086628722632,79.501099,-58.235802,60.456200,79.501099,57.347301,158.860001,56.678001,-41.984001,43.449001,56.450001,41.131001,108.421997,-6.000000,-1784.000000,208.000000,521.000000,469.000000,514.000000,1744086628722365
583,1744086628729297,79.986504,-58.581501,60.816200,79.986504,57.687302,159.940002,56.958000,-42.151001,43.647999,56.848000,41.396999,109.351997,52.000000,-1598.000000,255.000000,540.000000,571.000000,597.000000,1744086628728884
585,1744086628733791,80.310097,-58.811901,61.056099,80.310097,57.913898,160.660004,57.330002,-42.442001,43.945999,57.131001,41.595001,109.912003,-122.000000,-1611.000000,415.000000,450.000000,693.000000,479.000000,1744086628733225
587,1744086628739337,80.633698,-59.042400,61.296101,80.633698,58.140598,161.380005,57.678001,-42.683998,44.193001,57.575001,41.852001,110.627998,702.000000,-1979.000000,920.000000,749.000000,618.000000,1220.000000,1744086628737572
589,1744086628743863,80.957298,-59.272800,61.536098,80.957298,58.367199,162.100006,58.098999,-42.990002,44.512001,57.987000,42.127998,111.573997,675.000000,-1786.000000,747.000000,334.000000,679.000000,898.000000,1744086628741904
592,1744086628749434,81.442703,-59.618500,61.896000,81.442703,58.707199,163.179993,58.374001,-43.199001,44.738998,58.290001,42.432999,112.487000,-75.000000,-1641.000000,629.000000,350.000000,555.000000,667.000000,1744086628748336
595,1744086628756057,81.928101,-59.964199,62.256001,81.928101,59.047199,164.259995,58.785000,-43.514999,45.060001,58.558998,42.615002,113.095001,-54.000000,-1546.000000,258.000000,429.000000,566.000000,569.000000,1744086628754841
597,1744086628760495,82.251701,-60.194599,62.495998,82.251701,59.273800,164.979996,59.051998,-43.710999,45.233002,58.977001,42.916000,114.028000,-75.000000,-1582.000000,55.000000,464.000000,502.000000,594.000000,1744086628759173
599,1744086628764961,82.575302,-60.425098,62.735901,82.575302,59.500500,165.699997,59.526001,-44.043999,45.479000,59.326000,43.162998,114.759003,903.000000,-2098.000000,565.000000,614.000000,753.000000,1147.000000,1744086628763496
602,1744086628770556,83.060699,-60.770699,63.095901,83.060699,59.840500,166.779999,59.841000,-44.265999,45.834999,59.816002,43.407001,115.558998,1125.000000,-2337.000000,572.000000,401.000000,577.000000,951.000000,1744086628769990
604,1744086628775081,83.384300,-61.001202,63.335899,83.384300,60.067101,167.500000,60.252998,-44.558998,46.141998,60.182999,43.736000,116.433998,115.000000,-1403.000000,464.000000,341.000000,545.000000,700.000000,1744086628774355
607,1744086628781816,83.869698,-61.346901,63.695801,83.869698,60.407101,168.580002,60.543999,-44.755001,46.352001,60.473999,43.908001,117.015999,188.000000,-1587.000000,241.000000,467.000000,407.000000,587.000000,1744086628780813
609,1744086628786264,84.193298,-61.577301,63.935799,84.193298,60.633701,169.300003,60.974998,-45.051998,46.652000,60.917000,44.161999,117.945000,-67.000000,-1635.000000,140.000000,492.000000,576.000000,588.000000,1744086628785169
611,1744086628790738,84.516899,-61.807800,64.175797,84.516899,60.860401,170.020004,61.327999,-45.306000,46.902000,61.268002,44.405998,118.724998,587.000000,-2664.000000,1021.000000,711.000000,698.000000,1206.000000,1744086628789509
614,1744086628796251,85.002296,-62.153400,64.535698,85.002296,61.200401,171.100006,61.606998,-45.505001,47.120998,61.563999,44.715000,119.632004,843.000000,-2428.000000,779.000000,723.000000,554.000000,985.000000,1744086628796052
616,1744086628800695,85.325897,-62.383900,64.775703,85.325897,61.426998,171.820007,61.980000,-45.785000,47.443001,61.978001,44.902000,120.260002,-108.000000,-1719.000000,175.000000,488.000000,665.000000,663.000000,1744086628800349
619,1744086628807324,85.811203,-62.729599,65.135696,85.811203,61.766998,172.899994,62.384998,-46.094002,47.766998,62.321999,45.210999,121.151001,-189.000000,-1521.000000,212.000000,443.000000,513.000000,681.000000,1744086628806872
621,1744086628811819,86.134804,-62.959999,65.375702,86.134804,61.993698,173.619995,62.664001,-46.296001,47.962002,62.611000,45.491001,122.073997,-77.000000,-1310.000000,473.000000,566.000000,515.000000,618.000000,1744086628811207
623,1744086628817346,86.458397,-63.190498,65.615601,86.458397,62.220299,174.339996,63.181000,-46.640999,48.306000,63.131001,45.730000,122.829002,849.000000,-1983.000000,1013.000000,786.000000,678.000000,972.000000,1744086628815553
625,1744086628821827,86.781998,-63.420898,65.855598,86.781998,62.446999,175.059998,63.396999,-46.799000,48.436001,63.335999,45.970001,123.592003,1104.000000,-2203.000000,1379.000000,575.000000,735.000000,940.000000,1744086628819831
628,1744086628827383,87.267403,-63.766602,66.215599,87.267403,62.786900,176.139999,63.826000,-47.117001,48.775002,63.765999,46.277000,124.545998,-15.000000,-1607.000000,430.000000,324.000000,570.000000,518.000000,1744086628826243
631,1744086628833933,87.752800,-64.112297,66.575500,87.752800,63.126900,177.220001,64.255997,-47.396000,49.092999,64.178001,46.484001,125.174004,-153.000000,-1512.000000,215.000000,423.000000,426.000000,536.000000,1744086628832774
633,1744086628838372,88.076401,-64.342697,66.815498,88.076401,63.353600,177.940002,64.503998,-47.587002,49.293999,64.446999,46.759998,125.987000,-148.000000,-1439.000000,388.000000,304.000000,399.000000,713.000000,1744086628837108
635,1744086628842800,88.400002,-64.573196,67.055496,88.400002,63.580200,178.660004,64.926003,-47.872002,49.608002,64.852997,46.966999,126.706001,477.000000,-2128.000000,1022.000000,706.000000,743.000000,1242.000000,1744086628841456
638,1744086628848305,88.885399,-64.918800,67.415398,88.885399,63.920200,179.740005,65.282997,-48.125000,49.872002,65.217003,47.341999,127.790001,986.000000,-1833.000000,550.000000,517.000000,578.000000,865.000000,1744086628847966
640,1744086628852790,89.209000,-65.149300,67.655403,89.209000,64.146797,180.460007,65.703003,-48.432999,50.188999,65.639000,47.540001,128.343002,-96.000000,-1352.000000,488.000000,156.000000,460.000000,672.000000,1744086628852270
643,1744086628859475,89.694397,-65.495003,68.015404,89.694397,64.486801,181.539993,66.113998,-48.743999,50.512001,66.043999,47.805000,129.298004,-162.000000,-1205.000000,381.000000,454.000000,542.000000,548.000000,1744086628858808
645,1744086628863949,90.017998,-65.725403,68.255302,90.017998,64.713501,182.259995,66.394997,-48.948002,50.681999,66.327003,48.002998,129.940002,1.000000,-1665.000000,355.000000,640.000000,451.000000,682.000000,1744086628863121
647,1744086628869570,90.341599,-65.955902,68.495300,90.341599,64.940102,182.979996,66.835999,-49.245998,50.983002,66.762001,48.293999,130.830002,927.000000,-2214.000000,1004.000000,870.000000,800.000000,1299.000000,1744086628867425
650,1744086628874001,90.827003,-66.301498,68.855301,90.827003,65.280098,184.059998,67.125999,-49.426998,51.195000,67.058998,48.609001,131.783005,706.000000,-1870.000000,831.000000,361.000000,574.000000,710.000000,1744086628873980
652,1744086628879494,91.150597,-66.531998,69.095200,91.150597,65.506798,184.779999,67.560997,-49.736000,51.424000,67.357002,48.808998,132.419998,-36.000000,-1231.000000,706.000000,320.000000,643.000000,603.000000,1744086628878291
655,1744086628886076,91.636002,-66.877701,69.455200,91.636002,65.846703,185.860001,67.813004,-49.935001,51.750999,67.723000,49.106998,133.289993,-111.000000,-969.000000,206.000000,373.000000,612.000000,655.000000,1744086628884811
657,1744086628890511,91.959503,-67.108101,69.695198,91.959503,66.073402,186.580002,68.230003,-50.228001,52.062000,68.146004,49.383999,134.216995,-154.000000,-1253.000000,555.000000,384.000000,595.000000,508.000000,1744086628889153
659,1744086628894907,92.283096,-67.338600,69.935204,92.283096,66.300003,187.300003,68.641998,-50.529999,52.367001,68.551003,49.595001,134.813004,270.000000,-1597.000000,826.000000,627.000000,758.000000,625.000000,1744086628893486
662,1744086628900524,92.768501,-67.684196,70.295097,92.768501,66.639999,188.380005,68.903999,-50.733002,52.549000,68.834000,49.876999,135.761993,1332.000000,-2298.000000,1319.000000,780.000000,763.000000,1245.000000,1744086628900004
664,1744086628905039,93.092102,-67.914703,70.535103,93.092102,66.866699,189.100006,69.307999,-51.029999,52.869999,69.240997,50.056000,136.395996,16.000000,-1464.000000,449.000000,272.000000,469.000000,658.000000,1744086628904311
667,1744086628911677,93.577499,-68.260399,70.894997,93.577499,67.206596,190.179993,69.745003,-51.330002,53.174999,69.554001,50.356998,137.289993,-143.000000,-1382.000000,294.000000,516.000000,630.000000,681.000000,1744086628910839
669,1744086628916205,93.901100,-68.490799,71.135002,93.901100,67.433296,190.899994,70.036003,-51.502998,53.376999,69.987999,50.662998,138.266998,-33.000000,-1517.000000,216.000000,360.000000,539.000000,616.000000,1744086628915160
671,1744086628920700,94.224701,-68.721298,71.375000,94.224701,67.659897,191.619995,70.474998,-51.804001,53.693001,70.404999,50.952999,139.207001,510.000000,-1692.000000,1541.000000,854.000000,812.000000,1453.000000,1744086628919490
674,1744086628926180,94.710098,-69.066902,71.735001,94.710098,67.999901,192.699997,70.811996,-52.066002,53.962002,70.724998,51.207001,139.921005,957.000000,-1803.000000,994.000000,542.000000,854.000000,791.000000,1744086628925998
676,1744086628930569,95.033699,-69.297401,71.974899,95.033699,68.226601,193.419998,71.239998,-52.393002,54.312000,71.150002,51.394001,140.561005,-51.000000,-1185.000000,533.000000,337.000000,539.000000,623.000000,1744086628930327
679,1744086628937042,95.519096,-69.642998,72.334900,95.519096,68.566597,194.500000,71.518997,-52.610001,54.511002,71.412003,51.700001,141.513000,-276.000000,-1519.000000,450.000000,442.000000,530.000000,648.000000,1744086628936855
681,1744086628942507,95.842697,-69.873497,72.574898,95.842697,68.793198,195.220001,71.956001,-52.914001,54.820999,71.878998,51.984001,142.436005,-152.000000,-1035.000000,211.000000,504.000000,444.000000,552.000000,1744086628941187
683,1744086628946903,96.166298,-70.103897,72.814796,96.166298,69.019897,195.940002,72.388000,-53.208000,55.098999,72.305000,52.187000,143.074005,406.000000,-1899.000000,1034.000000,682.000000,777.000000,1081.000000,1744086628945503
686,1744086628952462,96.651703,-70.449600,73.174797,96.651703,69.359802,197.020004,72.703003,-53.437000,55.375000,72.660004,52.507000,144.098007,601.000000,-1719.000000,1089.000000,474.000000,505.000000,881.000000,1744086628951986
688,1744086628956949,96.975304,-70.680099,73.414803,96.975304,69.586502,197.740005,72.992996,-53.639000,55.591999,72.941002,52.719002,144.779007,69.000000,-1222.000000,667.000000,257.000000,724.000000,743.000000,1744086628956294
691,1744086628963567,97.460701,-71.025703,73.774696,97.460701,69.926498,198.820007,73.431000,-53.942001,55.921001,73.350998,53.047001,145.723999,-235.000000,-1132.000000,768.000000,236.000000,635.000000,549.000000,1744086628962812
693,1744086628968050,97.784302,-71.256203,74.014702,97.784302,70.153099,199.539993,73.862999,-54.252998,56.270000,73.759003,53.243000,146.326004,177.000000,-1344.000000,639.000000,492.000000,611.000000,606.000000,1744086628967096
695,1744086628972562,98.107903,-71.486603,74.254700,98.107903,70.379799,200.259995,74.228996,-54.505001,56.542999,74.158997,53.576000,147.498001,1062.000000,-1773.000000,967.000000,742.000000,885.000000,847.000000,1744086628971435
698,1744086628978033,98.593201,-71.832298,74.614601,98.593201,70.719704,201.339996,74.603996,-54.762001,56.771000,74.521004,53.750000,147.972000,195.000000,-1500.000000,441.000000,291.000000,511.000000,886.000000,1744086628977947
700,1744086628983497,98.916801,-72.062798,74.854599,98.916801,70.946404,202.059998,75.045998,-55.088001,57.111000,74.835999,54.073002,148.940994,-226.000000,-1462.000000,739.000000,455.000000,552.000000,576.000000,1744086628982300
703,1744086628990012,99.402199,-72.408401,75.214600,99.402199,71.286400,203.139999,75.329002,-55.296001,57.319000,75.245003,54.379002,149.942001,-365.000000,-990.000000,384.000000,444.000000,502.000000,663.000000,1744086628988823
705,1744086628994406,99.725800,-72.638901,75.454498,99.725800,71.513000,203.860001,75.867996,-55.655998,57.667000,75.661003,54.570999,150.537003,-264.000000,-1072.000000,495.000000,428.000000,525.000000,617.000000,1744086628993182
707,1744086628998793,100.049004,-72.869301,75.694504,100.049004,71.739700,204.580002,76.142998,-55.842999,57.874001,76.054001,54.908001,151.638000,364.000000,-1595.000000,1099.000000,797.000000,844.000000,1310.000000,1744086628997524
710,1744086629004241,100.535004,-73.214996,76.054497,100.535004,72.079697,205.660004,76.544998,-56.169998,58.196999,76.436996,55.215000,152.557007,437.000000,-1775.000000,1038.000000,238.000000,656.000000,683.000000,1744086629003983
712,1744086629008688,100.858002,-73.445503,76.294403,100.858002,72.306297,206.380005,76.819000,-56.382999,58.421001,76.720001,55.398998,153.169006,63.000000,-1119.000000,766.000000,365.000000,604.000000,642.000000,1744086629008292
715,1744086629015364,101.344002,-73.791100,76.654404,101.344002,72.646301,207.460007,77.238998,-56.689999,58.764999,77.181000,55.708000,154.134995,-114.000000,-965.000000,663.000000,339.000000,616.000000,552.000000,1744086629014829
717,1744086629019837,101.667000,-74.021599,76.894402,101.667000,72.872902,208.179993,77.663002,-56.992001,59.056999,77.589996,55.923000,154.794998,-215.000000,-847.000000,593.000000,347.000000,402.000000,482.000000,1744086629019177
719,1744086629025411,101.990997,-74.251999,77.134399,101.990997,73.099602,208.899994,77.945000,-57.198002,59.259998,77.875000,56.228001,155.725006,476.000000,-1212.000000,1041.000000,609.000000,706.000000,1231.000000,1744086629023515
721,1744086629029965,102.315002,-74.482498,77.374298,102.315002,73.326202,209.619995,78.268997,-57.432999,59.519001,78.263000,56.486000,156.475006,666.000000,-1432.000000,1072.000000,406.000000,639.000000,809.000000,1744086629027828
724,1744086629035549,102.800003,-74.828201,77.734299,102.800003,73.666199,210.699997,78.699997,-57.749001,59.846001,78.688004,56.796001,157.414001,-185.000000,-860.000000,739.000000,287.000000,687.000000,695.000000,1744086629034373
727,1744086629041007,103.285004,-75.173798,78.094299,103.285004,74.006203,211.779999,78.992996,-57.955002,60.070999,78.948997,56.959999,158.074997,-210.000000,-1028.000000,618.000000,289.000000,472.000000,573.000000,1744086629040855
729,1744086629046423,103.609001,-75.404297,78.334198,103.609001,74.232803,212.500000,79.427002,-58.263000,60.402000,79.383003,57.250999,159.024002,-239.000000,-1129.000000,467.000000,503.000000,514.000000,666.000000,1744086629045189
731,1744086629050733,103.932999,-75.634697,78.574203,103.932999,74.459503,213.220001,79.766998,-58.513000,60.627998,79.740997,57.532001,159.779007,40.000000,-1277.000000,568.000000,669.000000,712.000000,1080.000000,1744086629049525
734,1744086629056205,104.417999,-75.980400,78.934196,104.417999,74.799500,214.300003,80.114998,-58.766998,60.890999,80.084000,57.771999,160.617004,737.000000,-1725.000000,1235.000000,522.000000,546.000000,838.000000,1744086629056060
737,1744086629062732,104.903000,-76.326103,79.294098,104.903000,75.139503,215.380005,80.540001,-59.049999,61.230999,80.536003,57.963001,161.268005,-78.000000,-994.000000,558.000000,408.000000,592.000000,667.000000,1744086629062550
739,1744086629067110,105.226997,-76.556503,79.534103,105.226997,75.366096,216.100006,80.966003,-59.355999,61.561001,80.943001,58.296001,162.145004,-156.000000,-1047.000000,652.000000,286.000000,659.000000,590.000000,1744086629066880
741,1744086629071518,105.551003,-76.787003,79.774101,105.551003,75.592796,216.820007,81.276001,-59.563000,61.771999,81.212997,58.501999,162.798996,-318.000000,-793.000000,365.000000,360.000000,571.000000,656.000000,1744086629071244
743,1744086629076989,105.874001,-77.017403,80.014000,105.874001,75.819397,217.539993,81.717003,-59.863998,62.071999,81.503998,58.791000,163.781998,527.000000,-1475.000000,1421.000000,475.000000,679.000000,1164.000000,1744086629075559
746,1744086629082471,106.360001,-77.363098,80.374001,106.360001,76.159401,218.619995,82.084999,-60.122002,62.320000,82.003998,59.035000,164.563995,751.000000,-1436.000000,1156.000000,525.000000,816.000000,972.000000,1744086629082059
748,1744086629087950,106.682999,-77.593597,80.613998,106.682999,76.386002,219.339996,82.514999,-60.442001,62.615002,82.432999,59.320000,165.529007,-227.000000,-1299.000000,798.000000,205.000000,539.000000,543.000000,1744086629086397
751,1744086629093434,107.168999,-77.939201,80.973900,107.168999,76.725998,220.419998,82.817001,-60.625000,62.842999,82.722000,59.522999,166.166000,-200.000000,-1011.000000,776.000000,357.000000,717.000000,586.000000,1744086629092917
753,1744086629097950,107.491997,-78.169701,81.213898,107.491997,76.952698,221.139999,83.232002,-60.945999,63.175999,83.168999,59.852001,167.067001,-208.000000,-783.000000,680.000000,298.000000,677.000000,529.000000,1744086629097262
755,1744086629103562,107.816002,-78.400101,81.453903,107.816002,77.179298,221.860001,83.588997,-61.207001,63.436001,83.513000,60.108002,167.847000,265.000000,-1423.000000,1238.000000,572.000000,592.000000,1066.000000,1744086629101560
758,1744086629108121,108.301003,-78.745796,81.813797,108.301003,77.519302,222.940002,83.933998,-61.466999,63.707001,83.890999,60.341999,168.671005,563.000000,-1248.000000,1214.000000,547.000000,652.000000,1087.000000,1744086629108066
760,1744086629113712,108.625000,-78.976303,82.053802,108.625000,77.745903,223.660004,84.222000,-61.668999,63.903999,84.191002,60.639000,169.667007,-156.000000,-1005.000000,693.000000,251.000000,841.000000,585.000000,1744086629112357
763,1744086629119323,109.110001,-79.321899,82.413803,109.110001,78.085899,224.740005,84.667000,-61.972000,64.193001,84.611000,60.952999,170.610001,-278.000000,-1010.000000,909.000000,324.000000,585.000000,588.000000,1744086629118845
765,1744086629123808,109.433998,-79.552399,82.653702,109.433998,78.312599,225.460007,85.091003,-62.256001,64.536003,85.059998,61.143002,171.268005,-146.000000,-1022.000000,741.000000,385.000000,429.000000,555.000000,1744086629123194
767,1744086629129337,109.757004,-79.782799,82.893700,109.757004,78.539200,226.179993,85.516998,-62.591000,64.862000,85.330002,61.438999,172.231003,676.000000,-1281.000000,1476.000000,414.000000,668.000000,1019.000000,1744086629127530
770,1744086629134972,110.242996,-80.128502,83.253700,110.242996,78.879204,227.259995,85.764000,-62.770000,65.081001,85.757004,61.630001,172.891006,972.000000,-1505.000000,1221.000000,605.000000,790.000000,1091.000000,1744086629134015
772,1744086629139530,110.566002,-80.358902,83.493698,110.566002,79.105904,227.979996,86.214996,-63.094002,65.412003,86.174004,61.945999,173.776993,-64.000000,-925.000000,711.000000,283.000000,701.000000,722.000000,1744086629138400
774,1744086629144022,110.889999,-80.589401,83.733597,110.889999,79.332497,228.699997,86.532997,-63.307999,65.635002,86.487000,62.292999,174.746994,-333.000000,-1131.000000,629.000000,299.000000,740.000000,490.000000,1744086629142739
777,1744086629149529,111.375000,-80.935097,84.093597,111.375000,79.672501,229.779999,86.975998,-63.630001,65.962997,86.901001,62.634998,175.723007,-253.000000,-834.000000,874.000000,98.000000,337.000000,582.000000,1744086629149232
779,1744086629154040,111.698997,-81.165497,84.333603,111.698997,79.899101,230.500000,87.331001,-63.884998,66.213997,87.257004,62.736000,176.201004,576.000000,-1462.000000,1310.000000,835.000000,502.000000,1325.000000,1744086629153597
781,1744086629158516,112.022003,-81.396004,84.573502,112.022003,80.125801,231.220001,87.779999,-64.165001,66.549004,87.719002,63.028999,177.216995,1020.000000,-1538.000000,1464.000000,373.000000,1001.000000,1243.000000,1744086629157963
783,1744086629164029,112.346001,-81.626404,84.813499,112.346001,80.352402,231.940002,88.063004,-64.370003,66.762001,88.037003,63.342999,178.177994,163.000000,-964.000000,720.000000,277.000000,622.000000,759.000000,1744086629162291
786,1744086629169550,112.831001,-81.972099,85.173500,112.831001,80.692398,233.020004,88.563004,-64.705002,67.093002,88.488998,63.667999,179.160004,-201.000000,-1172.000000,831.000000,352.000000,515.000000,530.000000,1744086629168785
788,1744086629174028,113.154999,-82.202499,85.413399,113.154999,80.919098,233.740005,88.936996,-64.973999,67.373001,88.850998,63.908001,179.990005,-291.000000,-955.000000,838.000000,361.000000,259.000000,743.000000,1744086629173056
791,1744086629179659,113.639999,-82.548203,85.773399,113.639999,81.259003,234.820007,89.303001,-65.245003,67.669998,89.212997,64.168999,180.856003,-3.000000,-1242.000000,1052.000000,448.000000,725.000000,1025.000000,1744086629179621
793,1744086629184084,113.963997,-82.778702,86.013397,113.963997,81.485703,235.539993,89.737000,-65.566002,68.021004,89.691002,64.474998,181.500000,-185.000000,-1066.000000,819.000000,411.000000,541.000000,688.000000,1744086629183964
795,1744086629188515,114.288002,-83.009102,86.253403,114.288002,81.712303,236.259995,90.184998,-65.897003,68.309998,90.103996,64.691002,182.488998,-537.000000,-957.000000,584.000000,351.000000,726.000000,688.000000,1744086629188267
797,1744086629194059,114.611000,-83.239601,86.493301,114.611000,81.939003,236.979996,90.542999,-66.168999,68.550003,90.486000,65.083000,183.164001,-406.000000,-452.000000,822.000000,336.000000,449.000000,536.000000,1744086629192569
799,1744086629198532,114.934998,-83.470001,86.733299,114.934998,82.165703,237.699997,90.821999,-66.375000,68.740997,90.794998,65.282997,184.285995,89.000000,-1085.000000,1362.000000,474.000000,697.000000,1145.000000,1744086629196839
802,1744086629205159,115.419998,-83.815697,87.093300,115.419998,82.505600,238.779999,91.248001,-66.657997,69.053001,91.231003,65.486000,184.962997,241.000000,-912.000000,1594.000000,200.000000,677.000000,762.000000,1744086629203250
804,1744086629209677,115.744003,-84.046097,87.333199,115.744003,82.732300,239.500000,91.248001,-66.657997,69.053001,91.231003,65.486000,184.962997,241.000000,-912.000000,1594.000000,200.000000,677.000000,762.000000,1744086629207509
807,1744086629215185,116.228996,-84.391800,87.693199,116.228996,83.072304,240.580002,91.954002,-67.183998,69.646004,91.929001,66.087997,186.830002,-177.000000,-721.000000,837.000000,374.000000,428.000000,582.000000,1744086629214010
809,1744086629219821,116.553001,-84.622299,87.933197,116.553001,83.298897,241.300003,92.250000,-67.390999,69.860001,92.223999,66.361000,187.658005,-90.000000,-555.000000,612.000000,246.000000,502.000000,622.000000,1744086629218353
812,1744086629225406,117.038002,-84.967903,88.293098,117.038002,83.638901,242.380005,92.766998,-67.736000,70.230003,92.757004,66.561996,188.270996,679.000000,-1251.000000,1511.000000,793.000000,476.000000,1222.000000,1744086629224857
814,1744086629231011,117.362000,-85.198402,88.533096,117.362000,83.865501,243.100006,93.206001,-68.039001,70.543999,93.182999,66.837997,189.304993,42.000000,-983.000000,1283.000000,-6.000000,486.000000,721.000000,1744086629229221
816,1744086629235535,117.684998,-85.428802,88.773102,117.684998,84.092201,243.820007,93.514000,-68.247002,70.778000,93.432999,67.140999,190.287003,-219.000000,-967.000000,948.000000,292.000000,781.000000,605.000000,1744086629233528
819,1744086629241145,118.170998,-85.774498,89.133003,118.170998,84.432198,244.899994,94.022003,-68.595001,71.136002,93.922997,67.379997,190.934998,-377.000000,-914.000000,848.000000,476.000000,571.000000,625.000000,1744086629240025
821,1744086629245593,118.494003,-86.004997,89.373001,118.494003,84.658798,245.619995,94.269997,-68.814003,71.408997,94.275002,67.617996,191.755997,359.000000,-1577.000000,1162.000000,682.000000,569.000000,1295.000000,1744086629244327
824,1744086629251070,118.980003,-86.350601,89.733002,118.980003,84.998802,246.699997,94.695000,-69.136002,71.723999,94.681999,67.910004,192.677994,592.000000,-1389.000000,1322.000000,441.000000,745.000000,977.000000,1744086629250865
826,1744086629255492,119.303001,-86.581100,89.972900,119.303001,85.225502,247.419998,95.001999,-69.351997,71.928001,95.022003,68.189003,193.664993,-231.000000,-1029.000000,768.000000,302.000000,797.000000,660.000000,1744086629255226
828,1744086629261109,119.626999,-86.811501,90.212898,119.626999,85.452103,248.139999,95.486000,-69.672997,72.223999,95.490997,68.394997,194.367996,-373.000000,-813.000000,882.000000,153.000000,616.000000,702.000000,1744086629259563
830,1744086629265588,119.950996,-87.042000,90.452904,119.950996,85.678802,248.860001,95.791000,-69.897003,72.445000,95.765999,68.739998,195.343002,-261.000000,-729.000000,1117.000000,134.000000,644.000000,535.000000,1744086629263889
833,1744086629271145,120.435997,-87.387703,90.812897,120.435997,86.018700,249.940002,96.216003,-70.202003,72.792000,96.184998,69.077003,196.320999,231.000000,-1189.000000,1468.000000,547.000000,644.000000,1174.000000,1744086629270393
836,1744086629277807,120.920998,-87.733299,91.172798,120.920998,86.358704,251.020004,96.216003,-70.202003,72.792000,96.184998,69.077003,196.320999,231.000000,-1189.000000,1468.000000,547.000000,644.000000,1174.000000,1744086629276867
838,1744086629282262,121.245003,-87.963799,91.412804,121.245003,86.585403,251.740005,96.612999,-70.514999,73.122002,96.598000,69.290001,196.908997,134.000000,-927.000000,1145.000000,143.000000,555.000000,700.000000,1744086629281172
840,1744086629286675,121.568001,-88.194199,91.652802,121.568001,86.811996,252.460007,97.370003,-71.040001,73.653000,97.373001,69.771004,198.552994,-485.000000,-745.000000,1371.000000,291.000000,798.000000,660.000000,1744086629285511
843,1744086629292201,122.054001,-88.539902,92.012703,122.054001,87.152000,253.539993,97.670998,-71.252998,73.862000,97.679001,70.101997,199.513000,-270.000000,-737.000000,1345.000000,140.000000,480.000000,704.000000,1744086629292020
845,1744086629296674,122.376999,-88.770401,92.252701,122.376999,87.378601,254.259995,98.115997,-71.580002,74.164001,98.091003,70.380997,200.544998,539.000000,-1094.000000,1972.000000,645.000000,596.000000,1167.000000,1744086629296336
847,1744086629302219,122.700996,-89.000801,92.492699,122.700996,87.605301,254.979996,98.514999,-71.873001,74.527000,98.540001,70.669998,201.537994,-125.000000,-879.000000,1537.000000,237.000000,674.000000,678.000000,1744086629300667
849,1744086629306680,123.025002,-89.231300,92.732597,123.025002,87.831902,255.699997,98.514999,-71.873001,74.527000,98.540001,70.669998,201.537994,-125.000000,-879.000000,1537.000000,237.000000,674.000000,678.000000,1744086629305003
852,1744086629312253,123.510002,-89.576897,93.092598,123.510002,88.171898,256.779999,98.988998,-72.180000,74.851997,98.922997,70.897003,202.126007,-286.000000,-740.000000,1122.000000,205.000000,848.000000,720.000000,1744086629311505
854,1744086629316755,123.834000,-89.807404,93.332603,123.834000,88.398598,257.500000,99.436996,-72.496002,75.193001,99.389999,71.258003,203.100998,-181.000000,-840.000000,801.000000,241.000000,389.000000,598.000000,1744086629315783
857,1744086629322405,124.319000,-90.153099,93.692497,124.319000,88.738602,258.579987,99.801003,-72.599998,75.307999,99.544998,71.500000,203.921005,909.000000,-1099.000000,1245.000000,418.000000,609.000000,1267.000000,1744086629322360
859,1744086629327936,124.642998,-90.383499,93.932503,124.642998,88.965202,259.299988,100.097000,-72.959999,75.655998,100.056000,71.790001,204.917999,541.000000,-1138.000000,1050.000000,268.000000,295.000000,723.000000,1744086629326715
862,1744086629333420,125.127998,-90.729202,94.292503,125.127998,89.305199,260.380005,100.552002,-73.271004,75.984001,100.511002,72.087997,205.927002,-282.000000,-721.000000,989.000000,221.000000,589.000000,636.000000,1744086629333242
864,1744086629337793,125.452003,-90.959602,94.532402,125.452003,89.531799,261.100006,100.995003,-73.560997,76.308998,100.974998,72.303001,206.591995,-472.000000,-887.000000,1056.000000,322.000000,673.000000,614.000000,1744086629337566
866,1744086629343247,125.775002,-91.190102,94.772400,125.775002,89.758499,261.820007,101.370003,-73.836998,76.575996,101.291000,72.693001,207.641998,104.000000,-1013.000000,1504.000000,346.000000,634.000000,1289.000000,1744086629341900
869,1744086629348685,126.261002,-91.535698,95.132401,126.261002,90.098503,262.899994,101.660004,-74.059998,76.804001,101.608002,72.898003,208.324005,637.000000,-1354.000000,1865.000000,535.000000,557.000000,913.000000,1744086629348401
871,1744086629353055,126.584000,-91.766197,95.372299,126.584000,90.325104,263.619995,102.085999,-74.387001,77.152000,102.064003,73.160004,209.322998,-230.000000,-552.000000,1435.000000,116.000000,526.000000,638.000000,1744086629352743
873,1744086629358491,126.907997,-91.996597,95.612297,126.907997,90.551804,264.339996,102.523003,-74.700996,77.457001,102.468002,73.387001,210.001999,-289.000000,-706.000000,1310.000000,218.000000,832.000000,597.000000,1744086629357098
875,1744086629362863,127.231003,-92.227097,95.852303,127.231003,90.778397,265.059998,102.966003,-74.995003,77.782997,102.789001,73.742996,210.988007,-315.000000,-497.000000,1237.000000,286.000000,625.000000,626.000000,1744086629361435
878,1744086629368305,127.717003,-92.572800,96.212303,127.717003,91.118401,266.140015,103.264000,-75.208000,77.982002,103.220001,73.949997,211.632996,-203.000000,-631.000000,1181.000000,319.000000,419.000000,881.000000,1744086629367963
880,1744086629373917,128.039993,-92.803200,96.452202,128.039993,91.345001,266.859985,103.579002,-75.473999,78.262001,103.555000,74.266998,212.703995,764.000000,-1437.000000,2177.000000,674.000000,674.000000,1071.000000,1744086629372292
883,1744086629379505,128.526001,-93.148903,96.812202,128.526001,91.684998,267.940002,104.022003,-75.791000,78.613998,104.021004,74.452003,213.386993,-186.000000,-755.000000,1342.000000,19.000000,603.000000,621.000000,1744086629378789
885,1744086629383971,128.848999,-93.379303,97.052200,128.848999,91.911697,268.660004,104.499001,-76.099998,78.925003,104.466003,74.740997,214.376007,-488.000000,-845.000000,1214.000000,210.000000,808.000000,594.000000,1744086629383120
887,1744086629389514,129.173004,-93.609802,97.292099,129.173004,92.138298,269.380005,104.721001,-76.251999,79.124001,104.677002,75.016998,215.175995,-518.000000,-882.000000,1027.000000,157.000000,328.000000,518.000000,1744086629387457
890,1744086629394035,129.658005,-93.955498,97.652100,129.658005,92.478302,270.459991,105.233002,-76.624001,79.349998,104.956001,75.278000,215.988007,596.000000,-1274.000000,1499.000000,376.000000,695.000000,1156.000000,1744086629393956
892,1744086629399537,129.981995,-94.185898,97.892097,129.981995,92.705002,271.179993,105.541000,-76.836998,79.713997,105.491997,75.566002,217.018005,539.000000,-1112.000000,1304.000000,206.000000,356.000000,877.000000,1744086629398279
895,1744086629404990,130.466995,-94.531601,98.251999,130.466995,93.044899,272.260010,105.971001,-77.129997,80.049004,105.962997,75.915001,217.949005,-210.000000,-748.000000,1392.000000,157.000000,710.000000,540.000000,1744086629404780
897,1744086629410445,130.791000,-94.762001,98.491997,130.791000,93.271599,272.980011,106.445000,-77.456001,80.359001,106.417000,76.142998,218.617996,-391.000000,-741.000000,870.000000,266.000000,674.000000,749.000000,1744086629409109
899,1744086629414847,131.115005,-94.992500,98.732002,131.115005,93.498199,273.700012,106.745003,-77.674004,80.560997,106.712997,76.468002,219.264999,-162.000000,-810.000000,1288.000000,236.000000,537.000000,699.000000,1744086629413447
902,1744086629420352,131.600006,-95.338203,99.091904,131.600006,93.838203,274.779999,107.172997,-78.003998,80.901001,107.130997,76.650002,220.279007,88.000000,-875.000000,1876.000000,269.000000,487.000000,798.000000,1744086629419955
904,1744086629424805,131.923996,-95.568604,99.331902,131.923996,94.064903,275.500000,107.600998,-78.321999,81.220001,107.413002,76.930000,221.227997,-368.000000,-645.000000,1549.000000,250.000000,514.000000,621.000000,1744086629424258
906,1744086629430338,132.246994,-95.799103,99.571899,132.246994,94.291496,276.220001,107.900002,-78.527000,81.433998,107.836998,77.241997,222.235992,-435.000000,-555.000000,1414.000000,100.000000,683.000000,577.000000,1744086629428596
908,1744086629434768,132.570999,-96.029503,99.811897,132.570999,94.518204,276.940002,108.350998,-78.734001,81.649002,108.139000,77.428001,222.869003,-427.000000,-513.000000,1727.000000,218.000000,323.000000,691.000000,1744086629432930
911,1744086629440293,133.056000,-96.375198,100.171997,133.056000,94.858101,278.019989,108.693001,-79.067001,82.029999,108.646004,77.706001,223.731003,763.000000,-1321.000000,2182.000000,332.000000,914.000000,1272.000000,1744086629439373
913,1744086629444743,133.380005,-96.605598,100.412003,133.380005,95.084801,278.739990,109.120003,-79.376999,82.364998,108.960999,78.026001,224.632996,-42.000000,-724.000000,1421.000000,131.000000,341.000000,930.000000,1744086629443669
916,1744086629450211,133.865005,-96.951302,100.772003,133.865005,95.424797,279.820007,109.401001,-79.589996,82.582001,109.373001,78.206001,225.302002,-390.000000,-855.000000,1216.000000,74.000000,703.000000,551.000000,1744086629450117
918,1744086629454619,134.188995,-97.181801,101.012001,134.188995,95.651398,280.540009,109.834999,-79.908997,82.886002,109.797997,78.513000,226.251007,-262.000000,-878.000000,1283.000000,275.000000,601.000000,540.000000,1744086629454474
920,1744086629460161,134.511993,-97.412201,101.251999,134.511993,95.878098,281.260010,110.196999,-80.164001,83.172997,110.158997,78.779999,227.069000,422.000000,-1037.000000,1422.000000,429.000000,672.000000,803.000000,1744086629458825
923,1744086629465729,134.998001,-97.757896,101.612000,134.998001,96.218102,282.339996,110.573997,-80.436996,83.311996,110.393997,79.031998,227.897003,536.000000,-1106.000000,2017.000000,597.000000,523.000000,1075.000000,1744086629465377
925,1744086629471295,135.320999,-97.988297,101.851997,135.320999,96.444702,283.059998,110.866997,-80.635002,83.674004,110.879997,79.304001,228.932999,71.000000,-568.000000,1506.000000,179.000000,416.000000,570.000000,1744086629469727
927,1744086629475762,135.645004,-98.218803,102.092003,135.645004,96.671402,283.779999,111.282997,-80.954002,84.008003,111.276001,79.633003,229.835999,-438.000000,-799.000000,1552.000000,207.000000,708.000000,549.000000,1744086629474021
930,1744086629481334,136.130005,-98.564499,102.452003,136.130005,97.011299,284.859985,111.753998,-81.263000,84.332001,111.725998,79.855003,230.483002,-606.000000,-523.000000,1599.000000,209.000000,506.000000,583.000000,1744086629480516
932,1744086629485827,136.453995,-98.794899,102.692001,136.453995,97.237999,285.579987,112.144997,-81.412003,84.489998,111.945000,80.130997,231.285004,197.000000,-791.000000,1856.000000,354.000000,486.000000,1013.000000,1744086629484858
935,1744086629491392,136.938995,-99.140602,103.052002,136.938995,97.578003,286.660004,112.434998,-81.720001,84.815002,112.375999,80.439003,232.268005,298.000000,-1090.000000,1696.000000,327.000000,407.000000,829.000000,1744086629491385
937,1744086629495814,137.263000,-99.371002,103.291000,137.263000,97.804604,287.380005,112.434998,-81.720001,84.815002,112.375999,80.439003,232.268005,298.000000,-1090.000000,1696.000000,327.000000,407.000000,829.000000,1744086629495745
939,1744086629501296,137.585999,-99.601501,103.530998,137.585999,98.031303,288.100006,113.169998,-82.239998,85.329002,113.141998,80.949997,233.908997,-284.000000,-480.000000,1556.000000,57.000000,649.000000,637.000000,1744086629500082
941,1744086629505723,137.910004,-99.831902,103.771004,137.910004,98.257896,288.820007,113.606003,-82.528999,85.656998,113.575996,81.138000,234.570999,-328.000000,-573.000000,1743.000000,173.000000,472.000000,511.000000,1744086629504382
944,1744086629511336,138.395004,-100.178001,104.130997,138.395004,98.597900,289.899994,113.973999,-82.822998,85.932999,113.902000,81.501999,235.695007,74.000000,-1128.000000,1872.000000,321.000000,640.000000,1249.000000,1744086629510887
946,1744086629516972,138.718994,-100.407997,104.371002,138.718994,98.824600,290.619995,114.374001,-83.114998,86.266998,114.307999,81.790001,236.259995,481.000000,-776.000000,1577.000000,286.000000,311.000000,996.000000,1744086629515215
949,1744086629522592,139.203995,-100.753998,104.731003,139.203995,99.164497,291.700012,114.661003,-83.337997,86.485001,114.585999,81.961998,237.270004,-235.000000,-698.000000,1268.000000,60.000000,362.000000,610.000000,1744086629521731
951,1744086629527130,139.528000,-100.984001,104.971001,139.528000,99.391197,292.420013,115.107002,-83.642998,86.802002,115.063004,82.176003,237.925003,-360.000000,-588.000000,1375.000000,45.000000,775.000000,546.000000,1744086629526028
954,1744086629532602,140.013000,-101.330002,105.331001,140.013000,99.731201,293.500000,115.344002,-83.791000,86.952003,115.287003,82.559998,239.061005,-187.000000,-833.000000,1608.000000,333.000000,577.000000,1385.000000,1744086629532541
956,1744086629537011,140.337006,-101.559998,105.570999,140.337006,99.957802,294.220001,115.942001,-84.208000,87.360001,115.878998,82.879997,240.072998,229.000000,-1081.000000,2144.000000,307.000000,483.000000,899.000000,1744086629536901
959,1744086629543536,140.822006,-101.905998,105.931000,140.822006,100.297997,295.299988,116.348999,-84.521004,87.716003,116.308998,83.072998,240.731995,-175.000000,-919.000000,1517.000000,148.000000,482.000000,642.000000,1744086629543406
961,1744086629547944,141.145996,-102.136002,106.170998,141.145996,100.524002,296.019989,116.603996,-84.736000,87.948997,116.573997,83.390999,241.306000,-351.000000,-605.000000,1796.000000,285.000000,726.000000,517.000000,1744086629547768
963,1744086629553471,141.470001,-102.366997,106.411003,141.470001,100.750999,296.739990,117.052002,-85.049004,88.290001,117.036003,83.602997,242.317993,-342.000000,-508.000000,1649.000000,216.000000,300.000000,592.000000,1744086629552164
965,1744086629557973,141.792999,-102.597000,106.651001,141.792999,100.977997,297.459991,117.522003,-85.349998,88.517998,117.349998,83.904999,243.334000,676.000000,-1060.000000,2110.000000,509.000000,600.000000,1107.000000,1744086629556498
968,1744086629563607,142.279007,-102.943001,107.011002,142.279007,101.318001,298.540009,117.831001,-85.560997,88.817001,117.834999,84.204002,244.311996,174.000000,-993.000000,1742.000000,80.000000,487.000000,740.000000,1744086629563018
970,1744086629568139,142.602005,-103.172997,107.250999,142.602005,101.543999,299.260010,117.831001,-85.560997,88.817001,117.834999,84.204002,244.311996,174.000000,-993.000000,1742.000000,80.000000,487.000000,740.000000,1744086629567355
972,1744086629572655,142.925995,-103.403999,107.490997,142.925995,101.771004,299.980011,118.583000,-86.091003,89.375000,118.509003,84.742996,245.983002,-462.000000,-654.000000,1469.000000,21.000000,752.000000,540.000000,1744086629571622
975,1744086629578196,143.410995,-103.750000,107.850998,143.410995,102.111000,301.059998,118.970001,-86.348000,89.643997,118.873001,85.045998,246.798996,-632.000000,-706.000000,1579.000000,197.000000,460.000000,544.000000,1744086629578088
977,1744086629582623,143.735001,-103.980003,108.091003,143.735001,102.337997,301.779999,119.391998,-86.662003,89.963997,119.275002,85.220001,247.384995,490.000000,-1125.000000,1990.000000,532.000000,605.000000,1098.000000,1744086629582454
980,1744086629589167,144.220001,-104.325996,108.450996,144.220001,102.678001,302.859985,119.818001,-86.882004,90.200996,119.609001,85.505997,248.369995,-78.000000,-953.000000,1909.000000,86.000000,659.000000,809.000000,1744086629588979
982,1744086629594647,144.544006,-104.556000,108.691002,144.544006,102.903999,303.579987,120.110001,-87.193001,90.529999,120.046997,85.759003,249.391998,-276.000000,-673.000000,2108.000000,-35.000000,488.000000,565.000000,1744086629593333
984,1744086629599086,144.867004,-104.787003,108.931000,144.867004,103.130997,304.299988,120.563004,-87.487999,90.818001,120.470001,86.119003,250.029999,-288.000000,-509.000000,1668.000000,194.000000,433.000000,623.000000,1744086629597673
987,1744086629604684,145.352997,-105.132004,109.291000,145.352997,103.471001,305.380005,120.947998,-87.737999,91.091003,120.806999,86.388000,251.188004,260.000000,-748.000000,2599.000000,562.000000,587.000000,1162.000000,1744086629604177
989,1744086629609181,145.675995,-105.362999,109.530998,145.675995,103.697998,306.100006,121.392998,-87.914001,91.310997,121.099998,86.589996,251.845993,750.000000,-1425.000000,2127.000000,468.000000,465.000000,824.000000,1744086629608515
991,1744086629613690,146.000000,-105.593002,109.771004,146.000000,103.924004,306.820007,121.636002,-88.250000,91.634003,121.516998,86.884003,252.722000,40.000000,-750.000000,1151.000000,228.000000,334.000000,653.000000,1744086629612838
993,1744086629619357,146.324005,-105.823997,110.011002,146.324005,104.151001,307.540009,122.063004,-88.570000,91.955002,121.985001,87.194000,253.766998,-311.000000,-786.000000,1662.000000,28.000000,647.000000,527.000000,1744086629617140
996,1744086629623787,146.809006,-106.168999,110.371002,146.809006,104.490997,308.619995,122.358002,-88.778999,92.175003,122.296997,87.431000,254.417007,-142.000000,-764.000000,2065.000000,82.000000,919.000000,1303.000000,1744086629623750
998,1744086629629275,147.132996,-106.400002,110.611000,147.132996,104.717003,309.339996,122.820000,-89.084000,92.487000,122.744003,87.716003,255.419006,493.000000,-1282.000000,2252.000000,282.000000,417.000000,917.000000,1744086629628149
1001,1744086629634783,147.617996,-106.745003,110.971001,147.617996,105.056999,310.420013,123.123001,-89.308998,92.723999,123.029999,87.919998,256.122009,100.000000,-822.000000,2098.000000,121.000000,481.000000,772.000000,1744086629634664
1003,1744086629640265,147.940994,-106.975998,111.210999,147.940994,105.283997,311.140015,123.123001,-89.308998,92.723999,123.029999,87.919998,256.122009,100.000000,-822.000000,2098.000000,121.000000,481.000000,772.000000,1744086629639004
1005,1744086629644661,148.264999,-107.206001,111.450996,148.264999,105.511002,311.859009,123.959999,-89.943001,93.419998,123.916000,88.415001,257.678009,-220.000000,-565.000000,1688.000000,99.000000,412.000000,584.000000,1744086629643347
1008,1744086629650166,148.750000,-107.552002,111.810997,148.750000,105.850998,312.937012,124.351997,-90.188004,93.688004,124.289001,88.783997,258.846985,-287.000000,-555.000000,1469.000000,164.000000,489.000000,781.000000,1744086629649851
1010,1744086629654722,149.074005,-107.781998,112.051003,149.074005,106.077003,313.654999,124.747002,-90.445999,93.957001,124.624001,88.933998,259.355988,523.000000,-1403.000000,2032.000000,577.000000,500.000000,1198.000000,1744086629654185
1012,1744086629660316,149.397995,-108.013000,112.290001,149.397995,106.304001,314.372009,125.171997,-90.775002,94.261002,124.928001,89.247002,260.348999,159.000000,-1112.000000,1743.000000,359.000000,691.000000,869.000000,1744086629658516
1014,1744086629664810,149.720993,-108.242996,112.529999,149.720993,106.530998,315.088013,125.466003,-91.001999,94.473999,125.370003,89.571999,261.325989,-365.000000,-682.000000,1692.000000,233.000000,408.000000,791.000000,1744086629662804
1017,1744086629670455,150.207001,-108.588997,112.889999,150.207001,106.871002,316.160004,125.922997,-91.300003,94.816002,125.834000,89.889999,262.328003,-398.000000,-270.000000,2241.000000,53.000000,368.000000,560.000000,1744086629669273
1019,1744086629674925,150.529999,-108.819000,113.129997,150.529999,107.097000,316.872009,125.922997,-91.300003,94.816002,125.834000,89.889999,262.328003,-398.000000,-270.000000,2241.000000,53.000000,368.000000,560.000000,1744086629673598
1022,1744086629680429,151.016006,-109.165001,113.489998,151.016006,107.436996,317.937988,126.237999,-91.539001,95.043999,126.123001,90.107002,263.160004,-271.000000,-664.000000,1981.000000,259.000000,418.000000,1092.000000,1744086629680155
1024,1744086629684984,151.339005,-109.396004,113.730003,151.339005,107.664001,318.645996,126.734001,-91.866997,95.425003,126.646004,90.417000,264.028015,285.000000,-749.000000,1887.000000,159.000000,563.000000,642.000000,1744086629684482
1026,1744086629690572,151.662994,-109.625999,113.970001,151.662994,107.890999,319.351990,127.014000,-92.091003,95.651001,126.935997,90.603996,264.726990,-205.000000,-787.000000,2046.000000,11.000000,400.000000,583.000000,1744086629688812
1028,1744086629695134,151.985992,-109.856003,114.209999,151.985992,108.116997,320.056000,127.427002,-92.410004,95.976997,127.331001,90.899002,265.669006,-359.000000,-628.000000,1850.000000,-12.000000,470.000000,647.000000,1744086629693147
1031,1744086629699690,152.472000,-110.202003,114.570000,152.472000,108.457001,321.108002,127.796997,-92.642998,96.233002,127.688004,91.248001,266.481995,-229.000000,-468.000000,1768.000000,172.000000,563.000000,1063.000000,1744086629699673
1034,1744086629707364,152.957001,-110.547997,114.930000,152.957001,108.796997,322.153992,128.330994,-92.973000,96.583000,128.255005,91.528999,267.334015,822.000000,-1258.000000,2238.000000,298.000000,508.000000,1120.000000,1744086629706141
1036,1744086629711787,153.281006,-110.778000,115.169998,153.281006,109.024002,322.846985,128.604004,-93.156998,96.824997,128.574005,91.672997,267.967010,70.000000,-894.000000,1770.000000,-28.000000,336.000000,924.000000,1744086629710473
1039,1744086629717278,153.766006,-111.124001,115.529999,153.766006,109.363998,323.881989,129.365005,-93.765999,97.440002,129.350006,92.202003,269.602997,-213.000000,-631.000000,1859.000000,226.000000,560.000000,645.000000,1744086629716978
1041,1744086629721807,154.089996,-111.353996,115.769997,154.089996,109.591003,324.567993,129.365005,-93.765999,97.440002,129.350006,92.202003,269.602997,-213.000000,-631.000000,1859.000000,226.000000,560.000000,645.000000,1744086629721310
1043,1744086629727404,154.412994,-111.584999,116.010002,154.412994,109.817001,325.251007,130.059998,-94.241997,97.946999,129.970001,92.792999,271.597992,408.000000,-1081.000000,2415.000000,353.000000,406.000000,782.000000,1744086629725671
1046,1744086629733029,154.899002,-111.931000,116.370003,154.899002,110.156998,326.268005,130.494995,-94.572998,98.236000,130.427994,93.066002,272.597992,-275.000000,-549.000000,1583.000000,130.000000,448.000000,671.000000,1744086629732170
1048,1744086629737555,155.222000,-112.161003,116.610001,155.222000,110.384003,326.941010,130.936005,-94.882004,98.552002,130.899994,93.390999,273.278992,-321.000000,-389.000000,2232.000000,-29.000000,474.000000,528.000000,1744086629736522
1051,1744086629743096,155.707993,-112.507004,116.970001,155.707993,110.723999,327.944000,131.322998,-95.137001,98.825996,131.274994,93.563004,274.095001,-247.000000,-608.000000,2359.000000,-120.000000,416.000000,632.000000,1744086629743042
1053,1744086629747522,156.031006,-112.737000,117.209999,156.031006,110.949997,328.606995,131.606003,-95.331001,99.055000,131.559006,93.941002,275.002014,552.000000,-1405.000000,2489.000000,501.000000,620.000000,1160.000000,1744086629747378
1056,1744086629755133,156.516998,-113.083000,117.570000,156.516998,111.290001,329.593994,132.065002,-95.648003,99.400002,131.927994,94.186996,276.020996,248.000000,-913.000000,1928.000000,61.000000,379.000000,695.000000,1744086629753890
1058,1744086629758490,156.839996,-113.313004,117.809998,156.839996,111.516998,330.246002,132.065002,-95.648003,99.400002,131.927994,94.186996,276.020996,248.000000,-913.000000,1928.000000,61.000000,379.000000,695.000000,1744086629758189
1060,1744086629764110,157.164001,-113.543999,118.050003,157.164001,111.744003,330.893005,132.770996,-96.181999,99.968002,132.697998,94.663002,277.647003,-259.000000,-633.000000,1781.000000,28.000000,298.000000,487.000000,1744086629762524
1062,1744086629768619,157.488007,-113.774002,118.290001,157.488007,111.970001,331.535004,133.162994,-96.434998,100.228996,133.078003,95.018997,278.490997,-133.000000,-598.000000,2188.000000,151.000000,668.000000,1113.000000,1744086629766860
1065,1744086629774207,157.973007,-114.120003,118.650002,157.973007,112.309998,332.489990,133.649994,-96.737000,100.538002,133.535995,95.300003,279.501007,603.000000,-1121.000000,2629.000000,288.000000,459.000000,786.000000,1744086629773420
1067,1744086629779872,158.296997,-114.349998,118.889999,158.296997,112.537003,333.118988,134.089996,-97.035004,100.869003,133.966995,95.456001,280.144989,-211.000000,-1054.000000,1520.000000,210.000000,355.000000,660.000000,1744086629777737
1070,1744086629785455,158.781998,-114.695999,119.250000,158.781998,112.876999,334.053009,134.324997,-97.277000,101.097000,134.263000,95.795998,281.096985,-195.000000,-968.000000,1742.000000,292.000000,769.000000,535.000000,1744086629784250
1072,1744086629789937,159.106003,-114.926003,119.489998,159.106003,113.103996,334.667999,134.755005,-97.600998,101.439003,134.688004,96.025002,281.744995,-160.000000,-834.000000,2328.000000,-22.000000,487.000000,703.000000,1744086629788586
1075,1744086629795541,159.591003,-115.272003,119.849998,159.591003,113.444000,335.580994,135.123993,-97.847000,101.713997,135.085999,96.408997,282.906006,226.000000,-918.000000,1725.000000,347.000000,486.000000,992.000000,1744086629795130
1077,1744086629801138,159.914993,-115.501999,120.089996,159.914993,113.669998,336.181000,135.421997,-98.051003,101.925003,135.345993,96.568001,283.557007,761.000000,-1070.000000,2282.000000,462.000000,296.000000,874.000000,1744086629799488
1080,1744086629806760,160.399994,-115.848000,120.449997,160.399994,114.010002,337.070007,135.848007,-98.371002,102.252998,135.817001,96.836998,284.566010,0.000000,-690.000000,2297.000000,-92.000000,678.000000,712.000000,1744086629805984
1082,1744086629812327,160.723999,-116.079002,120.690002,160.723999,114.237000,337.654999,136.276993,-98.698997,102.555000,136.209000,97.010002,285.227997,-347.000000,-809.000000,2523.000000,-69.000000,273.000000,652.000000,1744086629810234
1085,1744086629816844,161.209000,-116.424004,121.050003,161.209000,114.577003,338.519012,136.654007,-98.970001,102.821999,136.399994,97.286003,286.000000,67.000000,-766.000000,1855.000000,138.000000,583.000000,672.000000,1744086629816727
1087,1744086629822388,161.531998,-116.654999,121.289001,161.531998,114.803001,339.087006,137.063995,-99.209000,103.081001,136.947998,97.510002,286.658997,576.000000,-1085.000000,2265.000000,332.000000,545.000000,1185.000000,1744086629821075
1090,1744086629827937,162.018005,-117.000000,121.649002,162.018005,115.142998,339.924988,137.487000,-99.503998,103.425003,137.259995,97.855003,287.868988,6.000000,-722.000000,1811.000000,71.000000,369.000000,772.000000,1744086629827597
1092,1744086629833531,162.341003,-117.231003,121.889000,162.341003,115.370003,340.475006,137.755997,-99.738998,103.670998,137.686005,98.220001,288.720001,-274.000000,-835.000000,1992.000000,195.000000,651.000000,570.000000,1744086629831949
1094,1744086629838074,162.664993,-117.460999,122.128998,162.664993,115.597000,341.016998,138.195007,-100.061996,103.982002,138.113007,98.554001,289.700989,-284.000000,-666.000000,2465.000000,112.000000,297.000000,618.000000,1744086629836253
1096,1744086629842562,162.988998,-117.692001,122.369003,162.988998,115.822998,341.552002,138.580994,-100.308998,104.255997,138.438004,98.717003,290.181000,-175.000000,-291.000000,2542.000000,130.000000,385.000000,621.000000,1744086629840568
1100,1744086629849255,163.636002,-118.153000,122.848999,163.636002,116.277000,342.596985,138.975006,-100.566002,104.522003,138.770996,99.004997,291.334015,882.000000,-1136.000000,2912.000000,817.000000,686.000000,834.000000,1744086629849252
1102,1744086629853706,163.959000,-118.383003,123.088997,163.959000,116.502998,343.108002,139.408997,-100.863998,104.852997,139.272995,99.209999,291.968994,5.000000,-963.000000,1448.000000,25.000000,415.000000,763.000000,1744086629853586
1104,1744086629859219,164.283005,-118.613998,123.329002,164.283005,116.730003,343.610992,139.794998,-101.157997,105.158997,139.738998,99.503998,292.903015,-213.000000,-1174.000000,1779.000000,20.000000,449.000000,589.000000,1744086629857924
1106,1744086629863660,164.604996,-118.844002,123.569000,164.604996,116.957001,344.105988,140.063004,-101.378998,105.386002,140.011993,99.702003,293.472992,-320.000000,-1019.000000,2203.000000,59.000000,516.000000,647.000000,1744086629862234
1109,1744086629869293,165.089005,-119.190002,123.929001,165.089005,117.296997,344.833008,140.505005,-101.667000,105.703003,140.440994,100.042000,294.445007,810.000000,-1305.000000,2436.000000,542.000000,684.000000,1082.000000,1744086629868745
1111,1744086629873793,165.410004,-119.419998,124.168999,165.410004,117.523003,345.308014,140.796005,-101.870003,105.920998,140.722000,100.349998,295.397003,560.000000,-1048.000000,2226.000000,94.000000,347.000000,740.000000,1744086629873105
1113,1744086629879349,165.729996,-119.651001,124.408997,165.729996,117.750000,345.774994,141.197998,-102.220001,106.238998,141.151001,100.558998,296.026001,-291.000000,-720.000000,2430.000000,89.000000,303.000000,653.000000,1744086629877443
1115,1744086629883860,166.048996,-119.880997,124.649002,166.048996,117.976997,346.234009,141.473999,-102.460999,106.463997,141.457993,100.847000,296.964996,-234.000000,-751.000000,2249.000000,6.000000,555.000000,503.000000,1744086629881718
1118,1744086629889406,166.524994,-120.226997,125.009003,166.524994,118.317001,346.907013,142.022003,-102.810997,106.675003,141.761993,101.122002,297.777008,-50.000000,-530.000000,1950.000000,23.000000,526.000000,536.000000,1744086629888236
1121,1744086629894857,166.996994,-120.571999,125.369003,166.996994,118.656998,347.562988,142.358994,-102.984001,107.064003,142.268005,101.376999,298.692993,691.000000,-1298.000000,2750.000000,624.000000,670.000000,1131.000000,1744086629894748
1123,1744086629900302,167.309998,-120.803001,125.609001,167.309998,118.883003,347.989014,142.778000,-103.297997,107.383003,142.677994,101.666000,299.523987,147.000000,-922.000000,1304.000000,168.000000,647.000000,779.000000,1744086629899078
1125,1744086629904704,167.621002,-121.032997,125.848999,167.621002,119.110001,348.407990,143.052002,-103.505997,107.580002,142.951996,101.875999,300.149994,-92.000000,-955.000000,2092.000000,131.000000,565.000000,518.000000,1744086629903413
1128,1744086629910147,168.082993,-121.378998,126.209000,168.082993,119.449997,349.022003,143.550995,-103.891998,107.859001,143.311996,102.152000,300.940002,-1.000000,-860.000000,2920.000000,213.000000,508.000000,625.000000,1744086629909914
1130,1744086629914523,168.389008,-121.609001,126.447998,168.389008,119.676003,349.420990,143.951004,-104.143997,108.274002,143.828003,102.440002,301.713013,1112.000000,-1129.000000,2466.000000,450.000000,782.000000,992.000000,1744086629914218
1133,1744086629921186,168.841995,-121.954002,126.806000,168.841995,120.015999,350.003998,144.434006,-104.422997,108.470001,144.143997,102.772003,302.652008,310.000000,-896.000000,1967.000000,168.000000,350.000000,665.000000,1744086629920744
1135,1744086629925658,169.141006,-122.183998,127.043999,169.141006,120.241997,350.382996,144.735992,-104.651001,108.797997,144.628006,102.981003,303.269012,-26.000000,-941.000000,1404.000000,62.000000,411.000000,585.000000,1744086629925092
1137,1744086629931228,169.436996,-122.413002,127.280998,169.436996,120.467003,350.753998,145.166000,-104.982002,109.139999,144.912994,103.286003,304.161011,-125.000000,-1164.000000,2331.000000,129.000000,522.000000,623.000000,1744086629929442
1139,1744086629935754,169.729996,-122.640999,127.516998,169.729996,120.692001,351.117004,145.513000,-105.233002,109.392998,145.393997,103.555000,304.950012,-73.000000,-601.000000,2108.000000,78.000000,635.000000,490.000000,1744086629933776
1142,1744086629941340,170.162994,-122.981003,127.869003,170.162994,121.028000,351.645996,146.024002,-105.538002,109.709999,145.677002,103.899002,305.776001,779.000000,-1034.000000,2625.000000,643.000000,670.000000,956.000000,1744086629940599
1144,1744086629946822,170.447998,-123.206001,128.100998,170.447998,121.250000,351.989014,146.348007,-105.744003,109.947998,146.156006,104.130997,306.670013,277.000000,-625.000000,2475.000000,28.000000,296.000000,590.000000,1744086629944872
1147,1744086629952311,170.867996,-123.541000,128.447006,170.867996,121.581001,352.488007,146.779999,-106.067001,110.260002,146.442001,104.262001,307.226990,-73.000000,-1231.000000,1900.000000,1.000000,417.000000,591.000000,1744086629951266
1149,1744086629956745,171.143005,-123.763000,128.675003,171.143005,121.800003,352.811005,147.056000,-106.297997,110.482002,146.897995,104.654999,308.092987,-219.000000,-997.000000,2376.000000,72.000000,951.000000,583.000000,1744086629955548
1152,1744086629962202,171.548004,-124.092003,129.014008,171.548004,122.125000,353.279999,147.542999,-106.655998,110.887001,147.218002,104.949997,308.802002,698.000000,-1272.000000,2940.000000,324.000000,272.000000,818.000000,1744086629962024
1155,1744086629968691,171.944000,-124.416000,129.347000,171.944000,122.445000,353.731995,147.733002,-106.779999,111.057999,147.528000,105.197998,309.466003,899.000000,-1398.000000,2246.000000,662.000000,500.000000,673.000000,1744086629968580
1157,1744086629974137,172.201996,-124.629997,129.567001,172.201996,122.655998,354.023010,148.171997,-107.085999,111.379997,148.026993,105.483002,310.351990,401.000000,-779.000000,1824.000000,315.000000,379.000000,551.000000,1744086629972904
1159,1744086629978520,172.455994,-124.841003,129.783005,172.455994,122.864998,354.304993,148.580002,-107.417999,111.704002,148.479996,105.663002,310.893005,-83.000000,-821.000000,2502.000000,-100.000000,575.000000,508.000000,1744086629977251
1162,1744086629984011,172.826996,-125.153000,130.102997,172.826996,123.174004,354.714996,148.850006,-107.641998,111.888000,148.789993,106.000999,311.895996,-121.000000,-826.000000,2395.000000,79.000000,385.000000,501.000000,1744086629983742
1164,1744086629989537,173.067993,-125.357002,130.311996,173.067993,123.375999,354.977997,149.298996,-107.960999,112.232002,149.214005,106.291000,312.591003,615.000000,-1112.000000,2784.000000,412.000000,736.000000,703.000000,1744086629988091
1166,1744086629994032,173.304993,-125.557999,130.518005,173.304993,123.575996,355.233002,149.779007,-108.267998,112.581001,149.619995,106.581001,313.394989,427.000000,-877.000000,1799.000000,28.000000,219.000000,568.000000,1744086629992406
1168,1744086629998529,173.535004,-125.757004,130.720993,173.535004,123.772003,355.479004,150.070999,-108.454002,112.800003,149.923004,106.806000,313.929993,94.000000,-1102.000000,1713.000000,221.000000,610.000000,614.000000,1744086629996741
1171,1744086630004160,173.871002,-126.047997,131.018005,173.871002,124.060997,355.834991,150.524002,-108.851997,113.116997,150.371002,107.082001,314.398987,-194.000000,-951.000000,2195.000000,-100.000000,732.000000,387.000000,1744086630003168
1173,1744086630008634,174.087006,-126.237999,131.212006,174.087006,124.249001,356.062012,150.824005,-109.070000,113.373001,150.748001,107.447998,315.291992,656.000000,-1427.000000,3315.000000,467.000000,488.000000,542.000000,1744086630007511
1176,1744086630014157,174.401001,-126.515999,131.494995,174.401001,124.525002,356.386993,151.313004,-109.374001,113.718002,151.212997,107.711998,316.104004,265.000000,-598.000000,2542.000000,209.000000,527.000000,587.000000,1744086630014005
1178,1744086630019649,174.602005,-126.695999,131.677994,174.602005,124.704002,356.593994,151.623001,-109.584999,113.920998,151.501007,107.902000,316.619995,254.000000,-874.000000,1713.000000,414.000000,489.000000,583.000000,1744086630018332
1181,1744086630025115,174.891998,-126.959000,131.945007,174.891998,124.964996,356.889008,152.031006,-109.892998,114.223000,151.921005,108.161003,317.351990,-149.000000,-1007.000000,1681.000000,171.000000,444.000000,548.000000,1744086630024857
1183,1744086630029508,175.078003,-127.127998,132.117004,175.078003,125.133003,357.075989,152.431000,-110.218002,114.564003,152.354004,108.348000,317.877991,-114.000000,-1233.000000,2838.000000,239.000000,596.000000,644.000000,1744086630029187
1185,1744086630035017,175.255997,-127.293999,132.285004,175.255997,125.297997,357.256012,152.751999,-110.432999,114.807999,152.645004,108.785004,318.710999,278.000000,-1070.000000,2895.000000,242.000000,652.000000,540.000000,1744086630033513
1188,1744086630040604,175.511002,-127.532997,132.526993,175.511002,125.536003,357.510986,153.158005,-110.665001,115.094002,152.979004,109.042999,319.203003,644.000000,-877.000000,2092.000000,309.000000,419.000000,675.000000,1744086630040029
1190,1744086630045108,175.671997,-127.685997,132.682007,175.671997,125.688004,357.671997,153.643005,-110.971001,115.425003,153.462997,109.252998,319.894012,-26.000000,-824.000000,2393.000000,66.000000,317.000000,556.000000,1744086630044338
1192,1744086630049570,175.826004,-127.834000,132.830994,175.826004,125.835999,357.825989,154.061005,-111.314003,115.746002,153.858994,109.471001,320.386993,-157.000000,-1124.000000,2356.000000,14.000000,477.000000,431.000000,1744086630048672
1194,1744086630055164,175.973007,-127.976997,132.975006,175.973007,125.978996,357.972992,154.466995,-111.638000,116.063004,154.115997,109.819000,321.122986,-24.000000,-1297.000000,2351.000000,52.000000,692.000000,545.000000,1744086630052998
1197,1744086630059616,176.181000,-128.182007,133.181000,176.181000,126.182999,358.181000,154.686005,-111.763000,116.232002,154.470993,110.072998,321.703003,569.000000,-1420.000000,2615.000000,422.000000,686.000000,534.000000,1744086630059522
1200,1744086630066210,176.373993,-128.373993,133.373993,176.373993,126.374001,358.373993,155.093002,-112.084999,116.569000,154.891998,110.364998,322.319000,81.000000,-996.000000,1382.000000,103.000000,482.000000,620.000000,1744086630065980
1202,1744086630070657,176.494995,-128.494995,133.494995,176.494995,126.495003,358.494995,155.475006,-112.388000,116.872002,155.337997,110.538002,322.786011,-25.000000,-887.000000,2167.000000,-31.000000,344.000000,548.000000,1744086630070305
1204,1744086630076234,176.608994,-128.608994,133.608994,176.608994,126.609001,358.609009,155.848999,-112.725998,117.195000,155.753006,110.862000,323.471008,57.000000,-749.000000,3427.000000,105.000000,687.000000,561.000000,1744086630074653
1206,1744086630080723,176.718002,-128.718002,133.718002,176.718002,126.718002,358.717987,156.115005,-112.938004,117.428001,156.016006,111.228996,324.110992,128.000000,-634.000000,3462.000000,392.000000,618.000000,327.000000,1744086630079002
1209,1744086630086290,176.869995,-128.869995,133.869995,176.869995,126.870003,358.869995,156.490005,-113.167999,117.685997,156.334000,111.464996,324.688995,297.000000,-967.000000,2392.000000,240.000000,356.000000,464.000000,1744086630085503
1211,1744086630091902,176.964996,-128.964996,133.964996,176.964996,126.964996,358.964996,156.929993,-113.460999,118.009003,156.768005,111.638000,325.114014,44.000000,-882.000000,1504.000000,444.000000,392.000000,556.000000,1744086630089833
1214,1744086630097479,177.095993,-129.095993,134.095993,177.095993,127.096001,359.096008,157.324997,-113.766998,118.325996,157.192001,111.969002,325.759003,111.000000,-1551.000000,1582.000000,20.000000,804.000000,554.000000,1744086630096308
1216,1744086630101962,177.177002,-129.177002,134.177002,177.177002,127.177002,359.177002,157.546005,-113.990997,118.525002,157.431000,112.141998,326.122009,262.000000,-1624.000000,2160.000000,224.000000,705.000000,440.000000,1744086630100626
1219,1744086630107488,177.289993,-129.289993,134.289993,177.289993,127.290001,359.290009,157.957993,-114.303001,118.829002,157.643997,112.466003,326.726013,92.000000,-797.000000,2686.000000,200.000000,670.000000,497.000000,1744086630107138
1221,1744086630113110,177.358994,-129.358994,134.358994,177.358994,127.359001,359.359009,158.257004,-114.515999,119.054001,158.102005,112.733002,327.363007,-217.000000,-497.000000,2719.000000,-14.000000,194.000000,528.000000,1744086630111479
1223,1744086630117625,177.423004,-129.423004,134.423004,177.423004,127.422997,359.423004,158.684998,-114.801003,119.355003,158.449997,112.970001,327.964996,-258.000000,-600.000000,2392.000000,16.000000,405.000000,606.000000,1744086630115815
1226,1744086630123217,177.511993,-129.511993,134.511993,177.511993,127.512001,359.511993,158.945007,-114.990997,119.557999,158.692001,113.149002,328.355988,121.000000,-942.000000,1949.000000,208.000000,479.000000,578.000000,1744086630122254
1228,1744086630127746,177.565002,-129.565002,134.565002,177.565002,127.565002,359.565002,159.384995,-115.352997,119.936996,158.973999,113.419998,328.812012,11.000000,-1059.000000,2735.000000,210.000000,658.000000,625.000000,1744086630126600
1231,1744086630133237,177.638000,-129.638000,134.638000,177.638000,127.638000,359.638000,159.643005,-115.524002,120.161003,159.429001,113.764000,329.355988,91.000000,-1453.000000,2106.000000,-24.000000,702.000000,288.000000,1744086630133114
1233,1744086630138737,177.681000,-129.681000,134.681000,177.681000,127.681000,359.681000,159.979996,-115.802002,120.466003,159.779007,113.996002,329.747009,-25.000000,-999.000000,1426.000000,27.000000,498.000000,395.000000,1744086630137442
1236,1744086630144224,177.740005,-129.740005,134.740005,177.740005,127.739998,359.739990,160.227997,-116.008003,120.639999,160.028000,114.259003,330.296997,-61.000000,-734.000000,1226.000000,357.000000,400.000000,495.000000,1744086630143910
1238,1744086630148679,177.774994,-129.774994,134.774994,177.774994,127.775002,359.774994,160.589005,-116.301003,120.872002,160.363998,114.522003,330.804993,307.000000,-689.000000,2276.000000,337.000000,525.000000,578.000000,1744086630148204
1240,1744086630154251,177.806000,-129.806000,134.806000,177.806000,127.806000,359.806000,160.940994,-116.602997,121.166000,160.679001,114.717003,331.148010,40.000000,-634.000000,3055.000000,199.000000,482.000000,374.000000,1744086630152526
1243,1744086630159826,177.848007,-129.848007,134.848007,177.848007,127.848000,359.847992,161.207001,-116.822998,121.438004,160.975006,114.931999,331.593994,-188.000000,-683.000000,2202.000000,141.000000,371.000000,402.000000,1744086630158991
1245,1744086630164261,177.871994,-129.871994,134.871994,177.871994,127.872002,359.872009,161.386002,-117.000999,121.635002,161.173996,115.153000,332.078003,-153.000000,-616.000000,2018.000000,260.000000,418.000000,526.000000,1744086630163283
1247,1744086630168740,177.893997,-129.893997,134.893997,177.893997,127.893997,359.894012,161.699997,-117.259003,121.897003,161.544998,115.415001,332.571014,-189.000000,-1013.000000,2153.000000,-37.000000,456.000000,542.000000,1744086630167545
1250,1744086630174215,177.921005,-129.921005,134.921005,177.921005,127.920998,359.920990,161.912994,-117.438004,122.088997,161.738007,115.630997,332.976990,-14.000000,-947.000000,2383.000000,156.000000,508.000000,406.000000,1744086630174007
1252,1744086630178635,177.936005,-129.936005,134.936005,177.936005,127.935997,359.936005,162.268997,-117.740997,122.417000,162.158005,115.918999,333.450989,-222.000000,-658.000000,1399.000000,248.000000,510.000000,257.000000,1744086630178334
1254,1744086630184199,177.949997,-129.949997,134.949997,177.949997,127.949997,359.950012,162.570007,-118.001999,122.652000,162.468994,116.181000,333.769989,256.000000,-708.000000,1551.000000,55.000000,364.000000,494.000000,1744086630182660
1256,1744086630188667,177.960999,-129.960999,134.960999,177.960999,127.960999,359.960999,162.768997,-118.167000,122.820999,162.669006,116.345001,334.237000,126.000000,-603.000000,1748.000000,268.000000,248.000000,525.000000,1744086630186964
1259,1744086630194219,177.973999,-129.973999,134.973999,177.973999,127.973999,359.973999,163.069000,-118.391998,123.053001,162.949997,116.504997,334.553986,9.000000,-678.000000,1877.000000,37.000000,607.000000,587.000000,1744086630193490
1261,1744086630198679,177.981003,-129.981003,134.981003,177.981003,127.981003,359.980988,163.356995,-118.622002,123.306999,163.242996,116.732002,335.000000,-730.000000,-448.000000,2426.000000,-344.000000,121.000000,239.000000,1744086630197791
1263,1744086630204309,177.987000,-129.987000,134.987000,177.987000,127.987000,359.987000,163.520996,-118.794998,123.467003,163.395004,116.936996,335.380005,-507.000000,-725.000000,1872.000000,300.000000,578.000000,371.000000,1744086630202093
1266,1744086630209864,177.992996,-129.992996,134.992996,177.992996,127.992996,359.993011,163.520996,-118.794998,123.467003,163.395004,116.936996,335.380005,-507.000000,-725.000000,1872.000000,300.000000,578.000000,371.000000,1744086630208739
1269,1744086630215331,177.996994,-129.996994,134.996994,177.996994,127.997002,359.997009,163.966003,-119.182999,123.857002,163.843994,117.265999,336.085999,420.000000,-912.000000,1977.000000,587.000000,375.000000,439.000000,1744086630215260
1271,1744086630219721,177.998001,-129.998001,134.998001,177.998001,127.998001,359.997986,164.347000,-119.403000,124.075996,164.123993,117.538002,336.490997,262.000000,-736.000000,1988.000000,-49.000000,532.000000,549.000000,1744086630219576
1273,1744086630225190,177.998993,-129.998993,134.998993,177.998993,127.999001,359.998993,164.533005,-119.609001,124.303001,164.406998,117.678001,336.769989,-436.000000,-48.000000,1416.000000,105.000000,35.000000,64.000000,1744086630223919
1276,1744086630230642,178.000000,-130.000000,135.000000,178.000000,128.000000,360.000000,164.789001,-119.800003,124.528000,164.654007,117.858002,337.148010,-183.000000,-512.000000,1706.000000,-55.000000,419.000000,478.000000,1744086630230433
1278,1744086630235036,178.000000,-130.000000,135.000000,178.000000,128.000000,360.000000,164.789001,-119.800003,124.528000,164.654007,117.858002,337.148010,-183.000000,-512.000000,1706.000000,-55.000000,419.000000,478.000000,1744086630234763
1279,1744086630240497,178.000000,-130.000000,135.000000,178.000000,128.000000,360.000000,164.925995,-119.924004,124.653000,164.779007,118.101997,337.475006,-216.000000,-616.000000,1661.000000,418.000000,431.000000,308.000000,1744086630236932
1279,1744086630245036,178.000000,-130.000000,135.000000,178.000000,128.000000,360.000000,165.156006,-120.112000,124.832001,165.011002,118.302002,337.838989,-213.000000,-830.000000,2266.000000,-45.000000,447.000000,407.000000,1744086630236932
1279,1744086630250624,178.000000,-130.000000,135.000000,178.000000,128.000000,360.000000,165.320007,-120.238998,124.970001,165.119003,118.445999,338.122009,-17.000000,-925.000000,1980.000000,533.000000,378.000000,387.000000,1744086630236932
1279,1744086630255166,178.000000,-130.000000,135.000000,178.000000,128.000000,360.000000,165.582993,-120.458000,125.152000,165.417007,118.578003,338.412994,-387.000000,-444.000000,913.000000,-143.000000,339.000000,216.000000,1744086630236932
1279,1744086630259700,178.000000,-130.000000,135.000000,178.000000,128.000000,360.000000,165.815002,-120.584000,125.261002,165.529007,118.745003,338.774994,274.000000,-354.000000,1333.000000,489.000000,685.000000,328.000000,1744086630236932
1279,1744086630265318,178.000000,-130.000000,135.000000,178.000000,128.000000,360.000000,165.975006,-120.753998,125.425003,165.779007,118.844002,339.006012,445.000000,-881.000000,2249.000000,95.000000,404.000000,540.000000,1744086630236932
1279,1744086630269752,178.000000,-130.000000,135.000000,178.000000,128.000000,360.000000,166.128006,-120.866997,125.536003,165.899994,119.004997,339.294006,428.000000,-570.000000,2411.000000,-64.000000,458.000000,189.000000,1744086630236932
1279,1744086630275245,178.000000,-130.000000,135.000000,178.000000,128.000000,360.000000,166.397003,-121.040001,125.754997,166.143997,119.123001,339.576996,-526.000000,-145.000000,1571.000000,38.000000,164.000000,209.000000,1744086630236932
1279,1744086630279691,178.000000,-130.000000,135.000000,178.000000,128.000000,360.000000,166.518997,-121.149002,125.863998,166.279007,119.199997,339.781006,-502.000000,-330.000000,1606.000000,-358.000000,303.000000,374.000000,1744086630236932
1279,1744086630285279,178.000000,-130.000000,135.000000,178.000000,128.000000,360.000000,166.681000,-121.283997,125.998001,166.447998,119.329002,340.080994,-162.000000,-382.000000,1993.000000,409.000000,329.000000,429.000000,1744086630236932
1279,1744086630289743,178.000000,-130.000000,135.000000,178.000000,128.000000,360.000000,166.837997,-121.366997,126.100998,166.572006,119.450996,340.423004,1.000000,-745.000000,1977.000000,100.000000,430.000000,272.000000,1744086630236932
1279,1744086630295303,178.000000,-130.000000,135.000000,178.000000,128.000000,360.000000,166.964005,-121.521004,126.289001,166.804993,119.559998,340.667999,-30.000000,-479.000000,1377.000000,68.000000,397.000000,356.000000,1744086630236932
1279,1744086630299798,178.000000,-130.000000,135.000000,178.000000,128.000000,360.000000,167.074005,-121.621002,126.400002,166.901001,119.710999,340.898010,83.000000,-871.000000,1717.000000,386.000000,389.000000,391.000000,1744086630236932
1279,1744086630305359,178.000000,-130.000000,135.000000,178.000000,128.000000,360.000000,167.169006,-121.706001,126.488998,167.003998,119.796997,341.203003,413.000000,-814.000000,1651.000000,43.000000,315.000000,183.000000,1744086630236932
1279,1744086630309905,178.000000,-130.000000,135.000000,178.000000,128.000000,360.000000,167.328995,-121.867996,126.638000,167.195007,119.907997,341.382996,311.000000,-875.000000,1975.000000,139.000000,552.000000,594.000000,1744086630236932
1279,1744086630315485,178.000000,-130.000000,135.000000,178.000000,128.000000,360.000000,167.539993,-121.992996,126.762001,167.334000,120.002998,341.665985,368.000000,-692.000000,1741.000000,430.000000,438.000000,374.000000,1744086630236932
1279,1744086630319929,178.000000,-130.000000,135.000000,178.000000,128.000000,360.000000,167.725998,-122.070999,126.837997,167.453003,120.146004,341.923004,-198.000000,-559.000000,1788.000000,-8.000000,457.000000,279.000000,1744086630236932
1279,1744086630325440,178.000000,-130.000000,135.000000,178.000000,128.000000,360.000000,167.828995,-122.209999,126.978996,167.623001,120.290001,342.177002,-188.000000,-429.000000,1668.000000,-78.000000,293.000000,352.000000,1744086630236932
1279,1744086630329896,178.000000,-130.000000,135.000000,178.000000,128.000000,360.000000,167.962997,-122.334000,127.098000,167.709000,120.373001,342.320007,-117.000000,-625.000000,1791.000000,294.000000,425.000000,305.000000,1744086630236932
1279,1744086630335446,178.000000,-130.000000,135.000000,178.000000,128.000000,360.000000,168.102997,-122.401001,127.171997,167.875000,120.496002,342.601013,44.000000,-527.000000,1679.000000,95.000000,501.000000,348.000000,1744086630236932
1279,1744086630339869,178.000000,-130.000000,135.000000,178.000000,128.000000,360.000000,168.188995,-122.525002,127.288002,168.057007,120.573997,342.773987,-190.000000,-666.000000,2054.000000,-296.000000,518.000000,351.000000,1744086630236932
1279,1744086630345367,178.000000,-130.000000,135.000000,178.000000,128.000000,360.000000,168.278000,-122.613998,127.359001,168.173996,120.712997,343.079010,-195.000000,-685.000000,1497.000000,146.000000,447.000000,335.000000,1744086630236932
1279,1744086630349818,178.000000,-130.000000,135.000000,178.000000,128.000000,360.000000,168.354996,-122.681999,127.415001,168.251007,120.801003,343.237000,46.000000,-719.000000,1768.000000,364.000000,475.000000,331.000000,1744086630236932
1279,1744086630356378,178.000000,-130.000000,135.000000,178.000000,128.000000,360.000000,168.406998,-122.793999,127.532997,168.363998,120.901001,343.489990,328.000000,-826.000000,1867.000000,-17.000000,691.000000,533.000000,1744086630236932
1279,1744086630360825,178.000000,-130.000000,135.000000,178.000000,128.000000,360.000000,168.406998,-122.793999,127.532997,168.363998,120.901001,343.489990,328.000000,-826.000000,1867.000000,-17.000000,691.000000,533.000000,1744086630236932
1279,1744086630366329,178.000000,-130.000000,135.000000,178.000000,128.000000,360.000000,168.613007,-122.989998,127.739998,168.662003,121.075996,343.858002,462.000000,-661.000000,2107.000000,366.000000,436.000000,325.000000,1744086630236932
1279,1744086630370782,178.000000,-130.000000,135.000000,178.000000,128.000000,360.000000,168.699005,-123.056000,127.820000,168.723007,121.164001,344.089996,382.000000,-581.000000,1979.000000,436.000000,359.000000,287.000000,1744086630236932
1279,1744086630376294,178.000000,-130.000000,135.000000,178.000000,128.000000,360.000000,168.828995,-123.151001,127.916000,168.869003,121.237999,344.242004,290.000000,-576.000000,1622.000000,19.000000,416.000000,417.000000,1744086630236932
1279,1744086630380721,178.000000,-130.000000,135.000000,178.000000,128.000000,360.000000,168.923996,-123.214996,127.988998,168.979996,121.319000,344.459015,379.000000,-807.000000,1790.000000,83.000000,477.000000,426.000000,1744086630236932
1279,1744086630386239,178.000000,-130.000000,135.000000,178.000000,128.000000,360.000000,169.110992,-123.323997,128.112000,169.098007,121.401001,344.641998,81.000000,-496.000000,1906.000000,474.000000,354.000000,308.000000,1744086630236932
1279,1744086630390683,178.000000,-130.000000,135.000000,178.000000,128.000000,360.000000,169.233994,-123.375999,128.175995,169.169998,121.489998,344.786011,65.000000,-773.000000,1853.000000,336.000000,294.000000,396.000000,1744086630236932
1279,1744086630396203,178.000000,-130.000000,135.000000,178.000000,128.000000,360.000000,169.417007,-123.467003,128.276001,169.302994,121.538002,345.005005,388.000000,-593.000000,1690.000000,4.000000,443.000000,348.000000,1744086630236932
1279,1744086630400649,178.000000,-130.000000,135.000000,178.000000,128.000000,360.000000,169.567993,-123.566002,128.347000,169.397995,121.614998,345.218994,19.000000,-715.000000,2099.000000,48.000000,233.000000,458.000000,1744086630236932
1279,1744086630406147,178.000000,-130.000000,135.000000,178.000000,128.000000,360.000000,169.567993,-123.566002,128.347000,169.397995,121.614998,345.218994,19.000000,-715.000000,2099.000000,48.000000,233.000000,458.000000,1744086630236932
1279,1744086630410602,178.000000,-130.000000,135.000000,178.000000,128.000000,360.000000,169.653000,-123.625000,128.442001,169.496994,121.698997,345.429993,-125.000000,-686.000000,1837.000000,295.000000,506.000000,355.000000,1744086630236932
1279,1744086630416193,178.000000,-130.000000,135.000000,178.000000,128.000000,360.000000,169.766006,-123.717003,128.537003,169.608994,121.806000,345.654999,-302.000000,-680.000000,1932.000000,314.000000,345.000000,328.000000,1744086630236932
1279,1744086630420654,178.000000,-130.000000,135.000000,178.000000,128.000000,360.000000,169.822998,-123.768997,128.597000,169.695999,121.864998,345.792999,-238.000000,-607.000000,2028.000000,-22.000000,265.000000,293.000000,1744086630236932
1279,1744086630426189,178.000000,-130.000000,135.000000,178.000000,128.000000,360.000000,169.899002,-123.859001,128.679993,169.807007,121.947998,345.963989,51.000000,-668.000000,1583.000000,15.000000,455.000000,136.000000,1744086630236932
1279,1744086630430659,178.000000,-130.000000,135.000000,178.000000,128.000000,360.000000,169.949997,-123.954002,128.768005,169.921005,122.012001,346.105988,227.000000,-791.000000,1929.000000,442.000000,430.000000,405.000000,1744086630236932
1279,1744086630436206,178.000000,-130.000000,135.000000,178.000000,128.000000,360.000000,170.000000,-124.052002,128.865005,169.996994,122.085999,346.312012,441.000000,-593.000000,1897.000000,470.000000,197.000000,293.000000,1744086630236932
1279,1744086630440689,178.000000,-130.000000,135.000000,178.000000,128.000000,360.000000,170.057007,-124.109001,128.914001,170.119003,122.167000,346.500000,244.000000,-379.000000,1699.000000,133.000000,478.000000,426.000000,1744086630236932
1279,1744086630446226,178.000000,-130.000000,135.000000,178.000000,128.000000,360.000000,170.164993,-124.184998,129.001999,170.237000,122.250999,346.684998,442.000000,-649.000000,1948.000000,0.000000,424.000000,363.000000,1744086630236932
1279,1744086630450656,178.000000,-130.000000,135.000000,178.000000,128.000000,360.000000,170.237000,-124.237999,129.063004,170.322006,122.308998,346.808990,488.000000,-862.000000,1835.000000,150.000000,339.000000,236.000000,1744086630236932
1279,1744086630456202,178.000000,-130.000000,135.000000,178.000000,128.000000,360.000000,170.360001,-124.323997,129.143997,170.419006,122.392998,347.000000,317.000000,-829.000000,1641.000000,328.000000,431.000000,209.000000,1744086630236932
1279,1744086630460702,178.000000,-130.000000,135.000000,178.000000,128.000000,360.000000,170.503998,-124.411003,129.233002,170.520004,122.462997,347.130005,409.000000,-726.000000,1921.000000,249.000000,383.000000,389.000000,1744086630236932
1279,1744086630466255,178.000000,-130.000000,135.000000,178.000000,128.000000,360.000000,170.682999,-124.497002,129.311005,170.598999,122.551003,347.316010,170.000000,-552.000000,1560.000000,13.000000,234.000000,236.000000,1744086630236932
1279,1744086630470788,178.000000,-130.000000,135.000000,178.000000,128.000000,360.000000,170.811005,-124.544998,129.363998,170.725998,122.626999,347.500000,225.000000,-579.000000,1482.000000,-57.000000,411.000000,459.000000,1744086630236932
1279,1744086630476414,178.000000,-130.000000,135.000000,178.000000,128.000000,360.000000,170.966995,-124.606003,129.412994,170.800995,122.681000,347.618988,41.000000,-609.000000,1861.000000,165.000000,538.000000,229.000000,1744086630236932
1279,1744086630480944,178.000000,-130.000000,135.000000,178.000000,128.000000,360.000000,171.046005,-124.658997,129.488007,170.906998,122.765999,347.773987,-18.000000,-637.000000,2099.000000,233.000000,397.000000,231.000000,1744086630236932
1279,1744086630486523,178.000000,-130.000000,135.000000,178.000000,128.000000,360.000000,171.156998,-124.737000,129.570999,170.998001,122.839996,347.957001,-20.000000,-732.000000,1732.000000,107.000000,403.000000,434.000000,1744086630236932
1279,1744086630491069,178.000000,-130.000000,135.000000,178.000000,128.000000,360.000000,171.261002,-124.803001,129.645004,171.106995,122.886002,348.071014,-231.000000,-551.000000,1678.000000,-154.000000,487.000000,189.000000,1744086630236932
1279,1744086630496582,178.000000,-130.000000,135.000000,178.000000,128.000000,360.000000,171.356003,-124.870003,129.710007,171.216003,122.968002,348.229004,-44.000000,-733.000000,1504.000000,45.000000,339.000000,366.000000,1744086630236932
1279,1744086630500996,178.000000,-130.000000,135.000000,178.000000,128.000000,360.000000,171.404007,-124.917000,129.755997,171.272003,123.015999,348.343994,0.000000,-873.000000,1568.000000,144.000000,295.000000,327.000000,1744086630236932
1279,1744086630506478,178.000000,-130.000000,135.000000,178.000000,128.000000,360.000000,171.462997,-124.987999,129.828003,171.317993,123.084999,348.515015,145.000000,-691.000000,1926.000000,302.000000,526.000000,166.000000,1744086630236932
1279,1744086630510991,178.000000,-130.000000,135.000000,178.000000,128.000000,360.000000,171.503998,-125.040001,129.880005,171.388000,123.155998,348.661987,122.000000,-744.000000,2140.000000,243.000000,578.000000,422.000000,1744086630236932
1279,1744086630516562,178.000000,-130.000000,135.000000,178.000000,128.000000,360.000000,171.585007,-125.109001,129.953003,171.500000,123.217003,348.825012,327.000000,-697.000000,1878.000000,5.000000,368.000000,235.000000,1744086630236932
1279,1744086630521029,178.000000,-130.000000,135.000000,178.000000,128.000000,360.000000,171.585007,-125.109001,129.953003,171.500000,123.217003,348.825012,327.000000,-697.000000,1878.000000,5.000000,368.000000,235.000000,1744086630236932
1279,1744086630526580,178.000000,-130.000000,135.000000,178.000000,128.000000,360.000000,171.669998,-125.176003,130.020996,171.587006,123.255997,348.920990,212.000000,-687.000000,1761.000000,11.000000,368.000000,413.000000,1744086630236932
1279,1744086630531060,178.000000,-130.000000,135.000000,178.000000,128.000000,360.000000,171.742996,-125.249001,130.084000,171.639999,123.317001,349.083008,390.000000,-487.000000,1950.000000,79.000000,407.000000,334.000000,1744086630236932
1279,1744086630536553,178.000000,-130.000000,135.000000,178.000000,128.000000,360.000000,171.796997,-125.295998,130.138000,171.714005,123.365997,349.194000,247.000000,-629.000000,1979.000000,317.000000,274.000000,398.000000,1744086630236932
1279,1744086630540962,178.000000,-130.000000,135.000000,178.000000,128.000000,360.000000,171.901993,-125.358002,130.214005,171.764999,123.429001,349.360992,128.000000,-685.000000,1671.000000,361.000000,232.000000,140.000000,1744086630236932
1279,1744086630546517,178.000000,-130.000000,135.000000,178.000000,128.000000,360.000000,171.970993,-125.397003,130.264008,171.841995,123.490997,349.507996,235.000000,-607.000000,1633.000000,129.000000,327.000000,293.000000,1744086630236932
1279,1744086630551002,178.000000,-130.000000,135.000000,178.000000,128.000000,360.000000,172.074005,-125.459000,130.332993,171.936005,123.538002,349.653992,287.000000,-698.000000,1841.000000,-62.000000,436.000000,377.000000,1744086630236932
1279,1744086630555533,178.000000,-130.000000,135.000000,178.000000,128.000000,360.000000,172.154999,-125.528000,130.395004,172.028000,123.573997,349.759003,-156.000000,-801.000000,1907.000000,-33.000000,484.000000,230.000000,1744086630236932
1279,1744086630561139,178.000000,-130.000000,135.000000,178.000000,128.000000,360.000000,172.231995,-125.595001,130.457993,172.106003,123.630997,349.908997,123.000000,-763.000000,1998.000000,225.000000,325.000000,256.000000,1744086630236932
1279,1744086630565615,178.000000,-130.000000,135.000000,178.000000,128.000000,360.000000,172.289993,-125.641998,130.503006,172.160995,123.675003,350.005005,220.000000,-649.000000,1998.000000,236.000000,291.000000,373.000000,1744086630236932
1279,1744086630571164,178.000000,-130.000000,135.000000,178.000000,128.000000,360.000000,172.365005,-125.702003,130.570999,172.244995,123.724998,350.157990,69.000000,-739.000000,1709.000000,222.000000,305.000000,396.000000,1744086630236932
1279,1744086630575652,178.000000,-130.000000,135.000000,178.000000,128.000000,360.000000,172.404007,-125.745003,130.610001,172.296997,123.783997,350.277008,151.000000,-599.000000,1587.000000,98.000000,229.000000,289.000000,1744086630236932
1279,1744086630581173,178.000000,-130.000000,135.000000,178.000000,128.000000,360.000000,172.466003,-125.807999,130.677994,172.384995,123.838997,350.398987,227.000000,-619.000000,1717.000000,-43.000000,202.000000,391.000000,1744086630236932
1279,1744086630585644,178.000000,-130.000000,135.000000,178.000000,128.000000,360.000000,172.518997,-125.852997,130.725998,172.440002,123.869003,350.480011,273.000000,-689.000000,1970.000000,15.000000,296.000000,358.000000,1744086630236932
1279,1744086630591251,178.000000,-130.000000,135.000000,178.000000,128.000000,360.000000,172.632004,-125.910004,130.774994,172.522003,123.917999,350.630005,257.000000,-608.000000,1805.000000,155.000000,460.000000,334.000000,1744086630236932
1279,1744086630595762,178.000000,-130.000000,135.000000,178.000000,128.000000,360.000000,172.742004,-125.969002,130.835999,172.610001,123.957001,350.718994,171.000000,-707.000000,1979.000000,278.000000,501.000000,270.000000,1744086630236932
1279,1744086630601342,178.000000,-130.000000,135.000000,178.000000,128.000000,360.000000,172.828003,-126.028999,130.901001,172.660995,124.018997,350.843994,196.000000,-799.000000,1544.000000,274.000000,420.000000,221.000000,1744086630236932
1279,1744086630605815,178.000000,-130.000000,135.000000,178.000000,128.000000,360.000000,172.889999,-126.068001,130.940994,172.727997,124.082001,350.968994,49.000000,-729.000000,1763.000000,191.000000,282.000000,339.000000,1744086630236932
1279,1744086630611412,178.000000,-130.000000,135.000000,178.000000,128.000000,360.000000,172.985001,-126.125000,131.005005,172.811996,124.135002,351.095001,99.000000,-636.000000,1946.000000,37.000000,333.000000,382.000000,1744086630236932
1279,1744086630615912,178.000000,-130.000000,135.000000,178.000000,128.000000,360.000000,173.044998,-126.161003,131.042999,172.878006,124.164001,351.167999,199.000000,-524.000000,1816.000000,-78.000000,415.000000,371.000000,1744086630236932
1279,1744086630621381,178.000000,-130.000000,135.000000,178.000000,128.000000,360.000000,173.119003,-126.216003,131.091995,172.953003,124.220001,351.302002,-107.000000,-673.000000,1666.000000,30.000000,253.000000,370.000000,1744086630236932
1279,1744086630625741,178.000000,-130.000000,135.000000,178.000000,128.000000,360.000000,173.177994,-126.271004,131.145996,173.018997,124.258003,351.385986,-46.000000,-677.000000,1745.000000,207.000000,177.000000,419.000000,1744086630236932
1279,1744086630631204,178.000000,-130.000000,135.000000,178.000000,128.000000,360.000000,173.177994,-126.271004,131.145996,173.018997,124.258003,351.385986,-46.000000,-677.000000,1745.000000,207.000000,177.000000,419.000000,1744086630236932
1279,1744086630635602,178.000000,-130.000000,135.000000,178.000000,128.000000,360.000000,173.229004,-126.321999,131.201004,173.091995,124.311996,351.516998,280.000000,-697.000000,1877.000000,258.000000,378.000000,259.000000,1744086630236932
1279,1744086630641034,178.000000,-130.000000,135.000000,178.000000,128.000000,360.000000,173.272995,-126.355003,131.235001,173.132996,124.362000,351.638000,188.000000,-652.000000,1990.000000,323.000000,509.000000,338.000000,1744086630236932
1279,1744086630646493,178.000000,-130.000000,135.000000,178.000000,128.000000,360.000000,173.335007,-126.401001,131.285995,173.205002,124.411003,351.766998,166.000000,-645.000000,1955.000000,168.000000,418.000000,303.000000,1744086630236932
1279,1744086630650902,178.000000,-130.000000,135.000000,178.000000,128.000000,360.000000,173.373001,-126.438004,131.322006,173.251007,124.446999,351.842010,225.000000,-672.000000,1777.000000,164.000000,418.000000,365.000000,1744086630236932
1279,1744086630656352,178.000000,-130.000000,135.000000,178.000000,128.000000,360.000000,173.434006,-126.487999,131.373993,173.320999,124.512001,351.959991,205.000000,-760.000000,1665.000000,-65.000000,322.000000,398.000000,1744086630236932
1279,1744086630660723,178.000000,-130.000000,135.000000,178.000000,128.000000,360.000000,173.505997,-126.532997,131.425995,173.393997,124.549004,352.040009,274.000000,-612.000000,1865.000000,141.000000,289.000000,232.000000,1744086630236932
1279,1744086630666169,178.000000,-130.000000,135.000000,178.000000,128.000000,360.000000,173.574005,-126.572998,131.479996,173.460007,124.600998,352.161011,153.000000,-571.000000,1840.000000,205.000000,410.000000,162.000000,1744086630236932
1279,1744086630670598,178.000000,-130.000000,135.000000,178.000000,128.000000,360.000000,173.619003,-126.599998,131.511002,173.498001,124.638000,352.221008,159.000000,-583.000000,1595.000000,198.000000,339.000000,267.000000,1744086630236932
1279,1744086630676049,178.000000,-130.000000,135.000000,178.000000,128.000000,360.000000,173.677994,-126.647003,131.563995,173.533005,124.700996,352.341003,0.000000,-535.000000,1737.000000,264.000000,334.000000,366.000000,1744086630236932
1279,1744086630681498,178.000000,-130.000000,135.000000,178.000000,128.000000,360.000000,173.707993,-126.679001,131.595993,173.589996,124.752998,352.455994,134.000000,-653.000000,1485.000000,358.000000,335.000000,338.000000,1744086630236932
1279,1744086630685951,178.000000,-130.000000,135.000000,178.000000,128.000000,360.000000,173.757996,-126.721001,131.638000,173.649002,124.809998,352.558014,161.000000,-662.000000,1947.000000,239.000000,323.000000,162.000000,1744086630236932
1279,1744086630691406,178.000000,-130.000000,135.000000,178.000000,128.000000,360.000000,173.806000,-126.763000,131.679993,173.714005,124.836998,352.623993,219.000000,-645.000000,1831.000000,145.000000,511.000000,197.000000,1744086630236932
1279,1744086630695782,178.000000,-130.000000,135.000000,178.000000,128.000000,360.000000,173.847000,-126.808998,131.725998,173.768997,124.887001,352.725006,165.000000,-699.000000,1901.000000,85.000000,504.000000,273.000000,1744086630236932
1279,1744086630701276,178.000000,-130.000000,135.000000,178.000000,128.000000,360.000000,173.878998,-126.844002,131.755997,173.802994,124.917999,352.782990,212.000000,-606.000000,1823.000000,117.000000,535.000000,305.000000,1744086630236932
1279,1744086630705766,178.000000,-130.000000,135.000000,178.000000,128.000000,360.000000,173.938995,-126.891998,131.804001,173.860992,124.973999,352.894012,195.000000,-649.000000,1635.000000,187.000000,391.000000,336.000000,1744086630236932
1279,1744086630711382,178.000000,-130.000000,135.000000,178.000000,128.000000,360.000000,173.979004,-126.918999,131.830994,173.895004,125.019997,352.989990,180.000000,-658.000000,1790.000000,269.000000,286.000000,192.000000,1744086630236932
1279,1744086630715885,178.000000,-130.000000,135.000000,178.000000,128.000000,360.000000,174.035004,-126.959000,131.869995,173.953003,125.059998,353.089996,120.000000,-584.000000,1776.000000,262.000000,453.000000,246.000000,1744086630236932
1279,1744086630721515,178.000000,-130.000000,135.000000,178.000000,128.000000,360.000000,174.067993,-126.987999,131.899002,173.988998,125.086998,353.160004,82.000000,-519.000000,1734.000000,333.000000,464.000000,395.000000,1744086630236932
1279,1744086630726085,178.000000,-130.000000,135.000000,178.000000,128.000000,360.000000,174.110992,-127.028000,131.947006,174.041000,125.132004,353.242004,85.000000,-665.000000,1782.000000,347.000000,531.000000,279.000000,1744086630236932
1279,1744086630730643,178.000000,-130.000000,135.000000,178.000000,128.000000,360.000000,174.162994,-127.071999,131.990997,174.098999,125.167999,353.304993,175.000000,-779.000000,1350.000000,190.000000,373.000000,259.000000,1744086630236932
1279,1744086630736127,178.000000,-130.000000,135.000000,178.000000,128.000000,360.000000,174.216003,-127.116997,132.035004,174.138000,125.212997,353.394012,236.000000,-634.000000,1710.000000,122.000000,347.000000,236.000000,1744086630236932
1279,1744086630740579,178.000000,-130.000000,135.000000,178.000000,128.000000,360.000000,174.253998,-127.143997,132.061005,174.199005,125.244003,353.457001,259.000000,-595.000000,1689.000000,110.000000,353.000000,188.000000,1744086630236932
1279,1744086630746133,178.000000,-130.000000,135.000000,178.000000,128.000000,360.000000,174.311005,-127.186996,132.093994,174.235992,125.282997,353.549988,153.000000,-687.000000,2118.000000,102.000000,322.000000,306.000000,1744086630236932
1279,1744086630750694,178.000000,-130.000000,135.000000,178.000000,128.000000,360.000000,174.348007,-127.209999,132.121994,174.294006,125.320000,353.644012,139.000000,-589.000000,2101.000000,127.000000,543.000000,358.000000,1744086630236932
1279,1744086630756305,178.000000,-130.000000,135.000000,178.000000,128.000000,360.000000,174.348007,-127.209999,132.121994,174.294006,125.320000,353.644012,139.000000,-589.000000,2101.000000,127.000000,543.000000,358.000000,1744086630236932
1279,1744086630760843,178.000000,-130.000000,135.000000,178.000000,128.000000,360.000000,174.442001,-127.278000,132.186996,174.378998,125.376999,353.799011,141.000000,-620.000000,1858.000000,264.000000,606.000000,226.000000,1744086630236932
1279,1744086630766410,178.000000,-130.000000,135.000000,178.000000,128.000000,360.000000,174.488007,-127.320000,132.231995,174.431000,125.410004,353.897003,138.000000,-473.000000,1885.000000,165.000000,487.000000,276.000000,1744086630236932
1279,1744086630770985,178.000000,-130.000000,135.000000,178.000000,128.000000,360.000000,174.488007,-127.320000,132.231995,174.431000,125.410004,353.897003,138.000000,-473.000000,1885.000000,165.000000,487.000000,276.000000,1744086630236932
1279,1744086630776441,178.000000,-130.000000,135.000000,178.000000,128.000000,360.000000,174.563995,-127.389999,132.300003,174.516998,125.473999,354.048004,117.000000,-560.000000,1880.000000,159.000000,280.000000,313.000000,1744086630236932
1279,1744086630780807,178.000000,-130.000000,135.000000,178.000000,128.000000,360.000000,174.563995,-127.389999,132.300003,174.516998,125.473999,354.048004,117.000000,-560.000000,1880.000000,159.000000,280.000000,313.000000,1744086630236932
1279,1744086630786274,178.000000,-130.000000,135.000000,178.000000,128.000000,360.000000,174.612000,-127.426003,132.343994,174.567993,125.499001,354.097992,131.000000,-682.000000,1590.000000,63.000000,378.000000,291.000000,1744086630236932
1279,1744086630790720,178.000000,-130.000000,135.000000,178.000000,128.000000,360.000000,174.656006,-127.462997,132.378998,174.604004,125.535004,354.174988,127.000000,-685.000000,1853.000000,70.000000,351.000000,291.000000,1744086630236932
1279,1744086630796188,178.000000,-130.000000,135.000000,178.000000,128.000000,360.000000,174.692993,-127.494003,132.406998,174.641006,125.554001,354.239014,210.000000,-511.000000,1653.000000,-48.000000,484.000000,172.000000,1744086630236932
1279,1744086630800567,178.000000,-130.000000,135.000000,178.000000,128.000000,360.000000,174.733002,-127.523003,132.442001,174.684006,125.587997,354.320007,52.000000,-708.000000,1768.000000,69.000000,419.000000,289.000000,1744086630236932
1279,1744086630806070,178.000000,-130.000000,135.000000,178.000000,128.000000,360.000000,174.768997,-127.552002,132.477005,174.746994,125.616997,354.381012,112.000000,-612.000000,1694.000000,142.000000,316.000000,221.000000,1744086630236932
1279,1744086630811573,178.000000,-130.000000,135.000000,178.000000,128.000000,360.000000,174.800003,-127.581001,132.505997,174.781998,125.656998,354.472992,187.000000,-580.000000,1737.000000,36.000000,330.000000,329.000000,1744086630236932
1279,1744086630815975,178.000000,-130.000000,135.000000,178.000000,128.000000,360.000000,174.828995,-127.611000,132.533005,174.820007,125.682999,354.548004,153.000000,-761.000000,1928.000000,264.000000,248.000000,290.000000,1744086630236932
1279,1744086630821495,178.000000,-130.000000,135.000000,178.000000,128.000000,360.000000,174.858002,-127.643997,132.554993,174.856995,125.709999,354.610992,179.000000,-634.000000,1954.000000,86.000000,282.000000,98.000000,1744086630236932
1279,1744086630826034,178.000000,-130.000000,135.000000,178.000000,128.000000,360.000000,174.904999,-127.672997,132.584000,174.886993,125.732002,354.678009,194.000000,-508.000000,2139.000000,272.000000,363.000000,7.000000,1744086630236932
1279,1744086630830531,178.000000,-130.000000,135.000000,178.000000,128.000000,360.000000,174.942001,-127.718002,132.626007,174.940002,125.752998,354.726990,163.000000,-600.000000,1851.000000,213.000000,494.000000,523.000000,1744086630236932
1279,1744086630836101,178.000000,-130.000000,135.000000,178.000000,128.000000,360.000000,174.979004,-127.746002,132.656998,174.977005,125.774002,354.785004,34.000000,-475.000000,1773.000000,126.000000,527.000000,275.000000,1744086630236932
1279,1744086630840588,178.000000,-130.000000,135.000000,178.000000,128.000000,360.000000,175.009003,-127.771004,132.686996,175.011993,125.795998,354.846985,146.000000,-807.000000,1728.000000,75.000000,478.000000,138.000000,1744086630236932
1279,1744086630846167,178.000000,-130.000000,135.000000,178.000000,128.000000,360.000000,175.042007,-127.797997,132.712006,175.046997,125.836998,354.928986,110.000000,-517.000000,1794.000000,-26.000000,420.000000,248.000000,1744086630236932
1279,1744086630850685,178.000000,-130.000000,135.000000,178.000000,128.000000,360.000000,175.072006,-127.822998,132.742996,175.089996,125.865997,354.983002,198.000000,-866.000000,1855.000000,-20.000000,270.000000,463.000000,1744086630236932
1279,1744086630856294,178.000000,-130.000000,135.000000,178.000000,128.000000,360.000000,175.104996,-127.849998,132.774994,175.128006,125.876999,355.023010,113.000000,-590.000000,1781.000000,-39.000000,280.000000,237.000000,1744086630236932
1279,1744086630860819,178.000000,-130.000000,135.000000,178.000000,128.000000,360.000000,175.132004,-127.875999,132.798996,175.167007,125.915001,355.114990,161.000000,-656.000000,1878.000000,120.000000,261.000000,279.000000,1744086630236932
1279,1744086630866420,178.000000,-130.000000,135.000000,178.000000,128.000000,360.000000,175.154007,-127.902000,132.828003,175.197006,125.933998,355.174988,244.000000,-618.000000,1626.000000,0.000000,327.000000,264.000000,1744086630236932
1279,1744086630870934,178.000000,-130.000000,135.000000,178.000000,128.000000,360.000000,175.194000,-127.942001,132.867996,175.244995,125.956001,355.225006,226.000000,-590.000000,1775.000000,179.000000,452.000000,200.000000,1744086630236932
1279,1744086630876576,178.000000,-130.000000,135.000000,178.000000,128.000000,360.000000,175.223999,-127.966003,132.878006,175.263000,125.973999,355.282013,72.000000,-632.000000,1696.000000,147.000000,424.000000,181.000000,1744086630236932
1279,1744086630881133,178.000000,-130.000000,135.000000,178.000000,128.000000,360.000000,175.255005,-127.988998,132.919998,175.307999,125.995003,355.333008,221.000000,-715.000000,1458.000000,186.000000,433.000000,230.000000,1744086630236932
1279,1744086630885659,178.000000,-130.000000,135.000000,178.000000,128.000000,360.000000,175.278000,-128.011002,132.949005,175.339996,126.016998,355.391998,191.000000,-690.000000,1919.000000,175.000000,433.000000,387.000000,1744086630236932
1279,1744086630891228,178.000000,-130.000000,135.000000,178.000000,128.000000,360.000000,175.307999,-128.029999,132.970993,175.358994,126.052002,355.468994,-9.000000,-645.000000,1806.000000,313.000000,243.000000,398.000000,1744086630236932
1279,1744086630895715,178.000000,-130.000000,135.000000,178.000000,128.000000,360.000000,175.335999,-128.057999,132.992996,175.391006,126.066002,355.493988,286.000000,-690.000000,1803.000000,193.000000,273.000000,255.000000,1744086630236932
1279,1744086630901332,178.000000,-130.000000,135.000000,178.000000,128.000000,360.000000,175.365005,-128.082001,133.014999,175.421997,126.098000,355.566010,44.000000,-501.000000,2036.000000,104.000000,211.000000,216.000000,1744086630236932
1279,1744086630905884,178.000000,-130.000000,135.000000,178.000000,128.000000,360.000000,175.397995,-128.106003,133.033997,175.455002,126.117996,355.615997,206.000000,-582.000000,1952.000000,107.000000,292.000000,270.000000,1744086630236932
1279,1744086630911512,178.000000,-130.000000,135.000000,178.000000,128.000000,360.000000,175.425995,-128.125000,133.054993,175.490997,126.135002,355.664001,153.000000,-560.000000,2071.000000,-13.000000,387.000000,295.000000,1744086630236932
1279,1744086630916004,178.000000,-130.000000,135.000000,178.000000,128.000000,360.000000,175.470001,-128.151001,133.080002,175.524994,126.153999,355.720001,65.000000,-588.000000,2075.000000,-14.000000,446.000000,91.000000,1744086630236932
1279,1744086630920495,178.000000,-130.000000,135.000000,178.000000,128.000000,360.000000,175.505005,-128.175995,133.113007,175.572998,126.168999,355.770996,187.000000,-706.000000,1682.000000,-51.000000,473.000000,184.000000,1744086630236932
1279,1744086630926044,178.000000,-130.000000,135.000000,178.000000,128.000000,360.000000,175.535995,-128.192993,133.141006,175.595001,126.196999,355.841003,238.000000,-652.000000,1674.000000,130.000000,538.000000,324.000000,1744086630236932
1279,1744086630930535,178.000000,-130.000000,135.000000,178.000000,128.000000,360.000000,175.565994,-128.212997,133.162994,175.626999,126.205002,355.862000,255.000000,-777.000000,1686.000000,7.000000,526.000000,404.000000,1744086630236932
1279,1744086630936146,178.000000,-130.000000,135.000000,178.000000,128.000000,360.000000,175.593994,-128.235001,133.188995,175.653000,126.236000,355.928986,-67.000000,-577.000000,1579.000000,97.000000,386.000000,169.000000,1744086630236932
1279,1744086630940664,178.000000,-130.000000,135.000000,178.000000,128.000000,360.000000,175.630997,-128.266006,133.220001,175.677994,126.260002,355.980988,140.000000,-647.000000,1849.000000,98.000000,366.000000,203.000000,1744086630236932
1279,1744086630946220,178.000000,-130.000000,135.000000,178.000000,128.000000,360.000000,175.658005,-128.283997,133.238007,175.712006,126.279999,356.028015,11.000000,-567.000000,1827.000000,227.000000,328.000000,238.000000,1744086630236932
1279,1744086630950733,178.000000,-130.000000,135.000000,178.000000,128.000000,360.000000,175.658005,-128.283997,133.238007,175.712006,126.279999,356.028015,11.000000,-567.000000,1827.000000,227.000000,328.000000,238.000000,1744086630236932
1279,1744086630956298,178.000000,-130.000000,135.000000,178.000000,128.000000,360.000000,175.709000,-128.324005,133.279007,175.759003,126.322998,356.125000,96.000000,-685.000000,1839.000000,162.000000,239.000000,177.000000,1744086630236932
1279,1744086630960770,178.000000,-130.000000,135.000000,178.000000,128.000000,360.000000,175.733002,-128.341995,133.302002,175.774002,126.351997,356.204987,243.000000,-604.000000,1781.000000,294.000000,376.000000,41.000000,1744086630236932
1279,1744086630966284,178.000000,-130.000000,135.000000,178.000000,128.000000,360.000000,175.733002,-128.341995,133.302002,175.774002,126.351997,356.204987,243.000000,-604.000000,1781.000000,294.000000,376.000000,41.000000,1744086630236932
1279,1744086630970711,178.000000,-130.000000,135.000000,178.000000,128.000000,360.000000,175.755997,-128.360001,133.326996,175.792007,126.374001,356.252991,137.000000,-652.000000,1514.000000,258.000000,400.000000,282.000000,1744086630236932
1279,1744086630976275,178.000000,-130.000000,135.000000,178.000000,128.000000,360.000000,175.778000,-128.378006,133.352005,175.813995,126.388000,356.294006,201.000000,-662.000000,1479.000000,215.000000,445.000000,287.000000,1744086630236932
1279,1744086630980770,178.000000,-130.000000,135.000000,178.000000,128.000000,360.000000,175.802994,-128.397995,133.371994,175.837997,126.404999,356.329010,141.000000,-447.000000,1620.000000,209.000000,455.000000,353.000000,1744086630236932
1279,1744086630986373,178.000000,-130.000000,135.000000,178.000000,128.000000,360.000000,175.841995,-128.421005,133.401001,175.882004,126.422997,356.363007,202.000000,-618.000000,1566.000000,1.000000,420.000000,329.000000,1744086630236932
1279,1744086630990874,178.000000,-130.000000,135.000000,178.000000,128.000000,360.000000,175.873993,-128.440994,133.417007,175.910004,126.440002,356.403992,68.000000,-530.000000,1811.000000,35.000000,314.000000,245.000000,1744086630236932
1279,1744086630996423,178.000000,-130.000000,135.000000,178.000000,128.000000,360.000000,175.904007,-128.459000,133.434998,175.936005,126.459000,356.451996,256.000000,-467.000000,1927.000000,-36.000000,345.000000,203.000000,1744086630236932
1279,1744086631000923,178.000000,-130.000000,135.000000,178.000000,128.000000,360.000000,175.936005,-128.473999,133.451996,175.972000,126.486000,356.490997,217.000000,-716.000000,2019.000000,-120.000000,281.000000,177.000000,1744086630236932
1279,1744086631006440,178.000000,-130.000000,135.000000,178.000000,128.000000,360.000000,175.966995,-128.490005,133.468002,175.998993,126.503998,356.565002,131.000000,-730.000000,1996.000000,-13.000000,213.000000,151.000000,1744086630236932
1279,1744086631010877,178.000000,-130.000000,135.000000,178.000000,128.000000,360.000000,175.998001,-128.509003,133.485992,176.020004,126.521004,356.605011,-27.000000,-657.000000,1952.000000,40.000000,265.000000,168.000000,1744086630236932
1279,1744086631016368,178.000000,-130.000000,135.000000,178.000000,128.000000,360.000000,176.020996,-128.526001,133.503998,176.044006,126.539001,356.641998,174.000000,-692.000000,1959.000000,77.000000,325.000000,133.000000,1744086630236932
1279,1744086631020780,178.000000,-130.000000,135.000000,178.000000,128.000000,360.000000,176.054993,-128.548996,133.526993,176.076004,126.554001,356.677002,63.000000,-620.000000,1962.000000,28.000000,293.000000,129.000000,1744086630236932
1279,1744086631026249,178.000000,-130.000000,135.000000,178.000000,128.000000,360.000000,176.080002,-128.567993,133.544998,176.095001,126.575996,356.709015,125.000000,-559.000000,1852.000000,120.000000,444.000000,320.000000,1744086630236932
1279,1744086631030622,178.000000,-130.000000,135.000000,178.000000,128.000000,360.000000,176.106003,-128.585007,133.565994,176.113007,126.588997,356.769012,48.000000,-599.000000,1681.000000,208.000000,461.000000,218.000000,1744086630236932
1279,1744086631036034,178.000000,-130.000000,135.000000,178.000000,128.000000,360.000000,176.130997,-128.604004,133.580994,176.130997,126.595001,356.792999,155.000000,-540.000000,1625.000000,226.000000,510.000000,243.000000,1744086630236932
1279,1744086631041451,178.000000,-130.000000,135.000000,178.000000,128.000000,360.000000,176.158005,-128.619003,133.604004,176.149994,126.610001,356.834991,235.000000,-545.000000,1703.000000,190.000000,506.000000,120.000000,1744086630236932
1279,1744086631045808,178.000000,-130.000000,135.000000,178.000000,128.000000,360.000000,176.182007,-128.636993,133.621002,176.167999,126.635002,356.894012,138.000000,-626.000000,1738.000000,232.000000,419.000000,156.000000,1744086630236932
1279,1744086631051223,178.000000,-130.000000,135.000000,178.000000,128.000000,360.000000,176.201004,-128.651993,133.636993,176.184998,126.648003,356.933014,202.000000,-671.000000,1719.000000,259.000000,398.000000,260.000000,1744086630236932
1279,1744086631055575,178.000000,-130.000000,135.000000,178.000000,128.000000,360.000000,176.223007,-128.669006,133.654999,176.203995,126.665001,356.966003,187.000000,-557.000000,1775.000000,279.000000,392.000000,202.000000,1744086630236932
1279,1744086631061042,178.000000,-130.000000,135.000000,178.000000,128.000000,360.000000,176.246002,-128.682007,133.669998,176.222000,126.683998,356.998993,126.000000,-599.000000,1763.000000,285.000000,373.000000,211.000000,1744086630236932
1279,1744086631066527,178.000000,-130.000000,135.000000,178.000000,128.000000,360.000000,176.276001,-128.703003,133.692993,176.246002,126.703003,357.032990,252.000000,-720.000000,1770.000000,294.000000,294.000000,111.000000,1744086630236932
1279,1744086631070989,178.000000,-130.000000,135.000000,178.000000,128.000000,360.000000,176.300003,-128.714996,133.707001,176.266006,126.727997,357.084015,-11.000000,-567.000000,1764.000000,194.000000,264.000000,125.000000,1744086630236932
1279,1744086631076503,178.000000,-130.000000,135.000000,178.000000,128.000000,360.000000,176.322998,-128.731995,133.723999,176.289001,126.737999,357.101990,149.000000,-543.000000,1804.000000,52.000000,277.000000,52.000000,1744086630236932
1279,1744086631080933,178.000000,-130.000000,135.000000,178.000000,128.000000,360.000000,176.350998,-128.746002,133.738998,176.315002,126.757004,357.138000,25.000000,-624.000000,1742.000000,94.000000,303.000000,289.000000,1744086630236932
1279,1744086631086444,178.000000,-130.000000,135.000000,178.000000,128.000000,360.000000,176.371002,-128.763000,133.755005,176.335999,126.781998,357.174988,74.000000,-582.000000,1710.000000,62.000000,294.000000,231.000000,1744086630236932
1279,1744086631090903,178.000000,-130.000000,135.000000,178.000000,128.000000,360.000000,176.406006,-128.792007,133.768005,176.358994,126.794998,357.204987,187.000000,-438.000000,1651.000000,-23.000000,379.000000,424.000000,1744086630236932
1279,1744086631096402,178.000000,-130.000000,135.000000,178.000000,128.000000,360.000000,176.427002,-128.804993,133.794998,176.395004,126.808998,357.234985,44.000000,-529.000000,1591.000000,-91.000000,412.000000,190.000000,1744086630236932
1279,1744086631100837,178.000000,-130.000000,135.000000,178.000000,128.000000,360.000000,176.449005,-128.820007,133.809006,176.406998,126.822998,357.269012,123.000000,-556.000000,1489.000000,-88.000000,425.000000,170.000000,1744086630236932
1279,1744086631106337,178.000000,-130.000000,135.000000,178.000000,128.000000,360.000000,176.470001,-128.832993,133.824997,176.436005,126.841003,357.304993,176.000000,-545.000000,1505.000000,27.000000,439.000000,174.000000,1744086630236932
1279,1744086631110754,178.000000,-130.000000,135.000000,178.000000,128.000000,360.000000,176.488007,-128.843994,133.835999,176.451996,126.859001,357.352997,174.000000,-625.000000,1582.000000,67.000000,411.000000,191.000000,1744086630236932
1279,1744086631116274,178.000000,-130.000000,135.000000,178.000000,128.000000,360.000000,176.509995,-128.854004,133.848999,176.475998,126.864998,357.368011,184.000000,-722.000000,1675.000000,60.000000,421.000000,218.000000,1744086630236932
1279,1744086631120699,178.000000,-130.000000,135.000000,178.000000,128.000000,360.000000,176.526001,-128.863998,133.860001,176.492004,126.886002,357.411011,77.000000,-775.000000,1852.000000,7.000000,428.000000,253.000000,1744086630236932
1279,1744086631126230,178.000000,-130.000000,135.000000,178.000000,128.000000,360.000000,176.548004,-128.880005,133.871002,176.509995,126.900002,357.441986,-56.000000,-725.000000,1897.000000,73.000000,416.000000,210.000000,1744086630236932
1279,1744086631130655,178.000000,-130.000000,135.000000,178.000000,128.000000,360.000000,176.548004,-128.880005,133.871002,176.509995,126.900002,357.441986,-56.000000,-725.000000,1897.000000,73.000000,416.000000,210.000000,1744086630236932
1279,1744086631136178,178.000000,-130.000000,135.000000,178.000000,128.000000,360.000000,176.576004,-128.893997,133.880005,176.528000,126.918999,357.471008,230.000000,-656.000000,1933.000000,129.000000,384.000000,240.000000,1744086630236932
1279,1744086631140610,178.000000,-130.000000,135.000000,178.000000,128.000000,360.000000,176.612000,-128.931000,133.908005,176.554993,126.948997,357.532990,98.000000,-560.000000,1959.000000,192.000000,339.000000,118.000000,1744086630236932
1279,1744086631146104,178.000000,-130.000000,135.000000,178.000000,128.000000,360.000000,176.612000,-128.931000,133.908005,176.554993,126.948997,357.532990,98.000000,-560.000000,1959.000000,192.000000,339.000000,118.000000,1744086630236932
1279,1744086631150524,178.000000,-130.000000,135.000000,178.000000,128.000000,360.000000,176.632004,-128.945007,133.919006,176.578995,126.966003,357.562988,110.000000,-443.000000,1925.000000,234.000000,303.000000,148.000000,1744086630236932
1279,1744086631156065,178.000000,-130.000000,135.000000,178.000000,128.000000,360.000000,176.662003,-128.970993,133.938995,176.608994,126.991997,357.622009,145.000000,-530.000000,1941.000000,205.000000,309.000000,357.000000,1744086630236932
1279,1744086631161576,178.000000,-130.000000,135.000000,178.000000,128.000000,360.000000,176.662003,-128.970993,133.938995,176.608994,126.991997,357.622009,145.000000,-530.000000,1941.000000,205.000000,309.000000,357.000000,1744086630236932
1279,1744086631166040,178.000000,-130.000000,135.000000,178.000000,128.000000,360.000000,176.679001,-128.981995,133.951996,176.623993,127.012001,357.661011,199.000000,-564.000000,2021.000000,170.000000,309.000000,347.000000,1744086630236932
1279,1744086631170531,178.000000,-130.000000,135.000000,178.000000,128.000000,360.000000,176.694000,-128.994003,133.960999,176.638000,127.026001,357.683014,193.000000,-556.000000,1980.000000,262.000000,353.000000,315.000000,1744086630236932
1279,1744086631176105,178.000000,-130.000000,135.000000,178.000000,128.000000,360.000000,176.716995,-129.011002,133.981003,176.658005,127.037003,357.709015,133.000000,-649.000000,1793.000000,320.000000,381.000000,310.000000,1744086630236932
1279,1744086631180549,178.000000,-130.000000,135.000000,178.000000,128.000000,360.000000,176.723999,-129.016006,133.988998,176.664993,127.049004,357.739990,67.000000,-654.000000,1757.000000,329.000000,434.000000,163.000000,1744086630236932
1279,1744086631186079,178.000000,-130.000000,135.000000,178.000000,128.000000,360.000000,176.750000,-129.033005,134.014999,176.686996,127.057999,357.765015,45.000000,-648.000000,1542.000000,268.000000,469.000000,124.000000,1744086630236932
1279,1744086631190536,178.000000,-130.000000,135.000000,178.000000,128.000000,360.000000,176.766998,-129.042007,134.026001,176.701996,127.070000,357.790985,20.000000,-637.000000,1550.000000,207.000000,467.000000,185.000000,1744086630236932
1279,1744086631196089,178.000000,-130.000000,135.000000,178.000000,128.000000,360.000000,176.781998,-129.052994,134.037003,176.718994,127.084000,357.828003,50.000000,-597.000000,1554.000000,168.000000,479.000000,261.000000,1744086630236932
1279,1744086631200595,178.000000,-130.000000,135.000000,178.000000,128.000000,360.000000,176.796997,-129.065002,134.048004,176.738998,127.088997,357.842010,224.000000,-633.000000,1704.000000,116.000000,471.000000,292.000000,1744086630236932
1279,1744086631206096,178.000000,-130.000000,135.000000,178.000000,128.000000,360.000000,176.809006,-129.074005,134.057007,176.759003,127.102997,357.875000,257.000000,-616.000000,1762.000000,60.000000,456.000000,221.000000,1744086630236932
1279,1744086631211610,178.000000,-130.000000,135.000000,178.000000,128.000000,360.000000,176.826996,-129.091995,134.072998,176.783005,127.113998,357.897003,82.000000,-595.000000,1712.000000,31.000000,450.000000,243.000000,1744086630236932
1279,1744086631216037,178.000000,-130.000000,135.000000,178.000000,128.000000,360.000000,176.841003,-129.106995,134.082001,176.800995,127.125999,357.925995,41.000000,-500.000000,1718.000000,10.000000,428.000000,159.000000,1744086630236932
1279,1744086631221566,178.000000,-130.000000,135.000000,178.000000,128.000000,360.000000,176.854996,-129.115005,134.093002,176.822006,127.139000,357.951996,156.000000,-454.000000,1776.000000,-53.000000,402.000000,115.000000,1744086630236932
1279,1744086631226066,178.000000,-130.000000,135.000000,178.000000,128.000000,360.000000,176.867004,-129.128998,134.102997,176.841995,127.151001,357.980988,229.000000,-503.000000,1739.000000,-121.000000,371.000000,71.000000,1744086630236932
1279,1744086631230608,178.000000,-130.000000,135.000000,178.000000,128.000000,360.000000,176.880997,-129.141006,134.110992,176.863998,127.169998,358.019012,173.000000,-496.000000,1743.000000,-140.000000,331.000000,161.000000,1744086630236932
1279,1744086631236228,178.000000,-130.000000,135.000000,178.000000,128.000000,360.000000,176.893005,-129.151001,134.123001,176.878998,127.179001,358.029999,122.000000,-549.000000,1776.000000,-60.000000,319.000000,202.000000,1744086630236932
1279,1744086631240727,178.000000,-130.000000,135.000000,178.000000,128.000000,360.000000,176.908005,-129.160004,134.134003,176.895004,127.188004,358.053986,108.000000,-541.000000,1705.000000,6.000000,293.000000,331.000000,1744086630236932
1279,1744086631246311,178.000000,-130.000000,135.000000,178.000000,128.000000,360.000000,176.923004,-129.173004,134.147995,176.910995,127.209000,358.082001,119.000000,-542.000000,1583.000000,48.000000,295.000000,370.000000,1744086630236932
1279,1744086631250783,178.000000,-130.000000,135.000000,178.000000,128.000000,360.000000,176.936996,-129.184006,134.158005,176.921997,127.222000,358.104004,31.000000,-627.000000,1608.000000,31.000000,264.000000,291.000000,1744086630236932
1279,1744086631256305,178.000000,-130.000000,135.000000,178.000000,128.000000,360.000000,176.947006,-129.192001,134.167007,176.932999,127.232002,358.123993,25.000000,-631.000000,1673.000000,57.000000,277.000000,363.000000,1744086630236932
1279,1744086631260796,178.000000,-130.000000,135.000000,178.000000,128.000000,360.000000,176.959000,-129.199997,134.177002,176.945007,127.239998,358.147003,107.000000,-674.000000,1656.000000,39.000000,307.000000,265.000000,1744086630236932
1279,1744086631266431,178.000000,-130.000000,135.000000,178.000000,128.000000,360.000000,176.979996,-129.212006,134.184998,176.962006,127.250999,358.170013,269.000000,-708.000000,1659.000000,53.000000,328.000000,207.000000,1744086630236932
1279,1744086631270997,178.000000,-130.000000,135.000000,178.000000,128.000000,360.000000,176.985992,-129.218994,134.203003,176.977997,127.257004,358.194000,248.000000,-670.000000,1525.000000,89.000000,351.000000,117.000000,1744086630236932
1279,1744086631275541,178.000000,-130.000000,135.000000,178.000000,128.000000,360.000000,176.996002,-129.229996,134.212997,176.990997,127.265999,358.229004,210.000000,-662.000000,1375.000000,105.000000,395.000000,90.000000,1744086630236932
1279,1744086631281155,178.000000,-130.000000,135.000000,178.000000,128.000000,360.000000,177.007996,-129.238998,134.223999,177.000000,127.272003,358.242004,165.000000,-662.000000,1352.000000,134.000000,397.000000,136.000000,1744086630236932
1279,1744086631285658,178.000000,-130.000000,135.000000,178.000000,128.000000,360.000000,177.020996,-129.246994,134.231995,177.009995,127.279999,358.265015,108.000000,-654.000000,1446.000000,173.000000,433.000000,207.000000,1744086630236932
1279,1744086631291177,178.000000,-130.000000,135.000000,178.000000,128.000000,360.000000,177.028000,-129.255005,134.240997,177.018005,127.290001,358.298004,159.000000,-644.000000,1550.000000,207.000000,446.000000,224.000000,1744086630236932
1279,1744086631295640,178.000000,-130.000000,135.000000,178.000000,128.000000,360.000000,177.041000,-129.270004,134.251999,177.031006,127.296997,358.319000,137.000000,-620.000000,1654.000000,211.000000,468.000000,202.000000,1744086630236932
1279,1744086631301156,178.000000,-130.000000,135.000000,178.000000,128.000000,360.000000,177.054993,-129.281006,134.259003,177.039993,127.304001,358.341003,148.000000,-568.000000,1722.000000,223.000000,477.000000,231.000000,1744086630236932
1279,1744086631305650,178.000000,-130.000000,135.000000,178.000000,128.000000,360.000000,177.065994,-129.291000,134.268005,177.046005,127.308998,358.358002,158.000000,-496.000000,1752.000000,220.000000,482.000000,220.000000,1744086630236932
1279,1744086631311242,178.000000,-130.000000,135.000000,178.000000,128.000000,360.000000,177.080002,-129.300003,134.272995,177.061996,127.316002,358.381989,158.000000,-506.000000,1783.000000,219.000000,474.000000,209.000000,1744086630236932
1279,1744086631315768,178.000000,-130.000000,135.000000,178.000000,128.000000,360.000000,177.080002,-129.300003,134.272995,177.061996,127.316002,358.381989,158.000000,-506.000000,1783.000000,219.000000,474.000000,209.000000,1744086630236932
1279,1744086631321351,178.000000,-130.000000,135.000000,178.000000,128.000000,360.000000,177.106995,-129.317993,134.285004,177.080994,127.330002,358.424011,23.000000,-512.000000,1945.000000,220.000000,469.000000,178.000000,1744086630236932
1279,1744086631325854,178.000000,-130.000000,135.000000,178.000000,128.000000,360.000000,177.117004,-129.326004,134.294998,177.089996,127.342003,358.455994,11.000000,-537.000000,1927.000000,245.000000,449.000000,79.000000,1744086630236932
1279,1744086631331472,178.000000,-130.000000,135.000000,178.000000,128.000000,360.000000,177.117004,-129.326004,134.294998,177.089996,127.342003,358.455994,11.000000,-537.000000,1927.000000,245.000000,449.000000,79.000000,1744086630236932
1279,1744086631335987,178.000000,-130.000000,135.000000,178.000000,128.000000,360.000000,177.128006,-129.332993,134.300003,177.100998,127.351997,358.473999,44.000000,-523.000000,1983.000000,251.000000,456.000000,127.000000,1744086630236932
1279,1744086631341540,178.000000,-130.000000,135.000000,178.000000,128.000000,360.000000,177.141998,-129.347000,134.309006,177.112000,127.360001,358.493988,4.000000,-536.000000,2053.000000,294.000000,417.000000,207.000000,1744086630236932
1279,1744086631346018,178.000000,-130.000000,135.000000,178.000000,128.000000,360.000000,177.153000,-129.354004,134.313995,177.119995,127.371002,358.511993,4.000000,-547.000000,2120.000000,297.000000,367.000000,230.000000,1744086630236932
1279,1744086631351633,178.000000,-130.000000,135.000000,178.000000,128.000000,360.000000,177.158997,-129.360992,134.320999,177.128006,127.379997,358.528992,62.000000,-606.000000,2142.000000,311.000000,353.000000,299.000000,1744086630236932
1279,1744086631356132,178.000000,-130.000000,135.000000,178.000000,128.000000,360.000000,177.171997,-129.367996,134.328003,177.136002,127.390999,358.548004,145.000000,-618.000000,2146.000000,313.000000,360.000000,329.000000,1744086630236932
1279,1744086631360665,178.000000,-130.000000,135.000000,178.000000,128.000000,360.000000,177.184006,-129.375000,134.335999,177.145996,127.400002,358.559998,237.000000,-662.000000,2105.000000,277.000000,365.000000,357.000000,1744086630236932
1279,1744086631366233,178.000000,-130.000000,135.000000,178.000000,128.000000,360.000000,177.192001,-129.380997,134.347000,177.160004,127.405998,358.572998,208.000000,-663.000000,2033.000000,272.000000,340.000000,374.000000,1744086630236932
1279,1744086631370741,178.000000,-130.000000,135.000000,178.000000,128.000000,360.000000,177.203003,-129.384003,134.352997,177.166000,127.417000,358.585999,152.000000,-655.000000,1983.000000,236.000000,359.000000,273.000000,1744086630236932
1279,1744086631376286,178.000000,-130.000000,135.000000,178.000000,128.000000,360.000000,177.212006,-129.395004,134.365005,177.186996,127.427002,358.600006,86.000000,-645.000000,1968.000000,140.000000,327.000000,289.000000,1744086630236932
1279,1744086631380743,178.000000,-130.000000,135.000000,178.000000,128.000000,360.000000,177.223999,-129.403000,134.373001,177.197998,127.439003,358.622009,74.000000,-656.000000,1940.000000,109.000000,291.000000,277.000000,1744086630236932
1279,1744086631386226,178.000000,-130.000000,135.000000,178.000000,128.000000,360.000000,177.233994,-129.412003,134.382004,177.210007,127.447998,358.639008,80.000000,-638.000000,1969.000000,80.000000,296.000000,282.000000,1744086630236932
1279,1744086631390707,178.000000,-130.000000,135.000000,178.000000,128.000000,360.000000,177.242996,-129.417999,134.391006,177.223007,127.455002,358.654999,132.000000,-648.000000,1985.000000,57.000000,322.000000,167.000000,1744086630236932
1279,1744086631396269,178.000000,-130.000000,135.000000,178.000000,128.000000,360.000000,177.253998,-129.423004,134.397995,177.233994,127.460999,358.674011,160.000000,-669.000000,1962.000000,63.000000,310.000000,112.000000,1744086630236932
1279,1744086631400775,178.000000,-130.000000,135.000000,178.000000,128.000000,360.000000,177.266998,-129.436005,134.410004,177.251999,127.466003,358.692993,138.000000,-659.000000,1852.000000,28.000000,344.000000,125.000000,1744086630236932
1279,1744086631406367,178.000000,-130.000000,135.000000,178.000000,128.000000,360.000000,177.278000,-129.445007,134.421005,177.264999,127.473999,358.713013,155.000000,-606.000000,1765.000000,-68.000000,368.000000,137.000000,1744086630236932
1279,1744086631410876,178.000000,-130.000000,135.000000,178.000000,128.000000,360.000000,177.283005,-129.453003,134.427994,177.279999,127.478996,358.726013,151.000000,-602.000000,1721.000000,-109.000000,370.000000,168.000000,1744086630236932
1279,1744086631416465,178.000000,-130.000000,135.000000,178.000000,128.000000,360.000000,177.291000,-129.460999,134.436005,177.291000,127.487999,358.747986,155.000000,-546.000000,1682.000000,-128.000000,408.000000,210.000000,1744086630236932
1279,1744086631421040,178.000000,-130.000000,135.000000,178.000000,128.000000,360.000000,177.300995,-129.468994,134.445999,177.307007,127.489998,358.764008,176.000000,-526.000000,1680.000000,-136.000000,429.000000,224.000000,1744086630236932
1279,1744086631426616,178.000000,-130.000000,135.000000,178.000000,128.000000,360.000000,177.309006,-129.475006,134.453995,177.317993,127.496002,358.781006,180.000000,-534.000000,1694.000000,-92.000000,450.000000,194.000000,1744086630236932
1279,1744086631431115,178.000000,-130.000000,135.000000,178.000000,128.000000,360.000000,177.324005,-129.487000,134.466995,177.332993,127.499001,358.795990,98.000000,-540.000000,1684.000000,-68.000000,466.000000,174.000000,1744086630236932
1279,1744086631435583,178.000000,-130.000000,135.000000,178.000000,128.000000,360.000000,177.330994,-129.494995,134.473999,177.341003,127.504997,358.817993,119.000000,-528.000000,1704.000000,-47.000000,478.000000,168.000000,1744086630236932
1279,1744086631441181,178.000000,-130.000000,135.000000,178.000000,128.000000,360.000000,177.341995,-129.503998,134.479996,177.350006,127.507004,358.828003,136.000000,-503.000000,1661.000000,-3.000000,509.000000,149.000000,1744086630236932
1279,1744086631445662,178.000000,-130.000000,135.000000,178.000000,128.000000,360.000000,177.348999,-129.509003,134.485001,177.356995,127.512001,358.842987,108.000000,-539.000000,1719.000000,6.000000,494.000000,155.000000,1744086630236932
1279,1744086631451272,178.000000,-130.000000,135.000000,178.000000,128.000000,360.000000,177.356003,-129.516006,134.490997,177.367004,127.514999,358.864014,129.000000,-510.000000,1795.000000,-19.000000,521.000000,107.000000,1744086630236932
1279,1744086631455782,178.000000,-130.000000,135.000000,178.000000,128.000000,360.000000,177.363998,-129.520996,134.498001,177.375000,127.518997,358.871002,185.000000,-534.000000,1796.000000,-7.000000,534.000000,144.000000,1744086630236932
1279,1744086631461373,178.000000,-130.000000,135.000000,178.000000,128.000000,360.000000,177.369995,-129.529999,134.501999,177.380997,127.523003,358.890015,186.000000,-529.000000,1789.000000,-30.000000,546.000000,108.000000,1744086630236932
1279,1744086631465796,178.000000,-130.000000,135.000000,178.000000,128.000000,360.000000,177.369995,-129.529999,134.501999,177.380997,127.523003,358.890015,186.000000,-529.000000,1789.000000,-30.000000,546.000000,108.000000,1744086630236932
1279,1744086631471319,178.000000,-130.000000,135.000000,178.000000,128.000000,360.000000,177.378006,-129.535004,134.507996,177.388000,127.527000,358.904999,194.000000,-581.000000,1871.000000,5.000000,555.000000,93.000000,1744086630236932
1279,1744086631475752,178.000000,-130.000000,135.000000,178.000000,128.000000,360.000000,177.389999,-129.542007,134.516006,177.401001,127.529999,358.919006,252.000000,-602.000000,1854.000000,-4.000000,559.000000,103.000000,1744086630236932
1279,1744086631481255,178.000000,-130.000000,135.000000,178.000000,128.000000,360.000000,177.395996,-129.548004,134.520004,177.406998,127.536003,358.929993,233.000000,-627.000000,1844.000000,0.000000,585.000000,158.000000,1744086630236932
1279,1744086631485734,178.000000,-130.000000,135.000000,178.000000,128.000000,360.000000,177.401001,-129.550003,134.526001,177.410995,127.540001,358.945007,189.000000,-640.000000,1905.000000,46.000000,559.000000,234.000000,1744086630236932
1279,1744086631491304,178.000000,-130.000000,135.000000,178.000000,128.000000,360.000000,177.404999,-129.556000,134.528000,177.414993,127.544998,358.954010,153.000000,-623.000000,1926.000000,65.000000,581.000000,278.000000,1744086630236932
1279,1744086631495812,178.000000,-130.000000,135.000000,178.000000,128.000000,360.000000,177.412003,-129.561005,134.533997,177.417999,127.551003,358.963013,128.000000,-642.000000,1939.000000,90.000000,574.000000,301.000000,1744086630236932
1279,1744086631501374,178.000000,-130.000000,135.000000,178.000000,128.000000,360.000000,177.419006,-129.567993,134.544998,177.425995,127.556000,358.973999,95.000000,-651.000000,1941.000000,116.000000,570.000000,285.000000,1744086630236932
1279,1744086631505892,178.000000,-130.000000,135.000000,178.000000,128.000000,360.000000,177.429001,-129.572006,134.548996,177.432999,127.558998,358.984985,46.000000,-662.000000,1878.000000,124.000000,580.000000,327.000000,1744086630236932
1279,1744086631511568,178.000000,-130.000000,135.000000,178.000000,128.000000,360.000000,177.434006,-129.574997,134.552002,177.432999,127.566002,358.996002,13.000000,-678.000000,1847.000000,145.000000,559.000000,273.000000,1744086630236932
1279,1744086631516034,178.000000,-130.000000,135.000000,178.000000,128.000000,360.000000,177.442001,-129.582001,134.563004,177.440994,127.570999,359.007996,64.000000,-667.000000,1851.000000,166.000000,544.000000,267.000000,1744086630236932
1279,1744086631521574,178.000000,-130.000000,135.000000,178.000000,128.000000,360.000000,177.449005,-129.587006,134.567993,177.444000,127.581001,359.018005,77.000000,-672.000000,1793.000000,182.000000,487.000000,232.000000,1744086630236932
1279,1744086631526112,178.000000,-130.000000,135.000000,178.000000,128.000000,360.000000,177.457001,-129.589996,134.574997,177.447998,127.585999,359.035004,105.000000,-677.000000,1807.000000,201.000000,487.000000,210.000000,1744086630236932
1279,1744086631530636,178.000000,-130.000000,135.000000,178.000000,128.000000,360.000000,177.462997,-129.597000,134.578003,177.451996,127.595001,359.048004,97.000000,-665.000000,1858.000000,213.000000,452.000000,213.000000,1744086630236932
1279,1744086631536227,178.000000,-130.000000,135.000000,178.000000,128.000000,360.000000,177.470993,-129.600998,134.585007,177.455994,127.599998,359.059998,108.000000,-672.000000,1830.000000,232.000000,444.000000,213.000000,1744086630236932
1279,1744086631540726,178.000000,-130.000000,135.000000,178.000000,128.000000,360.000000,177.477997,-129.606995,134.589996,177.460007,127.608002,359.075012,116.000000,-676.000000,1902.000000,234.000000,428.000000,105.000000,1744086630236932
1279,1744086631546363,178.000000,-130.000000,135.000000,178.000000,128.000000,360.000000,177.490005,-129.613007,134.600006,177.466003,127.613998,359.084991,116.000000,-631.000000,1883.000000,257.000000,404.000000,146.000000,1744086630236932
1279,1744086631550858,178.000000,-130.000000,135.000000,178.000000,128.000000,360.000000,177.496002,-129.619995,134.602997,177.470001,127.621002,359.098999,83.000000,-618.000000,1873.000000,264.000000,396.000000,138.000000,1744086630236932
1279,1744086631556391,178.000000,-130.000000,135.000000,178.000000,128.000000,360.000000,177.501007,-129.623001,134.608994,177.473999,127.627998,359.109985,104.000000,-624.000000,1833.000000,274.000000,374.000000,162.000000,1744086630236932
1279,1744086631560839,178.000000,-130.000000,135.000000,178.000000,128.000000,360.000000,177.509995,-129.628998,134.613998,177.477997,127.639000,359.127014,107.000000,-608.000000,1881.000000,252.000000,349.000000,131.000000,1744086630236932
1279,1744086631566371,178.000000,-130.000000,135.000000,178.000000,128.000000,360.000000,177.514008,-129.634003,134.619003,177.483994,127.642998,359.132996,52.000000,-603.000000,1825.000000,268.000000,333.000000,121.000000,1744086630236932
1279,1744086631570914,178.000000,-130.000000,135.000000,178.000000,128.000000,360.000000,177.520996,-129.638000,134.626999,177.488998,127.648003,359.147003,67.000000,-593.000000,1739.000000,250.000000,323.000000,113.000000,1744086630236932
1279,1744086631575529,178.000000,-130.000000,135.000000,178.000000,128.000000,360.000000,177.526001,-129.643997,134.632996,177.492996,127.657997,359.157990,22.000000,-563.000000,1700.000000,229.000000,321.000000,165.000000,1744086630236932
1279,1744086631581361,178.000000,-130.000000,135.000000,178.000000,128.000000,360.000000,177.533005,-129.649002,134.639999,177.498993,127.663002,359.165985,46.000000,-568.000000,1626.000000,237.000000,306.000000,191.000000,1744086630236932
1279,1744086631585823,178.000000,-130.000000,135.000000,178.000000,128.000000,360.000000,177.537003,-129.654999,134.645004,177.503006,127.669998,359.170013,21.000000,-541.000000,1638.000000,250.000000,293.000000,208.000000,1744086630236932
1279,1744086631591338,178.000000,-130.000000,135.000000,178.000000,128.000000,360.000000,177.542999,-129.660004,134.651001,177.507996,127.674004,359.179993,45.000000,-542.000000,1601.000000,232.000000,292.000000,235.000000,1744086630236932
1279,1744086631595827,178.000000,-130.000000,135.000000,178.000000,128.000000,360.000000,177.546997,-129.667007,134.656006,177.514999,127.680000,359.184998,85.000000,-521.000000,1572.000000,233.000000,303.000000,218.000000,1744086630236932
1279,1744086631601373,178.000000,-130.000000,135.000000,178.000000,128.000000,360.000000,177.552002,-129.673996,134.666000,177.524002,127.684998,359.192993,128.000000,-486.000000,1533.000000,237.000000,295.000000,228.000000,1744086630236932
1279,1744086631605890,178.000000,-130.000000,135.000000,178.000000,128.000000,360.000000,177.554993,-129.677002,134.669998,177.526001,127.689003,359.201996,162.000000,-490.000000,1523.000000,242.000000,306.000000,215.000000,1744086630236932
1279,1744086631611457,178.000000,-130.000000,135.000000,178.000000,128.000000,360.000000,177.561996,-129.684006,134.675003,177.533005,127.695000,359.209991,199.000000,-491.000000,1580.000000,297.000000,322.000000,242.000000,1744086630236932
1279,1744086631615947,178.000000,-130.000000,135.000000,178.000000,128.000000,360.000000,177.563004,-129.686005,134.677994,177.539001,127.699997,359.221985,207.000000,-513.000000,1566.000000,289.000000,310.000000,199.000000,1744086630236932
1279,1744086631621504,178.000000,-130.000000,135.000000,178.000000,128.000000,360.000000,177.563004,-129.686005,134.677994,177.539001,127.699997,359.221985,207.000000,-513.000000,1566.000000,289.000000,310.000000,199.000000,1744086630236932
1279,1744086631625996,178.000000,-130.000000,135.000000,178.000000,128.000000,360.000000,177.567001,-129.690002,134.682007,177.541000,127.705002,359.231995,235.000000,-513.000000,1642.000000,318.000000,314.000000,150.000000,1744086630236932
1279,1744086631631550,178.000000,-130.000000,135.000000,178.000000,128.000000,360.000000,177.572998,-129.692993,134.686005,177.544006,127.707001,359.240997,226.000000,-522.000000,1673.000000,352.000000,350.000000,193.000000,1744086630236932
1279,1744086631636000,178.000000,-130.000000,135.000000,178.000000,128.000000,360.000000,177.574005,-129.697006,134.690994,177.546997,127.709999,359.251007,231.000000,-536.000000,1692.000000,349.000000,340.000000,132.000000,1744086630236932
1279,1744086631641483,178.000000,-130.000000,135.000000,178.000000,128.000000,360.000000,177.580994,-129.703003,134.695007,177.550995,127.710999,359.257996,196.000000,-530.000000,1719.000000,363.000000,357.000000,123.000000,1744086630236932
1279,1744086631645910,178.000000,-130.000000,135.000000,178.000000,128.000000,360.000000,177.585007,-129.705002,134.697006,177.554993,127.714996,359.273010,168.000000,-552.000000,1731.000000,345.000000,383.000000,127.000000,1744086630236932
1279,1744086631651385,178.000000,-130.000000,135.000000,178.000000,128.000000,360.000000,177.589005,-129.707993,134.701004,177.559006,127.718002,359.282990,101.000000,-572.000000,1714.000000,372.000000,380.000000,152.000000,1744086630236932
1279,1744086631655821,178.000000,-130.000000,135.000000,178.000000,128.000000,360.000000,177.593002,-129.712006,134.703995,177.563004,127.722000,359.294006,98.000000,-599.000000,1744.000000,348.000000,397.000000,80.000000,1744086630236932
1279,1744086631661362,178.000000,-130.000000,135.000000,178.000000,128.000000,360.000000,177.602997,-129.714996,134.707001,177.567001,127.725998,359.307007,41.000000,-605.000000,1768.000000,369.000000,388.000000,49.000000,1744086630236932
1279,1744086631665884,178.000000,-130.000000,135.000000,178.000000,128.000000,360.000000,177.608994,-129.718994,134.710007,177.572998,127.727997,359.317993,35.000000,-625.000000,1758.000000,330.000000,416.000000,46.000000,1744086630236932
1279,1744086631671479,178.000000,-130.000000,135.000000,178.000000,128.000000,360.000000,177.615005,-129.722000,134.714005,177.580994,127.727997,359.325012,34.000000,-632.000000,1814.000000,297.000000,408.000000,101.000000,1744086630236932
1279,1744086631675978,178.000000,-130.000000,135.000000,178.000000,128.000000,360.000000,177.623993,-129.727005,134.716995,177.587006,127.733002,359.338989,85.000000,-626.000000,1821.000000,303.000000,427.000000,103.000000,1744086630236932
1279,1744086631680490,178.000000,-130.000000,135.000000,178.000000,128.000000,360.000000,177.630005,-129.729004,134.718002,177.593994,127.733002,359.339996,124.000000,-648.000000,1885.000000,275.000000,429.000000,103.000000,1744086630236932
1279,1744086631686036,178.000000,-130.000000,135.000000,178.000000,128.000000,360.000000,177.636993,-129.731003,134.722000,177.600006,127.737000,359.354004,136.000000,-632.000000,1831.000000,258.000000,427.000000,149.000000,1744086630236932
1279,1744086631690462,178.000000,-130.000000,135.000000,178.000000,128.000000,360.000000,177.643997,-129.733002,134.727997,177.606995,127.738998,359.360992,137.000000,-640.000000,1850.000000,238.000000,428.000000,167.000000,1744086630236932
1279,1744086631695988,178.000000,-130.000000,135.000000,178.000000,128.000000,360.000000,177.647003,-129.737000,134.727997,177.617004,127.739998,359.364014,164.000000,-651.000000,1842.000000,196.000000,443.000000,180.000000,1744086630236932
1279,1744086631701492,178.000000,-130.000000,135.000000,178.000000,128.000000,360.000000,177.651993,-129.740997,134.731995,177.625000,127.744003,359.372986,195.000000,-653.000000,1879.000000,178.000000,435.000000,232.000000,1744086630236932
1279,1744086631705980,178.000000,-130.000000,135.000000,178.000000,128.000000,360.000000,177.656998,-129.742996,134.733994,177.632004,127.747002,359.376007,212.000000,-669.000000,1926.000000,140.000000,437.000000,247.000000,1744086630236932
1279,1744086631711601,178.000000,-130.000000,135.000000,178.000000,128.000000,360.000000,177.660995,-129.744995,134.735992,177.639999,127.750000,359.381012,266.000000,-686.000000,1905.000000,136.000000,426.000000,264.000000,1744086630236932
1279,1744086631716124,178.000000,-130.000000,135.000000,178.000000,128.000000,360.000000,177.664993,-129.751999,134.740005,177.647995,127.752998,359.385986,232.000000,-679.000000,1946.000000,132.000000,451.000000,254.000000,1744086630236932
1279,1744086631720610,178.000000,-130.000000,135.000000,178.000000,128.000000,360.000000,177.666000,-129.755005,134.742996,177.651001,127.753998,359.390015,239.000000,-676.000000,1985.000000,130.000000,434.000000,284.000000,1744086630236932
1279,1744086631726150,178.000000,-130.000000,135.000000,178.000000,128.000000,360.000000,177.667999,-129.759003,134.742996,177.660995,127.757004,359.394012,241.000000,-655.000000,1997.000000,132.000000,438.000000,301.000000,1744086630236932
1279,1744086631730644,178.000000,-130.000000,135.000000,178.000000,128.000000,360.000000,177.669006,-129.761993,134.746994,177.667999,127.761002,359.402008,235.000000,-670.000000,2012.000000,109.000000,416.000000,313.000000,1744086630236932
1279,1744086631736185,178.000000,-130.000000,135.000000,178.000000,128.000000,360.000000,177.671997,-129.764999,134.748001,177.673004,127.764999,359.406006,225.000000,-662.000000,2037.000000,109.000000,422.000000,338.000000,1744086630236932
1279,1744086631740616,178.000000,-130.000000,135.000000,178.000000,128.000000,360.000000,177.679001,-129.766998,134.751999,177.679993,127.765999,359.408997,231.000000,-661.000000,2053.000000,96.000000,421.000000,330.000000,1744086630236932
1279,1744086631746095,178.000000,-130.000000,135.000000,178.000000,128.000000,360.000000,177.679993,-129.770996,134.753998,177.686005,127.768997,359.412994,243.000000,-674.000000,2044.000000,74.000000,418.000000,328.000000,1744086630236932
1279,1744086631750559,178.000000,-130.000000,135.000000,178.000000,128.000000,360.000000,177.684998,-129.774002,134.757996,177.692001,127.775002,359.419006,215.000000,-687.000000,2048.000000,63.000000,401.000000,342.000000,1744086630236932
1279,1744086631756157,178.000000,-130.000000,135.000000,178.000000,128.000000,360.000000,177.690002,-129.776993,134.761002,177.703003,127.778999,359.420990,210.000000,-689.000000,2093.000000,41.000000,380.000000,331.000000,1744086630236932
1279,1744086631760659,178.000000,-130.000000,135.000000,178.000000,128.000000,360.000000,177.690002,-129.776993,134.761002,177.703003,127.778999,359.420990,210.000000,-689.000000,2093.000000,41.000000,380.000000,331.000000,1744086630236932
1279,1744086631766202,178.000000,-130.000000,135.000000,178.000000,128.000000,360.000000,177.695999,-129.779999,134.761993,177.710007,127.783997,359.431000,157.000000,-707.000000,2072.000000,11.000000,354.000000,350.000000,1744086630236932
1279,1744086631770671,178.000000,-130.000000,135.000000,178.000000,128.000000,360.000000,177.705994,-129.783997,134.768997,177.725006,127.790001,359.442993,91.000000,-691.000000,2123.000000,-47.000000,374.000000,307.000000,1744086630236932
1279,1744086631776227,178.000000,-130.000000,135.000000,178.000000,128.000000,360.000000,177.705994,-129.783997,134.768997,177.725006,127.790001,359.442993,91.000000,-691.000000,2123.000000,-47.000000,374.000000,307.000000,1744086630236932
1279,1744086631780737,178.000000,-130.000000,135.000000,178.000000,128.000000,360.000000,177.712997,-129.787994,134.768997,177.731003,127.792000,359.450012,103.000000,-686.000000,2080.000000,-50.000000,333.000000,301.000000,1744086630236932
1279,1744086631786340,178.000000,-130.000000,135.000000,178.000000,128.000000,360.000000,177.723999,-129.791000,134.772995,177.740005,127.794998,359.457001,56.000000,-696.000000,2123.000000,-78.000000,330.000000,218.000000,1744086630236932
1279,1744086631790782,178.000000,-130.000000,135.000000,178.000000,128.000000,360.000000,177.731995,-129.792999,134.774002,177.746002,127.797997,359.464996,90.000000,-683.000000,2075.000000,-85.000000,335.000000,235.000000,1744086630236932
1279,1744086631796332,178.000000,-130.000000,135.000000,178.000000,128.000000,360.000000,177.733002,-129.796005,134.779999,177.753006,127.801003,359.471008,71.000000,-683.000000,2018.000000,-92.000000,325.000000,266.000000,1744086630236932
1279,1744086631800794,178.000000,-130.000000,135.000000,178.000000,128.000000,360.000000,177.742996,-129.798004,134.783997,177.761993,127.803001,359.479004,49.000000,-690.000000,2018.000000,-76.000000,305.000000,204.000000,1744086630236932
1279,1744086631806384,178.000000,-130.000000,135.000000,178.000000,128.000000,360.000000,177.748993,-129.802002,134.787003,177.764999,127.809998,359.489990,51.000000,-678.000000,2035.000000,-55.000000,295.000000,233.000000,1744086630236932
1279,1744086631810888,178.000000,-130.000000,135.000000,178.000000,128.000000,360.000000,177.753998,-129.802994,134.789001,177.768005,127.809998,359.493011,74.000000,-696.000000,2044.000000,-31.000000,301.000000,223.000000,1744086630236932
1279,1744086631816463,178.000000,-130.000000,135.000000,178.000000,128.000000,360.000000,177.757004,-129.806000,134.791000,177.772003,127.814003,359.505005,67.000000,-669.000000,2034.000000,-43.000000,261.000000,194.000000,1744086630236932
1279,1744086631820968,178.000000,-130.000000,135.000000,178.000000,128.000000,360.000000,177.761002,-129.807999,134.794006,177.774994,127.818001,359.515015,110.000000,-665.000000,2005.000000,-13.000000,286.000000,148.000000,1744086630236932
1279,1744086631826510,178.000000,-130.000000,135.000000,178.000000,128.000000,360.000000,177.761993,-129.811005,134.796005,177.778000,127.818001,359.519989,93.000000,-656.000000,2011.000000,18.000000,285.000000,135.000000,1744086630236932
1279,1744086631831010,178.000000,-130.000000,135.000000,178.000000,128.000000,360.000000,177.764008,-129.813004,134.798996,177.779999,127.820999,359.529999,112.000000,-647.000000,1957.000000,-7.000000,298.000000,119.000000,1744086630236932
1279,1744086631835457,178.000000,-130.000000,135.000000,178.000000,128.000000,360.000000,177.768997,-129.817993,134.802002,177.783005,127.823997,359.536987,151.000000,-630.000000,1974.000000,33.000000,268.000000,127.000000,1744086630236932
1279,1744086631840979,178.000000,-130.000000,135.000000,178.000000,128.000000,360.000000,177.770996,-129.820999,134.804001,177.783997,127.824997,359.545013,124.000000,-577.000000,1990.000000,39.000000,275.000000,92.000000,1744086630236932
1279,1744086631846493,178.000000,-130.000000,135.000000,178.000000,128.000000,360.000000,177.772003,-129.826004,134.807007,177.785995,127.828003,359.554993,178.000000,-563.000000,1988.000000,35.000000,270.000000,96.000000,1744086630236932
1279,1744086631850918,178.000000,-130.000000,135.000000,178.000000,128.000000,360.000000,177.772003,-129.828995,134.811005,177.789001,127.831001,359.558990,169.000000,-555.000000,2000.000000,62.000000,268.000000,132.000000,1744086630236932
1279,1744086631856498,178.000000,-130.000000,135.000000,178.000000,128.000000,360.000000,177.774994,-129.830002,134.813995,177.791000,127.835999,359.566010,172.000000,-553.000000,1953.000000,50.000000,254.000000,129.000000,1744086630236932
1279,1744086631861014,178.000000,-130.000000,135.000000,178.000000,128.000000,360.000000,177.779007,-129.832993,134.815002,177.794006,127.838997,359.574005,187.000000,-541.000000,2031.000000,70.000000,244.000000,163.000000,1744086630236932
1279,1744086631865506,178.000000,-130.000000,135.000000,178.000000,128.000000,360.000000,177.779999,-129.835007,134.817993,177.794998,127.842003,359.578003,196.000000,-532.000000,2039.000000,66.000000,251.000000,169.000000,1744086630236932
1279,1744086631871111,178.000000,-130.000000,135.000000,178.000000,128.000000,360.000000,177.783997,-129.839005,134.820999,177.798004,127.845001,359.583008,212.000000,-554.000000,2037.000000,83.000000,229.000000,187.000000,1744086630236932
1279,1744086631875598,178.000000,-130.000000,135.000000,178.000000,128.000000,360.000000,177.789993,-129.839996,134.824005,177.800003,127.846001,359.589996,187.000000,-544.000000,2046.000000,90.000000,253.000000,188.000000,1744086630236932
1279,1744086631881204,178.000000,-130.000000,135.000000,178.000000,128.000000,360.000000,177.794006,-129.843994,134.824005,177.802002,127.847000,359.592987,173.000000,-525.000000,2051.000000,95.000000,226.000000,207.000000,1744086630236932
1279,1744086631885569,178.000000,-130.000000,135.000000,178.000000,128.000000,360.000000,177.794006,-129.845001,134.826004,177.804001,127.847000,359.596008,175.000000,-500.000000,2042.000000,82.000000,248.000000,217.000000,1744086630236932
1279,1744086631891033,178.000000,-130.000000,135.000000,178.000000,128.000000,360.000000,177.798996,-129.848007,134.828995,177.807999,127.849998,359.600006,190.000000,-520.000000,2096.000000,99.000000,232.000000,212.000000,1744086630236932
1279,1744086631895534,178.000000,-130.000000,135.000000,178.000000,128.000000,360.000000,177.800995,-129.850998,134.832993,177.811005,127.850998,359.602997,181.000000,-498.000000,2101.000000,113.000000,246.000000,224.000000,1744086630236932
1279,1744086631901122,178.000000,-130.000000,135.000000,178.000000,128.000000,360.000000,177.804001,-129.852005,134.832993,177.811996,127.853996,359.606995,154.000000,-502.000000,2127.000000,104.000000,233.000000,245.000000,1744086630236932
1279,1744086631905556,178.000000,-130.000000,135.000000,178.000000,128.000000,360.000000,177.807999,-129.854004,134.835007,177.813004,127.853996,359.610992,137.000000,-505.000000,2193.000000,93.000000,230.000000,229.000000,1744086630236932
1279,1744086631911101,178.000000,-130.000000,135.000000,178.000000,128.000000,360.000000,177.809006,-129.854996,134.837006,177.815002,127.857002,359.614990,114.000000,-499.000000,2190.000000,122.000000,236.000000,235.000000,1744086630236932
1279,1744086631915552,178.000000,-130.000000,135.000000,178.000000,128.000000,360.000000,177.809998,-129.858002,134.839005,177.817001,127.860001,359.619995,82.000000,-513.000000,2190.000000,115.000000,234.000000,237.000000,1744086630236932
1279,1744086631921168,178.000000,-130.000000,135.000000,178.000000,128.000000,360.000000,177.815994,-129.858994,134.841995,177.819000,127.861000,359.622009,54.000000,-487.000000,2185.000000,98.000000,238.000000,243.000000,1744086630236932
1279,1744086631925666,178.000000,-130.000000,135.000000,178.000000,128.000000,360.000000,177.815994,-129.860992,134.843002,177.822006,127.861000,359.628998,44.000000,-508.000000,2134.000000,96.000000,236.000000,222.000000,1744086630236932
1279,1744086631931222,178.000000,-130.000000,135.000000,178.000000,128.000000,360.000000,177.820007,-129.862000,134.847000,177.822998,127.863998,359.632996,1.000000,-514.000000,2096.000000,120.000000,229.000000,225.000000,1744086630236932
1279,1744086631935715,178.000000,-130.000000,135.000000,178.000000,128.000000,360.000000,177.822998,-129.865005,134.850006,177.824005,127.867996,359.635986,-44.000000,-514.000000,2053.000000,120.000000,235.000000,276.000000,1744086630236932
1279,1744086631941292,178.000000,-130.000000,135.000000,178.000000,128.000000,360.000000,177.830002,-129.865997,134.852997,177.828003,127.867996,359.638000,-25.000000,-517.000000,2017.000000,104.000000,232.000000,298.000000,1744086630236932
1279,1744086631945791,178.000000,-130.000000,135.000000,178.000000,128.000000,360.000000,177.830002,-129.865997,134.852997,177.828003,127.867996,359.638000,-25.000000,-517.000000,2017.000000,104.000000,232.000000,298.000000,1744086630236932
1279,1744086631951372,178.000000,-130.000000,135.000000,178.000000,128.000000,360.000000,177.837997,-129.869003,134.858002,177.834000,127.871002,359.644989,-2.000000,-511.000000,1975.000000,72.000000,225.000000,267.000000,1744086630236932
1279,1744086631955898,178.000000,-130.000000,135.000000,178.000000,128.000000,360.000000,177.837997,-129.869003,134.858002,177.834000,127.871002,359.644989,-2.000000,-511.000000,1975.000000,72.000000,225.000000,267.000000,1744086630236932
1279,1744086631961459,178.000000,-130.000000,135.000000,178.000000,128.000000,360.000000,177.843002,-129.873001,134.860992,177.835007,127.875000,359.653015,4.000000,-523.000000,1962.000000,110.000000,230.000000,202.000000,1744086630236932
1279,1744086631965973,178.000000,-130.000000,135.000000,178.000000,128.000000,360.000000,177.845993,-129.871994,134.863998,177.837997,127.875999,359.658997,-4.000000,-521.000000,1942.000000,99.000000,240.000000,188.000000,1744086630236932
1279,1744086631970501,178.000000,-130.000000,135.000000,178.000000,128.000000,360.000000,177.852005,-129.876007,134.865997,177.841003,127.877998,359.664001,11.000000,-521.000000,1932.000000,84.000000,226.000000,186.000000,1744086630236932
1279,1744086631976115,178.000000,-130.000000,135.000000,178.000000,128.000000,360.000000,177.852997,-129.876007,134.867996,177.841995,127.878998,359.669006,7.000000,-527.000000,1922.000000,94.000000,248.000000,173.000000,1744086630236932
1279,1744086631980633,178.000000,-130.000000,135.000000,178.000000,128.000000,360.000000,177.856003,-129.878998,134.871994,177.845001,127.879997,359.674011,32.000000,-530.000000,1815.000000,92.000000,234.000000,192.000000,1744086630236932
1279,1744086631986197,178.000000,-130.000000,135.000000,178.000000,128.000000,360.000000,177.858002,-129.880997,134.876007,177.845993,127.882004,359.677002,45.000000,-512.000000,1794.000000,71.000000,241.000000,222.000000,1744086630236932
1279,1744086631990678,178.000000,-130.000000,135.000000,178.000000,128.000000,360.000000,177.858002,-129.882996,134.876007,177.848999,127.884003,359.682007,72.000000,-516.000000,1774.000000,96.000000,240.000000,166.000000,1744086630236932
1279,1744086631996282,178.000000,-130.000000,135.000000,178.000000,128.000000,360.000000,177.858002,-129.884003,134.880005,177.850006,127.884003,359.687988,77.000000,-568.000000,1739.000000,71.000000,255.000000,127.000000,1744086630236932
1279,1744086632000750,178.000000,-130.000000,135.000000,178.000000,128.000000,360.000000,177.858002,-129.884003,134.882996,177.852997,127.886002,359.691986,80.000000,-526.000000,1723.000000,76.000000,252.000000,111.000000,1744086630236932
1279,1744086632006353,178.000000,-130.000000,135.000000,178.000000,128.000000,360.000000,177.856995,-129.886993,134.886002,177.852997,127.886002,359.699005,88.000000,-559.000000,1702.000000,100.000000,269.000000,83.000000,1744086630236932
1279,1744086632010862,178.000000,-130.000000,135.000000,178.000000,128.000000,360.000000,177.858002,-129.888000,134.886002,177.854004,127.889000,359.704010,91.000000,-556.000000,1690.000000,85.000000,217.000000,68.000000,1744086630236932
1279,1744086632016424,178.000000,-130.000000,135.000000,178.000000,128.000000,360.000000,177.858002,-129.891006,134.888000,177.856003,127.890999,359.712006,98.000000,-556.000000,1697.000000,99.000000,250.000000,143.000000,1744086630236932
1279,1744086632020946,178.000000,-130.000000,135.000000,178.000000,128.000000,360.000000,177.860992,-129.891006,134.889999,177.856995,127.890999,359.717010,112.000000,-585.000000,1730.000000,104.000000,234.000000,152.000000,1744086630236932
1279,1744086632026532,178.000000,-130.000000,135.000000,178.000000,128.000000,360.000000,177.860992,-129.893997,134.891998,177.858994,127.890999,359.717987,111.000000,-563.000000,1697.000000,85.000000,258.000000,93.000000,1744086630236932
1279,1744086632031020,178.000000,-130.000000,135.000000,178.000000,128.000000,360.000000,177.863998,-129.891998,134.891998,177.860001,127.890999,359.726013,128.000000,-580.000000,1716.000000,112.000000,284.000000,62.000000,1744086630236932
1279,1744086632035510,178.000000,-130.000000,135.000000,178.000000,128.000000,360.000000,177.865005,-129.895004,134.893997,177.860992,127.897003,359.730011,123.000000,-577.000000,1727.000000,89.000000,250.000000,161.000000,1744086630236932
1279,1744086632041111,178.000000,-130.000000,135.000000,178.000000,128.000000,360.000000,177.867996,-129.895004,134.895004,177.863007,127.894997,359.734009,117.000000,-572.000000,1688.000000,116.000000,279.000000,92.000000,1744086630236932
1279,1744086632045585,178.000000,-130.000000,135.000000,178.000000,128.000000,360.000000,177.875000,-129.897995,134.897003,177.863998,127.898003,359.737000,118.000000,-602.000000,1757.000000,97.000000,248.000000,68.000000,1744086630236932
1279,1744086632051166,178.000000,-130.000000,135.000000,178.000000,128.000000,360.000000,177.876007,-129.899994,134.897995,177.865005,127.898003,359.743988,126.000000,-572.000000,1756.000000,136.000000,258.000000,25.000000,1744086630236932
1279,1744086632055665,178.000000,-130.000000,135.000000,178.000000,128.000000,360.000000,177.878006,-129.899994,134.899002,177.867996,127.900002,359.751007,122.000000,-605.000000,1730.000000,107.000000,267.000000,60.000000,1744086630236932
1279,1744086632061291,178.000000,-130.000000,135.000000,178.000000,128.000000,360.000000,177.880005,-129.901993,134.901001,177.867996,127.901001,359.752014,116.000000,-542.000000,1680.000000,121.000000,265.000000,52.000000,1744086630236932
1279,1744086632065778,178.000000,-130.000000,135.000000,178.000000,128.000000,360.000000,177.882004,-129.903000,134.901993,177.869995,127.901001,359.757996,93.000000,-566.000000,1736.000000,113.000000,284.000000,90.000000,1744086630236932
1279,1744086632071340,178.000000,-130.000000,135.000000,178.000000,128.000000,360.000000,177.884995,-129.903000,134.904999,177.871002,127.902000,359.760986,135.000000,-576.000000,1699.000000,127.000000,268.000000,50.000000,1744086630236932
1279,1744086632075857,178.000000,-130.000000,135.000000,178.000000,128.000000,360.000000,177.889008,-129.903000,134.904999,177.873993,127.902000,359.765991,124.000000,-579.000000,1756.000000,136.000000,270.000000,37.000000,1744086630236932
1279,1744086632081424,178.000000,-130.000000,135.000000,178.000000,128.000000,360.000000,177.886993,-129.903000,134.906006,177.873993,127.902000,359.769012,145.000000,-590.000000,1729.000000,153.000000,280.000000,90.000000,1744086630236932
1279,1744086632085953,178.000000,-130.000000,135.000000,178.000000,128.000000,360.000000,177.889008,-129.903000,134.906998,177.875000,127.903999,359.773010,124.000000,-605.000000,1729.000000,146.000000,288.000000,79.000000,1744086630236932
1279,1744086632091594,178.000000,-130.000000,135.000000,178.000000,128.000000,360.000000,177.889999,-129.904999,134.906998,177.876007,127.903999,359.776001,117.000000,-607.000000,1754.000000,152.000000,282.000000,50.000000,1744086630236932
1279,1744086632096110,178.000000,-130.000000,135.000000,178.000000,128.000000,360.000000,177.891006,-129.906006,134.906998,177.878006,127.903999,359.778015,142.000000,-600.000000,1752.000000,158.000000,286.000000,87.000000,1744086630236932
1279,1744086632100592,178.000000,-130.000000,135.000000,178.000000,128.000000,360.000000,177.889999,-129.906006,134.908997,177.878998,127.904999,359.779999,121.000000,-604.000000,1745.000000,171.000000,296.000000,118.000000,1744086630236932
1279,1744086632106117,178.000000,-130.000000,135.000000,178.000000,128.000000,360.000000,177.891006,-129.906006,134.908997,177.878998,127.904999,359.785004,109.000000,-603.000000,1782.000000,158.000000,297.000000,93.000000,1744086630236932
1279,1744086632111646,178.000000,-130.000000,135.000000,178.000000,128.000000,360.000000,177.893005,-129.908997,134.910004,177.882004,127.905998,359.785004,130.000000,-597.000000,1776.000000,187.000000,300.000000,97.000000,1744086630236932
1279,1744086632116094,178.000000,-130.000000,135.000000,178.000000,128.000000,360.000000,177.893997,-129.906998,134.910004,177.882004,127.905998,359.789001,147.000000,-616.000000,1773.000000,191.000000,308.000000,110.000000,1744086630236932
1279,1744086632120587,178.000000,-130.000000,135.000000,178.000000,128.000000,360.000000,177.895996,-129.908997,134.912003,177.882996,127.907997,359.790985,164.000000,-612.000000,1784.000000,182.000000,305.000000,116.000000,1744086630236932
1279,1744086632126173,178.000000,-130.000000,135.000000,178.000000,128.000000,360.000000,177.895996,-129.908997,134.912003,177.882996,127.907997,359.790985,164.000000,-612.000000,1784.000000,182.000000,305.000000,116.000000,1744086630236932
1279,1744086632130683,178.000000,-130.000000,135.000000,178.000000,128.000000,360.000000,177.897003,-129.910004,134.912994,177.882996,127.905998,359.792999,157.000000,-610.000000,1796.000000,189.000000,304.000000,113.000000,1744086630236932
1279,1744086632136259,178.000000,-130.000000,135.000000,178.000000,128.000000,360.000000,177.899994,-129.910004,134.914001,177.886993,127.908997,359.799011,142.000000,-609.000000,1838.000000,202.000000,309.000000,143.000000,1744086630236932
1279,1744086632140788,178.000000,-130.000000,135.000000,178.000000,128.000000,360.000000,177.899994,-129.910004,134.914001,177.886993,127.908997,359.799011,142.000000,-609.000000,1838.000000,202.000000,309.000000,143.000000,1744086630236932
1279,1744086632146427,178.000000,-130.000000,135.000000,178.000000,128.000000,360.000000,177.901001,-129.910995,134.916000,177.886993,127.907997,359.799988,174.000000,-601.000000,1808.000000,220.000000,313.000000,148.000000,1744086630236932
1279,1744086632150910,178.000000,-130.000000,135.000000,178.000000,128.000000,360.000000,177.904007,-129.914001,134.914001,177.889008,127.908997,359.803009,176.000000,-623.000000,1818.000000,211.000000,317.000000,173.000000,1744086630236932
1279,1744086632156442,178.000000,-130.000000,135.000000,178.000000,128.000000,360.000000,177.901993,-129.912994,134.917007,177.889008,127.908997,359.806000,186.000000,-622.000000,1795.000000,211.000000,308.000000,154.000000,1744086630236932
1279,1744086632160928,178.000000,-130.000000,135.000000,178.000000,128.000000,360.000000,177.901993,-129.912994,134.917007,177.889999,127.912003,359.808990,199.000000,-616.000000,1824.000000,224.000000,311.000000,177.000000,1744086630236932
1279,1744086632166450,178.000000,-130.000000,135.000000,178.000000,128.000000,360.000000,177.904007,-129.914001,134.917007,177.891998,127.912003,359.808990,211.000000,-616.000000,1830.000000,222.000000,315.000000,190.000000,1744086630236932
1279,1744086632170921,178.000000,-130.000000,135.000000,178.000000,128.000000,360.000000,177.904007,-129.914001,134.917007,177.891998,127.912003,359.811005,220.000000,-613.000000,1848.000000,248.000000,320.000000,205.000000,1744086630236932
1279,1744086632176515,178.000000,-130.000000,135.000000,178.000000,128.000000,360.000000,177.906998,-129.916000,134.919998,177.893005,127.915001,359.813995,216.000000,-628.000000,1827.000000,243.000000,320.000000,200.000000,1744086630236932
1279,1744086632181025,178.000000,-130.000000,135.000000,178.000000,128.000000,360.000000,177.904999,-129.916000,134.921005,177.893005,127.913002,359.813995,207.000000,-602.000000,1825.000000,257.000000,324.000000,195.000000,1744086630236932
1279,1744086632185510,178.000000,-130.000000,135.000000,178.000000,128.000000,360.000000,177.904999,-129.917999,134.919998,177.893997,127.915001,359.817993,223.000000,-633.000000,1836.000000,255.000000,334.000000,190.000000,1744086630236932
1279,1744086632191081,178.000000,-130.000000,135.000000,178.000000,128.000000,360.000000,177.904999,-129.917007,134.921005,177.893997,127.915001,359.817993,221.000000,-622.000000,1853.000000,267.000000,331.000000,212.000000,1744086630236932
1279,1744086632195532,178.000000,-130.000000,135.000000,178.000000,128.000000,360.000000,177.904999,-129.919998,134.923004,177.895996,127.915001,359.821991,192.000000,-621.000000,1830.000000,273.000000,342.000000,200.000000,1744086630236932
1279,1744086632201051,178.000000,-130.000000,135.000000,178.000000,128.000000,360.000000,177.906998,-129.919998,134.925003,177.895996,127.916000,359.821991,184.000000,-614.000000,1809.000000,262.000000,337.000000,210.000000,1744086630236932
1279,1744086632205474,178.000000,-130.000000,135.000000,178.000000,128.000000,360.000000,177.906998,-129.921005,134.923996,177.897003,127.917000,359.825012,189.000000,-606.000000,1842.000000,279.000000,340.000000,219.000000,1744086630236932
1279,1744086632210973,178.000000,-130.000000,135.000000,178.000000,128.000000,360.000000,177.910995,-129.921997,134.927002,177.897003,127.917000,359.825012,187.000000,-611.000000,1834.000000,277.000000,346.000000,219.000000,1744086630236932
1279,1744086632216491,178.000000,-130.000000,135.000000,178.000000,128.000000,360.000000,177.908997,-129.921005,134.925003,177.899994,127.917000,359.825989,152.000000,-627.000000,1856.000000,286.000000,347.000000,242.000000,1744086630236932
1279,1744086632221006,178.000000,-130.000000,135.000000,178.000000,128.000000,360.000000,177.910995,-129.921005,134.927994,177.899994,127.918999,359.830994,145.000000,-613.000000,1857.000000,261.000000,344.000000,247.000000,1744086630236932
1279,1744086632225499,178.000000,-130.000000,135.000000,178.000000,128.000000,360.000000,177.912003,-129.921997,134.927002,177.899994,127.919998,359.830994,111.000000,-627.000000,1847.000000,276.000000,340.000000,249.000000,1744086630236932
1279,1744086632231107,178.000000,-130.000000,135.000000,178.000000,128.000000,360.000000,177.914993,-129.923996,134.927994,177.901001,127.918999,359.832001,106.000000,-636.000000,1851.000000,291.000000,354.000000,258.000000,1744086630236932
1279,1744086632235573,178.000000,-130.000000,135.000000,178.000000,128.000000,360.000000,177.912994,-129.925003,134.929001,177.903000,127.919998,359.833008,94.000000,-637.000000,1832.000000,281.000000,348.000000,274.000000,1744086630236932
1279,1744086632241227,178.000000,-130.000000,135.000000,178.000000,128.000000,360.000000,177.916000,-129.925003,134.929001,177.903000,127.919998,359.833008,98.000000,-613.000000,1855.000000,276.000000,347.000000,282.000000,1744086630236932
1279,1744086632245670,178.000000,-130.000000,135.000000,178.000000,128.000000,360.000000,177.916000,-129.925003,134.932007,177.904007,127.919998,359.835999,89.000000,-611.000000,1843.000000,282.000000,362.000000,276.000000,1744086630236932
1279,1744086632251186,178.000000,-130.000000,135.000000,178.000000,128.000000,360.000000,177.916000,-129.927002,134.931000,177.904007,127.920998,359.837006,85.000000,-621.000000,1898.000000,288.000000,375.000000,294.000000,1744086630236932
1279,1744086632255647,178.000000,-130.000000,135.000000,178.000000,128.000000,360.000000,177.917999,-129.927002,134.931000,177.904007,127.919998,359.838989,82.000000,-613.000000,1900.000000,287.000000,367.000000,249.000000,1744086630236932
1279,1744086632261168,178.000000,-130.000000,135.000000,178.000000,128.000000,360.000000,177.917999,-129.927994,134.932007,177.906998,127.924004,359.842010,51.000000,-621.000000,1875.000000,281.000000,363.000000,285.000000,1744086630236932
1279,1744086632265670,178.000000,-130.000000,135.000000,178.000000,128.000000,360.000000,177.919006,-129.927994,134.932007,177.904999,127.924004,359.842987,76.000000,-626.000000,1881.000000,293.000000,366.000000,254.000000,1744086630236932
1279,1744086632271270,178.000000,-130.000000,135.000000,178.000000,128.000000,360.000000,177.921997,-129.927994,134.934006,177.906998,127.924004,359.846008,71.000000,-629.000000,1920.000000,276.000000,375.000000,291.000000,1744086630236932
1279,1744086632275799,178.000000,-130.000000,135.000000,178.000000,128.000000,360.000000,177.921997,-129.927994,134.934998,177.908005,127.926003,359.847992,84.000000,-624.000000,1898.000000,292.000000,376.000000,283.000000,1744086630236932
1279,1744086632281379,178.000000,-130.000000,135.000000,178.000000,128.000000,360.000000,177.923004,-129.931000,134.934998,177.910995,127.926003,359.847992,68.000000,-626.000000,1889.000000,284.000000,375.000000,275.000000,1744086630236932
1279,1744086632285863,178.000000,-130.000000,135.000000,178.000000,128.000000,360.000000,177.923996,-129.931000,134.936005,177.908997,127.926003,359.851013,63.000000,-623.000000,1905.000000,285.000000,372.000000,256.000000,1744086630236932
1279,1744086632291546,178.000000,-130.000000,135.000000,178.000000,128.000000,360.000000,177.923996,-129.932007,134.938004,177.910995,127.927002,359.852997,67.000000,-626.000000,1897.000000,296.000000,373.000000,252.000000,1744086630236932
1279,1744086632295992,178.000000,-130.000000,135.000000,178.000000,128.000000,360.000000,177.923996,-129.932007,134.938004,177.910995,127.927002,359.852997,67.000000,-626.000000,1897.000000,296.000000,373.000000,252.000000,1744086630236932
1279,1744086632301496,178.000000,-130.000000,135.000000,178.000000,128.000000,360.000000,177.923996,-129.932999,134.938004,177.912003,127.928001,359.855011,57.000000,-618.000000,1922.000000,277.000000,391.000000,269.000000,1744086630236932
1279,1744086632305965,178.000000,-130.000000,135.000000,178.000000,128.000000,360.000000,177.925995,-129.932999,134.938995,177.914001,127.928001,359.858002,45.000000,-632.000000,1917.000000,289.000000,389.000000,298.000000,1744086630236932
1279,1744086632311555,178.000000,-130.000000,135.000000,178.000000,128.000000,360.000000,177.925995,-129.932999,134.938995,177.914001,127.928001,359.858002,45.000000,-632.000000,1917.000000,289.000000,389.000000,298.000000,1744086630236932
1279,1744086632316043,178.000000,-130.000000,135.000000,178.000000,128.000000,360.000000,177.927002,-129.934998,134.938995,177.914993,127.928001,359.860992,42.000000,-636.000000,1939.000000,294.000000,396.000000,259.000000,1744086630236932
1279,1744086632320492,178.000000,-130.000000,135.000000,178.000000,128.000000,360.000000,177.927002,-129.934998,134.942001,177.914993,127.930000,359.860992,50.000000,-629.000000,1923.000000,296.000000,399.000000,249.000000,1744086630236932
1279,1744086632326058,178.000000,-130.000000,135.000000,178.000000,128.000000,360.000000,177.927994,-129.936005,134.942001,177.916000,127.930000,359.862000,57.000000,-626.000000,1918.000000,292.000000,399.000000,266.000000,1744086630236932
1279,1744086632330537,178.000000,-130.000000,135.000000,178.000000,128.000000,360.000000,177.929993,-129.936005,134.942993,177.916000,127.931000,359.864990,50.000000,-633.000000,1890.000000,288.000000,397.000000,266.000000,1744086630236932
1279,1744086632336124,178.000000,-130.000000,135.000000,178.000000,128.000000,360.000000,177.929993,-129.936005,134.945007,177.919006,127.931000,359.864014,49.000000,-624.000000,1860.000000,290.000000,409.000000,291.000000,1744086630236932
1279,1744086632340556,178.000000,-130.000000,135.000000,178.000000,128.000000,360.000000,177.931000,-129.938995,134.945999,177.919006,127.931000,359.865997,37.000000,-635.000000,1879.000000,285.000000,413.000000,254.000000,1744086630236932
1279,1744086632346070,178.000000,-130.000000,135.000000,178.000000,128.000000,360.000000,177.931000,-129.938995,134.947006,177.919998,127.931999,359.868011,20.000000,-633.000000,1840.000000,286.000000,410.000000,243.000000,1744086630236932
1279,1744086632350547,178.000000,-130.000000,135.000000,178.000000,128.000000,360.000000,177.932999,-129.938995,134.949005,177.921997,127.931999,359.869995,50.000000,-632.000000,1894.000000,289.000000,410.000000,272.000000,1744086630236932
1279,1744086632356132,178.000000,-130.000000,135.000000,178.000000,128.000000,360.000000,177.934006,-129.940002,134.949005,177.923004,127.933998,359.869995,35.000000,-642.000000,1887.000000,284.000000,419.000000,259.000000,1744086630236932
1279,1744086632360650,178.000000,-130.000000,135.000000,178.000000,128.000000,360.000000,177.934006,-129.942001,134.949005,177.923004,127.933998,359.875000,36.000000,-655.000000,1857.000000,289.000000,412.000000,280.000000,1744086630236932
1279,1744086632366265,178.000000,-130.000000,135.000000,178.000000,128.000000,360.000000,177.934998,-129.942001,134.951004,177.925003,127.934998,359.876007,27.000000,-634.000000,1881.000000,292.000000,417.000000,281.000000,1744086630236932
1279,1744086632370781,178.000000,-130.000000,135.000000,178.000000,128.000000,360.000000,177.936996,-129.942001,134.953003,177.925995,127.934998,359.877014,22.000000,-654.000000,1885.000000,294.000000,416.000000,292.000000,1744086630236932
1279,1744086632376372,178.000000,-130.000000,135.000000,178.000000,128.000000,360.000000,177.936996,-129.942001,134.953995,177.929001,127.936996,359.878998,37.000000,-647.000000,1894.000000,265.000000,421.000000,283.000000,1744086630236932
1279,1744086632380900,178.000000,-130.000000,135.000000,178.000000,128.000000,360.000000,177.938004,-129.944000,134.953995,177.929001,127.936996,359.881012,46.000000,-650.000000,1859.000000,277.000000,425.000000,225.000000,1744086630236932
1279,1744086632386496,178.000000,-130.000000,135.000000,178.000000,128.000000,360.000000,177.938004,-129.944000,134.955994,177.929993,127.938004,359.882996,33.000000,-644.000000,1892.000000,271.000000,416.000000,207.000000,1744086630236932
1279,1744086632391000,178.000000,-130.000000,135.000000,178.000000,128.000000,360.000000,177.938004,-129.945999,134.957001,177.931000,127.939003,359.886993,35.000000,-645.000000,1885.000000,283.000000,410.000000,202.000000,1744086630236932
1279,1744086632395507,178.000000,-130.000000,135.000000,178.000000,128.000000,360.000000,177.938995,-129.945999,134.957993,177.931000,127.939003,359.888000,51.000000,-641.000000,1896.000000,259.000000,427.000000,229.000000,1744086630236932
1279,1744086632401103,178.000000,-130.000000,135.000000,178.000000,128.000000,360.000000,177.940994,-129.947006,134.960007,177.934006,127.939003,359.891998,45.000000,-632.000000,1887.000000,276.000000,419.000000,163.000000,1744086630236932
1279,1744086632405633,178.000000,-130.000000,135.000000,178.000000,128.000000,360.000000,177.942001,-129.947006,134.960999,177.934998,127.939003,359.891998,31.000000,-644.000000,1903.000000,275.000000,440.000000,166.000000,1744086630236932
1279,1744086632411190,178.000000,-130.000000,135.000000,178.000000,128.000000,360.000000,177.942001,-129.949005,134.960999,177.934998,127.941002,359.894012,23.000000,-654.000000,1890.000000,272.000000,440.000000,177.000000,1744086630236932
1279,1744086632415683,178.000000,-130.000000,135.000000,178.000000,128.000000,360.000000,177.942001,-129.949997,134.962006,177.936996,127.941002,359.898010,39.000000,-637.000000,1893.000000,273.000000,426.000000,184.000000,1744086630236932
1279,1744086632421279,178.000000,-130.000000,135.000000,178.000000,128.000000,360.000000,177.945007,-129.949005,134.964005,177.938004,127.941002,359.898010,42.000000,-644.000000,1915.000000,266.000000,437.000000,233.000000,1744086630236932
1279,1744086632425799,178.000000,-130.000000,135.000000,178.000000,128.000000,360.000000,177.944000,-129.949005,134.964005,177.938004,127.942001,359.898010,43.000000,-651.000000,1897.000000,281.000000,443.000000,218.000000,1744086630236932
1279,1744086632431425,178.000000,-130.000000,135.000000,178.000000,128.000000,360.000000,177.945999,-129.953003,134.964996,177.940002,127.942001,359.898987,29.000000,-652.000000,1940.000000,277.000000,436.000000,176.000000,1744086630236932
1279,1744086632435923,178.000000,-130.000000,135.000000,178.000000,128.000000,360.000000,177.945999,-129.953003,134.964996,177.940002,127.942001,359.901001,26.000000,-653.000000,1925.000000,281.000000,443.000000,179.000000,1744086630236932
1279,1744086632441547,178.000000,-130.000000,135.000000,178.000000,128.000000,360.000000,177.947998,-129.953995,134.966995,177.940994,127.943001,359.901001,21.000000,-647.000000,1948.000000,280.000000,444.000000,220.000000,1744086630236932
1279,1744086632446066,178.000000,-130.000000,135.000000,178.000000,128.000000,360.000000,177.947998,-129.953995,134.968002,177.942001,127.945000,359.902008,33.000000,-657.000000,1952.000000,277.000000,444.000000,211.000000,1744086630236932
1279,1744086632450564,178.000000,-130.000000,135.000000,178.000000,128.000000,360.000000,177.949997,-129.955002,134.966995,177.944000,127.943001,359.903015,27.000000,-638.000000,1946.000000,283.000000,453.000000,126.000000,1744086630236932
1279,1744086632456227,178.000000,-130.000000,135.000000,178.000000,128.000000,360.000000,177.951996,-129.955002,134.968994,177.945007,127.945999,359.904999,28.000000,-643.000000,1949.000000,266.000000,443.000000,156.000000,1744086630236932
1279,1744086632460667,178.000000,-130.000000,135.000000,178.000000,128.000000,360.000000,177.949997,-129.955002,134.968994,177.945007,127.945999,359.906006,27.000000,-646.000000,1936.000000,273.000000,446.000000,139.000000,1744086630236932
1279,1744086632465844,178.000000,-130.000000,135.000000,178.000000,128.000000,360.000000,177.949997,-129.955002,134.968994,177.945007,127.945999,359.906006,27.000000,-646.000000,1936.000000,273.000000,446.000000,139.000000,1744086630236932
1279,1744086632471281,178.000000,-130.000000,135.000000,178.000000,128.000000,360.000000,177.953003,-129.957001,134.970993,177.947998,127.947998,359.907013,26.000000,-641.000000,1931.000000,253.000000,449.000000,125.000000,1744086630236932
1279,1744086632475646,178.000000,-130.000000,135.000000,178.000000,128.000000,360.000000,177.953003,-129.957001,134.970993,177.947998,127.947998,359.907013,26.000000,-641.000000,1931.000000,253.000000,449.000000,125.000000,1744086630236932
1279,1744086632481085,178.000000,-130.000000,135.000000,178.000000,128.000000,360.000000,177.955994,-129.960007,134.973007,177.947998,127.948997,359.907013,36.000000,-638.000000,1946.000000,286.000000,450.000000,191.000000,1744086630236932
1279,1744086632486504,178.000000,-130.000000,135.000000,178.000000,128.000000,360.000000,177.957001,-129.960999,134.975998,177.951004,127.948997,359.908997,18.000000,-649.000000,1946.000000,272.000000,465.000000,147.000000,1744086630236932
1279,1744086632490867,178.000000,-130.000000,135.000000,178.000000,128.000000,360.000000,177.957001,-129.960999,134.975998,177.951004,127.948997,359.908997,18.000000,-649.000000,1946.000000,272.000000,465.000000,147.000000,1744086630236932
1279,1744086632496289,178.000000,-130.000000,135.000000,178.000000,128.000000,360.000000,177.957001,-129.962006,134.975998,177.951004,127.948997,359.908997,38.000000,-625.000000,1933.000000,288.000000,460.000000,166.000000,1744086630236932
1279,1744086632500661,178.000000,-130.000000,135.000000,178.000000,128.000000,360.000000,177.957001,-129.962006,134.977997,177.951996,127.949997,359.910004,35.000000,-631.000000,1925.000000,277.000000,470.000000,174.000000,1744086630236932
1279,1744086632506080,178.000000,-130.000000,135.000000,178.000000,128.000000,360.000000,177.957001,-129.964005,134.977997,177.953003,127.953003,359.910004,48.000000,-627.000000,1961.000000,256.000000,467.000000,195.000000,1744086630236932
1279,1744086632510453,178.000000,-130.000000,135.000000,178.000000,128.000000,360.000000,177.960007,-129.964005,134.979004,177.953003,127.954002,359.911987,52.000000,-634.000000,1950.000000,285.000000,464.000000,162.000000,1744086630236932
1279,1744086632515903,178.000000,-130.000000,135.000000,178.000000,128.000000,360.000000,177.960007,-129.964005,134.979004,177.955002,127.953003,359.911987,50.000000,-621.000000,1981.000000,249.000000,464.000000,101.000000,1744086630236932
1279,1744086632521352,178.000000,-130.000000,135.000000,178.000000,128.000000,360.000000,177.960999,-129.964996,134.979996,177.957001,127.954002,359.911987,58.000000,-625.000000,1976.000000,254.000000,471.000000,139.000000,1744086630236932
1279,1744086632525730,178.000000,-130.000000,135.000000,178.000000,128.000000,360.000000,177.960999,-129.966003,134.981995,177.959000,127.956001,359.911987,65.000000,-615.000000,1974.000000,266.000000,467.000000,153.000000,1744086630236932
1279,1744086632531173,178.000000,-130.000000,135.000000,178.000000,128.000000,360.000000,177.962997,-129.968002,134.983002,177.959000,127.956001,359.914001,45.000000,-621.000000,1970.000000,270.000000,462.000000,119.000000,1744086630236932
1279,1744086632535532,178.000000,-130.000000,135.000000,178.000000,128.000000,360.000000,177.962997,-129.968002,134.983002,177.960007,127.957001,359.914001,53.000000,-611.000000,1992.000000,271.000000,475.000000,193.000000,1744086630236932
1279,1744086632540998,178.000000,-130.000000,135.000000,178.000000,128.000000,360.000000,177.962997,-129.968002,134.983002,177.960007,127.959000,359.912994,52.000000,-615.000000,1990.000000,273.000000,470.000000,193.000000,1744086630236932
1279,1744086632546438,178.000000,-130.000000,135.000000,178.000000,128.000000,360.000000,177.966003,-129.970001,134.983002,177.962997,127.959999,359.912994,52.000000,-611.000000,2001.000000,250.000000,466.000000,173.000000,1744086630236932
1279,1744086632550877,178.000000,-130.000000,135.000000,178.000000,128.000000,360.000000,177.966003,-129.970001,134.983994,177.962997,127.959999,359.915985,64.000000,-610.000000,2031.000000,272.000000,480.000000,137.000000,1744086630236932
1279,1744086632556369,178.000000,-130.000000,135.000000,178.000000,128.000000,360.000000,177.966003,-129.972000,134.985992,177.964005,127.960999,359.915985,58.000000,-576.000000,2018.000000,269.000000,472.000000,137.000000,1744086630236932
1279,1744086632560773,178.000000,-130.000000,135.000000,178.000000,128.000000,360.000000,177.966995,-129.973007,134.987000,177.962997,127.959999,359.916992,71.000000,-597.000000,2023.000000,272.000000,486.000000,92.000000,1744086630236932
1279,1744086632566281,178.000000,-130.000000,135.000000,178.000000,128.000000,360.000000,177.968002,-129.973007,134.988998,177.966003,127.960999,359.917999,68.000000,-598.000000,2034.000000,273.000000,480.000000,97.000000,1744086630236932
1279,1744086632570782,178.000000,-130.000000,135.000000,178.000000,128.000000,360.000000,177.968002,-129.973007,134.988998,177.966003,127.960999,359.920013,76.000000,-597.000000,2043.000000,268.000000,484.000000,109.000000,1744086630236932
1279,1744086632576349,178.000000,-130.000000,135.000000,178.000000,128.000000,360.000000,177.970001,-129.975998,134.990005,177.966995,127.962997,359.920013,92.000000,-598.000000,2041.000000,267.000000,486.000000,179.000000,1744086630236932
1279,1744086632580843,178.000000,-130.000000,135.000000,178.000000,128.000000,360.000000,177.972000,-129.975998,134.990997,177.966995,127.963997,359.920013,90.000000,-589.000000,2066.000000,287.000000,481.000000,154.000000,1744086630236932
1279,1744086632586397,178.000000,-130.000000,135.000000,178.000000,128.000000,360.000000,177.970993,-129.977005,134.990997,177.968002,127.964996,359.920013,99.000000,-579.000000,2047.000000,280.000000,467.000000,103.000000,1744086630236932
1279,1744086632590785,178.000000,-130.000000,135.000000,178.000000,128.000000,360.000000,177.970993,-129.977005,134.992996,177.968002,127.964996,359.920990,102.000000,-573.000000,2035.000000,283.000000,471.000000,145.000000,1744086630236932
1279,1744086632596265,178.000000,-130.000000,135.000000,178.000000,128.000000,360.000000,177.972000,-129.979004,134.994003,177.968002,127.964996,359.923004,94.000000,-592.000000,2063.000000,281.000000,476.000000,97.000000,1744086630236932
1279,1744086632600840,178.000000,-130.000000,135.000000,178.000000,128.000000,360.000000,177.972000,-129.979996,134.992996,177.970993,127.968002,359.923004,93.000000,-567.000000,2058.000000,285.000000,474.000000,147.000000,1744086630236932
1279,1744086632606396,178.000000,-130.000000,135.000000,178.000000,128.000000,360.000000,177.973999,-129.979996,134.994995,177.970993,127.968002,359.924011,86.000000,-571.000000,1994.000000,292.000000,482.000000,103.000000,1744086630236932
1279,1744086632610897,178.000000,-130.000000,135.000000,178.000000,128.000000,360.000000,177.975006,-129.983002,134.996994,177.973007,127.970001,359.923004,103.000000,-572.000000,2014.000000,274.000000,468.000000,176.000000,1744086630236932
1279,1744086632616522,178.000000,-130.000000,135.000000,178.000000,128.000000,360.000000,177.973999,-129.981003,134.996994,177.973007,127.970001,359.924011,104.000000,-560.000000,1986.000000,276.000000,478.000000,145.000000,1744086630236932
1279,1744086632621079,178.000000,-130.000000,135.000000,178.000000,128.000000,360.000000,177.977005,-129.983002,134.998001,177.973007,127.971001,359.924988,111.000000,-559.000000,1994.000000,282.000000,471.000000,98.000000,1744086630236932
1279,1744086632626661,178.000000,-130.000000,135.000000,178.000000,128.000000,360.000000,177.973999,-129.983002,134.998001,177.973999,127.972000,359.928009,109.000000,-558.000000,2000.000000,283.000000,472.000000,128.000000,1744086630236932
1279,1744086632631124,178.000000,-130.000000,135.000000,178.000000,128.000000,360.000000,177.973999,-129.983002,134.998001,177.973999,127.972000,359.928009,109.000000,-558.000000,2000.000000,283.000000,472.000000,128.000000,1744086630236932
1279,1744086632635545,178.000000,-130.000000,135.000000,178.000000,128.000000,360.000000,177.977005,-129.985992,134.998993,177.977005,127.975998,359.928009,118.000000,-564.000000,1987.000000,284.000000,473.000000,83.000000,1744086630236932
1279,1744086632641084,178.000000,-130.000000,135.000000,178.000000,128.000000,360.000000,177.977997,-129.983994,134.998993,177.977005,127.974998,359.928986,128.000000,-551.000000,2010.000000,276.000000,478.000000,97.000000,1744086630236932
1279,1744086632646577,178.000000,-130.000000,135.000000,178.000000,128.000000,360.000000,177.977997,-129.983994,134.998993,177.977005,127.974998,359.928986,128.000000,-551.000000,2010.000000,276.000000,478.000000,97.000000,1744086630236932
1279,1744086632651003,178.000000,-130.000000,135.000000,178.000000,128.000000,360.000000,177.979004,-129.987000,135.001007,177.979004,127.974998,359.932007,116.000000,-559.000000,2010.000000,284.000000,488.000000,156.000000,1744086630236932
1279,1744086632656553,178.000000,-130.000000,135.000000,178.000000,128.000000,360.000000,177.981003,-129.988007,134.998993,177.981003,127.974998,359.928009,127.000000,-558.000000,1998.000000,278.000000,497.000000,153.000000,1744086630236932
1279,1744086632661099,178.000000,-130.000000,135.000000,178.000000,128.000000,360.000000,177.981995,-129.988007,134.998993,177.979004,127.975998,359.928986,141.000000,-548.000000,2007.000000,292.000000,500.000000,145.000000,1744086630236932
1279,1744086632665628,178.000000,-130.000000,135.000000,178.000000,128.000000,360.000000,177.981995,-129.988007,135.001007,177.981003,127.974998,359.928986,132.000000,-526.000000,1999.000000,291.000000,504.000000,135.000000,1744086630236932
1279,1744086632671212,178.000000,-130.000000,135.000000,178.000000,128.000000,360.000000,177.983002,-129.990005,135.001007,177.981995,127.975998,359.928009,158.000000,-542.000000,1999.000000,298.000000,491.000000,169.000000,1744086630236932
1279,1744086632675723,178.000000,-130.000000,135.000000,178.000000,128.000000,360.000000,177.983002,-129.990997,134.998993,177.981995,127.977997,359.928009,146.000000,-536.000000,2001.000000,310.000000,494.000000,145.000000,1744086630236932
1279,1744086632681340,178.000000,-130.000000,135.000000,178.000000,128.000000,360.000000,177.985992,-129.992996,135.001999,177.981995,127.977997,359.931000,148.000000,-536.000000,1999.000000,300.000000,500.000000,109.000000,1744086630236932
1279,1744086632685808,178.000000,-130.000000,135.000000,178.000000,128.000000,360.000000,177.983002,-129.992996,135.001007,177.981995,127.978996,359.932007,141.000000,-537.000000,1992.000000,300.000000,487.000000,85.000000,1744086630236932
1279,1744086632691333,178.000000,-130.000000,135.000000,178.000000,128.000000,360.000000,177.985992,-129.994003,135.001007,177.983994,127.978996,359.932007,154.000000,-533.000000,1992.000000,306.000000,492.000000,169.000000,1744086630236932
1279,1744086632695759,178.000000,-130.000000,135.000000,178.000000,128.000000,360.000000,177.988007,-129.994995,135.001007,177.985001,127.978996,359.933990,145.000000,-546.000000,1989.000000,300.000000,466.000000,146.000000,1744086630236932
1279,1744086632701365,178.000000,-130.000000,135.000000,178.000000,128.000000,360.000000,177.985992,-129.994995,135.001007,177.985001,127.982002,359.932007,147.000000,-518.000000,1988.000000,313.000000,469.000000,175.000000,1744086630236932
1279,1744086632705888,178.000000,-130.000000,135.000000,178.000000,128.000000,360.000000,177.988007,-129.996994,135.001999,177.985992,127.985001,359.931000,166.000000,-503.000000,1978.000000,310.000000,455.000000,156.000000,1744086630236932
1279,1744086632711507,178.000000,-130.000000,135.000000,178.000000,128.000000,360.000000,177.988007,-129.996994,135.001999,177.985992,127.986000,359.932007,168.000000,-504.000000,1991.000000,302.000000,464.000000,167.000000,1744086630236932
1279,1744086632716009,178.000000,-130.000000,135.000000,178.000000,128.000000,360.000000,177.988998,-129.996994,135.001007,177.988007,127.986000,359.932007,175.000000,-512.000000,1981.000000,311.000000,448.000000,158.000000,1744086630236932
1279,1744086632720515,178.000000,-130.000000,135.000000,178.000000,128.000000,360.000000,177.990005,-129.996994,135.001999,177.988007,127.987000,359.933990,181.000000,-507.000000,1993.000000,309.000000,447.000000,172.000000,1744086630236932
1279,1744086632726080,178.000000,-130.000000,135.000000,178.000000,128.000000,360.000000,177.992004,-129.996994,135.001999,177.988998,127.988998,359.932007,195.000000,-491.000000,1985.000000,314.000000,433.000000,180.000000,1744086630236932
1279,1744086632730558,178.000000,-130.000000,135.000000,178.000000,128.000000,360.000000,177.990005,-129.998001,135.005005,177.988998,127.989998,359.934998,192.000000,-493.000000,1979.000000,324.000000,444.000000,159.000000,1744086630236932
1279,1744086632736215,178.000000,-130.000000,135.000000,178.000000,128.000000,360.000000,177.992996,-129.998001,135.001007,177.988998,127.991997,359.934998,204.000000,-498.000000,1977.000000,326.000000,414.000000,176.000000,1744086630236932
1279,1744086632740700,178.000000,-130.000000,135.000000,178.000000,128.000000,360.000000,177.992004,-129.998993,135.001999,177.990005,127.992996,359.936005,190.000000,-497.000000,1956.000000,334.000000,419.000000,143.000000,1744086630236932
1279,1744086632746298,178.000000,-130.000000,135.000000,178.000000,128.000000,360.000000,177.992996,-129.998993,135.001999,177.990005,127.994003,359.934998,186.000000,-491.000000,1961.000000,318.000000,407.000000,172.000000,1744086630236932
1279,1744086632750855,178.000000,-130.000000,135.000000,178.000000,128.000000,360.000000,177.994003,-129.996994,135.005005,177.990005,127.994003,359.934998,197.000000,-491.000000,1965.000000,318.000000,402.000000,166.000000,1744086630236932
1279,1744086632756454,178.000000,-130.000000,135.000000,178.000000,128.000000,360.000000,177.994003,-129.998993,135.001999,177.992004,127.997002,359.934998,182.000000,-492.000000,1937.000000,338.000000,404.000000,147.000000,1744086630236932
1279,1744086632760919,178.000000,-130.000000,135.000000,178.000000,128.000000,360.000000,177.996002,-129.998001,135.001999,177.992996,127.997002,359.936005,172.000000,-490.000000,1946.000000,327.000000,375.000000,197.000000,1744086630236932
1279,1744086632766438,178.000000,-130.000000,135.000000,178.000000,128.000000,360.000000,177.998993,-129.998001,135.001007,177.994995,127.998001,359.936005,175.000000,-493.000000,1898.000000,322.000000,376.000000,172.000000,1744086630236932
1279,1744086632770919,178.000000,-130.000000,135.000000,178.000000,128.000000,360.000000,177.998993,-129.998001,135.005005,177.994995,128.000000,359.938995,171.000000,-492.000000,1912.000000,336.000000,387.000000,66.000000,1744086630236932
1279,1744086632776543,178.000000,-130.000000,135.000000,178.000000,128.000000,360.000000,177.998993,-129.998001,135.005005,177.994995,128.001007,359.938995,175.000000,-492.000000,1905.000000,338.000000,386.000000,159.000000,1744086630236932
1279,1744086632781051,178.000000,-130.000000,135.000000,178.000000,128.000000,360.000000,177.998993,-129.998993,135.001999,177.996002,128.003006,359.940002,171.000000,-483.000000,1897.000000,329.000000,382.000000,156.000000,1744086630236932
1279,1744086632785549,178.000000,-130.000000,135.000000,178.000000,128.000000,360.000000,177.996994,-129.998993,135.005005,177.996002,128.001007,359.940002,172.000000,-488.000000,1868.000000,327.000000,376.000000,162.000000,1744086630236932
1279,1744086632791133,178.000000,-130.000000,135.000000,178.000000,128.000000,360.000000,177.998993,-129.998993,135.001999,177.996994,128.003006,359.941986,172.000000,-485.000000,1872.000000,325.000000,367.000000,178.000000,1744086630236932
1279,1744086632795676,178.000000,-130.000000,135.000000,178.000000,128.000000,360.000000,178.000000,-129.998001,135.005005,177.996002,128.003998,359.941986,179.000000,-485.000000,1856.000000,330.000000,374.000000,175.000000,1744086630236932
1279,1744086632801302,178.000000,-130.000000,135.000000,178.000000,128.000000,360.000000,178.000000,-129.998993,135.005005,177.996994,128.003006,359.941986,175.000000,-486.000000,1826.000000,323.000000,355.000000,175.000000,1744086630236932
1279,1744086632805811,178.000000,-130.000000,135.000000,178.000000,128.000000,360.000000,178.000000,-129.998001,135.001999,177.996994,128.003998,359.940002,178.000000,-488.000000,1842.000000,329.000000,349.000000,180.000000,1744086630236932
1279,1744086632811419,178.000000,-130.000000,135.000000,178.000000,128.000000,360.000000,178.000000,-129.998001,135.005997,177.996002,128.003998,359.942993,168.000000,-485.000000,1847.000000,327.000000,336.000000,199.000000,1744086630236932
1279,1744086632815958,178.000000,-130.000000,135.000000,178.000000,128.000000,360.000000,178.000000,-129.998001,135.005997,177.996002,128.003998,359.942993,168.000000,-485.000000,1847.000000,327.000000,336.000000,199.000000,1744086630236932
1279,1744086632821544,178.000000,-130.000000,135.000000,178.000000,128.000000,360.000000,177.998993,-129.998993,135.001999,177.996994,128.003998,359.941986,174.000000,-486.000000,1798.000000,325.000000,335.000000,195.000000,1744086630236932
1279,1744086632825989,178.000000,-130.000000,135.000000,178.000000,128.000000,360.000000,177.998993,-129.998993,135.005005,177.996994,128.005005,359.942993,177.000000,-485.000000,1776.000000,322.000000,337.000000,181.000000,1744086630236932
1279,1744086632831530,178.000000,-130.000000,135.000000,178.000000,128.000000,360.000000,177.998993,-129.998993,135.005005,177.996994,128.005005,359.942993,177.000000,-485.000000,1776.000000,322.000000,337.000000,181.000000,1744086630236932
1279,1744086632836073,178.000000,-130.000000,135.000000,178.000000,128.000000,360.000000,178.000000,-129.998993,135.005005,177.996994,128.005005,359.945007,169.000000,-487.000000,1779.000000,327.000000,327.000000,174.000000,1744086630236932
1279,1744086632840583,178.000000,-130.000000,135.000000,178.000000,128.000000,360.000000,178.000000,-129.998993,135.005005,177.996994,128.005005,359.945007,169.000000,-487.000000,1779.000000,327.000000,327.000000,174.000000,1744086630236932
1279,1744086632846133,178.000000,-130.000000,135.000000,178.000000,128.000000,360.000000,177.998993,-129.998993,135.005005,177.996994,128.005005,359.945007,172.000000,-477.000000,1783.000000,329.000000,316.000000,186.000000,1744086630236932
1279,1744086632850611,178.000000,-130.000000,135.000000,178.000000,128.000000,360.000000,178.000000,-129.998993,135.005005,177.996002,128.005005,359.945007,172.000000,-483.000000,1757.000000,328.000000,315.000000,160.000000,1744086630236932
1279,1744086632856193,178.000000,-130.000000,135.000000,178.000000,128.000000,360.000000,178.000000,-129.998993,135.001999,177.996994,128.003998,359.946014,173.000000,-481.000000,1765.000000,324.000000,305.000000,197.000000,1744086630236932
1279,1744086632860643,178.000000,-130.000000,135.000000,178.000000,128.000000,360.000000,177.998993,-129.998993,135.001007,177.996994,128.003998,359.945007,174.000000,-483.000000,1762.000000,315.000000,308.000000,177.000000,1744086630236932
1279,1744086632866136,178.000000,-130.000000,135.000000,178.000000,128.000000,360.000000,177.998993,-129.998993,135.005005,177.996994,128.005005,359.946014,166.000000,-481.000000,1747.000000,328.000000,308.000000,144.000000,1744086630236932
1279,1744086632870567,178.000000,-130.000000,135.000000,178.000000,128.000000,360.000000,177.996994,-129.998993,135.005005,177.996994,128.003998,359.950012,164.000000,-480.000000,1705.000000,326.000000,296.000000,156.000000,1744086630236932
1279,1744086632876061,178.000000,-130.000000,135.000000,178.000000,128.000000,360.000000,177.998993,-129.998993,135.005005,177.996994,128.003998,359.946991,160.000000,-481.000000,1708.000000,327.000000,288.000000,156.000000,1744086630236932
1279,1744086632881569,178.000000,-130.000000,135.000000,178.000000,128.000000,360.000000,177.998993,-129.998001,135.001999,177.996994,128.005005,359.949005,160.000000,-480.000000,1718.000000,327.000000,281.000000,169.000000,1744086630236932
1279,1744086632885988,178.000000,-130.000000,135.000000,178.000000,128.000000,360.000000,177.998993,-129.998993,135.005005,177.996994,128.003998,359.950989,162.000000,-482.000000,1704.000000,329.000000,282.000000,108.000000,1744086630236932
1279,1744086632891556,178.000000,-130.000000,135.000000,178.000000,128.000000,360.000000,178.000000,-129.998993,135.001999,177.996994,128.003998,359.950989,146.000000,-483.000000,1670.000000,322.000000,274.000000,122.000000,1744086630236932
1279,1744086632896048,178.000000,-130.000000,135.000000,178.000000,128.000000,360.000000,177.998993,-129.998993,135.005005,177.998993,128.005005,359.950989,154.000000,-484.000000,1665.000000,322.000000,274.000000,144.000000,1744086630236932
1279,1744086632900513,178.000000,-130.000000,135.000000,178.000000,128.000000,360.000000,177.998993,-130.001007,135.005005,177.996994,128.005005,359.954010,146.000000,-488.000000,1658.000000,325.000000,265.000000,115.000000,1744086630236932
1279,1744086632906050,178.000000,-130.000000,135.000000,178.000000,128.000000,360.000000,178.000000,-129.998993,135.005005,177.996994,128.003998,359.954010,153.000000,-486.000000,1645.000000,327.000000,262.000000,63.000000,1744086630236932
1279,1744086632910523,178.000000,-130.000000,135.000000,178.000000,128.000000,360.000000,178.000000,-129.998993,135.005005,177.996994,128.005005,359.957001,146.000000,-485.000000,1637.000000,326.000000,251.000000,87.000000,1744086630236932
1279,1744086632916091,178.000000,-130.000000,135.000000,178.000000,128.000000,360.000000,177.998993,-129.998993,135.005005,177.996994,128.003006,359.958008,146.000000,-484.000000,1601.000000,331.000000,247.000000,120.000000,1744086630236932
1279,1744086632920578,178.000000,-130.000000,135.000000,178.000000,128.000000,360.000000,177.998993,-130.001007,135.005005,177.998993,128.005005,359.957001,146.000000,-489.000000,1605.000000,328.000000,246.000000,94.000000,1744086630236932
1279,1744086632926057,178.000000,-130.000000,135.000000,178.000000,128.000000,360.000000,177.998993,-130.001007,135.001999,177.996994,128.005005,359.959991,156.000000,-485.000000,1577.000000,328.000000,242.000000,107.000000,1744086630236932
1279,1744086632930473,178.000000,-130.000000,135.000000,178.000000,128.000000,360.000000,178.000000,-129.998993,135.001999,177.996994,128.003998,359.958008,150.000000,-485.000000,1564.000000,328.000000,234.000000,102.000000,1744086630236932
1279,1744086632935963,178.000000,-130.000000,135.000000,178.000000,128.000000,360.000000,177.998993,-130.001007,135.001999,177.998993,128.005005,359.960999,157.000000,-494.000000,1579.000000,328.000000,234.000000,121.000000,1744086630236932
1279,1744086632941462,178.000000,-130.000000,135.000000,178.000000,128.000000,360.000000,177.998993,-129.998993,135.001999,177.998993,128.005005,359.959991,155.000000,-494.000000,1554.000000,328.000000,224.000000,133.000000,1744086630236932
1279,1744086632945935,178.000000,-130.000000,135.000000,178.000000,128.000000,360.000000,177.998993,-130.001007,135.005005,177.996994,128.003998,359.960999,150.000000,-491.000000,1542.000000,324.000000,222.000000,135.000000,1744086630236932
1279,1744086632951431,178.000000,-130.000000,135.000000,178.000000,128.000000,360.000000,178.000000,-129.998993,135.001999,177.996994,128.003998,359.960999,153.000000,-491.000000,1556.000000,327.000000,222.000000,142.000000,1744086630236932
1279,1744086632955912,178.000000,-130.000000,135.000000,178.000000,128.000000,360.000000,177.998993,-129.998993,135.001999,177.996994,128.005005,359.960999,153.000000,-491.000000,1549.000000,320.000000,208.000000,99.000000,1744086630236932
1279,1744086632961460,178.000000,-130.000000,135.000000,178.000000,128.000000,360.000000,177.998993,-129.998993,135.001999,177.996994,128.005005,359.962006,153.000000,-494.000000,1534.000000,332.000000,207.000000,76.000000,1744086630236932
1279,1744086632965948,178.000000,-130.000000,135.000000,178.000000,128.000000,360.000000,177.998993,-129.998993,135.005005,177.996994,128.005005,359.964996,156.000000,-482.000000,1540.000000,319.000000,199.000000,73.000000,1744086630236932
1279,1744086632971523,178.000000,-130.000000,135.000000,178.000000,128.000000,360.000000,177.998993,-130.001007,135.005997,177.996994,128.005005,359.964996,156.000000,-485.000000,1504.000000,327.000000,199.000000,8.000000,1744086630236932
1279,1744086632976005,178.000000,-130.000000,135.000000,178.000000,128.000000,360.000000,177.998993,-130.001007,135.005005,177.998993,128.003998,359.967010,156.000000,-483.000000,1472.000000,330.000000,193.000000,72.000000,1744086630236932
1279,1744086632981562,178.000000,-130.000000,135.000000,178.000000,128.000000,360.000000,177.998993,-129.998993,135.001999,177.996994,128.003998,359.967010,152.000000,-491.000000,1481.000000,323.000000,198.000000,43.000000,1744086630236932
1279,1744086632986056,178.000000,-130.000000,135.000000,178.000000,128.000000,360.000000,178.000000,-130.001007,135.001999,177.998993,128.005005,359.968994,155.000000,-497.000000,1481.000000,328.000000,177.000000,80.000000,1744086630236932
1279,1744086632991554,178.000000,-130.000000,135.000000,178.000000,128.000000,360.000000,178.000000,-129.998001,135.005005,177.998993,128.005005,359.967987,159.000000,-487.000000,1472.000000,323.000000,178.000000,54.000000,1744086630236932
1279,1744086632995973,178.000000,-130.000000,135.000000,178.000000,128.000000,360.000000,178.000000,-129.998001,135.005005,177.998993,128.005005,359.967987,159.000000,-487.000000,1472.000000,323.000000,178.000000,54.000000,1744086630236932
1279,1744086633001452,178.000000,-130.000000,135.000000,178.000000,128.000000,360.000000,177.998993,-130.001007,135.005997,177.998993,128.003998,359.971008,150.000000,-489.000000,1453.000000,333.000000,173.000000,66.000000,1744086630236932
1279,1744086633005880,178.000000,-130.000000,135.000000,178.000000,128.000000,360.000000,177.998993,-130.001007,135.005005,177.998993,128.005005,359.971985,154.000000,-480.000000,1422.000000,333.000000,167.000000,57.000000,1744086630236932
1279,1744086633011428,178.000000,-130.000000,135.000000,178.000000,128.000000,360.000000,177.998993,-130.001007,135.005005,177.998993,128.005005,359.971985,154.000000,-480.000000,1422.000000,333.000000,167.000000,57.000000,1744086630236932
1279,1744086633015931,178.000000,-130.000000,135.000000,178.000000,128.000000,360.000000,178.000000,-129.998001,135.005005,177.998993,128.003998,359.971985,151.000000,-485.000000,1406.000000,326.000000,160.000000,-13.000000,1744086630236932
1279,1744086633021509,178.000000,-130.000000,135.000000,178.000000,128.000000,360.000000,178.000000,-130.001007,135.005005,177.998993,128.005005,359.975006,153.000000,-484.000000,1386.000000,322.000000,153.000000,-6.000000,1744086630236932
1279,1744086633026114,178.000000,-130.000000,135.000000,178.000000,128.000000,360.000000,177.998993,-130.001007,135.005005,177.998993,128.005005,359.975006,152.000000,-486.000000,1390.000000,329.000000,150.000000,-8.000000,1744086630236932
1279,1744086633030682,178.000000,-130.000000,135.000000,178.000000,128.000000,360.000000,177.998993,-130.001007,135.005005,178.000000,128.003998,359.976013,159.000000,-481.000000,1381.000000,324.000000,146.000000,51.000000,1744086630236932
1279,1744086633036261,178.000000,-130.000000,135.000000,178.000000,128.000000,360.000000,178.000000,-129.998993,135.005005,178.000000,128.003998,359.975006,153.000000,-484.000000,1364.000000,332.000000,145.000000,51.000000,1744086630236932
1279,1744086633040678,178.000000,-130.000000,135.000000,178.000000,128.000000,360.000000,177.998993,-130.001007,135.005005,177.998993,128.005005,359.976013,155.000000,-484.000000,1372.000000,324.000000,149.000000,66.000000,1744086630236932
1279,1744086633046219,178.000000,-130.000000,135.000000,178.000000,128.000000,360.000000,178.000000,-130.001007,135.005005,177.998993,128.005005,359.977997,152.000000,-483.000000,1350.000000,332.000000,138.000000,-5.000000,1744086630236932
1279,1744086633050733,178.000000,-130.000000,135.000000,178.000000,128.000000,360.000000,178.000000,-130.001007,135.005005,177.998993,128.003998,359.979004,156.000000,-483.000000,1352.000000,327.000000,127.000000,1.000000,1744086630236932
1279,1744086633056353,178.000000,-130.000000,135.000000,178.000000,128.000000,360.000000,178.000000,-130.001007,135.005005,178.000000,128.005005,359.979004,154.000000,-483.000000,1345.000000,327.000000,121.000000,36.000000,1744086630236932
1279,1744086633060865,178.000000,-130.000000,135.000000,178.000000,128.000000,360.000000,177.998993,-129.998993,135.001999,177.998993,128.005005,359.979004,150.000000,-482.000000,1302.000000,327.000000,116.000000,64.000000,1744086630236932
1279,1744086633066460,178.000000,-130.000000,135.000000,178.000000,128.000000,360.000000,177.998993,-129.998993,135.005005,177.998993,128.003998,359.980011,148.000000,-485.000000,1314.000000,319.000000,114.000000,51.000000,1744086630236932
1279,1744086633071000,178.000000,-130.000000,135.000000,178.000000,128.000000,360.000000,177.998993,-130.001999,135.005005,177.998993,128.003998,359.979004,154.000000,-482.000000,1279.000000,326.000000,107.000000,53.000000,1744086630236932
1279,1744086633076636,178.000000,-130.000000,135.000000,178.000000,128.000000,360.000000,178.000000,-129.998993,135.001999,178.000000,128.005005,359.979004,146.000000,-485.000000,1294.000000,325.000000,104.000000,60.000000,1744086630236932
1279,1744086633081142,178.000000,-130.000000,135.000000,178.000000,128.000000,360.000000,177.998993,-130.001007,135.005005,177.998993,128.003998,359.980011,144.000000,-485.000000,1262.000000,326.000000,100.000000,38.000000,1744086630236932
1279,1744086633085633,178.000000,-130.000000,135.000000,178.000000,128.000000,360.000000,178.000000,-129.998001,135.005005,177.998993,128.005005,359.981995,148.000000,-478.000000,1265.000000,322.000000,99.000000,52.000000,1744086630236932
1279,1744086633091225,178.000000,-130.000000,135.000000,178.000000,128.000000,360.000000,177.998993,-130.001007,135.005005,178.000000,128.003998,359.981995,154.000000,-478.000000,1230.000000,322.000000,99.000000,61.000000,1744086630236932
1279,1744086633095744,178.000000,-130.000000,135.000000,178.000000,128.000000,360.000000,177.998993,-129.998993,135.005005,178.000000,128.003998,359.981995,151.000000,-488.000000,1232.000000,320.000000,80.000000,68.000000,1744086630236932
1279,1744086633101335,178.000000,-130.000000,135.000000,178.000000,128.000000,360.000000,178.000000,-130.001007,135.005005,178.000000,128.005005,359.980011,144.000000,-485.000000,1213.000000,329.000000,74.000000,67.000000,1744086630236932
1279,1744086633105834,178.000000,-130.000000,135.000000,178.000000,128.000000,360.000000,177.998993,-130.001007,135.005005,178.000000,128.003998,359.981995,140.000000,-488.000000,1224.000000,317.000000,74.000000,67.000000,1744086630236932
1279,1744086633111403,178.000000,-130.000000,135.000000,178.000000,128.000000,360.000000,177.996994,-129.998993,135.005005,178.000000,128.003998,359.981995,135.000000,-480.000000,1173.000000,329.000000,72.000000,78.000000,1744086630236932
1279,1744086633115948,178.000000,-130.000000,135.000000,178.000000,128.000000,360.000000,177.998993,-130.001007,135.005005,178.000000,128.003998,359.981995,140.000000,-478.000000,1185.000000,331.000000,86.000000,31.000000,1744086630236932
1279,1744086633121513,178.000000,-130.000000,135.000000,178.000000,128.000000,360.000000,178.000000,-130.001007,135.005005,178.000000,128.003998,359.983002,141.000000,-481.000000,1159.000000,323.000000,74.000000,52.000000,1744086630236932
1279,1744086633125973,178.000000,-130.000000,135.000000,178.000000,128.000000,360.000000,177.998993,-130.001007,135.005005,178.000000,128.003006,359.983002,139.000000,-480.000000,1142.000000,318.000000,72.000000,44.000000,1744086630236932
1279,1744086633131571,178.000000,-130.000000,135.000000,178.000000,128.000000,360.000000,177.998993,-130.001007,135.001999,178.000000,128.003998,359.984009,139.000000,-475.000000,1128.000000,318.000000,84.000000,63.000000,1744086630236932
1279,1744086633136115,178.000000,-130.000000,135.000000,178.000000,128.000000,360.000000,177.998993,-129.998993,135.005005,178.001007,128.003006,359.983002,139.000000,-489.000000,1144.000000,321.000000,65.000000,56.000000,1744086630236932
1279,1744086633140646,178.000000,-130.000000,135.000000,178.000000,128.000000,360.000000,177.998993,-130.001007,135.005005,177.998993,128.003998,359.984009,147.000000,-479.000000,1118.000000,325.000000,83.000000,18.000000,1744086630236932
1279,1744086633146227,178.000000,-130.000000,135.000000,178.000000,128.000000,360.000000,177.998993,-130.001007,135.001999,178.000000,128.003006,359.984009,148.000000,-481.000000,1099.000000,318.000000,87.000000,17.000000,1744086630236932
1279,1744086633150736,178.000000,-130.000000,135.000000,178.000000,128.000000,360.000000,178.001007,-129.998993,135.005005,178.000000,128.001007,359.984009,151.000000,-481.000000,1111.000000,322.000000,77.000000,54.000000,1744086630236932
1279,1744086633156252,178.000000,-130.000000,135.000000,178.000000,128.000000,360.000000,178.000000,-130.001007,135.005005,178.000000,128.003006,359.985992,142.000000,-481.000000,1060.000000,323.000000,76.000000,39.000000,1744086630236932
1279,1744086633160695,178.000000,-130.000000,135.000000,178.000000,128.000000,360.000000,177.998993,-130.001007,135.005005,178.000000,128.003006,359.987000,143.000000,-481.000000,1059.000000,321.000000,83.000000,62.000000,1744086630236932
1279,1744086633166212,178.000000,-130.000000,135.000000,178.000000,128.000000,360.000000,177.998993,-130.001007,135.005005,178.000000,128.003006,359.987000,143.000000,-481.000000,1059.000000,321.000000,83.000000,62.000000,1744086630236932
1279,1744086633170655,178.000000,-130.000000,135.000000,178.000000,128.000000,360.000000,178.000000,-130.001007,135.005005,178.000000,128.001007,359.988007,136.000000,-481.000000,1022.000000,327.000000,81.000000,64.000000,1744086630236932
1279,1744086633176214,178.000000,-130.000000,135.000000,178.000000,128.000000,360.000000,178.000000,-130.001007,135.005005,178.000000,128.001007,359.988007,136.000000,-481.000000,1022.000000,327.000000,81.000000,64.000000,1744086630236932
1279,1744086633180741,178.000000,-130.000000,135.000000,178.000000,128.000000,360.000000,177.998993,-130.001007,135.005005,178.000000,128.001007,359.988007,145.000000,-482.000000,1006.000000,322.000000,81.000000,58.000000,1744086630236932
1279,1744086633186344,178.000000,-130.000000,135.000000,178.000000,128.000000,360.000000,177.998993,-130.001007,135.005005,178.000000,128.001007,359.988007,145.000000,-482.000000,1006.000000,322.000000,81.000000,58.000000,1744086630236932
1279,1744086633190851,178.000000,-130.000000,135.000000,178.000000,128.000000,360.000000,177.998993,-130.001007,135.005005,178.000000,128.001007,359.989990,147.000000,-482.000000,999.000000,325.000000,82.000000,52.000000,1744086630236932
1279,1744086633196435,178.000000,-130.000000,135.000000,178.000000,128.000000,360.000000,177.998993,-130.001007,135.005005,178.000000,128.003006,359.988007,148.000000,-477.000000,979.000000,325.000000,82.000000,54.000000,1744086630236932
1279,1744086633201016,178.000000,-130.000000,135.000000,178.000000,128.000000,360.000000,177.998993,-130.001007,135.005997,178.000000,128.003006,359.989990,142.000000,-480.000000,977.000000,324.000000,81.000000,39.000000,1744086630236932
1279,1744086633206541,178.000000,-130.000000,135.000000,178.000000,128.000000,360.000000,178.000000,-130.001007,135.001999,178.000000,128.001007,359.990997,146.000000,-479.000000,969.000000,323.000000,81.000000,57.000000,1744086630236932
1279,1744086633211012,178.000000,-130.000000,135.000000,178.000000,128.000000,360.000000,177.998993,-129.998993,135.005005,177.998993,128.001007,359.989990,146.000000,-479.000000,960.000000,323.000000,81.000000,73.000000,1744086630236932
1279,1744086633215541,178.000000,-130.000000,135.000000,178.000000,128.000000,360.000000,178.000000,-130.001007,135.001999,178.000000,128.001007,359.988007,143.000000,-476.000000,942.000000,322.000000,82.000000,68.000000,1744086630236932
1279,1744086633221135,178.000000,-130.000000,135.000000,178.000000,128.000000,360.000000,177.998993,-130.001007,135.005005,178.001007,128.003006,359.989990,138.000000,-485.000000,940.000000,322.000000,83.000000,47.000000,1744086630236932
1279,1744086633225681,178.000000,-130.000000,135.000000,178.000000,128.000000,360.000000,178.000000,-130.001007,135.001999,178.000000,128.003006,359.990997,143.000000,-477.000000,884.000000,323.000000,89.000000,46.000000,1744086630236932
1279,1744086633231253,178.000000,-130.000000,135.000000,178.000000,128.000000,360.000000,178.000000,-130.001007,135.005005,177.998993,128.003006,359.990997,143.000000,-484.000000,894.000000,325.000000,80.000000,42.000000,1744086630236932
1279,1744086633235723,178.000000,-130.000000,135.000000,178.000000,128.000000,360.000000,177.998993,-130.001007,135.005005,178.000000,128.001007,359.993988,138.000000,-480.000000,914.000000,322.000000,83.000000,46.000000,1744086630236932
1279,1744086633241296,178.000000,-130.000000,135.000000,178.000000,128.000000,360.000000,177.998993,-129.998993,135.005005,178.000000,128.003006,359.993011,143.000000,-482.000000,897.000000,317.000000,81.000000,52.000000,1744086630236932
1279,1744086633245776,178.000000,-130.000000,135.000000,178.000000,128.000000,360.000000,178.000000,-130.001007,135.005005,178.000000,128.001007,359.993011,147.000000,-480.000000,854.000000,323.000000,82.000000,40.000000,1744086630236932
1279,1744086633251323,178.000000,-130.000000,135.000000,178.000000,128.000000,360.000000,178.000000,-130.001007,135.001999,178.000000,128.001007,359.993011,141.000000,-488.000000,834.000000,322.000000,87.000000,68.000000,1744086630236932
1279,1744086633255807,178.000000,-130.000000,135.000000,178.000000,128.000000,360.000000,178.000000,-130.001007,135.005005,178.000000,128.001007,359.993011,148.000000,-481.000000,832.000000,324.000000,78.000000,46.000000,1744086630236932
1279,1744086633261425,178.000000,-130.000000,135.000000,178.000000,128.000000,360.000000,178.000000,-130.001007,135.005005,177.998993,128.001007,359.993988,146.000000,-480.000000,816.000000,321.000000,86.000000,60.000000,1744086630236932
1279,1744086633265982,178.000000,-130.000000,135.000000,178.000000,128.000000,360.000000,177.998993,-130.001007,135.005005,178.000000,128.003006,359.993988,145.000000,-483.000000,803.000000,323.000000,91.000000,67.000000,1744086630236932
1279,1744086633270507,178.000000,-130.000000,135.000000,178.000000,128.000000,360.000000,177.998993,-130.001999,135.001999,178.000000,128.001007,359.997009,146.000000,-478.000000,806.000000,320.000000,84.000000,9.000000,1744086630236932
1279,1744086633276118,178.000000,-130.000000,135.000000,178.000000,128.000000,360.000000,177.998993,-130.001999,135.001999,178.000000,128.001007,359.994995,146.000000,-484.000000,772.000000,320.000000,85.000000,67.000000,1744086630236932
1279,1744086633280532,178.000000,-130.000000,135.000000,178.000000,128.000000,360.000000,178.000000,-130.001007,135.005005,178.000000,128.001007,359.994995,148.000000,-481.000000,783.000000,323.000000,92.000000,47.000000,1744086630236932
1279,1744086633286061,178.000000,-130.000000,135.000000,178.000000,128.000000,360.000000,177.996994,-130.001999,135.001999,178.000000,128.001007,359.994995,145.000000,-487.000000,769.000000,320.000000,76.000000,28.000000,1744086630236932
1279,1744086633290522,178.000000,-130.000000,135.000000,178.000000,128.000000,360.000000,177.998993,-130.001007,135.005005,178.000000,128.000000,359.994995,143.000000,-481.000000,739.000000,325.000000,88.000000,57.000000,1744086630236932
1279,1744086633296153,178.000000,-130.000000,135.000000,178.000000,128.000000,360.000000,178.000000,-130.001007,135.005005,178.000000,128.001007,359.997009,150.000000,-483.000000,741.000000,322.000000,87.000000,33.000000,1744086630236932
1279,1744086633300681,178.000000,-130.000000,135.000000,178.000000,128.000000,360.000000,178.000000,-130.001007,135.001999,178.000000,128.001007,359.994995,148.000000,-481.000000,712.000000,319.000000,76.000000,41.000000,1744086630236932
1279,1744086633306287,178.000000,-130.000000,135.000000,178.000000,128.000000,360.000000,178.000000,-130.001007,135.001999,178.000000,128.001007,359.997986,147.000000,-485.000000,716.000000,315.000000,88.000000,15.000000,1744086630236932
1279,1744086633310806,178.000000,-130.000000,135.000000,178.000000,128.000000,360.000000,178.000000,-130.001007,135.001999,178.000000,128.001007,359.997009,147.000000,-483.000000,715.000000,326.000000,84.000000,45.000000,1744086630236932
1279,1744086633316419,178.000000,-130.000000,135.000000,178.000000,128.000000,360.000000,177.998993,-130.001007,135.005005,178.000000,128.001007,359.997986,147.000000,-484.000000,688.000000,316.000000,88.000000,32.000000,1744086630236932
1279,1744086633320851,178.000000,-130.000000,135.000000,178.000000,128.000000,360.000000,178.000000,-129.998993,135.005005,178.000000,128.001007,359.997009,148.000000,-485.000000,688.000000,319.000000,79.000000,9.000000,1744086630236932
1279,1744086633326388,178.000000,-130.000000,135.000000,178.000000,128.000000,360.000000,178.000000,-130.001007,135.001999,178.001007,128.001007,359.997009,144.000000,-481.000000,653.000000,317.000000,79.000000,24.000000,1744086630236932
1279,1744086633330864,178.000000,-130.000000,135.000000,178.000000,128.000000,360.000000,178.000000,-130.001007,135.001999,178.001007,128.001007,359.997009,144.000000,-481.000000,653.000000,317.000000,79.000000,24.000000,1744086630236932
1279,1744086633336392,178.000000,-130.000000,135.000000,178.000000,128.000000,360.000000,177.996994,-130.001999,135.001999,178.001007,128.001007,359.997986,145.000000,-485.000000,638.000000,316.000000,83.000000,29.000000,1744086630236932
1279,1744086633340879,178.000000,-130.000000,135.000000,178.000000,128.000000,360.000000,177.996994,-130.001999,135.001999,178.001007,128.001007,359.997986,145.000000,-485.000000,638.000000,316.000000,83.000000,29.000000,1744086630236932
1279,1744086633346467,178.000000,-130.000000,135.000000,178.000000,128.000000,360.000000,178.000000,-130.001007,135.001999,178.000000,128.001007,359.997009,145.000000,-487.000000,620.000000,319.000000,84.000000,37.000000,1744086630236932
1279,1744086633351001,178.000000,-130.000000,135.000000,178.000000,128.000000,360.000000,178.000000,-130.001007,135.001999,178.001007,128.000000,359.997986,136.000000,-485.000000,609.000000,317.000000,83.000000,26.000000,1744086630236932
1279,1744086633355563,178.000000,-130.000000,135.000000,178.000000,128.000000,360.000000,177.998993,-130.001999,135.005005,178.000000,128.001007,359.998993,151.000000,-486.000000,594.000000,319.000000,82.000000,28.000000,1744086630236932
1279,1744086633361234,178.000000,-130.000000,135.000000,178.000000,128.000000,360.000000,177.998993,-129.998993,135.001999,178.000000,128.001007,359.998993,139.000000,-487.000000,600.000000,320.000000,82.000000,30.000000,1744086630236932
1279,1744086633365739,178.000000,-130.000000,135.000000,178.000000,128.000000,360.000000,177.998993,-130.001007,135.001999,178.000000,128.000000,359.998993,138.000000,-486.000000,593.000000,317.000000,89.000000,3.000000,1744086630236932
1279,1744086633371357,178.000000,-130.000000,135.000000,178.000000,128.000000,360.000000,177.998993,-130.001007,135.001999,178.000000,128.003006,359.997986,146.000000,-486.000000,585.000000,320.000000,88.000000,15.000000,1744086630236932
1279,1744086633375907,178.000000,-130.000000,135.000000,178.000000,128.000000,360.000000,177.998993,-129.998993,135.005005,178.001007,128.000000,359.998993,145.000000,-485.000000,570.000000,312.000000,85.000000,21.000000,1744086630236932
1279,1744086633381533,178.000000,-130.000000,135.000000,178.000000,128.000000,360.000000,178.000000,-130.001007,135.001999,178.000000,128.000000,359.998993,132.000000,-487.000000,562.000000,315.000000,83.000000,27.000000,1744086630236932
1279,1744086633386030,178.000000,-130.000000,135.000000,178.000000,128.000000,360.000000,177.998993,-130.001999,135.001007,178.000000,128.001007,359.998993,139.000000,-489.000000,598.000000,322.000000,85.000000,24.000000,1744086630236932
1279,1744086633390538,178.000000,-130.000000,135.000000,178.000000,128.000000,360.000000,177.998993,-129.998993,135.005005,178.000000,128.001007,359.997986,139.000000,-489.000000,565.000000,314.000000,85.000000,24.000000,1744086630236932
1279,1744086633396073,178.000000,-130.000000,135.000000,178.000000,128.000000,360.000000,178.000000,-130.001999,135.005005,178.000000,128.000000,359.998993,141.000000,-487.000000,575.000000,316.000000,86.000000,14.000000,1744086630236932
1279,1744086633400540,178.000000,-130.000000,135.000000,178.000000,128.000000,360.000000,177.998993,-130.001999,135.001999,178.000000,128.001007,359.998993,138.000000,-487.000000,538.000000,322.000000,82.000000,27.000000,1744086630236932
1279,1744086633406044,178.000000,-130.000000,135.000000,178.000000,128.000000,360.000000,178.000000,-130.001007,135.001999,178.000000,128.000000,359.997986,139.000000,-487.000000,600.000000,320.000000,84.000000,25.000000,1744086630236932
1279,1744086633410474,178.000000,-130.000000,135.000000,178.000000,128.000000,360.000000,177.998993,-130.001999,135.001999,178.000000,128.001007,359.998993,136.000000,-488.000000,580.000000,326.000000,82.000000,12.000000,1744086630236932
1279,1744086633416093,178.000000,-130.000000,135.000000,178.000000,128.000000,360.000000,177.998993,-130.001007,135.001007,178.000000,128.001007,359.998993,139.000000,-490.000000,570.000000,320.000000,90.000000,0.000000,1744086630236932
1279,1744086633420603,178.000000,-130.000000,135.000000,178.000000,128.000000,360.000000,178.000000,-130.001007,135.001007,178.000000,128.001007,359.997986,140.000000,-487.000000,561.000000,318.000000,81.000000,18.000000,1744086630236932
1279,1744086633426175,178.000000,-130.000000,135.000000,178.000000,128.000000,360.000000,178.000000,-130.001007,135.001999,178.000000,128.001007,359.998993,140.000000,-484.000000,585.000000,317.000000,89.000000,5.000000,1744086630236932
1279,1744086633430656,178.000000,-130.000000,135.000000,178.000000,128.000000,360.000000,178.000000,-130.001007,135.001999,178.000000,128.001007,359.998993,136.000000,-483.000000,580.000000,320.000000,85.000000,15.000000,1744086630236932
1279,1744086633436238,178.000000,-130.000000,135.000000,178.000000,128.000000,360.000000,178.000000,-130.001007,135.001999,178.000000,128.000000,359.997986,139.000000,-486.000000,573.000000,329.000000,83.000000,-15.000000,1744086630236932
1279,1744086633440649,178.000000,-130.000000,135.000000,178.000000,128.000000,360.000000,178.000000,-130.001999,135.001999,178.000000,128.001007,359.998993,143.000000,-487.000000,560.000000,321.000000,84.000000,20.000000,1744086630236932
1279,1744086633446263,178.000000,-130.000000,135.000000,178.000000,128.000000,360.000000,177.996994,-130.001999,135.001999,178.000000,128.001007,359.997986,143.000000,-482.000000,571.000000,320.000000,88.000000,5.000000,1744086630236932
1279,1744086633450740,178.000000,-130.000000,135.000000,178.000000,128.000000,360.000000,178.001007,-130.001999,135.001007,178.000000,128.001007,360.001007,142.000000,-481.000000,574.000000,318.000000,87.000000,27.000000,1744086630236932
1279,1744086633456282,178.000000,-130.000000,135.000000,178.000000,128.000000,360.000000,178.000000,-130.001007,135.001999,178.001007,128.000000,360.001007,153.000000,-480.000000,579.000000,319.000000,86.000000,7.000000,1744086630236932
1279,1744086633460769,178.000000,-130.000000,135.000000,178.000000,128.000000,360.000000,177.998993,-130.001007,135.001007,178.000000,128.000000,360.001007,142.000000,-481.000000,573.000000,320.000000,85.000000,10.000000,1744086630236932
1279,1744086633466299,178.000000,-130.000000,135.000000,178.000000,128.000000,360.000000,177.998993,-130.001007,135.001999,178.000000,128.001007,360.001007,155.000000,-482.000000,562.000000,320.000000,82.000000,0.000000,1744086630236932
1279,1744086633470826,178.000000,-130.000000,135.000000,178.000000,128.000000,360.000000,177.998993,-130.001007,135.001999,178.001007,128.000000,360.001007,153.000000,-482.000000,575.000000,323.000000,93.000000,22.000000,1744086630236932
1279,1744086633477454,178.000000,-130.000000,135.000000,178.000000,128.000000,360.000000,178.000000,-130.001007,135.001999,178.000000,128.001007,359.998993,151.000000,-481.000000,569.000000,318.000000,89.000000,-3.000000,1744086630236932
1279,1744086633482027,178.000000,-130.000000,135.000000,178.000000,128.000000,360.000000,178.000000,-130.001007,135.001999,178.000000,128.001007,359.998993,151.000000,-481.000000,569.000000,318.000000,89.000000,-3.000000,1744086630236932
1279,1744086633487601,178.000000,-130.000000,135.000000,178.000000,128.000000,360.000000,178.000000,-130.001999,135.001007,178.000000,128.001007,359.998993,147.000000,-478.000000,576.000000,320.000000,89.000000,0.000000,1744086630236932
1279,1744086633492104,178.000000,-130.000000,135.000000,178.000000,128.000000,360.000000,177.998993,-130.001999,135.001999,178.001007,128.000000,360.001007,149.000000,-481.000000,593.000000,317.000000,95.000000,26.000000,1744086630236932
1279,1744086633496565,178.000000,-130.000000,135.000000,178.000000,128.000000,360.000000,177.998993,-130.001999,135.001999,178.000000,128.000000,359.998993,144.000000,-474.000000,568.000000,319.000000,89.000000,-3.000000,1744086630236932
1279,1744086633502095,178.000000,-130.000000,135.000000,178.000000,128.000000,360.000000,177.996994,-130.001007,135.001007,178.000000,128.000000,359.998993,149.000000,-482.000000,568.000000,325.000000,88.000000,-7.000000,1744086630236932
1279,1744086633506626,178.000000,-130.000000,135.000000,178.000000,128.000000,360.000000,177.998993,-130.001999,135.001999,178.000000,128.000000,360.001007,147.000000,-464.000000,580.000000,318.000000,87.000000,24.000000,1744086630236932
1279,1744086633512235,178.000000,-130.000000,135.000000,178.000000,128.000000,360.000000,178.000000,-130.001999,135.001999,178.000000,128.001007,360.001007,148.000000,-473.000000,575.000000,321.000000,92.000000,15.000000,1744086630236932
1279,1744086633516716,178.000000,-130.000000,135.000000,178.000000,128.000000,360.000000,178.000000,-130.001999,135.001999,177.998993,128.001007,359.998993,144.000000,-471.000000,574.000000,316.000000,88.000000,12.000000,1744086630236932
1279,1744086633522340,178.000000,-130.000000,135.000000,178.000000,128.000000,360.000000,178.000000,-130.001999,135.001007,178.001007,128.001007,360.001007,146.000000,-481.000000,573.000000,321.000000,88.000000,10.000000,1744086630236932
1279,1744086633526819,178.000000,-130.000000,135.000000,178.000000,128.000000,360.000000,177.998993,-130.001999,135.001007,178.001007,128.000000,360.001007,145.000000,-477.000000,576.000000,317.000000,88.000000,14.000000,1744086630236932
1279,1744086633532391,178.000000,-130.000000,135.000000,178.000000,128.000000,360.000000,177.998993,-130.001999,135.001007,178.001007,128.000000,360.001007,145.000000,-477.000000,576.000000,317.000000,88.000000,14.000000,1744086630236932
1279,1744086633536878,178.000000,-130.000000,135.000000,178.000000,128.000000,360.000000,177.998993,-130.001007,135.001999,178.000000,128.001007,360.001007,145.000000,-477.000000,575.000000,315.000000,91.000000,9.000000,1744086630236932
1279,1744086633542459,178.000000,-130.000000,135.000000,178.000000,128.000000,360.000000,177.998993,-130.001007,135.001999,178.000000,128.001007,360.001007,145.000000,-477.000000,575.000000,315.000000,91.000000,9.000000,1744086630236932
1279,1744086633547026,178.000000,-130.000000,135.000000,178.000000,128.000000,360.000000,177.998993,-130.001999,135.001999,178.000000,128.000000,359.998993,145.000000,-477.000000,579.000000,321.000000,83.000000,10.000000,1744086630236932
1279,1744086633551572,178.000000,-130.000000,135.000000,178.000000,128.000000,360.000000,178.000000,-130.001007,135.001007,178.000000,128.000000,360.001007,139.000000,-472.000000,573.000000,318.000000,95.000000,3.000000,1744086630236932
1279,1744086633557218,178.000000,-130.000000,135.000000,178.000000,128.000000,360.000000,178.000000,-130.001007,135.001999,178.000000,128.001007,360.001007,142.000000,-480.000000,573.000000,316.000000,87.000000,16.000000,1744086630236932
1279,1744086633561652,178.000000,-130.000000,135.000000,178.000000,128.000000,360.000000,178.000000,-130.001999,135.001999,178.000000,128.000000,360.001007,142.000000,-474.000000,565.000000,317.000000,89.000000,-20.000000,1744086630236932
1279,1744086633567179,178.000000,-130.000000,135.000000,178.000000,128.000000,360.000000,177.998993,-130.001007,135.001007,178.000000,127.998001,360.001007,143.000000,-475.000000,572.000000,314.000000,92.000000,-4.000000,1744086630236932
1279,1744086633571679,178.000000,-130.000000,135.000000,178.000000,128.000000,360.000000,177.998993,-130.001999,135.001007,178.000000,127.998001,359.998993,141.000000,-478.000000,573.000000,318.000000,92.000000,1.000000,1744086630236932
1279,1744086633577224,178.000000,-130.000000,135.000000,178.000000,128.000000,360.000000,178.000000,-130.001007,135.001007,178.000000,128.001007,360.001007,140.000000,-471.000000,554.000000,322.000000,89.000000,25.000000,1744086630236932
1279,1744086633581713,178.000000,-130.000000,135.000000,178.000000,128.000000,360.000000,178.000000,-130.001999,135.001007,178.001007,128.000000,360.001007,130.000000,-475.000000,551.000000,318.000000,91.000000,19.000000,1744086630236932
1279,1744086633587285,178.000000,-130.000000,135.000000,178.000000,128.000000,360.000000,178.000000,-130.001999,135.001007,178.000000,128.001007,359.998993,139.000000,-475.000000,576.000000,318.000000,86.000000,3.000000,1744086630236932
1279,1744086633591836,178.000000,-130.000000,135.000000,178.000000,128.000000,360.000000,177.998993,-130.001999,134.998993,178.000000,128.001007,360.001007,137.000000,-480.000000,575.000000,318.000000,83.000000,5.000000,1744086630236932
1279,1744086633597420,178.000000,-130.000000,135.000000,178.000000,128.000000,360.000000,178.000000,-130.001999,135.001007,178.000000,128.001007,360.001007,136.000000,-473.000000,584.000000,314.000000,87.000000,17.000000,1744086630236932
1279,1744086633601965,178.000000,-130.000000,135.000000,178.000000,128.000000,360.000000,178.000000,-130.001999,135.001007,178.000000,128.000000,360.001007,131.000000,-474.000000,570.000000,318.000000,84.000000,6.000000,1744086630236932
1279,1744086633607514,178.000000,-130.000000,135.000000,178.000000,128.000000,360.000000,177.998993,-130.001007,135.001007,178.000000,128.001007,359.998993,134.000000,-482.000000,578.000000,316.000000,91.000000,2.000000,1744086630236932
1279,1744086633611998,178.000000,-130.000000,135.000000,178.000000,128.000000,360.000000,178.000000,-130.001007,135.001007,178.000000,128.000000,359.998993,119.000000,-480.000000,571.000000,317.000000,81.000000,6.000000,1744086630236932
1279,1744086633617560,178.000000,-130.000000,135.000000,178.000000,128.000000,360.000000,178.000000,-130.001999,135.001007,178.000000,128.000000,360.001007,122.000000,-478.000000,573.000000,319.000000,87.000000,-2.000000,1744086630236932
1279,1744086633622010,178.000000,-130.000000,135.000000,178.000000,128.000000,360.000000,178.000000,-130.001007,135.001007,178.000000,128.000000,360.001007,126.000000,-481.000000,571.000000,322.000000,90.000000,-3.000000,1744086630236932
1279,1744086633627625,178.000000,-130.000000,135.000000,178.000000,128.000000,360.000000,178.000000,-130.001999,134.998993,178.001007,128.000000,359.998993,133.000000,-482.000000,575.000000,318.000000,88.000000,-6.000000,1744086630236932
1279,1744086633632149,178.000000,-130.000000,135.000000,178.000000,128.000000,360.000000,178.000000,-130.001999,135.001007,178.000000,128.001007,360.001007,132.000000,-473.000000,573.000000,313.000000,90.000000,-8.000000,1744086630236932
1279,1744086633636648,178.000000,-130.000000,135.000000,178.000000,128.000000,360.000000,177.998993,-130.001999,135.001007,178.001007,128.000000,359.998993,130.000000,-473.000000,574.000000,317.000000,87.000000,-3.000000,1744086630236932
1279,1744086633642227,178.000000,-130.000000,135.000000,178.000000,128.000000,360.000000,177.996994,-130.001007,135.001007,178.000000,128.000000,360.001007,125.000000,-483.000000,573.000000,317.000000,83.000000,6.000000,1744086630236932
1279,1744086633646710,178.000000,-130.000000,135.000000,178.000000,128.000000,360.000000,177.998993,-130.001999,135.001007,178.000000,128.000000,359.998993,129.000000,-472.000000,574.000000,315.000000,87.000000,2.000000,1744086630236932
1279,1744086633652234,178.000000,-130.000000,135.000000,178.000000,128.000000,360.000000,178.000000,-130.001007,135.001007,178.000000,128.000000,360.001007,133.000000,-474.000000,576.000000,323.000000,87.000000,-8.000000,1744086630236932
1279,1744086633656728,178.000000,-130.000000,135.000000,178.000000,128.000000,360.000000,177.998993,-130.001999,134.998993,178.000000,128.001007,360.001007,139.000000,-475.000000,573.000000,311.000000,89.000000,-2.000000,1744086630236932
1279,1744086633662268,178.000000,-130.000000,135.000000,178.000000,128.000000,360.000000,178.000000,-130.001007,134.998993,178.000000,128.001007,360.002014,139.000000,-470.000000,577.000000,318.000000,88.000000,-7.000000,1744086630236932
1279,1744086633666743,178.000000,-130.000000,135.000000,178.000000,128.000000,360.000000,177.998993,-130.001999,135.001007,178.001007,128.001007,360.001007,141.000000,-474.000000,576.000000,316.000000,90.000000,-14.000000,1744086630236932
1279,1744086633672261,178.000000,-130.000000,135.000000,178.000000,128.000000,360.000000,177.998993,-130.001999,134.998993,177.998993,128.000000,360.001007,135.000000,-481.000000,596.000000,319.000000,90.000000,-8.000000,1744086630236932
1279,1744086633676733,178.000000,-130.000000,135.000000,178.000000,128.000000,360.000000,177.998993,-130.001007,134.998993,178.000000,128.001007,360.001007,133.000000,-477.000000,585.000000,321.000000,85.000000,5.000000,1744086630236932
1279,1744086633682292,178.000000,-130.000000,135.000000,178.000000,128.000000,360.000000,178.000000,-130.001999,134.998993,178.000000,128.000000,360.001007,136.000000,-476.000000,583.000000,318.000000,89.000000,-18.000000,1744086630236932
1279,1744086633686775,178.000000,-130.000000,135.000000,178.000000,128.000000,360.000000,177.996994,-130.001007,135.001007,178.000000,128.000000,360.002014,139.000000,-477.000000,595.000000,315.000000,85.000000,-5.000000,1744086630236932
1279,1744086633692315,178.000000,-130.000000,135.000000,178.000000,128.000000,360.000000,178.000000,-130.001999,135.001007,178.000000,128.000000,360.001007,140.000000,-477.000000,586.000000,313.000000,86.000000,14.000000,1744086630236932
1279,1744086633696758,178.000000,-130.000000,135.000000,178.000000,128.000000,360.000000,177.998993,-130.001007,134.998993,178.000000,128.000000,360.001007,141.000000,-479.000000,582.000000,317.000000,86.000000,3.000000,1744086630236932
1279,1744086633702361,178.000000,-130.000000,135.000000,178.000000,128.000000,360.000000,178.000000,-130.001999,135.001007,178.000000,128.000000,360.001007,139.000000,-477.000000,581.000000,319.000000,86.000000,5.000000,1744086630236932
1279,1744086633706830,178.000000,-130.000000,135.000000,178.000000,128.000000,360.000000,178.000000,-130.001007,135.001007,178.001007,128.000000,359.998993,131.000000,-472.000000,581.000000,318.000000,90.000000,-26.000000,1744086630236932
1279,1744086633712366,178.000000,-130.000000,135.000000,178.000000,128.000000,360.000000,178.000000,-130.001007,135.001007,178.001007,128.000000,359.998993,131.000000,-472.000000,581.000000,318.000000,90.000000,-26.000000,1744086630236932
1279,1744086633716854,178.000000,-130.000000,135.000000,178.000000,128.000000,360.000000,178.000000,-130.001999,135.001999,178.000000,128.000000,360.001007,122.000000,-481.000000,584.000000,321.000000,90.000000,16.000000,1744086630236932
1279,1744086633722370,178.000000,-130.000000,135.000000,178.000000,128.000000,360.000000,178.000000,-130.001999,135.001999,178.000000,128.000000,360.001007,122.000000,-481.000000,584.000000,321.000000,90.000000,16.000000,1744086630236932
1279,1744086633726862,178.000000,-130.000000,135.000000,178.000000,128.000000,360.000000,177.998993,-130.001999,134.998993,178.000000,128.000000,360.001007,130.000000,-471.000000,591.000000,318.000000,100.000000,-22.000000,1744086630236932
1279,1744086633732401,178.000000,-130.000000,135.000000,178.000000,128.000000,360.000000,177.998993,-130.001999,135.001007,178.001007,128.000000,360.001007,136.000000,-474.000000,585.000000,315.000000,103.000000,0.000000,1744086630236932
1279,1744086633736868,178.000000,-130.000000,135.000000,178.000000,128.000000,360.000000,177.998993,-130.001999,135.001007,178.001007,127.997002,360.002014,121.000000,-466.000000,559.000000,319.000000,123.000000,-24.000000,1744086630236932
1279,1744086633742440,178.000000,-130.000000,135.000000,178.000000,128.000000,360.000000,178.000000,-130.001999,134.998993,178.001007,127.998001,360.001007,127.000000,-470.000000,581.000000,318.000000,136.000000,-3.000000,1744086630236932
1279,1744086633746905,178.000000,-130.000000,135.000000,178.000000,128.000000,360.000000,177.998993,-130.003006,135.001007,178.001007,127.997002,359.998993,126.000000,-469.000000,582.000000,315.000000,139.000000,12.000000,1744086630236932
1279,1744086633752467,178.000000,-130.000000,135.000000,178.000000,128.000000,360.000000,177.998993,-130.001999,134.998993,178.000000,127.996002,359.998993,121.000000,-473.000000,581.000000,311.000000,145.000000,-5.000000,1744086630236932
1279,1744086633756948,178.000000,-130.000000,135.000000,178.000000,128.000000,360.000000,178.000000,-130.001007,135.001007,178.000000,127.997002,360.002014,124.000000,-471.000000,578.000000,314.000000,158.000000,3.000000,1744086630236932
1279,1744086633762421,178.000000,-130.000000,135.000000,178.000000,128.000000,360.000000,178.000000,-130.001999,134.998993,178.000000,127.994003,360.001007,123.000000,-470.000000,578.000000,311.000000,155.000000,11.000000,1744086630236932
1279,1744086633766842,178.000000,-130.000000,135.000000,178.000000,128.000000,360.000000,178.000000,-130.003006,135.001007,178.000000,127.997002,360.001007,129.000000,-463.000000,575.000000,315.000000,156.000000,12.000000,1744086630236932
1279,1744086633772318,178.000000,-130.000000,135.000000,178.000000,128.000000,360.000000,178.001007,-130.001999,134.998993,178.000000,127.996002,360.001007,129.000000,-472.000000,580.000000,310.000000,158.000000,11.000000,1744086630236932
1279,1744086633776748,178.000000,-130.000000,135.000000,178.000000,128.000000,360.000000,177.998993,-130.003006,134.998993,178.000000,127.996002,360.001007,121.000000,-466.000000,587.000000,315.000000,168.000000,16.000000,1744086630236932
1279,1744086633782214,178.000000,-130.000000,135.000000,178.000000,128.000000,360.000000,178.000000,-130.001007,134.998993,178.000000,127.996002,360.002014,126.000000,-465.000000,578.000000,318.000000,169.000000,4.000000,1744086630236932
1279,1744086633786634,178.000000,-130.000000,135.000000,178.000000,128.000000,360.000000,177.998993,-130.003006,135.001007,178.001007,127.994003,359.998993,126.000000,-464.000000,580.000000,316.000000,175.000000,-13.000000,1744086630236932
1279,1744086633792123,178.000000,-130.000000,135.000000,178.000000,128.000000,360.000000,178.000000,-130.001007,134.998993,178.000000,127.996002,359.998993,129.000000,-455.000000,584.000000,317.000000,179.000000,8.000000,1744086630236932
1279,1744086633796632,178.000000,-130.000000,135.000000,178.000000,128.000000,360.000000,177.998993,-130.001999,135.001007,178.000000,127.996002,360.002014,129.000000,-455.000000,586.000000,308.000000,191.000000,-3.000000,1744086630236932
1279,1744086633802168,178.000000,-130.000000,135.000000,178.000000,128.000000,360.000000,177.998993,-130.001999,135.001007,178.000000,127.996002,360.001007,121.000000,-453.000000,579.000000,318.000000,192.000000,9.000000,1744086630236932
1279,1744086633806657,178.000000,-130.000000,135.000000,178.000000,128.000000,360.000000,178.000000,-130.001999,135.001007,178.001007,127.994003,359.998993,125.000000,-457.000000,577.000000,316.000000,195.000000,0.000000,1744086630236932
1279,1744086633812237,178.000000,-130.000000,135.000000,178.000000,128.000000,360.000000,178.000000,-130.001999,134.998993,178.000000,127.994003,360.001007,131.000000,-456.000000,580.000000,320.000000,202.000000,-8.000000,1744086630236932
1279,1744086633816736,178.000000,-130.000000,135.000000,178.000000,128.000000,360.000000,177.998993,-130.001999,134.998993,178.001007,127.996002,360.001007,120.000000,-443.000000,571.000000,313.000000,199.000000,27.000000,1744086630236932
1279,1744086633822314,178.000000,-130.000000,135.000000,178.000000,128.000000,360.000000,177.998993,-130.001007,134.998993,178.000000,127.996002,360.001007,132.000000,-454.000000,577.000000,311.000000,212.000000,10.000000,1744086630236932
1279,1744086633826733,178.000000,-130.000000,135.000000,178.000000,128.000000,360.000000,177.998993,-130.001999,134.998993,178.001007,127.996002,360.001007,129.000000,-448.000000,592.000000,313.000000,213.000000,1.000000,1744086630236932
1279,1744086633832255,178.000000,-130.000000,135.000000,178.000000,128.000000,360.000000,178.000000,-130.001999,135.001007,178.000000,127.996002,359.998993,124.000000,-451.000000,579.000000,303.000000,218.000000,8.000000,1744086630236932
1279,1744086633836688,178.000000,-130.000000,135.000000,178.000000,128.000000,360.000000,178.000000,-130.003006,135.001007,178.001007,127.996002,360.002014,119.000000,-444.000000,580.000000,289.000000,229.000000,-14.000000,1744086630236932
1279,1744086633842159,178.000000,-130.000000,135.000000,178.000000,128.000000,360.000000,178.000000,-130.001999,135.001007,178.003998,127.996002,360.001007,121.000000,-430.000000,575.000000,254.000000,220.000000,-14.000000,1744086630236932
1279,1744086633847664,178.000000,-130.000000,135.000000,178.000000,128.000000,360.000000,177.998993,-130.001007,134.998993,178.003998,127.994003,359.998993,123.000000,-434.000000,588.000000,244.000000,235.000000,3.000000,1744086630236932
1279,1744086633852096,178.000000,-130.000000,135.000000,178.000000,128.000000,360.000000,178.000000,-130.001007,135.001007,178.007004,127.996002,360.001007,127.000000,-427.000000,573.000000,226.000000,246.000000,-9.000000,1744086630236932
1279,1744086633856569,178.000000,-130.000000,135.000000,178.000000,128.000000,360.000000,178.000000,-130.001007,135.001999,178.007004,127.996002,360.002014,123.000000,-435.000000,582.000000,242.000000,236.000000,-1.000000,1744086630236932
1279,1744086633862121,178.000000,-130.000000,135.000000,178.000000,128.000000,360.000000,178.000000,-130.001999,134.998993,178.007996,127.994003,360.001007,125.000000,-433.000000,589.000000,238.000000,251.000000,1.000000,1744086630236932
1279,1744086633866593,178.000000,-130.000000,135.000000,178.000000,128.000000,360.000000,178.000000,-130.001999,134.998993,178.007996,127.994003,360.001007,125.000000,-433.000000,589.000000,238.000000,251.000000,1.000000,1744086630236932
1279,1744086633872188,178.000000,-130.000000,135.000000,178.000000,128.000000,360.000000,177.998993,-130.001999,134.998993,178.007996,127.996002,360.001007,124.000000,-420.000000,575.000000,229.000000,247.000000,11.000000,1744086630236932
1279,1744086633876652,178.000000,-130.000000,135.000000,178.000000,128.000000,360.000000,177.998993,-130.001999,134.998993,178.007996,127.996002,360.001007,124.000000,-420.000000,575.000000,229.000000,247.000000,11.000000,1744086630236932
1279,1744086633882181,178.000000,-130.000000,135.000000,178.000000,128.000000,360.000000,177.998993,-130.003006,135.001007,178.007996,127.994003,360.001007,124.000000,-424.000000,587.000000,226.000000,254.000000,1.000000,1744086630236932
1279,1744086633886680,178.000000,-130.000000,135.000000,178.000000,128.000000,360.000000,178.000000,-130.001007,135.001007,178.007996,127.996002,359.998993,124.000000,-408.000000,581.000000,222.000000,266.000000,0.000000,1744086630236932
1279,1744086633892182,178.000000,-130.000000,135.000000,178.000000,128.000000,360.000000,177.998993,-130.001999,134.998993,178.007004,127.996002,360.001007,129.000000,-413.000000,570.000000,213.000000,269.000000,-3.000000,1744086630236932
1279,1744086633896612,178.000000,-130.000000,135.000000,178.000000,128.000000,360.000000,177.998993,-130.001999,135.001007,178.007004,127.994003,359.998993,133.000000,-418.000000,587.000000,213.000000,276.000000,-12.000000,1744086630236932
1279,1744086633902094,178.000000,-130.000000,135.000000,178.000000,128.000000,360.000000,178.000000,-130.001999,135.001007,178.007996,127.994003,359.998993,123.000000,-404.000000,578.000000,205.000000,278.000000,-11.000000,1744086630236932
1279,1744086633906494,178.000000,-130.000000,135.000000,178.000000,128.000000,360.000000,177.996994,-130.001007,135.001007,178.007004,127.994003,360.001007,126.000000,-418.000000,578.000000,209.000000,288.000000,-15.000000,1744086630236932
1279,1744086633912000,178.000000,-130.000000,135.000000,178.000000,128.000000,360.000000,178.000000,-130.001007,134.998993,178.007996,127.996002,360.002014,126.000000,-406.000000,580.000000,199.000000,288.000000,0.000000,1744086630236932
1279,1744086633917461,178.000000,-130.000000,135.000000,178.000000,128.000000,360.000000,177.998993,-130.001999,134.998993,178.007004,127.996002,360.001007,138.000000,-409.000000,580.000000,188.000000,288.000000,-14.000000,1744086630236932
1279,1744086633921847,178.000000,-130.000000,135.000000,178.000000,128.000000,360.000000,178.000000,-130.003006,134.998993,178.007996,127.996002,359.998993,120.000000,-402.000000,591.000000,191.000000,301.000000,11.000000,1744086630236932
1279,1744086633927351,178.000000,-130.000000,135.000000,178.000000,128.000000,360.000000,178.000000,-130.001007,135.001007,178.007996,127.996002,360.001007,129.000000,-391.000000,580.000000,181.000000,294.000000,-6.000000,1744086630236932
1279,1744086633931818,178.000000,-130.000000,135.000000,178.000000,128.000000,360.000000,177.998993,-130.001999,135.001007,178.007004,127.996002,360.002014,126.000000,-404.000000,584.000000,177.000000,307.000000,-21.000000,1744086630236932
1279,1744086633937364,178.000000,-130.000000,135.000000,178.000000,128.000000,360.000000,178.000000,-130.001999,135.001007,178.007004,127.996002,360.001007,131.000000,-401.000000,578.000000,174.000000,312.000000,-32.000000,1744086630236932
1279,1744086633941839,178.000000,-130.000000,135.000000,178.000000,128.000000,360.000000,177.998993,-130.001999,135.001007,178.007996,127.996002,360.001007,125.000000,-394.000000,585.000000,168.000000,309.000000,3.000000,1744086630236932
1279,1744086633947395,178.000000,-130.000000,135.000000,178.000000,128.000000,360.000000,177.998993,-130.001999,135.001007,178.007004,127.996002,360.001007,124.000000,-405.000000,578.000000,179.000000,319.000000,-13.000000,1744086630236932
1279,1744086633951865,178.000000,-130.000000,135.000000,178.000000,128.000000,360.000000,177.996994,-130.001999,135.001999,178.007004,127.996002,360.002014,124.000000,-405.000000,581.000000,159.000000,314.000000,9.000000,1744086630236932
1279,1744086633957403,178.000000,-130.000000,135.000000,178.000000,128.000000,360.000000,178.000000,-130.001999,135.001007,178.007004,127.994003,360.001007,127.000000,-389.000000,571.000000,161.000000,330.000000,-7.000000,1744086630236932
1279,1744086633961860,178.000000,-130.000000,135.000000,178.000000,128.000000,360.000000,177.998993,-130.001007,135.001007,178.007004,127.996002,360.001007,125.000000,-397.000000,584.000000,149.000000,319.000000,-6.000000,1744086630236932
1279,1744086633967446,178.000000,-130.000000,135.000000,178.000000,128.000000,360.000000,177.998993,-130.001007,135.001007,178.007004,127.997002,360.001007,131.000000,-398.000000,583.000000,150.000000,328.000000,7.000000,1744086630236932
1279,1744086633971879,178.000000,-130.000000,135.000000,178.000000,128.000000,360.000000,178.000000,-130.001007,134.998993,178.007004,127.996002,360.001007,119.000000,-398.000000,578.000000,143.000000,333.000000,9.000000,1744086630236932
1279,1744086633977400,178.000000,-130.000000,135.000000,178.000000,128.000000,360.000000,177.998993,-130.001999,135.001007,178.007004,127.997002,360.002014,125.000000,-394.000000,592.000000,139.000000,328.000000,-38.000000,1744086630236932
1279,1744086633981808,178.000000,-130.000000,135.000000,178.000000,128.000000,360.000000,178.000000,-130.001999,134.998993,178.005997,127.997002,360.001007,126.000000,-401.000000,582.000000,131.000000,333.000000,0.000000,1744086630236932
1279,1744086633987328,178.000000,-130.000000,135.000000,178.000000,128.000000,360.000000,177.998993,-130.001999,135.001007,178.007004,127.996002,359.998993,123.000000,-396.000000,581.000000,126.000000,325.000000,8.000000,1744086630236932
1279,1744086633991835,178.000000,-130.000000,135.000000,178.000000,128.000000,360.000000,178.001007,-130.001007,134.998993,178.007004,127.997002,360.001007,120.000000,-397.000000,577.000000,121.000000,341.000000,11.000000,1744086630236932
1279,1744086633997402,178.000000,-130.000000,135.000000,178.000000,128.000000,360.000000,178.000000,-130.001999,134.998993,178.005997,127.997002,360.001007,131.000000,-397.000000,583.000000,124.000000,328.000000,10.000000,1744086630236932
1279,1744086634001893,178.000000,-130.000000,135.000000,178.000000,128.000000,360.000000,178.000000,-130.001999,134.998993,178.003998,127.997002,360.002014,126.000000,-398.000000,578.000000,105.000000,329.000000,-8.000000,1744086630236932
1279,1744086634007535,178.000000,-130.000000,135.000000,178.000000,128.000000,360.000000,177.998993,-130.001007,135.001007,178.005997,127.997002,360.002014,122.000000,-394.000000,589.000000,107.000000,330.000000,-11.000000,1744086630236932
1279,1744086634012049,178.000000,-130.000000,135.000000,178.000000,128.000000,360.000000,178.000000,-130.001007,135.001007,178.003998,127.997002,360.002014,125.000000,-397.000000,581.000000,114.000000,327.000000,11.000000,1744086630236932
1279,1744086634017696,178.000000,-130.000000,135.000000,178.000000,128.000000,360.000000,178.000000,-130.001999,134.998993,178.005997,127.997002,360.002014,124.000000,-394.000000,579.000000,102.000000,330.000000,-2.000000,1744086630236932
1279,1744086634022183,178.000000,-130.000000,135.000000,178.000000,128.000000,360.000000,178.000000,-130.001999,134.998993,178.005997,127.997002,360.002014,121.000000,-379.000000,586.000000,101.000000,343.000000,1.000000,1744086630236932
1279,1744086634026654,178.000000,-130.000000,135.000000,178.000000,128.000000,360.000000,177.998993,-130.001007,134.998993,178.003998,127.997002,360.002014,126.000000,-388.000000,587.000000,93.000000,323.000000,0.000000,1744086630236932
1279,1744086634032175,178.000000,-130.000000,135.000000,178.000000,128.000000,360.000000,177.998993,-130.001007,134.998993,178.003998,127.997002,360.002014,126.000000,-388.000000,587.000000,93.000000,323.000000,0.000000,1744086630236932
1279,1744086634036667,178.000000,-130.000000,135.000000,178.000000,128.000000,360.000000,178.000000,-130.001999,135.001007,178.003998,127.997002,360.001007,126.000000,-389.000000,595.000000,90.000000,328.000000,-3.000000,1744086630236932
1279,1744086634042263,178.000000,-130.000000,135.000000,178.000000,128.000000,360.000000,177.998993,-130.001999,135.001007,178.003998,127.997002,360.001007,118.000000,-388.000000,593.000000,78.000000,323.000000,-8.000000,1744086630236932
1279,1744086634046784,178.000000,-130.000000,135.000000,178.000000,128.000000,360.000000,177.998993,-130.001999,135.001007,178.003998,127.997002,360.001007,118.000000,-388.000000,593.000000,78.000000,323.000000,-8.000000,1744086630236932
1279,1744086634052386,178.000000,-130.000000,135.000000,178.000000,128.000000,360.000000,177.998993,-130.001007,134.998993,178.003006,127.997002,360.001007,121.000000,-387.000000,578.000000,89.000000,331.000000,-6.000000,1744086630236932
1279,1744086634056950,178.000000,-130.000000,135.000000,178.000000,128.000000,360.000000,177.998993,-130.001999,134.998993,178.003998,127.998001,360.001007,126.000000,-385.000000,591.000000,99.000000,327.000000,0.000000,1744086630236932
1279,1744086634062488,178.000000,-130.000000,135.000000,178.000000,128.000000,360.000000,177.998993,-130.001999,135.001007,178.003006,127.998001,360.001007,125.000000,-387.000000,591.000000,86.000000,332.000000,-9.000000,1744086630236932
1279,1744086634066925,178.000000,-130.000000,135.000000,178.000000,128.000000,360.000000,177.998993,-130.001999,134.998993,178.003006,127.997002,360.002014,121.000000,-379.000000,583.000000,86.000000,330.000000,6.000000,1744086630236932
1279,1744086634072466,178.000000,-130.000000,135.000000,178.000000,128.000000,360.000000,177.998993,-130.001999,134.998993,178.003006,127.998001,360.001007,123.000000,-383.000000,589.000000,94.000000,332.000000,-4.000000,1744086630236932
1279,1744086634076994,178.000000,-130.000000,135.000000,178.000000,128.000000,360.000000,178.000000,-130.001007,134.998001,178.003006,127.998001,360.001007,119.000000,-379.000000,585.000000,95.000000,327.000000,15.000000,1744086630236932
1279,1744086634082539,178.000000,-130.000000,135.000000,178.000000,128.000000,360.000000,177.998993,-130.003006,135.001007,178.003006,127.998001,360.001007,116.000000,-381.000000,587.000000,93.000000,327.000000,18.000000,1744086630236932
1279,1744086634087012,178.000000,-130.000000,135.000000,178.000000,128.000000,360.000000,178.000000,-130.001999,135.001007,178.003006,127.997002,360.002014,120.000000,-373.000000,578.000000,112.000000,327.000000,2.000000,1744086630236932
1279,1744086634092615,178.000000,-130.000000,135.000000,178.000000,128.000000,360.000000,177.998993,-130.001999,134.998993,178.003006,127.998001,360.001007,113.000000,-375.000000,594.000000,98.000000,320.000000,-27.000000,1744086630236932
1279,1744086634097111,178.000000,-130.000000,135.000000,178.000000,128.000000,360.000000,177.998993,-130.001999,135.001007,178.003006,127.997002,360.001007,122.000000,-374.000000,592.000000,92.000000,328.000000,18.000000,1744086630236932
1279,1744086634101613,178.000000,-130.000000,135.000000,178.000000,128.000000,360.000000,178.000000,-130.001999,134.998001,178.003998,127.998001,360.001007,120.000000,-367.000000,585.000000,107.000000,324.000000,13.000000,1744086630236932
1279,1744086634107194,178.000000,-130.000000,135.000000,178.000000,128.000000,360.000000,177.998993,-130.001999,134.998993,178.003006,127.997002,360.001007,111.000000,-365.000000,582.000000,101.000000,327.000000,0.000000,1744086630236932
1279,1744086634111672,178.000000,-130.000000,135.000000,178.000000,128.000000,360.000000,178.000000,-130.001999,134.998993,178.003006,127.997002,360.001007,131.000000,-369.000000,592.000000,100.000000,329.000000,0.000000,1744086630236932
1279,1744086634117279,178.000000,-130.000000,135.000000,178.000000,128.000000,360.000000,177.998993,-130.001999,135.001007,178.001007,127.998001,360.001007,128.000000,-372.000000,594.000000,97.000000,326.000000,-4.000000,1744086630236932
1279,1744086634121746,178.000000,-130.000000,135.000000,178.000000,128.000000,360.000000,178.000000,-130.001999,135.001007,178.003006,127.998001,359.998993,126.000000,-366.000000,589.000000,96.000000,323.000000,-16.000000,1744086630236932
1279,1744086634127296,178.000000,-130.000000,135.000000,178.000000,128.000000,360.000000,177.998993,-130.001999,135.001007,178.003006,127.998001,360.002014,127.000000,-367.000000,598.000000,102.000000,328.000000,10.000000,1744086630236932
1279,1744086634131784,178.000000,-130.000000,135.000000,178.000000,128.000000,360.000000,178.000000,-130.001999,135.001007,178.001007,127.997002,360.002014,128.000000,-368.000000,602.000000,94.000000,329.000000,10.000000,1744086630236932
1279,1744086634137716,178.000000,-130.000000,135.000000,178.000000,128.000000,360.000000,177.998993,-130.001999,134.998993,178.003006,127.998001,360.002014,131.000000,-373.000000,583.000000,98.000000,327.000000,10.000000,1744086630236932
1279,1744086634142161,178.000000,-130.000000,135.000000,178.000000,128.000000,360.000000,178.000000,-130.001007,134.998993,178.003006,127.998001,360.001007,130.000000,-370.000000,592.000000,97.000000,323.000000,8.000000,1744086630236932
1279,1744086634146662,178.000000,-130.000000,135.000000,178.000000,128.000000,360.000000,177.998993,-130.001999,134.998993,178.001007,127.998001,360.001007,128.000000,-371.000000,588.000000,96.000000,325.000000,0.000000,1744086630236932
1279,1744086634152291,178.000000,-130.000000,135.000000,178.000000,128.000000,360.000000,177.998993,-130.001007,135.001007,178.003006,127.998001,360.001007,123.000000,-363.000000,582.000000,97.000000,323.000000,-6.000000,1744086630236932
1279,1744086634156797,178.000000,-130.000000,135.000000,178.000000,128.000000,360.000000,177.998993,-130.001999,134.998993,178.001007,127.998001,360.002014,129.000000,-364.000000,583.000000,102.000000,330.000000,-11.000000,1744086630236932
1279,1744086634162370,178.000000,-130.000000,135.000000,178.000000,128.000000,360.000000,178.000000,-130.001999,135.001007,178.003006,127.997002,360.002014,122.000000,-361.000000,579.000000,99.000000,327.000000,-16.000000,1744086630236932
1279,1744086634166842,178.000000,-130.000000,135.000000,178.000000,128.000000,360.000000,178.000000,-130.001999,134.998993,178.003006,127.998001,360.001007,125.000000,-369.000000,601.000000,96.000000,327.000000,4.000000,1744086630236932
1279,1744086634172422,178.000000,-130.000000,135.000000,178.000000,128.000000,360.000000,177.998993,-130.001007,134.998993,178.001007,127.998001,360.002014,125.000000,-362.000000,591.000000,99.000000,324.000000,16.000000,1744086630236932
1279,1744086634176963,178.000000,-130.000000,135.000000,178.000000,128.000000,360.000000,177.998993,-130.001999,135.001007,178.001007,127.998001,360.002014,120.000000,-369.000000,584.000000,97.000000,323.000000,8.000000,1744086630236932
1279,1744086634182513,178.000000,-130.000000,135.000000,178.000000,128.000000,360.000000,177.998993,-130.001999,135.001007,178.003006,127.998001,359.998993,126.000000,-370.000000,576.000000,100.000000,328.000000,9.000000,1744086630236932
1279,1744086634186981,178.000000,-130.000000,135.000000,178.000000,128.000000,360.000000,177.998993,-130.001999,134.998993,178.001007,127.998001,360.001007,129.000000,-367.000000,579.000000,98.000000,328.000000,-1.000000,1744086630236932
1279,1744086634192563,178.000000,-130.000000,135.000000,178.000000,128.000000,360.000000,177.998993,-130.001999,134.998993,178.003006,128.000000,360.001007,127.000000,-370.000000,594.000000,98.000000,330.000000,-4.000000,1744086630236932
1279,1744086634197055,178.000000,-130.000000,135.000000,178.000000,128.000000,360.000000,177.998993,-130.001999,135.001007,178.003006,127.998001,360.001007,125.000000,-365.000000,583.000000,94.000000,320.000000,0.000000,1744086630236932
1279,1744086634202603,178.000000,-130.000000,135.000000,178.000000,128.000000,360.000000,177.998993,-130.001999,135.001007,178.003006,127.998001,360.001007,125.000000,-365.000000,583.000000,94.000000,320.000000,0.000000,1744086630236932
1279,1744086634207094,178.000000,-130.000000,135.000000,178.000000,128.000000,360.000000,177.996994,-130.003006,134.998993,178.001007,127.998001,360.001007,126.000000,-359.000000,587.000000,97.000000,324.000000,3.000000,1744086630236932
1279,1744086634212670,178.000000,-130.000000,135.000000,178.000000,128.000000,360.000000,178.000000,-130.001999,134.998993,178.003006,127.997002,360.001007,126.000000,-360.000000,586.000000,97.000000,322.000000,2.000000,1744086630236932
1279,1744086634217165,178.000000,-130.000000,135.000000,178.000000,128.000000,360.000000,178.000000,-130.001999,134.998993,178.003006,127.997002,360.001007,126.000000,-360.000000,586.000000,97.000000,322.000000,2.000000,1744086630236932
1279,1744086634221643,178.000000,-130.000000,135.000000,178.000000,128.000000,360.000000,178.000000,-130.001999,134.998993,178.001007,127.998001,360.001007,126.000000,-361.000000,590.000000,98.000000,324.000000,-13.000000,1744086630236932
1279,1744086634227153,178.000000,-130.000000,135.000000,178.000000,128.000000,360.000000,178.000000,-130.001007,135.001007,178.003006,127.998001,359.998993,129.000000,-366.000000,606.000000,98.000000,330.000000,-13.000000,1744086630236932
1279,1744086634231624,178.000000,-130.000000,135.000000,178.000000,128.000000,360.000000,177.998993,-130.001007,134.998993,178.001007,127.998001,360.001007,131.000000,-364.000000,595.000000,97.000000,328.000000,-8.000000,1744086630236932
1279,1744086634237184,178.000000,-130.000000,135.000000,178.000000,128.000000,360.000000,177.998993,-130.001999,135.001007,178.001007,127.998001,360.001007,133.000000,-357.000000,598.000000,99.000000,320.000000,5.000000,1744086630236932
1279,1744086634241697,178.000000,-130.000000,135.000000,178.000000,128.000000,360.000000,178.000000,-130.001007,134.998993,178.001007,127.998001,360.001007,119.000000,-366.000000,592.000000,99.000000,317.000000,5.000000,1744086630236932
1279,1744086634247245,178.000000,-130.000000,135.000000,178.000000,128.000000,360.000000,178.000000,-130.001007,134.998993,178.003006,127.998001,360.001007,121.000000,-364.000000,593.000000,96.000000,320.000000,-10.000000,1744086630236932
1279,1744086634251712,178.000000,-130.000000,135.000000,178.000000,128.000000,360.000000,177.998993,-130.001007,134.998001,178.003006,127.998001,360.001007,128.000000,-362.000000,593.000000,101.000000,323.000000,7.000000,1744086630236932
1279,1744086634257337,178.000000,-130.000000,135.000000,178.000000,128.000000,360.000000,178.000000,-130.001999,134.998993,178.001007,128.000000,360.001007,128.000000,-364.000000,594.000000,101.000000,323.000000,13.000000,1744086630236932
1279,1744086634261863,178.000000,-130.000000,135.000000,178.000000,128.000000,360.000000,178.001007,-130.001999,134.998993,178.001007,127.998001,360.001007,126.000000,-363.000000,597.000000,97.000000,324.000000,0.000000,1744086630236932
1279,1744086634267529,178.000000,-130.000000,135.000000,178.000000,128.000000,360.000000,178.000000,-130.001007,135.001007,178.003006,127.998001,360.002014,124.000000,-363.000000,594.000000,99.000000,317.000000,-8.000000,1744086630236932
1279,1744086634271993,178.000000,-130.000000,135.000000,178.000000,128.000000,360.000000,177.998993,-130.001007,134.998001,178.001007,127.998001,360.002014,127.000000,-357.000000,596.000000,97.000000,321.000000,-15.000000,1744086630236932
1279,1744086634277497,178.000000,-130.000000,135.000000,178.000000,128.000000,360.000000,178.000000,-130.001999,134.998001,178.003006,127.998001,360.001007,131.000000,-358.000000,601.000000,99.000000,325.000000,-9.000000,1744086630236932
1279,1744086634281923,178.000000,-130.000000,135.000000,178.000000,128.000000,360.000000,177.998993,-130.001999,134.998993,178.001007,127.998001,360.002014,133.000000,-357.000000,598.000000,96.000000,322.000000,8.000000,1744086630236932
1279,1744086634287516,178.000000,-130.000000,135.000000,178.000000,128.000000,360.000000,177.998993,-130.001999,134.998993,178.003006,127.998001,360.001007,126.000000,-348.000000,591.000000,99.000000,326.000000,-17.000000,1744086630236932
1279,1744086634291999,178.000000,-130.000000,135.000000,178.000000,128.000000,360.000000,177.998993,-130.001999,134.998993,178.001007,128.000000,360.001007,130.000000,-349.000000,601.000000,101.000000,326.000000,5.000000,1744086630236932
1279,1744086634297604,178.000000,-130.000000,135.000000,178.000000,128.000000,360.000000,177.998993,-130.001999,134.998993,178.003006,127.998001,359.998993,120.000000,-346.000000,601.000000,101.000000,318.000000,19.000000,1744086630236932
1279,1744086634302067,178.000000,-130.000000,135.000000,178.000000,128.000000,360.000000,178.000000,-130.001999,134.998993,178.003006,127.998001,360.002014,129.000000,-354.000000,591.000000,102.000000,325.000000,-1.000000,1744086630236932
1279,1744086634306572,178.000000,-130.000000,135.000000,178.000000,128.000000,360.000000,178.000000,-130.001007,134.998993,178.001007,127.998001,359.998993,126.000000,-350.000000,581.000000,107.000000,322.000000,-19.000000,1744086630236932
1279,1744086634312206,178.000000,-130.000000,135.000000,178.000000,128.000000,360.000000,177.996994,-130.001007,134.998993,178.003006,128.000000,360.001007,132.000000,-351.000000,586.000000,101.000000,324.000000,-19.000000,1744086630236932
1279,1744086634316627,178.000000,-130.000000,135.000000,178.000000,128.000000,360.000000,177.996994,-130.001007,134.998993,178.003006,128.000000,360.001007,128.000000,-352.000000,594.000000,100.000000,315.000000,-6.000000,1744086630236932
1279,1744086634322104,178.000000,-130.000000,135.000000,178.000000,128.000000,360.000000,177.998993,-130.001999,134.998001,178.001007,128.000000,360.002014,129.000000,-350.000000,593.000000,102.000000,323.000000,0.000000,1744086630236932
1279,1744086634326546,178.000000,-130.000000,135.000000,178.000000,128.000000,360.000000,178.000000,-130.001999,134.998993,178.003006,128.000000,360.002014,132.000000,-341.000000,600.000000,97.000000,318.000000,-8.000000,1744086630236932
1279,1744086634332069,178.000000,-130.000000,135.000000,178.000000,128.000000,360.000000,178.000000,-130.001999,134.998993,178.003006,128.000000,360.001007,132.000000,-345.000000,599.000000,103.000000,321.000000,14.000000,1744086630236932
1279,1744086634336563,178.000000,-130.000000,135.000000,178.000000,128.000000,360.000000,177.998993,-130.001999,134.998993,178.001007,128.000000,360.002014,126.000000,-342.000000,605.000000,99.000000,320.000000,-16.000000,1744086630236932
1279,1744086634342228,178.000000,-130.000000,135.000000,178.000000,128.000000,360.000000,177.998993,-130.001007,135.001007,178.001007,127.998001,360.001007,129.000000,-342.000000,596.000000,98.000000,322.000000,-10.000000,1744086630236932
1279,1744086634346784,178.000000,-130.000000,135.000000,178.000000,128.000000,360.000000,178.000000,-130.001999,134.998993,178.001007,128.000000,360.001007,119.000000,-342.000000,596.000000,100.000000,325.000000,11.000000,1744086630236932
1279,1744086634352408,178.000000,-130.000000,135.000000,178.000000,128.000000,360.000000,177.998993,-130.001999,134.998001,178.001007,128.000000,360.002014,126.000000,-342.000000,585.000000,98.000000,315.000000,-7.000000,1744086630236932
1279,1744086634356936,178.000000,-130.000000,135.000000,178.000000,128.000000,360.000000,177.998993,-130.001007,134.998993,178.001007,127.998001,359.998993,125.000000,-345.000000,586.000000,96.000000,326.000000,-8.000000,1744086630236932
1279,1744086634362440,178.000000,-130.000000,135.000000,178.000000,128.000000,360.000000,178.000000,-130.001007,134.998993,178.003006,128.000000,360.002014,125.000000,-342.000000,599.000000,106.000000,322.000000,-22.000000,1744086630236932
1279,1744086634366884,178.000000,-130.000000,135.000000,178.000000,128.000000,360.000000,177.998993,-130.001007,134.998993,178.001007,127.998001,360.001007,116.000000,-342.000000,592.000000,96.000000,320.000000,-1.000000,1744086630236932
1279,1744086634372406,178.000000,-130.000000,135.000000,178.000000,128.000000,360.000000,178.001007,-130.001999,134.998993,178.001007,127.998001,360.002014,130.000000,-348.000000,596.000000,100.000000,317.000000,-4.000000,1744086630236932
1279,1744086634376861,178.000000,-130.000000,135.000000,178.000000,128.000000,360.000000,177.996994,-130.001007,134.998993,178.001007,128.000000,360.001007,118.000000,-349.000000,586.000000,105.000000,320.000000,7.000000,1744086630236932
1279,1744086634382430,178.000000,-130.000000,135.000000,178.000000,128.000000,360.000000,177.996994,-130.001007,134.998993,178.001007,128.000000,360.001007,118.000000,-349.000000,586.000000,105.000000,320.000000,7.000000,1744086630236932
1279,1744086634386911,178.000000,-130.000000,135.000000,178.000000,128.000000,360.000000,177.998993,-130.001007,134.998001,178.003006,128.000000,360.002014,121.000000,-342.000000,584.000000,96.000000,322.000000,15.000000,1744086630236932
1279,1744086634392464,178.000000,-130.000000,135.000000,178.000000,128.000000,360.000000,178.000000,-130.001999,134.998993,178.001007,128.000000,360.001007,119.000000,-345.000000,573.000000,96.000000,322.000000,6.000000,1744086630236932
1279,1744086634396984,178.000000,-130.000000,135.000000,178.000000,128.000000,360.000000,178.000000,-130.001999,134.998993,178.001007,128.000000,360.001007,119.000000,-345.000000,573.000000,96.000000,322.000000,6.000000,1744086630236932
1279,1744086634402562,178.000000,-130.000000,135.000000,178.000000,128.000000,360.000000,177.998993,-130.001999,134.998001,178.001007,128.000000,360.001007,119.000000,-346.000000,584.000000,100.000000,319.000000,6.000000,1744086630236932
1279,1744086634407165,178.000000,-130.000000,135.000000,178.000000,128.000000,360.000000,178.000000,-130.001999,134.998993,178.001007,128.000000,360.001007,118.000000,-344.000000,588.000000,101.000000,326.000000,4.000000,1744086630236932
1279,1744086634411667,178.000000,-130.000000,135.000000,178.000000,128.000000,360.000000,177.998993,-130.001999,134.998993,178.003006,127.998001,360.002014,113.000000,-341.000000,571.000000,98.000000,318.000000,8.000000,1744086630236932
1279,1744086634417308,178.000000,-130.000000,135.000000,178.000000,128.000000,360.000000,177.998993,-130.001007,134.998993,178.001007,128.000000,360.002014,112.000000,-345.000000,591.000000,104.000000,323.000000,-21.000000,1744086630236932
1279,1744086634421805,178.000000,-130.000000,135.000000,178.000000,128.000000,360.000000,178.000000,-130.001007,134.998993,178.001007,127.998001,360.001007,101.000000,-344.000000,574.000000,98.000000,319.000000,3.000000,1744086630236932
1279,1744086634427406,178.000000,-130.000000,135.000000,178.000000,128.000000,360.000000,177.998993,-130.001999,134.998993,178.003006,128.000000,360.001007,112.000000,-340.000000,577.000000,100.000000,323.000000,2.000000,1744086630236932
1279,1744086634431931,178.000000,-130.000000,135.000000,178.000000,128.000000,360.000000,177.998993,-130.001999,134.998993,178.003006,127.998001,360.001007,111.000000,-342.000000,575.000000,98.000000,318.000000,13.000000,1744086630236932
1279,1744086634437527,178.000000,-130.000000,135.000000,178.000000,128.000000,360.000000,177.998993,-130.001007,134.998993,178.001007,127.997002,360.001007,112.000000,-342.000000,573.000000,100.000000,313.000000,-9.000000,1744086630236932
1279,1744086634442465,178.000000,-130.000000,135.000000,178.000000,128.000000,360.000000,178.000000,-130.001999,134.998993,178.000000,128.000000,360.001007,108.000000,-341.000000,573.000000,101.000000,320.000000,19.000000,1744086630236932
1279,1744086634446968,178.000000,-130.000000,135.000000,178.000000,128.000000,360.000000,177.998993,-130.001999,134.998993,178.003006,128.000000,360.001007,99.000000,-337.000000,574.000000,103.000000,323.000000,-4.000000,1744086630236932
1279,1744086634452590,178.000000,-130.000000,135.000000,178.000000,128.000000,360.000000,178.000000,-130.001999,134.998993,178.003006,127.998001,360.001007,105.000000,-331.000000,579.000000,107.000000,320.000000,1.000000,1744086630236932
1279,1744086634457119,178.000000,-130.000000,135.000000,178.000000,128.000000,360.000000,178.000000,-130.001999,134.998993,178.001007,128.000000,360.001007,103.000000,-330.000000,569.000000,99.000000,329.000000,4.000000,1744086630236932
1279,1744086634461632,178.000000,-130.000000,135.000000,178.000000,128.000000,360.000000,177.998993,-130.001999,134.998993,178.003006,128.000000,360.001007,98.000000,-333.000000,565.000000,97.000000,312.000000,-13.000000,1744086630236932
1279,1744086634467156,178.000000,-130.000000,135.000000,178.000000,128.000000,360.000000,178.000000,-130.001999,134.998993,178.001007,127.998001,360.002014,102.000000,-329.000000,566.000000,99.000000,322.000000,-8.000000,1744086630236932
1279,1744086634471597,178.000000,-130.000000,135.000000,178.000000,128.000000,360.000000,177.998993,-130.001007,134.998001,178.003006,128.000000,360.001007,100.000000,-333.000000,566.000000,101.000000,321.000000,-8.000000,1744086630236932
1279,1744086634477119,178.000000,-130.000000,135.000000,178.000000,128.000000,360.000000,178.000000,-130.001999,134.998001,178.001007,128.000000,360.002014,101.000000,-326.000000,569.000000,91.000000,327.000000,11.000000,1744086630236932
1279,1744086634481555,178.000000,-130.000000,135.000000,178.000000,128.000000,360.000000,178.000000,-130.001007,134.998001,178.001007,127.998001,360.001007,101.000000,-327.000000,567.000000,101.000000,326.000000,-6.000000,1744086630236932
1279,1744086634487145,178.000000,-130.000000,135.000000,178.000000,128.000000,360.000000,177.998993,-130.001007,134.998993,178.001007,127.998001,360.002014,98.000000,-328.000000,569.000000,97.000000,325.000000,18.000000,1744086630236932
1279,1744086634491647,178.000000,-130.000000,135.000000,178.000000,128.000000,360.000000,178.000000,-130.001999,134.998993,178.003006,128.000000,360.001007,105.000000,-329.000000,562.000000,96.000000,320.000000,-3.000000,1744086630236932
1279,1744086634497228,178.000000,-130.000000,135.000000,178.000000,128.000000,360.000000,177.998993,-130.001007,134.996994,178.001007,128.000000,360.001007,110.000000,-320.000000,566.000000,98.000000,320.000000,0.000000,1744086630236932
1279,1744086634501732,178.000000,-130.000000,135.000000,178.000000,128.000000,360.000000,177.998993,-130.001007,134.998001,178.001007,128.000000,360.001007,105.000000,-324.000000,567.000000,98.000000,318.000000,-10.000000,1744086630236932
1279,1744086634507270,178.000000,-130.000000,135.000000,178.000000,128.000000,360.000000,177.998993,-130.001007,134.998001,178.001007,128.000000,360.001007,109.000000,-325.000000,571.000000,105.000000,315.000000,-9.000000,1744086630236932
1279,1744086634511759,178.000000,-130.000000,135.000000,178.000000,128.000000,360.000000,177.998993,-130.003006,134.998993,178.001007,127.998001,360.002014,109.000000,-322.000000,574.000000,110.000000,316.000000,3.000000,1744086630236932
1279,1744086634517282,178.000000,-130.000000,135.000000,178.000000,128.000000,360.000000,177.998993,-130.001999,134.998993,178.001007,127.998001,360.002014,115.000000,-325.000000,556.000000,99.000000,318.000000,-7.000000,1744086630236932
1279,1744086634521734,178.000000,-130.000000,135.000000,178.000000,128.000000,360.000000,178.001007,-130.001999,134.998993,178.001007,128.000000,360.001007,119.000000,-323.000000,566.000000,94.000000,322.000000,9.000000,1744086630236932
1279,1744086634527284,178.000000,-130.000000,135.000000,178.000000,128.000000,360.000000,177.998993,-130.001999,134.998993,178.001007,128.001007,360.002014,115.000000,-319.000000,574.000000,100.000000,323.000000,1.000000,1744086630236932
1279,1744086634531762,178.000000,-130.000000,135.000000,178.000000,128.000000,360.000000,177.998993,-130.001999,134.998001,178.001007,128.000000,360.001007,108.000000,-326.000000,570.000000,99.000000,320.000000,2.000000,1744086630236932
1279,1744086634537326,178.000000,-130.000000,135.000000,178.000000,128.000000,360.000000,177.998993,-130.001999,134.998001,178.001007,128.000000,360.001007,110.000000,-326.000000,555.000000,93.000000,320.000000,-16.000000,1744086630236932
1279,1744086634541811,178.000000,-130.000000,135.000000,178.000000,128.000000,360.000000,177.998993,-130.001999,134.998993,178.001007,128.000000,360.002014,112.000000,-316.000000,570.000000,101.000000,321.000000,15.000000,1744086630236932
1279,1744086634547382,178.000000,-130.000000,135.000000,178.000000,128.000000,360.000000,177.998993,-130.001999,134.998001,178.001007,128.000000,360.001007,114.000000,-323.000000,577.000000,103.000000,323.000000,-18.000000,1744086630236932
1279,1744086634551914,178.000000,-130.000000,135.000000,178.000000,128.000000,360.000000,178.000000,-130.001007,134.998001,178.001007,127.998001,360.001007,109.000000,-324.000000,567.000000,101.000000,318.000000,-1.000000,1744086630236932
1279,1744086634557493,178.000000,-130.000000,135.000000,178.000000,128.000000,360.000000,177.998993,-130.001999,134.998993,178.003006,128.000000,360.001007,109.000000,-321.000000,567.000000,98.000000,316.000000,-17.000000,1744086630236932
1279,1744086634562059,178.000000,-130.000000,135.000000,178.000000,128.000000,360.000000,177.998993,-130.001999,135.001007,178.001007,127.998001,360.002014,114.000000,-322.000000,565.000000,99.000000,325.000000,0.000000,1744086630236932
1279,1744086634567627,178.000000,-130.000000,135.000000,178.000000,128.000000,360.000000,177.998993,-130.001007,134.998993,178.001007,128.000000,359.998993,109.000000,-318.000000,560.000000,101.000000,316.000000,2.000000,1744086630236932
1279,1744086634572091,178.000000,-130.000000,135.000000,178.000000,128.000000,360.000000,177.998993,-130.001007,134.998993,178.001007,128.000000,359.998993,109.000000,-318.000000,560.000000,101.000000,316.000000,2.000000,1744086630236932
1279,1744086634576628,178.000000,-130.000000,135.000000,178.000000,128.000000,360.000000,178.001007,-130.001999,134.996994,178.001007,128.000000,360.001007,118.000000,-311.000000,571.000000,96.000000,318.000000,1.000000,1744086630236932
1279,1744086634582206,178.000000,-130.000000,135.000000,178.000000,128.000000,360.000000,178.000000,-130.001999,134.998993,178.003006,127.998001,360.001007,115.000000,-317.000000,561.000000,99.000000,319.000000,8.000000,1744086630236932
1279,1744086634586682,178.000000,-130.000000,135.000000,178.000000,128.000000,360.000000,178.000000,-130.001999,134.998993,178.003006,127.998001,360.001007,115.000000,-317.000000,561.000000,99.000000,319.000000,8.000000,1744086630236932
1279,1744086634592251,178.000000,-130.000000,135.000000,178.000000,128.000000,360.000000,177.998993,-130.001999,134.998993,178.003006,127.998001,360.001007,119.000000,-320.000000,560.000000,99.000000,320.000000,0.000000,1744086630236932
1279,1744086634596754,178.000000,-130.000000,135.000000,178.000000,128.000000,360.000000,177.998993,-130.001999,134.998993,178.003006,127.998001,360.001007,119.000000,-320.000000,560.000000,99.000000,320.000000,0.000000,1744086630236932
1279,1744086634602327,178.000000,-130.000000,135.000000,178.000000,128.000000,360.000000,177.998993,-130.001007,134.998001,178.001007,127.998001,360.001007,121.000000,-323.000000,545.000000,99.000000,322.000000,-8.000000,1744086630236932
1279,1744086634606740,178.000000,-130.000000,135.000000,178.000000,128.000000,360.000000,177.998993,-130.001999,134.998993,178.001007,128.000000,360.003998,110.000000,-321.000000,559.000000,102.000000,323.000000,7.000000,1744086630236932
1279,1744086634612253,178.000000,-130.000000,135.000000,178.000000,128.000000,360.000000,177.998993,-130.001999,135.001007,178.001007,128.000000,360.002014,119.000000,-319.000000,547.000000,102.000000,320.000000,2.000000,1744086630236932
1279,1744086634616687,178.000000,-130.000000,135.000000,178.000000,128.000000,360.000000,177.998993,-130.001999,134.998001,178.001007,127.998001,360.001007,120.000000,-320.000000,545.000000,109.000000,322.000000,0.000000,1744086630236932
1279,1744086634622177,178.000000,-130.000000,135.000000,178.000000,128.000000,360.000000,178.000000,-130.001999,134.998993,178.001007,127.998001,360.001007,120.000000,-316.000000,548.000000,106.000000,319.000000,-7.000000,1744086630236932
1279,1744086634626599,178.000000,-130.000000,135.000000,178.000000,128.000000,360.000000,178.000000,-130.001999,134.998001,178.001007,128.000000,360.001007,128.000000,-317.000000,552.000000,106.000000,317.000000,-15.000000,1744086630236932
1279,1744086634632138,178.000000,-130.000000,135.000000,178.000000,128.000000,360.000000,177.998993,-130.001007,134.998993,178.003006,128.000000,360.002014,120.000000,-314.000000,556.000000,97.000000,324.000000,11.000000,1744086630236932
1279,1744086634636630,178.000000,-130.000000,135.000000,178.000000,128.000000,360.000000,177.998993,-130.001007,135.001007,178.001007,128.000000,360.002014,122.000000,-315.000000,570.000000,101.000000,312.000000,0.000000,1744086630236932
1279,1744086634642165,178.000000,-130.000000,135.000000,178.000000,128.000000,360.000000,177.998993,-130.001999,134.998993,178.003006,128.000000,360.001007,124.000000,-316.000000,559.000000,95.000000,317.000000,18.000000,1744086630236932
1279,1744086634646634,178.000000,-130.000000,135.000000,178.000000,128.000000,360.000000,178.000000,-130.001999,134.998993,178.001007,128.000000,360.001007,116.000000,-304.000000,549.000000,102.000000,322.000000,-1.000000,1744086630236932
1279,1744086634652219,178.000000,-130.000000,135.000000,178.000000,128.000000,360.000000,178.000000,-130.001007,134.998993,178.001007,128.000000,360.002014,115.000000,-311.000000,558.000000,102.000000,317.000000,6.000000,1744086630236932
1279,1744086634656697,178.000000,-130.000000,135.000000,178.000000,128.000000,360.000000,177.998993,-130.001999,134.998001,178.001007,128.000000,360.001007,107.000000,-305.000000,558.000000,100.000000,321.000000,2.000000,1744086630236932
1279,1744086634662269,178.000000,-130.000000,135.000000,178.000000,128.000000,360.000000,177.998993,-130.001999,134.998993,178.001007,128.000000,359.998993,113.000000,-309.000000,553.000000,97.000000,319.000000,-9.000000,1744086630236932
1279,1744086634666665,178.000000,-130.000000,135.000000,178.000000,128.000000,360.000000,178.000000,-130.001999,134.998993,178.001007,128.000000,360.002014,116.000000,-303.000000,559.000000,103.000000,317.000000,16.000000,1744086630236932
1279,1744086634672210,178.000000,-130.000000,135.000000,178.000000,128.000000,360.000000,178.000000,-130.001007,134.998993,178.001007,127.998001,360.001007,115.000000,-302.000000,559.000000,101.000000,320.000000,2.000000,1744086630236932
1279,1744086634676623,178.000000,-130.000000,135.000000,178.000000,128.000000,360.000000,178.000000,-130.001007,134.998993,178.001007,127.998001,360.001007,115.000000,-304.000000,559.000000,102.000000,322.000000,-17.000000,1744086630236932
1279,1744086634682085,178.000000,-130.000000,135.000000,178.000000,128.000000,360.000000,178.000000,-130.001007,134.998001,178.001007,128.000000,360.001007,113.000000,-304.000000,559.000000,97.000000,317.000000,6.000000,1744086630236932
1279,1744086634687560,178.000000,-130.000000,135.000000,178.000000,128.000000,360.000000,177.998993,-130.001999,134.998001,178.001007,128.000000,360.001007,114.000000,-305.000000,560.000000,104.000000,323.000000,-15.000000,1744086630236932
1279,1744086634691963,178.000000,-130.000000,135.000000,178.000000,128.000000,360.000000,178.000000,-130.001999,134.998993,178.003006,128.000000,359.998993,115.000000,-298.000000,560.000000,103.000000,328.000000,11.000000,1744086630236932
1279,1744086634697399,178.000000,-130.000000,135.000000,178.000000,128.000000,360.000000,177.998993,-130.001999,134.998001,178.001007,128.000000,360.001007,112.000000,-296.000000,551.000000,99.000000,320.000000,8.000000,1744086630236932
1279,1744086634701765,178.000000,-130.000000,135.000000,178.000000,128.000000,360.000000,178.000000,-130.001007,134.998001,178.001007,128.000000,360.001007,123.000000,-298.000000,550.000000,105.000000,319.000000,7.000000,1744086630236932
1279,1744086634707248,178.000000,-130.000000,135.000000,178.000000,128.000000,360.000000,177.998993,-130.001999,134.998001,178.001007,128.000000,360.002014,121.000000,-298.000000,552.000000,102.000000,313.000000,5.000000,1744086630236932
1279,1744086634711640,178.000000,-130.000000,135.000000,178.000000,128.000000,360.000000,178.000000,-130.001999,134.998993,178.001007,128.000000,360.001007,115.000000,-304.000000,557.000000,94.000000,318.000000,11.000000,1744086630236932
1279,1744086634717068,178.000000,-130.000000,135.000000,178.000000,128.000000,360.000000,177.998993,-130.003006,134.998993,178.001007,127.998001,360.001007,115.000000,-301.000000,567.000000,104.000000,325.000000,3.000000,1744086630236932
1279,1744086634722562,178.000000,-130.000000,135.000000,178.000000,128.000000,360.000000,177.998993,-130.001007,134.998001,178.001007,127.998001,360.002014,119.000000,-296.000000,577.000000,101.000000,319.000000,-16.000000,1744086630236932
1279,1744086634726958,178.000000,-130.000000,135.000000,178.000000,128.000000,360.000000,178.000000,-130.001999,134.998001,178.003006,128.000000,360.002014,118.000000,-293.000000,552.000000,100.000000,315.000000,-5.000000,1744086630236932
1279,1744086634732376,178.000000,-130.000000,135.000000,178.000000,128.000000,360.000000,178.000000,-130.001999,135.001007,178.001007,128.000000,360.001007,116.000000,-297.000000,563.000000,112.000000,319.000000,7.000000,1744086630236932
1279,1744086634736744,178.000000,-130.000000,135.000000,178.000000,128.000000,360.000000,178.000000,-130.001999,134.998001,178.001007,128.000000,359.998993,118.000000,-292.000000,564.000000,103.000000,317.000000,1.000000,1744086630236932
1279,1744086634742261,178.000000,-130.000000,135.000000,178.000000,128.000000,360.000000,178.000000,-130.001999,134.998001,178.001007,128.000000,359.998993,118.000000,-292.000000,564.000000,103.000000,317.000000,1.000000,1744086630236932
1279,1744086634746644,178.000000,-130.000000,135.000000,178.000000,128.000000,360.000000,177.998993,-130.001999,134.998993,178.001007,128.000000,360.002014,117.000000,-293.000000,565.000000,97.000000,321.000000,-13.000000,1744086630236932
1279,1744086634752110,178.000000,-130.000000,135.000000,178.000000,128.000000,360.000000,177.998993,-130.001007,134.998001,178.001007,128.000000,360.002014,118.000000,-289.000000,578.000000,106.000000,314.000000,-16.000000,1744086630236932
1279,1744086634756507,178.000000,-130.000000,135.000000,178.000000,128.000000,360.000000,177.998993,-130.001007,134.998001,178.001007,128.000000,360.002014,118.000000,-289.000000,578.000000,106.000000,314.000000,-16.000000,1744086630236932
1279,1744086634762041,178.000000,-130.000000,135.000000,178.000000,128.000000,360.000000,178.000000,-130.001999,134.998993,178.003006,127.998001,360.002014,117.000000,-293.000000,559.000000,104.000000,319.000000,2.000000,1744086630236932
1279,1744086634767490,178.000000,-130.000000,135.000000,178.000000,128.000000,360.000000,178.000000,-130.001999,134.998993,178.001007,128.000000,360.001007,110.000000,-292.000000,571.000000,102.000000,321.000000,10.000000,1744086630236932
1279,1744086634771853,178.000000,-130.000000,135.000000,178.000000,128.000000,360.000000,177.998993,-130.001999,134.998001,178.003006,128.000000,360.001007,111.000000,-290.000000,562.000000,98.000000,317.000000,-8.000000,1744086630236932
1279,1744086634777414,178.000000,-130.000000,135.000000,178.000000,128.000000,360.000000,178.000000,-130.001007,134.998001,178.001007,128.000000,360.002014,110.000000,-295.000000,563.000000,100.000000,316.000000,8.000000,1744086630236932
1279,1744086634781906,178.000000,-130.000000,135.000000,178.000000,128.000000,360.000000,177.998993,-130.001007,134.998993,178.001007,128.000000,360.001007,110.000000,-284.000000,550.000000,101.000000,318.000000,11.000000,1744086630236932
1279,1744086634787423,178.000000,-130.000000,135.000000,178.000000,128.000000,360.000000,177.996994,-130.001999,134.998001,178.001007,128.000000,360.001007,118.000000,-291.000000,559.000000,91.000000,317.000000,12.000000,1744086630236932
1279,1744086634791855,178.000000,-130.000000,135.000000,178.000000,128.000000,360.000000,178.000000,-130.001999,134.998993,178.001007,127.998001,360.001007,111.000000,-289.000000,561.000000,111.000000,317.000000,-18.000000,1744086630236932
1279,1744086634797446,178.000000,-130.000000,135.000000,178.000000,128.000000,360.000000,178.000000,-130.001999,134.998001,178.001007,128.000000,360.002014,112.000000,-289.000000,563.000000,104.000000,324.000000,15.000000,1744086630236932
1279,1744086634801984,178.000000,-130.000000,135.000000,178.000000,128.000000,360.000000,178.000000,-130.001007,134.998993,178.001007,128.000000,360.002014,112.000000,-290.000000,561.000000,103.000000,308.000000,8.000000,1744086630236932
1279,1744086634807576,178.000000,-130.000000,135.000000,178.000000,128.000000,360.000000,178.000000,-130.001999,134.998993,178.001007,128.000000,360.001007,113.000000,-290.000000,556.000000,102.000000,315.000000,-9.000000,1744086630236932
1279,1744086634812051,178.000000,-130.000000,135.000000,178.000000,128.000000,360.000000,178.000000,-130.001999,134.998993,178.001007,128.000000,360.002014,113.000000,-284.000000,569.000000,103.000000,317.000000,-6.000000,1744086630236932
1279,1744086634816576,178.000000,-130.000000,135.000000,178.000000,128.000000,360.000000,177.998993,-130.001999,134.998001,178.001007,128.001007,359.998993,121.000000,-284.000000,563.000000,111.000000,319.000000,-2.000000,1744086630236932
1279,1744086634822151,178.000000,-130.000000,135.000000,178.000000,128.000000,360.000000,178.000000,-130.001999,134.998001,178.001007,128.001007,360.001007,117.000000,-293.000000,567.000000,95.000000,321.000000,-17.000000,1744086630236932
1279,1744086634826605,178.000000,-130.000000,135.000000,178.000000,128.000000,360.000000,177.998993,-130.001999,134.998993,178.001007,127.998001,360.001007,112.000000,-290.000000,571.000000,106.000000,316.000000,23.000000,1744086630236932
1279,1744086634832121,178.000000,-130.000000,135.000000,178.000000,128.000000,360.000000,177.998993,-130.001999,134.998993,178.001007,128.001007,360.001007,115.000000,-289.000000,573.000000,104.000000,315.000000,-8.000000,1744086630236932
1279,1744086634836593,178.000000,-130.000000,135.000000,178.000000,128.000000,360.000000,177.998993,-130.001007,134.998001,178.001007,128.000000,360.002014,106.000000,-286.000000,560.000000,105.000000,318.000000,-6.000000,1744086630236932
1279,1744086634842189,178.000000,-130.000000,135.000000,178.000000,128.000000,360.000000,177.998993,-130.001007,134.998001,178.001007,128.000000,360.001007,109.000000,-286.000000,555.000000,105.000000,316.000000,16.000000,1744086630236932
1279,1744086634846730,178.000000,-130.000000,135.000000,178.000000,128.000000,360.000000,178.000000,-130.001999,134.998993,178.001007,128.000000,360.001007,111.000000,-285.000000,564.000000,104.000000,323.000000,11.000000,1744086630236932
1279,1744086634852303,178.000000,-130.000000,135.000000,178.000000,128.000000,360.000000,177.998993,-130.001999,134.998993,178.001007,128.001007,359.998993,106.000000,-288.000000,562.000000,96.000000,321.000000,-2.000000,1744086630236932
1279,1744086634856790,178.000000,-130.000000,135.000000,178.000000,128.000000,360.000000,178.000000,-130.001999,134.998993,178.000000,128.000000,360.002014,109.000000,-281.000000,570.000000,107.000000,321.000000,-6.000000,1744086630236932
1279,1744086634862397,178.000000,-130.000000,135.000000,178.000000,128.000000,360.000000,177.998993,-130.001999,134.998993,178.001007,128.000000,360.001007,112.000000,-284.000000,551.000000,106.000000,323.000000,16.000000,1744086630236932
1279,1744086634866897,178.000000,-130.000000,135.000000,178.000000,128.000000,360.000000,177.998993,-130.001999,134.998001,178.001007,128.000000,360.002014,111.000000,-283.000000,556.000000,104.000000,320.000000,3.000000,1744086630236932
1279,1744086634872407,178.000000,-130.000000,135.000000,178.000000,128.000000,360.000000,178.000000,-130.001999,134.998993,178.000000,128.000000,360.001007,106.000000,-285.000000,559.000000,105.000000,317.000000,5.000000,1744086630236932
1279,1744086634876819,178.000000,-130.000000,135.000000,178.000000,128.000000,360.000000,177.998993,-130.001007,134.998001,178.001007,128.000000,360.001007,108.000000,-288.000000,563.000000,103.000000,323.000000,29.000000,1744086630236932
1279,1744086634882300,178.000000,-130.000000,135.000000,178.000000,128.000000,360.000000,177.998993,-130.003006,134.998993,178.001007,128.001007,360.001007,109.000000,-287.000000,563.000000,100.000000,318.000000,-8.000000,1744086630236932
1279,1744086634886702,178.000000,-130.000000,135.000000,178.000000,128.000000,360.000000,177.998993,-130.001999,135.001007,178.001007,127.998001,360.002014,114.000000,-282.000000,556.000000,106.000000,319.000000,12.000000,1744086630236932
1279,1744086634892198,178.000000,-130.000000,135.000000,178.000000,128.000000,360.000000,178.000000,-130.001007,134.998001,178.001007,128.000000,360.001007,104.000000,-285.000000,553.000000,105.000000,314.000000,6.000000,1744086630236932
1279,1744086634896624,178.000000,-130.000000,135.000000,178.000000,128.000000,360.000000,177.998993,-130.001999,134.998001,178.000000,127.998001,360.001007,104.000000,-283.000000,561.000000,103.000000,319.000000,7.000000,1744086630236932
1279,1744086634902186,178.000000,-130.000000,135.000000,178.000000,128.000000,360.000000,177.998993,-130.001999,134.998993,178.001007,128.000000,360.001007,105.000000,-286.000000,556.000000,100.000000,318.000000,-4.000000,1744086630236932
1279,1744086634906647,178.000000,-130.000000,135.000000,178.000000,128.000000,360.000000,178.000000,-130.001007,134.998001,178.003006,128.000000,360.001007,105.000000,-278.000000,563.000000,106.000000,319.000000,-2.000000,1744086630236932
1279,1744086634912198,178.000000,-130.000000,135.000000,178.000000,128.000000,360.000000,178.000000,-130.001007,134.998001,178.003006,128.000000,360.001007,105.000000,-278.000000,563.000000,106.000000,319.000000,-2.000000,1744086630236932
1279,1744086634916668,178.000000,-130.000000,135.000000,178.000000,128.000000,360.000000,177.998993,-130.001007,134.998993,178.001007,128.001007,360.001007,111.000000,-287.000000,547.000000,102.000000,315.000000,10.000000,1744086630236932
1279,1744086634922225,178.000000,-130.000000,135.000000,178.000000,128.000000,360.000000,177.998993,-130.001007,134.998993,178.001007,128.001007,360.001007,111.000000,-287.000000,547.000000,102.000000,315.000000,10.000000,1744086630236932
1279,1744086634926697,178.000000,-130.000000,135.000000,178.000000,128.000000,360.000000,177.998993,-130.001007,134.998993,178.001007,128.001007,360.001007,96.000000,-289.000000,565.000000,104.000000,324.000000,9.000000,1744086630236932
1279,1744086634932269,178.000000,-130.000000,135.000000,178.000000,128.000000,360.000000,177.998993,-130.001999,134.998993,178.001007,128.000000,360.001007,101.000000,-287.000000,560.000000,99.000000,317.000000,4.000000,1744086630236932
1279,1744086634936743,178.000000,-130.000000,135.000000,178.000000,128.000000,360.000000,178.001007,-130.001007,134.996994,178.000000,128.000000,360.001007,99.000000,-289.000000,568.000000,99.000000,319.000000,8.000000,1744086630236932
1279,1744086634942252,178.000000,-130.000000,135.000000,178.000000,128.000000,360.000000,177.998993,-130.001999,134.998993,178.001007,128.000000,360.001007,99.000000,-290.000000,555.000000,99.000000,321.000000,-12.000000,1744086630236932
1279,1744086634946680,178.000000,-130.000000,135.000000,178.000000,128.000000,360.000000,177.998993,-130.001999,134.998001,178.000000,128.000000,360.001007,105.000000,-288.000000,553.000000,107.000000,313.000000,2.000000,1744086630236932
1279,1744086634952247,178.000000,-130.000000,135.000000,178.000000,128.000000,360.000000,177.998993,-130.001007,134.998001,178.001007,128.000000,360.002014,105.000000,-284.000000,563.000000,97.000000,316.000000,16.000000,1744086630236932
1279,1744086634956728,178.000000,-130.000000,135.000000,178.000000,128.000000,360.000000,178.000000,-130.001999,134.998993,178.000000,128.000000,360.002014,104.000000,-288.000000,561.000000,100.000000,306.000000,-3.000000,1744086630236932
1279,1744086634962341,178.000000,-130.000000,135.000000,178.000000,128.000000,360.000000,178.000000,-130.001007,134.998993,178.001007,128.003006,360.001007,104.000000,-287.000000,550.000000,102.000000,285.000000,-6.000000,1744086630236932
1279,1744086634966848,178.000000,-130.000000,135.000000,178.000000,128.000000,360.000000,178.000000,-130.001999,134.998001,178.001007,128.001007,360.002014,93.000000,-286.000000,562.000000,104.000000,290.000000,0.000000,1744086630236932
1279,1744086634972438,178.000000,-130.000000,135.000000,178.000000,128.000000,360.000000,178.000000,-130.001007,134.998001,178.001007,128.003006,360.001007,99.000000,-295.000000,545.000000,100.000000,281.000000,0.000000,1744086630236932
1279,1744086634976998,178.000000,-130.000000,135.000000,178.000000,128.000000,360.000000,178.000000,-129.998993,134.998001,178.001007,128.003006,360.002014,98.000000,-291.000000,565.000000,103.000000,281.000000,-2.000000,1744086630236932
1279,1744086634982478,178.000000,-130.000000,135.000000,178.000000,128.000000,360.000000,177.998993,-130.001999,134.998993,178.001007,128.005005,360.002014,91.000000,-292.000000,548.000000,102.000000,258.000000,6.000000,1744086630236932
1279,1744086634986889,178.000000,-130.000000,135.000000,178.000000,128.000000,360.000000,178.000000,-130.001999,134.998001,178.001007,128.005005,360.002014,97.000000,-300.000000,558.000000,99.000000,260.000000,13.000000,1744086630236932
1279,1744086634992403,178.000000,-130.000000,135.000000,178.000000,128.000000,360.000000,177.998993,-130.001999,134.998001,178.001007,128.003998,360.001007,95.000000,-293.000000,551.000000,102.000000,259.000000,-7.000000,1744086630236932
1279,1744086634996846,178.000000,-130.000000,135.000000,178.000000,128.000000,360.000000,178.000000,-130.001999,134.998001,178.001007,128.003998,360.001007,101.000000,-299.000000,583.000000,107.000000,254.000000,-2.000000,1744086630236932
1279,1744086635002424,178.000000,-130.000000,135.000000,178.000000,128.000000,360.000000,177.998993,-130.001999,134.998001,178.001007,128.003998,360.001007,103.000000,-295.000000,557.000000,101.000000,248.000000,1.000000,1744086630236932
1279,1744086635006951,178.000000,-130.000000,135.000000,178.000000,128.000000,360.000000,177.998993,-130.001007,134.998001,178.001007,128.003998,360.002014,95.000000,-293.000000,554.000000,103.000000,247.000000,0.000000,1744086630236932
1279,1744086635011462,178.000000,-130.000000,135.000000,178.000000,128.000000,360.000000,178.000000,-130.001999,134.998001,178.000000,128.003998,360.001007,97.000000,-295.000000,551.000000,100.000000,240.000000,3.000000,1744086630236932
1279,1744086635017054,178.000000,-130.000000,135.000000,178.000000,128.000000,360.000000,177.998993,-130.001007,134.998001,178.001007,128.003998,360.003998,92.000000,-295.000000,574.000000,103.000000,243.000000,28.000000,1744086630236932
1279,1744086635021495,178.000000,-130.000000,135.000000,178.000000,128.000000,360.000000,178.000000,-130.001007,134.998993,178.001007,128.003998,360.001007,105.000000,-297.000000,565.000000,104.000000,233.000000,-26.000000,1744086630236932
1279,1744086635027128,178.000000,-130.000000,135.000000,178.000000,128.000000,360.000000,177.998993,-130.001999,134.998993,178.001007,128.003998,360.002014,105.000000,-294.000000,564.000000,98.000000,235.000000,-8.000000,1744086630236932
1279,1744086635031541,178.000000,-130.000000,135.000000,178.000000,128.000000,360.000000,178.000000,-130.001999,134.998993,178.003006,128.003998,360.002014,98.000000,-295.000000,572.000000,100.000000,224.000000,3.000000,1744086630236932
1279,1744086635037071,178.000000,-130.000000,135.000000,178.000000,128.000000,360.000000,178.000000,-130.001007,134.998001,178.001007,128.003998,360.002014,109.000000,-296.000000,572.000000,103.000000,220.000000,-17.000000,1744086630236932
1279,1744086635041518,178.000000,-130.000000,135.000000,178.000000,128.000000,360.000000,178.000000,-130.001007,134.998993,178.001007,128.003998,360.002014,104.000000,-295.000000,564.000000,98.000000,211.000000,-19.000000,1744086630236932
1279,1744086635047123,178.000000,-130.000000,135.000000,178.000000,128.000000,360.000000,178.000000,-130.001007,134.998993,178.001007,128.003998,360.002014,99.000000,-292.000000,551.000000,99.000000,212.000000,9.000000,1744086630236932
1279,1744086635051610,178.000000,-130.000000,135.000000,178.000000,128.000000,360.000000,178.000000,-130.001007,134.998993,178.001007,128.003998,360.001007,102.000000,-293.000000,557.000000,100.000000,206.000000,-10.000000,1744086630236932
1279,1744086635057239,178.000000,-130.000000,135.000000,178.000000,128.000000,360.000000,177.998993,-130.001999,134.998001,178.001007,128.005005,360.001007,105.000000,-293.000000,561.000000,104.000000,208.000000,5.000000,1744086630236932
1279,1744086635061720,178.000000,-130.000000,135.000000,178.000000,128.000000,360.000000,177.998993,-130.001999,134.998993,178.001007,128.003998,360.001007,100.000000,-295.000000,568.000000,102.000000,198.000000,-25.000000,1744086630236932
1279,1744086635067280,178.000000,-130.000000,135.000000,178.000000,128.000000,360.000000,177.998993,-130.001007,134.998001,178.000000,128.003998,359.998993,100.000000,-296.000000,555.000000,105.000000,184.000000,4.000000,1744086630236932
1279,1744086635071758,178.000000,-130.000000,135.000000,178.000000,128.000000,360.000000,177.998993,-130.001999,134.998001,178.001007,128.003998,360.001007,98.000000,-290.000000,564.000000,98.000000,186.000000,8.000000,1744086630236932
1279,1744086635077307,178.000000,-130.000000,135.000000,178.000000,128.000000,360.000000,178.000000,-130.001999,134.998993,178.001007,128.005005,360.002014,89.000000,-292.000000,564.000000,108.000000,181.000000,-36.000000,1744086630236932
1279,1744086635081716,178.000000,-130.000000,135.000000,178.000000,128.000000,360.000000,177.998993,-130.001999,134.998001,178.001007,128.003998,360.001007,97.000000,-291.000000,560.000000,102.000000,194.000000,-10.000000,1744086630236932
1279,1744086635087189,178.000000,-130.000000,135.000000,178.000000,128.000000,360.000000,177.998993,-130.001999,134.998001,178.000000,128.003998,360.001007,90.000000,-292.000000,575.000000,99.000000,184.000000,6.000000,1744086630236932
1279,1744086635091614,178.000000,-130.000000,135.000000,178.000000,128.000000,360.000000,177.998993,-130.001999,134.998001,178.000000,128.003998,360.001007,90.000000,-292.000000,575.000000,99.000000,184.000000,6.000000,1744086630236932
1279,1744086635097106,178.000000,-130.000000,135.000000,178.000000,128.000000,360.000000,178.000000,-130.001007,134.998001,178.001007,128.003998,360.001007,97.000000,-291.000000,564.000000,98.000000,165.000000,-4.000000,1744086630236932
1279,1744086635101525,178.000000,-130.000000,135.000000,178.000000,128.000000,360.000000,178.000000,-130.001007,134.998001,178.001007,128.003998,360.001007,97.000000,-291.000000,564.000000,98.000000,165.000000,-4.000000,1744086630236932
1279,1744086635107026,178.000000,-130.000000,135.000000,178.000000,128.000000,360.000000,177.998993,-130.001007,134.998993,178.001007,128.005005,360.002014,93.000000,-295.000000,555.000000,103.000000,164.000000,4.000000,1744086630236932
1279,1744086635111487,178.000000,-130.000000,135.000000,178.000000,128.000000,360.000000,178.000000,-130.001007,134.998001,178.001007,128.003998,360.002014,95.000000,-293.000000,561.000000,104.000000,164.000000,-10.000000,1744086630236932
1279,1744086635117072,178.000000,-130.000000,135.000000,178.000000,128.000000,360.000000,177.998993,-130.001999,135.001007,178.000000,128.003998,360.002014,95.000000,-294.000000,568.000000,101.000000,155.000000,0.000000,1744086630236932
1279,1744086635121529,178.000000,-130.000000,135.000000,178.000000,128.000000,360.000000,177.998993,-130.001007,134.998001,178.001007,128.003998,360.001007,90.000000,-292.000000,559.000000,103.000000,148.000000,7.000000,1744086630236932
1279,1744086635127160,178.000000,-130.000000,135.000000,178.000000,128.000000,360.000000,178.000000,-130.001999,134.998993,178.000000,128.003998,360.002014,90.000000,-284.000000,578.000000,129.000000,143.000000,3.000000,1744086630236932
1279,1744086635131685,178.000000,-130.000000,135.000000,178.000000,128.000000,360.000000,178.000000,-130.001007,134.998993,177.998993,128.003998,360.001007,90.000000,-287.000000,570.000000,120.000000,144.000000,-7.000000,1744086630236932
1279,1744086635137289,178.000000,-130.000000,135.000000,178.000000,128.000000,360.000000,177.998993,-130.001007,134.998001,178.000000,128.003998,360.001007,90.000000,-287.000000,576.000000,127.000000,134.000000,-16.000000,1744086630236932
1279,1744086635141718,178.000000,-130.000000,135.000000,178.000000,128.000000,360.000000,178.000000,-130.001999,134.998001,177.998993,128.003998,360.001007,93.000000,-288.000000,566.000000,154.000000,125.000000,-2.000000,1744086630236932
1279,1744086635147227,178.000000,-130.000000,135.000000,178.000000,128.000000,360.000000,177.998993,-130.001007,134.998001,177.996994,128.005005,360.001007,84.000000,-288.000000,569.000000,168.000000,123.000000,16.000000,1744086630236932
1279,1744086635151654,178.000000,-130.000000,135.000000,178.000000,128.000000,360.000000,178.000000,-130.001999,134.998993,177.994995,128.003006,360.001007,80.000000,-286.000000,587.000000,185.000000,129.000000,1.000000,1744086630236932
1279,1744086635157150,178.000000,-130.000000,135.000000,178.000000,128.000000,360.000000,177.998993,-130.001999,134.998993,177.994995,128.003006,360.001007,88.000000,-283.000000,571.000000,178.000000,135.000000,0.000000,1744086630236932
1279,1744086635161623,178.000000,-130.000000,135.000000,178.000000,128.000000,360.000000,178.000000,-130.001007,134.998001,177.994995,128.003998,360.001007,84.000000,-285.000000,570.000000,168.000000,125.000000,12.000000,1744086630236932
1279,1744086635167235,178.000000,-130.000000,135.000000,178.000000,128.000000,360.000000,177.998993,-130.001007,134.998001,177.994995,128.003998,360.001007,79.000000,-286.000000,582.000000,180.000000,121.000000,14.000000,1744086630236932
1279,1744086635171769,178.000000,-130.000000,135.000000,178.000000,128.000000,360.000000,178.000000,-130.001007,134.996994,177.996002,128.003998,360.001007,75.000000,-276.000000,574.000000,179.000000,120.000000,1.000000,1744086630236932
1279,1744086635177337,178.000000,-130.000000,135.000000,178.000000,128.000000,360.000000,177.998993,-130.001007,134.998993,177.994995,128.003998,360.001007,76.000000,-280.000000,584.000000,176.000000,117.000000,-18.000000,1744086630236932
1279,1744086635181862,178.000000,-130.000000,135.000000,178.000000,128.000000,360.000000,178.001007,-130.001007,134.998001,177.996002,128.003998,360.001007,77.000000,-280.000000,575.000000,189.000000,101.000000,2.000000,1744086630236932
1279,1744086635187548,178.000000,-130.000000,135.000000,178.000000,128.000000,360.000000,178.000000,-130.001999,134.998993,177.994995,128.003998,360.001007,77.000000,-279.000000,548.000000,183.000000,109.000000,3.000000,1744086630236932
1279,1744086635192025,178.000000,-130.000000,135.000000,178.000000,128.000000,360.000000,177.998993,-130.001999,134.998001,177.994995,128.003998,360.001007,80.000000,-286.000000,558.000000,195.000000,105.000000,-3.000000,1744086630236932
1279,1744086635197514,178.000000,-130.000000,135.000000,178.000000,128.000000,360.000000,178.000000,-130.003006,134.998993,177.996002,128.003998,360.001007,81.000000,-284.000000,573.000000,199.000000,103.000000,-4.000000,1744086630236932
1279,1744086635202004,178.000000,-130.000000,135.000000,178.000000,128.000000,360.000000,178.000000,-129.998993,134.998001,177.994995,128.003006,360.001007,73.000000,-276.000000,584.000000,193.000000,97.000000,9.000000,1744086630236932
1279,1744086635207621,178.000000,-130.000000,135.000000,178.000000,128.000000,360.000000,178.000000,-130.001007,134.998993,177.994995,128.003006,360.001007,77.000000,-287.000000,571.000000,207.000000,105.000000,9.000000,1744086630236932
1279,1744086635212131,178.000000,-130.000000,135.000000,178.000000,128.000000,360.000000,177.998993,-130.001007,134.998001,177.994995,128.003006,360.001007,69.000000,-292.000000,570.000000,197.000000,88.000000,-2.000000,1744086630236932
1279,1744086635216655,178.000000,-130.000000,135.000000,178.000000,128.000000,360.000000,178.000000,-130.001007,134.998001,177.996002,128.003006,360.001007,75.000000,-282.000000,548.000000,200.000000,93.000000,17.000000,1744086630236932
1279,1744086635222204,178.000000,-130.000000,135.000000,178.000000,128.000000,360.000000,177.998993,-130.001007,134.998993,177.994995,128.003998,360.002014,69.000000,-285.000000,574.000000,212.000000,84.000000,1.000000,1744086630236932
1279,1744086635226712,178.000000,-130.000000,135.000000,178.000000,128.000000,360.000000,177.998993,-130.001007,134.998993,177.994995,128.003006,360.001007,72.000000,-285.000000,584.000000,217.000000,88.000000,-3.000000,1744086630236932
1279,1744086635232256,178.000000,-130.000000,135.000000,178.000000,128.000000,360.000000,177.996994,-130.001007,134.998993,177.994995,128.003006,360.001007,73.000000,-284.000000,562.000000,222.000000,94.000000,-25.000000,1744086630236932
1279,1744086635236724,178.000000,-130.000000,135.000000,178.000000,128.000000,360.000000,178.000000,-130.001999,134.998993,177.996002,128.003006,360.001007,79.000000,-285.000000,566.000000,226.000000,93.000000,14.000000,1744086630236932
