point_index,timestamp_us,plan_pos_0,plan_pos_1,plan_pos_2,plan_pos_3,plan_pos_4,plan_pos_5,actual_pos_0,actual_pos_1,actual_pos_2,actual_pos_3,actual_pos_4,actual_pos_5,current_0,current_1,current_2,current_3,current_4,current_5
0,1743685860709631,0.049497,-0.036163,0.037552,0.049497,0.035608,0.100052,0.039000,0.001000,0.000000,0.012000,0.006000,0.023000,30.000000,-2034.000000,-1336.000000,-1364.000000,37.000000,96.000000
1,1743685860715184,0.049861,-0.036528,0.037917,0.049861,0.035972,0.100417,0.039000,0.001000,0.000000,0.012000,0.006000,0.023000,30.000000,-2034.000000,-1336.000000,-1364.000000,37.000000,96.000000
2,1743685860719647,0.050851,-0.037517,0.038906,0.050851,0.036962,0.101406,0.039000,0.001000,0.000000,0.012000,0.009000,0.024000,50.000000,-2011.000000,-1333.000000,-1381.000000,8.000000,41.000000
3,1743685860725277,0.052778,-0.039444,0.040833,0.052778,0.038889,0.103333,0.041000,0.000000,0.000000,0.012000,0.008000,0.023000,74.000000,-1999.000000,-1373.000000,-1427.000000,-3.000000,25.000000
4,1743685860729721,0.055955,-0.042622,0.044010,0.055955,0.042066,0.106510,0.039000,0.001000,-0.001000,0.013000,0.008000,0.026000,104.000000,-1997.000000,-1405.000000,-1430.000000,0.000000,47.000000
5,1743685860735343,0.060694,-0.047361,0.048750,0.060694,0.046806,0.111250,0.039000,0.000000,0.000000,0.012000,0.008000,0.024000,116.000000,-2015.000000,-1383.000000,-1423.000000,1.000000,86.000000
6,1743685860739820,0.067309,-0.053976,0.055365,0.067309,0.053420,0.117865,0.041000,0.000000,0.000000,0.012000,0.008000,0.024000,128.000000,-2032.000000,-1336.000000,-1417.000000,8.000000,88.000000
7,1743685860745401,0.076111,-0.062778,0.064167,0.076111,0.062222,0.126667,0.039000,0.001000,0.000000,0.012000,0.008000,0.024000,147.000000,-2053.000000,-1325.000000,-1420.000000,13.000000,106.000000
8,1743685860749805,0.087413,-0.074080,0.075469,0.087413,0.073524,0.137969,0.042000,0.000000,0.000000,0.012000,0.009000,0.024000,151.000000,-2066.000000,-1311.000000,-1411.000000,13.000000,83.000000
9,1743685860755340,0.101528,-0.088194,0.089583,0.101528,0.087639,0.152083,0.041000,0.000000,0.001000,0.012000,0.008000,0.023000,157.000000,-2087.000000,-1281.000000,-1403.000000,12.000000,59.000000
10,1743685860760809,0.118767,-0.105434,0.106823,0.118767,0.104878,0.169323,0.043000,0.000000,0.000000,0.012000,0.009000,0.026000,146.000000,-2096.000000,-1277.000000,-1413.000000,27.000000,75.000000
11,1743685860766309,0.139444,-0.126111,0.127500,0.139444,0.125556,0.190000,0.043000,0.000000,0.000000,0.011000,0.008000,0.023000,139.000000,-2117.000000,-1255.000000,-1404.000000,39.000000,41.000000
12,1743685860770758,0.163872,-0.150538,0.151927,0.163872,0.149983,0.214427,0.045000,0.001000,0.001000,0.012000,0.008000,0.023000,153.000000,-2133.000000,-1230.000000,-1389.000000,35.000000,111.000000
13,1743685860776335,0.192361,-0.179028,0.180417,0.192361,0.178472,0.242917,0.043000,0.000000,0.000000,0.012000,0.009000,0.024000,138.000000,-2150.000000,-1198.000000,-1374.000000,40.000000,106.000000
14,1743685860780776,0.225226,-0.211892,0.213281,0.225226,0.211337,0.275781,0.045000,0.000000,0.001000,0.012000,0.009000,0.024000,167.000000,-2171.000000,-1196.000000,-1359.000000,44.000000,81.000000
15,1743685860786397,0.262778,-0.249444,0.250833,0.262778,0.248889,0.313333,0.043000,-0.001000,0.000000,0.011000,0.009000,0.024000,145.000000,-2162.000000,-1168.000000,-1362.000000,54.000000,105.000000
16,1743685860790845,0.305330,-0.291997,0.293385,0.305330,0.291441,0.355885,0.045000,-0.001000,0.000000,0.012000,0.011000,0.024000,245.000000,-2298.000000,-1024.000000,-1297.000000,104.000000,167.000000
17,1743685860796426,0.353194,-0.339861,0.341250,0.353194,0.339306,0.403750,0.052000,-0.006000,0.005000,0.019000,0.016000,0.027000,716.000000,-2796.000000,-452.000000,-1096.000000,317.000000,294.000000
18,1743685860800878,0.406684,-0.393351,0.394740,0.406684,0.392795,0.457240,0.074000,-0.024000,0.016000,0.033000,0.035000,0.027000,457.000000,-2625.000000,-496.000000,-1129.000000,173.000000,208.000000
19,1743685860806391,0.466111,-0.452778,0.454167,0.466111,0.452222,0.516667,0.092000,-0.041000,0.044000,0.048000,0.054000,0.039000,382.000000,-2702.000000,-585.000000,-923.000000,197.000000,252.000000
20,1743685860810856,0.531788,-0.518455,0.519844,0.531788,0.517899,0.582344,0.115000,-0.052000,0.055000,0.057000,0.072000,0.060000,404.000000,-2910.000000,-418.000000,-836.000000,208.000000,315.000000
21,1743685860816360,0.604028,-0.590694,0.592083,0.604028,0.590139,0.654583,0.140000,-0.086000,0.092000,0.074000,0.097000,0.085000,396.000000,-2938.000000,-274.000000,-546.000000,147.000000,275.000000
22,1743685860820770,0.683142,-0.669809,0.671198,0.683142,0.669253,0.733698,0.167000,-0.115000,0.120000,0.087000,0.140000,0.123000,542.000000,-3287.000000,-325.000000,-256.000000,-3.000000,247.000000
23,1743685860826249,0.769444,-0.756111,0.757500,0.769444,0.755556,0.820000,0.196000,-0.149000,0.152000,0.101000,0.173000,0.164000,565.000000,-3136.000000,-170.000000,34.000000,52.000000,264.000000
23,1743685860830679,0.769444,-0.756111,0.757500,0.769444,0.755556,0.820000,0.236000,-0.185000,0.192000,0.114000,0.215000,0.181000,391.000000,-3302.000000,-166.000000,363.000000,19.000000,200.000000
24,1743685860836171,0.863247,-0.849913,0.851302,0.863247,0.849358,0.913802,0.273000,-0.227000,0.240000,0.129000,0.259000,0.256000,473.000000,-3141.000000,-107.000000,622.000000,274.000000,162.000000
25,1743685860840636,0.964861,-0.951528,0.952917,0.964861,0.950972,1.015420,0.329000,-0.298000,0.311000,0.149000,0.303000,0.308000,803.000000,-3148.000000,-336.000000,1030.000000,287.000000,412.000000
26,1743685860846168,1.074600,-1.061270,1.062660,1.074600,1.060710,1.125160,0.381000,-0.354000,0.372000,0.175000,0.355000,0.363000,834.000000,-3357.000000,-71.000000,1624.000000,161.000000,528.000000
27,1743685860850626,1.192780,-1.179440,1.180830,1.192780,1.178890,1.243330,0.451000,-0.435000,0.449000,0.190000,0.428000,0.438000,596.000000,-3387.000000,-286.000000,1831.000000,186.000000,323.000000
28,1743685860856201,1.319700,-1.306370,1.307760,1.319700,1.305820,1.370260,0.501000,-0.491000,0.510000,0.237000,0.471000,0.495000,669.000000,-3308.000000,-293.000000,2024.000000,265.000000,473.000000
29,1743685860860700,1.455690,-1.442360,1.443750,1.455690,1.441810,1.506250,0.572000,-0.561000,0.589000,0.288000,0.580000,0.623000,629.000000,-3193.000000,-227.000000,2023.000000,309.000000,411.000000
30,1743685860866346,1.601060,-1.587700,1.589110,1.601060,1.587100,1.651610,0.650000,-0.645000,0.675000,0.394000,0.660000,0.726000,881.000000,-3198.000000,174.000000,359.000000,145.000000,246.000000
31,1743685860870861,1.756110,-1.742320,1.744060,1.756110,1.741520,1.806670,0.734000,-0.733000,0.771000,0.530000,0.769000,0.839000,785.000000,-3410.000000,-146.000000,-1127.000000,411.000000,482.000000
32,1743685860876404,1.921160,-1.905920,1.908360,1.921160,1.904760,1.971720,0.829000,-0.830000,0.869000,0.613000,0.859000,0.904000,771.000000,-3249.000000,-76.000000,61.000000,329.000000,669.000000
33,1743685860880870,2.096530,-2.078180,2.081720,2.096530,2.076510,2.147080,0.931000,-0.935000,0.961000,0.675000,0.979000,1.036000,983.000000,-3456.000000,22.000000,2242.000000,404.000000,490.000000
34,1743685860886456,2.282520,-2.258790,2.263820,2.282520,2.256450,2.333070,0.931000,-0.935000,0.961000,0.675000,0.979000,1.036000,983.000000,-3456.000000,22.000000,2242.000000,404.000000,490.000000
35,1743685860890962,2.479440,-2.447430,2.454340,2.479440,2.444270,2.530000,1.046000,-1.106000,1.124000,0.844000,1.079000,1.126000,859.000000,-3553.000000,275.000000,905.000000,278.000000,415.000000
36,1743685860895460,2.687510,-2.643810,2.652980,2.687510,2.639660,2.738180,1.246000,-1.363000,1.367000,1.106000,1.358000,1.374000,816.000000,-3885.000000,-162.000000,1321.000000,108.000000,565.000000
37,1743685860901059,2.906500,-2.847600,2.859410,2.906500,2.842310,2.957920,1.246000,-1.363000,1.367000,1.106000,1.358000,1.374000,816.000000,-3885.000000,-162.000000,1321.000000,108.000000,565.000000
38,1743685860905601,3.136100,-3.058480,3.073340,3.136100,3.051900,3.189530,1.392000,-1.509000,1.509000,1.233000,1.551000,1.550000,1160.000000,-3899.000000,-75.000000,1937.000000,371.000000,586.000000
39,1743685860911224,3.376000,-3.276160,3.294440,3.376000,3.268120,3.433330,1.617000,-1.693000,1.691000,1.485000,1.649000,1.636000,938.000000,-3467.000000,306.000000,-946.000000,280.000000,389.000000
40,1743685860915720,3.625880,-3.500310,3.522410,3.625880,3.490660,3.689580,1.779000,-1.821000,1.804000,1.587000,1.875000,1.779000,1203.000000,-3691.000000,140.000000,1136.000000,424.000000,681.000000
41,1743685860921336,3.885440,-3.730630,3.756930,3.885440,3.719210,3.958330,1.948000,-1.998000,1.989000,1.771000,2.033000,2.006000,1149.000000,-3659.000000,232.000000,1470.000000,500.000000,473.000000
42,1743685860925820,4.154360,-3.966790,3.997690,4.154360,3.953450,4.239580,2.114000,-2.160000,2.174000,2.002000,2.242000,2.224000,863.000000,-3222.000000,-232.000000,-1056.000000,218.000000,776.000000
43,1743685860931452,4.432330,-4.208500,4.244370,4.432330,4.193070,4.533330,2.340000,-2.373000,2.403000,2.200000,2.415000,2.411000,1311.000000,-3715.000000,-77.000000,2194.000000,548.000000,670.000000
44,1743685860935986,4.719030,-4.455430,4.496670,4.719030,4.437760,4.839580,2.547000,-2.557000,2.603000,2.459000,2.609000,2.631000,1538.000000,-3820.000000,444.000000,-695.000000,364.000000,610.000000
45,1743685860940503,5.014160,-4.707270,4.754260,5.014160,4.687200,5.158330,2.768000,-2.747000,2.809000,2.635000,2.793000,2.871000,1252.000000,-3649.000000,210.000000,1539.000000,463.000000,631.000000
46,1743685860946104,5.317390,-4.963710,5.016850,5.317390,4.941090,5.489580,3.084000,-3.044000,3.095000,2.969000,2.980000,3.117000,1097.000000,-3589.000000,372.000000,-696.000000,324.000000,663.000000
47,1743685860950540,5.628430,-5.224450,5.284120,5.628430,5.199120,5.833330,3.309000,-3.261000,3.309000,3.184000,3.217000,3.341000,1169.000000,-3862.000000,-93.000000,1819.000000,433.000000,788.000000
48,1743685860956062,5.946950,-5.489150,5.555740,5.946950,5.460960,6.189580,3.573000,-3.455000,3.515000,3.425000,3.441000,3.603000,973.000000,-3885.000000,72.000000,-408.000000,161.000000,493.000000
48,1743685860960510,5.946950,-5.489150,5.555740,5.946950,5.460960,6.189580,3.854000,-3.679000,3.734000,3.707000,3.672000,3.850000,1132.000000,-3700.000000,-25.000000,1243.000000,307.000000,536.000000
49,1743685860965983,6.272650,-5.757520,5.831420,6.272650,5.726300,6.558330,4.144000,-3.920000,3.971000,3.946000,3.997000,4.235000,992.000000,-3703.000000,161.000000,430.000000,213.000000,439.000000
50,1743685860970368,6.605200,-6.029250,6.110840,6.605200,5.994840,6.939580,4.426000,-4.158000,4.205000,4.276000,4.085000,4.360000,990.000000,-3738.000000,-134.000000,-40.000000,260.000000,795.000000
51,1743685860975809,6.944310,-6.304010,6.393690,6.944310,6.266260,7.333330,4.695000,-4.397000,4.426000,4.533000,4.408000,4.796000,1059.000000,-3437.000000,77.000000,1153.000000,255.000000,747.000000
52,1743685860981238,7.289650,-6.581490,6.679640,7.289650,6.540250,7.739580,4.941000,-4.648000,4.684000,4.861000,4.621000,5.137000,1210.000000,-3294.000000,417.000000,-143.000000,445.000000,855.000000
53,1743685860985580,7.640910,-6.861390,6.968400,7.640910,6.816500,8.158330,5.370000,-4.991000,5.059000,5.269000,4.883000,5.469000,1121.000000,-3389.000000,392.000000,-181.000000,410.000000,670.000000
54,1743685860991104,7.997790,-7.143390,7.259650,7.997790,7.094690,8.589580,5.729000,-5.244000,5.320000,5.578000,5.112000,5.828000,1194.000000,-3519.000000,-8.000000,1142.000000,225.000000,684.000000
55,1743685860995548,8.359960,-7.427180,7.553080,8.359960,7.374510,9.033330,6.074000,-5.498000,5.581000,5.851000,5.386000,6.171000,1102.000000,-3136.000000,257.000000,274.000000,324.000000,863.000000
56,1743685861001103,8.727120,-7.712440,7.848360,8.727120,7.655650,9.489580,6.236000,-5.651000,5.730000,6.053000,5.736000,6.616000,1107.000000,-3419.000000,594.000000,736.000000,364.000000,678.000000
57,1743685861005580,9.098950,-7.998870,8.145200,9.098950,7.937790,9.958330,6.664000,-6.005000,6.101000,6.373000,5.913000,6.877000,1084.000000,-3487.000000,47.000000,885.000000,286.000000,749.000000
58,1743685861011122,9.475150,-8.286140,8.443280,9.475150,8.220630,10.439600,6.881000,-6.157000,6.243000,6.720000,6.241000,7.371000,959.000000,-3519.000000,74.000000,2.000000,453.000000,778.000000
59,1743685861015598,9.855390,-8.573960,8.742290,9.855390,8.503850,10.933300,7.454000,-6.595000,6.704000,7.289000,6.462000,7.720000,880.000000,-3249.000000,100.000000,641.000000,288.000000,766.000000
60,1743685861021180,10.239400,-8.862000,9.041910,10.239400,8.787170,11.439600,7.723000,-6.790000,6.931000,7.579000,6.801000,8.278000,1069.000000,-3222.000000,-137.000000,167.000000,269.000000,554.000000
61,1743685861025704,10.626800,-9.150060,9.341830,10.626800,9.070480,11.958300,8.081000,-7.119000,7.274000,7.987000,7.099000,8.812000,805.000000,-3459.000000,92.000000,313.000000,323.000000,935.000000
62,1743685861031203,11.017300,-9.438130,9.641790,11.017300,9.353800,12.489600,8.316000,-7.349000,7.509000,8.242000,7.292000,9.173000,977.000000,-3227.000000,146.000000,824.000000,369.000000,716.000000
63,1743685861035588,11.410600,-9.726190,9.941760,11.410600,9.637110,13.033300,8.706000,-7.682000,7.812000,8.684000,7.588000,9.706000,968.000000,-3366.000000,-113.000000,754.000000,352.000000,847.000000
64,1743685861041060,11.806400,-10.014200,10.241700,11.806400,9.920430,13.589600,9.074000,-7.948000,8.070000,9.033000,7.878000,10.181000,1200.000000,-3482.000000,347.000000,396.000000,389.000000,991.000000
65,1743685861045438,12.204400,-10.302300,10.541700,12.204400,10.203700,14.158300,9.074000,-7.948000,8.070000,9.033000,7.878000,10.181000,1200.000000,-3482.000000,347.000000,396.000000,389.000000,991.000000
66,1743685861050888,12.604200,-10.590400,10.841700,12.604200,10.487100,14.739600,9.772000,-8.423000,8.585000,9.733000,8.443000,11.199000,582.000000,-2889.000000,132.000000,344.000000,310.000000,619.000000
67,1743685861056390,13.005600,-10.878400,11.141600,13.005600,10.770400,15.333300,10.346000,-8.867000,9.051000,10.288000,8.714000,11.672000,752.000000,-3202.000000,106.000000,287.000000,468.000000,741.000000
68,1743685861060749,13.408200,-11.166500,11.441600,13.408200,11.053700,15.939600,10.346000,-8.867000,9.051000,10.288000,8.714000,11.672000,752.000000,-3202.000000,106.000000,287.000000,468.000000,741.000000
69,1743685861066203,13.811700,-11.454600,11.741600,13.811700,11.337000,16.558300,10.773000,-9.144000,9.352000,10.670000,8.956000,12.225000,839.000000,-2765.000000,-48.000000,427.000000,303.000000,748.000000
70,1743685861071643,14.215900,-11.742600,12.041500,14.215900,11.620300,17.189600,11.196000,-9.431000,9.618000,11.060000,9.319000,12.899000,612.000000,-2886.000000,251.000000,572.000000,372.000000,609.000000
71,1743685861076057,14.620300,-12.030700,12.341500,14.620300,11.903600,17.833300,11.520000,-9.695000,9.905000,11.435000,9.461000,13.198000,688.000000,-2987.000000,14.000000,474.000000,280.000000,854.000000
72,1743685861080476,15.024800,-12.318700,12.641500,15.024800,12.186900,18.489500,11.848000,-9.970000,10.176000,11.821000,9.857000,13.985000,818.000000,-3055.000000,191.000000,397.000000,309.000000,772.000000
73,1743685861085991,15.429300,-12.606800,12.941400,15.429300,12.470300,19.157900,12.138000,-10.174000,10.398000,12.108000,10.139000,14.591000,716.000000,-2993.000000,162.000000,339.000000,321.000000,758.000000
74,1743685861090485,15.833800,-12.894900,13.241400,15.833800,12.753600,19.838200,12.825000,-10.614000,10.862000,12.674000,10.432000,15.154000,642.000000,-3321.000000,278.000000,510.000000,350.000000,827.000000
75,1743685861096064,16.238300,-13.182900,13.541400,16.238300,13.036900,20.530001,13.216000,-10.891000,11.127000,13.099000,10.715000,15.770000,832.000000,-3126.000000,-12.000000,379.000000,325.000000,903.000000
75,1743685861100515,16.238300,-13.182900,13.541400,16.238300,13.036900,20.530001,13.592000,-11.173000,11.428000,13.514000,10.946000,16.318001,750.000000,-3323.000000,-36.000000,71.000000,352.000000,919.000000
77,1743685861106115,17.047300,-13.759100,14.141300,17.047300,13.603500,21.947100,13.941000,-11.447000,11.730000,13.914000,11.199000,16.941999,608.000000,-3331.000000,-23.000000,277.000000,372.000000,850.000000
77,1743685861110597,17.047300,-13.759100,14.141300,17.047300,13.603500,21.947100,14.352000,-11.688000,12.023000,14.290000,11.548000,17.860001,611.000000,-3056.000000,-136.000000,298.000000,160.000000,715.000000
78,1743685861116255,17.451799,-14.047100,14.441300,17.451799,13.886800,22.671700,14.757000,-11.972000,12.303000,14.661000,11.815000,18.455000,421.000000,-2927.000000,-151.000000,564.000000,362.000000,767.000000
79,1743685861120673,17.856300,-14.335200,14.741200,17.856300,14.170100,23.406700,15.242000,-12.361000,12.674000,15.161000,12.089000,19.127001,557.000000,-3292.000000,162.000000,500.000000,260.000000,744.000000
80,1743685861126217,18.260799,-14.623200,15.041200,18.260799,14.453500,24.151600,15.459000,-12.528000,12.845000,15.385000,12.340000,19.750000,712.000000,-3326.000000,-49.000000,316.000000,311.000000,897.000000
81,1743685861130660,18.665300,-14.911300,15.341200,18.665300,14.736800,24.906300,16.013000,-12.933000,13.231000,15.948000,12.648000,20.455999,797.000000,-3254.000000,233.000000,447.000000,248.000000,870.000000
82,1743685861136153,19.069799,-15.199400,15.641100,19.069799,15.020100,25.670300,16.136000,-13.046000,13.355000,16.106001,12.933000,21.118999,655.000000,-3033.000000,144.000000,446.000000,220.000000,685.000000
83,1743685861140541,19.474300,-15.487400,15.941100,19.474300,15.303400,26.443300,16.768999,-13.454000,13.829000,16.714001,13.200000,21.791000,596.000000,-2933.000000,-108.000000,257.000000,351.000000,953.000000
84,1743685861146056,19.878700,-15.775500,16.241100,19.878700,15.586700,27.225201,17.146000,-13.739000,14.124000,17.084999,13.454000,22.534000,659.000000,-2751.000000,297.000000,373.000000,371.000000,858.000000
85,1743685861150545,20.283199,-16.063499,16.541000,20.283199,15.870000,28.015400,17.524000,-14.024000,14.411000,17.455000,13.834000,23.499001,624.000000,-2947.000000,137.000000,503.000000,374.000000,918.000000
86,1743685861156107,20.687700,-16.351601,16.841000,20.687700,16.153299,28.813801,17.981001,-14.286000,14.684000,17.865999,13.996000,23.924000,692.000000,-3044.000000,217.000000,520.000000,361.000000,837.000000
87,1743685861160580,21.092199,-16.639700,17.141001,21.092199,16.436701,29.620001,18.403999,-14.556000,14.937000,18.259001,14.359000,24.872999,494.000000,-3002.000000,-87.000000,451.000000,302.000000,758.000000
88,1743685861166197,21.496700,-16.927700,17.440901,21.496700,16.719999,30.433701,18.893000,-14.837000,15.228000,18.641001,14.655000,25.639999,424.000000,-3292.000000,173.000000,387.000000,333.000000,788.000000
89,1743685861170676,21.901199,-17.215799,17.740900,21.901199,17.003300,31.254601,19.124001,-15.093000,15.519000,19.007000,14.955000,26.375999,770.000000,-3301.000000,18.000000,415.000000,286.000000,771.000000
90,1743685861176271,22.305700,-17.503901,18.040899,22.305700,17.286600,32.082298,19.496000,-15.375000,15.812000,19.408001,15.207000,27.125000,672.000000,-3042.000000,-129.000000,250.000000,337.000000,873.000000
91,1743685861180701,22.710199,-17.791901,18.340799,22.710199,17.569901,32.916698,20.054001,-15.781000,16.243999,19.919001,15.477000,27.909000,614.000000,-2845.000000,94.000000,365.000000,413.000000,889.000000
92,1743685861186206,23.114700,-18.080000,18.640800,23.114700,17.853201,33.757198,20.416000,-16.068001,16.514999,20.322001,15.788000,28.659000,533.000000,-3170.000000,15.000000,142.000000,258.000000,796.000000
93,1743685861190629,23.519199,-18.368000,18.940800,23.519199,18.136600,34.603802,20.773001,-16.353001,16.799999,20.731001,15.887000,29.223000,671.000000,-2719.000000,-79.000000,214.000000,402.000000,837.000000
94,1743685861196126,23.923700,-18.656099,19.240700,23.923700,18.419901,35.455898,21.062000,-16.577999,17.018999,21.030001,16.281000,30.326000,471.000000,-3127.000000,195.000000,591.000000,385.000000,673.000000
95,1743685861200549,24.328199,-18.944201,19.540701,24.328199,18.703199,36.313301,21.559999,-16.905001,17.361000,21.487000,16.615999,31.261999,609.000000,-3105.000000,-147.000000,768.000000,308.000000,836.000000
96,1743685861206149,24.732700,-19.232201,19.840700,24.732700,18.986500,37.175800,21.872999,-17.089001,17.589001,21.792000,16.848000,31.912001,632.000000,-3220.000000,285.000000,512.000000,452.000000,965.000000
97,1743685861210665,25.137199,-19.520300,20.140600,25.137199,19.269800,38.042900,22.322001,-17.429001,17.936001,22.277000,17.216000,32.863998,590.000000,-2865.000000,312.000000,555.000000,336.000000,928.000000
98,1743685861216206,25.541700,-19.808399,20.440599,25.541700,19.553101,38.914398,22.872999,-17.656000,18.171000,22.572001,17.458000,33.692001,602.000000,-2671.000000,284.000000,120.000000,341.000000,785.000000
99,1743685861220666,25.946199,-20.096399,20.740601,25.946199,19.836399,39.790001,23.188999,-18.054001,18.552999,23.084999,17.679001,34.252998,741.000000,-2633.000000,315.000000,444.000000,517.000000,955.000000
100,1743685861226295,26.350599,-20.384501,21.040501,26.350599,20.119801,40.669300,23.634001,-18.229000,18.733999,23.320999,17.976000,35.196999,464.000000,-2610.000000,64.000000,288.000000,328.000000,769.000000
101,1743685861230820,26.755100,-20.672501,21.340500,26.755100,20.403099,41.552101,23.634001,-18.229000,18.733999,23.320999,17.976000,35.196999,464.000000,-2610.000000,64.000000,288.000000,328.000000,769.000000
102,1743685861236325,27.159599,-20.960600,21.640499,27.159599,20.686399,42.438000,24.392000,-18.749001,19.296000,24.086000,18.485001,36.875000,631.000000,-3106.000000,-71.000000,460.000000,342.000000,867.000000
103,1743685861240743,27.564100,-21.248699,21.940399,27.564100,20.969700,43.326698,24.799999,-19.195000,19.754000,24.750000,18.683001,37.533001,634.000000,-3123.000000,216.000000,359.000000,457.000000,841.000000
104,1743685861246253,27.968599,-21.536699,22.240400,27.968599,21.253000,44.217899,24.799999,-19.195000,19.754000,24.750000,18.683001,37.533001,634.000000,-3123.000000,216.000000,359.000000,457.000000,841.000000
104,1743685861250677,27.968599,-21.536699,22.240400,27.968599,21.253000,44.217899,25.149000,-19.417999,19.997000,25.003000,19.101000,38.710999,566.000000,-3042.000000,248.000000,482.000000,375.000000,953.000000
105,1743685861256215,28.373100,-21.824800,22.540400,28.373100,21.536301,45.111301,25.690001,-19.805000,20.382999,25.573999,19.388000,39.462002,437.000000,-2604.000000,-68.000000,595.000000,387.000000,693.000000
106,1743685861260704,28.777599,-22.112801,22.840300,28.777599,21.819599,46.006500,25.881001,-19.969999,20.570000,25.756001,19.660000,40.330002,479.000000,-2453.000000,105.000000,230.000000,386.000000,893.000000
107,1743685861266304,29.182100,-22.400900,23.140301,29.182100,22.103001,46.903301,26.382000,-20.343000,20.993000,26.316999,19.933001,41.153000,693.000000,-2905.000000,292.000000,652.000000,311.000000,695.000000
108,1743685861270818,29.586599,-22.688999,23.440300,29.586599,22.386299,47.801399,26.790001,-20.613001,21.278999,26.716999,20.181000,41.973999,695.000000,-2810.000000,-129.000000,470.000000,327.000000,768.000000
109,1743685861276382,29.991100,-22.976999,23.740200,29.991100,22.669600,48.700401,27.250999,-20.945000,21.612000,27.170000,20.452000,42.845001,588.000000,-2776.000000,315.000000,407.000000,421.000000,821.000000
110,1743685861280865,30.395599,-23.265100,24.040199,30.395599,22.952900,49.600101,27.391001,-21.062000,21.732000,27.334999,20.777000,43.894001,647.000000,-2892.000000,286.000000,437.000000,391.000000,757.000000
111,1743685861285381,30.800100,-23.553200,24.340200,30.800100,23.236200,50.500000,27.987000,-21.507999,22.167000,27.934999,20.981001,44.456001,738.000000,-3023.000000,254.000000,305.000000,366.000000,809.000000
112,1743685861290872,31.204599,-23.841200,24.640100,31.204599,23.519501,51.400002,28.351000,-21.798000,22.457001,28.332001,21.329000,45.528000,460.000000,-2715.000000,272.000000,358.000000,320.000000,702.000000
113,1743685861296387,31.609100,-24.129299,24.940100,31.609100,23.802799,52.299999,28.813999,-22.084999,22.788000,28.732000,21.632000,46.332001,796.000000,-3061.000000,259.000000,419.000000,359.000000,774.000000
114,1743685861300790,32.013599,-24.417299,25.240101,32.013599,24.086201,53.200001,29.091000,-22.283001,22.971001,28.975000,21.993999,47.394001,557.000000,-3049.000000,201.000000,441.000000,256.000000,868.000000
115,1743685861306270,32.418098,-24.705400,25.540001,32.418098,24.369499,54.099998,29.531000,-22.615999,23.358000,29.495001,22.115999,47.861000,396.000000,-2700.000000,-224.000000,539.000000,276.000000,834.000000
116,1743685861310681,32.822498,-24.993500,25.840000,32.822498,24.652800,55.000000,30.000000,-22.983000,23.688999,29.987000,22.489000,49.136002,535.000000,-2802.000000,327.000000,712.000000,450.000000,776.000000
117,1743685861316155,33.227001,-25.281500,26.139999,33.227001,24.936100,55.900002,30.301001,-23.177999,23.885000,30.235001,22.799999,50.181000,590.000000,-2924.000000,206.000000,387.000000,322.000000,650.000000
118,1743685861320573,33.631500,-25.569599,26.439899,33.631500,25.219400,56.799999,30.774000,-23.483999,24.205000,30.667000,23.049000,51.037998,483.000000,-2738.000000,206.000000,402.000000,356.000000,791.000000
119,1743685861326089,34.035999,-25.857599,26.739901,34.035999,25.502701,57.700001,31.165001,-23.782000,24.506001,31.073999,23.351000,51.910999,648.000000,-2994.000000,206.000000,374.000000,441.000000,780.000000
120,1743685861330571,34.440498,-26.145700,27.039900,34.440498,25.785999,58.599998,31.521999,-24.020000,24.749001,31.398001,23.688999,52.875000,476.000000,-2775.000000,24.000000,378.000000,442.000000,702.000000
121,1743685861336149,34.845001,-26.433800,27.339800,34.845001,26.069401,59.500000,32.162998,-24.466000,25.223000,32.036999,23.881001,53.558998,423.000000,-2408.000000,250.000000,316.000000,455.000000,667.000000
122,1743685861340617,35.249500,-26.721800,27.639799,35.249500,26.352699,60.400002,32.488998,-24.695000,25.459999,32.342999,24.153999,54.334999,552.000000,-2462.000000,493.000000,349.000000,404.000000,857.000000
123,1743685861346195,35.653999,-27.009899,27.939800,35.653999,26.636000,61.299999,32.902000,-25.033001,25.804001,32.810001,24.417999,55.185001,507.000000,-2603.000000,28.000000,318.000000,408.000000,817.000000
124,1743685861350654,36.058498,-27.298000,28.239700,36.058498,26.919300,62.200001,33.186001,-25.228001,26.033001,33.123001,24.764999,56.395000,464.000000,-2709.000000,369.000000,591.000000,358.000000,840.000000
125,1743685861356257,36.463001,-27.586000,28.539700,36.463001,27.202600,63.099998,33.577999,-25.502001,26.326000,33.506001,25.020000,57.264000,482.000000,-2707.000000,-88.000000,468.000000,436.000000,736.000000
126,1743685861360681,36.867500,-27.874100,28.839701,36.867500,27.485901,64.000000,33.976002,-25.775999,26.610001,33.859001,25.346001,58.112999,607.000000,-3110.000000,247.000000,314.000000,586.000000,791.000000
127,1743685861366162,37.271999,-28.162100,29.139601,37.271999,27.769199,64.900002,34.522999,-26.152000,26.992001,34.410999,25.589001,58.995998,592.000000,-2544.000000,331.000000,696.000000,325.000000,848.000000
128,1743685861370554,37.676498,-28.450199,29.439600,37.676498,28.052601,65.800003,34.734001,-26.327000,27.173000,34.648998,25.858999,59.755001,691.000000,-2560.000000,86.000000,344.000000,458.000000,808.000000
129,1743685861376036,38.081001,-28.738300,29.739599,38.081001,28.335899,66.699997,35.235001,-26.725000,27.586000,35.023998,26.170000,60.643002,627.000000,-2523.000000,519.000000,603.000000,450.000000,640.000000
129,1743685861380461,38.081001,-28.738300,29.739599,38.081001,28.335899,66.699997,35.472000,-26.872000,27.768999,35.424999,26.510000,61.664001,602.000000,-2736.000000,422.000000,676.000000,440.000000,788.000000
130,1743685861385970,38.485500,-29.026300,30.039499,38.485500,28.619200,67.599998,36.080002,-27.261000,28.170000,35.825001,26.725000,62.352001,602.000000,-2616.000000,215.000000,617.000000,487.000000,716.000000
131,1743685861390417,38.889999,-29.314400,30.339500,38.889999,28.902500,68.500000,36.484001,-27.542000,28.461000,36.353001,26.957001,63.213001,390.000000,-2857.000000,-50.000000,454.000000,429.000000,791.000000
132,1743685861396004,39.294498,-29.602501,30.639500,39.294498,29.185801,69.400002,36.937000,-27.868999,28.816999,36.716999,27.174000,64.047997,357.000000,-2861.000000,244.000000,528.000000,365.000000,764.000000
133,1743685861400518,39.698898,-29.890499,30.939400,39.698898,29.469101,70.300003,37.261002,-28.094000,29.018999,37.098999,27.549999,65.241997,464.000000,-2546.000000,263.000000,661.000000,524.000000,830.000000
134,1743685861406137,40.103401,-30.178600,31.239401,40.103401,29.752399,71.199997,37.261002,-28.094000,29.018999,37.098999,27.549999,65.241997,464.000000,-2546.000000,263.000000,661.000000,524.000000,830.000000
135,1743685861410602,40.507900,-30.466600,31.539400,40.507900,30.035801,72.099998,38.027000,-28.631001,29.608000,37.882000,28.181999,66.954002,599.000000,-2498.000000,404.000000,415.000000,440.000000,824.000000
136,1743685861416203,40.912399,-30.754700,31.839300,40.912399,30.319099,73.000000,38.555000,-29.049999,30.031000,38.402000,28.471001,67.828003,405.000000,-2333.000000,394.000000,374.000000,320.000000,860.000000
137,1743685861420663,41.316898,-31.042801,32.139301,41.316898,30.602400,73.900002,38.555000,-29.049999,30.031000,38.402000,28.471001,67.828003,405.000000,-2333.000000,394.000000,374.000000,320.000000,860.000000
138,1743685861426291,41.721401,-31.330799,32.439301,41.721401,30.885700,74.800003,38.950001,-29.340000,30.313999,38.799000,28.726999,68.684998,566.000000,-2511.000000,-79.000000,470.000000,486.000000,770.000000
139,1743685861430887,42.125900,-31.618900,32.739201,42.125900,31.169001,75.699997,39.438000,-29.658001,30.650999,39.188999,28.976000,69.570000,315.000000,-2689.000000,291.000000,385.000000,304.000000,779.000000
140,1743685861436486,42.530399,-31.906900,33.039200,42.530399,31.452299,76.599998,39.759998,-29.886000,30.856001,39.582001,29.304001,70.667999,538.000000,-2885.000000,53.000000,473.000000,425.000000,749.000000
141,1743685861440969,42.934898,-32.195000,33.339199,42.934898,31.735701,77.500000,40.092999,-30.167999,31.150000,39.987999,29.587000,71.570999,425.000000,-2575.000000,352.000000,483.000000,374.000000,901.000000
142,1743685861446533,43.339401,-32.483101,33.639099,43.339401,32.019001,78.400002,40.451000,-30.422001,31.441000,40.381001,29.863001,72.424004,308.000000,-2471.000000,266.000000,514.000000,349.000000,694.000000
143,1743685861450978,43.743900,-32.771099,33.939098,43.743900,32.302299,79.300003,40.995998,-30.818001,31.867001,40.912998,30.136000,73.277000,418.000000,-2214.000000,366.000000,345.000000,544.000000,648.000000
144,1743685861456476,44.148399,-33.059200,34.239101,44.148399,32.585602,80.199997,41.396000,-31.110001,32.159000,41.292999,30.450001,74.165001,586.000000,-2375.000000,297.000000,471.000000,591.000000,807.000000
145,1743685861460871,44.552898,-33.347301,34.539101,44.552898,32.868900,81.099998,41.799999,-31.385000,32.417999,41.516998,30.726999,75.005997,515.000000,-2341.000000,339.000000,444.000000,325.000000,823.000000
146,1743685861466394,44.957401,-33.635300,34.839001,44.957401,33.152199,82.000000,42.144001,-31.658001,32.700001,42.049999,31.011000,75.779999,358.000000,-2294.000000,363.000000,501.000000,395.000000,704.000000
147,1743685861470902,45.361900,-33.923401,35.139000,45.361900,33.435501,82.900002,42.716000,-32.011002,33.113998,42.612999,31.311001,77.027000,306.000000,-2394.000000,195.000000,488.000000,323.000000,706.000000
148,1743685861476452,45.766399,-34.211399,35.438999,45.766399,33.718899,83.800003,42.963001,-32.182999,33.279999,42.827000,31.596001,77.871002,139.000000,-2481.000000,191.000000,381.000000,547.000000,607.000000
149,1743685861480911,46.170799,-34.499500,35.738899,46.170799,34.002201,84.699997,43.569000,-32.622002,33.702000,43.389000,31.797001,78.529999,446.000000,-2368.000000,503.000000,733.000000,647.000000,893.000000
150,1743685861486498,46.575298,-34.787601,36.038898,46.575298,34.285500,85.599998,43.980999,-32.938000,34.076000,43.807999,32.222000,79.778000,376.000000,-2475.000000,304.000000,578.000000,632.000000,812.000000
151,1743685861490964,46.979801,-35.075600,36.338902,46.979801,34.568802,86.500000,44.308998,-33.153999,34.299999,44.112000,32.349998,80.149002,447.000000,-2363.000000,96.000000,416.000000,464.000000,739.000000
152,1743685861496504,47.384300,-35.363701,36.638802,47.384300,34.852100,87.400002,44.741001,-33.466999,34.619999,44.590000,32.710999,81.348000,429.000000,-2543.000000,479.000000,531.000000,543.000000,835.000000
153,1743685861500915,47.788799,-35.651798,36.938801,47.788799,35.135399,88.300003,45.174000,-33.709999,34.866001,44.941002,32.987000,82.143997,397.000000,-2175.000000,183.000000,323.000000,458.000000,830.000000
154,1743685861506431,48.193298,-35.939800,37.238800,48.193298,35.418701,89.199997,45.366001,-33.902000,35.067001,45.208000,33.346001,83.456001,427.000000,-2452.000000,658.000000,609.000000,498.000000,891.000000
155,1743685861510821,48.597801,-36.227901,37.538700,48.597801,35.702099,90.099998,45.894001,-34.287998,35.483002,45.778000,33.692001,83.824997,1489.000000,-3214.000000,1141.000000,763.000000,805.000000,1117.000000
156,1743685861516300,49.002300,-36.515900,37.838699,49.002300,35.985401,91.000000,46.388000,-34.659000,35.889000,46.259998,33.891998,85.083000,853.000000,-2656.000000,396.000000,560.000000,654.000000,1142.000000
157,1743685861520676,49.406799,-36.804001,38.138699,49.406799,36.268700,91.900002,46.388000,-34.659000,35.889000,46.259998,33.891998,85.083000,853.000000,-2656.000000,396.000000,560.000000,654.000000,1142.000000
158,1743685861526238,49.811298,-37.092098,38.438599,49.811298,36.551998,92.800003,46.685001,-34.897999,36.103001,46.592999,34.313000,86.234001,399.000000,-2312.000000,-18.000000,449.000000,454.000000,813.000000
158,1743685861530714,49.811298,-37.092098,38.438599,49.811298,36.551998,92.800003,47.672001,-35.585999,36.824001,47.574001,34.769001,87.745003,4.000000,-2099.000000,377.000000,414.000000,591.000000,792.000000
160,1743685861536242,50.620300,-37.668201,39.038601,50.620300,37.118599,94.599998,47.672001,-35.585999,36.824001,47.574001,34.769001,87.745003,4.000000,-2099.000000,377.000000,414.000000,591.000000,792.000000
160,1743685861540716,50.620300,-37.668201,39.038601,50.620300,37.118599,94.599998,48.139000,-35.908001,36.966000,47.726002,35.133999,88.907997,339.000000,-2216.000000,335.000000,306.000000,386.000000,776.000000
161,1743685861546312,51.024799,-37.956200,39.338501,51.024799,37.401901,95.500000,48.441002,-36.153999,37.368000,48.317001,35.455002,90.004997,315.000000,-2213.000000,307.000000,718.000000,525.000000,788.000000
162,1743685861550818,51.429298,-38.244301,39.638500,51.429298,37.685299,96.400002,48.775002,-36.363998,37.617001,48.651001,35.730999,90.876999,274.000000,-2208.000000,234.000000,445.000000,496.000000,654.000000
163,1743685861556364,51.833801,-38.532398,39.938499,51.833801,37.968601,97.300003,49.250000,-36.714001,37.985001,49.125999,36.042999,91.806999,194.000000,-2302.000000,282.000000,480.000000,653.000000,705.000000
164,1743685861560766,52.238300,-38.820400,40.238400,52.238300,38.251900,98.199997,49.827999,-37.099998,38.408001,49.692001,36.326000,92.692001,276.000000,-1992.000000,228.000000,527.000000,462.000000,794.000000
165,1743685861566293,52.642700,-39.108501,40.538399,52.642700,38.535198,99.099998,50.229000,-37.396999,38.681999,50.091999,36.535999,93.383003,61.000000,-1727.000000,485.000000,360.000000,605.000000,591.000000
166,1743685861570709,53.047199,-39.396599,40.838402,53.047199,38.818501,100.000000,50.625999,-37.688000,38.976002,50.498001,36.974998,94.468002,228.000000,-2002.000000,650.000000,393.000000,440.000000,761.000000
167,1743685861576224,53.451698,-39.684601,41.138302,53.451698,39.101799,100.900002,50.999001,-37.985001,39.296001,50.869999,37.077999,95.070000,284.000000,-1631.000000,449.000000,229.000000,441.000000,666.000000
168,1743685861580681,53.856201,-39.972698,41.438301,53.856201,39.385101,101.800003,51.152000,-38.127998,39.416000,51.048000,37.488998,96.343002,246.000000,-2022.000000,550.000000,529.000000,382.000000,722.000000
169,1743685861586244,54.260700,-40.260700,41.738300,54.260700,39.668499,102.699997,51.744999,-38.518002,39.839001,51.631001,37.805000,97.374001,342.000000,-2111.000000,146.000000,470.000000,550.000000,851.000000
170,1743685861590727,54.665199,-40.548801,42.038200,54.665199,39.951801,103.599998,52.203999,-38.851002,40.192001,52.138000,38.011002,97.992996,349.000000,-2213.000000,417.000000,360.000000,427.000000,823.000000
171,1743685861596310,55.069698,-40.836899,42.338200,55.069698,40.235100,104.500000,52.653999,-39.132999,40.491001,52.535999,38.229000,98.816002,382.000000,-1895.000000,714.000000,446.000000,568.000000,737.000000
172,1743685861600768,55.474201,-41.124901,42.638199,55.474201,40.518398,105.400002,52.962002,-39.359001,40.730999,52.833000,38.693001,100.138000,398.000000,-1933.000000,502.000000,714.000000,410.000000,760.000000
173,1743685861606380,55.878700,-41.412998,42.938099,55.878700,40.801701,106.300003,53.443001,-39.695999,41.094002,53.279999,38.991001,101.126999,287.000000,-1819.000000,596.000000,541.000000,535.000000,859.000000
174,1743685861610825,56.283199,-41.701099,43.238098,56.283199,41.084999,107.199997,53.844002,-39.993000,41.418999,53.681000,39.292999,101.970001,412.000000,-2394.000000,197.000000,781.000000,586.000000,691.000000
175,1743685861616311,56.687698,-41.989101,43.538101,56.687698,41.368301,108.099998,54.297001,-40.334000,41.727001,54.191002,39.421001,102.348000,153.000000,-2153.000000,332.000000,623.000000,598.000000,756.000000
176,1743685861620701,57.092201,-42.277199,43.838001,57.092201,41.651699,109.000000,54.646000,-40.561001,41.978001,54.514999,39.854000,103.734001,186.000000,-2020.000000,233.000000,360.000000,473.000000,817.000000
177,1743685861626203,57.496700,-42.565201,44.138000,57.496700,41.935001,109.900002,55.210999,-40.837002,42.256001,54.902000,40.077999,104.577003,206.000000,-2026.000000,649.000000,308.000000,687.000000,794.000000
178,1743685861630658,57.901199,-42.853298,44.438000,57.901199,42.218300,110.800003,55.452999,-41.124001,42.557999,55.292000,40.425999,105.632004,183.000000,-2128.000000,280.000000,410.000000,717.000000,798.000000
179,1743685861636213,58.305698,-43.141399,44.737900,58.305698,42.501598,111.699997,56.000999,-41.418999,42.849998,55.699001,40.655998,106.294998,319.000000,-1927.000000,403.000000,386.000000,570.000000,776.000000
180,1743685861640669,58.710201,-43.429401,45.037899,58.710201,42.784901,112.599998,56.243000,-41.683998,43.165001,56.105000,40.990002,107.374001,427.000000,-1849.000000,596.000000,371.000000,613.000000,810.000000
181,1743685861646214,59.114601,-43.717499,45.337898,59.114601,43.068199,113.500000,56.785000,-42.084000,43.464001,56.509998,41.187000,108.053001,275.000000,-1736.000000,711.000000,595.000000,690.000000,794.000000
182,1743685861650657,59.519100,-44.005501,45.637798,59.519100,43.351601,114.400002,57.174000,-42.356998,43.865002,57.019001,41.469002,108.966003,129.000000,-1756.000000,244.000000,568.000000,502.000000,787.000000
183,1743685861656207,59.923599,-44.293598,45.937801,59.923599,43.634899,115.300003,57.659000,-42.681000,44.125000,57.390999,41.705002,109.851997,266.000000,-1880.000000,754.000000,805.000000,674.000000,766.000000
184,1743685861660651,60.328098,-44.581699,46.237801,60.328098,43.918201,116.199997,57.992001,-42.909000,44.428001,57.787998,42.105000,110.966003,277.000000,-1915.000000,441.000000,634.000000,601.000000,739.000000
185,1743685861666196,60.732601,-44.869701,46.537701,60.732601,44.201500,117.099998,58.403000,-43.255001,44.783001,58.305000,42.439999,112.070999,194.000000,-1912.000000,725.000000,624.000000,492.000000,872.000000
185,1743685861670592,60.732601,-44.869701,46.537701,60.732601,44.201500,117.099998,58.713001,-43.457001,45.026001,58.598999,42.742001,112.913002,404.000000,-1798.000000,709.000000,417.000000,717.000000,755.000000
187,1743685861676095,61.541599,-45.445900,47.137699,61.541599,44.768101,118.900002,58.713001,-43.457001,45.026001,58.598999,42.742001,112.913002,404.000000,-1798.000000,709.000000,417.000000,717.000000,755.000000
187,1743685861680461,61.541599,-45.445900,47.137699,61.541599,44.768101,118.900002,59.500000,-44.035000,45.612000,59.366001,43.300999,114.651001,281.000000,-1783.000000,460.000000,335.000000,572.000000,772.000000
188,1743685861685874,61.946098,-45.733898,47.437599,61.946098,45.051399,119.800003,59.500000,-44.035000,45.612000,59.366001,43.300999,114.651001,281.000000,-1783.000000,460.000000,335.000000,572.000000,772.000000
189,1743685861691335,62.350601,-46.021999,47.737598,62.350601,45.334801,120.699997,60.120998,-44.490002,46.042000,59.889000,43.514000,115.382004,296.000000,-1684.000000,501.000000,307.000000,512.000000,838.000000
190,1743685861695693,62.755100,-46.310001,48.037601,62.755100,45.618099,121.599998,60.810001,-44.960999,46.557999,60.683998,43.956001,116.799004,194.000000,-1853.000000,357.000000,409.000000,660.000000,779.000000
191,1743685861701156,63.159599,-46.598099,48.337502,63.159599,45.901402,122.500000,60.810001,-44.960999,46.557999,60.683998,43.956001,116.799004,194.000000,-1853.000000,357.000000,409.000000,660.000000,779.000000
192,1743685861705523,63.564098,-46.886200,48.637501,63.564098,46.184700,123.400002,61.224998,-45.249001,46.859001,61.095001,44.450001,118.306999,325.000000,-1976.000000,711.000000,624.000000,686.000000,609.000000
193,1743685861710935,63.968601,-47.174198,48.937500,63.968601,46.467999,124.300003,61.726002,-45.647999,47.258999,61.658001,44.631001,118.954002,77.000000,-1697.000000,410.000000,384.000000,539.000000,660.000000
194,1743685861715359,64.373100,-47.462299,49.237400,64.373100,46.751301,125.199997,62.174999,-45.762001,47.403000,61.826000,45.026001,120.144997,247.000000,-1586.000000,337.000000,789.000000,674.000000,688.000000
195,1743685861722458,64.777603,-47.750301,49.537399,64.777603,47.034599,126.099998,62.453999,-46.188999,47.830002,62.358002,45.147999,120.498001,267.000000,-1578.000000,654.000000,592.000000,579.000000,748.000000
196,1743685861725853,65.182098,-48.038399,49.837399,65.182098,47.318001,127.000000,62.943001,-46.512001,48.187000,62.859001,45.582001,121.834000,216.000000,-1516.000000,644.000000,630.000000,513.000000,675.000000
197,1743685861731375,65.586601,-48.326500,50.137299,65.586601,47.601299,127.900002,63.410000,-46.827000,48.384998,63.112999,45.847000,122.811996,175.000000,-1678.000000,359.000000,492.000000,475.000000,694.000000
198,1743685861735915,65.990997,-48.614498,50.437302,65.990997,47.884602,128.800003,63.608002,-46.972000,48.639000,63.508999,46.207001,123.843002,231.000000,-1541.000000,861.000000,422.000000,701.000000,770.000000
199,1743685861741466,66.395500,-48.902599,50.737301,66.395500,48.167900,129.699997,64.170998,-47.367001,49.066002,64.007004,46.520000,124.820999,236.000000,-1757.000000,759.000000,497.000000,499.000000,713.000000
200,1743685861745890,66.800003,-49.190701,51.037201,66.800003,48.451199,130.600006,64.484001,-47.587002,49.299000,64.329002,46.785000,125.691002,188.000000,-1733.000000,535.000000,415.000000,581.000000,675.000000
201,1743685861751404,67.204498,-49.478699,51.337200,67.204498,48.734501,131.500000,65.065002,-47.970001,49.713001,64.880997,47.013000,126.316002,179.000000,-1730.000000,538.000000,548.000000,514.000000,789.000000
202,1743685861755795,67.609001,-49.766800,51.637199,67.609001,49.017799,132.399994,65.481003,-48.316002,49.861000,65.137001,47.356998,127.382004,70.000000,-1601.000000,539.000000,385.000000,614.000000,716.000000
203,1743685861761300,68.013496,-50.054798,51.937099,68.013496,49.301201,133.300003,65.861000,-48.602001,50.271999,65.684998,47.557999,128.078995,233.000000,-1377.000000,765.000000,270.000000,520.000000,706.000000
204,1743685861765761,68.417999,-50.342899,52.237099,68.417999,49.584499,134.199997,66.171997,-48.805000,50.570000,66.069000,47.933998,129.302994,149.000000,-1399.000000,581.000000,489.000000,677.000000,696.000000
205,1743685861771349,68.822502,-50.631001,52.537102,68.822502,49.867802,135.100006,66.572998,-49.085999,50.854000,66.426003,48.230000,130.175003,174.000000,-1527.000000,499.000000,580.000000,679.000000,843.000000
206,1743685861775814,69.226997,-50.918999,52.837002,69.226997,50.151100,136.000000,67.140999,-49.479000,51.138000,66.820000,48.507999,131.024994,378.000000,-1667.000000,581.000000,613.000000,581.000000,653.000000
207,1743685861781395,69.631500,-51.207100,53.137001,69.631500,50.434399,136.899994,67.379997,-49.647999,51.405998,67.251999,48.757000,131.815994,138.000000,-1602.000000,781.000000,550.000000,663.000000,714.000000
208,1743685861785832,70.036003,-51.495201,53.437000,70.036003,50.717701,137.800003,67.896004,-49.918999,51.701000,67.637001,49.032001,132.705994,91.000000,-1281.000000,606.000000,491.000000,614.000000,804.000000
209,1743685861791373,70.440498,-51.783199,53.736900,70.440498,51.000999,138.699997,68.278000,-50.278000,52.112000,68.175003,49.307999,133.593002,213.000000,-1533.000000,829.000000,513.000000,508.000000,720.000000
210,1743685861795788,70.845001,-52.071301,54.036900,70.845001,51.284401,139.600006,68.671997,-50.571999,52.414001,68.554001,49.695999,134.798996,245.000000,-1486.000000,687.000000,493.000000,666.000000,662.000000
211,1743685861801293,71.249496,-52.359299,54.336899,71.249496,51.567699,140.500000,69.043999,-50.856998,52.702000,68.899002,49.985001,135.667999,34.000000,-1692.000000,487.000000,370.000000,528.000000,693.000000
212,1743685861805739,71.653999,-52.647400,54.636799,71.653999,51.851002,141.399994,69.426003,-51.126999,52.992001,69.288002,50.223999,136.205002,195.000000,-1521.000000,645.000000,438.000000,570.000000,745.000000
213,1743685861811321,72.058502,-52.935501,54.936798,72.058502,52.134300,142.300003,69.825996,-51.397999,53.249001,69.716003,50.483002,137.294006,92.000000,-1570.000000,592.000000,403.000000,799.000000,747.000000
213,1743685861815792,72.058502,-52.935501,54.936798,72.058502,52.134300,142.300003,70.370003,-51.792000,53.539001,70.115997,50.784000,138.227997,232.000000,-1502.000000,693.000000,346.000000,787.000000,756.000000
215,1743685861821395,72.867401,-53.511600,55.536701,72.867401,52.700901,144.100006,70.772003,-52.055000,53.948002,70.654999,51.067001,139.106995,109.000000,-1558.000000,792.000000,340.000000,452.000000,690.000000
215,1743685861825920,72.867401,-53.511600,55.536701,72.867401,52.700901,144.100006,70.772003,-52.055000,53.948002,70.654999,51.067001,139.106995,109.000000,-1558.000000,792.000000,340.000000,452.000000,690.000000
216,1743685861830428,73.271896,-53.799599,55.836700,73.271896,52.984200,145.000000,71.537003,-52.636002,54.547001,71.377998,51.601002,140.845993,82.000000,-1489.000000,802.000000,452.000000,687.000000,663.000000
217,1743685861836003,73.676399,-54.087700,56.136700,73.676399,53.267601,145.899994,71.537003,-52.636002,54.547001,71.377998,51.601002,140.845993,82.000000,-1489.000000,802.000000,452.000000,687.000000,663.000000
218,1743685861840471,74.080902,-54.375801,56.436600,74.080902,53.550900,146.800003,71.936996,-52.918999,54.846001,71.801003,51.962002,142.054001,167.000000,-1290.000000,698.000000,530.000000,719.000000,799.000000
219,1743685861845972,74.485397,-54.663799,56.736599,74.485397,53.834202,147.699997,72.349998,-53.196999,55.092999,72.199997,52.243999,142.828995,24.000000,-1472.000000,579.000000,581.000000,628.000000,676.000000
220,1743685861850461,74.889900,-54.951900,57.036598,74.889900,54.117500,148.600006,72.695999,-53.470001,55.373001,72.619003,52.535000,143.871002,-50.000000,-1324.000000,780.000000,513.000000,515.000000,691.000000
221,1743685861856038,75.294403,-55.240002,57.336498,75.294403,54.400799,149.500000,73.089996,-53.709999,55.667000,73.000000,52.758999,144.595993,69.000000,-1262.000000,917.000000,494.000000,688.000000,691.000000
222,1743685861860509,75.698898,-55.528000,57.636501,75.698898,54.684101,150.399994,73.475998,-53.987999,55.971001,73.357002,53.106998,145.487000,119.000000,-1451.000000,1027.000000,223.000000,793.000000,883.000000
223,1743685861866105,76.103401,-55.816101,57.936501,76.103401,54.967499,151.300003,73.969002,-54.327999,56.351002,73.836998,53.391998,146.531998,233.000000,-1348.000000,642.000000,496.000000,568.000000,850.000000
224,1743685861870726,76.507896,-56.104099,58.236401,76.507896,55.250801,152.199997,74.524002,-54.723999,56.714001,74.150002,53.665001,147.417007,199.000000,-1413.000000,530.000000,474.000000,509.000000,834.000000
225,1743685861876356,76.912399,-56.392200,58.536400,76.912399,55.534100,153.100006,74.915001,-55.007999,57.035999,74.785004,53.941002,148.190994,170.000000,-1402.000000,1022.000000,409.000000,645.000000,694.000000
226,1743685861880829,77.316902,-56.680302,58.836399,77.316902,55.817402,154.000000,75.110001,-55.154999,57.157001,74.973999,54.282001,149.257996,21.000000,-1348.000000,1002.000000,458.000000,659.000000,708.000000
227,1743685861886424,77.721397,-56.968300,59.136299,77.721397,56.100700,154.899994,75.691002,-55.543999,57.592999,75.495003,54.477001,149.985001,143.000000,-1361.000000,894.000000,428.000000,647.000000,768.000000
228,1743685861890998,78.125900,-57.256401,59.436298,78.125900,56.383999,155.800003,76.177002,-55.894001,57.910000,76.000000,54.816002,151.011993,45.000000,-1372.000000,557.000000,447.000000,563.000000,798.000000
229,1743685861895508,78.530403,-57.544498,59.736301,78.530403,56.667301,156.699997,76.529999,-56.188000,58.202000,76.392998,55.000000,151.647003,23.000000,-1539.000000,919.000000,199.000000,588.000000,740.000000
230,1743685861901108,78.934799,-57.832500,60.036201,78.934799,56.950699,157.600006,76.890999,-56.469002,58.487999,76.775002,55.349998,152.667007,41.000000,-1247.000000,947.000000,395.000000,691.000000,633.000000
231,1743685861905605,79.339302,-58.120602,60.336201,79.339302,57.234001,158.500000,77.192001,-56.657001,58.730000,77.103996,55.673000,153.723007,246.000000,-1223.000000,836.000000,607.000000,660.000000,647.000000
232,1743685861911243,79.743797,-58.408600,60.636200,79.743797,57.517300,159.399994,77.588997,-56.929001,59.021999,77.486000,56.022999,154.791000,10.000000,-1140.000000,969.000000,213.000000,704.000000,722.000000
233,1743685861915759,80.148300,-58.696701,60.936100,80.148300,57.800598,160.300003,78.137001,-57.366001,59.306999,77.882004,56.254002,155.483002,156.000000,-1165.000000,854.000000,316.000000,610.000000,860.000000
234,1743685861921383,80.552803,-58.984798,61.236099,80.552803,58.083900,161.199997,78.365997,-57.512001,59.603001,78.279999,56.516998,156.367004,111.000000,-1197.000000,966.000000,234.000000,523.000000,822.000000
235,1743685861925854,80.957298,-59.272800,61.536098,80.957298,58.367199,162.100006,78.908997,-57.905998,60.009998,78.842003,56.785999,157.225006,-39.000000,-1016.000000,610.000000,455.000000,693.000000,635.000000
236,1743685861931460,81.361801,-59.560902,61.835999,81.361801,58.650501,163.000000,79.153000,-58.069000,60.185001,79.035004,57.105000,158.382996,86.000000,-1275.000000,828.000000,463.000000,607.000000,758.000000
237,1743685861936006,81.766296,-59.848900,62.136002,81.766296,58.933899,163.899994,79.693001,-58.458000,60.577999,79.593002,57.233002,158.742004,184.000000,-1403.000000,960.000000,318.000000,730.000000,836.000000
238,1743685861940534,82.170799,-60.137001,62.436001,82.170799,59.217201,164.800003,79.957001,-58.683998,60.817001,79.884003,57.700001,160.115997,-68.000000,-1390.000000,724.000000,525.000000,576.000000,848.000000
239,1743685861946156,82.575302,-60.425098,62.735901,82.575302,59.500500,165.699997,80.411003,-59.019001,61.175999,80.369003,57.977001,161.009995,73.000000,-972.000000,827.000000,582.000000,630.000000,676.000000
240,1743685861950657,82.979797,-60.713100,63.035900,82.979797,59.783798,166.600006,80.992996,-59.363998,61.571999,80.903000,58.261002,161.856995,164.000000,-1170.000000,941.000000,221.000000,618.000000,719.000000
241,1743685861956236,83.384300,-61.001202,63.335899,83.384300,60.067101,167.500000,81.341003,-59.592999,61.805000,81.255997,58.485001,162.580994,131.000000,-1309.000000,963.000000,518.000000,899.000000,674.000000
241,1743685861960773,83.384300,-61.001202,63.335899,83.384300,60.067101,167.500000,81.746002,-59.886002,62.104000,81.611000,58.881001,163.852005,-82.000000,-1407.000000,1004.000000,521.000000,658.000000,738.000000
243,1743685861966385,84.193298,-61.577301,63.935799,84.193298,60.633701,169.300003,82.213997,-60.233002,62.424999,82.052002,59.026001,164.248001,48.000000,-1095.000000,566.000000,589.000000,435.000000,734.000000
243,1743685861970940,84.193298,-61.577301,63.935799,84.193298,60.633701,169.300003,82.213997,-60.233002,62.424999,82.052002,59.026001,164.248001,48.000000,-1095.000000,566.000000,589.000000,435.000000,734.000000
244,1743685861975432,84.597801,-61.865398,64.235802,84.597801,60.917099,170.199997,82.482002,-60.452999,62.655998,82.346001,59.439999,165.639999,-67.000000,-1192.000000,1082.000000,346.000000,684.000000,674.000000
245,1743685861981036,85.002296,-62.153400,64.535698,85.002296,61.200401,171.100006,82.976997,-60.778999,63.001999,82.856003,59.716999,166.524994,-9.000000,-1085.000000,1006.000000,712.000000,824.000000,827.000000
246,1743685861985489,85.406700,-62.441502,64.835701,85.406700,61.483700,172.000000,83.306999,-60.974998,63.224998,83.220001,60.026001,167.445999,125.000000,-1185.000000,895.000000,252.000000,534.000000,751.000000
247,1743685861990977,85.811203,-62.729599,65.135696,85.811203,61.766998,172.899994,83.839996,-61.388000,63.616001,83.733002,60.247002,168.151993,39.000000,-1070.000000,1007.000000,281.000000,565.000000,806.000000
248,1743685861995412,86.215698,-63.017601,65.435600,86.215698,62.050301,173.800003,84.218002,-61.668999,63.873001,84.108002,60.625000,169.367004,-184.000000,-1133.000000,909.000000,199.000000,728.000000,661.000000
249,1743685862000992,86.620201,-63.305698,65.735603,86.620201,62.333599,174.699997,84.693001,-61.990002,64.226997,84.563004,60.758999,169.820999,59.000000,-1040.000000,1184.000000,337.000000,819.000000,715.000000
250,1743685862005500,87.024696,-63.593700,66.035599,87.024696,62.616901,175.600006,84.964996,-62.215000,64.480003,84.893997,61.214001,171.190002,47.000000,-1198.000000,918.000000,495.000000,594.000000,875.000000
251,1743685862011026,87.429199,-63.881802,66.335503,87.429199,62.900299,176.500000,85.429001,-62.563999,64.837997,85.362999,61.313999,171.537003,44.000000,-961.000000,1006.000000,276.000000,593.000000,701.000000
252,1743685862015504,87.833702,-64.169899,66.635498,87.833702,63.183601,177.399994,85.741997,-62.770000,65.065002,85.667000,61.743000,172.944000,117.000000,-997.000000,917.000000,441.000000,726.000000,776.000000
253,1743685862021097,88.238197,-64.457901,66.935501,88.238197,63.466900,178.300003,86.307999,-63.159000,65.459999,86.189003,61.966999,173.662994,69.000000,-790.000000,898.000000,350.000000,615.000000,739.000000
254,1743685862025586,88.642700,-64.746002,67.235397,88.642700,63.750198,179.199997,86.726997,-63.431999,65.718002,86.591003,62.231998,174.524002,-177.000000,-1241.000000,1030.000000,539.000000,652.000000,715.000000
255,1743685862031139,89.047203,-65.034103,67.535400,89.047203,64.033501,180.100006,87.117996,-63.720001,66.014999,86.970001,62.520000,175.307999,-185.000000,-1069.000000,1181.000000,402.000000,542.000000,685.000000
256,1743685862035605,89.451698,-65.322098,67.835403,89.451698,64.316803,181.000000,87.458000,-64.014000,66.316002,87.362999,62.900002,176.552994,41.000000,-1155.000000,1036.000000,467.000000,523.000000,801.000000
257,1743685862041087,89.856201,-65.610199,68.135300,89.856201,64.600098,181.899994,87.931000,-64.318001,66.661003,87.831001,63.062000,177.072998,150.000000,-899.000000,1072.000000,536.000000,682.000000,714.000000
258,1743685862045529,90.260696,-65.898201,68.435303,90.260696,64.883499,182.800003,88.261002,-64.526001,66.890999,88.161003,63.431999,178.313004,48.000000,-986.000000,868.000000,151.000000,631.000000,691.000000
259,1743685862051055,90.665199,-66.186302,68.735298,90.665199,65.166801,183.699997,88.669998,-64.800003,67.168999,88.525002,63.687000,179.171005,-39.000000,-1001.000000,972.000000,312.000000,549.000000,668.000000
260,1743685862055536,91.069702,-66.474403,69.035202,91.069702,65.450104,184.600006,89.214996,-65.186996,67.530998,89.066002,63.937000,180.037994,52.000000,-1058.000000,1231.000000,257.000000,544.000000,787.000000
261,1743685862061122,91.474197,-66.762398,69.335197,91.474197,65.733398,185.500000,89.587997,-65.473000,67.843002,89.483002,64.214996,180.850998,-39.000000,-1119.000000,1234.000000,324.000000,700.000000,780.000000
262,1743685862065648,91.878700,-67.050499,69.635201,91.878700,66.016701,186.399994,89.939003,-65.747002,68.149002,89.861000,64.624001,182.031998,81.000000,-990.000000,1107.000000,230.000000,706.000000,854.000000
263,1743685862071288,92.283096,-67.338600,69.935204,92.283096,66.300003,187.300003,90.334999,-65.992996,68.443001,90.242996,64.800003,182.574005,-38.000000,-899.000000,1038.000000,517.000000,621.000000,808.000000
264,1743685862075774,92.687599,-67.626602,70.235100,92.687599,66.583298,188.199997,90.718002,-66.276001,68.730003,90.638000,65.196999,183.794006,-237.000000,-923.000000,1070.000000,479.000000,516.000000,640.000000
265,1743685862081418,93.092102,-67.914703,70.535103,93.092102,66.866699,189.100006,91.083000,-66.567001,68.998001,90.983002,65.375999,184.309998,-41.000000,-1062.000000,925.000000,423.000000,617.000000,671.000000
266,1743685862085839,93.496597,-68.202698,70.835098,93.496597,67.150002,190.000000,91.539001,-66.897003,69.301003,91.428001,65.684998,185.378998,66.000000,-1147.000000,1297.000000,390.000000,507.000000,818.000000
267,1743685862091400,93.901100,-68.490799,71.135002,93.901100,67.433296,190.899994,91.956001,-67.162003,69.635002,91.896004,65.879997,186.057007,102.000000,-1034.000000,1174.000000,466.000000,727.000000,908.000000
268,1743685862095864,94.305603,-68.778900,71.434998,94.305603,67.716599,191.800003,92.363998,-67.433998,69.930000,92.253998,66.332001,187.132004,52.000000,-1184.000000,1013.000000,189.000000,717.000000,808.000000
269,1743685862101461,94.710098,-69.066902,71.735001,94.710098,67.999901,192.699997,92.746002,-67.717003,70.237000,92.665001,66.611000,188.328003,66.000000,-1106.000000,1123.000000,257.000000,374.000000,727.000000
270,1743685862105931,95.114601,-69.355003,72.034897,95.114601,68.283203,193.600006,93.057999,-67.954002,70.448997,92.974998,66.801003,188.949005,-33.000000,-853.000000,1405.000000,306.000000,558.000000,787.000000
271,1743685862111486,95.519096,-69.642998,72.334900,95.519096,68.566597,194.500000,93.611000,-68.339996,70.867996,93.484001,67.082001,189.865005,-19.000000,-892.000000,1234.000000,320.000000,779.000000,808.000000
271,1743685862115998,95.519096,-69.642998,72.334900,95.519096,68.566597,194.500000,94.044998,-68.504997,71.044998,93.737999,67.435997,190.895004,-85.000000,-999.000000,1404.000000,524.000000,644.000000,808.000000
272,1743685862120463,95.923599,-69.931099,72.634903,95.923599,68.849899,195.399994,94.044998,-68.504997,71.044998,93.737999,67.435997,190.895004,-85.000000,-999.000000,1404.000000,524.000000,644.000000,808.000000
273,1743685862126016,96.328102,-70.219200,72.934799,96.328102,69.133202,196.300003,94.792000,-69.049004,71.601997,94.500999,67.955002,192.673996,-140.000000,-1196.000000,1075.000000,101.000000,684.000000,684.000000
274,1743685862130465,96.732597,-70.507202,73.234802,96.732597,69.416496,197.199997,95.198997,-69.502998,72.066002,95.152000,68.208000,193.501999,192.000000,-944.000000,1536.000000,513.000000,695.000000,848.000000
275,1743685862135938,97.137100,-70.795303,73.534798,97.137100,69.699799,198.100006,95.198997,-69.502998,72.066002,95.152000,68.208000,193.501999,192.000000,-944.000000,1536.000000,513.000000,695.000000,848.000000
276,1743685862141354,97.541603,-71.083397,73.834702,97.541603,69.983101,199.000000,96.030998,-70.055000,72.622002,95.945000,68.708000,195.024994,-13.000000,-922.000000,1405.000000,235.000000,777.000000,791.000000
277,1743685862145761,97.946098,-71.371399,74.134697,97.946098,70.266403,199.899994,96.030998,-70.055000,72.622002,95.945000,68.708000,195.024994,-13.000000,-922.000000,1405.000000,235.000000,777.000000,791.000000
278,1743685862151269,98.350601,-71.659500,74.434700,98.350601,70.549797,200.800003,96.431000,-70.389000,72.964996,96.369003,69.083000,196.166000,-52.000000,-923.000000,1286.000000,378.000000,436.000000,777.000000
279,1743685862155664,98.754997,-71.947502,74.734596,98.754997,70.833099,201.699997,96.859001,-70.691002,73.315002,96.620003,69.379997,197.223007,-95.000000,-808.000000,1382.000000,129.000000,476.000000,682.000000
280,1743685862161179,99.159500,-72.235603,75.034599,99.159500,71.116402,202.600006,97.024002,-70.796997,73.431999,96.985001,69.667999,197.994003,-74.000000,-619.000000,1180.000000,353.000000,706.000000,796.000000
281,1743685862165615,99.564003,-72.523697,75.334602,99.564003,71.399696,203.500000,97.649002,-71.188004,73.853996,97.602997,69.946999,198.889999,-232.000000,-1069.000000,1191.000000,200.000000,735.000000,746.000000
282,1743685862171160,99.968498,-72.811699,75.634499,99.968498,71.682999,204.399994,97.884003,-71.390999,74.019997,97.818001,70.289001,200.011002,-290.000000,-962.000000,1141.000000,511.000000,527.000000,836.000000
283,1743685862175561,100.373001,-73.099800,75.934502,100.373001,71.966301,205.300003,98.411003,-71.814003,74.447998,98.376999,70.551003,201.005005,-30.000000,-954.000000,1482.000000,451.000000,535.000000,594.000000
284,1743685862181103,100.778000,-73.387901,76.234497,100.778000,72.249603,206.199997,98.726997,-72.009003,74.681999,98.680000,70.801003,201.688004,-10.000000,-901.000000,1378.000000,495.000000,751.000000,670.000000
285,1743685862185544,101.181999,-73.675903,76.534401,101.181999,72.532997,207.100006,99.227997,-72.329002,75.031998,99.150002,71.150002,202.757996,-2.000000,-787.000000,1585.000000,464.000000,492.000000,765.000000
286,1743685862191057,101.586998,-73.963997,76.834396,101.586998,72.816299,208.000000,99.552002,-72.558998,75.281998,99.445999,71.441002,203.729004,3.000000,-993.000000,1250.000000,231.000000,476.000000,680.000000
287,1743685862195535,101.990997,-74.251999,77.134399,101.990997,73.099602,208.899994,100.004997,-72.904999,75.627998,99.922997,71.577003,204.057007,27.000000,-953.000000,1294.000000,183.000000,459.000000,822.000000
288,1743685862201147,102.394997,-74.540100,77.434303,102.394997,73.382896,209.800003,100.438004,-73.208000,75.901001,100.347000,71.992996,205.389999,-293.000000,-638.000000,998.000000,10.000000,526.000000,653.000000
289,1743685862205590,102.800003,-74.828201,77.734299,102.800003,73.666199,210.699997,100.813004,-73.471001,76.188004,100.758003,72.257004,206.244003,-165.000000,-601.000000,1583.000000,165.000000,595.000000,732.000000
290,1743685862211182,103.204002,-75.116203,78.034302,103.204002,73.949501,211.600006,101.227997,-73.711998,76.470001,101.128998,72.587997,207.113998,-245.000000,-1135.000000,1304.000000,118.000000,551.000000,792.000000
291,1743685862215567,103.609001,-75.404297,78.334198,103.609001,74.232803,212.500000,101.754997,-74.119003,76.883003,101.689003,72.789001,207.987000,-210.000000,-1131.000000,1412.000000,116.000000,463.000000,783.000000
292,1743685862221072,104.013000,-75.692299,78.634201,104.013000,74.516197,213.399994,102.005997,-74.325996,77.067001,101.921997,73.102997,208.966003,-76.000000,-916.000000,1534.000000,454.000000,562.000000,755.000000
293,1743685862226563,104.417999,-75.980400,78.934196,104.417999,74.799500,214.300003,102.459000,-74.653999,77.418999,102.362999,73.294998,209.584000,253.000000,-773.000000,1719.000000,507.000000,724.000000,859.000000
294,1743685862230957,104.821999,-76.268501,79.234100,104.821999,75.082802,215.199997,102.740997,-74.844002,77.652000,102.644997,73.724998,210.888000,5.000000,-856.000000,1862.000000,348.000000,669.000000,722.000000
295,1743685862236468,105.226997,-76.556503,79.534103,105.226997,75.366096,216.100006,103.334000,-75.269997,78.058998,103.227997,73.862000,211.246994,-133.000000,-806.000000,1207.000000,490.000000,500.000000,613.000000
296,1743685862240884,105.630997,-76.844597,79.834099,105.630997,75.649399,217.000000,103.480003,-75.386002,78.203003,103.384003,74.250999,212.548996,-42.000000,-885.000000,1198.000000,78.000000,613.000000,754.000000
297,1743685862246478,106.036003,-77.132698,80.134003,106.036003,75.932701,217.899994,104.096001,-75.865997,78.679001,104.069000,74.429001,213.156006,-137.000000,-798.000000,1461.000000,381.000000,729.000000,793.000000
298,1743685862250951,106.440002,-77.420700,80.433998,106.440002,76.216003,218.800003,104.508003,-76.102997,78.974998,104.469002,74.733002,214.229996,-76.000000,-1020.000000,1426.000000,399.000000,682.000000,738.000000
298,1743685862255452,106.440002,-77.420700,80.433998,106.440002,76.216003,218.800003,104.872002,-76.338997,79.239998,104.796997,74.932999,214.914001,-76.000000,-1033.000000,1261.000000,5.000000,568.000000,787.000000
299,1743685862261103,106.845001,-77.708801,80.734001,106.845001,76.499397,219.699997,105.331001,-76.690002,79.600998,105.241997,75.292000,215.957993,-352.000000,-1017.000000,1497.000000,181.000000,656.000000,745.000000
300,1743685862265634,107.249001,-77.996803,81.033897,107.249001,76.782700,220.600006,105.727997,-76.983002,79.889000,105.616997,75.596001,216.931000,-33.000000,-515.000000,1526.000000,45.000000,450.000000,660.000000
301,1743685862271270,107.653999,-78.284897,81.333900,107.653999,77.066002,221.500000,106.139999,-77.262001,80.148003,106.035004,76.014000,218.147995,-26.000000,-732.000000,1645.000000,70.000000,710.000000,797.000000
302,1743685862275702,108.057999,-78.572998,81.633904,108.057999,77.349297,222.399994,106.516998,-77.530998,80.414001,106.462997,76.154999,218.595993,-158.000000,-656.000000,1414.000000,309.000000,656.000000,827.000000
303,1743685862281216,108.462997,-78.861000,81.933800,108.462997,77.632599,223.300003,106.914001,-77.817001,80.690002,106.846001,76.557999,219.822006,-119.000000,-1054.000000,1557.000000,417.000000,709.000000,823.000000
304,1743685862285759,108.866997,-79.149101,82.233803,108.866997,77.915901,224.199997,107.268997,-78.081001,80.999001,107.203003,76.830002,220.690994,-126.000000,-913.000000,1873.000000,383.000000,545.000000,779.000000
305,1743685862291364,109.272003,-79.437202,82.533798,109.272003,78.199203,225.100006,107.646004,-78.363998,81.304001,107.556000,77.137001,221.705994,-174.000000,-715.000000,1529.000000,396.000000,505.000000,696.000000
306,1743685862295826,109.676003,-79.725197,82.833702,109.676003,78.482597,226.000000,107.646004,-78.363998,81.304001,107.556000,77.137001,221.705994,-174.000000,-715.000000,1529.000000,396.000000,505.000000,696.000000
307,1743685862301408,110.081001,-80.013298,83.133698,110.081001,78.765900,226.899994,108.639000,-79.001999,81.971001,108.512001,77.597000,223.341003,-264.000000,-827.000000,1685.000000,230.000000,608.000000,682.000000
308,1743685862305861,110.485001,-80.301300,83.433701,110.485001,79.049202,227.800003,108.639000,-79.001999,81.971001,108.512001,77.597000,223.341003,-264.000000,-827.000000,1685.000000,230.000000,608.000000,682.000000
309,1743685862311449,110.889999,-80.589401,83.733597,110.889999,79.332497,228.699997,108.969002,-79.294998,82.268997,108.918999,77.875000,224.074005,-107.000000,-1119.000000,1679.000000,126.000000,551.000000,797.000000
310,1743685862315920,111.293999,-80.877502,84.033600,111.293999,79.615799,229.600006,109.334999,-79.553001,82.556000,109.293999,78.274002,225.337006,13.000000,-747.000000,1329.000000,5.000000,545.000000,815.000000
311,1743685862321416,111.698997,-81.165497,84.333603,111.698997,79.899101,230.500000,109.723000,-79.821999,82.837997,109.670998,78.538002,226.186996,-112.000000,-809.000000,1518.000000,91.000000,646.000000,689.000000
312,1743685862325792,112.102997,-81.453598,84.633499,112.102997,80.182503,231.399994,110.273003,-80.194000,83.117996,110.005997,78.814003,227.039993,-27.000000,-871.000000,1392.000000,88.000000,669.000000,694.000000
313,1743685862331333,112.508003,-81.741600,84.933502,112.508003,80.465797,232.300003,110.504997,-80.369003,83.413002,110.414001,79.085999,227.912003,-165.000000,-907.000000,1603.000000,354.000000,453.000000,610.000000
314,1743685862335857,112.912003,-82.029701,85.233498,112.912003,80.749100,233.199997,111.019997,-80.787003,83.803001,110.974998,79.315002,228.690994,-119.000000,-768.000000,1754.000000,112.000000,437.000000,710.000000
315,1743685862341463,113.317001,-82.317802,85.533401,113.317001,81.032402,234.100006,111.386002,-81.055000,84.089996,111.366997,79.560997,229.552994,-19.000000,-512.000000,1852.000000,375.000000,474.000000,873.000000
316,1743685862345977,113.721001,-82.605797,85.833397,113.721001,81.315697,235.000000,111.814003,-81.285004,84.378998,111.763000,79.987999,230.761993,-212.000000,-608.000000,1831.000000,337.000000,487.000000,688.000000
317,1743685862351604,114.125999,-82.893898,86.133400,114.125999,81.598999,235.899994,112.225998,-81.557999,84.675003,112.138000,80.155998,231.324997,-210.000000,-762.000000,1571.000000,509.000000,303.000000,639.000000
318,1743685862356117,114.529999,-83.181999,86.433296,114.529999,81.882301,236.800003,112.589996,-81.837997,84.966003,112.488998,80.575996,232.494995,-19.000000,-1087.000000,1405.000000,171.000000,496.000000,613.000000
319,1743685862360634,114.934998,-83.470001,86.733299,114.934998,82.165703,237.699997,112.983002,-82.121002,85.239998,112.883003,80.829002,233.384995,-176.000000,-776.000000,1704.000000,44.000000,316.000000,909.000000
320,1743685862366200,115.338997,-83.758102,87.033302,115.338997,82.448997,238.600006,113.380997,-82.389999,85.500999,113.292000,81.077003,234.158005,-135.000000,-510.000000,1934.000000,-51.000000,646.000000,802.000000
321,1743685862370671,115.744003,-84.046097,87.333199,115.744003,82.732300,239.500000,113.778999,-82.658997,85.796997,113.660004,81.323997,235.037003,-177.000000,-908.000000,1851.000000,80.000000,508.000000,815.000000
322,1743685862376283,116.148003,-84.334198,87.633202,116.148003,83.015602,240.399994,114.275002,-83.042000,86.205002,114.185997,81.602997,235.906006,-25.000000,-892.000000,1714.000000,141.000000,554.000000,738.000000
323,1743685862380770,116.553001,-84.622299,87.933197,116.553001,83.298897,241.300003,114.646004,-83.337997,86.495003,114.568001,81.852997,236.792007,-1.000000,-957.000000,1409.000000,16.000000,387.000000,707.000000
324,1743685862386454,116.957001,-84.910301,88.233101,116.957001,83.582199,242.199997,115.043999,-83.607002,86.780998,114.941002,82.255997,238.016006,-27.000000,-669.000000,1669.000000,233.000000,725.000000,828.000000
325,1743685862391011,117.362000,-85.198402,88.533096,117.362000,83.865501,243.100006,115.473999,-83.860001,87.056999,115.348000,82.549004,238.893997,-170.000000,-776.000000,1586.000000,373.000000,367.000000,645.000000
325,1743685862395455,117.362000,-85.198402,88.533096,117.362000,83.865501,243.100006,115.866997,-84.136002,87.311996,115.730003,82.809998,239.647003,-39.000000,-872.000000,1779.000000,518.000000,653.000000,704.000000
326,1743685862400912,117.765999,-85.486397,88.833099,117.765999,84.148903,244.000000,116.177002,-84.442001,87.612999,116.098000,83.058998,240.541000,-214.000000,-928.000000,1745.000000,257.000000,455.000000,819.000000
328,1743685862406398,118.574997,-86.062599,89.432999,118.574997,84.715500,245.800003,116.540001,-84.704002,87.918999,116.494003,83.392998,241.589996,-37.000000,-754.000000,2043.000000,370.000000,782.000000,671.000000
328,1743685862410840,118.574997,-86.062599,89.432999,118.574997,84.715500,245.800003,116.939003,-84.968002,88.209999,116.894997,83.610001,242.285004,0.000000,-697.000000,1831.000000,-33.000000,391.000000,705.000000
329,1743685862416313,118.980003,-86.350601,89.733002,118.980003,84.998802,246.699997,117.346001,-85.233002,88.511002,117.269997,83.945000,243.354996,-105.000000,-633.000000,1724.000000,232.000000,446.000000,727.000000
330,1743685862420700,119.384003,-86.638702,90.032898,119.384003,85.282097,247.600006,117.820999,-85.565002,88.850998,117.763000,84.193001,244.190002,-13.000000,-912.000000,1800.000000,5.000000,522.000000,765.000000
331,1743685862426171,119.789001,-86.926804,90.332901,119.789001,85.565399,248.500000,118.166000,-85.835999,89.113998,118.153000,84.472000,245.009995,216.000000,-793.000000,2027.000000,214.000000,654.000000,691.000000
332,1743685862430662,120.193001,-87.214798,90.632896,120.193001,85.848701,249.399994,118.570999,-86.112999,89.403000,118.500999,84.755997,245.871002,-160.000000,-679.000000,1778.000000,177.000000,514.000000,730.000000
333,1743685862436269,120.598000,-87.502899,90.932800,120.598000,86.132103,250.300003,119.167000,-86.487999,89.814003,119.002998,85.080002,246.742996,-367.000000,-906.000000,1652.000000,60.000000,656.000000,686.000000
334,1743685862440727,121.001999,-87.790901,91.232803,121.001999,86.415398,251.199997,119.560997,-86.774002,90.082001,119.403999,85.274002,247.630005,-298.000000,-880.000000,1583.000000,281.000000,220.000000,708.000000
335,1743685862445506,121.406998,-88.079002,91.532799,121.406998,86.698700,252.100006,119.780998,-86.952003,90.266998,119.652000,85.610001,248.675995,-257.000000,-947.000000,1694.000000,219.000000,646.000000,683.000000
336,1743685862451069,121.810997,-88.367104,91.832703,121.810997,86.982002,253.000000,120.365997,-87.351997,90.719002,120.080002,85.795998,249.389999,-10.000000,-723.000000,1847.000000,23.000000,566.000000,835.000000
337,1743685862455575,122.216003,-88.655098,92.132698,122.216003,87.265297,253.899994,120.365997,-87.351997,90.719002,120.080002,85.795998,249.389999,-10.000000,-723.000000,1847.000000,23.000000,566.000000,835.000000
338,1743685862461223,122.620003,-88.943199,92.432701,122.620003,87.548599,254.800003,120.660004,-87.558998,90.905998,120.535004,86.195999,250.488998,-70.000000,-632.000000,1964.000000,132.000000,584.000000,704.000000
339,1743685862465747,123.025002,-89.231300,92.732597,123.025002,87.831902,255.699997,121.149002,-87.852997,91.263000,120.980003,86.352997,251.141006,79.000000,-887.000000,2256.000000,305.000000,414.000000,730.000000
340,1743685862471341,123.429001,-89.519302,93.032600,123.429001,88.115303,256.600006,121.411003,-88.058998,91.468002,121.242996,86.740997,252.085007,-92.000000,-947.000000,1525.000000,20.000000,618.000000,772.000000
341,1743685862475762,123.834000,-89.807404,93.332603,123.834000,88.398598,257.500000,121.957001,-88.503998,91.884003,121.820000,86.964996,253.052994,115.000000,-903.000000,1732.000000,69.000000,539.000000,811.000000
342,1743685862481352,124.237999,-90.095398,93.632500,124.237999,88.681900,258.399994,122.436996,-88.823997,92.028999,122.073997,87.313004,254.126999,-4.000000,-823.000000,1886.000000,45.000000,657.000000,729.000000
343,1743685862485798,124.642998,-90.383499,93.932503,124.642998,88.965202,259.299988,122.722000,-89.049004,92.459000,122.628998,87.567001,254.740997,-125.000000,-881.000000,2016.000000,90.000000,502.000000,841.000000
344,1743685862491271,125.046997,-90.671600,94.232498,125.046997,89.248497,260.200012,123.114998,-89.335999,92.758003,123.000000,87.811996,255.598007,-364.000000,-689.000000,1860.000000,66.000000,265.000000,482.000000
345,1743685862495669,125.452003,-90.959602,94.532402,125.452003,89.531799,261.100006,123.475998,-89.605003,93.057999,123.397003,88.194000,256.822998,-165.000000,-579.000000,2006.000000,252.000000,480.000000,741.000000
346,1743685862501258,125.856003,-91.247704,94.832397,125.856003,89.815102,262.000000,123.855003,-89.883003,93.341003,123.794998,88.427002,257.687012,-162.000000,-706.000000,2065.000000,169.000000,291.000000,681.000000
347,1743685862505770,126.261002,-91.535698,95.132401,126.261002,90.098503,262.899994,124.264000,-90.135002,93.624001,124.151001,88.705002,258.570007,28.000000,-595.000000,2069.000000,102.000000,638.000000,774.000000
348,1743685862511388,126.665001,-91.823799,95.432297,126.665001,90.381798,263.799988,124.838997,-90.501999,94.000000,124.519997,88.948997,259.466003,-8.000000,-1122.000000,1871.000000,49.000000,448.000000,819.000000
349,1743685862515892,127.070000,-92.111900,95.732300,127.070000,90.665100,264.700012,125.197998,-90.796997,94.291000,125.050003,89.257004,260.226990,-2.000000,-1239.000000,1599.000000,336.000000,649.000000,576.000000
350,1743685862521492,127.473999,-92.399902,96.032303,127.473999,90.948402,265.600006,125.539001,-91.095001,94.573997,125.434998,89.629997,261.441010,29.000000,-942.000000,1870.000000,191.000000,503.000000,682.000000
351,1743685862525970,127.878998,-92.688004,96.332199,127.878998,91.231697,266.500000,126.080002,-91.458000,94.958000,125.969002,89.834999,262.040009,13.000000,-430.000000,2491.000000,326.000000,381.000000,791.000000
352,1743685862531496,128.283005,-92.976097,96.632202,128.283005,91.514999,267.399994,126.583000,-91.755997,95.285004,126.416000,90.179001,263.277008,-77.000000,-822.000000,1864.000000,103.000000,291.000000,726.000000
353,1743685862535905,128.688004,-93.264099,96.932198,128.688004,91.798302,268.299988,126.955002,-92.050003,95.578003,126.811996,90.530998,264.386993,-180.000000,-764.000000,1829.000000,-64.000000,588.000000,768.000000
354,1743685862541407,129.091995,-93.552200,97.232101,129.091995,92.081703,269.200012,127.239998,-92.285004,95.806000,127.106003,90.748001,265.213989,36.000000,-1008.000000,2095.000000,8.000000,432.000000,689.000000
354,1743685862545811,129.091995,-93.552200,97.232101,129.091995,92.081703,269.200012,127.703003,-92.596001,96.141998,127.542999,91.126999,265.613007,111.000000,-669.000000,2003.000000,39.000000,712.000000,679.000000
356,1743685862551416,129.901001,-94.128304,97.832100,129.901001,92.648300,271.000000,128.001007,-92.792999,96.366997,127.883003,91.460999,266.976990,-11.000000,-775.000000,2069.000000,359.000000,307.000000,697.000000
356,1743685862555967,129.901001,-94.128304,97.832100,129.901001,92.648300,271.000000,128.001007,-92.792999,96.366997,127.883003,91.460999,266.976990,-11.000000,-775.000000,2069.000000,359.000000,307.000000,697.000000
357,1743685862560506,130.306000,-94.416397,98.132004,130.306000,92.931602,271.899994,128.750000,-93.333000,96.978996,128.712997,91.958000,268.747009,-116.000000,-1000.000000,2139.000000,225.000000,514.000000,698.000000
358,1743685862566110,130.710007,-94.704399,98.431999,130.710007,93.214897,272.799988,129.358994,-93.738998,97.384003,129.214996,92.191002,269.467987,33.000000,-602.000000,2129.000000,480.000000,751.000000,690.000000
359,1743685862570598,131.115005,-94.992500,98.732002,131.115005,93.498199,273.700012,129.358994,-93.738998,97.384003,129.214996,92.191002,269.467987,33.000000,-602.000000,2129.000000,480.000000,751.000000,690.000000
360,1743685862576132,131.518997,-95.280602,99.031898,131.518997,93.781601,274.600006,130.102005,-94.276001,97.954002,129.938995,92.705002,271.139008,-133.000000,-898.000000,2043.000000,397.000000,427.000000,712.000000
361,1743685862580580,131.923996,-95.568604,99.331902,131.923996,94.064903,275.500000,130.102005,-94.276001,97.954002,129.938995,92.705002,271.139008,-133.000000,-898.000000,2043.000000,397.000000,427.000000,712.000000
362,1743685862586131,132.328003,-95.856697,99.631897,132.328003,94.348198,276.399994,130.472000,-94.564003,98.230003,130.332993,93.011002,272.345001,-120.000000,-902.000000,1341.000000,90.000000,419.000000,819.000000
363,1743685862590618,132.733002,-96.144699,99.931801,132.733002,94.631500,277.299988,130.927994,-94.912003,98.544998,130.843994,93.390999,272.878998,11.000000,-680.000000,2196.000000,27.000000,838.000000,767.000000
364,1743685862596222,133.136993,-96.432800,100.232002,133.136993,94.914803,278.200012,131.214996,-95.100998,98.773003,131.164001,93.689003,274.300995,5.000000,-781.000000,2691.000000,-208.000000,324.000000,758.000000
365,1743685862600714,133.542007,-96.720901,100.531998,133.542007,95.198097,279.100006,131.807999,-95.482002,99.205002,131.684006,93.918999,274.989014,162.000000,-807.000000,2185.000000,77.000000,380.000000,683.000000
366,1743685862606338,133.945999,-97.008904,100.832001,133.945999,95.481400,280.000000,132.041000,-95.656998,99.386002,131.860001,94.224998,276.049011,11.000000,-788.000000,2041.000000,292.000000,469.000000,703.000000
367,1743685862610838,134.350998,-97.296997,101.132004,134.350998,95.764801,280.899994,132.542999,-96.059998,99.778999,132.414001,94.419998,276.755005,169.000000,-846.000000,1882.000000,204.000000,656.000000,820.000000
368,1743685862616431,134.755005,-97.584999,101.431999,134.755005,96.048103,281.799988,132.944000,-96.320999,100.043999,132.817001,94.808998,277.851013,-152.000000,-512.000000,2103.000000,183.000000,364.000000,706.000000
369,1743685862620825,135.158997,-97.873100,101.732002,135.158997,96.331398,282.700012,133.332001,-96.579002,100.337997,133.220993,94.983002,278.381989,1.000000,-481.000000,2536.000000,488.000000,459.000000,636.000000
370,1743685862626340,135.563995,-98.161201,102.031998,135.563995,96.614700,283.600006,133.751007,-96.820999,100.634003,133.606995,95.315002,279.617004,74.000000,-1000.000000,2046.000000,230.000000,420.000000,646.000000
371,1743685862630825,135.968002,-98.449203,102.332001,135.968002,96.898003,284.500000,134.126007,-97.109001,100.917000,133.981995,95.597000,280.485992,-219.000000,-1226.000000,1563.000000,204.000000,808.000000,682.000000
372,1743685862636413,136.373001,-98.737297,102.632004,136.373001,97.181297,285.399994,134.481995,-97.407997,101.211998,134.328995,95.902000,281.365997,-186.000000,-1071.000000,2249.000000,47.000000,761.000000,709.000000
373,1743685862640885,136.776993,-99.025398,102.931999,136.776993,97.464600,286.299988,134.860992,-97.683998,101.519997,134.740005,96.179001,282.251007,3.000000,-991.000000,2496.000000,-101.000000,433.000000,725.000000
374,1743685862646523,137.182007,-99.313400,103.231003,137.182007,97.748001,287.200012,135.412994,-98.061996,101.898003,135.278000,96.445999,283.031006,19.000000,-591.000000,1589.000000,94.000000,296.000000,629.000000
375,1743685862651066,137.585999,-99.601501,103.530998,137.585999,98.031303,288.100006,135.744003,-98.344002,102.178001,135.688004,96.670998,283.875000,117.000000,-854.000000,2027.000000,-33.000000,451.000000,803.000000
376,1743685862655691,137.990997,-99.889503,103.831001,137.990997,98.314598,289.000000,136.097000,-98.596001,102.458000,136.046005,96.936996,284.760986,263.000000,-710.000000,2744.000000,-117.000000,705.000000,746.000000
377,1743685862661221,138.395004,-100.178001,104.130997,138.395004,98.597900,289.899994,136.488007,-98.864998,102.734001,136.356003,97.172997,285.639008,-128.000000,-739.000000,2219.000000,203.000000,282.000000,675.000000
378,1743685862665632,138.800003,-100.466003,104.431000,138.800003,98.881203,290.799988,136.917007,-99.128998,103.011002,136.748993,97.543999,286.835999,-89.000000,-539.000000,2180.000000,419.000000,471.000000,733.000000
379,1743685862671239,139.203995,-100.753998,104.731003,139.203995,99.164497,291.700012,137.337006,-99.397003,103.276001,137.156006,97.790001,287.717987,334.000000,-1009.000000,1933.000000,279.000000,476.000000,716.000000
380,1743685862675719,139.608994,-101.042000,105.030998,139.608994,99.447800,292.600006,137.701004,-99.686996,103.581001,137.565002,98.115997,288.446014,-212.000000,-1164.000000,1877.000000,-29.000000,596.000000,902.000000
381,1743685862681288,140.013000,-101.330002,105.331001,140.013000,99.731201,293.500000,138.033997,-99.982002,103.866997,137.951004,98.421997,289.317993,78.000000,-1060.000000,2427.000000,-26.000000,347.000000,597.000000
381,1743685862685761,140.013000,-101.330002,105.331001,140.013000,99.731201,293.500000,138.606003,-100.331001,104.271004,138.442001,98.709000,290.197998,170.000000,-554.000000,2695.000000,274.000000,499.000000,713.000000
383,1743685862691319,140.822006,-101.905998,105.931000,140.822006,100.297997,295.299988,139.022003,-100.597000,104.572998,138.774994,98.959999,291.066010,19.000000,-699.000000,2211.000000,178.000000,447.000000,740.000000
383,1743685862695794,140.822006,-101.905998,105.931000,140.822006,100.297997,295.299988,139.395004,-100.876999,104.867996,139.205002,99.317001,292.312988,70.000000,-1023.000000,1839.000000,62.000000,620.000000,839.000000
384,1743685862701402,141.227005,-102.194000,106.231003,141.227005,100.581001,296.200012,139.759003,-101.160004,105.110001,139.600998,99.445000,292.799988,335.000000,-1164.000000,1749.000000,-14.000000,579.000000,800.000000
385,1743685862705775,141.630997,-102.482002,106.530998,141.630997,100.863998,297.100006,140.126007,-101.428001,105.386002,140.046005,99.814003,293.946014,-5.000000,-1063.000000,2258.000000,101.000000,642.000000,642.000000
386,1743685862711218,142.035995,-102.769997,106.831001,142.035995,101.148003,298.000000,140.490997,-101.695999,105.681000,140.412003,100.114998,294.778992,110.000000,-878.000000,2469.000000,261.000000,506.000000,907.000000
387,1743685862715567,142.440002,-103.057999,107.130997,142.440002,101.431000,298.899994,140.490997,-101.695999,105.681000,140.412003,100.114998,294.778992,110.000000,-878.000000,2469.000000,261.000000,506.000000,907.000000
388,1743685862721047,142.845001,-103.346001,107.431000,142.845001,101.713997,299.799988,141.255997,-102.283997,106.313004,141.207993,100.574997,296.204987,-134.000000,-1011.000000,2039.000000,184.000000,450.000000,788.000000
389,1743685862726512,143.248993,-103.634003,107.731003,143.248993,101.998001,300.700012,141.705002,-102.641998,106.654999,141.686005,100.927002,297.321014,24.000000,-569.000000,2517.000000,236.000000,401.000000,798.000000
390,1743685862730886,143.654007,-103.921997,108.030998,143.654007,102.280998,301.600006,141.705002,-102.641998,106.654999,141.686005,100.927002,297.321014,24.000000,-569.000000,2517.000000,236.000000,401.000000,798.000000
391,1743685862736439,144.057999,-104.209999,108.331001,144.057999,102.564003,302.500000,142.235001,-102.955002,106.956001,142.085999,101.195999,298.204987,176.000000,-774.000000,2591.000000,277.000000,435.000000,741.000000
392,1743685862740902,144.462997,-104.499001,108.630997,144.462997,102.848000,303.399994,142.582993,-103.171997,107.251999,142.436996,101.525002,299.414001,271.000000,-919.000000,1852.000000,176.000000,471.000000,844.000000
393,1743685862746436,144.867004,-104.787003,108.931000,144.867004,103.130997,304.299988,142.962997,-103.446999,107.525002,142.800003,101.762001,300.292999,51.000000,-1017.000000,1711.000000,76.000000,628.000000,746.000000
394,1743685862750944,145.272003,-105.074997,109.231003,145.272003,103.414001,305.200012,143.328003,-103.730003,107.773003,143.173004,102.038002,301.079987,134.000000,-920.000000,2513.000000,126.000000,496.000000,759.000000
395,1743685862756480,145.675995,-105.362999,109.530998,145.675995,103.697998,306.100006,143.813004,-104.061996,108.164001,143.660995,102.466003,302.213989,32.000000,-904.000000,3099.000000,-102.000000,748.000000,677.000000
396,1743685862760913,146.080994,-105.651001,109.831001,146.080994,103.981003,307.000000,144.169998,-104.263000,108.384003,143.953003,102.759003,303.003998,55.000000,-1046.000000,2318.000000,284.000000,308.000000,748.000000
397,1743685862766491,146.485001,-105.939003,110.130997,146.485001,104.264000,307.899994,144.723999,-104.528999,108.675003,144.391006,102.945000,303.695007,59.000000,-1030.000000,1838.000000,377.000000,375.000000,768.000000
398,1743685862771020,146.889999,-106.226997,110.431000,146.889999,104.547997,308.799988,144.906006,-104.836998,108.961998,144.779007,103.280998,304.759003,-139.000000,-1320.000000,1799.000000,134.000000,740.000000,707.000000
399,1743685862775489,147.294006,-106.514999,110.731003,147.294006,104.831001,309.700012,145.445999,-105.202003,109.352997,145.289993,103.499001,305.450012,72.000000,-985.000000,2466.000000,192.000000,755.000000,672.000000
400,1743685862781102,147.699005,-106.803001,111.030998,147.699005,105.113998,310.600006,145.940002,-105.496002,109.622002,145.703003,103.848000,306.665009,216.000000,-716.000000,2366.000000,468.000000,567.000000,698.000000
401,1743685862786655,148.102997,-107.091003,111.331001,148.102997,105.397003,311.500000,146.324997,-105.768997,109.931000,146.119003,103.990997,307.190002,298.000000,-561.000000,2281.000000,227.000000,496.000000,782.000000
402,1743685862791107,148.507996,-107.378998,111.630997,148.507996,105.681000,312.398010,146.738007,-106.055000,110.261002,146.507996,104.252998,308.144989,41.000000,-1253.000000,2166.000000,99.000000,546.000000,757.000000
403,1743685862796702,148.912003,-107.667000,111.931000,148.912003,105.963997,313.295990,147.160004,-106.405998,110.603996,146.964005,104.588997,309.075989,57.000000,-1021.000000,2614.000000,133.000000,686.000000,701.000000
404,1743685862801213,149.317001,-107.955002,112.230003,149.317001,106.247002,314.192993,147.503006,-106.669998,110.883003,147.300995,104.904999,309.989990,375.000000,-901.000000,2697.000000,241.000000,464.000000,691.000000
405,1743685862805689,149.720993,-108.242996,112.529999,149.720993,106.530998,315.088013,147.910995,-106.903000,111.183998,147.699997,105.195000,310.826996,102.000000,-661.000000,1780.000000,285.000000,467.000000,811.000000
406,1743685862812368,150.126007,-108.530998,112.830002,150.126007,106.814003,315.980988,148.134995,-107.064003,111.350998,147.959000,105.481003,311.914001,359.000000,-870.000000,1806.000000,585.000000,358.000000,678.000000
407,1743685862816835,150.529999,-108.819000,113.129997,150.529999,107.097000,316.872009,148.690994,-107.531998,111.769997,148.559006,105.733002,312.695007,177.000000,-1044.000000,2329.000000,-30.000000,680.000000,730.000000
408,1743685862822422,150.934998,-109.108002,113.430000,150.934998,107.380997,317.760986,149.104004,-107.866997,112.102997,148.813004,106.022003,313.734985,240.000000,-1073.000000,2824.000000,123.000000,446.000000,670.000000
409,1743685862826915,151.339005,-109.396004,113.730003,151.339005,107.664001,318.645996,149.315002,-107.973000,112.254997,149.220001,106.294998,314.511993,337.000000,-985.000000,2804.000000,-33.000000,590.000000,749.000000
410,1743685862831400,151.744003,-109.683998,114.029999,151.744003,107.946999,319.528992,149.932999,-108.390999,112.724998,149.718002,106.584999,315.440002,324.000000,-1218.000000,1889.000000,423.000000,361.000000,728.000000
411,1743685862837046,152.147995,-109.972000,114.330002,152.147995,108.231003,320.407013,150.296997,-108.685997,112.980003,150.147995,106.862000,316.325989,59.000000,-1301.000000,1886.000000,166.000000,705.000000,771.000000
411,1743685862841605,152.147995,-109.972000,114.330002,152.147995,108.231003,320.407013,150.673996,-108.972000,113.239998,150.397995,107.205002,317.076996,102.000000,-879.000000,2477.000000,-152.000000,523.000000,693.000000
413,1743685862847198,152.957001,-110.547997,114.930000,152.957001,108.796997,322.153992,151.063004,-109.248001,113.524002,150.955994,107.466003,317.933990,411.000000,-650.000000,3133.000000,125.000000,328.000000,772.000000
413,1743685862851634,152.957001,-110.547997,114.930000,152.957001,108.796997,322.153992,151.488998,-109.488998,113.836998,151.369003,107.814003,319.149994,270.000000,-805.000000,2303.000000,189.000000,518.000000,809.000000
414,1743685862857318,153.362000,-110.835999,115.230003,153.362000,109.081001,323.019989,151.869003,-109.761002,114.110001,151.725998,107.958000,319.612000,-44.000000,-1095.000000,1499.000000,201.000000,698.000000,661.000000
415,1743685862861810,153.766006,-111.124001,115.529999,153.766006,109.363998,323.881989,152.246994,-110.107002,114.410004,152.134003,108.202003,320.582001,145.000000,-1327.000000,2452.000000,300.000000,431.000000,772.000000
416,1743685862867356,154.171005,-111.412003,115.830002,154.171005,109.647003,324.739014,152.714996,-110.426003,114.624001,152.371994,108.499001,321.520996,282.000000,-848.000000,3014.000000,335.000000,675.000000,551.000000
417,1743685862871863,154.574997,-111.699997,116.129997,154.574997,109.930000,325.591003,153.095001,-110.625000,115.028999,152.882996,108.914001,322.602997,356.000000,-683.000000,2460.000000,304.000000,382.000000,674.000000
418,1743685862877386,154.979996,-111.987999,116.430000,154.979996,110.213997,326.436005,153.539001,-110.906998,115.323997,153.350998,109.075996,323.102997,326.000000,-831.000000,1892.000000,336.000000,284.000000,598.000000
419,1743685862881757,155.384003,-112.276001,116.730003,155.384003,110.497002,327.276001,153.936996,-111.174004,115.613998,153.723999,109.450996,324.252991,150.000000,-1181.000000,2330.000000,82.000000,526.000000,673.000000
420,1743685862887280,155.789001,-112.564003,117.029999,155.789001,110.779999,328.109985,154.278000,-111.464996,115.906998,154.067993,109.764000,325.100006,88.000000,-1282.000000,2589.000000,-99.000000,848.000000,677.000000
421,1743685862891661,156.192993,-112.851997,117.330002,156.192993,111.064003,328.937012,154.841995,-111.852997,116.305000,154.578995,110.025002,325.915985,468.000000,-982.000000,2204.000000,568.000000,313.000000,609.000000
422,1743685862897162,156.598007,-113.139999,117.629997,156.598007,111.347000,329.756989,155.240005,-112.125000,116.578003,154.988998,110.265999,326.726990,303.000000,-1120.000000,1849.000000,237.000000,658.000000,695.000000
423,1743685862901597,157.001999,-113.428001,117.930000,157.001999,111.629997,330.570007,155.585007,-112.407997,116.853996,155.403000,110.491997,327.487000,-5.000000,-998.000000,1960.000000,-87.000000,428.000000,557.000000
424,1743685862907069,157.406998,-113.717003,118.230003,157.406998,111.914001,331.375000,155.886993,-112.695000,117.121002,155.783997,110.783997,328.269989,-15.000000,-883.000000,3068.000000,-107.000000,653.000000,584.000000
425,1743685862911474,157.811005,-114.004997,118.529999,157.811005,112.196999,332.173004,155.886993,-112.695000,117.121002,155.783997,110.783997,328.269989,-15.000000,-883.000000,3068.000000,-107.000000,653.000000,584.000000
426,1743685862916991,158.216003,-114.292999,118.830002,158.216003,112.480003,332.962006,156.684998,-113.194000,117.723000,156.518997,111.363998,329.858002,544.000000,-827.000000,2479.000000,615.000000,361.000000,597.000000
427,1743685862922519,158.619995,-114.581001,119.129997,158.619995,112.764000,333.743011,157.108994,-113.449997,118.016998,156.897003,111.730003,330.928009,384.000000,-1095.000000,1655.000000,580.000000,666.000000,660.000000
428,1743685862927019,159.024994,-114.869003,119.430000,159.024994,113.046997,334.515015,157.108994,-113.449997,118.016998,156.897003,111.730003,330.928009,384.000000,-1095.000000,1655.000000,580.000000,666.000000,660.000000
429,1743685862932599,159.429001,-115.156998,119.730003,159.429001,113.330002,335.278015,157.410004,-113.685997,118.240997,157.229004,111.987000,331.717010,281.000000,-1681.000000,1567.000000,-10.000000,830.000000,493.000000
430,1743685862937098,159.834000,-115.445000,120.029999,159.834000,113.613998,336.032013,157.953003,-114.155998,118.641998,157.848007,112.237000,332.444000,186.000000,-1034.000000,2155.000000,363.000000,456.000000,426.000000
431,1743685862942670,160.238007,-115.733002,120.330002,160.238007,113.897003,336.774994,158.401993,-114.433998,118.916000,158.223007,112.513000,333.140991,518.000000,-876.000000,3000.000000,336.000000,718.000000,658.000000
432,1743685862947160,160.643005,-116.021004,120.629997,160.643005,114.180000,337.509003,158.850998,-114.668999,119.233002,158.582993,112.703003,333.765015,163.000000,-881.000000,3216.000000,42.000000,296.000000,528.000000
433,1743685862952683,161.046997,-116.308998,120.930000,161.046997,114.463997,338.233002,159.229996,-114.952003,119.545998,158.947006,112.984001,334.673004,57.000000,-940.000000,2377.000000,157.000000,482.000000,540.000000
434,1743685862957084,161.451996,-116.597000,121.228996,161.451996,114.747002,338.946014,159.589996,-115.237999,119.820999,159.347000,113.380997,335.661011,-7.000000,-1092.000000,1884.000000,-158.000000,559.000000,538.000000
435,1743685862961451,161.856003,-116.885002,121.528999,161.856003,115.029999,339.647003,159.966995,-115.491997,120.075996,159.701996,113.671997,336.358002,439.000000,-1229.000000,2959.000000,144.000000,721.000000,393.000000
436,1743685862966885,162.261002,-117.172997,121.829002,162.261002,115.313004,340.338013,160.436996,-115.779999,120.415001,160.134995,113.894997,336.855011,632.000000,-1457.000000,2365.000000,480.000000,869.000000,473.000000
437,1743685862972364,162.664993,-117.460999,122.128998,162.664993,115.597000,341.016998,160.826996,-116.051003,120.700996,160.546005,114.278000,337.796997,623.000000,-1257.000000,1480.000000,671.000000,726.000000,507.000000
437,1743685862976731,162.664993,-117.460999,122.128998,162.664993,115.597000,341.016998,161.136002,-116.343002,120.953003,160.889008,114.543999,338.523010,318.000000,-1211.000000,1636.000000,330.000000,528.000000,511.000000
439,1743685862982163,163.473999,-118.037003,122.728996,163.473999,116.163002,342.338989,161.610001,-116.741997,121.319000,161.434006,114.721001,339.006989,316.000000,-1033.000000,3986.000000,374.000000,545.000000,423.000000
440,1743685862987597,163.878006,-118.324997,123.028999,163.878006,116.446999,342.980988,161.901993,-116.978996,121.573997,161.746002,115.073997,339.937012,685.000000,-922.000000,3540.000000,355.000000,548.000000,413.000000
440,1743685862991978,163.878006,-118.324997,123.028999,163.878006,116.446999,342.980988,162.367996,-117.227997,121.931000,162.173996,115.261002,340.431000,300.000000,-847.000000,2157.000000,234.000000,549.000000,515.000000
441,1743685862997452,164.283005,-118.613998,123.329002,164.283005,116.730003,343.610992,162.807007,-117.567001,122.273003,162.699997,115.533997,341.135986,125.000000,-1284.000000,1529.000000,124.000000,447.000000,507.000000
442,1743685863001820,164.686005,-118.902000,123.628998,164.686005,117.013000,344.227997,163.044998,-117.783997,122.474998,162.927002,115.953003,341.932007,25.000000,-1092.000000,2155.000000,-193.000000,775.000000,473.000000
443,1743685863007289,165.089005,-119.190002,123.929001,165.089005,117.296997,344.833008,163.479996,-118.100998,122.790001,163.382996,116.252998,342.632996,481.000000,-1088.000000,2823.000000,440.000000,423.000000,438.000000
444,1743685863011664,165.490005,-119.477997,124.228996,165.490005,117.580002,345.425995,163.925003,-118.338997,123.087997,163.789001,116.540001,343.248993,606.000000,-1010.000000,2517.000000,66.000000,669.000000,581.000000
445,1743685863017110,165.889008,-119.765999,124.528999,165.889008,117.862999,346.005005,164.391006,-118.630997,123.425003,164.240005,116.695999,343.674988,419.000000,-1470.000000,1948.000000,211.000000,445.000000,494.000000
446,1743685863021488,166.287003,-120.054001,124.829002,166.287003,118.147003,346.572998,164.826996,-118.999001,123.769997,164.709000,117.011002,344.380005,287.000000,-1550.000000,2295.000000,120.000000,875.000000,342.000000
447,1743685863026956,166.682999,-120.342003,125.128998,166.682999,118.430000,347.127991,165.199005,-119.307999,124.078003,165.039993,117.389999,345.201996,175.000000,-1133.000000,2872.000000,414.000000,580.000000,262.000000
448,1743685863032461,167.076004,-120.629997,125.429001,167.076004,118.712997,347.670013,165.673004,-119.568001,124.351997,165.397003,117.721001,345.782013,439.000000,-727.000000,2638.000000,609.000000,564.000000,380.000000
449,1743685863036863,167.466003,-120.917999,125.728996,167.466003,118.997002,348.200012,165.673004,-119.568001,124.351997,165.397003,117.721001,345.782013,439.000000,-727.000000,2638.000000,609.000000,564.000000,380.000000
450,1743685863042380,167.852997,-121.206001,126.028999,167.852997,119.279999,348.717010,166.548004,-120.116997,124.980003,166.227997,118.128998,346.635986,-191.000000,-1106.000000,2200.000000,97.000000,728.000000,195.000000
451,1743685863046872,168.235992,-121.494003,126.328003,168.235992,119.563004,349.221985,166.886002,-120.435997,125.259003,166.641998,118.487000,347.243988,-8.000000,-1691.000000,1734.000000,173.000000,704.000000,290.000000
452,1743685863052452,168.615997,-121.781998,126.626999,168.615997,119.846001,349.714996,166.886002,-120.435997,125.259003,166.641998,118.487000,347.243988,-8.000000,-1691.000000,1734.000000,173.000000,704.000000,290.000000
453,1743685863056957,168.992004,-122.069000,126.925003,168.992004,120.128998,350.194000,167.632996,-121.007004,125.841003,167.404007,119.019997,348.303009,368.000000,-1562.000000,2892.000000,74.000000,667.000000,397.000000
454,1743685863061460,169.363007,-122.355003,127.222000,169.363007,120.411003,350.661987,167.632996,-121.007004,125.841003,167.404007,119.019997,348.303009,368.000000,-1562.000000,2892.000000,74.000000,667.000000,397.000000
455,1743685863067068,169.729996,-122.640999,127.516998,169.729996,120.692001,351.117004,168.007996,-121.273003,126.144997,167.804993,119.266998,348.795990,229.000000,-802.000000,2035.000000,55.000000,490.000000,390.000000
456,1743685863072684,170.091995,-122.924004,127.809998,170.091995,120.972000,351.558990,168.326004,-121.552002,126.427002,168.162003,119.594002,349.494995,179.000000,-767.000000,2249.000000,186.000000,398.000000,389.000000
457,1743685863077121,170.447998,-123.206001,128.100998,170.447998,121.250000,351.989014,168.776001,-121.843002,126.724998,168.513000,119.829002,349.960999,144.000000,-840.000000,3036.000000,344.000000,561.000000,540.000000
458,1743685863082577,170.798004,-123.486000,128.389999,170.798004,121.526001,352.406006,169.011993,-122.097000,126.984001,168.867996,120.106003,350.368988,420.000000,-1212.000000,3063.000000,380.000000,689.000000,125.000000
459,1743685863086959,171.143005,-123.763000,128.675003,171.143005,121.800003,352.811005,169.550003,-122.364998,127.282997,169.218994,120.421997,350.796997,74.000000,-1636.000000,2015.000000,-32.000000,936.000000,457.000000
460,1743685863092394,171.481995,-124.037003,128.957993,171.481995,122.070999,353.203003,169.869003,-122.735001,127.668999,169.701004,120.712997,351.222992,-244.000000,-1665.000000,1288.000000,103.000000,581.000000,423.000000
461,1743685863096762,171.813004,-124.308998,129.237000,171.813004,122.338997,353.583008,170.188995,-123.017998,127.945999,170.031998,121.107002,351.846008,-199.000000,-1437.000000,1976.000000,-61.000000,706.000000,373.000000
462,1743685863102210,172.138000,-124.577003,129.511993,172.138000,122.603996,353.950989,170.503998,-123.321999,128.210007,170.378006,121.257004,352.100006,-61.000000,-1075.000000,2607.000000,613.000000,443.000000,396.000000
462,1743685863106621,172.138000,-124.577003,129.511993,172.138000,122.603996,353.950989,170.903000,-123.586998,128.490997,170.705002,121.625999,352.506989,298.000000,-637.000000,3655.000000,291.000000,487.000000,269.000000
464,1743685863112109,172.766006,-125.100998,130.050003,172.766006,123.123001,354.648010,171.281998,-123.820999,128.757004,171.024002,121.863998,352.992004,121.000000,-424.000000,2617.000000,-136.000000,326.000000,125.000000
465,1743685863117541,173.067993,-125.357002,130.311996,173.067993,123.375999,354.977997,171.690994,-124.188004,129.024002,171.406998,122.069000,353.354004,-5.000000,-892.000000,1555.000000,-176.000000,480.000000,210.000000
465,1743685863121902,173.067993,-125.357002,130.311996,173.067993,123.375999,354.977997,171.856003,-124.315002,129.306000,171.636002,122.347000,353.721008,35.000000,-1055.000000,1993.000000,403.000000,697.000000,309.000000
466,1743685863127336,173.363007,-125.608002,130.569000,173.363007,123.625000,355.295013,172.154999,-124.605003,129.559998,171.951004,122.628998,354.092987,181.000000,-1804.000000,2150.000000,423.000000,835.000000,211.000000
467,1743685863131691,173.647995,-125.855003,130.820999,173.647995,123.869003,355.600006,172.656006,-124.943001,129.921997,172.403000,122.916000,354.424988,-16.000000,-902.000000,1547.000000,135.000000,331.000000,343.000000
468,1743685863137079,173.925003,-126.096001,131.067001,173.925003,124.108002,355.891998,172.981995,-125.205002,130.164001,172.712997,123.168999,354.759003,-565.000000,-652.000000,1734.000000,-748.000000,411.000000,44.000000
469,1743685863141482,174.192993,-126.331001,131.307007,174.192993,124.342003,356.171997,173.257004,-125.446999,130.406006,172.934006,123.388000,355.067993,-333.000000,-554.000000,2675.000000,405.000000,317.000000,397.000000
470,1743685863146975,174.451996,-126.560997,131.541000,174.451996,124.570000,356.440002,173.542007,-125.706001,130.695999,173.268997,123.608002,355.381989,-308.000000,-517.000000,2462.000000,507.000000,509.000000,256.000000
471,1743685863151421,174.701004,-126.783997,131.768005,174.701004,124.792000,356.694000,173.744995,-125.871002,130.886002,173.531006,123.835999,355.710999,-122.000000,-752.000000,2250.000000,-12.000000,459.000000,312.000000
472,1743685863156907,174.938995,-127.000999,131.988007,174.938995,125.007004,356.937012,174.048996,-126.128998,131.158005,173.798004,123.974998,355.907013,-195.000000,-1032.000000,1437.000000,925.000000,394.000000,217.000000
473,1743685863162461,175.167999,-127.211998,132.201004,175.167999,125.216003,357.166992,174.259995,-126.355003,131.391998,174.067993,124.260002,356.214996,-411.000000,-1383.000000,1479.000000,-559.000000,676.000000,328.000000
474,1743685863166899,175.386002,-127.414001,132.406998,175.386002,125.417999,357.385986,174.432999,-126.584999,131.617004,174.283997,124.569000,356.575989,-190.000000,-899.000000,1778.000000,582.000000,491.000000,360.000000
475,1743685863172430,175.591995,-127.610001,132.604996,175.591995,125.612999,357.592010,174.612000,-126.805000,131.794006,174.539001,124.824997,356.821991,37.000000,-574.000000,1775.000000,504.000000,589.000000,140.000000
476,1743685863176867,175.787994,-127.797997,132.794006,175.787994,125.799004,357.787994,174.837006,-127.002998,131.992996,174.716995,125.059998,357.045990,-226.000000,-638.000000,2601.000000,-378.000000,194.000000,448.000000
477,1743685863182444,175.973007,-127.976997,132.975006,175.973007,125.978996,357.972992,175.070999,-127.209000,132.186005,174.985992,125.245003,357.235992,-48.000000,-324.000000,2201.000000,917.000000,450.000000,63.000000
478,1743685863186916,176.147003,-128.149002,133.147995,176.147003,126.149002,358.147003,175.365005,-127.473999,132.479996,175.248993,125.459000,357.451996,-265.000000,-564.000000,1294.000000,-1245.000000,280.000000,292.000000
479,1743685863192505,176.311005,-128.311005,133.311005,176.311005,126.311996,358.311005,175.477005,-127.587997,132.582993,175.416000,125.595001,357.654999,-394.000000,-640.000000,1675.000000,391.000000,498.000000,175.000000
480,1743685863197078,176.464996,-128.464996,133.464996,176.464996,126.464996,358.464996,175.770996,-127.835999,132.871002,175.473007,125.800003,357.829987,-182.000000,-582.000000,2358.000000,1070.000000,497.000000,274.000000
481,1743685863201618,176.608994,-128.608994,133.608994,176.608994,126.609001,358.609009,175.955994,-128.026001,133.056000,175.867004,125.892998,357.981995,-457.000000,-928.000000,1263.000000,19.000000,381.000000,233.000000
482,1743685863207181,176.744003,-128.744003,133.744003,176.744003,126.744003,358.743988,176.113007,-128.162994,133.205002,175.867004,126.175003,358.265991,-642.000000,-445.000000,1057.000000,1255.000000,281.000000,309.000000
483,1743685863211653,176.869995,-128.869995,133.869995,176.869995,126.870003,358.869995,176.285995,-128.354004,133.365005,176.182999,126.205002,358.338989,-479.000000,-72.000000,1342.000000,-976.000000,155.000000,261.000000
484,1743685863217255,176.987000,-128.987000,133.987000,176.987000,126.987000,358.987000,176.419006,-128.473999,133.485992,176.188995,126.452003,358.575012,-522.000000,2.000000,1525.000000,198.000000,285.000000,60.000000
485,1743685863222831,177.095993,-129.095993,134.095993,177.095993,127.096001,359.096008,176.623993,-128.641006,133.673996,176.421005,126.539001,358.673004,183.000000,-518.000000,1547.000000,575.000000,403.000000,417.000000
486,1743685863228357,177.197006,-129.197006,134.197006,177.197006,127.196999,359.196991,176.720001,-128.703995,133.764008,176.511002,126.696999,358.839996,-161.000000,-408.000000,1653.000000,-1285.000000,280.000000,152.000000
487,1743685863232838,177.289993,-129.289993,134.289993,177.289993,127.290001,359.290009,176.917999,-128.878998,133.945999,176.660995,126.800003,358.937988,-375.000000,-306.000000,820.000000,1343.000000,326.000000,132.000000
488,1743685863238443,177.375000,-129.375000,134.375000,177.375000,127.375000,359.375000,177.011002,-128.985992,134.026993,176.738007,126.984001,359.105011,-412.000000,-670.000000,1399.000000,1405.000000,427.000000,335.000000
489,1743685863242890,177.453995,-129.453995,134.453995,177.453995,127.454002,359.454010,177.011002,-128.985992,134.026993,176.738007,126.984001,359.105011,-412.000000,-670.000000,1399.000000,1405.000000,427.000000,335.000000
490,1743685863248472,177.524994,-129.524994,134.524994,177.524994,127.525002,359.524994,177.179993,-129.229004,134.220993,177.046005,127.184998,359.283997,10.000000,-393.000000,1850.000000,-1154.000000,192.000000,118.000000
491,1743685863252929,177.589996,-129.589996,134.589996,177.589996,127.589996,359.589996,177.272003,-129.309998,134.307007,177.084000,127.294998,359.377014,-62.000000,-337.000000,1414.000000,1401.000000,219.000000,-68.000000
492,1743685863258506,177.649002,-129.649002,134.649002,177.649002,127.649002,359.648987,177.397995,-129.414001,134.427994,177.132004,127.375999,359.458008,-95.000000,-117.000000,1393.000000,1892.000000,330.000000,213.000000
493,1743685863263023,177.701996,-129.701996,134.701996,177.701996,127.702003,359.701996,177.397995,-129.414001,134.427994,177.132004,127.375999,359.458008,-95.000000,-117.000000,1393.000000,1892.000000,330.000000,213.000000
493,1743685863267576,177.701996,-129.701996,134.701996,177.701996,127.702003,359.701996,177.563004,-129.563004,134.578003,177.348007,127.519997,359.609009,-109.000000,-476.000000,1616.000000,-1042.000000,239.000000,262.000000
495,1743685863273119,177.791000,-129.791000,134.791000,177.791000,127.791000,359.790985,177.563004,-129.563004,134.578003,177.348007,127.519997,359.609009,-109.000000,-476.000000,1616.000000,-1042.000000,239.000000,262.000000
495,1743685863277632,177.791000,-129.791000,134.791000,177.791000,127.791000,359.790985,177.643997,-129.626007,134.630997,177.451996,127.581001,359.674988,-112.000000,-421.000000,1698.000000,-1381.000000,506.000000,188.000000
497,1743685863283243,177.860001,-129.860001,134.860001,177.860001,127.860001,359.859985,177.705002,-129.695999,134.703995,177.496002,127.657997,359.750000,-111.000000,-587.000000,1775.000000,653.000000,242.000000,3.000000
497,1743685863287738,177.860001,-129.860001,134.860001,177.860001,127.860001,359.859985,177.746994,-129.748001,134.750000,177.513000,127.714996,359.809998,-298.000000,-462.000000,1476.000000,1323.000000,137.000000,-53.000000
498,1743685863293374,177.888000,-129.888000,134.888000,177.888000,127.888000,359.888000,177.781998,-129.796005,134.798996,177.511002,127.764000,359.860992,-463.000000,-108.000000,1491.000000,1736.000000,244.000000,115.000000
499,1743685863297864,177.912003,-129.912003,134.912003,177.912003,127.912003,359.911987,177.835999,-129.847000,134.850998,177.503998,127.799004,359.898987,94.000000,-265.000000,1284.000000,1853.000000,373.000000,325.000000
500,1743685863303441,177.932999,-129.932999,134.932999,177.932999,127.932999,359.933014,177.908997,-129.884003,134.889999,177.565002,127.835999,359.931000,-210.000000,-72.000000,1133.000000,1827.000000,206.000000,237.000000
501,1743685863307947,177.949997,-129.949997,134.949997,177.949997,127.949997,359.950012,177.932999,-129.901993,134.906998,177.572998,127.856003,359.962006,-353.000000,-303.000000,1393.000000,1825.000000,298.000000,189.000000
502,1743685863312468,177.962997,-129.962997,134.962997,177.962997,127.962997,359.963013,177.972000,-129.942001,134.953995,177.595001,127.887001,359.988007,6.000000,-566.000000,1410.000000,1620.000000,215.000000,120.000000
503,1743685863318065,177.973999,-129.973999,134.973999,177.973999,127.973999,359.973999,177.992004,-129.957993,134.970993,177.621002,127.912003,360.013000,-95.000000,-619.000000,1546.000000,1081.000000,184.000000,89.000000
504,1743685863322524,177.983002,-129.983002,134.983002,177.983002,127.983002,359.983002,178.020996,-129.983002,134.992996,177.639008,127.939003,360.041992,-154.000000,-536.000000,1876.000000,498.000000,325.000000,171.000000
505,1743685863328063,177.988998,-129.988998,134.988998,177.988998,127.988998,359.989014,178.041000,-130.003006,135.014999,177.695007,127.948997,360.049988,-123.000000,-433.000000,1725.000000,-376.000000,331.000000,190.000000
506,1743685863332578,177.994003,-129.994003,134.994003,177.994003,127.994003,359.993988,178.044998,-130.016998,135.020996,177.800995,127.971001,360.071991,32.000000,-377.000000,1790.000000,-1561.000000,326.000000,218.000000
507,1743685863338165,177.996994,-129.996994,134.996994,177.996994,127.997002,359.997009,178.048996,-130.037994,135.033997,177.869995,127.977997,360.083008,40.000000,-61.000000,1880.000000,-1315.000000,370.000000,202.000000
508,1743685863342601,177.998993,-129.998993,134.998993,177.998993,127.999001,359.998993,178.074005,-130.042999,135.041000,177.876007,127.988998,360.088989,7.000000,-359.000000,2065.000000,-104.000000,313.000000,224.000000
509,1743685863348184,178.000000,-130.000000,135.000000,178.000000,128.000000,360.000000,178.095001,-130.042007,135.046005,177.884995,127.994003,360.096985,-139.000000,-243.000000,1932.000000,173.000000,277.000000,223.000000
510,1743685863352662,178.000000,-130.000000,135.000000,178.000000,128.000000,360.000000,178.102997,-130.046997,135.054001,177.901001,127.998001,360.101990,-281.000000,-361.000000,2093.000000,380.000000,296.000000,121.000000
511,1743685863358201,178.000000,-130.000000,135.000000,178.000000,128.000000,360.000000,178.097000,-130.044998,135.052994,177.897995,128.001007,360.105011,-34.000000,-534.000000,2030.000000,349.000000,293.000000,93.000000
511,1743685863362673,178.000000,-130.000000,135.000000,178.000000,128.000000,360.000000,178.085007,-130.048996,135.056000,177.873993,128.007004,360.109009,-155.000000,-418.000000,1988.000000,388.000000,300.000000,49.000000
511,1743685863368213,178.000000,-130.000000,135.000000,178.000000,128.000000,360.000000,178.078003,-130.054001,135.059006,177.882996,128.011993,360.110992,-7.000000,-544.000000,2091.000000,442.000000,287.000000,71.000000
511,1743685863372637,178.000000,-130.000000,135.000000,178.000000,128.000000,360.000000,178.080994,-130.057007,135.059998,177.893005,128.011993,360.113007,56.000000,-484.000000,1958.000000,347.000000,194.000000,58.000000
511,1743685863378203,178.000000,-130.000000,135.000000,178.000000,128.000000,360.000000,178.082001,-130.052994,135.057007,177.882996,128.013000,360.112000,-7.000000,-388.000000,1859.000000,377.000000,247.000000,59.000000
511,1743685863382671,178.000000,-130.000000,135.000000,178.000000,128.000000,360.000000,178.074005,-130.057007,135.059998,177.886993,128.013000,360.112000,-53.000000,-370.000000,1856.000000,388.000000,238.000000,110.000000
511,1743685863388274,178.000000,-130.000000,135.000000,178.000000,128.000000,360.000000,178.072998,-130.056000,135.059998,177.886993,128.013000,360.112000,-71.000000,-351.000000,1861.000000,360.000000,241.000000,19.000000
511,1743685863392704,178.000000,-130.000000,135.000000,178.000000,128.000000,360.000000,178.074005,-130.054001,135.059006,177.882996,128.013000,360.112000,-87.000000,-332.000000,1826.000000,410.000000,236.000000,18.000000
511,1743685863398272,178.000000,-130.000000,135.000000,178.000000,128.000000,360.000000,178.070999,-130.056000,135.059006,177.889999,128.013000,360.110992,-93.000000,-309.000000,1819.000000,414.000000,226.000000,9.000000
511,1743685863402751,178.000000,-130.000000,135.000000,178.000000,128.000000,360.000000,178.057999,-130.056000,135.059006,177.886002,128.014999,360.112000,-114.000000,-290.000000,1795.000000,409.000000,223.000000,40.000000
511,1743685863408309,178.000000,-130.000000,135.000000,178.000000,128.000000,360.000000,178.057999,-130.056000,135.059006,177.886002,128.014999,360.112000,-114.000000,-290.000000,1795.000000,409.000000,223.000000,40.000000
511,1743685863412795,178.000000,-130.000000,135.000000,178.000000,128.000000,360.000000,178.048004,-130.056000,135.059006,177.882004,128.014999,360.112000,-114.000000,-274.000000,1773.000000,444.000000,216.000000,-26.000000
511,1743685863418347,178.000000,-130.000000,135.000000,178.000000,128.000000,360.000000,178.052002,-130.057007,135.061005,177.884995,128.011993,360.110992,-137.000000,-249.000000,1740.000000,453.000000,211.000000,-48.000000
511,1743685863422801,178.000000,-130.000000,135.000000,178.000000,128.000000,360.000000,178.052002,-130.057007,135.061005,177.884995,128.011993,360.110992,-137.000000,-249.000000,1740.000000,453.000000,211.000000,-48.000000
511,1743685863428302,178.000000,-130.000000,135.000000,178.000000,128.000000,360.000000,178.065994,-130.052994,135.059006,177.886993,128.014999,360.112000,-142.000000,-230.000000,1720.000000,477.000000,204.000000,-35.000000
511,1743685863432665,178.000000,-130.000000,135.000000,178.000000,128.000000,360.000000,178.067001,-130.056000,135.059006,177.889008,128.013000,360.112000,-153.000000,-208.000000,1710.000000,469.000000,196.000000,-60.000000
511,1743685863438183,178.000000,-130.000000,135.000000,178.000000,128.000000,360.000000,178.059998,-130.054001,135.059998,177.886993,128.013000,360.110992,-147.000000,-198.000000,1697.000000,473.000000,185.000000,-72.000000
511,1743685863442699,178.000000,-130.000000,135.000000,178.000000,128.000000,360.000000,178.059006,-130.054001,135.059998,177.884995,128.013000,360.110992,-172.000000,-178.000000,1648.000000,498.000000,188.000000,-81.000000
511,1743685863448285,178.000000,-130.000000,135.000000,178.000000,128.000000,360.000000,178.061996,-130.052994,135.059998,177.889008,128.014999,360.112000,-164.000000,-152.000000,1638.000000,508.000000,184.000000,-82.000000
511,1743685863452738,178.000000,-130.000000,135.000000,178.000000,128.000000,360.000000,178.063004,-130.052994,135.059006,177.886993,128.013000,360.112000,-173.000000,-138.000000,1629.000000,516.000000,176.000000,-89.000000
511,1743685863458335,178.000000,-130.000000,135.000000,178.000000,128.000000,360.000000,178.059998,-130.052994,135.059998,177.886993,128.013000,360.110992,-181.000000,-135.000000,1600.000000,527.000000,174.000000,-91.000000
511,1743685863462882,178.000000,-130.000000,135.000000,178.000000,128.000000,360.000000,178.061996,-130.054001,135.059998,177.886993,128.013000,360.110992,-179.000000,-118.000000,1588.000000,527.000000,171.000000,-99.000000
511,1743685863467422,178.000000,-130.000000,135.000000,178.000000,128.000000,360.000000,178.067001,-130.052994,135.059998,177.889008,128.013000,360.110992,-179.000000,-112.000000,1565.000000,543.000000,161.000000,-98.000000
511,1743685863472943,178.000000,-130.000000,135.000000,178.000000,128.000000,360.000000,178.078003,-130.050003,135.059006,177.891998,128.013000,360.108002,-196.000000,-132.000000,1552.000000,549.000000,153.000000,-75.000000
511,1743685863478500,178.000000,-130.000000,135.000000,178.000000,128.000000,360.000000,178.080994,-130.050003,135.059998,177.893005,128.013000,360.109009,-211.000000,-114.000000,1527.000000,550.000000,153.000000,-30.000000
511,1743685863482972,178.000000,-130.000000,135.000000,178.000000,128.000000,360.000000,178.070007,-130.048996,135.059006,177.891998,128.011993,360.108002,-222.000000,-115.000000,1509.000000,562.000000,145.000000,-1.000000
511,1743685863487510,178.000000,-130.000000,135.000000,178.000000,128.000000,360.000000,178.063004,-130.050003,135.059998,177.889008,128.014999,360.105011,-222.000000,-99.000000,1494.000000,579.000000,145.000000,-39.000000
511,1743685863493111,178.000000,-130.000000,135.000000,178.000000,128.000000,360.000000,178.061996,-130.050003,135.059998,177.889999,128.014999,360.105011,-210.000000,-84.000000,1463.000000,590.000000,140.000000,-55.000000
511,1743685863497598,178.000000,-130.000000,135.000000,178.000000,128.000000,360.000000,178.065994,-130.050003,135.059006,177.891998,128.013000,360.104004,-175.000000,-57.000000,1454.000000,590.000000,137.000000,-101.000000
511,1743685863503198,178.000000,-130.000000,135.000000,178.000000,128.000000,360.000000,178.065994,-130.048996,135.059998,177.891998,128.013000,360.101990,-196.000000,-76.000000,1441.000000,606.000000,129.000000,-49.000000
511,1743685863507703,178.000000,-130.000000,135.000000,178.000000,128.000000,360.000000,178.061996,-130.046997,135.059998,177.891998,128.013000,360.101013,-198.000000,-58.000000,1436.000000,605.000000,117.000000,-108.000000
511,1743685863513270,178.000000,-130.000000,135.000000,178.000000,128.000000,360.000000,178.057999,-130.046005,135.059998,177.891998,128.014999,360.101013,-190.000000,-77.000000,1402.000000,617.000000,114.000000,-76.000000
511,1743685863517676,178.000000,-130.000000,135.000000,178.000000,128.000000,360.000000,178.059006,-130.042999,135.059006,177.891998,128.011993,360.100006,-178.000000,-102.000000,1389.000000,632.000000,114.000000,-39.000000
511,1743685863523201,178.000000,-130.000000,135.000000,178.000000,128.000000,360.000000,178.057999,-130.042999,135.059998,177.891998,128.013000,360.097992,-169.000000,-91.000000,1367.000000,638.000000,112.000000,-9.000000
511,1743685863527684,178.000000,-130.000000,135.000000,178.000000,128.000000,360.000000,178.050995,-130.046005,135.059998,177.891998,128.013000,360.097992,-183.000000,-85.000000,1334.000000,651.000000,110.000000,-18.000000
511,1743685863533245,178.000000,-130.000000,135.000000,178.000000,128.000000,360.000000,178.046997,-130.044998,135.059006,177.891998,128.014999,360.096985,-180.000000,-49.000000,1305.000000,656.000000,100.000000,-16.000000
511,1743685863537727,178.000000,-130.000000,135.000000,178.000000,128.000000,360.000000,178.044998,-130.044998,135.059998,177.891998,128.013000,360.096008,-162.000000,-46.000000,1315.000000,667.000000,99.000000,-54.000000
511,1743685863543322,178.000000,-130.000000,135.000000,178.000000,128.000000,360.000000,178.054993,-130.042007,135.059006,177.893997,128.013000,360.096008,-158.000000,-36.000000,1295.000000,677.000000,90.000000,-76.000000
511,1743685863547838,178.000000,-130.000000,135.000000,178.000000,128.000000,360.000000,178.056000,-130.041000,135.059006,177.895996,128.013000,360.096008,-183.000000,-43.000000,1273.000000,678.000000,91.000000,-71.000000
511,1743685863553439,178.000000,-130.000000,135.000000,178.000000,128.000000,360.000000,178.057999,-130.041000,135.059998,177.895996,128.013000,360.096008,-194.000000,-41.000000,1256.000000,695.000000,85.000000,-55.000000
511,1743685863557910,178.000000,-130.000000,135.000000,178.000000,128.000000,360.000000,178.057999,-130.041000,135.059998,177.895996,128.013000,360.096008,-194.000000,-41.000000,1256.000000,695.000000,85.000000,-55.000000
511,1743685863563478,178.000000,-130.000000,135.000000,178.000000,128.000000,360.000000,178.048996,-130.037994,135.059998,177.893997,128.013000,360.093994,-180.000000,-41.000000,1211.000000,712.000000,72.000000,-95.000000
511,1743685863567938,178.000000,-130.000000,135.000000,178.000000,128.000000,360.000000,178.048996,-130.037994,135.059998,177.893997,128.013000,360.093994,-180.000000,-41.000000,1211.000000,712.000000,72.000000,-95.000000
511,1743685863573444,178.000000,-130.000000,135.000000,178.000000,128.000000,360.000000,178.052994,-130.037994,135.059006,177.897003,128.013000,360.093994,-177.000000,-34.000000,1167.000000,720.000000,69.000000,-85.000000
511,1743685863577849,178.000000,-130.000000,135.000000,178.000000,128.000000,360.000000,178.052994,-130.037994,135.059006,177.897003,128.013000,360.093994,-177.000000,-34.000000,1167.000000,720.000000,69.000000,-85.000000
511,1743685863583462,178.000000,-130.000000,135.000000,178.000000,128.000000,360.000000,178.052994,-130.039001,135.059998,177.895996,128.013000,360.092987,-175.000000,-21.000000,1149.000000,736.000000,50.000000,-96.000000
511,1743685863587968,178.000000,-130.000000,135.000000,178.000000,128.000000,360.000000,178.054993,-130.035995,135.059006,177.897003,128.013000,360.092987,-165.000000,-18.000000,1138.000000,745.000000,48.000000,-90.000000
511,1743685863593576,178.000000,-130.000000,135.000000,178.000000,128.000000,360.000000,178.057999,-130.035995,135.059006,177.897003,128.013000,360.092987,-158.000000,-30.000000,1096.000000,754.000000,44.000000,-96.000000
511,1743685863598058,178.000000,-130.000000,135.000000,178.000000,128.000000,360.000000,178.057999,-130.035004,135.059006,177.899994,128.011993,360.093994,-182.000000,-32.000000,1114.000000,765.000000,44.000000,-84.000000
511,1743685863602511,178.000000,-130.000000,135.000000,178.000000,128.000000,360.000000,178.052002,-130.035995,135.059998,177.897995,128.013000,360.092987,-184.000000,-34.000000,1087.000000,752.000000,38.000000,-82.000000
511,1743685863608138,178.000000,-130.000000,135.000000,178.000000,128.000000,360.000000,178.041000,-130.035004,135.061005,177.897003,128.013000,360.092987,-173.000000,-22.000000,1075.000000,784.000000,29.000000,-93.000000
511,1743685863612641,178.000000,-130.000000,135.000000,178.000000,128.000000,360.000000,178.037003,-130.035004,135.059998,177.897003,128.011993,360.091003,-131.000000,-30.000000,1040.000000,788.000000,30.000000,-46.000000
511,1743685863618096,178.000000,-130.000000,135.000000,178.000000,128.000000,360.000000,178.033997,-130.031998,135.059006,177.897995,128.013000,360.091003,-118.000000,-29.000000,1038.000000,800.000000,27.000000,-71.000000
511,1743685863622516,178.000000,-130.000000,135.000000,178.000000,128.000000,360.000000,178.037994,-130.031998,135.059998,177.899994,128.011993,360.089996,-109.000000,-11.000000,1001.000000,806.000000,22.000000,-78.000000
511,1743685863628073,178.000000,-130.000000,135.000000,178.000000,128.000000,360.000000,178.037994,-130.031006,135.059998,177.897995,128.013000,360.089996,-130.000000,-12.000000,981.000000,811.000000,17.000000,-104.000000
511,1743685863632517,178.000000,-130.000000,135.000000,178.000000,128.000000,360.000000,178.037994,-130.031006,135.059006,177.899994,128.013000,360.088989,-140.000000,-19.000000,976.000000,804.000000,20.000000,-45.000000
511,1743685863638040,178.000000,-130.000000,135.000000,178.000000,128.000000,360.000000,178.037994,-130.029999,135.059006,177.899994,128.011993,360.089996,-118.000000,-18.000000,938.000000,817.000000,12.000000,-53.000000
511,1743685863643592,178.000000,-130.000000,135.000000,178.000000,128.000000,360.000000,178.037994,-130.029999,135.059998,177.899994,128.013000,360.087006,-134.000000,-25.000000,943.000000,823.000000,10.000000,-73.000000
511,1743685863648104,178.000000,-130.000000,135.000000,178.000000,128.000000,360.000000,178.035995,-130.028000,135.059998,177.899994,128.011993,360.087006,-111.000000,-14.000000,900.000000,820.000000,2.000000,-73.000000
511,1743685863652600,178.000000,-130.000000,135.000000,178.000000,128.000000,360.000000,178.031006,-130.029999,135.059006,177.899994,128.013000,360.087006,-105.000000,-6.000000,879.000000,834.000000,0.000000,-15.000000
511,1743685863658192,178.000000,-130.000000,135.000000,178.000000,128.000000,360.000000,178.033005,-130.026993,135.059998,177.899994,128.011993,360.085999,-93.000000,-13.000000,899.000000,837.000000,-6.000000,-84.000000
511,1743685863662689,178.000000,-130.000000,135.000000,178.000000,128.000000,360.000000,178.033997,-130.026993,135.059998,177.899994,128.011002,360.085999,-100.000000,-14.000000,840.000000,835.000000,-3.000000,-84.000000
511,1743685863668322,178.000000,-130.000000,135.000000,178.000000,128.000000,360.000000,178.039993,-130.024994,135.059998,177.901001,128.011002,360.084991,-56.000000,-8.000000,833.000000,841.000000,8.000000,-72.000000
511,1743685863672800,178.000000,-130.000000,135.000000,178.000000,128.000000,360.000000,178.042007,-130.024002,135.059006,177.901001,128.011002,360.084991,-115.000000,-19.000000,846.000000,844.000000,-8.000000,-34.000000
511,1743685863678451,178.000000,-130.000000,135.000000,178.000000,128.000000,360.000000,178.039993,-130.022995,135.059006,177.901001,128.007996,360.083008,-103.000000,-23.000000,815.000000,844.000000,-14.000000,-47.000000
511,1743685863683003,178.000000,-130.000000,135.000000,178.000000,128.000000,360.000000,178.035995,-130.024002,135.059006,177.901001,128.007996,360.083008,-92.000000,-32.000000,796.000000,855.000000,-8.000000,-24.000000
511,1743685863687503,178.000000,-130.000000,135.000000,178.000000,128.000000,360.000000,178.033997,-130.024002,135.059006,177.901001,128.007996,360.082001,-102.000000,-20.000000,784.000000,857.000000,-9.000000,-63.000000
511,1743685863693144,178.000000,-130.000000,135.000000,178.000000,128.000000,360.000000,178.033997,-130.020996,135.059006,177.901001,128.007004,360.079987,-101.000000,-7.000000,775.000000,864.000000,-27.000000,-72.000000
511,1743685863697673,178.000000,-130.000000,135.000000,178.000000,128.000000,360.000000,178.033005,-130.020996,135.059006,177.901001,128.005005,360.082001,-68.000000,5.000000,741.000000,870.000000,-21.000000,-46.000000
511,1743685863703232,178.000000,-130.000000,135.000000,178.000000,128.000000,360.000000,178.031006,-130.020004,135.059006,177.901001,128.005005,360.082001,-81.000000,-5.000000,745.000000,875.000000,-22.000000,-73.000000
511,1743685863707635,178.000000,-130.000000,135.000000,178.000000,128.000000,360.000000,178.031006,-130.018997,135.059006,177.901001,128.003998,360.079987,-79.000000,0.000000,725.000000,877.000000,-14.000000,-38.000000
511,1743685863713163,178.000000,-130.000000,135.000000,178.000000,128.000000,360.000000,178.031006,-130.018997,135.059006,177.903000,128.003998,360.079010,-68.000000,-26.000000,698.000000,884.000000,-24.000000,-7.000000
511,1743685863717602,178.000000,-130.000000,135.000000,178.000000,128.000000,360.000000,178.031006,-130.016998,135.057007,177.903000,128.005005,360.078003,-101.000000,-12.000000,672.000000,886.000000,-29.000000,-58.000000
511,1743685863723107,178.000000,-130.000000,135.000000,178.000000,128.000000,360.000000,178.026993,-130.016006,135.057007,177.901001,128.003006,360.078003,-108.000000,-21.000000,676.000000,885.000000,-7.000000,-70.000000
511,1743685863727559,178.000000,-130.000000,135.000000,178.000000,128.000000,360.000000,178.024994,-130.016998,135.059006,177.903000,128.003006,360.078003,-98.000000,-13.000000,616.000000,894.000000,-23.000000,-21.000000
511,1743685863733164,178.000000,-130.000000,135.000000,178.000000,128.000000,360.000000,178.022995,-130.016998,135.057007,177.903000,128.003006,360.079010,-80.000000,-11.000000,642.000000,902.000000,-4.000000,-45.000000
511,1743685863737667,178.000000,-130.000000,135.000000,178.000000,128.000000,360.000000,178.022995,-130.016998,135.057007,177.903000,128.003006,360.079010,-80.000000,-11.000000,642.000000,902.000000,-4.000000,-45.000000
511,1743685863743233,178.000000,-130.000000,135.000000,178.000000,128.000000,360.000000,178.022995,-130.016006,135.057007,177.903000,128.003006,360.075989,-72.000000,0.000000,616.000000,906.000000,-10.000000,-50.000000
511,1743685863747664,178.000000,-130.000000,135.000000,178.000000,128.000000,360.000000,178.026001,-130.016006,135.059006,177.903000,128.001007,360.075012,-80.000000,0.000000,595.000000,911.000000,-13.000000,-46.000000
511,1743685863753296,178.000000,-130.000000,135.000000,178.000000,128.000000,360.000000,178.022995,-130.014008,135.057007,177.903000,128.003006,360.074005,-89.000000,-7.000000,638.000000,918.000000,-16.000000,-20.000000
511,1743685863757744,178.000000,-130.000000,135.000000,178.000000,128.000000,360.000000,178.022003,-130.013000,135.054001,177.903000,128.001007,360.075012,-100.000000,-9.000000,617.000000,920.000000,-11.000000,-28.000000
511,1743685863763252,178.000000,-130.000000,135.000000,178.000000,128.000000,360.000000,178.022995,-130.011993,135.054001,177.903000,128.001007,360.074005,-86.000000,-13.000000,588.000000,923.000000,-10.000000,-22.000000
511,1743685863767648,178.000000,-130.000000,135.000000,178.000000,128.000000,360.000000,178.020996,-130.011993,135.052994,177.903000,128.001007,360.074005,-85.000000,-18.000000,588.000000,928.000000,-9.000000,-14.000000
511,1743685863773196,178.000000,-130.000000,135.000000,178.000000,128.000000,360.000000,178.020996,-130.009995,135.052994,177.904007,128.003006,360.074005,-114.000000,-5.000000,596.000000,936.000000,-7.000000,-42.000000
511,1743685863777630,178.000000,-130.000000,135.000000,178.000000,128.000000,360.000000,178.018997,-130.009003,135.052002,177.903000,128.001007,360.071991,-102.000000,-17.000000,590.000000,939.000000,-13.000000,-24.000000
511,1743685863783229,178.000000,-130.000000,135.000000,178.000000,128.000000,360.000000,178.022003,-130.009003,135.052002,177.904007,128.001007,360.071991,-96.000000,-12.000000,580.000000,946.000000,-11.000000,-44.000000
511,1743685863787674,178.000000,-130.000000,135.000000,178.000000,128.000000,360.000000,178.022995,-130.009003,135.050003,177.903000,128.000000,360.071014,-114.000000,-12.000000,562.000000,947.000000,-13.000000,-58.000000
511,1743685863793268,178.000000,-130.000000,135.000000,178.000000,128.000000,360.000000,178.024994,-130.005997,135.048996,177.904007,128.000000,360.071014,-121.000000,-9.000000,593.000000,946.000000,-9.000000,-44.000000
511,1743685863797762,178.000000,-130.000000,135.000000,178.000000,128.000000,360.000000,178.024994,-130.005997,135.050003,177.904007,128.000000,360.071014,-136.000000,-10.000000,594.000000,951.000000,-8.000000,-28.000000
511,1743685863803351,178.000000,-130.000000,135.000000,178.000000,128.000000,360.000000,178.022003,-130.005997,135.048004,177.904007,128.001007,360.071014,-126.000000,-18.000000,550.000000,963.000000,-5.000000,-19.000000
511,1743685863807815,178.000000,-130.000000,135.000000,178.000000,128.000000,360.000000,178.016006,-130.005005,135.048996,177.904999,128.001007,360.070007,-113.000000,-18.000000,554.000000,954.000000,-7.000000,-47.000000
511,1743685863813399,178.000000,-130.000000,135.000000,178.000000,128.000000,360.000000,178.016006,-130.003006,135.048004,177.904999,128.000000,360.070007,-116.000000,-26.000000,576.000000,971.000000,-8.000000,-50.000000
511,1743685863817838,178.000000,-130.000000,135.000000,178.000000,128.000000,360.000000,178.014999,-130.003006,135.046005,177.904999,127.998001,360.071014,-120.000000,-16.000000,525.000000,971.000000,-9.000000,-46.000000
511,1743685863823341,178.000000,-130.000000,135.000000,178.000000,128.000000,360.000000,178.014999,-130.003006,135.048004,177.904007,128.001007,360.067993,-109.000000,-22.000000,548.000000,974.000000,-8.000000,-61.000000
511,1743685863827745,178.000000,-130.000000,135.000000,178.000000,128.000000,360.000000,178.014999,-130.001999,135.046005,177.904007,128.000000,360.067993,-121.000000,-45.000000,498.000000,982.000000,-13.000000,-62.000000
511,1743685863833273,178.000000,-130.000000,135.000000,178.000000,128.000000,360.000000,178.014999,-130.001007,135.042999,177.904999,128.000000,360.066986,-135.000000,-41.000000,526.000000,986.000000,-9.000000,-73.000000
511,1743685863837702,178.000000,-130.000000,135.000000,178.000000,128.000000,360.000000,178.014999,-129.998993,135.042999,177.904999,128.000000,360.066986,-150.000000,-49.000000,494.000000,994.000000,-9.000000,-67.000000
511,1743685863843288,178.000000,-130.000000,135.000000,178.000000,128.000000,360.000000,178.014008,-130.001007,135.042007,177.906998,127.998001,360.067993,-152.000000,-49.000000,497.000000,999.000000,-9.000000,-76.000000
511,1743685863847746,178.000000,-130.000000,135.000000,178.000000,128.000000,360.000000,178.009995,-130.001999,135.042007,177.904999,128.001007,360.065002,-147.000000,-44.000000,489.000000,1001.000000,-9.000000,-76.000000
511,1743685863853358,178.000000,-130.000000,135.000000,178.000000,128.000000,360.000000,178.007004,-130.001007,135.041000,177.906998,128.001007,360.065002,-143.000000,-35.000000,495.000000,1006.000000,-9.000000,-58.000000
511,1743685863857854,178.000000,-130.000000,135.000000,178.000000,128.000000,360.000000,178.007996,-130.001007,135.042007,177.904999,127.998001,360.066986,-121.000000,-45.000000,497.000000,1007.000000,-10.000000,-57.000000
511,1743685863863438,178.000000,-130.000000,135.000000,178.000000,128.000000,360.000000,178.007996,-129.998993,135.041000,177.904999,128.000000,360.065002,-157.000000,-47.000000,471.000000,1015.000000,-6.000000,-55.000000
511,1743685863867933,178.000000,-130.000000,135.000000,178.000000,128.000000,360.000000,178.009995,-129.998993,135.041000,177.906998,127.998001,360.065002,-153.000000,-52.000000,498.000000,1022.000000,0.000000,-59.000000
511,1743685863873468,178.000000,-130.000000,135.000000,178.000000,128.000000,360.000000,178.009995,-129.998993,135.041000,177.906998,128.000000,360.063995,-151.000000,-54.000000,493.000000,1028.000000,-8.000000,-21.000000
511,1743685863877878,178.000000,-130.000000,135.000000,178.000000,128.000000,360.000000,178.007996,-129.998993,135.037994,177.906998,128.000000,360.066986,-149.000000,-52.000000,533.000000,1034.000000,-5.000000,-54.000000
511,1743685863883362,178.000000,-130.000000,135.000000,178.000000,128.000000,360.000000,178.007996,-129.998993,135.037003,177.906998,127.998001,360.066986,-166.000000,-52.000000,500.000000,1032.000000,-5.000000,-68.000000
511,1743685863887771,178.000000,-130.000000,135.000000,178.000000,128.000000,360.000000,178.009995,-130.001007,135.035004,177.906998,127.998001,360.066986,-156.000000,-51.000000,490.000000,1043.000000,0.000000,-63.000000
511,1743685863893305,178.000000,-130.000000,135.000000,178.000000,128.000000,360.000000,178.007004,-130.001007,135.035004,177.906998,127.997002,360.065002,-165.000000,-51.000000,481.000000,1044.000000,-6.000000,-57.000000
511,1743685863897775,178.000000,-130.000000,135.000000,178.000000,128.000000,360.000000,178.005005,-129.998993,135.033997,177.906998,128.000000,360.066986,-162.000000,-51.000000,508.000000,1050.000000,-2.000000,-48.000000
511,1743685863903351,178.000000,-130.000000,135.000000,178.000000,128.000000,360.000000,178.007004,-129.998993,135.033997,177.906998,127.998001,360.066986,-167.000000,-53.000000,492.000000,1055.000000,-5.000000,-38.000000
511,1743685863907789,178.000000,-130.000000,135.000000,178.000000,128.000000,360.000000,178.007004,-129.998993,135.029999,177.906998,127.998001,360.065002,-175.000000,-63.000000,534.000000,1063.000000,0.000000,-44.000000
511,1743685863913395,178.000000,-130.000000,135.000000,178.000000,128.000000,360.000000,178.003998,-129.998001,135.029999,177.906998,127.998001,360.066986,-164.000000,-56.000000,543.000000,1055.000000,-2.000000,-52.000000
511,1743685863917897,178.000000,-130.000000,135.000000,178.000000,128.000000,360.000000,178.005005,-129.998001,135.029999,177.908005,127.998001,360.065002,-174.000000,-58.000000,536.000000,1065.000000,1.000000,-61.000000
511,1743685863923479,178.000000,-130.000000,135.000000,178.000000,128.000000,360.000000,178.005005,-129.998001,135.029999,177.908005,127.998001,360.065002,-174.000000,-58.000000,536.000000,1065.000000,1.000000,-61.000000
511,1743685863927959,178.000000,-130.000000,135.000000,178.000000,128.000000,360.000000,178.001007,-129.998993,135.026993,177.908005,127.998001,360.065002,-137.000000,-59.000000,549.000000,1079.000000,-4.000000,-64.000000
511,1743685863933515,178.000000,-130.000000,135.000000,178.000000,128.000000,360.000000,178.001007,-129.998993,135.026993,177.908005,127.998001,360.065002,-137.000000,-59.000000,549.000000,1079.000000,-4.000000,-64.000000
511,1743685863937972,178.000000,-130.000000,135.000000,178.000000,128.000000,360.000000,178.000000,-130.001007,135.026001,177.906998,127.998001,360.065002,-149.000000,-59.000000,543.000000,1082.000000,-5.000000,-42.000000
511,1743685863942422,178.000000,-130.000000,135.000000,178.000000,128.000000,360.000000,178.000000,-129.998993,135.024002,177.908005,127.998001,360.065002,-149.000000,-60.000000,545.000000,1086.000000,-3.000000,-73.000000
511,1743685863948001,178.000000,-130.000000,135.000000,178.000000,128.000000,360.000000,178.000000,-129.998993,135.022995,177.908997,128.000000,360.063995,-144.000000,-61.000000,541.000000,1087.000000,-5.000000,-54.000000
511,1743685863952493,178.000000,-130.000000,135.000000,178.000000,128.000000,360.000000,178.000000,-129.998993,135.022995,177.908997,127.997002,360.066986,-144.000000,-67.000000,540.000000,1094.000000,-5.000000,-54.000000
511,1743685863958145,178.000000,-130.000000,135.000000,178.000000,128.000000,360.000000,178.000000,-129.998993,135.020996,177.908997,127.998001,360.065002,-155.000000,-73.000000,531.000000,1097.000000,-3.000000,-55.000000
511,1743685863962671,178.000000,-130.000000,135.000000,178.000000,128.000000,360.000000,178.001007,-129.998001,135.020996,177.908997,127.998001,360.063995,-146.000000,-53.000000,529.000000,1105.000000,-3.000000,-63.000000
511,1743685863968263,178.000000,-130.000000,135.000000,178.000000,128.000000,360.000000,178.000000,-129.998993,135.020996,177.908997,127.997002,360.065002,-147.000000,-62.000000,525.000000,1106.000000,-2.000000,-72.000000
511,1743685863972680,178.000000,-130.000000,135.000000,178.000000,128.000000,360.000000,177.998993,-129.998993,135.018997,177.910995,127.998001,360.063995,-151.000000,-61.000000,526.000000,1113.000000,2.000000,-69.000000
511,1743685863978270,178.000000,-130.000000,135.000000,178.000000,128.000000,360.000000,178.003006,-129.998993,135.018997,177.908997,127.997002,360.065002,-159.000000,-57.000000,530.000000,1121.000000,-2.000000,-65.000000
511,1743685863982700,178.000000,-130.000000,135.000000,178.000000,128.000000,360.000000,178.003006,-129.998001,135.016998,177.910995,127.998001,360.065002,-157.000000,-51.000000,560.000000,1121.000000,-1.000000,-70.000000
511,1743685863988333,178.000000,-130.000000,135.000000,178.000000,128.000000,360.000000,178.003998,-129.998993,135.016998,177.910995,127.997002,360.065002,-187.000000,-55.000000,516.000000,1128.000000,14.000000,-74.000000
511,1743685863992807,178.000000,-130.000000,135.000000,178.000000,128.000000,360.000000,178.003998,-129.998993,135.016006,177.912003,127.996002,360.066986,-197.000000,-53.000000,556.000000,1129.000000,-2.000000,-69.000000
511,1743685863998477,178.000000,-130.000000,135.000000,178.000000,128.000000,360.000000,178.003006,-129.998993,135.014999,177.912003,127.997002,360.065002,-168.000000,-52.000000,562.000000,1139.000000,18.000000,-86.000000
511,1743685864003023,178.000000,-130.000000,135.000000,178.000000,128.000000,360.000000,178.003006,-129.998993,135.013000,177.910995,127.998001,360.063995,-164.000000,-55.000000,542.000000,1143.000000,5.000000,-69.000000
511,1743685864007583,178.000000,-130.000000,135.000000,178.000000,128.000000,360.000000,177.998993,-129.998993,135.011993,177.912003,127.997002,360.063995,-176.000000,-42.000000,554.000000,1148.000000,8.000000,-65.000000
511,1743685864013104,178.000000,-130.000000,135.000000,178.000000,128.000000,360.000000,177.998993,-129.998993,135.009995,177.910995,127.997002,360.066986,-169.000000,-42.000000,525.000000,1151.000000,5.000000,-73.000000
511,1743685864017522,178.000000,-130.000000,135.000000,178.000000,128.000000,360.000000,178.000000,-129.998993,135.009995,177.912003,127.997002,360.065002,-171.000000,-49.000000,535.000000,1155.000000,12.000000,-74.000000
511,1743685864023002,178.000000,-130.000000,135.000000,178.000000,128.000000,360.000000,178.000000,-129.998993,135.007996,177.912003,127.997002,360.063995,-174.000000,-46.000000,530.000000,1157.000000,7.000000,-37.000000
511,1743685864028489,178.000000,-130.000000,135.000000,178.000000,128.000000,360.000000,178.001007,-129.998993,135.005997,177.912003,127.997002,360.065002,-173.000000,-47.000000,574.000000,1167.000000,9.000000,-55.000000
511,1743685864032906,178.000000,-130.000000,135.000000,178.000000,128.000000,360.000000,178.001007,-129.998001,135.005997,177.912003,127.997002,360.063995,-172.000000,-44.000000,582.000000,1172.000000,3.000000,-75.000000
511,1743685864038466,178.000000,-130.000000,135.000000,178.000000,128.000000,360.000000,178.001007,-130.001007,135.001999,177.912003,127.997002,360.063995,-173.000000,-47.000000,601.000000,1170.000000,10.000000,-63.000000
511,1743685864042943,178.000000,-130.000000,135.000000,178.000000,128.000000,360.000000,177.998993,-129.998993,135.001999,177.914001,127.997002,360.063995,-174.000000,-43.000000,599.000000,1178.000000,7.000000,-70.000000
511,1743685864047434,178.000000,-130.000000,135.000000,178.000000,128.000000,360.000000,177.998993,-129.998001,135.001007,177.912003,127.997002,360.065002,-180.000000,-41.000000,609.000000,1183.000000,12.000000,-52.000000
511,1743685864052983,178.000000,-130.000000,135.000000,178.000000,128.000000,360.000000,177.998993,-129.998993,135.001007,177.914001,127.996002,360.065002,-174.000000,-42.000000,606.000000,1188.000000,5.000000,-34.000000
511,1743685864057452,178.000000,-130.000000,135.000000,178.000000,128.000000,360.000000,178.000000,-129.998993,135.001007,177.914993,127.998001,360.063995,-166.000000,-45.000000,596.000000,1193.000000,14.000000,-64.000000
511,1743685864062991,178.000000,-130.000000,135.000000,178.000000,128.000000,360.000000,178.001007,-129.998001,135.001999,177.914001,127.997002,360.065002,-177.000000,-39.000000,604.000000,1190.000000,3.000000,-53.000000
511,1743685864067555,178.000000,-130.000000,135.000000,178.000000,128.000000,360.000000,178.001007,-129.998001,135.001999,177.914001,127.997002,360.065002,-177.000000,-39.000000,604.000000,1190.000000,3.000000,-53.000000
511,1743685864073087,178.000000,-130.000000,135.000000,178.000000,128.000000,360.000000,178.000000,-129.998993,135.001007,177.914993,127.997002,360.063995,-166.000000,-41.000000,626.000000,1203.000000,8.000000,-66.000000
511,1743685864077474,178.000000,-130.000000,135.000000,178.000000,128.000000,360.000000,178.000000,-129.998001,135.001007,177.914993,127.997002,360.063995,-171.000000,-48.000000,610.000000,1208.000000,8.000000,-69.000000
511,1743685864082951,178.000000,-130.000000,135.000000,178.000000,128.000000,360.000000,178.003006,-129.996994,135.001007,177.914993,127.997002,360.065002,-165.000000,-48.000000,612.000000,1208.000000,16.000000,-69.000000
511,1743685864088464,178.000000,-130.000000,135.000000,178.000000,128.000000,360.000000,177.998993,-129.998993,135.001007,177.914993,127.996002,360.065002,-168.000000,-46.000000,615.000000,1212.000000,12.000000,-76.000000
511,1743685864092828,178.000000,-130.000000,135.000000,178.000000,128.000000,360.000000,177.998993,-129.998001,135.001999,177.914993,127.997002,360.065002,-177.000000,-45.000000,613.000000,1224.000000,17.000000,-45.000000
511,1743685864098244,178.000000,-130.000000,135.000000,178.000000,128.000000,360.000000,177.998993,-129.998001,134.998993,177.916000,127.997002,360.063995,-176.000000,-47.000000,606.000000,1226.000000,11.000000,-70.000000
511,1743685864102596,178.000000,-130.000000,135.000000,178.000000,128.000000,360.000000,178.000000,-129.998993,134.998001,177.914993,127.997002,360.063995,-173.000000,-49.000000,623.000000,1228.000000,17.000000,-71.000000
511,1743685864107998,178.000000,-130.000000,135.000000,178.000000,128.000000,360.000000,178.000000,-129.998001,135.001007,177.914993,127.997002,360.063995,-173.000000,-47.000000,616.000000,1231.000000,23.000000,-76.000000
511,1743685864113406,178.000000,-130.000000,135.000000,178.000000,128.000000,360.000000,178.001007,-129.998001,135.001007,177.914993,127.998001,360.063995,-173.000000,-46.000000,625.000000,1241.000000,11.000000,-74.000000
511,1743685864117752,178.000000,-130.000000,135.000000,178.000000,128.000000,360.000000,178.000000,-129.998993,134.998993,177.916000,127.997002,360.065002,-176.000000,-47.000000,598.000000,1244.000000,13.000000,-82.000000
511,1743685864123235,178.000000,-130.000000,135.000000,178.000000,128.000000,360.000000,177.998993,-129.998001,135.001007,177.914993,127.997002,360.063995,-172.000000,-48.000000,610.000000,1253.000000,18.000000,-71.000000
511,1743685864127678,178.000000,-130.000000,135.000000,178.000000,128.000000,360.000000,178.001007,-129.998001,134.998993,177.916000,127.996002,360.062988,-175.000000,-48.000000,620.000000,1247.000000,15.000000,-68.000000
511,1743685864133291,178.000000,-130.000000,135.000000,178.000000,128.000000,360.000000,178.000000,-129.998993,134.998993,177.916000,127.998001,360.065002,-169.000000,-37.000000,625.000000,1259.000000,29.000000,-78.000000
511,1743685864137775,178.000000,-130.000000,135.000000,178.000000,128.000000,360.000000,178.001007,-129.998993,134.998993,177.917999,127.996002,360.063995,-172.000000,-44.000000,616.000000,1263.000000,14.000000,-81.000000
511,1743685864143350,178.000000,-130.000000,135.000000,178.000000,128.000000,360.000000,178.001007,-129.998993,134.998993,177.916000,127.997002,360.063995,-172.000000,-43.000000,608.000000,1268.000000,34.000000,-87.000000
511,1743685864147788,178.000000,-130.000000,135.000000,178.000000,128.000000,360.000000,178.001007,-129.998993,134.998001,177.917999,127.996002,360.065002,-176.000000,-42.000000,614.000000,1273.000000,20.000000,-63.000000
511,1743685864153409,178.000000,-130.000000,135.000000,178.000000,128.000000,360.000000,178.001007,-129.998993,134.998993,177.916000,127.997002,360.063995,-173.000000,-38.000000,630.000000,1280.000000,40.000000,-93.000000
511,1743685864157901,178.000000,-130.000000,135.000000,178.000000,128.000000,360.000000,178.000000,-129.996994,134.998993,177.917999,127.997002,360.063995,-171.000000,-44.000000,613.000000,1285.000000,33.000000,-76.000000
511,1743685864163479,178.000000,-130.000000,135.000000,178.000000,128.000000,360.000000,177.998993,-129.998001,134.998993,177.917999,127.997002,360.065002,-170.000000,-46.000000,621.000000,1292.000000,29.000000,-55.000000
511,1743685864167971,178.000000,-130.000000,135.000000,178.000000,128.000000,360.000000,178.000000,-129.998001,134.998001,177.917999,127.997002,360.062988,-164.000000,-45.000000,620.000000,1293.000000,39.000000,-67.000000
511,1743685864173580,178.000000,-130.000000,135.000000,178.000000,128.000000,360.000000,178.000000,-129.998001,134.998001,177.917999,127.997002,360.062988,-170.000000,-45.000000,622.000000,1296.000000,36.000000,-87.000000
511,1743685864178126,178.000000,-130.000000,135.000000,178.000000,128.000000,360.000000,178.001007,-129.998001,134.998001,177.917999,127.996002,360.065002,-175.000000,-46.000000,617.000000,1291.000000,30.000000,-81.000000
511,1743685864182791,178.000000,-130.000000,135.000000,178.000000,128.000000,360.000000,178.001007,-129.998001,134.998993,177.917999,127.996002,360.063995,-168.000000,-48.000000,633.000000,1300.000000,42.000000,-75.000000
511,1743685864188407,178.000000,-130.000000,135.000000,178.000000,128.000000,360.000000,178.000000,-129.996994,134.998993,177.919006,127.997002,360.062988,-174.000000,-56.000000,616.000000,1311.000000,41.000000,-93.000000
511,1743685864192880,178.000000,-130.000000,135.000000,178.000000,128.000000,360.000000,178.000000,-129.996994,134.998993,177.917999,127.997002,360.063995,-171.000000,-53.000000,622.000000,1317.000000,33.000000,-79.000000
511,1743685864198542,178.000000,-130.000000,135.000000,178.000000,128.000000,360.000000,177.998993,-129.998001,134.998993,177.919006,127.997002,360.062988,-171.000000,-52.000000,629.000000,1320.000000,41.000000,-71.000000
511,1743685864203021,178.000000,-130.000000,135.000000,178.000000,128.000000,360.000000,178.000000,-129.996994,134.998001,177.919998,127.997002,360.063995,-171.000000,-52.000000,630.000000,1326.000000,38.000000,-86.000000
511,1743685864207449,178.000000,-130.000000,135.000000,178.000000,128.000000,360.000000,178.000000,-129.996994,134.998001,177.919006,127.996002,360.063995,-172.000000,-52.000000,636.000000,1325.000000,42.000000,-94.000000
511,1743685864212972,178.000000,-130.000000,135.000000,178.000000,128.000000,360.000000,178.000000,-129.996994,134.998993,177.919006,127.997002,360.063995,-163.000000,-51.000000,623.000000,1338.000000,47.000000,-80.000000
511,1743685864217479,178.000000,-130.000000,135.000000,178.000000,128.000000,360.000000,177.998993,-129.996994,134.998001,177.919006,127.998001,360.062988,-172.000000,-53.000000,625.000000,1340.000000,43.000000,-81.000000
511,1743685864223020,178.000000,-130.000000,135.000000,178.000000,128.000000,360.000000,178.001007,-129.998001,134.998001,177.919998,127.997002,360.063995,-171.000000,-50.000000,623.000000,1343.000000,34.000000,-97.000000
511,1743685864227531,178.000000,-130.000000,135.000000,178.000000,128.000000,360.000000,178.001007,-129.998001,134.998001,177.919998,127.997002,360.063995,-171.000000,-50.000000,623.000000,1343.000000,34.000000,-97.000000
511,1743685864233180,178.000000,-130.000000,135.000000,178.000000,128.000000,360.000000,178.000000,-129.998001,134.998001,177.921997,127.997002,360.065002,-169.000000,-55.000000,641.000000,1345.000000,34.000000,-104.000000
511,1743685864237651,178.000000,-130.000000,135.000000,178.000000,128.000000,360.000000,178.000000,-129.994995,134.998001,177.921997,127.997002,360.062988,-161.000000,-54.000000,650.000000,1348.000000,43.000000,-72.000000
511,1743685864243301,178.000000,-130.000000,135.000000,178.000000,128.000000,360.000000,177.998993,-129.996994,134.998993,177.921997,127.997002,360.062988,-167.000000,-62.000000,636.000000,1353.000000,51.000000,-91.000000
511,1743685864247800,178.000000,-130.000000,135.000000,178.000000,128.000000,360.000000,178.000000,-129.996994,134.996994,177.921997,127.998001,360.062988,-170.000000,-58.000000,649.000000,1358.000000,47.000000,-91.000000
511,1743685864253377,178.000000,-130.000000,135.000000,178.000000,128.000000,360.000000,177.998993,-129.998001,134.996994,177.921997,127.997002,360.063995,-168.000000,-62.000000,654.000000,1370.000000,38.000000,-99.000000
511,1743685864257828,178.000000,-130.000000,135.000000,178.000000,128.000000,360.000000,177.998993,-129.998001,134.996994,177.921997,127.997002,360.063995,-167.000000,-59.000000,663.000000,1369.000000,42.000000,-81.000000
511,1743685864263377,178.000000,-130.000000,135.000000,178.000000,128.000000,360.000000,178.000000,-129.996994,134.998993,177.923004,127.996002,360.062988,-167.000000,-59.000000,646.000000,1374.000000,41.000000,-79.000000
511,1743685864267851,178.000000,-130.000000,135.000000,178.000000,128.000000,360.000000,177.998993,-129.998001,134.996994,177.923004,127.998001,360.063995,-163.000000,-60.000000,652.000000,1382.000000,36.000000,-73.000000
511,1743685864273401,178.000000,-130.000000,135.000000,178.000000,128.000000,360.000000,178.000000,-129.996994,134.996994,177.923004,127.996002,360.062988,-169.000000,-52.000000,652.000000,1379.000000,48.000000,-72.000000
511,1743685864277831,178.000000,-130.000000,135.000000,178.000000,128.000000,360.000000,178.001007,-129.994995,134.996994,177.923004,127.997002,360.063995,-158.000000,-63.000000,652.000000,1389.000000,34.000000,-73.000000
511,1743685864283381,178.000000,-130.000000,135.000000,178.000000,128.000000,360.000000,178.000000,-129.996994,134.996994,177.925003,127.997002,360.063995,-159.000000,-60.000000,681.000000,1396.000000,40.000000,-73.000000
511,1743685864287854,178.000000,-130.000000,135.000000,178.000000,128.000000,360.000000,178.001007,-129.996994,134.996994,177.925003,127.996002,360.063995,-167.000000,-74.000000,687.000000,1394.000000,46.000000,-64.000000
511,1743685864293351,178.000000,-130.000000,135.000000,178.000000,128.000000,360.000000,177.998993,-129.996994,134.996994,177.925003,127.997002,360.063995,-162.000000,-76.000000,676.000000,1391.000000,42.000000,-73.000000
511,1743685864297761,178.000000,-130.000000,135.000000,178.000000,128.000000,360.000000,178.000000,-129.998001,134.994995,177.925003,127.997002,360.061005,-152.000000,-70.000000,671.000000,1409.000000,44.000000,-85.000000
511,1743685864303260,178.000000,-130.000000,135.000000,178.000000,128.000000,360.000000,178.000000,-129.996994,134.994995,177.925003,127.997002,360.063995,-171.000000,-73.000000,702.000000,1412.000000,41.000000,-88.000000
511,1743685864307653,178.000000,-130.000000,135.000000,178.000000,128.000000,360.000000,178.001007,-129.996994,134.996994,177.925995,127.997002,360.063995,-160.000000,-76.000000,697.000000,1418.000000,44.000000,-78.000000
511,1743685864313153,178.000000,-130.000000,135.000000,178.000000,128.000000,360.000000,178.000000,-129.994995,134.994995,177.925995,127.998001,360.063995,-162.000000,-78.000000,697.000000,1416.000000,37.000000,-84.000000
511,1743685864317551,178.000000,-130.000000,135.000000,178.000000,128.000000,360.000000,178.000000,-129.996994,134.994995,177.925995,127.997002,360.062988,-160.000000,-87.000000,739.000000,1424.000000,47.000000,-72.000000
511,1743685864323060,178.000000,-130.000000,135.000000,178.000000,128.000000,360.000000,178.000000,-129.996994,134.994995,177.925995,127.997002,360.063995,-161.000000,-79.000000,764.000000,1432.000000,42.000000,-61.000000
511,1743685864327523,178.000000,-130.000000,135.000000,178.000000,128.000000,360.000000,178.000000,-129.996994,134.996994,177.927002,127.996002,360.062988,-161.000000,-96.000000,778.000000,1432.000000,44.000000,-94.000000
511,1743685864333069,178.000000,-130.000000,135.000000,178.000000,128.000000,360.000000,178.000000,-129.996994,134.996994,177.927002,127.997002,360.062988,-157.000000,-91.000000,765.000000,1436.000000,53.000000,-59.000000
511,1743685864337533,178.000000,-130.000000,135.000000,178.000000,128.000000,360.000000,178.000000,-129.996994,134.996994,177.927002,127.997002,360.063995,-159.000000,-85.000000,766.000000,1441.000000,53.000000,-71.000000
511,1743685864343105,178.000000,-130.000000,135.000000,178.000000,128.000000,360.000000,178.000000,-129.996994,134.996994,177.927002,127.996002,360.063995,-159.000000,-91.000000,783.000000,1441.000000,54.000000,-61.000000
511,1743685864347576,178.000000,-130.000000,135.000000,178.000000,128.000000,360.000000,178.000000,-129.996994,134.994995,177.927002,127.997002,360.063995,-157.000000,-85.000000,767.000000,1449.000000,52.000000,-48.000000
511,1743685864353160,178.000000,-130.000000,135.000000,178.000000,128.000000,360.000000,178.000000,-129.996994,134.994995,177.929001,127.997002,360.062988,-153.000000,-85.000000,802.000000,1451.000000,46.000000,-49.000000
511,1743685864357639,178.000000,-130.000000,135.000000,178.000000,128.000000,360.000000,178.000000,-129.998001,134.996994,177.929001,127.997002,360.063995,-156.000000,-98.000000,802.000000,1456.000000,41.000000,-61.000000
511,1743685864363244,178.000000,-130.000000,135.000000,178.000000,128.000000,360.000000,177.998993,-129.996994,134.994995,177.929993,127.997002,360.063995,-151.000000,-106.000000,844.000000,1465.000000,54.000000,-56.000000
511,1743685864367663,178.000000,-130.000000,135.000000,178.000000,128.000000,360.000000,178.000000,-129.996994,134.996994,177.929001,127.996002,360.061005,-157.000000,-98.000000,851.000000,1469.000000,55.000000,-58.000000
511,1743685864373160,178.000000,-130.000000,135.000000,178.000000,128.000000,360.000000,178.001007,-129.996994,134.994995,177.929001,127.996002,360.063995,-164.000000,-109.000000,871.000000,1473.000000,51.000000,-66.000000
511,1743685864377558,178.000000,-130.000000,135.000000,178.000000,128.000000,360.000000,178.000000,-129.996994,134.996994,177.929993,127.997002,360.062988,-154.000000,-106.000000,873.000000,1480.000000,50.000000,-66.000000
511,1743685864383081,178.000000,-130.000000,135.000000,178.000000,128.000000,360.000000,178.000000,-129.996994,134.996994,177.929993,127.997002,360.063995,-161.000000,-102.000000,873.000000,1480.000000,57.000000,-61.000000
511,1743685864387546,178.000000,-130.000000,135.000000,178.000000,128.000000,360.000000,178.000000,-129.994995,134.994995,177.931000,127.997002,360.063995,-153.000000,-108.000000,883.000000,1481.000000,58.000000,-39.000000
511,1743685864393135,178.000000,-130.000000,135.000000,178.000000,128.000000,360.000000,177.998993,-129.996994,134.994995,177.931000,127.996002,360.063995,-156.000000,-120.000000,899.000000,1495.000000,52.000000,-48.000000
511,1743685864397593,178.000000,-130.000000,135.000000,178.000000,128.000000,360.000000,178.000000,-129.996994,134.994003,177.931000,127.996002,360.062988,-157.000000,-129.000000,921.000000,1494.000000,61.000000,-90.000000
511,1743685864403200,178.000000,-130.000000,135.000000,178.000000,128.000000,360.000000,178.000000,-129.996994,134.994003,177.931000,127.996002,360.062988,-157.000000,-129.000000,921.000000,1494.000000,61.000000,-90.000000
511,1743685864407659,178.000000,-130.000000,135.000000,178.000000,128.000000,360.000000,178.000000,-129.996994,134.994995,177.931000,127.997002,360.061005,-158.000000,-135.000000,942.000000,1505.000000,72.000000,-57.000000
511,1743685864413265,178.000000,-130.000000,135.000000,178.000000,128.000000,360.000000,178.000000,-129.994995,134.994995,177.932999,127.997002,360.062988,-161.000000,-149.000000,982.000000,1514.000000,65.000000,-52.000000
511,1743685864417756,178.000000,-130.000000,135.000000,178.000000,128.000000,360.000000,178.000000,-129.994995,134.994995,177.932999,127.997002,360.062988,-161.000000,-149.000000,982.000000,1514.000000,65.000000,-52.000000
511,1743685864423332,178.000000,-130.000000,135.000000,178.000000,128.000000,360.000000,178.000000,-129.996994,134.994995,177.932999,127.997002,360.062988,-159.000000,-135.000000,968.000000,1519.000000,57.000000,-65.000000
511,1743685864427737,178.000000,-130.000000,135.000000,178.000000,128.000000,360.000000,177.998993,-129.996994,134.996994,177.932999,127.996002,360.063995,-160.000000,-142.000000,1002.000000,1514.000000,58.000000,-82.000000
511,1743685864433215,178.000000,-130.000000,135.000000,178.000000,128.000000,360.000000,177.998993,-129.996994,134.996994,177.932999,127.998001,360.063995,-163.000000,-156.000000,990.000000,1523.000000,64.000000,-76.000000
511,1743685864437603,178.000000,-130.000000,135.000000,178.000000,128.000000,360.000000,178.001007,-129.996994,134.994995,177.932999,127.997002,360.063995,-168.000000,-156.000000,995.000000,1534.000000,68.000000,-81.000000
511,1743685864443112,178.000000,-130.000000,135.000000,178.000000,128.000000,360.000000,178.000000,-129.996994,134.996994,177.934006,127.997002,360.063995,-165.000000,-149.000000,1002.000000,1533.000000,62.000000,-92.000000
511,1743685864447528,178.000000,-130.000000,135.000000,178.000000,128.000000,360.000000,178.000000,-129.996994,134.994995,177.932999,127.997002,360.063995,-163.000000,-159.000000,988.000000,1532.000000,71.000000,-62.000000
511,1743685864453027,178.000000,-130.000000,135.000000,178.000000,128.000000,360.000000,178.000000,-129.996994,134.994003,177.934006,127.997002,360.063995,-168.000000,-169.000000,1035.000000,1543.000000,82.000000,-72.000000
511,1743685864457448,178.000000,-130.000000,135.000000,178.000000,128.000000,360.000000,178.000000,-129.996994,134.994995,177.932999,127.996002,360.065002,-166.000000,-162.000000,1056.000000,1543.000000,67.000000,-78.000000
511,1743685864463051,178.000000,-130.000000,135.000000,178.000000,128.000000,360.000000,177.998993,-129.996994,134.994995,177.934006,127.997002,360.063995,-166.000000,-160.000000,1080.000000,1546.000000,78.000000,-100.000000
511,1743685864467574,178.000000,-130.000000,135.000000,178.000000,128.000000,360.000000,178.000000,-129.994995,134.994995,177.934998,127.998001,360.062988,-169.000000,-161.000000,1084.000000,1550.000000,70.000000,-86.000000
511,1743685864473171,178.000000,-130.000000,135.000000,178.000000,128.000000,360.000000,178.000000,-129.994995,134.994995,177.936996,127.997002,360.061005,-158.000000,-174.000000,1084.000000,1559.000000,70.000000,-97.000000
511,1743685864477666,178.000000,-130.000000,135.000000,178.000000,128.000000,360.000000,178.001007,-129.996994,134.994995,177.936996,127.997002,360.062988,-157.000000,-186.000000,1097.000000,1565.000000,65.000000,-68.000000
511,1743685864483356,178.000000,-130.000000,135.000000,178.000000,128.000000,360.000000,178.001007,-129.996994,134.994995,177.934998,127.998001,360.063995,-154.000000,-175.000000,1118.000000,1559.000000,65.000000,-76.000000
511,1743685864487814,178.000000,-130.000000,135.000000,178.000000,128.000000,360.000000,178.000000,-129.996994,134.994995,177.936996,127.996002,360.063995,-157.000000,-188.000000,1129.000000,1569.000000,79.000000,-71.000000
511,1743685864493354,178.000000,-130.000000,135.000000,178.000000,128.000000,360.000000,178.000000,-129.994995,134.994995,177.938004,127.997002,360.063995,-152.000000,-196.000000,1130.000000,1580.000000,87.000000,-95.000000
511,1743685864497769,178.000000,-130.000000,135.000000,178.000000,128.000000,360.000000,178.000000,-129.998001,134.996994,177.936996,127.997002,360.061005,-156.000000,-208.000000,1134.000000,1582.000000,76.000000,-99.000000
511,1743685864503381,178.000000,-130.000000,135.000000,178.000000,128.000000,360.000000,177.998993,-129.996994,134.994995,177.938004,127.997002,360.063995,-156.000000,-196.000000,1178.000000,1574.000000,74.000000,-84.000000
511,1743685864507930,178.000000,-130.000000,135.000000,178.000000,128.000000,360.000000,177.998993,-129.994995,134.994995,177.938004,127.997002,360.061005,-156.000000,-213.000000,1196.000000,1591.000000,79.000000,-89.000000
511,1743685864512502,178.000000,-130.000000,135.000000,178.000000,128.000000,360.000000,177.998993,-129.998001,134.994995,177.938004,127.997002,360.062988,-156.000000,-223.000000,1217.000000,1585.000000,74.000000,-124.000000
511,1743685864518117,178.000000,-130.000000,135.000000,178.000000,128.000000,360.000000,178.000000,-129.996994,134.996994,177.938004,127.996002,360.063995,-157.000000,-215.000000,1223.000000,1601.000000,75.000000,-96.000000
511,1743685864522616,178.000000,-130.000000,135.000000,178.000000,128.000000,360.000000,178.000000,-129.996994,134.996994,177.940002,127.998001,360.062988,-156.000000,-219.000000,1218.000000,1602.000000,81.000000,-76.000000
511,1743685864528143,178.000000,-130.000000,135.000000,178.000000,128.000000,360.000000,178.000000,-129.998001,134.994995,177.940002,127.998001,360.059998,-156.000000,-217.000000,1253.000000,1607.000000,86.000000,-91.000000
511,1743685864532579,178.000000,-130.000000,135.000000,178.000000,128.000000,360.000000,178.000000,-129.996994,134.996994,177.940002,127.996002,360.062988,-151.000000,-216.000000,1280.000000,1608.000000,81.000000,-87.000000
511,1743685864538118,178.000000,-130.000000,135.000000,178.000000,128.000000,360.000000,177.998993,-129.996994,134.994995,177.940002,127.998001,360.062988,-147.000000,-221.000000,1265.000000,1616.000000,87.000000,-89.000000
511,1743685864542631,178.000000,-130.000000,135.000000,178.000000,128.000000,360.000000,178.000000,-129.996994,134.994995,177.940994,127.997002,360.063995,-152.000000,-222.000000,1274.000000,1607.000000,80.000000,-118.000000
511,1743685864548227,178.000000,-130.000000,135.000000,178.000000,128.000000,360.000000,178.000000,-129.996994,134.996994,177.940002,127.997002,360.061005,-149.000000,-232.000000,1302.000000,1620.000000,81.000000,-90.000000
511,1743685864552688,178.000000,-130.000000,135.000000,178.000000,128.000000,360.000000,177.998993,-129.998001,134.996994,177.940002,127.998001,360.063995,-145.000000,-232.000000,1329.000000,1621.000000,77.000000,-64.000000
511,1743685864558312,178.000000,-130.000000,135.000000,178.000000,128.000000,360.000000,178.000000,-129.996994,134.994995,177.940994,127.996002,360.062988,-144.000000,-227.000000,1307.000000,1629.000000,81.000000,-114.000000
511,1743685864562969,178.000000,-130.000000,135.000000,178.000000,128.000000,360.000000,178.000000,-129.996994,134.994995,177.940994,127.996002,360.062988,-144.000000,-227.000000,1307.000000,1629.000000,81.000000,-114.000000
511,1743685864568489,178.000000,-130.000000,135.000000,178.000000,128.000000,360.000000,177.998993,-129.996994,134.996994,177.940994,127.997002,360.063995,-147.000000,-226.000000,1322.000000,1634.000000,84.000000,-137.000000
511,1743685864572983,178.000000,-130.000000,135.000000,178.000000,128.000000,360.000000,178.001007,-129.996994,134.994003,177.942001,127.998001,360.062988,-151.000000,-238.000000,1333.000000,1638.000000,84.000000,-60.000000
511,1743685864577460,178.000000,-130.000000,135.000000,178.000000,128.000000,360.000000,178.000000,-129.996994,134.994995,177.942001,127.996002,360.061005,-152.000000,-236.000000,1364.000000,1641.000000,74.000000,-85.000000
511,1743685864583064,178.000000,-130.000000,135.000000,178.000000,128.000000,360.000000,178.000000,-129.996994,134.996994,177.942001,127.997002,360.061005,-149.000000,-234.000000,1333.000000,1651.000000,91.000000,-93.000000
511,1743685864587609,178.000000,-130.000000,135.000000,178.000000,128.000000,360.000000,177.998993,-129.998001,134.994003,177.944000,127.997002,360.059998,-149.000000,-235.000000,1350.000000,1652.000000,83.000000,-96.000000
511,1743685864593242,178.000000,-130.000000,135.000000,178.000000,128.000000,360.000000,178.001007,-129.996994,134.994003,177.944000,127.997002,360.061005,-148.000000,-234.000000,1382.000000,1659.000000,93.000000,-110.000000
511,1743685864597753,178.000000,-130.000000,135.000000,178.000000,128.000000,360.000000,178.000000,-129.996994,134.996994,177.944000,127.997002,360.059998,-141.000000,-241.000000,1399.000000,1661.000000,92.000000,-100.000000
511,1743685864603337,178.000000,-130.000000,135.000000,178.000000,128.000000,360.000000,178.000000,-129.996994,134.996994,177.944000,127.997002,360.059998,-146.000000,-240.000000,1390.000000,1657.000000,94.000000,-105.000000
511,1743685864607730,178.000000,-130.000000,135.000000,178.000000,128.000000,360.000000,178.001007,-129.996994,134.996994,177.944000,127.997002,360.059998,-146.000000,-253.000000,1405.000000,1664.000000,88.000000,-97.000000
511,1743685864613201,178.000000,-130.000000,135.000000,178.000000,128.000000,360.000000,178.000000,-129.996994,134.994995,177.945007,127.997002,360.059998,-145.000000,-248.000000,1416.000000,1675.000000,96.000000,-89.000000
511,1743685864617597,178.000000,-130.000000,135.000000,178.000000,128.000000,360.000000,177.998993,-129.996994,134.994995,177.945007,127.996002,360.059998,-147.000000,-248.000000,1444.000000,1678.000000,100.000000,-109.000000
511,1743685864623048,178.000000,-130.000000,135.000000,178.000000,128.000000,360.000000,178.000000,-129.994995,134.994995,177.945999,127.997002,360.058990,-144.000000,-252.000000,1431.000000,1679.000000,94.000000,-112.000000
511,1743685864627464,178.000000,-130.000000,135.000000,178.000000,128.000000,360.000000,178.000000,-129.996994,134.994995,177.945999,127.996002,360.059998,-143.000000,-258.000000,1451.000000,1680.000000,90.000000,-83.000000
511,1743685864632938,178.000000,-130.000000,135.000000,178.000000,128.000000,360.000000,178.000000,-129.996994,134.994995,177.947998,127.997002,360.058990,-145.000000,-261.000000,1475.000000,1679.000000,101.000000,-111.000000
511,1743685864638425,178.000000,-130.000000,135.000000,178.000000,128.000000,360.000000,177.998993,-129.994995,134.994995,177.947998,127.996002,360.058990,-141.000000,-265.000000,1467.000000,1674.000000,95.000000,-94.000000
511,1743685864642849,178.000000,-130.000000,135.000000,178.000000,128.000000,360.000000,177.998993,-129.998001,134.994995,177.945999,127.997002,360.058990,-140.000000,-265.000000,1462.000000,1685.000000,108.000000,-91.000000
511,1743685864648412,178.000000,-130.000000,135.000000,178.000000,128.000000,360.000000,178.000000,-129.998001,134.996994,177.947998,127.997002,360.058990,-144.000000,-263.000000,1478.000000,1693.000000,103.000000,-114.000000
511,1743685864652878,178.000000,-130.000000,135.000000,178.000000,128.000000,360.000000,178.000000,-129.996994,134.994995,177.949005,127.996002,360.058990,-148.000000,-258.000000,1500.000000,1704.000000,103.000000,-98.000000
511,1743685864658507,178.000000,-130.000000,135.000000,178.000000,128.000000,360.000000,177.998993,-129.996994,134.994995,177.949005,127.997002,360.057007,-139.000000,-269.000000,1510.000000,1689.000000,107.000000,-83.000000
511,1743685864663046,178.000000,-130.000000,135.000000,178.000000,128.000000,360.000000,178.000000,-129.996994,134.994995,177.949005,127.997002,360.057007,-141.000000,-279.000000,1524.000000,1699.000000,96.000000,-89.000000
511,1743685864667576,178.000000,-130.000000,135.000000,178.000000,128.000000,360.000000,178.000000,-129.996994,134.994995,177.949005,127.997002,360.058990,-141.000000,-267.000000,1558.000000,1715.000000,103.000000,-118.000000
511,1743685864673236,178.000000,-130.000000,135.000000,178.000000,128.000000,360.000000,178.000000,-129.996994,134.994003,177.949005,127.997002,360.057007,-140.000000,-274.000000,1551.000000,1720.000000,103.000000,-142.000000
511,1743685864677698,178.000000,-130.000000,135.000000,178.000000,128.000000,360.000000,178.000000,-129.998001,134.994995,177.951004,127.997002,360.058990,-130.000000,-277.000000,1584.000000,1719.000000,100.000000,-122.000000
511,1743685864683227,178.000000,-130.000000,135.000000,178.000000,128.000000,360.000000,178.000000,-129.998001,134.994995,177.949005,127.996002,360.057007,-137.000000,-264.000000,1576.000000,1732.000000,111.000000,-104.000000
511,1743685864687687,178.000000,-130.000000,135.000000,178.000000,128.000000,360.000000,178.001007,-129.996994,134.996994,177.951004,127.996002,360.057007,-138.000000,-271.000000,1601.000000,1721.000000,106.000000,-70.000000
511,1743685864693297,178.000000,-130.000000,135.000000,178.000000,128.000000,360.000000,178.001007,-129.996994,134.996994,177.951004,127.997002,360.056000,-137.000000,-267.000000,1584.000000,1733.000000,111.000000,-90.000000
511,1743685864697780,178.000000,-130.000000,135.000000,178.000000,128.000000,360.000000,178.000000,-129.996994,134.996994,177.951004,127.997002,360.056000,-134.000000,-276.000000,1556.000000,1741.000000,109.000000,-86.000000
511,1743685864703365,178.000000,-130.000000,135.000000,178.000000,128.000000,360.000000,178.000000,-129.996994,134.994995,177.951004,127.998001,360.057007,-134.000000,-270.000000,1581.000000,1738.000000,112.000000,-97.000000
511,1743685864707834,178.000000,-130.000000,135.000000,178.000000,128.000000,360.000000,178.000000,-129.996994,134.994995,177.951996,127.997002,360.057007,-139.000000,-272.000000,1589.000000,1744.000000,103.000000,-77.000000
511,1743685864713451,178.000000,-130.000000,135.000000,178.000000,128.000000,360.000000,178.000000,-129.996994,134.996994,177.953003,127.997002,360.056000,-136.000000,-268.000000,1602.000000,1753.000000,108.000000,-71.000000
511,1743685864717911,178.000000,-130.000000,135.000000,178.000000,128.000000,360.000000,178.000000,-129.996994,134.994995,177.953003,127.997002,360.056000,-137.000000,-271.000000,1610.000000,1740.000000,109.000000,-60.000000
511,1743685864723475,178.000000,-130.000000,135.000000,178.000000,128.000000,360.000000,178.000000,-129.996994,134.996994,177.953003,127.997002,360.053986,-137.000000,-280.000000,1636.000000,1754.000000,107.000000,-62.000000
511,1743685864727889,178.000000,-130.000000,135.000000,178.000000,128.000000,360.000000,178.000000,-129.998001,134.994003,177.955002,127.994003,360.053986,-136.000000,-273.000000,1617.000000,1754.000000,117.000000,-99.000000
511,1743685864733437,178.000000,-130.000000,135.000000,178.000000,128.000000,360.000000,177.998993,-129.996994,134.994995,177.955994,127.997002,360.053986,-133.000000,-273.000000,1653.000000,1757.000000,116.000000,-65.000000
511,1743685864737910,178.000000,-130.000000,135.000000,178.000000,128.000000,360.000000,178.000000,-129.996994,134.994995,177.955994,127.996002,360.053986,-131.000000,-282.000000,1632.000000,1747.000000,113.000000,-73.000000
511,1743685864743518,178.000000,-130.000000,135.000000,178.000000,128.000000,360.000000,178.000000,-129.998001,134.994995,177.957001,127.996002,360.053009,-132.000000,-277.000000,1648.000000,1774.000000,113.000000,-48.000000
511,1743685864748049,178.000000,-130.000000,135.000000,178.000000,128.000000,360.000000,178.000000,-129.998001,134.994995,177.957001,127.996002,360.053009,-132.000000,-277.000000,1648.000000,1774.000000,113.000000,-48.000000
511,1743685864752561,178.000000,-130.000000,135.000000,178.000000,128.000000,360.000000,178.003006,-129.998001,134.994995,177.957001,127.997002,360.053009,-135.000000,-278.000000,1669.000000,1782.000000,122.000000,-67.000000
511,1743685864758155,178.000000,-130.000000,135.000000,178.000000,128.000000,360.000000,178.000000,-129.996994,134.996994,177.955994,127.997002,360.053986,-129.000000,-279.000000,1670.000000,1791.000000,121.000000,-81.000000
511,1743685864762601,178.000000,-130.000000,135.000000,178.000000,128.000000,360.000000,178.000000,-129.996994,134.996994,177.955994,127.997002,360.053986,-129.000000,-279.000000,1670.000000,1791.000000,121.000000,-81.000000
511,1743685864768168,178.000000,-130.000000,135.000000,178.000000,128.000000,360.000000,178.000000,-129.996994,134.996994,177.957001,127.998001,360.053009,-133.000000,-277.000000,1659.000000,1789.000000,127.000000,-58.000000
511,1743685864772654,178.000000,-130.000000,135.000000,178.000000,128.000000,360.000000,178.000000,-129.994995,134.996994,177.955994,127.997002,360.052002,-141.000000,-289.000000,1685.000000,1798.000000,115.000000,-65.000000
511,1743685864778260,178.000000,-130.000000,135.000000,178.000000,128.000000,360.000000,178.000000,-129.996994,134.994995,177.955994,127.996002,360.052002,-129.000000,-287.000000,1705.000000,1807.000000,123.000000,-58.000000
511,1743685864782712,178.000000,-130.000000,135.000000,178.000000,128.000000,360.000000,178.000000,-129.994995,134.994995,177.955994,127.997002,360.052002,-136.000000,-284.000000,1707.000000,1805.000000,128.000000,-105.000000
511,1743685864788321,178.000000,-130.000000,135.000000,178.000000,128.000000,360.000000,178.000000,-129.996994,134.994995,177.957001,127.997002,360.052002,-138.000000,-294.000000,1696.000000,1815.000000,120.000000,-73.000000
511,1743685864792813,178.000000,-130.000000,135.000000,178.000000,128.000000,360.000000,178.000000,-129.996994,134.996994,177.957001,127.998001,360.052002,-139.000000,-301.000000,1735.000000,1816.000000,131.000000,-43.000000
511,1743685864798423,178.000000,-130.000000,135.000000,178.000000,128.000000,360.000000,178.001007,-129.996994,134.996994,177.955994,127.996002,360.049988,-129.000000,-298.000000,1700.000000,1823.000000,127.000000,-52.000000
511,1743685864802910,178.000000,-130.000000,135.000000,178.000000,128.000000,360.000000,178.000000,-129.998001,134.996994,177.955994,127.996002,360.049011,-134.000000,-294.000000,1709.000000,1818.000000,130.000000,-46.000000
511,1743685864808456,178.000000,-130.000000,135.000000,178.000000,128.000000,360.000000,177.998993,-129.998001,134.996994,177.955994,127.997002,360.049011,-136.000000,-300.000000,1716.000000,1836.000000,132.000000,-65.000000
511,1743685864812905,178.000000,-130.000000,135.000000,178.000000,128.000000,360.000000,178.000000,-129.998001,134.996994,177.957001,127.998001,360.049988,-136.000000,-296.000000,1720.000000,1839.000000,124.000000,-33.000000
511,1743685864818417,178.000000,-130.000000,135.000000,178.000000,128.000000,360.000000,178.000000,-129.996994,134.994995,177.955994,127.997002,360.048004,-133.000000,-293.000000,1717.000000,1847.000000,126.000000,-23.000000
511,1743685864822806,178.000000,-130.000000,135.000000,178.000000,128.000000,360.000000,178.000000,-129.998001,134.994995,177.955994,127.996002,360.049011,-135.000000,-308.000000,1748.000000,1843.000000,138.000000,-21.000000
511,1743685864828458,178.000000,-130.000000,135.000000,178.000000,128.000000,360.000000,178.000000,-129.996994,134.996994,177.955994,127.997002,360.045990,-122.000000,-299.000000,1759.000000,1853.000000,133.000000,-66.000000
511,1743685864832988,178.000000,-130.000000,135.000000,178.000000,128.000000,360.000000,178.000000,-129.996994,134.994995,177.957001,127.997002,360.049011,-129.000000,-308.000000,1750.000000,1852.000000,125.000000,-76.000000
511,1743685864837508,178.000000,-130.000000,135.000000,178.000000,128.000000,360.000000,178.000000,-129.996994,134.994995,177.957001,127.998001,360.048004,-139.000000,-308.000000,1767.000000,1858.000000,132.000000,-43.000000
511,1743685864843075,178.000000,-130.000000,135.000000,178.000000,128.000000,360.000000,178.001007,-129.996994,134.994995,177.957001,127.996002,360.048004,-137.000000,-310.000000,1752.000000,1851.000000,128.000000,-25.000000
511,1743685864847577,178.000000,-130.000000,135.000000,178.000000,128.000000,360.000000,178.000000,-129.996994,134.994995,177.959000,127.997002,360.045990,-133.000000,-335.000000,1768.000000,1842.000000,131.000000,-23.000000
511,1743685864853202,178.000000,-130.000000,135.000000,178.000000,128.000000,360.000000,178.001007,-129.996994,134.998001,177.960007,127.997002,360.045013,-134.000000,-329.000000,1767.000000,1842.000000,129.000000,-48.000000
511,1743685864857677,178.000000,-130.000000,135.000000,178.000000,128.000000,360.000000,178.000000,-129.996994,134.996994,177.962006,127.997002,360.045990,-137.000000,-326.000000,1771.000000,1834.000000,130.000000,-86.000000
511,1743685864863196,178.000000,-130.000000,135.000000,178.000000,128.000000,360.000000,178.000000,-129.996994,134.998001,177.962006,127.997002,360.045013,-146.000000,-330.000000,1787.000000,1852.000000,127.000000,-64.000000
511,1743685864867656,178.000000,-130.000000,135.000000,178.000000,128.000000,360.000000,178.000000,-129.996994,134.998001,177.962006,127.997002,360.045990,-127.000000,-326.000000,1781.000000,1848.000000,124.000000,-42.000000
511,1743685864873230,178.000000,-130.000000,135.000000,178.000000,128.000000,360.000000,177.998993,-129.996994,134.996994,177.962006,127.998001,360.042999,-133.000000,-324.000000,1800.000000,1852.000000,135.000000,-67.000000
511,1743685864877705,178.000000,-130.000000,135.000000,178.000000,128.000000,360.000000,178.000000,-129.996994,134.998001,177.964005,127.997002,360.042999,-134.000000,-324.000000,1784.000000,1844.000000,135.000000,-59.000000
511,1743685864883278,178.000000,-130.000000,135.000000,178.000000,128.000000,360.000000,178.000000,-129.996994,134.996994,177.964005,127.996002,360.042999,-134.000000,-328.000000,1778.000000,1860.000000,137.000000,-40.000000
511,1743685864887719,178.000000,-130.000000,135.000000,178.000000,128.000000,360.000000,178.000000,-129.998001,134.996994,177.966003,127.997002,360.045990,-138.000000,-343.000000,1814.000000,1846.000000,144.000000,-79.000000
511,1743685864893301,178.000000,-130.000000,135.000000,178.000000,128.000000,360.000000,178.000000,-129.996994,134.996994,177.966995,127.997002,360.042999,-137.000000,-338.000000,1790.000000,1865.000000,132.000000,-99.000000
511,1743685864897739,178.000000,-130.000000,135.000000,178.000000,128.000000,360.000000,178.000000,-129.996994,134.996994,177.966995,127.997002,360.042999,-145.000000,-336.000000,1789.000000,1866.000000,130.000000,4.000000
511,1743685864903291,178.000000,-130.000000,135.000000,178.000000,128.000000,360.000000,178.000000,-129.996994,134.998001,177.968002,127.997002,360.041992,-141.000000,-336.000000,1794.000000,1862.000000,140.000000,-15.000000
511,1743685864907688,178.000000,-130.000000,135.000000,178.000000,128.000000,360.000000,178.000000,-129.998001,134.996994,177.968002,127.997002,360.041992,-139.000000,-340.000000,1805.000000,1874.000000,139.000000,-26.000000
511,1743685864913173,178.000000,-130.000000,135.000000,178.000000,128.000000,360.000000,178.000000,-129.996994,134.998001,177.970001,127.998001,360.040985,-137.000000,-337.000000,1802.000000,1865.000000,132.000000,6.000000
511,1743685864917587,178.000000,-130.000000,135.000000,178.000000,128.000000,360.000000,178.000000,-129.996994,134.998001,177.970001,127.998001,360.040985,-137.000000,-337.000000,1802.000000,1865.000000,132.000000,6.000000
511,1743685864923081,178.000000,-130.000000,135.000000,178.000000,128.000000,360.000000,178.000000,-129.994995,134.996994,177.970001,127.997002,360.039001,-144.000000,-340.000000,1792.000000,1867.000000,141.000000,-4.000000
511,1743685864927489,178.000000,-130.000000,135.000000,178.000000,128.000000,360.000000,178.001007,-129.998001,134.998001,177.970993,127.998001,360.040985,-141.000000,-351.000000,1799.000000,1874.000000,135.000000,-23.000000
511,1743685864932994,178.000000,-130.000000,135.000000,178.000000,128.000000,360.000000,178.001007,-129.998001,134.998001,177.970993,127.998001,360.040985,-141.000000,-351.000000,1799.000000,1874.000000,135.000000,-23.000000
511,1743685864937484,178.000000,-130.000000,135.000000,178.000000,128.000000,360.000000,177.996994,-129.998001,134.998001,177.973007,127.997002,360.039001,-147.000000,-344.000000,1787.000000,1874.000000,128.000000,-22.000000
511,1743685864943011,178.000000,-130.000000,135.000000,178.000000,128.000000,360.000000,178.000000,-129.994995,134.996994,177.973007,127.998001,360.037994,-146.000000,-336.000000,1821.000000,1863.000000,135.000000,-2.000000
511,1743685864947511,178.000000,-130.000000,135.000000,178.000000,128.000000,360.000000,177.998993,-129.996994,134.996994,177.973999,127.997002,360.036987,-151.000000,-347.000000,1808.000000,1873.000000,138.000000,-14.000000
511,1743685864953082,178.000000,-130.000000,135.000000,178.000000,128.000000,360.000000,178.000000,-129.996994,134.998001,177.975006,127.998001,360.037994,-153.000000,-344.000000,1807.000000,1873.000000,141.000000,-30.000000
511,1743685864957560,178.000000,-130.000000,135.000000,178.000000,128.000000,360.000000,177.998993,-129.996994,134.998001,177.975006,127.997002,360.036987,-155.000000,-341.000000,1800.000000,1882.000000,141.000000,-74.000000
511,1743685864963135,178.000000,-130.000000,135.000000,178.000000,128.000000,360.000000,178.000000,-129.996994,134.996994,177.975006,127.998001,360.035004,-151.000000,-340.000000,1812.000000,1890.000000,150.000000,16.000000
511,1743685864967593,178.000000,-130.000000,135.000000,178.000000,128.000000,360.000000,178.000000,-129.996994,134.996994,177.977997,127.997002,360.035004,-151.000000,-342.000000,1798.000000,1879.000000,144.000000,-27.000000
511,1743685864973086,178.000000,-130.000000,135.000000,178.000000,128.000000,360.000000,178.000000,-129.996994,134.998001,177.977997,127.997002,360.033997,-152.000000,-343.000000,1809.000000,1883.000000,146.000000,-30.000000
511,1743685864977498,178.000000,-130.000000,135.000000,178.000000,128.000000,360.000000,178.000000,-129.996994,134.998001,177.979004,127.997002,360.033997,-143.000000,-340.000000,1818.000000,1894.000000,145.000000,16.000000
511,1743685864983012,178.000000,-130.000000,135.000000,178.000000,128.000000,360.000000,177.998993,-129.998001,134.996994,177.981003,127.997002,360.033997,-160.000000,-341.000000,1825.000000,1868.000000,143.000000,21.000000
511,1743685864987415,178.000000,-130.000000,135.000000,178.000000,128.000000,360.000000,178.000000,-129.996994,134.998001,177.981003,127.997002,360.032013,-153.000000,-341.000000,1795.000000,1888.000000,149.000000,-35.000000
511,1743685864992906,178.000000,-130.000000,135.000000,178.000000,128.000000,360.000000,178.000000,-129.996994,134.998001,177.981003,127.997002,360.033997,-154.000000,-362.000000,1821.000000,1887.000000,137.000000,30.000000
511,1743685864998429,178.000000,-130.000000,135.000000,178.000000,128.000000,360.000000,178.000000,-129.998001,134.996994,177.981995,127.997002,360.031006,-153.000000,-354.000000,1828.000000,1898.000000,142.000000,-66.000000
511,1743685865002841,178.000000,-130.000000,135.000000,178.000000,128.000000,360.000000,178.000000,-129.996994,134.996994,177.983994,127.997002,360.031006,-150.000000,-351.000000,1825.000000,1893.000000,145.000000,43.000000
511,1743685865008338,178.000000,-130.000000,135.000000,178.000000,128.000000,360.000000,178.000000,-129.998001,134.998001,177.983994,127.997002,360.031006,-151.000000,-356.000000,1833.000000,1898.000000,137.000000,4.000000
511,1743685865012763,178.000000,-130.000000,135.000000,178.000000,128.000000,360.000000,178.000000,-129.998993,134.996994,177.983994,127.996002,360.031006,-150.000000,-362.000000,1833.000000,1870.000000,143.000000,-3.000000
511,1743685865018352,178.000000,-130.000000,135.000000,178.000000,128.000000,360.000000,178.000000,-129.996994,134.996994,177.985001,127.996002,360.029999,-155.000000,-361.000000,1837.000000,1878.000000,151.000000,34.000000
511,1743685865022835,178.000000,-130.000000,135.000000,178.000000,128.000000,360.000000,178.000000,-129.996994,134.996994,177.985992,127.998001,360.031006,-148.000000,-357.000000,1823.000000,1880.000000,152.000000,-10.000000
511,1743685865028416,178.000000,-130.000000,135.000000,178.000000,128.000000,360.000000,178.000000,-129.996994,134.998001,177.988007,127.997002,360.028015,-152.000000,-358.000000,1820.000000,1875.000000,142.000000,-29.000000
511,1743685865032910,178.000000,-130.000000,135.000000,178.000000,128.000000,360.000000,178.000000,-129.996994,134.998001,177.988998,127.997002,360.027008,-152.000000,-363.000000,1820.000000,1868.000000,140.000000,7.000000
511,1743685865037413,178.000000,-130.000000,135.000000,178.000000,128.000000,360.000000,178.000000,-129.996994,134.998001,177.988998,127.998001,360.026001,-151.000000,-358.000000,1815.000000,1882.000000,145.000000,24.000000
511,1743685865042967,178.000000,-130.000000,135.000000,178.000000,128.000000,360.000000,178.000000,-129.998001,134.996994,177.988998,127.997002,360.027008,-152.000000,-360.000000,1835.000000,1874.000000,147.000000,15.000000
511,1743685865048473,178.000000,-130.000000,135.000000,178.000000,128.000000,360.000000,178.000000,-129.994995,134.998001,177.990005,127.997002,360.027008,-151.000000,-366.000000,1813.000000,1870.000000,144.000000,10.000000
511,1743685865052840,178.000000,-130.000000,135.000000,178.000000,128.000000,360.000000,178.000000,-129.996994,134.996994,177.992004,127.997002,360.026001,-152.000000,-365.000000,1818.000000,1851.000000,147.000000,-47.000000
511,1743685865058310,178.000000,-130.000000,135.000000,178.000000,128.000000,360.000000,178.001007,-129.998001,134.996994,177.992996,127.997002,360.023987,-156.000000,-363.000000,1829.000000,1859.000000,147.000000,17.000000
511,1743685865062664,178.000000,-130.000000,135.000000,178.000000,128.000000,360.000000,177.998993,-129.996994,134.998001,177.994995,127.997002,360.027008,-164.000000,-364.000000,1813.000000,1836.000000,143.000000,18.000000
511,1743685865068162,178.000000,-130.000000,135.000000,178.000000,128.000000,360.000000,178.000000,-129.996994,134.998001,177.994995,127.997002,360.023987,-159.000000,-364.000000,1821.000000,1821.000000,154.000000,33.000000
511,1743685865072571,178.000000,-130.000000,135.000000,178.000000,128.000000,360.000000,178.000000,-129.998001,134.998001,177.996994,127.997002,360.023987,-158.000000,-363.000000,1822.000000,1838.000000,151.000000,42.000000
511,1743685865078051,178.000000,-130.000000,135.000000,178.000000,128.000000,360.000000,178.000000,-129.998001,134.998001,177.996994,127.997002,360.026001,-169.000000,-370.000000,1827.000000,1842.000000,149.000000,10.000000
511,1743685865082447,178.000000,-130.000000,135.000000,178.000000,128.000000,360.000000,178.001007,-129.998001,134.998001,177.998993,127.997002,360.023010,-165.000000,-370.000000,1823.000000,1836.000000,153.000000,45.000000
511,1743685865087862,178.000000,-130.000000,135.000000,178.000000,128.000000,360.000000,178.000000,-129.998993,134.998001,177.998993,127.997002,360.020996,-163.000000,-367.000000,1843.000000,1833.000000,147.000000,54.000000
511,1743685865093287,178.000000,-130.000000,135.000000,178.000000,128.000000,360.000000,178.000000,-129.996994,134.998993,178.000000,127.998001,360.020996,-165.000000,-367.000000,1821.000000,1821.000000,152.000000,72.000000
511,1743685865097662,178.000000,-130.000000,135.000000,178.000000,128.000000,360.000000,177.998993,-129.998001,134.998001,178.000000,127.997002,360.019989,-163.000000,-362.000000,1832.000000,1838.000000,154.000000,68.000000
511,1743685865103166,178.000000,-130.000000,135.000000,178.000000,128.000000,360.000000,178.000000,-129.998001,134.996994,178.001007,127.997002,360.019012,-165.000000,-368.000000,1815.000000,1813.000000,152.000000,52.000000
511,1743685865107564,178.000000,-130.000000,135.000000,178.000000,128.000000,360.000000,178.001007,-129.996994,134.996994,178.001007,127.997002,360.016998,-163.000000,-370.000000,1823.000000,1801.000000,149.000000,25.000000
511,1743685865113058,178.000000,-130.000000,135.000000,178.000000,128.000000,360.000000,178.000000,-129.998001,134.996994,178.003006,127.996002,360.016998,-157.000000,-368.000000,1817.000000,1797.000000,146.000000,31.000000
511,1743685865117442,178.000000,-130.000000,135.000000,178.000000,128.000000,360.000000,178.000000,-129.998001,134.996994,178.003006,127.996002,360.016998,-157.000000,-368.000000,1817.000000,1797.000000,146.000000,31.000000
511,1743685865122950,178.000000,-130.000000,135.000000,178.000000,128.000000,360.000000,178.000000,-129.996994,134.998001,178.003998,127.997002,360.016998,-155.000000,-367.000000,1824.000000,1764.000000,150.000000,21.000000
511,1743685865128430,178.000000,-130.000000,135.000000,178.000000,128.000000,360.000000,178.000000,-129.998001,134.998001,178.005997,127.996002,360.015991,-153.000000,-370.000000,1809.000000,1783.000000,153.000000,37.000000
511,1743685865132816,178.000000,-130.000000,135.000000,178.000000,128.000000,360.000000,178.000000,-129.996994,134.996994,178.005997,127.997002,360.016998,-153.000000,-372.000000,1822.000000,1765.000000,153.000000,15.000000
511,1743685865138354,178.000000,-130.000000,135.000000,178.000000,128.000000,360.000000,178.001007,-129.998001,134.996994,178.005997,127.997002,360.015015,-155.000000,-373.000000,1835.000000,1766.000000,155.000000,15.000000
511,1743685865142799,178.000000,-130.000000,135.000000,178.000000,128.000000,360.000000,178.001007,-129.996994,134.998001,178.007004,127.997002,360.015991,-156.000000,-372.000000,1814.000000,1752.000000,155.000000,49.000000
511,1743685865148363,178.000000,-130.000000,135.000000,178.000000,128.000000,360.000000,178.001007,-129.998001,134.998001,178.007004,127.998001,360.013000,-169.000000,-371.000000,1822.000000,1752.000000,161.000000,44.000000
511,1743685865152802,178.000000,-130.000000,135.000000,178.000000,128.000000,360.000000,178.000000,-129.996994,134.998001,178.007004,127.997002,360.015991,-159.000000,-371.000000,1814.000000,1752.000000,161.000000,33.000000
511,1743685865158410,178.000000,-130.000000,135.000000,178.000000,128.000000,360.000000,178.000000,-129.996994,134.998001,178.007996,127.998001,360.015015,-161.000000,-369.000000,1830.000000,1738.000000,150.000000,-21.000000
511,1743685865162904,178.000000,-130.000000,135.000000,178.000000,128.000000,360.000000,177.998993,-129.996994,134.996994,178.007996,127.997002,360.013000,-161.000000,-368.000000,1835.000000,1730.000000,163.000000,19.000000
511,1743685865167417,178.000000,-130.000000,135.000000,178.000000,128.000000,360.000000,178.000000,-129.998001,134.998001,178.007004,127.997002,360.015015,-163.000000,-369.000000,1829.000000,1730.000000,155.000000,50.000000
511,1743685865173016,178.000000,-130.000000,135.000000,178.000000,128.000000,360.000000,178.000000,-129.998001,134.998001,178.007996,127.997002,360.013000,-164.000000,-373.000000,1842.000000,1723.000000,168.000000,54.000000
511,1743685865177432,178.000000,-130.000000,135.000000,178.000000,128.000000,360.000000,178.000000,-129.998001,134.998993,178.007996,127.997002,360.011993,-164.000000,-372.000000,1828.000000,1722.000000,161.000000,7.000000
511,1743685865182926,178.000000,-130.000000,135.000000,178.000000,128.000000,360.000000,178.000000,-129.998001,134.998001,178.009995,127.997002,360.011993,-155.000000,-373.000000,1821.000000,1714.000000,160.000000,-10.000000
511,1743685865188382,178.000000,-130.000000,135.000000,178.000000,128.000000,360.000000,178.000000,-129.996994,134.996994,178.007996,127.997002,360.011993,-154.000000,-372.000000,1824.000000,1713.000000,164.000000,50.000000
511,1743685865192721,178.000000,-130.000000,135.000000,178.000000,128.000000,360.000000,177.998993,-129.998001,134.998001,178.007996,127.997002,360.011993,-160.000000,-373.000000,1836.000000,1709.000000,162.000000,52.000000
511,1743685865198275,178.000000,-130.000000,135.000000,178.000000,128.000000,360.000000,177.998993,-129.996994,134.998001,178.007996,127.997002,360.010010,-154.000000,-366.000000,1827.000000,1703.000000,156.000000,-4.000000
511,1743685865202744,178.000000,-130.000000,135.000000,178.000000,128.000000,360.000000,178.000000,-129.998001,134.996994,178.007996,127.998001,360.009003,-149.000000,-366.000000,1832.000000,1701.000000,159.000000,35.000000
511,1743685865208259,178.000000,-130.000000,135.000000,178.000000,128.000000,360.000000,178.000000,-129.998001,134.998001,178.007996,127.997002,360.009003,-141.000000,-368.000000,1825.000000,1685.000000,155.000000,59.000000
511,1743685865212719,178.000000,-130.000000,135.000000,178.000000,128.000000,360.000000,177.998993,-129.998001,134.998001,178.007996,127.997002,360.009003,-146.000000,-368.000000,1817.000000,1686.000000,143.000000,19.000000
511,1743685865218304,178.000000,-130.000000,135.000000,178.000000,128.000000,360.000000,178.001007,-129.996994,134.998001,178.007996,127.998001,360.007996,-141.000000,-363.000000,1823.000000,1688.000000,123.000000,65.000000
511,1743685865222838,178.000000,-130.000000,135.000000,178.000000,128.000000,360.000000,178.000000,-129.998001,134.998001,178.007996,127.998001,360.007996,-145.000000,-378.000000,1855.000000,1669.000000,138.000000,17.000000
511,1743685865228413,178.000000,-130.000000,135.000000,178.000000,128.000000,360.000000,178.000000,-129.998001,134.996994,178.007996,127.998001,360.007996,-144.000000,-370.000000,1832.000000,1677.000000,146.000000,-9.000000
511,1743685865232867,178.000000,-130.000000,135.000000,178.000000,128.000000,360.000000,178.001007,-129.998001,134.998001,178.007996,128.000000,360.007996,-145.000000,-364.000000,1831.000000,1660.000000,144.000000,3.000000
511,1743685865238472,178.000000,-130.000000,135.000000,178.000000,128.000000,360.000000,177.998993,-129.998001,134.996994,178.007996,128.000000,360.009003,-148.000000,-365.000000,1837.000000,1660.000000,145.000000,26.000000
511,1743685865243015,178.000000,-130.000000,135.000000,178.000000,128.000000,360.000000,178.000000,-129.998001,134.998001,178.007996,128.000000,360.005005,-150.000000,-357.000000,1849.000000,1664.000000,139.000000,49.000000
511,1743685865247520,178.000000,-130.000000,135.000000,178.000000,128.000000,360.000000,178.000000,-129.998001,134.998993,178.007996,128.000000,360.005005,-148.000000,-358.000000,1840.000000,1657.000000,144.000000,22.000000
511,1743685865253098,178.000000,-130.000000,135.000000,178.000000,128.000000,360.000000,178.001007,-129.996994,134.998001,178.007996,128.001007,360.005005,-147.000000,-350.000000,1840.000000,1647.000000,144.000000,11.000000
511,1743685865257568,178.000000,-130.000000,135.000000,178.000000,128.000000,360.000000,177.998993,-129.996994,134.998001,178.007996,128.000000,360.005005,-148.000000,-357.000000,1842.000000,1642.000000,142.000000,39.000000
511,1743685865263151,178.000000,-130.000000,135.000000,178.000000,128.000000,360.000000,178.000000,-129.998001,134.996994,178.007996,128.000000,360.005005,-146.000000,-356.000000,1836.000000,1636.000000,152.000000,20.000000
511,1743685865267618,178.000000,-130.000000,135.000000,178.000000,128.000000,360.000000,177.998993,-129.998993,134.998993,178.007004,128.000000,360.006012,-148.000000,-357.000000,1831.000000,1630.000000,148.000000,33.000000
511,1743685865273200,178.000000,-130.000000,135.000000,178.000000,128.000000,360.000000,178.000000,-129.998001,134.996994,178.007996,128.000000,360.005005,-148.000000,-358.000000,1833.000000,1627.000000,141.000000,39.000000
511,1743685865277681,178.000000,-130.000000,135.000000,178.000000,128.000000,360.000000,178.000000,-129.998001,134.998993,178.007004,127.998001,360.002014,-147.000000,-362.000000,1847.000000,1632.000000,156.000000,16.000000
511,1743685865283299,178.000000,-130.000000,135.000000,178.000000,128.000000,360.000000,177.998993,-129.998001,134.998001,178.007004,127.998001,360.003998,-147.000000,-359.000000,1844.000000,1623.000000,146.000000,4.000000
511,1743685865287721,178.000000,-130.000000,135.000000,178.000000,128.000000,360.000000,178.000000,-129.998001,134.998001,178.007004,128.000000,360.002014,-144.000000,-355.000000,1834.000000,1612.000000,145.000000,87.000000
511,1743685865293250,178.000000,-130.000000,135.000000,178.000000,128.000000,360.000000,178.000000,-129.998001,134.998001,178.007996,128.000000,360.002014,-147.000000,-357.000000,1832.000000,1609.000000,151.000000,10.000000
511,1743685865297661,178.000000,-130.000000,135.000000,178.000000,128.000000,360.000000,178.000000,-129.998993,134.996994,178.007996,127.998001,360.001007,-143.000000,-362.000000,1833.000000,1606.000000,150.000000,68.000000
511,1743685865303152,178.000000,-130.000000,135.000000,178.000000,128.000000,360.000000,178.000000,-129.998993,134.996994,178.007996,127.998001,360.001007,-143.000000,-362.000000,1833.000000,1606.000000,150.000000,68.000000
511,1743685865307598,178.000000,-130.000000,135.000000,178.000000,128.000000,360.000000,178.000000,-129.996994,134.998001,178.007004,128.000000,360.001007,-146.000000,-356.000000,1836.000000,1597.000000,151.000000,56.000000
511,1743685865313176,178.000000,-130.000000,135.000000,178.000000,128.000000,360.000000,177.998993,-129.998001,134.998001,178.007996,128.000000,360.001007,-146.000000,-358.000000,1842.000000,1591.000000,145.000000,87.000000
511,1743685865317643,178.000000,-130.000000,135.000000,178.000000,128.000000,360.000000,177.998993,-129.998001,134.998001,178.007996,128.000000,360.001007,-146.000000,-358.000000,1842.000000,1591.000000,145.000000,87.000000
511,1743685865323244,178.000000,-130.000000,135.000000,178.000000,128.000000,360.000000,178.000000,-129.996994,134.998001,178.005997,127.997002,360.001007,-143.000000,-366.000000,1845.000000,1587.000000,145.000000,77.000000
511,1743685865327744,178.000000,-130.000000,135.000000,178.000000,128.000000,360.000000,178.001007,-129.998001,134.996994,178.007004,128.001007,359.998993,-145.000000,-362.000000,1847.000000,1590.000000,154.000000,70.000000
511,1743685865333338,178.000000,-130.000000,135.000000,178.000000,128.000000,360.000000,178.000000,-129.998001,134.998001,178.007996,128.000000,359.998993,-144.000000,-363.000000,1845.000000,1579.000000,144.000000,30.000000
511,1743685865337790,178.000000,-130.000000,135.000000,178.000000,128.000000,360.000000,178.001007,-129.998001,134.998001,178.005997,128.000000,360.001007,-144.000000,-367.000000,1832.000000,1567.000000,154.000000,55.000000
511,1743685865343354,178.000000,-130.000000,135.000000,178.000000,128.000000,360.000000,177.998993,-129.998001,134.998001,178.007004,128.000000,359.998993,-155.000000,-364.000000,1842.000000,1567.000000,148.000000,22.000000
511,1743685865347806,178.000000,-130.000000,135.000000,178.000000,128.000000,360.000000,177.998993,-129.998001,134.998001,178.005997,128.000000,359.998993,-148.000000,-364.000000,1832.000000,1554.000000,144.000000,50.000000
511,1743685865353302,178.000000,-130.000000,135.000000,178.000000,128.000000,360.000000,177.998993,-129.998001,134.996994,178.005997,128.000000,359.997986,-152.000000,-367.000000,1833.000000,1558.000000,152.000000,57.000000
511,1743685865357707,178.000000,-130.000000,135.000000,178.000000,128.000000,360.000000,178.000000,-129.998001,134.996994,178.005997,128.000000,359.998993,-153.000000,-358.000000,1864.000000,1549.000000,145.000000,112.000000
511,1743685865363323,178.000000,-130.000000,135.000000,178.000000,128.000000,360.000000,178.000000,-129.998993,134.998001,178.007004,127.998001,359.997986,-153.000000,-364.000000,1837.000000,1548.000000,149.000000,45.000000
511,1743685865367800,178.000000,-130.000000,135.000000,178.000000,128.000000,360.000000,178.000000,-129.998001,134.998001,178.005997,127.998001,359.998993,-151.000000,-363.000000,1839.000000,1547.000000,146.000000,57.000000
511,1743685865372339,178.000000,-130.000000,135.000000,178.000000,128.000000,360.000000,178.000000,-129.998001,134.998001,178.005997,128.000000,359.997986,-152.000000,-361.000000,1839.000000,1536.000000,148.000000,101.000000
511,1743685865377894,178.000000,-130.000000,135.000000,178.000000,128.000000,360.000000,177.998993,-129.996994,134.998993,178.005997,128.000000,359.997986,-144.000000,-363.000000,1839.000000,1534.000000,148.000000,43.000000
511,1743685865383501,178.000000,-130.000000,135.000000,178.000000,128.000000,360.000000,178.000000,-129.996994,134.998993,178.005997,127.998001,359.998993,-147.000000,-369.000000,1831.000000,1531.000000,147.000000,85.000000
511,1743685865388026,178.000000,-130.000000,135.000000,178.000000,128.000000,360.000000,178.001007,-129.998001,134.998001,178.003998,128.000000,359.998993,-152.000000,-364.000000,1842.000000,1533.000000,156.000000,56.000000
511,1743685865392454,178.000000,-130.000000,135.000000,178.000000,128.000000,360.000000,178.000000,-129.996994,134.998001,178.003006,128.000000,359.997009,-157.000000,-365.000000,1838.000000,1529.000000,154.000000,80.000000
511,1743685865397944,178.000000,-130.000000,135.000000,178.000000,128.000000,360.000000,178.000000,-129.998001,134.998001,178.003998,127.998001,359.997986,-153.000000,-364.000000,1843.000000,1554.000000,149.000000,65.000000
511,1743685865402418,178.000000,-130.000000,135.000000,178.000000,128.000000,360.000000,178.000000,-129.998001,134.998001,178.003006,127.998001,360.001007,-149.000000,-365.000000,1847.000000,1543.000000,152.000000,65.000000
511,1743685865407921,178.000000,-130.000000,135.000000,178.000000,128.000000,360.000000,178.001007,-129.998001,134.998001,178.003006,127.998001,359.998993,-148.000000,-364.000000,1857.000000,1554.000000,149.000000,114.000000
511,1743685865412425,178.000000,-130.000000,135.000000,178.000000,128.000000,360.000000,177.998993,-129.998001,134.998001,178.001007,127.998001,359.997986,-152.000000,-365.000000,1817.000000,1560.000000,149.000000,79.000000
511,1743685865417951,178.000000,-130.000000,135.000000,178.000000,128.000000,360.000000,177.998993,-129.996994,134.998001,178.003006,128.000000,359.997986,-153.000000,-357.000000,1844.000000,1555.000000,147.000000,84.000000
511,1743685865422471,178.000000,-130.000000,135.000000,178.000000,128.000000,360.000000,177.998993,-129.998001,134.998001,178.001007,128.000000,359.998993,-153.000000,-356.000000,1823.000000,1550.000000,149.000000,67.000000
511,1743685865428063,178.000000,-130.000000,135.000000,178.000000,128.000000,360.000000,177.998993,-129.998001,134.998001,178.000000,128.000000,359.997009,-150.000000,-365.000000,1833.000000,1565.000000,153.000000,71.000000
511,1743685865432506,178.000000,-130.000000,135.000000,178.000000,128.000000,360.000000,178.000000,-129.994995,134.998001,178.000000,128.000000,359.997009,-149.000000,-357.000000,1835.000000,1575.000000,151.000000,83.000000
511,1743685865438102,178.000000,-130.000000,135.000000,178.000000,128.000000,360.000000,178.001007,-129.998001,134.998001,177.998993,127.998001,359.997986,-146.000000,-367.000000,1832.000000,1562.000000,147.000000,49.000000
511,1743685865442540,178.000000,-130.000000,135.000000,178.000000,128.000000,360.000000,178.000000,-129.996994,134.998993,177.998993,128.001007,359.997986,-155.000000,-353.000000,1829.000000,1561.000000,144.000000,103.000000
511,1743685865448031,178.000000,-130.000000,135.000000,178.000000,128.000000,360.000000,178.000000,-129.998001,134.998993,177.998993,128.000000,359.997009,-153.000000,-359.000000,1828.000000,1571.000000,144.000000,72.000000
511,1743685865452415,178.000000,-130.000000,135.000000,178.000000,128.000000,360.000000,178.000000,-129.996994,134.998001,177.998993,128.000000,359.997986,-156.000000,-356.000000,1838.000000,1571.000000,140.000000,99.000000
511,1743685865457915,178.000000,-130.000000,135.000000,178.000000,128.000000,360.000000,178.000000,-129.998001,134.998001,177.996994,128.000000,359.998993,-156.000000,-358.000000,1818.000000,1572.000000,147.000000,67.000000
511,1743685865463406,178.000000,-130.000000,135.000000,178.000000,128.000000,360.000000,178.000000,-129.998001,134.996994,177.996994,127.998001,359.997986,-149.000000,-357.000000,1841.000000,1563.000000,147.000000,63.000000
511,1743685865467822,178.000000,-130.000000,135.000000,178.000000,128.000000,360.000000,178.000000,-129.998001,134.998993,177.996994,128.000000,359.997986,-152.000000,-357.000000,1826.000000,1576.000000,137.000000,77.000000
511,1743685865473352,178.000000,-130.000000,135.000000,178.000000,128.000000,360.000000,178.000000,-129.998001,134.998993,177.996994,127.998001,359.997986,-145.000000,-357.000000,1829.000000,1568.000000,145.000000,73.000000
511,1743685865477810,178.000000,-130.000000,135.000000,178.000000,128.000000,360.000000,177.998993,-129.996994,134.998001,177.996002,127.998001,359.997009,-137.000000,-354.000000,1825.000000,1578.000000,138.000000,62.000000
511,1743685865483404,178.000000,-130.000000,135.000000,178.000000,128.000000,360.000000,178.000000,-129.998001,134.998001,177.996002,128.000000,359.997986,-141.000000,-355.000000,1823.000000,1570.000000,144.000000,100.000000
511,1743685865487887,178.000000,-130.000000,135.000000,178.000000,128.000000,360.000000,178.000000,-129.998001,134.998001,177.996002,128.000000,359.997986,-141.000000,-355.000000,1823.000000,1570.000000,144.000000,100.000000
511,1743685865493485,178.000000,-130.000000,135.000000,178.000000,128.000000,360.000000,178.000000,-129.998001,134.998001,177.996994,128.000000,359.997986,-134.000000,-358.000000,1850.000000,1572.000000,149.000000,100.000000
511,1743685865497967,178.000000,-130.000000,135.000000,178.000000,128.000000,360.000000,178.001007,-129.998001,134.998001,177.996002,128.000000,359.994995,-140.000000,-369.000000,1843.000000,1570.000000,145.000000,68.000000
511,1743685865502473,178.000000,-130.000000,135.000000,178.000000,128.000000,360.000000,178.001007,-129.998001,134.998001,177.996002,128.000000,359.994995,-140.000000,-369.000000,1843.000000,1570.000000,145.000000,68.000000
511,1743685865508061,178.000000,-130.000000,135.000000,178.000000,128.000000,360.000000,178.000000,-129.998001,134.998001,177.996002,127.998001,359.997986,-131.000000,-360.000000,1842.000000,1569.000000,145.000000,63.000000
511,1743685865512569,178.000000,-130.000000,135.000000,178.000000,128.000000,360.000000,178.001007,-129.998001,134.998993,177.996002,127.998001,359.997009,-137.000000,-361.000000,1833.000000,1585.000000,146.000000,119.000000
511,1743685865518180,178.000000,-130.000000,135.000000,178.000000,128.000000,360.000000,178.000000,-129.998001,134.998001,177.994995,127.998001,359.997009,-142.000000,-363.000000,1839.000000,1572.000000,140.000000,60.000000
511,1743685865522663,178.000000,-130.000000,135.000000,178.000000,128.000000,360.000000,178.001007,-129.996994,134.998993,177.994995,128.000000,359.997009,-142.000000,-362.000000,1841.000000,1589.000000,150.000000,105.000000
511,1743685865528255,178.000000,-130.000000,135.000000,178.000000,128.000000,360.000000,178.000000,-129.996994,134.996994,177.994995,128.000000,359.997009,-142.000000,-362.000000,1841.000000,1600.000000,146.000000,110.000000
511,1743685865532746,178.000000,-130.000000,135.000000,178.000000,128.000000,360.000000,177.998993,-129.998001,134.998001,177.994995,127.998001,359.997009,-143.000000,-361.000000,1836.000000,1606.000000,143.000000,116.000000
511,1743685865538372,178.000000,-130.000000,135.000000,178.000000,128.000000,360.000000,178.000000,-129.996994,134.996994,177.994995,127.997002,359.997009,-142.000000,-362.000000,1852.000000,1615.000000,148.000000,104.000000
511,1743685865542883,178.000000,-130.000000,135.000000,178.000000,128.000000,360.000000,178.001007,-129.998001,134.998993,177.994995,128.000000,359.997009,-142.000000,-360.000000,1835.000000,1616.000000,146.000000,108.000000
511,1743685865548449,178.000000,-130.000000,135.000000,178.000000,128.000000,360.000000,178.000000,-129.998001,134.998001,177.994995,128.000000,359.997009,-142.000000,-362.000000,1844.000000,1618.000000,145.000000,62.000000
511,1743685865552888,178.000000,-130.000000,135.000000,178.000000,128.000000,360.000000,178.000000,-129.998001,134.998001,177.994995,128.001007,359.997009,-145.000000,-362.000000,1846.000000,1621.000000,146.000000,116.000000
511,1743685865558463,178.000000,-130.000000,135.000000,178.000000,128.000000,360.000000,177.998993,-129.998001,134.998993,177.994995,128.000000,359.997986,-145.000000,-367.000000,1822.000000,1628.000000,137.000000,114.000000
511,1743685865562981,178.000000,-130.000000,135.000000,178.000000,128.000000,360.000000,177.998993,-129.996994,134.998993,177.996002,127.998001,359.994995,-152.000000,-366.000000,1832.000000,1611.000000,151.000000,120.000000
511,1743685865567479,178.000000,-130.000000,135.000000,178.000000,128.000000,360.000000,178.000000,-129.996994,134.998001,177.996002,127.998001,359.997009,-151.000000,-361.000000,1834.000000,1624.000000,146.000000,124.000000
511,1743685865573106,178.000000,-130.000000,135.000000,178.000000,128.000000,360.000000,178.000000,-129.998001,134.996994,177.996002,127.998001,359.997009,-154.000000,-358.000000,1833.000000,1626.000000,142.000000,113.000000
511,1743685865577660,178.000000,-130.000000,135.000000,178.000000,128.000000,360.000000,177.998993,-129.996994,134.998993,177.994995,128.000000,359.997009,-153.000000,-360.000000,1831.000000,1637.000000,147.000000,64.000000
511,1743685865583275,178.000000,-130.000000,135.000000,178.000000,128.000000,360.000000,178.000000,-129.996994,134.998001,177.994995,128.001007,359.994995,-160.000000,-365.000000,1830.000000,1630.000000,149.000000,148.000000
511,1743685865587715,178.000000,-130.000000,135.000000,178.000000,128.000000,360.000000,177.998993,-129.996994,134.998993,177.994995,128.000000,359.997009,-162.000000,-364.000000,1837.000000,1646.000000,149.000000,119.000000
511,1743685865593258,178.000000,-130.000000,135.000000,178.000000,128.000000,360.000000,177.998993,-129.998001,134.998993,177.994995,127.998001,359.997986,-150.000000,-362.000000,1828.000000,1652.000000,149.000000,93.000000
511,1743685865597744,178.000000,-130.000000,135.000000,178.000000,128.000000,360.000000,177.998993,-129.996994,134.998001,177.994995,128.000000,359.994995,-160.000000,-359.000000,1828.000000,1636.000000,146.000000,87.000000
511,1743685865603330,178.000000,-130.000000,135.000000,178.000000,128.000000,360.000000,178.000000,-129.998001,134.998001,177.994995,127.998001,359.997986,-157.000000,-358.000000,1825.000000,1656.000000,149.000000,136.000000
511,1743685865607794,178.000000,-130.000000,135.000000,178.000000,128.000000,360.000000,177.998993,-129.998001,134.998993,177.994995,128.000000,359.997009,-156.000000,-358.000000,1808.000000,1648.000000,148.000000,118.000000
511,1743685865613407,178.000000,-130.000000,135.000000,178.000000,128.000000,360.000000,178.000000,-129.996994,134.998001,177.994995,128.000000,359.997009,-152.000000,-360.000000,1847.000000,1661.000000,149.000000,125.000000
511,1743685865617905,178.000000,-130.000000,135.000000,178.000000,128.000000,360.000000,177.998993,-129.998001,134.998001,177.994995,128.000000,359.997986,-155.000000,-360.000000,1829.000000,1670.000000,145.000000,133.000000
511,1743685865623508,178.000000,-130.000000,135.000000,178.000000,128.000000,360.000000,178.000000,-129.998993,134.998001,177.994995,128.000000,359.994995,-147.000000,-356.000000,1836.000000,1667.000000,146.000000,136.000000
511,1743685865627926,178.000000,-130.000000,135.000000,178.000000,128.000000,360.000000,178.000000,-129.996994,134.998993,177.994995,127.998001,359.997009,-153.000000,-361.000000,1830.000000,1673.000000,150.000000,122.000000
511,1743685865633440,178.000000,-130.000000,135.000000,178.000000,128.000000,360.000000,178.001007,-129.996994,134.996994,177.994995,127.998001,359.997009,-149.000000,-357.000000,1829.000000,1668.000000,151.000000,131.000000
511,1743685865637638,178.000000,-130.000000,135.000000,178.000000,128.000000,360.000000,178.000000,-129.998001,134.998001,177.996002,127.998001,359.994995,-149.000000,-360.000000,1828.000000,1669.000000,152.000000,133.000000
511,1743685865643258,178.000000,-130.000000,135.000000,178.000000,128.000000,360.000000,178.000000,-129.996994,134.998993,177.994995,128.000000,359.997009,-163.000000,-358.000000,1841.000000,1681.000000,148.000000,134.000000
511,1743685865647670,178.000000,-130.000000,135.000000,178.000000,128.000000,360.000000,178.000000,-129.998001,134.998001,177.994995,127.998001,359.997009,-158.000000,-358.000000,1830.000000,1679.000000,147.000000,63.000000
511,1743685865653186,178.000000,-130.000000,135.000000,178.000000,128.000000,360.000000,178.000000,-129.998001,134.998001,177.994995,128.000000,359.994995,-159.000000,-357.000000,1823.000000,1681.000000,150.000000,162.000000
511,1743685865657620,178.000000,-130.000000,135.000000,178.000000,128.000000,360.000000,178.000000,-129.996994,134.998001,177.996002,128.000000,359.997009,-156.000000,-353.000000,1826.000000,1671.000000,155.000000,96.000000
511,1743685865663222,178.000000,-130.000000,135.000000,178.000000,128.000000,360.000000,178.000000,-129.998993,134.998993,177.994995,127.998001,359.997009,-151.000000,-356.000000,1837.000000,1681.000000,151.000000,151.000000
511,1743685865667712,178.000000,-130.000000,135.000000,178.000000,128.000000,360.000000,177.998993,-129.998001,134.998001,177.996002,127.998001,359.997009,-154.000000,-354.000000,1827.000000,1692.000000,149.000000,137.000000
511,1743685865673302,178.000000,-130.000000,135.000000,178.000000,128.000000,360.000000,178.000000,-129.996994,134.998993,177.996002,128.000000,359.997009,-158.000000,-355.000000,1834.000000,1692.000000,149.000000,148.000000
511,1743685865677793,178.000000,-130.000000,135.000000,178.000000,128.000000,360.000000,178.000000,-129.996994,134.998993,177.996002,128.000000,359.997009,-158.000000,-355.000000,1834.000000,1692.000000,149.000000,148.000000
511,1743685865683388,178.000000,-130.000000,135.000000,178.000000,128.000000,360.000000,178.000000,-129.996994,134.998001,177.994995,128.000000,359.997009,-156.000000,-356.000000,1828.000000,1699.000000,149.000000,148.000000
511,1743685865687936,178.000000,-130.000000,135.000000,178.000000,128.000000,360.000000,177.998993,-129.996994,134.996994,177.996002,128.000000,359.997009,-146.000000,-358.000000,1820.000000,1704.000000,149.000000,136.000000
511,1743685865693445,178.000000,-130.000000,135.000000,178.000000,128.000000,360.000000,177.998993,-129.996994,134.996994,177.996002,128.000000,359.997009,-146.000000,-358.000000,1820.000000,1704.000000,149.000000,136.000000
511,1743685865697859,178.000000,-130.000000,135.000000,178.000000,128.000000,360.000000,177.998993,-129.998001,134.998001,177.994995,127.998001,359.997009,-152.000000,-358.000000,1821.000000,1696.000000,147.000000,135.000000
511,1743685865703384,178.000000,-130.000000,135.000000,178.000000,128.000000,360.000000,178.000000,-129.996994,134.998001,177.996002,128.000000,359.994995,-158.000000,-358.000000,1820.000000,1703.000000,149.000000,141.000000
511,1743685865707817,178.000000,-130.000000,135.000000,178.000000,128.000000,360.000000,177.998993,-129.998001,134.998993,177.996002,128.000000,359.997009,-153.000000,-357.000000,1821.000000,1708.000000,152.000000,154.000000
511,1743685865713386,178.000000,-130.000000,135.000000,178.000000,128.000000,360.000000,178.000000,-129.996994,134.998001,177.994995,128.000000,359.993988,-158.000000,-358.000000,1820.000000,1701.000000,141.000000,142.000000
511,1743685865717834,178.000000,-130.000000,135.000000,178.000000,128.000000,360.000000,177.996994,-129.998001,134.998993,177.994995,128.000000,359.997009,-156.000000,-363.000000,1819.000000,1711.000000,155.000000,118.000000
511,1743685865723405,178.000000,-130.000000,135.000000,178.000000,128.000000,360.000000,178.000000,-129.998001,134.998993,177.994995,128.000000,359.997009,-152.000000,-359.000000,1822.000000,1717.000000,152.000000,159.000000
511,1743685865727905,178.000000,-130.000000,135.000000,178.000000,128.000000,360.000000,178.001007,-129.998001,134.998993,177.994995,127.998001,359.997009,-153.000000,-361.000000,1816.000000,1719.000000,142.000000,103.000000
511,1743685865733486,178.000000,-130.000000,135.000000,178.000000,128.000000,360.000000,178.001007,-129.998001,134.998001,177.994995,127.998001,359.994995,-158.000000,-359.000000,1815.000000,1729.000000,157.000000,180.000000
511,1743685865737911,178.000000,-130.000000,135.000000,178.000000,128.000000,360.000000,178.000000,-129.998001,134.998993,177.994995,128.000000,359.997009,-155.000000,-361.000000,1822.000000,1728.000000,147.000000,156.000000
511,1743685865743483,178.000000,-130.000000,135.000000,178.000000,128.000000,360.000000,178.000000,-129.998001,134.998993,177.994995,127.998001,359.997009,-152.000000,-365.000000,1824.000000,1729.000000,149.000000,151.000000
511,1743685865748003,178.000000,-130.000000,135.000000,178.000000,128.000000,360.000000,178.000000,-129.998001,134.998001,177.996002,127.998001,359.994995,-154.000000,-366.000000,1808.000000,1729.000000,153.000000,153.000000
511,1743685865752503,178.000000,-130.000000,135.000000,178.000000,128.000000,360.000000,178.000000,-129.998001,134.998001,177.994995,128.000000,359.994995,-153.000000,-363.000000,1824.000000,1736.000000,159.000000,149.000000
511,1743685865758092,178.000000,-130.000000,135.000000,178.000000,128.000000,360.000000,178.000000,-129.998001,134.998001,177.996002,128.000000,359.997009,-149.000000,-368.000000,1814.000000,1732.000000,143.000000,167.000000
511,1743685865762552,178.000000,-130.000000,135.000000,178.000000,128.000000,360.000000,178.000000,-129.998001,134.998993,177.994995,128.000000,359.997009,-152.000000,-359.000000,1815.000000,1734.000000,151.000000,152.000000
511,1743685865768160,178.000000,-130.000000,135.000000,178.000000,128.000000,360.000000,177.998993,-129.998001,134.998993,177.994995,127.998001,359.994995,-155.000000,-370.000000,1830.000000,1728.000000,156.000000,168.000000
511,1743685865772652,178.000000,-130.000000,135.000000,178.000000,128.000000,360.000000,178.001007,-129.996994,134.998001,177.994995,128.000000,359.994995,-154.000000,-368.000000,1826.000000,1732.000000,151.000000,165.000000
511,1743685865778275,178.000000,-130.000000,135.000000,178.000000,128.000000,360.000000,178.000000,-129.998001,134.998001,177.996002,127.998001,359.994995,-147.000000,-365.000000,1817.000000,1734.000000,156.000000,182.000000
511,1743685865782694,178.000000,-130.000000,135.000000,178.000000,128.000000,360.000000,178.000000,-129.998001,134.998001,177.994995,128.000000,359.997009,-151.000000,-369.000000,1820.000000,1734.000000,149.000000,169.000000
511,1743685865788195,178.000000,-130.000000,135.000000,178.000000,128.000000,360.000000,177.998993,-129.996994,134.998993,177.996002,128.000000,359.997009,-155.000000,-366.000000,1822.000000,1747.000000,151.000000,180.000000
511,1743685865792632,178.000000,-130.000000,135.000000,178.000000,128.000000,360.000000,178.001007,-129.998001,134.998993,177.994995,128.000000,359.994995,-159.000000,-366.000000,1823.000000,1756.000000,152.000000,172.000000
511,1743685865798167,178.000000,-130.000000,135.000000,178.000000,128.000000,360.000000,177.998993,-129.998001,134.998001,177.994995,128.000000,359.994995,-149.000000,-371.000000,1817.000000,1759.000000,150.000000,154.000000
511,1743685865802658,178.000000,-130.000000,135.000000,178.000000,128.000000,360.000000,177.998993,-129.998001,134.998001,177.992996,127.998001,359.994995,-149.000000,-371.000000,1813.000000,1783.000000,146.000000,136.000000
511,1743685865808254,178.000000,-130.000000,135.000000,178.000000,128.000000,360.000000,177.998993,-129.996994,134.996994,177.994995,127.998001,359.997009,-138.000000,-369.000000,1825.000000,1795.000000,150.000000,181.000000
511,1743685865812727,178.000000,-130.000000,135.000000,178.000000,128.000000,360.000000,177.998993,-129.998993,134.998993,177.994995,127.998001,359.997009,-141.000000,-375.000000,1823.000000,1780.000000,152.000000,145.000000
511,1743685865818304,178.000000,-130.000000,135.000000,178.000000,128.000000,360.000000,178.000000,-129.998001,134.998993,177.992996,128.001007,359.994995,-142.000000,-374.000000,1820.000000,1796.000000,148.000000,176.000000
511,1743685865822802,178.000000,-130.000000,135.000000,178.000000,128.000000,360.000000,178.000000,-129.998001,134.998993,177.992996,128.000000,359.994995,-149.000000,-373.000000,1815.000000,1793.000000,154.000000,195.000000
511,1743685865828400,178.000000,-130.000000,135.000000,178.000000,128.000000,360.000000,177.998993,-129.998001,134.998993,177.994995,128.000000,359.997986,-138.000000,-380.000000,1816.000000,1796.000000,152.000000,188.000000
511,1743685865832876,178.000000,-130.000000,135.000000,178.000000,128.000000,360.000000,178.000000,-129.996994,134.998001,177.994995,127.998001,359.997009,-142.000000,-375.000000,1820.000000,1804.000000,156.000000,190.000000
511,1743685865838496,178.000000,-130.000000,135.000000,178.000000,128.000000,360.000000,178.000000,-129.998001,134.998993,177.994995,128.000000,359.997009,-137.000000,-376.000000,1824.000000,1797.000000,150.000000,170.000000
511,1743685865842982,178.000000,-130.000000,135.000000,178.000000,128.000000,360.000000,177.998993,-129.996994,134.998001,177.992996,128.000000,359.994995,-140.000000,-374.000000,1821.000000,1811.000000,150.000000,178.000000
511,1743685865847462,178.000000,-130.000000,135.000000,178.000000,128.000000,360.000000,178.000000,-129.998001,134.998001,177.992996,127.998001,359.997009,-140.000000,-371.000000,1822.000000,1820.000000,157.000000,214.000000
511,1743685865853016,178.000000,-130.000000,135.000000,178.000000,128.000000,360.000000,178.000000,-129.998001,134.998993,177.994995,128.000000,359.994995,-149.000000,-374.000000,1830.000000,1816.000000,157.000000,173.000000
511,1743685865857515,178.000000,-130.000000,135.000000,178.000000,128.000000,360.000000,178.000000,-129.998001,134.998001,177.994995,128.000000,359.997009,-151.000000,-371.000000,1825.000000,1819.000000,151.000000,185.000000
511,1743685865863093,178.000000,-130.000000,135.000000,178.000000,128.000000,360.000000,178.000000,-129.998001,134.998001,177.994995,128.000000,359.997009,-151.000000,-371.000000,1825.000000,1819.000000,151.000000,185.000000
511,1743685865867599,178.000000,-130.000000,135.000000,178.000000,128.000000,360.000000,178.001007,-129.998001,134.998001,177.996002,127.998001,359.997009,-147.000000,-377.000000,1827.000000,1831.000000,146.000000,189.000000
511,1743685865873070,178.000000,-130.000000,135.000000,178.000000,128.000000,360.000000,178.000000,-129.998993,134.998001,177.994995,128.000000,359.997009,-148.000000,-370.000000,1814.000000,1828.000000,146.000000,182.000000
511,1743685865877579,178.000000,-130.000000,135.000000,178.000000,128.000000,360.000000,178.000000,-129.998993,134.998001,177.994995,128.000000,359.997009,-148.000000,-370.000000,1814.000000,1828.000000,146.000000,182.000000
511,1743685865883178,178.000000,-130.000000,135.000000,178.000000,128.000000,360.000000,177.998993,-129.998993,134.998001,177.996002,127.998001,359.994995,-140.000000,-376.000000,1820.000000,1845.000000,149.000000,199.000000
511,1743685865887661,178.000000,-130.000000,135.000000,178.000000,128.000000,360.000000,178.000000,-129.996994,134.998001,177.996002,128.000000,359.997009,-153.000000,-375.000000,1822.000000,1810.000000,152.000000,209.000000
511,1743685865893268,178.000000,-130.000000,135.000000,178.000000,128.000000,360.000000,178.000000,-129.996994,134.998001,177.996002,127.998001,359.997986,-144.000000,-373.000000,1839.000000,1825.000000,148.000000,203.000000
511,1743685865897748,178.000000,-130.000000,135.000000,178.000000,128.000000,360.000000,178.000000,-129.996994,134.998001,177.994995,128.000000,359.997009,-146.000000,-373.000000,1823.000000,1826.000000,151.000000,194.000000
511,1743685865903350,178.000000,-130.000000,135.000000,178.000000,128.000000,360.000000,178.000000,-129.994995,134.998993,177.996002,127.998001,359.997009,-151.000000,-375.000000,1814.000000,1830.000000,152.000000,192.000000
511,1743685865907815,178.000000,-130.000000,135.000000,178.000000,128.000000,360.000000,178.000000,-129.996994,134.998001,177.996002,128.000000,359.997009,-142.000000,-380.000000,1826.000000,1818.000000,143.000000,181.000000
511,1743685865913391,178.000000,-130.000000,135.000000,178.000000,128.000000,360.000000,178.000000,-129.998001,134.996994,177.996002,127.998001,359.997009,-147.000000,-377.000000,1830.000000,1823.000000,153.000000,216.000000
511,1743685865917858,178.000000,-130.000000,135.000000,178.000000,128.000000,360.000000,177.998993,-129.998001,134.998993,177.996002,127.998001,359.997009,-142.000000,-373.000000,1826.000000,1824.000000,150.000000,219.000000
511,1743685865923434,178.000000,-130.000000,135.000000,178.000000,128.000000,360.000000,178.000000,-129.996994,134.998001,177.996994,128.000000,359.997986,-139.000000,-371.000000,1833.000000,1821.000000,145.000000,210.000000
511,1743685865930099,178.000000,-130.000000,135.000000,178.000000,128.000000,360.000000,178.001007,-129.996994,134.998001,177.996002,127.998001,359.997986,-138.000000,-375.000000,1819.000000,1817.000000,146.000000,173.000000
511,1743685865934550,178.000000,-130.000000,135.000000,178.000000,128.000000,360.000000,178.000000,-129.998001,134.998001,177.996002,128.000000,359.994995,-138.000000,-373.000000,1829.000000,1823.000000,153.000000,154.000000
511,1743685865940139,178.000000,-130.000000,135.000000,178.000000,128.000000,360.000000,178.000000,-129.998001,134.998001,177.996002,128.000000,359.997009,-140.000000,-369.000000,1823.000000,1820.000000,151.000000,183.000000
511,1743685865944640,178.000000,-130.000000,135.000000,178.000000,128.000000,360.000000,178.000000,-129.998001,134.998001,177.996002,128.000000,359.997009,-140.000000,-369.000000,1823.000000,1820.000000,151.000000,183.000000
511,1743685865950189,178.000000,-130.000000,135.000000,178.000000,128.000000,360.000000,178.000000,-129.994995,134.996994,177.996002,128.000000,359.997986,-153.000000,-371.000000,1818.000000,1823.000000,151.000000,197.000000
511,1743685865954651,178.000000,-130.000000,135.000000,178.000000,128.000000,360.000000,177.998993,-129.996994,134.998001,177.996002,128.000000,359.997009,-145.000000,-374.000000,1840.000000,1820.000000,150.000000,213.000000
511,1743685865960241,178.000000,-130.000000,135.000000,178.000000,128.000000,360.000000,177.998993,-129.998001,134.998993,177.996994,127.998001,359.997009,-136.000000,-374.000000,1828.000000,1816.000000,150.000000,165.000000
511,1743685865964685,178.000000,-130.000000,135.000000,178.000000,128.000000,360.000000,178.000000,-129.996994,135.001007,177.996994,128.000000,359.997986,-150.000000,-372.000000,1814.000000,1820.000000,142.000000,182.000000
511,1743685865970240,178.000000,-130.000000,135.000000,178.000000,128.000000,360.000000,178.000000,-129.996994,135.001007,177.996002,127.998001,359.997009,-145.000000,-372.000000,1827.000000,1817.000000,149.000000,196.000000
511,1743685865974683,178.000000,-130.000000,135.000000,178.000000,128.000000,360.000000,178.001007,-129.998001,134.998001,177.996994,128.000000,359.994995,-136.000000,-377.000000,1817.000000,1822.000000,152.000000,195.000000
511,1743685865980295,178.000000,-130.000000,135.000000,178.000000,128.000000,360.000000,177.998993,-129.996994,134.998993,177.996002,127.998001,359.997009,-151.000000,-377.000000,1813.000000,1820.000000,153.000000,205.000000
511,1743685865984737,178.000000,-130.000000,135.000000,178.000000,128.000000,360.000000,178.000000,-129.998001,134.998993,177.996002,128.000000,359.997009,-144.000000,-380.000000,1814.000000,1828.000000,150.000000,193.000000
511,1743685865990247,178.000000,-130.000000,135.000000,178.000000,128.000000,360.000000,178.000000,-129.998001,134.998001,177.996002,128.000000,359.997986,-149.000000,-376.000000,1816.000000,1817.000000,149.000000,192.000000
511,1743685865994652,178.000000,-130.000000,135.000000,178.000000,128.000000,360.000000,178.001007,-129.998001,134.998001,177.996002,128.000000,359.994995,-148.000000,-378.000000,1815.000000,1821.000000,148.000000,173.000000
511,1743685866000127,178.000000,-130.000000,135.000000,178.000000,128.000000,360.000000,178.000000,-129.996994,134.998993,177.996002,128.000000,359.997009,-153.000000,-371.000000,1818.000000,1817.000000,151.000000,136.000000
511,1743685866004504,178.000000,-130.000000,135.000000,178.000000,128.000000,360.000000,178.000000,-129.998001,134.996994,177.996994,127.998001,359.997986,-146.000000,-383.000000,1790.000000,1820.000000,147.000000,209.000000
511,1743685866010087,178.000000,-130.000000,135.000000,178.000000,128.000000,360.000000,178.000000,-129.998001,134.998993,177.996002,127.998001,359.997986,-146.000000,-375.000000,1817.000000,1813.000000,146.000000,211.000000
511,1743685866014538,178.000000,-130.000000,135.000000,178.000000,128.000000,360.000000,177.998993,-129.998001,134.998993,177.996002,127.998001,359.997009,-155.000000,-379.000000,1808.000000,1824.000000,153.000000,156.000000
511,1743685866020126,178.000000,-130.000000,135.000000,178.000000,128.000000,360.000000,178.000000,-129.996994,134.998001,177.996002,128.000000,359.997009,-158.000000,-379.000000,1809.000000,1816.000000,150.000000,144.000000
511,1743685866024648,178.000000,-130.000000,135.000000,178.000000,128.000000,360.000000,178.000000,-129.998993,134.996994,177.996002,127.998001,359.997009,-153.000000,-377.000000,1811.000000,1817.000000,147.000000,167.000000
511,1743685866030224,178.000000,-130.000000,135.000000,178.000000,128.000000,360.000000,177.998993,-129.996994,134.998993,177.996002,128.000000,359.997009,-152.000000,-371.000000,1809.000000,1819.000000,151.000000,188.000000
511,1743685866034696,178.000000,-130.000000,135.000000,178.000000,128.000000,360.000000,178.001007,-129.998993,134.998001,177.996994,128.000000,359.997986,-154.000000,-374.000000,1801.000000,1817.000000,151.000000,176.000000
511,1743685866040303,178.000000,-130.000000,135.000000,178.000000,128.000000,360.000000,177.998993,-129.998001,134.998993,177.996002,128.000000,359.997009,-154.000000,-367.000000,1822.000000,1822.000000,155.000000,187.000000
511,1743685866044790,178.000000,-130.000000,135.000000,178.000000,128.000000,360.000000,178.000000,-129.998001,134.998993,177.996994,128.000000,359.997009,-157.000000,-371.000000,1808.000000,1820.000000,150.000000,123.000000
511,1743685866050399,178.000000,-130.000000,135.000000,178.000000,128.000000,360.000000,177.998993,-129.996994,134.998001,177.996994,128.000000,359.997009,-156.000000,-370.000000,1827.000000,1826.000000,143.000000,195.000000
511,1743685866054888,178.000000,-130.000000,135.000000,178.000000,128.000000,360.000000,177.998993,-129.998001,134.998001,177.998993,128.000000,359.994995,-150.000000,-369.000000,1814.000000,1816.000000,151.000000,194.000000
511,1743685866059379,178.000000,-130.000000,135.000000,178.000000,128.000000,360.000000,178.000000,-129.998001,134.996994,177.996994,127.998001,359.997009,-147.000000,-371.000000,1800.000000,1826.000000,156.000000,152.000000
511,1743685866064902,178.000000,-130.000000,135.000000,178.000000,128.000000,360.000000,177.998993,-129.996994,134.998993,177.996994,128.000000,359.997986,-149.000000,-369.000000,1793.000000,1819.000000,154.000000,145.000000
511,1743685866069401,178.000000,-130.000000,135.000000,178.000000,128.000000,360.000000,177.998993,-129.998001,134.998993,177.998993,127.998001,359.994995,-146.000000,-374.000000,1818.000000,1834.000000,150.000000,220.000000
511,1743685866074997,178.000000,-130.000000,135.000000,178.000000,128.000000,360.000000,178.000000,-129.998001,134.998001,177.996994,127.998001,359.997986,-134.000000,-375.000000,1819.000000,1811.000000,152.000000,179.000000
511,1743685866079483,178.000000,-130.000000,135.000000,178.000000,128.000000,360.000000,178.000000,-129.998001,134.998001,177.996994,127.998001,359.997986,-138.000000,-370.000000,1813.000000,1819.000000,144.000000,187.000000
511,1743685866085067,178.000000,-130.000000,135.000000,178.000000,128.000000,360.000000,178.000000,-129.998001,134.998993,177.996994,128.000000,359.997009,-136.000000,-378.000000,1822.000000,1817.000000,150.000000,177.000000
511,1743685866089496,178.000000,-130.000000,135.000000,178.000000,128.000000,360.000000,177.998993,-129.996994,134.998001,177.998993,127.998001,359.997986,-134.000000,-378.000000,1818.000000,1810.000000,153.000000,166.000000
511,1743685866094978,178.000000,-130.000000,135.000000,178.000000,128.000000,360.000000,178.000000,-129.998001,134.998001,177.998993,128.000000,359.997986,-147.000000,-374.000000,1827.000000,1827.000000,147.000000,118.000000
511,1743685866099413,178.000000,-130.000000,135.000000,178.000000,128.000000,360.000000,178.000000,-129.998001,134.998001,177.998993,128.000000,359.997986,-147.000000,-374.000000,1827.000000,1827.000000,147.000000,118.000000
511,1743685866104931,178.000000,-130.000000,135.000000,178.000000,128.000000,360.000000,177.998993,-129.998001,134.998993,177.998993,128.000000,359.997009,-149.000000,-375.000000,1823.000000,1812.000000,150.000000,189.000000
511,1743685866110460,178.000000,-130.000000,135.000000,178.000000,128.000000,360.000000,178.000000,-129.996994,134.998001,177.998993,128.000000,359.997009,-135.000000,-376.000000,1843.000000,1819.000000,150.000000,184.000000
511,1743685866114935,178.000000,-130.000000,135.000000,178.000000,128.000000,360.000000,178.000000,-129.996994,134.998001,177.998993,128.000000,359.997009,-135.000000,-376.000000,1843.000000,1819.000000,150.000000,184.000000
511,1743685866120509,178.000000,-130.000000,135.000000,178.000000,128.000000,360.000000,178.000000,-129.998001,134.998993,178.000000,127.998001,359.997986,-139.000000,-373.000000,1852.000000,1815.000000,146.000000,186.000000
511,1743685866124996,178.000000,-130.000000,135.000000,178.000000,128.000000,360.000000,177.998993,-129.996994,134.998993,177.998993,128.000000,359.997009,-139.000000,-375.000000,1827.000000,1817.000000,153.000000,202.000000
511,1743685866129471,178.000000,-130.000000,135.000000,178.000000,128.000000,360.000000,178.000000,-129.998001,134.998001,177.998993,127.998001,359.994995,-134.000000,-375.000000,1829.000000,1815.000000,146.000000,159.000000
511,1743685866135028,178.000000,-130.000000,135.000000,178.000000,128.000000,360.000000,178.001007,-129.998001,134.998001,178.000000,127.998001,359.994995,-133.000000,-374.000000,1831.000000,1808.000000,150.000000,157.000000
511,1743685866139495,178.000000,-130.000000,135.000000,178.000000,128.000000,360.000000,177.998993,-129.996994,134.998993,177.998993,127.998001,359.997009,-134.000000,-378.000000,1838.000000,1813.000000,148.000000,173.000000
511,1743685866145046,178.000000,-130.000000,135.000000,178.000000,128.000000,360.000000,177.998993,-129.998001,134.998001,178.000000,127.998001,359.997986,-134.000000,-375.000000,1838.000000,1813.000000,153.000000,205.000000
511,1743685866149493,178.000000,-130.000000,135.000000,178.000000,128.000000,360.000000,178.000000,-129.996994,134.998993,178.000000,128.000000,359.997986,-135.000000,-376.000000,1835.000000,1811.000000,151.000000,165.000000
511,1743685866155030,178.000000,-130.000000,135.000000,178.000000,128.000000,360.000000,178.000000,-129.998001,134.998001,178.000000,127.998001,359.997009,-120.000000,-376.000000,1850.000000,1815.000000,150.000000,168.000000
511,1743685866159485,178.000000,-130.000000,135.000000,178.000000,128.000000,360.000000,178.000000,-129.998001,134.998001,178.000000,128.000000,359.997986,-130.000000,-375.000000,1821.000000,1810.000000,160.000000,144.000000
511,1743685866165070,178.000000,-130.000000,135.000000,178.000000,128.000000,360.000000,177.998993,-129.998001,134.998993,178.000000,128.000000,359.997009,-123.000000,-376.000000,1831.000000,1814.000000,155.000000,124.000000
511,1743685866169579,178.000000,-130.000000,135.000000,178.000000,128.000000,360.000000,177.998993,-129.998001,134.998001,178.000000,128.000000,359.997009,-125.000000,-376.000000,1840.000000,1813.000000,152.000000,109.000000
511,1743685866175171,178.000000,-130.000000,135.000000,178.000000,128.000000,360.000000,178.000000,-129.998001,134.998001,178.000000,128.000000,359.997986,-132.000000,-375.000000,1841.000000,1810.000000,148.000000,185.000000
511,1743685866179607,178.000000,-130.000000,135.000000,178.000000,128.000000,360.000000,178.000000,-129.998001,134.998001,178.000000,127.998001,359.997986,-126.000000,-375.000000,1829.000000,1815.000000,151.000000,185.000000
511,1743685866185223,178.000000,-130.000000,135.000000,178.000000,128.000000,360.000000,178.001007,-129.998993,134.998993,178.000000,127.998001,359.997986,-129.000000,-375.000000,1843.000000,1806.000000,149.000000,145.000000
511,1743685866189769,178.000000,-130.000000,135.000000,178.000000,128.000000,360.000000,178.000000,-129.998001,134.998001,178.001007,128.000000,359.997009,-136.000000,-376.000000,1837.000000,1809.000000,144.000000,176.000000
511,1743685866195301,178.000000,-130.000000,135.000000,178.000000,128.000000,360.000000,178.001007,-129.996994,134.998993,178.001007,128.000000,359.997009,-136.000000,-372.000000,1852.000000,1811.000000,153.000000,168.000000
511,1743685866199736,178.000000,-130.000000,135.000000,178.000000,128.000000,360.000000,177.998993,-129.998001,134.998001,178.000000,128.000000,359.994995,-138.000000,-375.000000,1841.000000,1813.000000,152.000000,127.000000
511,1743685866205343,178.000000,-130.000000,135.000000,178.000000,128.000000,360.000000,178.000000,-129.998001,134.998993,178.001007,128.000000,359.997986,-130.000000,-367.000000,1844.000000,1809.000000,151.000000,142.000000
511,1743685866209841,178.000000,-130.000000,135.000000,178.000000,128.000000,360.000000,178.000000,-129.998993,134.998993,178.001007,128.000000,359.998993,-134.000000,-354.000000,1844.000000,1812.000000,149.000000,120.000000
511,1743685866214428,178.000000,-130.000000,135.000000,178.000000,128.000000,360.000000,177.998993,-129.998001,134.998993,178.001007,128.000000,359.997986,-127.000000,-346.000000,1839.000000,1806.000000,154.000000,206.000000
511,1743685866220014,178.000000,-130.000000,135.000000,178.000000,128.000000,360.000000,178.000000,-129.998993,134.998001,178.001007,128.000000,359.997986,-127.000000,-333.000000,1838.000000,1806.000000,156.000000,167.000000
511,1743685866224507,178.000000,-130.000000,135.000000,178.000000,128.000000,360.000000,177.998993,-129.998993,134.996994,178.003006,127.998001,359.997009,-122.000000,-314.000000,1841.000000,1802.000000,156.000000,162.000000
511,1743685866230150,178.000000,-130.000000,135.000000,178.000000,128.000000,360.000000,177.998993,-129.998993,134.998001,178.003006,128.000000,359.998993,-126.000000,-317.000000,1835.000000,1802.000000,157.000000,117.000000
511,1743685866234600,178.000000,-130.000000,135.000000,178.000000,128.000000,360.000000,178.000000,-130.001007,134.998001,178.003998,128.000000,359.997009,-132.000000,-296.000000,1848.000000,1775.000000,155.000000,138.000000
511,1743685866240088,178.000000,-130.000000,135.000000,178.000000,128.000000,360.000000,178.000000,-130.001007,134.998993,178.003998,127.998001,359.997986,-135.000000,-312.000000,1826.000000,1775.000000,147.000000,131.000000
511,1743685866244516,178.000000,-130.000000,135.000000,178.000000,128.000000,360.000000,178.000000,-130.001007,134.998001,178.005997,127.998001,359.997986,-138.000000,-311.000000,1830.000000,1769.000000,155.000000,163.000000
511,1743685866250037,178.000000,-130.000000,135.000000,178.000000,128.000000,360.000000,178.000000,-130.001007,134.998001,178.003998,128.000000,359.997986,-134.000000,-312.000000,1836.000000,1769.000000,154.000000,207.000000
511,1743685866254526,178.000000,-130.000000,135.000000,178.000000,128.000000,360.000000,178.000000,-130.001007,134.998993,178.003998,127.998001,359.997009,-132.000000,-312.000000,1837.000000,1757.000000,156.000000,180.000000
511,1743685866260157,178.000000,-130.000000,135.000000,178.000000,128.000000,360.000000,178.000000,-130.001007,134.998993,178.003006,127.998001,359.997986,-129.000000,-315.000000,1838.000000,1758.000000,154.000000,138.000000
511,1743685866264660,178.000000,-130.000000,135.000000,178.000000,128.000000,360.000000,178.000000,-130.001999,134.998001,178.005997,128.000000,359.997986,-129.000000,-319.000000,1841.000000,1752.000000,150.000000,193.000000
511,1743685866270299,178.000000,-130.000000,135.000000,178.000000,128.000000,360.000000,178.000000,-130.001999,134.998001,178.005997,128.000000,359.997986,-129.000000,-319.000000,1841.000000,1752.000000,150.000000,193.000000
511,1743685866274830,178.000000,-130.000000,135.000000,178.000000,128.000000,360.000000,178.000000,-130.001999,134.996994,178.003998,127.998001,359.998993,-129.000000,-315.000000,1838.000000,1755.000000,162.000000,141.000000
511,1743685866280409,178.000000,-130.000000,135.000000,178.000000,128.000000,360.000000,177.998993,-130.001007,134.998993,178.005997,128.000000,359.997986,-129.000000,-317.000000,1837.000000,1737.000000,149.000000,118.000000
511,1743685866284846,178.000000,-130.000000,135.000000,178.000000,128.000000,360.000000,177.998993,-130.001007,134.998993,178.005997,128.000000,359.997986,-129.000000,-317.000000,1837.000000,1737.000000,149.000000,118.000000
511,1743685866290350,178.000000,-130.000000,135.000000,178.000000,128.000000,360.000000,178.001007,-130.001007,134.998001,178.003998,128.001007,359.997986,-128.000000,-315.000000,1841.000000,1729.000000,157.000000,145.000000
511,1743685866294758,178.000000,-130.000000,135.000000,178.000000,128.000000,360.000000,178.000000,-130.001999,134.998001,178.003006,128.000000,359.997986,-127.000000,-316.000000,1830.000000,1727.000000,157.000000,179.000000
511,1743685866300262,178.000000,-130.000000,135.000000,178.000000,128.000000,360.000000,178.000000,-130.001007,135.001007,178.003998,128.000000,359.997009,-128.000000,-306.000000,1834.000000,1723.000000,156.000000,168.000000
511,1743685866304676,178.000000,-130.000000,135.000000,178.000000,128.000000,360.000000,178.000000,-130.001999,134.998993,178.003998,127.998001,359.997986,-123.000000,-311.000000,1830.000000,1720.000000,150.000000,151.000000
511,1743685866310247,178.000000,-130.000000,135.000000,178.000000,128.000000,360.000000,178.000000,-130.001007,134.998993,178.003006,127.998001,359.997986,-125.000000,-311.000000,1832.000000,1716.000000,154.000000,98.000000
511,1743685866314695,178.000000,-130.000000,135.000000,178.000000,128.000000,360.000000,178.000000,-130.001999,134.998001,178.003998,127.998001,359.997986,-126.000000,-313.000000,1831.000000,1726.000000,156.000000,165.000000
511,1743685866320280,178.000000,-130.000000,135.000000,178.000000,128.000000,360.000000,178.000000,-130.001999,134.998001,178.003998,127.998001,359.997009,-121.000000,-311.000000,1834.000000,1710.000000,162.000000,174.000000
511,1743685866324725,178.000000,-130.000000,135.000000,178.000000,128.000000,360.000000,178.000000,-130.001007,134.998001,178.003998,128.000000,359.997986,-114.000000,-311.000000,1844.000000,1704.000000,156.000000,142.000000
511,1743685866330286,178.000000,-130.000000,135.000000,178.000000,128.000000,360.000000,178.000000,-130.001007,134.998001,178.003998,128.000000,359.997986,-123.000000,-307.000000,1823.000000,1710.000000,155.000000,110.000000
511,1743685866334775,178.000000,-130.000000,135.000000,178.000000,128.000000,360.000000,178.000000,-130.001007,134.998001,178.003998,128.000000,359.997986,-120.000000,-303.000000,1834.000000,1698.000000,160.000000,131.000000
511,1743685866340364,178.000000,-130.000000,135.000000,178.000000,128.000000,360.000000,177.998993,-130.001007,134.998993,178.003998,128.000000,359.997009,-118.000000,-300.000000,1838.000000,1684.000000,159.000000,128.000000
511,1743685866344780,178.000000,-130.000000,135.000000,178.000000,128.000000,360.000000,177.998993,-130.001007,134.998993,178.005997,128.000000,359.998993,-117.000000,-306.000000,1844.000000,1693.000000,160.000000,135.000000
511,1743685866350279,178.000000,-130.000000,135.000000,178.000000,128.000000,360.000000,178.000000,-129.998993,134.998001,178.003998,127.997002,359.997986,-118.000000,-306.000000,1842.000000,1691.000000,158.000000,101.000000
511,1743685866354676,178.000000,-130.000000,135.000000,178.000000,128.000000,360.000000,178.001007,-130.001007,134.998001,178.003998,127.998001,359.997986,-119.000000,-302.000000,1839.000000,1689.000000,158.000000,120.000000
511,1743685866360174,178.000000,-130.000000,135.000000,178.000000,128.000000,360.000000,177.998993,-130.001007,134.998001,178.003998,128.000000,359.997986,-128.000000,-305.000000,1839.000000,1675.000000,160.000000,180.000000
511,1743685866364616,178.000000,-130.000000,135.000000,178.000000,128.000000,360.000000,178.001007,-130.001999,134.998993,178.003998,128.000000,359.997986,-109.000000,-308.000000,1841.000000,1681.000000,164.000000,148.000000
511,1743685866370113,178.000000,-130.000000,135.000000,178.000000,128.000000,360.000000,178.000000,-130.001999,134.998993,178.003998,127.998001,359.998993,-119.000000,-307.000000,1841.000000,1681.000000,158.000000,146.000000
511,1743685866374542,178.000000,-130.000000,135.000000,178.000000,128.000000,360.000000,178.001007,-130.001007,134.998001,178.003998,127.998001,359.998993,-119.000000,-308.000000,1837.000000,1677.000000,166.000000,121.000000
511,1743685866380102,178.000000,-130.000000,135.000000,178.000000,128.000000,360.000000,178.000000,-130.001007,134.998001,178.003998,128.000000,359.997986,-119.000000,-308.000000,1842.000000,1668.000000,162.000000,145.000000
511,1743685866384584,178.000000,-130.000000,135.000000,178.000000,128.000000,360.000000,178.000000,-130.001999,134.998993,178.003998,127.998001,359.997986,-132.000000,-308.000000,1844.000000,1663.000000,164.000000,163.000000
511,1743685866390135,178.000000,-130.000000,135.000000,178.000000,128.000000,360.000000,178.000000,-130.001007,134.998993,178.003006,128.000000,359.998993,-125.000000,-309.000000,1829.000000,1679.000000,161.000000,172.000000
511,1743685866394572,178.000000,-130.000000,135.000000,178.000000,128.000000,360.000000,178.001007,-130.001999,134.998993,178.003006,128.001007,359.997986,-118.000000,-307.000000,1819.000000,1663.000000,163.000000,149.000000
511,1743685866400183,178.000000,-130.000000,135.000000,178.000000,128.000000,360.000000,178.000000,-130.001007,134.998001,178.003006,128.000000,359.997986,-116.000000,-312.000000,1844.000000,1666.000000,164.000000,162.000000
511,1743685866404669,178.000000,-130.000000,135.000000,178.000000,128.000000,360.000000,178.000000,-130.001007,134.998993,178.003998,127.998001,359.997986,-122.000000,-310.000000,1826.000000,1667.000000,159.000000,159.000000
511,1743685866410306,178.000000,-130.000000,135.000000,178.000000,128.000000,360.000000,178.000000,-130.001007,134.998993,178.003006,128.000000,359.997009,-116.000000,-311.000000,1834.000000,1662.000000,162.000000,161.000000
511,1743685866414720,178.000000,-130.000000,135.000000,178.000000,128.000000,360.000000,178.000000,-130.001007,134.998993,178.003998,127.998001,359.997986,-114.000000,-312.000000,1833.000000,1659.000000,163.000000,165.000000
511,1743685866420243,178.000000,-130.000000,135.000000,178.000000,128.000000,360.000000,178.000000,-130.001999,134.998001,178.003998,127.998001,359.998993,-119.000000,-309.000000,1834.000000,1653.000000,168.000000,154.000000
511,1743685866424655,178.000000,-130.000000,135.000000,178.000000,128.000000,360.000000,178.000000,-130.001007,134.998001,178.003998,128.000000,359.997986,-116.000000,-311.000000,1828.000000,1653.000000,166.000000,156.000000
511,1743685866430217,178.000000,-130.000000,135.000000,178.000000,128.000000,360.000000,178.001007,-130.001007,134.998001,178.003998,128.000000,359.997986,-117.000000,-301.000000,1830.000000,1652.000000,157.000000,172.000000
511,1743685866434665,178.000000,-130.000000,135.000000,178.000000,128.000000,360.000000,178.000000,-130.001007,134.998001,178.003998,127.998001,359.998993,-116.000000,-312.000000,1841.000000,1635.000000,163.000000,160.000000
511,1743685866440267,178.000000,-130.000000,135.000000,178.000000,128.000000,360.000000,178.000000,-130.001007,134.998001,178.003998,127.998001,359.998993,-116.000000,-312.000000,1841.000000,1635.000000,163.000000,160.000000
511,1743685866444744,178.000000,-130.000000,135.000000,178.000000,128.000000,360.000000,177.996994,-130.001999,134.998993,178.003006,127.998001,359.997986,-124.000000,-312.000000,1847.000000,1654.000000,162.000000,154.000000
511,1743685866450345,178.000000,-130.000000,135.000000,178.000000,128.000000,360.000000,177.996994,-130.001999,134.998993,178.003006,127.998001,359.997986,-124.000000,-312.000000,1847.000000,1654.000000,162.000000,154.000000
511,1743685866454842,178.000000,-130.000000,135.000000,178.000000,128.000000,360.000000,178.001007,-130.001999,134.998001,178.003998,128.000000,359.997986,-118.000000,-307.000000,1824.000000,1647.000000,160.000000,152.000000
511,1743685866460479,178.000000,-130.000000,135.000000,178.000000,128.000000,360.000000,178.000000,-130.001007,134.998993,178.003006,128.000000,359.997986,-117.000000,-307.000000,1827.000000,1648.000000,160.000000,159.000000
511,1743685866464928,178.000000,-130.000000,135.000000,178.000000,128.000000,360.000000,178.000000,-130.001999,134.998001,178.003006,127.997002,359.998993,-118.000000,-308.000000,1835.000000,1647.000000,160.000000,161.000000
511,1743685866470419,178.000000,-130.000000,135.000000,178.000000,128.000000,360.000000,178.000000,-130.001999,134.998993,178.003998,128.000000,359.997986,-123.000000,-308.000000,1831.000000,1650.000000,161.000000,153.000000
511,1743685866474841,178.000000,-130.000000,135.000000,178.000000,128.000000,360.000000,178.000000,-130.001007,134.998001,178.001007,128.000000,359.998993,-126.000000,-309.000000,1825.000000,1646.000000,163.000000,159.000000
511,1743685866480432,178.000000,-130.000000,135.000000,178.000000,128.000000,360.000000,178.001007,-130.001999,134.998001,178.003006,128.000000,359.997986,-121.000000,-303.000000,1824.000000,1646.000000,162.000000,136.000000
511,1743685866484889,178.000000,-130.000000,135.000000,178.000000,128.000000,360.000000,178.000000,-130.003006,134.998993,178.003006,127.998001,359.997009,-122.000000,-307.000000,1824.000000,1645.000000,164.000000,173.000000
511,1743685866490534,178.000000,-130.000000,135.000000,178.000000,128.000000,360.000000,178.000000,-130.001999,134.998993,178.003006,128.000000,359.997986,-118.000000,-301.000000,1818.000000,1635.000000,162.000000,139.000000
511,1743685866495081,178.000000,-130.000000,135.000000,178.000000,128.000000,360.000000,177.998993,-130.001007,134.998993,178.003006,127.998001,359.998993,-121.000000,-305.000000,1825.000000,1640.000000,159.000000,163.000000
511,1743685866499571,178.000000,-130.000000,135.000000,178.000000,128.000000,360.000000,178.000000,-130.001999,134.998001,178.001007,127.998001,359.997986,-121.000000,-305.000000,1822.000000,1644.000000,162.000000,170.000000
511,1743685866505188,178.000000,-130.000000,135.000000,178.000000,128.000000,360.000000,177.998993,-130.001007,134.998001,178.003006,128.000000,359.997009,-120.000000,-312.000000,1834.000000,1640.000000,159.000000,163.000000
511,1743685866509603,178.000000,-130.000000,135.000000,178.000000,128.000000,360.000000,178.000000,-130.001999,134.998001,178.003006,127.998001,359.998993,-125.000000,-303.000000,1834.000000,1641.000000,160.000000,146.000000
511,1743685866515089,178.000000,-130.000000,135.000000,178.000000,128.000000,360.000000,178.000000,-130.001999,134.998993,178.003006,128.000000,359.997986,-122.000000,-307.000000,1831.000000,1640.000000,161.000000,166.000000
511,1743685866519517,178.000000,-130.000000,135.000000,178.000000,128.000000,360.000000,178.000000,-130.001999,134.998993,178.003006,128.000000,359.997986,-127.000000,-308.000000,1838.000000,1643.000000,161.000000,160.000000
511,1743685866525004,178.000000,-130.000000,135.000000,178.000000,128.000000,360.000000,178.000000,-130.001007,134.998001,178.003006,127.997002,359.998993,-128.000000,-307.000000,1827.000000,1643.000000,159.000000,168.000000
511,1743685866529442,178.000000,-130.000000,135.000000,178.000000,128.000000,360.000000,178.000000,-130.001999,134.998001,178.003006,127.998001,359.997986,-128.000000,-309.000000,1825.000000,1643.000000,164.000000,138.000000
511,1743685866534933,178.000000,-130.000000,135.000000,178.000000,128.000000,360.000000,178.000000,-130.001007,134.998993,178.003006,127.998001,359.997986,-118.000000,-303.000000,1810.000000,1638.000000,153.000000,143.000000
511,1743685866539446,178.000000,-130.000000,135.000000,178.000000,128.000000,360.000000,177.998993,-130.001007,134.998993,178.003998,127.998001,359.998993,-132.000000,-307.000000,1809.000000,1636.000000,161.000000,162.000000
511,1743685866545011,178.000000,-130.000000,135.000000,178.000000,128.000000,360.000000,178.001007,-130.001007,134.998001,178.003006,127.998001,359.997986,-123.000000,-303.000000,1822.000000,1643.000000,169.000000,186.000000
511,1743685866549458,178.000000,-130.000000,135.000000,178.000000,128.000000,360.000000,178.001007,-129.998993,134.998001,178.003006,127.998001,359.998993,-123.000000,-307.000000,1808.000000,1632.000000,164.000000,176.000000
511,1743685866554995,178.000000,-130.000000,135.000000,178.000000,128.000000,360.000000,177.998993,-130.001999,134.998001,178.003006,128.000000,359.998993,-111.000000,-305.000000,1828.000000,1639.000000,159.000000,162.000000
511,1743685866560574,178.000000,-130.000000,135.000000,178.000000,128.000000,360.000000,178.000000,-130.001999,134.998993,178.003006,127.998001,359.998993,-119.000000,-311.000000,1806.000000,1630.000000,160.000000,162.000000
511,1743685866565087,178.000000,-130.000000,135.000000,178.000000,128.000000,360.000000,177.998993,-130.001999,134.998993,178.003006,128.000000,359.997986,-114.000000,-309.000000,1821.000000,1641.000000,161.000000,131.000000
511,1743685866569591,178.000000,-130.000000,135.000000,178.000000,128.000000,360.000000,178.000000,-130.001007,134.998993,178.003006,128.001007,359.997009,-112.000000,-316.000000,1833.000000,1636.000000,164.000000,130.000000
511,1743685866575150,178.000000,-130.000000,135.000000,178.000000,128.000000,360.000000,178.001007,-130.001999,134.998993,178.001007,127.998001,359.997986,-110.000000,-307.000000,1827.000000,1641.000000,158.000000,139.000000
511,1743685866579601,178.000000,-130.000000,135.000000,178.000000,128.000000,360.000000,177.998993,-130.001007,134.998993,178.003006,127.998001,359.998993,-113.000000,-307.000000,1819.000000,1631.000000,155.000000,182.000000
511,1743685866585174,178.000000,-130.000000,135.000000,178.000000,128.000000,360.000000,178.000000,-130.001007,134.998001,178.003006,128.000000,359.997986,-113.000000,-310.000000,1830.000000,1638.000000,160.000000,173.000000
511,1743685866589700,178.000000,-130.000000,135.000000,178.000000,128.000000,360.000000,177.998993,-130.001007,134.998993,178.003006,128.001007,359.997986,-113.000000,-308.000000,1821.000000,1629.000000,166.000000,195.000000
511,1743685866595264,178.000000,-130.000000,135.000000,178.000000,128.000000,360.000000,178.000000,-130.001999,134.998993,178.003006,127.998001,359.998993,-109.000000,-309.000000,1827.000000,1636.000000,160.000000,182.000000
511,1743685866599711,178.000000,-130.000000,135.000000,178.000000,128.000000,360.000000,178.000000,-130.001007,134.998001,178.003006,128.000000,359.997986,-121.000000,-309.000000,1824.000000,1640.000000,162.000000,162.000000
511,1743685866605298,178.000000,-130.000000,135.000000,178.000000,128.000000,360.000000,178.000000,-130.001007,134.998993,178.001007,127.998001,359.997986,-114.000000,-309.000000,1810.000000,1639.000000,162.000000,180.000000
511,1743685866609796,178.000000,-130.000000,135.000000,178.000000,128.000000,360.000000,178.000000,-130.001007,134.998993,178.001007,127.998001,359.997009,-110.000000,-308.000000,1816.000000,1636.000000,162.000000,146.000000
511,1743685866615372,178.000000,-130.000000,135.000000,178.000000,128.000000,360.000000,177.998993,-130.001007,134.998001,178.003006,128.000000,360.001007,-106.000000,-308.000000,1827.000000,1639.000000,160.000000,138.000000
511,1743685866619855,178.000000,-130.000000,135.000000,178.000000,128.000000,360.000000,178.000000,-129.998993,134.998001,178.003006,127.998001,360.001007,-100.000000,-308.000000,1807.000000,1641.000000,161.000000,176.000000
511,1743685866625373,178.000000,-130.000000,135.000000,178.000000,128.000000,360.000000,178.000000,-130.001999,134.998993,178.003006,128.000000,359.998993,-106.000000,-303.000000,1829.000000,1636.000000,152.000000,170.000000
511,1743685866629805,178.000000,-130.000000,135.000000,178.000000,128.000000,360.000000,178.000000,-130.001999,134.998993,178.003006,128.000000,359.998993,-106.000000,-303.000000,1829.000000,1636.000000,152.000000,170.000000
511,1743685866635292,178.000000,-130.000000,135.000000,178.000000,128.000000,360.000000,177.998993,-130.001007,134.998001,178.001007,128.000000,359.998993,-97.000000,-305.000000,1827.000000,1633.000000,158.000000,175.000000
511,1743685866639677,178.000000,-130.000000,135.000000,178.000000,128.000000,360.000000,177.998993,-130.001007,134.998001,178.001007,128.000000,359.998993,-97.000000,-305.000000,1827.000000,1633.000000,158.000000,175.000000
511,1743685866645183,178.000000,-130.000000,135.000000,178.000000,128.000000,360.000000,178.000000,-130.001999,134.998001,178.003006,127.998001,359.997986,-102.000000,-306.000000,1796.000000,1642.000000,153.000000,164.000000
511,1743685866649598,178.000000,-130.000000,135.000000,178.000000,128.000000,360.000000,178.000000,-130.001007,134.998993,178.003006,128.000000,359.998993,-104.000000,-303.000000,1812.000000,1620.000000,156.000000,154.000000
511,1743685866655079,178.000000,-130.000000,135.000000,178.000000,128.000000,360.000000,178.000000,-130.001007,134.998001,178.003006,128.000000,359.998993,-98.000000,-300.000000,1809.000000,1635.000000,159.000000,160.000000
511,1743685866659543,178.000000,-130.000000,135.000000,178.000000,128.000000,360.000000,178.000000,-130.001007,134.998001,178.003006,128.000000,359.998993,-98.000000,-304.000000,1801.000000,1636.000000,155.000000,161.000000
511,1743685866665128,178.000000,-130.000000,135.000000,178.000000,128.000000,360.000000,178.000000,-130.001007,134.998993,178.003006,128.000000,359.997009,-96.000000,-303.000000,1804.000000,1632.000000,160.000000,169.000000
511,1743685866669602,178.000000,-130.000000,135.000000,178.000000,128.000000,360.000000,178.000000,-130.001007,134.998993,178.003006,127.998001,359.997009,-96.000000,-301.000000,1820.000000,1637.000000,153.000000,98.000000
511,1743685866675146,178.000000,-130.000000,135.000000,178.000000,128.000000,360.000000,178.000000,-130.001999,134.998993,178.003006,127.998001,359.997986,-98.000000,-302.000000,1807.000000,1640.000000,157.000000,116.000000
511,1743685866679571,178.000000,-130.000000,135.000000,178.000000,128.000000,360.000000,178.000000,-130.001999,134.996994,178.003006,127.998001,359.997986,-101.000000,-303.000000,1802.000000,1635.000000,155.000000,192.000000
511,1743685866685166,178.000000,-130.000000,135.000000,178.000000,128.000000,360.000000,177.998993,-130.001007,134.998001,178.003006,128.000000,359.998993,-101.000000,-303.000000,1808.000000,1639.000000,159.000000,188.000000
511,1743685866689653,178.000000,-130.000000,135.000000,178.000000,128.000000,360.000000,178.000000,-130.001007,134.998001,178.001007,128.000000,359.997009,-104.000000,-308.000000,1812.000000,1631.000000,162.000000,115.000000
511,1743685866695167,178.000000,-130.000000,135.000000,178.000000,128.000000,360.000000,178.000000,-130.001007,134.998001,178.003006,128.000000,359.997986,-104.000000,-307.000000,1810.000000,1643.000000,156.000000,189.000000
511,1743685866699572,178.000000,-130.000000,135.000000,178.000000,128.000000,360.000000,178.000000,-130.001999,134.998001,178.003006,128.000000,359.998993,-97.000000,-304.000000,1811.000000,1639.000000,156.000000,118.000000
511,1743685866705100,178.000000,-130.000000,135.000000,178.000000,128.000000,360.000000,178.000000,-130.001999,134.998001,178.001007,127.998001,359.997986,-100.000000,-303.000000,1808.000000,1639.000000,156.000000,192.000000
511,1743685866709541,178.000000,-130.000000,135.000000,178.000000,128.000000,360.000000,178.000000,-130.001007,134.998001,178.003006,127.998001,359.997009,-91.000000,-300.000000,1804.000000,1633.000000,152.000000,179.000000
511,1743685866715024,178.000000,-130.000000,135.000000,178.000000,128.000000,360.000000,177.998993,-130.001007,134.996994,178.003006,128.000000,359.997986,-104.000000,-298.000000,1810.000000,1638.000000,156.000000,168.000000
511,1743685866720552,178.000000,-130.000000,135.000000,178.000000,128.000000,360.000000,177.998993,-130.001007,134.998993,178.001007,128.000000,359.997986,-109.000000,-301.000000,1809.000000,1634.000000,155.000000,136.000000
511,1743685866725040,178.000000,-130.000000,135.000000,178.000000,128.000000,360.000000,178.000000,-130.001007,134.998001,178.003006,127.998001,359.998993,-102.000000,-300.000000,1818.000000,1639.000000,158.000000,167.000000
511,1743685866729550,178.000000,-130.000000,135.000000,178.000000,128.000000,360.000000,178.000000,-130.001007,134.998993,178.001007,127.998001,359.997986,-93.000000,-300.000000,1813.000000,1644.000000,157.000000,166.000000
511,1743685866735089,178.000000,-130.000000,135.000000,178.000000,128.000000,360.000000,178.000000,-130.001999,134.998993,178.001007,128.000000,359.997009,-97.000000,-301.000000,1795.000000,1633.000000,159.000000,164.000000
511,1743685866739555,178.000000,-130.000000,135.000000,178.000000,128.000000,360.000000,177.998993,-130.001999,134.998993,178.001007,127.998001,359.998993,-88.000000,-302.000000,1806.000000,1640.000000,157.000000,166.000000
511,1743685866745148,178.000000,-130.000000,135.000000,178.000000,128.000000,360.000000,178.000000,-130.001007,134.996994,178.001007,127.998001,359.997009,-101.000000,-301.000000,1808.000000,1643.000000,162.000000,175.000000
511,1743685866749615,178.000000,-130.000000,135.000000,178.000000,128.000000,360.000000,178.000000,-130.001007,134.998001,178.001007,128.000000,359.998993,-96.000000,-300.000000,1812.000000,1628.000000,160.000000,161.000000
511,1743685866755220,178.000000,-130.000000,135.000000,178.000000,128.000000,360.000000,178.000000,-130.001999,134.998993,178.003006,127.998001,359.997009,-93.000000,-301.000000,1813.000000,1639.000000,161.000000,119.000000
511,1743685866759637,178.000000,-130.000000,135.000000,178.000000,128.000000,360.000000,178.000000,-130.001007,134.998993,178.001007,128.000000,359.997986,-90.000000,-297.000000,1804.000000,1636.000000,159.000000,152.000000
511,1743685866765163,178.000000,-130.000000,135.000000,178.000000,128.000000,360.000000,178.000000,-130.001999,134.998001,178.001007,128.000000,359.997986,-93.000000,-299.000000,1804.000000,1636.000000,155.000000,190.000000
511,1743685866769623,178.000000,-130.000000,135.000000,178.000000,128.000000,360.000000,178.000000,-130.001999,134.998001,178.001007,128.000000,359.997986,-93.000000,-299.000000,1804.000000,1636.000000,155.000000,190.000000
511,1743685866775215,178.000000,-130.000000,135.000000,178.000000,128.000000,360.000000,178.000000,-130.001999,134.998001,178.001007,127.998001,359.997986,-94.000000,-299.000000,1817.000000,1637.000000,156.000000,123.000000
511,1743685866779678,178.000000,-130.000000,135.000000,178.000000,128.000000,360.000000,178.000000,-130.001007,134.998993,178.003006,128.000000,359.997986,-88.000000,-300.000000,1806.000000,1635.000000,161.000000,198.000000
511,1743685866785267,178.000000,-130.000000,135.000000,178.000000,128.000000,360.000000,178.000000,-130.001007,134.998993,178.003006,128.000000,359.997986,-88.000000,-300.000000,1806.000000,1635.000000,161.000000,198.000000
511,1743685866789798,178.000000,-130.000000,135.000000,178.000000,128.000000,360.000000,178.000000,-130.001999,134.998001,178.001007,128.000000,359.998993,-94.000000,-300.000000,1813.000000,1630.000000,155.000000,111.000000
511,1743685866795396,178.000000,-130.000000,135.000000,178.000000,128.000000,360.000000,177.998993,-130.001999,134.998001,178.003006,128.000000,359.997009,-92.000000,-300.000000,1808.000000,1640.000000,156.000000,187.000000
511,1743685866799889,178.000000,-130.000000,135.000000,178.000000,128.000000,360.000000,178.000000,-130.001007,134.998993,178.001007,127.998001,359.997986,-95.000000,-299.000000,1819.000000,1635.000000,160.000000,184.000000
511,1743685866805521,178.000000,-130.000000,135.000000,178.000000,128.000000,360.000000,177.998993,-130.001007,134.998001,178.001007,128.000000,359.997986,-99.000000,-299.000000,1807.000000,1636.000000,157.000000,176.000000
511,1743685866809955,178.000000,-130.000000,135.000000,178.000000,128.000000,360.000000,177.998993,-130.001999,134.998001,178.001007,128.000000,359.997986,-93.000000,-299.000000,1820.000000,1631.000000,160.000000,136.000000
511,1743685866815472,178.000000,-130.000000,135.000000,178.000000,128.000000,360.000000,178.000000,-130.001007,134.998001,178.001007,128.000000,359.997986,-99.000000,-300.000000,1814.000000,1644.000000,161.000000,184.000000
511,1743685866819908,178.000000,-130.000000,135.000000,178.000000,128.000000,360.000000,178.001007,-130.001007,134.998993,178.001007,127.998001,359.997986,-96.000000,-299.000000,1815.000000,1631.000000,158.000000,133.000000
511,1743685866825535,178.000000,-130.000000,135.000000,178.000000,128.000000,360.000000,178.001007,-130.001007,134.998993,178.001007,127.998001,359.998993,-96.000000,-300.000000,1806.000000,1640.000000,164.000000,181.000000
511,1743685866830039,178.000000,-130.000000,135.000000,178.000000,128.000000,360.000000,178.001007,-129.998993,134.998001,178.001007,127.998001,359.997986,-97.000000,-294.000000,1811.000000,1634.000000,155.000000,142.000000
511,1743685866834516,178.000000,-130.000000,135.000000,178.000000,128.000000,360.000000,177.998993,-130.001999,134.998993,178.001007,127.998001,359.997986,-87.000000,-297.000000,1809.000000,1635.000000,163.000000,178.000000
511,1743685866840116,178.000000,-130.000000,135.000000,178.000000,128.000000,360.000000,178.001007,-130.001999,134.998001,178.001007,128.000000,359.997986,-93.000000,-293.000000,1811.000000,1638.000000,159.000000,122.000000
511,1743685866844582,178.000000,-130.000000,135.000000,178.000000,128.000000,360.000000,178.000000,-130.001007,134.996994,178.001007,128.000000,359.997986,-97.000000,-297.000000,1805.000000,1631.000000,150.000000,145.000000
511,1743685866850186,178.000000,-130.000000,135.000000,178.000000,128.000000,360.000000,178.000000,-130.001007,134.998993,178.001007,127.998001,359.997986,-97.000000,-289.000000,1815.000000,1635.000000,161.000000,170.000000
511,1743685866854617,178.000000,-130.000000,135.000000,178.000000,128.000000,360.000000,178.000000,-130.001007,134.998993,178.001007,128.000000,360.001007,-98.000000,-291.000000,1814.000000,1631.000000,156.000000,119.000000
511,1743685866860120,178.000000,-130.000000,135.000000,178.000000,128.000000,360.000000,178.000000,-130.001007,134.998993,178.001007,128.000000,359.998993,-95.000000,-295.000000,1808.000000,1646.000000,160.000000,167.000000
511,1743685866864538,178.000000,-130.000000,135.000000,178.000000,128.000000,360.000000,178.000000,-130.001999,134.998993,178.001007,128.001007,359.998993,-95.000000,-299.000000,1791.000000,1638.000000,159.000000,174.000000
511,1743685866870068,178.000000,-130.000000,135.000000,178.000000,128.000000,360.000000,178.001007,-130.001999,134.998993,178.001007,128.000000,359.998993,-94.000000,-295.000000,1806.000000,1630.000000,158.000000,125.000000
511,1743685866875429,178.000000,-130.000000,135.000000,178.000000,128.000000,360.000000,178.001007,-130.001007,134.998001,178.001007,128.000000,359.997986,-99.000000,-295.000000,1814.000000,1636.000000,155.000000,179.000000
511,1743685866879875,178.000000,-130.000000,135.000000,178.000000,128.000000,360.000000,177.998993,-130.001007,134.998993,178.001007,128.000000,359.997986,-96.000000,-287.000000,1795.000000,1632.000000,158.000000,136.000000
511,1743685866885437,178.000000,-130.000000,135.000000,178.000000,128.000000,360.000000,178.000000,-130.001999,134.998993,178.000000,128.000000,359.997986,-96.000000,-292.000000,1801.000000,1635.000000,156.000000,166.000000
511,1743685866889913,178.000000,-130.000000,135.000000,178.000000,128.000000,360.000000,178.000000,-130.001007,134.998993,178.000000,127.998001,359.997986,-95.000000,-290.000000,1815.000000,1634.000000,161.000000,137.000000
511,1743685866895523,178.000000,-130.000000,135.000000,178.000000,128.000000,360.000000,178.001007,-130.001007,134.998001,178.000000,127.998001,359.998993,-94.000000,-292.000000,1795.000000,1634.000000,155.000000,156.000000
511,1743685866900038,178.000000,-130.000000,135.000000,178.000000,128.000000,360.000000,178.000000,-130.001007,134.998001,178.001007,127.998001,359.997986,-95.000000,-290.000000,1811.000000,1630.000000,154.000000,146.000000
511,1743685866904545,178.000000,-130.000000,135.000000,178.000000,128.000000,360.000000,178.000000,-130.001999,135.001007,178.000000,128.000000,359.998993,-95.000000,-296.000000,1808.000000,1635.000000,156.000000,110.000000
511,1743685866910137,178.000000,-130.000000,135.000000,178.000000,128.000000,360.000000,177.998993,-130.001007,134.998001,178.001007,127.998001,359.997986,-104.000000,-294.000000,1800.000000,1632.000000,153.000000,131.000000
511,1743685866914544,178.000000,-130.000000,135.000000,178.000000,128.000000,360.000000,177.998993,-130.001007,134.998993,178.000000,127.997002,359.997986,-85.000000,-287.000000,1807.000000,1634.000000,151.000000,172.000000
511,1743685866920081,178.000000,-130.000000,135.000000,178.000000,128.000000,360.000000,178.000000,-130.001007,134.998001,178.000000,127.998001,359.998993,-92.000000,-290.000000,1810.000000,1632.000000,151.000000,153.000000
511,1743685866924532,178.000000,-130.000000,135.000000,178.000000,128.000000,360.000000,178.000000,-130.001007,134.998001,178.000000,127.998001,359.998993,-92.000000,-290.000000,1810.000000,1632.000000,151.000000,153.000000
511,1743685866930075,178.000000,-130.000000,135.000000,178.000000,128.000000,360.000000,178.000000,-130.001007,134.998001,178.001007,128.000000,359.997986,-90.000000,-297.000000,1808.000000,1643.000000,156.000000,128.000000
511,1743685866934516,178.000000,-130.000000,135.000000,178.000000,128.000000,360.000000,178.001007,-130.001999,134.998993,178.000000,128.000000,359.997986,-97.000000,-296.000000,1814.000000,1632.000000,152.000000,141.000000
511,1743685866940097,178.000000,-130.000000,135.000000,178.000000,128.000000,360.000000,178.001007,-130.001999,134.998993,178.000000,128.000000,359.997986,-97.000000,-296.000000,1814.000000,1632.000000,152.000000,141.000000
511,1743685866944593,178.000000,-130.000000,135.000000,178.000000,128.000000,360.000000,177.998993,-130.001999,134.998001,178.000000,127.998001,359.997009,-88.000000,-298.000000,1807.000000,1632.000000,152.000000,117.000000
511,1743685866950159,178.000000,-130.000000,135.000000,178.000000,128.000000,360.000000,177.998993,-130.001999,134.998001,178.000000,127.998001,359.997009,-88.000000,-298.000000,1807.000000,1632.000000,152.000000,117.000000
511,1743685866954639,178.000000,-130.000000,135.000000,178.000000,128.000000,360.000000,178.000000,-130.001999,134.998993,178.001007,128.000000,359.997986,-83.000000,-293.000000,1803.000000,1638.000000,155.000000,154.000000
511,1743685866960247,178.000000,-130.000000,135.000000,178.000000,128.000000,360.000000,178.000000,-130.001999,134.998993,178.001007,128.001007,359.997986,-99.000000,-294.000000,1811.000000,1635.000000,158.000000,156.000000
511,1743685866964683,178.000000,-130.000000,135.000000,178.000000,128.000000,360.000000,178.000000,-130.001999,134.998993,178.000000,127.998001,359.997009,-88.000000,-294.000000,1811.000000,1637.000000,159.000000,138.000000
511,1743685866970197,178.000000,-130.000000,135.000000,178.000000,128.000000,360.000000,177.998993,-130.001999,134.998001,178.000000,127.998001,359.998993,-94.000000,-292.000000,1798.000000,1635.000000,160.000000,153.000000
511,1743685866974611,178.000000,-130.000000,135.000000,178.000000,128.000000,360.000000,178.001007,-130.001007,134.998001,178.000000,127.998001,359.997986,-87.000000,-292.000000,1797.000000,1631.000000,156.000000,126.000000
511,1743685866980136,178.000000,-130.000000,135.000000,178.000000,128.000000,360.000000,177.998993,-130.001999,134.998001,178.000000,128.000000,359.998993,-90.000000,-294.000000,1804.000000,1633.000000,152.000000,185.000000
511,1743685866984601,178.000000,-130.000000,135.000000,178.000000,128.000000,360.000000,177.998993,-130.001007,134.998001,178.000000,127.998001,359.997986,-84.000000,-293.000000,1800.000000,1637.000000,155.000000,151.000000
511,1743685866990196,178.000000,-130.000000,135.000000,178.000000,128.000000,360.000000,178.000000,-130.001007,134.998001,178.000000,127.998001,359.998993,-86.000000,-292.000000,1795.000000,1634.000000,157.000000,140.000000
511,1743685866994676,178.000000,-130.000000,135.000000,178.000000,128.000000,360.000000,178.000000,-130.001007,134.998993,178.000000,128.000000,359.997986,-90.000000,-295.000000,1799.000000,1635.000000,155.000000,102.000000
511,1743685867000298,178.000000,-130.000000,135.000000,178.000000,128.000000,360.000000,178.000000,-130.001999,134.998993,178.000000,127.998001,359.998993,-87.000000,-291.000000,1795.000000,1641.000000,153.000000,133.000000
511,1743685867004771,178.000000,-130.000000,135.000000,178.000000,128.000000,360.000000,177.998993,-130.001007,134.998993,178.000000,128.000000,359.997986,-95.000000,-289.000000,1793.000000,1636.000000,158.000000,115.000000
511,1743685867010428,178.000000,-130.000000,135.000000,178.000000,128.000000,360.000000,178.001007,-130.001999,134.998001,178.000000,127.998001,359.998993,-90.000000,-292.000000,1797.000000,1631.000000,153.000000,171.000000
511,1743685867014935,178.000000,-130.000000,135.000000,178.000000,128.000000,360.000000,178.000000,-130.001007,134.998993,178.000000,128.000000,359.998993,-93.000000,-287.000000,1778.000000,1647.000000,161.000000,106.000000
511,1743685867020531,178.000000,-130.000000,135.000000,178.000000,128.000000,360.000000,177.998993,-130.001007,134.998993,178.000000,127.998001,359.997986,-84.000000,-290.000000,1805.000000,1633.000000,156.000000,132.000000
511,1743685867025074,178.000000,-130.000000,135.000000,178.000000,128.000000,360.000000,178.000000,-130.001999,135.001007,178.000000,128.000000,359.997986,-76.000000,-290.000000,1812.000000,1638.000000,156.000000,161.000000
511,1743685867029633,178.000000,-130.000000,135.000000,178.000000,128.000000,360.000000,177.998993,-130.001007,134.998993,178.000000,128.000000,359.997986,-81.000000,-290.000000,1799.000000,1639.000000,156.000000,101.000000
511,1743685867035255,178.000000,-130.000000,135.000000,178.000000,128.000000,360.000000,178.001007,-130.001999,134.998993,178.000000,128.000000,359.998993,-82.000000,-289.000000,1804.000000,1643.000000,154.000000,186.000000
511,1743685867039766,178.000000,-130.000000,135.000000,178.000000,128.000000,360.000000,178.000000,-130.001999,134.998993,178.000000,128.000000,359.997009,-75.000000,-289.000000,1799.000000,1640.000000,151.000000,146.000000
511,1743685867045420,178.000000,-130.000000,135.000000,178.000000,128.000000,360.000000,178.000000,-130.001007,134.998001,178.000000,127.998001,359.998993,-86.000000,-290.000000,1802.000000,1637.000000,166.000000,164.000000
511,1743685867049931,178.000000,-130.000000,135.000000,178.000000,128.000000,360.000000,177.998993,-130.001999,134.998993,178.001007,127.998001,359.997986,-82.000000,-281.000000,1801.000000,1635.000000,154.000000,108.000000
511,1743685867054487,178.000000,-130.000000,135.000000,178.000000,128.000000,360.000000,178.000000,-130.001999,134.998001,178.000000,128.000000,359.997986,-88.000000,-283.000000,1805.000000,1643.000000,154.000000,150.000000
511,1743685867060110,178.000000,-130.000000,135.000000,178.000000,128.000000,360.000000,178.001007,-130.001007,134.998001,178.000000,127.998001,359.997009,-81.000000,-281.000000,1800.000000,1641.000000,160.000000,160.000000
511,1743685867064611,178.000000,-130.000000,135.000000,178.000000,128.000000,360.000000,178.000000,-130.001007,134.998001,178.000000,128.000000,359.997986,-75.000000,-284.000000,1792.000000,1647.000000,155.000000,110.000000
511,1743685867070249,178.000000,-130.000000,135.000000,178.000000,128.000000,360.000000,178.000000,-130.001007,134.998001,178.000000,127.998001,359.997009,-74.000000,-283.000000,1796.000000,1635.000000,158.000000,182.000000
511,1743685867074803,178.000000,-130.000000,135.000000,178.000000,128.000000,360.000000,177.998993,-130.001999,134.998993,177.998993,128.000000,359.998993,-71.000000,-282.000000,1798.000000,1645.000000,163.000000,129.000000
511,1743685867080333,178.000000,-130.000000,135.000000,178.000000,128.000000,360.000000,178.001007,-130.001999,134.998993,178.000000,127.998001,359.997986,-70.000000,-285.000000,1798.000000,1644.000000,157.000000,169.000000
511,1743685867084723,178.000000,-130.000000,135.000000,178.000000,128.000000,360.000000,178.000000,-130.001007,134.998993,178.000000,128.000000,359.998993,-70.000000,-286.000000,1797.000000,1639.000000,158.000000,161.000000
511,1743685867090273,178.000000,-130.000000,135.000000,178.000000,128.000000,360.000000,178.000000,-130.001007,134.998001,178.000000,127.998001,360.001007,-80.000000,-284.000000,1810.000000,1637.000000,158.000000,174.000000
511,1743685867094695,178.000000,-130.000000,135.000000,178.000000,128.000000,360.000000,178.001007,-130.001999,134.998001,178.001007,127.998001,359.997986,-84.000000,-290.000000,1808.000000,1647.000000,152.000000,160.000000
511,1743685867100136,178.000000,-130.000000,135.000000,178.000000,128.000000,360.000000,177.998993,-130.001007,134.998993,178.000000,128.000000,359.997986,-86.000000,-286.000000,1797.000000,1639.000000,159.000000,154.000000
511,1743685867104506,178.000000,-130.000000,135.000000,178.000000,128.000000,360.000000,178.000000,-130.001999,134.998993,178.000000,127.998001,359.997986,-89.000000,-286.000000,1795.000000,1636.000000,162.000000,145.000000
511,1743685867109968,178.000000,-130.000000,135.000000,178.000000,128.000000,360.000000,178.000000,-130.001999,134.998993,178.000000,128.000000,359.998993,-89.000000,-286.000000,1798.000000,1641.000000,156.000000,176.000000
511,1743685867115401,178.000000,-130.000000,135.000000,178.000000,128.000000,360.000000,178.001007,-130.001999,134.998993,178.000000,127.998001,359.998993,-96.000000,-286.000000,1804.000000,1642.000000,166.000000,151.000000
511,1743685867119750,178.000000,-130.000000,135.000000,178.000000,128.000000,360.000000,178.001007,-130.001999,134.998993,178.000000,127.998001,359.998993,-96.000000,-286.000000,1804.000000,1642.000000,166.000000,151.000000
511,1743685867125205,178.000000,-130.000000,135.000000,178.000000,128.000000,360.000000,178.000000,-129.998993,135.001007,178.000000,127.998001,359.997986,-88.000000,-286.000000,1794.000000,1645.000000,159.000000,157.000000
511,1743685867129617,178.000000,-130.000000,135.000000,178.000000,128.000000,360.000000,178.000000,-130.001999,134.998001,177.998993,127.998001,359.997986,-86.000000,-283.000000,1806.000000,1641.000000,160.000000,160.000000
511,1743685867135049,178.000000,-130.000000,135.000000,178.000000,128.000000,360.000000,177.998993,-130.001999,134.998993,178.000000,127.998001,359.997009,-91.000000,-285.000000,1807.000000,1637.000000,157.000000,161.000000
511,1743685867139416,178.000000,-130.000000,135.000000,178.000000,128.000000,360.000000,178.000000,-130.001007,134.998001,178.000000,127.998001,359.997986,-92.000000,-284.000000,1785.000000,1640.000000,158.000000,158.000000
511,1743685867144864,178.000000,-130.000000,135.000000,178.000000,128.000000,360.000000,178.001007,-130.001007,134.998001,177.998993,127.998001,359.997009,-98.000000,-281.000000,1796.000000,1640.000000,156.000000,154.000000
511,1743685867150286,178.000000,-130.000000,135.000000,178.000000,128.000000,360.000000,177.998993,-130.001007,134.998993,178.000000,128.000000,359.997986,-92.000000,-283.000000,1796.000000,1636.000000,158.000000,153.000000
511,1743685867154632,178.000000,-130.000000,135.000000,178.000000,128.000000,360.000000,178.000000,-130.001999,134.998993,178.000000,128.000000,359.998993,-100.000000,-287.000000,1798.000000,1637.000000,162.000000,151.000000
511,1743685867160130,178.000000,-130.000000,135.000000,178.000000,128.000000,360.000000,178.000000,-130.001999,134.998993,177.998993,127.998001,359.997986,-86.000000,-284.000000,1802.000000,1637.000000,159.000000,95.000000
511,1743685867164623,178.000000,-130.000000,135.000000,178.000000,128.000000,360.000000,178.000000,-130.001007,134.998993,178.000000,127.998001,359.997986,-90.000000,-285.000000,1797.000000,1639.000000,156.000000,182.000000
511,1743685867170109,178.000000,-130.000000,135.000000,178.000000,128.000000,360.000000,178.000000,-129.998993,134.998001,177.998993,128.000000,359.997986,-90.000000,-285.000000,1796.000000,1640.000000,158.000000,168.000000
511,1743685867174546,178.000000,-130.000000,135.000000,178.000000,128.000000,360.000000,178.000000,-130.001999,134.998001,177.998993,127.998001,359.998993,-92.000000,-285.000000,1791.000000,1647.000000,154.000000,164.000000
511,1743685867180112,178.000000,-130.000000,135.000000,178.000000,128.000000,360.000000,177.998993,-130.001007,134.998001,177.998993,127.998001,359.997986,-93.000000,-283.000000,1795.000000,1643.000000,155.000000,156.000000
511,1743685867184598,178.000000,-130.000000,135.000000,178.000000,128.000000,360.000000,178.001007,-130.001999,134.998001,178.000000,128.000000,359.997986,-84.000000,-285.000000,1787.000000,1642.000000,155.000000,147.000000
511,1743685867190172,178.000000,-130.000000,135.000000,178.000000,128.000000,360.000000,178.000000,-130.001999,134.998001,178.000000,127.998001,359.997986,-92.000000,-285.000000,1791.000000,1643.000000,158.000000,113.000000
511,1743685867194636,178.000000,-130.000000,135.000000,178.000000,128.000000,360.000000,178.000000,-130.001007,134.998001,177.998993,127.998001,359.998993,-85.000000,-285.000000,1776.000000,1640.000000,152.000000,100.000000
511,1743685867200240,178.000000,-130.000000,135.000000,178.000000,128.000000,360.000000,177.998993,-130.001999,134.998993,177.998993,127.998001,359.997986,-92.000000,-279.000000,1794.000000,1644.000000,152.000000,172.000000
511,1743685867204733,178.000000,-130.000000,135.000000,178.000000,128.000000,360.000000,178.001007,-130.001999,134.998993,178.000000,127.998001,359.997986,-105.000000,-276.000000,1779.000000,1647.000000,156.000000,122.000000
511,1743685867210370,178.000000,-130.000000,135.000000,178.000000,128.000000,360.000000,178.000000,-130.001999,134.998001,178.000000,127.998001,359.997986,-98.000000,-283.000000,1789.000000,1645.000000,156.000000,141.000000
511,1743685867214825,178.000000,-130.000000,135.000000,178.000000,128.000000,360.000000,178.000000,-130.001007,134.998993,178.000000,127.998001,359.998993,-98.000000,-279.000000,1797.000000,1642.000000,155.000000,168.000000
511,1743685867220365,178.000000,-130.000000,135.000000,178.000000,128.000000,360.000000,178.001007,-130.001999,134.998001,177.998993,128.000000,359.998993,-92.000000,-283.000000,1797.000000,1638.000000,155.000000,180.000000
511,1743685867224890,178.000000,-130.000000,135.000000,178.000000,128.000000,360.000000,178.000000,-130.001999,134.998993,177.998993,127.998001,359.997986,-95.000000,-284.000000,1792.000000,1641.000000,155.000000,147.000000
511,1743685867229436,178.000000,-130.000000,135.000000,178.000000,128.000000,360.000000,178.000000,-130.001007,134.998001,178.000000,128.000000,359.997986,-98.000000,-281.000000,1797.000000,1650.000000,151.000000,166.000000
511,1743685867235021,178.000000,-130.000000,135.000000,178.000000,128.000000,360.000000,178.000000,-130.001999,134.998993,177.998993,127.998001,359.997986,-91.000000,-282.000000,1808.000000,1634.000000,152.000000,122.000000
511,1743685867239534,178.000000,-130.000000,135.000000,178.000000,128.000000,360.000000,177.998993,-130.001007,134.998993,177.998993,128.000000,359.997986,-95.000000,-279.000000,1797.000000,1636.000000,154.000000,123.000000
511,1743685867245178,178.000000,-130.000000,135.000000,178.000000,128.000000,360.000000,178.000000,-130.001999,134.998001,178.000000,128.000000,359.997009,-94.000000,-282.000000,1807.000000,1646.000000,153.000000,177.000000
511,1743685867249660,178.000000,-130.000000,135.000000,178.000000,128.000000,360.000000,178.001007,-130.001007,134.998001,177.998993,128.000000,359.997986,-91.000000,-283.000000,1802.000000,1640.000000,146.000000,117.000000
511,1743685867255223,178.000000,-130.000000,135.000000,178.000000,128.000000,360.000000,178.000000,-130.001007,134.998001,177.998993,127.998001,359.997986,-86.000000,-288.000000,1803.000000,1644.000000,146.000000,119.000000
511,1743685867259698,178.000000,-130.000000,135.000000,178.000000,128.000000,360.000000,177.998993,-130.001007,134.998001,178.000000,128.000000,359.997009,-94.000000,-285.000000,1797.000000,1638.000000,157.000000,148.000000
511,1743685867265321,178.000000,-130.000000,135.000000,178.000000,128.000000,360.000000,178.001007,-130.001007,134.998993,178.000000,128.000000,359.997986,-93.000000,-285.000000,1799.000000,1636.000000,151.000000,151.000000
511,1743685867269839,178.000000,-130.000000,135.000000,178.000000,128.000000,360.000000,177.998993,-129.998993,134.998001,178.000000,128.000000,359.997986,-102.000000,-284.000000,1788.000000,1643.000000,152.000000,121.000000
511,1743685867275462,178.000000,-130.000000,135.000000,178.000000,128.000000,360.000000,177.998993,-129.998993,134.998001,178.000000,128.000000,359.997986,-102.000000,-284.000000,1788.000000,1643.000000,152.000000,121.000000
511,1743685867279970,178.000000,-130.000000,135.000000,178.000000,128.000000,360.000000,178.000000,-130.001007,134.998993,177.998993,127.998001,359.997986,-95.000000,-288.000000,1802.000000,1639.000000,157.000000,161.000000
511,1743685867284478,178.000000,-130.000000,135.000000,178.000000,128.000000,360.000000,178.000000,-130.001007,134.998993,177.998993,127.998001,359.997986,-95.000000,-288.000000,1802.000000,1639.000000,157.000000,161.000000
511,1743685867290017,178.000000,-130.000000,135.000000,178.000000,128.000000,360.000000,177.998993,-130.001999,134.998993,177.998993,128.000000,359.997986,-94.000000,-298.000000,1799.000000,1643.000000,151.000000,104.000000
511,1743685867295547,178.000000,-130.000000,135.000000,178.000000,128.000000,360.000000,178.000000,-130.001007,134.998001,178.000000,127.998001,359.998993,-99.000000,-292.000000,1791.000000,1641.000000,156.000000,122.000000
511,1743685867300005,178.000000,-130.000000,135.000000,178.000000,128.000000,360.000000,178.000000,-130.001007,134.998993,177.998993,127.998001,359.997009,-99.000000,-291.000000,1804.000000,1644.000000,155.000000,157.000000
511,1743685867304437,178.000000,-130.000000,135.000000,178.000000,128.000000,360.000000,178.001007,-130.001999,134.998001,177.998993,127.998001,359.997986,-98.000000,-289.000000,1800.000000,1642.000000,155.000000,179.000000
511,1743685867310024,178.000000,-130.000000,135.000000,178.000000,128.000000,360.000000,178.000000,-130.001007,134.998993,177.998993,127.998001,359.998993,-99.000000,-286.000000,1789.000000,1643.000000,156.000000,157.000000
511,1743685867314540,178.000000,-130.000000,135.000000,178.000000,128.000000,360.000000,178.000000,-130.001007,134.998001,178.000000,128.000000,359.997009,-101.000000,-290.000000,1794.000000,1641.000000,154.000000,140.000000
511,1743685867320196,178.000000,-130.000000,135.000000,178.000000,128.000000,360.000000,178.000000,-130.001007,134.998993,177.998993,127.998001,359.997986,-96.000000,-285.000000,1797.000000,1636.000000,157.000000,124.000000
511,1743685867324676,178.000000,-130.000000,135.000000,178.000000,128.000000,360.000000,178.000000,-130.001007,134.998001,177.998993,127.998001,359.997986,-99.000000,-290.000000,1796.000000,1638.000000,154.000000,162.000000
511,1743685867330306,178.000000,-130.000000,135.000000,178.000000,128.000000,360.000000,178.000000,-130.001007,134.998993,177.998993,128.000000,359.997009,-100.000000,-288.000000,1800.000000,1643.000000,158.000000,165.000000
511,1743685867334749,178.000000,-130.000000,135.000000,178.000000,128.000000,360.000000,177.998993,-130.001007,134.998001,177.998993,128.000000,360.001007,-103.000000,-289.000000,1800.000000,1642.000000,151.000000,168.000000
511,1743685867340224,178.000000,-130.000000,135.000000,178.000000,128.000000,360.000000,178.001007,-130.001007,134.998993,177.998993,127.998001,359.998993,-97.000000,-288.000000,1785.000000,1634.000000,145.000000,166.000000
511,1743685867344621,178.000000,-130.000000,135.000000,178.000000,128.000000,360.000000,178.001007,-130.001007,134.998001,178.000000,127.998001,359.997986,-99.000000,-280.000000,1792.000000,1642.000000,151.000000,161.000000
511,1743685867350111,178.000000,-130.000000,135.000000,178.000000,128.000000,360.000000,178.001007,-130.001999,134.998993,177.998993,127.998001,359.997986,-87.000000,-279.000000,1785.000000,1637.000000,156.000000,85.000000
511,1743685867354534,178.000000,-130.000000,135.000000,178.000000,128.000000,360.000000,178.001007,-130.001007,134.998001,177.998993,127.998001,359.997986,-86.000000,-280.000000,1794.000000,1644.000000,149.000000,160.000000
511,1743685867360076,178.000000,-130.000000,135.000000,178.000000,128.000000,360.000000,178.003006,-130.001999,134.998993,177.998993,127.998001,359.997009,-103.000000,-281.000000,1793.000000,1642.000000,153.000000,181.000000
511,1743685867364600,178.000000,-130.000000,135.000000,178.000000,128.000000,360.000000,178.000000,-130.001007,134.998993,177.998993,128.000000,359.998993,-104.000000,-281.000000,1798.000000,1643.000000,163.000000,144.000000
511,1743685867370107,178.000000,-130.000000,135.000000,178.000000,128.000000,360.000000,178.000000,-130.001999,134.998001,177.998993,128.000000,359.997986,-98.000000,-281.000000,1795.000000,1637.000000,150.000000,116.000000
511,1743685867374551,178.000000,-130.000000,135.000000,178.000000,128.000000,360.000000,178.000000,-130.001007,134.998001,177.998993,128.000000,359.997986,-99.000000,-274.000000,1796.000000,1640.000000,155.000000,145.000000
511,1743685867380042,178.000000,-130.000000,135.000000,178.000000,128.000000,360.000000,178.000000,-130.001007,134.998001,177.998993,128.000000,359.997986,-108.000000,-276.000000,1785.000000,1640.000000,150.000000,144.000000
511,1743685867384451,178.000000,-130.000000,135.000000,178.000000,128.000000,360.000000,177.998993,-130.001007,135.001007,177.996994,128.000000,359.998993,-104.000000,-275.000000,1793.000000,1623.000000,148.000000,172.000000
511,1743685867390017,178.000000,-130.000000,135.000000,178.000000,128.000000,360.000000,178.001007,-130.001999,134.998001,177.998993,127.998001,359.997986,-97.000000,-279.000000,1779.000000,1640.000000,149.000000,152.000000
511,1743685867394542,178.000000,-130.000000,135.000000,178.000000,128.000000,360.000000,178.000000,-130.001007,134.998993,177.998993,128.000000,359.997986,-111.000000,-278.000000,1786.000000,1644.000000,150.000000,164.000000
511,1743685867400230,178.000000,-130.000000,135.000000,178.000000,128.000000,360.000000,178.001007,-130.001007,134.998993,178.000000,128.000000,359.997009,-106.000000,-278.000000,1790.000000,1649.000000,153.000000,149.000000
511,1743685867404749,178.000000,-130.000000,135.000000,178.000000,128.000000,360.000000,178.000000,-129.998993,134.998993,177.998993,128.000000,359.998993,-104.000000,-278.000000,1786.000000,1644.000000,151.000000,143.000000
511,1743685867410481,178.000000,-130.000000,135.000000,178.000000,128.000000,360.000000,178.001007,-130.001999,134.998993,177.998993,127.998001,359.997986,-103.000000,-277.000000,1779.000000,1641.000000,152.000000,120.000000
511,1743685867415066,178.000000,-130.000000,135.000000,178.000000,128.000000,360.000000,177.998993,-130.001999,134.998001,177.998993,128.000000,359.997986,-101.000000,-278.000000,1793.000000,1639.000000,149.000000,181.000000
511,1743685867419584,178.000000,-130.000000,135.000000,178.000000,128.000000,360.000000,178.000000,-130.001999,134.998001,177.998993,128.000000,359.997986,-95.000000,-285.000000,1792.000000,1644.000000,150.000000,156.000000
511,1743685867425214,178.000000,-130.000000,135.000000,178.000000,128.000000,360.000000,178.000000,-129.998993,134.998001,177.998993,128.000000,359.997986,-92.000000,-284.000000,1775.000000,1643.000000,153.000000,137.000000
511,1743685867429733,178.000000,-130.000000,135.000000,178.000000,128.000000,360.000000,177.998993,-130.001999,134.998993,177.998993,127.998001,359.997986,-95.000000,-285.000000,1781.000000,1644.000000,154.000000,169.000000
511,1743685867435302,178.000000,-130.000000,135.000000,178.000000,128.000000,360.000000,177.998993,-130.001999,134.998993,177.998993,127.998001,359.997986,-95.000000,-285.000000,1781.000000,1644.000000,154.000000,169.000000
511,1743685867439753,178.000000,-130.000000,135.000000,178.000000,128.000000,360.000000,178.000000,-130.001007,134.998001,177.998993,127.998001,359.998993,-100.000000,-282.000000,1785.000000,1643.000000,158.000000,177.000000
511,1743685867445363,178.000000,-130.000000,135.000000,178.000000,128.000000,360.000000,178.000000,-130.001007,134.998001,177.998993,127.998001,359.998993,-100.000000,-282.000000,1785.000000,1643.000000,158.000000,177.000000
511,1743685867449859,178.000000,-130.000000,135.000000,178.000000,128.000000,360.000000,178.000000,-130.001999,134.998001,177.998993,127.998001,359.998993,-95.000000,-276.000000,1781.000000,1641.000000,155.000000,174.000000
511,1743685867455451,178.000000,-130.000000,135.000000,178.000000,128.000000,360.000000,178.001007,-130.001999,134.998993,177.998993,128.000000,359.997986,-96.000000,-280.000000,1781.000000,1643.000000,156.000000,162.000000
511,1743685867459929,178.000000,-130.000000,135.000000,178.000000,128.000000,360.000000,177.998993,-130.001007,134.998993,177.998993,127.998001,359.997986,-99.000000,-281.000000,1785.000000,1646.000000,151.000000,105.000000
511,1743685867464425,178.000000,-130.000000,135.000000,178.000000,128.000000,360.000000,177.998993,-130.001999,134.998993,177.998993,128.000000,359.997986,-95.000000,-280.000000,1784.000000,1633.000000,157.000000,150.000000
511,1743685867470008,178.000000,-130.000000,135.000000,178.000000,128.000000,360.000000,178.000000,-130.001999,134.998001,177.998993,128.000000,359.997986,-96.000000,-282.000000,1784.000000,1633.000000,155.000000,120.000000
511,1743685867474522,178.000000,-130.000000,135.000000,178.000000,128.000000,360.000000,177.998993,-130.001007,134.998001,177.998993,127.998001,359.997986,-96.000000,-279.000000,1787.000000,1634.000000,161.000000,174.000000
511,1743685867480135,178.000000,-130.000000,135.000000,178.000000,128.000000,360.000000,177.998993,-130.001007,134.998001,178.000000,128.000000,359.997986,-97.000000,-279.000000,1790.000000,1638.000000,159.000000,183.000000
511,1743685867484634,178.000000,-130.000000,135.000000,178.000000,128.000000,360.000000,178.001007,-130.001007,134.998001,177.998993,127.998001,359.997986,-97.000000,-272.000000,1770.000000,1644.000000,156.000000,128.000000
511,1743685867490254,178.000000,-130.000000,135.000000,178.000000,128.000000,360.000000,178.001007,-130.001007,134.998001,177.998993,127.998001,359.998993,-94.000000,-271.000000,1777.000000,1635.000000,160.000000,117.000000
511,1743685867494748,178.000000,-130.000000,135.000000,178.000000,128.000000,360.000000,178.001007,-130.001007,134.998993,177.998993,128.000000,359.998993,-92.000000,-274.000000,1787.000000,1651.000000,159.000000,173.000000
511,1743685867500384,178.000000,-130.000000,135.000000,178.000000,128.000000,360.000000,178.000000,-130.001007,134.998001,177.998993,127.998001,359.997009,-94.000000,-273.000000,1780.000000,1643.000000,158.000000,160.000000
511,1743685867504908,178.000000,-130.000000,135.000000,178.000000,128.000000,360.000000,178.000000,-130.001007,134.996994,177.998993,128.000000,359.997009,-97.000000,-272.000000,1785.000000,1649.000000,158.000000,159.000000
511,1743685867509429,178.000000,-130.000000,135.000000,178.000000,128.000000,360.000000,178.000000,-129.998993,134.998001,177.998993,128.000000,359.997986,-91.000000,-265.000000,1781.000000,1640.000000,157.000000,160.000000
511,1743685867515033,178.000000,-130.000000,135.000000,178.000000,128.000000,360.000000,178.000000,-130.001999,134.998993,177.998993,127.998001,359.998993,-88.000000,-269.000000,1781.000000,1639.000000,158.000000,157.000000
511,1743685867519589,178.000000,-130.000000,135.000000,178.000000,128.000000,360.000000,178.000000,-130.001007,134.998001,177.998993,127.998001,359.998993,-79.000000,-271.000000,1800.000000,1646.000000,156.000000,142.000000
511,1743685867525132,178.000000,-130.000000,135.000000,178.000000,128.000000,360.000000,177.998993,-130.001999,134.998001,177.998993,128.000000,359.997986,-86.000000,-271.000000,1782.000000,1647.000000,164.000000,146.000000
511,1743685867529560,178.000000,-130.000000,135.000000,178.000000,128.000000,360.000000,178.000000,-130.001007,134.998993,177.998993,128.000000,359.997986,-86.000000,-260.000000,1794.000000,1643.000000,157.000000,168.000000
511,1743685867535167,178.000000,-130.000000,135.000000,178.000000,128.000000,360.000000,178.000000,-130.001999,134.998993,178.000000,128.000000,359.997986,-94.000000,-267.000000,1791.000000,1644.000000,158.000000,128.000000
511,1743685867539662,178.000000,-130.000000,135.000000,178.000000,128.000000,360.000000,178.000000,-130.001007,134.998993,177.998993,127.998001,359.997986,-85.000000,-267.000000,1787.000000,1643.000000,160.000000,170.000000
511,1743685867545283,178.000000,-130.000000,135.000000,178.000000,128.000000,360.000000,178.000000,-130.001007,134.998993,177.998993,128.000000,359.997009,-70.000000,-266.000000,1790.000000,1643.000000,160.000000,165.000000
511,1743685867549760,178.000000,-130.000000,135.000000,178.000000,128.000000,360.000000,178.000000,-130.001007,134.998993,177.996994,127.998001,359.997986,-74.000000,-271.000000,1782.000000,1650.000000,159.000000,200.000000
511,1743685867555358,178.000000,-130.000000,135.000000,178.000000,128.000000,360.000000,178.000000,-130.001999,134.998001,177.998993,127.998001,359.998993,-78.000000,-267.000000,1784.000000,1642.000000,158.000000,171.000000
511,1743685867559818,178.000000,-130.000000,135.000000,178.000000,128.000000,360.000000,178.001007,-130.001007,134.998993,177.998993,128.000000,359.997986,-83.000000,-266.000000,1784.000000,1649.000000,150.000000,184.000000
511,1743685867565357,178.000000,-130.000000,135.000000,178.000000,128.000000,360.000000,178.000000,-130.001999,134.998993,177.996994,128.000000,359.997009,-77.000000,-266.000000,1786.000000,1645.000000,158.000000,163.000000
511,1743685867569829,178.000000,-130.000000,135.000000,178.000000,128.000000,360.000000,178.001007,-130.001007,134.998993,177.998993,127.998001,359.997986,-75.000000,-263.000000,1787.000000,1650.000000,158.000000,176.000000
511,1743685867575452,178.000000,-130.000000,135.000000,178.000000,128.000000,360.000000,177.998993,-130.001007,134.998993,177.998993,127.998001,359.997986,-80.000000,-268.000000,1781.000000,1638.000000,165.000000,174.000000
511,1743685867580010,178.000000,-130.000000,135.000000,178.000000,128.000000,360.000000,177.998993,-130.001999,135.001007,177.996994,128.000000,359.998993,-78.000000,-274.000000,1793.000000,1645.000000,159.000000,138.000000
511,1743685867584601,178.000000,-130.000000,135.000000,178.000000,128.000000,360.000000,178.001007,-130.001999,134.998001,178.000000,127.998001,359.998993,-67.000000,-270.000000,1796.000000,1648.000000,164.000000,154.000000
511,1743685867590220,178.000000,-130.000000,135.000000,178.000000,128.000000,360.000000,178.001007,-130.001999,134.998001,178.000000,127.998001,359.998993,-67.000000,-270.000000,1796.000000,1648.000000,164.000000,154.000000
511,1743685867594639,178.000000,-130.000000,135.000000,178.000000,128.000000,360.000000,178.000000,-130.001999,134.998001,177.998993,128.000000,359.997986,-75.000000,-271.000000,1790.000000,1641.000000,169.000000,127.000000
511,1743685867600114,178.000000,-130.000000,135.000000,178.000000,128.000000,360.000000,178.000000,-130.001999,134.998001,177.998993,128.000000,359.997986,-75.000000,-271.000000,1790.000000,1641.000000,169.000000,127.000000
511,1743685867605578,178.000000,-130.000000,135.000000,178.000000,128.000000,360.000000,177.998993,-130.001007,134.998001,177.998993,128.000000,359.997009,-65.000000,-269.000000,1792.000000,1638.000000,165.000000,161.000000
511,1743685867609928,178.000000,-130.000000,135.000000,178.000000,128.000000,360.000000,178.000000,-130.001007,134.998993,177.998993,128.000000,359.997986,-68.000000,-272.000000,1786.000000,1645.000000,165.000000,201.000000
511,1743685867615423,178.000000,-130.000000,135.000000,178.000000,128.000000,360.000000,178.000000,-130.001999,134.998001,177.998993,127.998001,359.997986,-68.000000,-276.000000,1796.000000,1639.000000,158.000000,110.000000
511,1743685867619922,178.000000,-130.000000,135.000000,178.000000,128.000000,360.000000,178.001007,-130.001007,134.998993,177.998993,128.000000,359.997986,-70.000000,-266.000000,1791.000000,1642.000000,164.000000,127.000000
511,1743685867625475,178.000000,-130.000000,135.000000,178.000000,128.000000,360.000000,178.000000,-130.001007,134.998001,177.998993,127.998001,359.998993,-61.000000,-270.000000,1793.000000,1639.000000,161.000000,168.000000
511,1743685867629970,178.000000,-130.000000,135.000000,178.000000,128.000000,360.000000,177.998993,-130.001007,134.998001,177.998993,128.000000,359.997986,-67.000000,-271.000000,1790.000000,1644.000000,156.000000,179.000000
511,1743685867635614,178.000000,-130.000000,135.000000,178.000000,128.000000,360.000000,178.001007,-130.001007,134.998993,177.998993,128.000000,359.998993,-71.000000,-270.000000,1799.000000,1641.000000,167.000000,183.000000
511,1743685867640154,178.000000,-130.000000,135.000000,178.000000,128.000000,360.000000,178.000000,-130.001999,134.998993,177.998993,128.000000,359.997986,-75.000000,-263.000000,1778.000000,1640.000000,157.000000,168.000000
511,1743685867644694,178.000000,-130.000000,135.000000,178.000000,128.000000,360.000000,178.000000,-130.001007,134.998001,178.000000,128.000000,359.997986,-74.000000,-265.000000,1782.000000,1645.000000,162.000000,169.000000
511,1743685867650366,178.000000,-130.000000,135.000000,178.000000,128.000000,360.000000,178.000000,-130.001999,134.998001,177.998993,128.000000,359.997986,-68.000000,-267.000000,1808.000000,1645.000000,161.000000,152.000000
511,1743685867654773,178.000000,-130.000000,135.000000,178.000000,128.000000,360.000000,178.000000,-130.001007,134.998001,177.996994,128.000000,359.997009,-66.000000,-268.000000,1781.000000,1639.000000,160.000000,115.000000
511,1743685867660276,178.000000,-130.000000,135.000000,178.000000,128.000000,360.000000,178.000000,-130.001007,134.998993,177.996994,127.998001,359.997986,-73.000000,-265.000000,1794.000000,1641.000000,161.000000,173.000000
511,1743685867664682,178.000000,-130.000000,135.000000,178.000000,128.000000,360.000000,178.000000,-130.001999,134.998001,177.998993,128.000000,359.997009,-67.000000,-267.000000,1798.000000,1632.000000,161.000000,142.000000
511,1743685867670194,178.000000,-130.000000,135.000000,178.000000,128.000000,360.000000,178.000000,-130.001007,134.998001,177.996994,127.998001,359.997986,-68.000000,-261.000000,1797.000000,1645.000000,149.000000,122.000000
511,1743685867674633,178.000000,-130.000000,135.000000,178.000000,128.000000,360.000000,178.001007,-130.001007,134.998001,178.000000,127.998001,359.997986,-74.000000,-265.000000,1788.000000,1643.000000,157.000000,173.000000
511,1743685867680205,178.000000,-130.000000,135.000000,178.000000,128.000000,360.000000,178.000000,-130.001007,134.998993,177.998993,127.998001,359.997986,-65.000000,-266.000000,1801.000000,1651.000000,157.000000,192.000000
511,1743685867684656,178.000000,-130.000000,135.000000,178.000000,128.000000,360.000000,178.000000,-130.001999,134.998993,177.998993,128.000000,359.997009,-73.000000,-269.000000,1797.000000,1630.000000,156.000000,129.000000
511,1743685867690235,178.000000,-130.000000,135.000000,178.000000,128.000000,360.000000,177.998993,-130.001999,134.998001,177.998993,127.998001,359.997986,-73.000000,-258.000000,1790.000000,1653.000000,161.000000,156.000000
511,1743685867694731,178.000000,-130.000000,135.000000,178.000000,128.000000,360.000000,178.000000,-130.001999,134.998993,177.998993,128.000000,359.997986,-71.000000,-264.000000,1794.000000,1649.000000,161.000000,138.000000
511,1743685867700314,178.000000,-130.000000,135.000000,178.000000,128.000000,360.000000,177.998993,-130.001007,134.998993,177.998993,127.998001,359.997986,-74.000000,-262.000000,1785.000000,1636.000000,156.000000,171.000000
511,1743685867704758,178.000000,-130.000000,135.000000,178.000000,128.000000,360.000000,178.000000,-130.001999,134.998001,177.998993,128.000000,359.997986,-74.000000,-262.000000,1799.000000,1655.000000,150.000000,165.000000
511,1743685867710376,178.000000,-130.000000,135.000000,178.000000,128.000000,360.000000,178.000000,-130.001999,134.998001,177.998993,128.000000,359.997986,-74.000000,-262.000000,1799.000000,1655.000000,150.000000,165.000000
511,1743685867714828,178.000000,-130.000000,135.000000,178.000000,128.000000,360.000000,178.001007,-130.001999,134.998001,177.998993,127.998001,359.998993,-81.000000,-267.000000,1800.000000,1644.000000,156.000000,151.000000
511,1743685867720340,178.000000,-130.000000,135.000000,178.000000,128.000000,360.000000,178.001007,-130.001999,134.998001,177.998993,127.998001,359.998993,-81.000000,-267.000000,1800.000000,1644.000000,156.000000,151.000000
511,1743685867724749,178.000000,-130.000000,135.000000,178.000000,128.000000,360.000000,178.000000,-130.001007,134.998993,177.998993,127.998001,359.997009,-76.000000,-271.000000,1787.000000,1644.000000,145.000000,125.000000
511,1743685867730268,178.000000,-130.000000,135.000000,178.000000,128.000000,360.000000,177.998993,-130.001007,134.998993,177.998993,128.000000,359.997986,-77.000000,-265.000000,1787.000000,1641.000000,158.000000,169.000000
511,1743685867734711,178.000000,-130.000000,135.000000,178.000000,128.000000,360.000000,178.000000,-130.001999,134.998001,177.998993,127.998001,359.997986,-88.000000,-264.000000,1792.000000,1639.000000,158.000000,166.000000
511,1743685867740281,178.000000,-130.000000,135.000000,178.000000,128.000000,360.000000,178.000000,-130.001999,134.998001,177.998993,128.000000,359.998993,-79.000000,-264.000000,1779.000000,1646.000000,153.000000,153.000000
511,1743685867744707,178.000000,-130.000000,135.000000,178.000000,128.000000,360.000000,178.001007,-130.001007,134.998001,177.998993,128.000000,359.997009,-80.000000,-264.000000,1782.000000,1641.000000,150.000000,172.000000
511,1743685867750294,178.000000,-130.000000,135.000000,178.000000,128.000000,360.000000,177.998993,-130.001999,134.998993,177.998993,128.000000,359.997009,-70.000000,-265.000000,1782.000000,1637.000000,156.000000,149.000000
511,1743685867754801,178.000000,-130.000000,135.000000,178.000000,128.000000,360.000000,178.000000,-130.001007,134.998001,177.998993,127.998001,359.997986,-77.000000,-265.000000,1787.000000,1646.000000,148.000000,126.000000
511,1743685867760377,178.000000,-130.000000,135.000000,178.000000,128.000000,360.000000,178.001007,-130.001999,134.998993,177.998993,127.998001,359.997986,-77.000000,-264.000000,1805.000000,1631.000000,156.000000,105.000000
511,1743685867764834,178.000000,-130.000000,135.000000,178.000000,128.000000,360.000000,178.001007,-129.998993,134.998993,177.996994,128.000000,359.997009,-77.000000,-262.000000,1784.000000,1643.000000,156.000000,174.000000
511,1743685867770482,178.000000,-130.000000,135.000000,178.000000,128.000000,360.000000,178.000000,-130.001007,134.998993,177.998993,128.000000,359.997986,-76.000000,-262.000000,1787.000000,1639.000000,160.000000,145.000000
511,1743685867774917,178.000000,-130.000000,135.000000,178.000000,128.000000,360.000000,177.998993,-130.001007,134.998001,177.998993,127.998001,359.997986,-89.000000,-262.000000,1810.000000,1644.000000,154.000000,151.000000
511,1743685867780420,178.000000,-130.000000,135.000000,178.000000,128.000000,360.000000,178.000000,-130.001007,134.998993,177.998993,127.998001,359.997009,-85.000000,-268.000000,1795.000000,1641.000000,154.000000,145.000000
511,1743685867784796,178.000000,-130.000000,135.000000,178.000000,128.000000,360.000000,178.000000,-129.998993,134.998993,177.996994,128.000000,359.997986,-73.000000,-261.000000,1791.000000,1641.000000,161.000000,136.000000
511,1743685867790254,178.000000,-130.000000,135.000000,178.000000,128.000000,360.000000,178.000000,-130.001007,134.998001,177.998993,128.000000,359.998993,-76.000000,-259.000000,1803.000000,1640.000000,154.000000,130.000000
511,1743685867794654,178.000000,-130.000000,135.000000,178.000000,128.000000,360.000000,177.998993,-130.001007,134.998993,177.998993,127.998001,359.997986,-79.000000,-256.000000,1793.000000,1641.000000,153.000000,155.000000
511,1743685867800089,178.000000,-130.000000,135.000000,178.000000,128.000000,360.000000,177.998993,-130.001007,134.998001,177.998993,127.998001,359.998993,-82.000000,-265.000000,1794.000000,1641.000000,153.000000,124.000000
511,1743685867804436,178.000000,-130.000000,135.000000,178.000000,128.000000,360.000000,178.000000,-130.001999,134.998993,177.998993,127.998001,359.998993,-80.000000,-261.000000,1798.000000,1642.000000,149.000000,129.000000
511,1743685867809872,178.000000,-130.000000,135.000000,178.000000,128.000000,360.000000,178.000000,-130.001007,134.998001,177.998993,127.998001,359.997986,-85.000000,-263.000000,1794.000000,1633.000000,154.000000,160.000000
511,1743685867815372,178.000000,-130.000000,135.000000,178.000000,128.000000,360.000000,178.001007,-130.001999,134.998993,177.998993,127.998001,359.997986,-77.000000,-264.000000,1798.000000,1630.000000,156.000000,185.000000
511,1743685867819825,178.000000,-130.000000,135.000000,178.000000,128.000000,360.000000,177.998993,-130.001007,134.998001,177.996994,128.001007,359.997986,-76.000000,-263.000000,1793.000000,1640.000000,159.000000,147.000000
511,1743685867825352,178.000000,-130.000000,135.000000,178.000000,128.000000,360.000000,178.001007,-130.001999,134.998001,177.998993,128.000000,359.998993,-74.000000,-262.000000,1789.000000,1635.000000,158.000000,165.000000
511,1743685867829865,178.000000,-130.000000,135.000000,178.000000,128.000000,360.000000,178.000000,-130.001007,134.998993,177.998993,128.000000,359.998993,-75.000000,-262.000000,1797.000000,1649.000000,158.000000,160.000000
511,1743685867835474,178.000000,-130.000000,135.000000,178.000000,128.000000,360.000000,178.000000,-130.001999,134.998001,177.998993,127.998001,359.997986,-77.000000,-263.000000,1797.000000,1631.000000,157.000000,121.000000
511,1743685867839974,178.000000,-130.000000,135.000000,178.000000,128.000000,360.000000,178.000000,-130.001999,134.998993,177.998993,128.000000,359.997986,-85.000000,-262.000000,1801.000000,1638.000000,155.000000,146.000000
511,1743685867844457,178.000000,-130.000000,135.000000,178.000000,128.000000,360.000000,178.000000,-130.001007,134.998993,177.996994,127.998001,359.998993,-79.000000,-263.000000,1787.000000,1652.000000,158.000000,192.000000
511,1743685867850027,178.000000,-130.000000,135.000000,178.000000,128.000000,360.000000,178.001007,-130.001007,134.998001,177.998993,128.000000,359.997009,-88.000000,-258.000000,1802.000000,1627.000000,153.000000,178.000000
511,1743685867854523,178.000000,-130.000000,135.000000,178.000000,128.000000,360.000000,178.001007,-130.001999,134.998001,177.998993,128.000000,359.997009,-88.000000,-256.000000,1792.000000,1636.000000,159.000000,206.000000
511,1743685867860010,178.000000,-130.000000,135.000000,178.000000,128.000000,360.000000,177.998993,-130.001999,134.998993,177.998993,127.998001,359.997986,-94.000000,-261.000000,1799.000000,1642.000000,150.000000,200.000000
511,1743685867864448,178.000000,-130.000000,135.000000,178.000000,128.000000,360.000000,177.998993,-130.001999,134.998993,177.998993,127.998001,359.997986,-94.000000,-261.000000,1799.000000,1642.000000,150.000000,200.000000
511,1743685867869974,178.000000,-130.000000,135.000000,178.000000,128.000000,360.000000,178.000000,-130.001007,134.998001,177.998993,127.998001,359.997986,-87.000000,-259.000000,1791.000000,1636.000000,156.000000,140.000000
511,1743685867874371,178.000000,-130.000000,135.000000,178.000000,128.000000,360.000000,178.000000,-130.001007,134.998001,177.998993,128.000000,359.997986,-74.000000,-261.000000,1789.000000,1638.000000,156.000000,178.000000
511,1743685867879984,178.000000,-130.000000,135.000000,178.000000,128.000000,360.000000,178.000000,-130.001007,134.998001,177.998993,128.000000,359.997986,-74.000000,-261.000000,1789.000000,1638.000000,156.000000,178.000000
511,1743685867884444,178.000000,-130.000000,135.000000,178.000000,128.000000,360.000000,178.000000,-130.001999,134.998993,177.996994,128.000000,359.997986,-82.000000,-268.000000,1807.000000,1650.000000,161.000000,230.000000
511,1743685867889987,178.000000,-130.000000,135.000000,178.000000,128.000000,360.000000,178.001007,-130.001999,134.998001,177.998993,128.000000,359.997986,-82.000000,-264.000000,1790.000000,1637.000000,156.000000,202.000000
511,1743685867894463,178.000000,-130.000000,135.000000,178.000000,128.000000,360.000000,178.001007,-130.001999,134.998001,177.998993,128.000000,359.997986,-82.000000,-264.000000,1790.000000,1637.000000,156.000000,202.000000
511,1743685867900030,178.000000,-130.000000,135.000000,178.000000,128.000000,360.000000,178.000000,-130.001999,134.998001,177.998993,127.998001,359.997009,-88.000000,-265.000000,1808.000000,1640.000000,158.000000,219.000000
511,1743685867904518,178.000000,-130.000000,135.000000,178.000000,128.000000,360.000000,178.001007,-130.001007,134.998001,177.998993,128.000000,359.997986,-76.000000,-269.000000,1799.000000,1643.000000,154.000000,229.000000
511,1743685867910096,178.000000,-130.000000,135.000000,178.000000,128.000000,360.000000,178.001007,-130.001007,134.998001,177.998993,127.998001,359.997986,-80.000000,-257.000000,1794.000000,1644.000000,154.000000,214.000000
511,1743685867914504,178.000000,-130.000000,135.000000,178.000000,128.000000,360.000000,178.000000,-130.001007,134.998001,177.998993,128.000000,359.997986,-79.000000,-263.000000,1798.000000,1638.000000,161.000000,212.000000
511,1743685867919996,178.000000,-130.000000,135.000000,178.000000,128.000000,360.000000,178.000000,-130.001007,134.998993,177.998993,127.998001,359.997009,-65.000000,-265.000000,1806.000000,1638.000000,157.000000,175.000000
511,1743685867924420,178.000000,-130.000000,135.000000,178.000000,128.000000,360.000000,178.000000,-130.001007,134.998001,177.998993,127.998001,359.997009,-69.000000,-271.000000,1799.000000,1633.000000,142.000000,174.000000
511,1743685867929909,178.000000,-130.000000,135.000000,178.000000,128.000000,360.000000,178.000000,-130.001999,134.998993,177.998993,127.998001,359.997009,-79.000000,-267.000000,1796.000000,1639.000000,150.000000,197.000000
511,1743685867935395,178.000000,-130.000000,135.000000,178.000000,128.000000,360.000000,178.000000,-130.001007,134.998001,177.998993,127.998001,359.997009,-70.000000,-266.000000,1795.000000,1632.000000,148.000000,208.000000
511,1743685867939771,178.000000,-130.000000,135.000000,178.000000,128.000000,360.000000,177.998993,-130.001007,134.998993,177.998993,127.998001,359.997009,-71.000000,-269.000000,1791.000000,1648.000000,148.000000,187.000000
511,1743685867945266,178.000000,-130.000000,135.000000,178.000000,128.000000,360.000000,178.000000,-130.001007,134.998993,177.998993,127.998001,359.994995,-68.000000,-267.000000,1798.000000,1640.000000,154.000000,195.000000
511,1743685867949684,178.000000,-130.000000,135.000000,178.000000,128.000000,360.000000,178.001007,-130.001999,134.998001,177.998993,128.000000,359.997986,-72.000000,-268.000000,1811.000000,1634.000000,155.000000,199.000000
511,1743685867955174,178.000000,-130.000000,135.000000,178.000000,128.000000,360.000000,178.000000,-130.001007,134.998993,177.998993,128.000000,359.997986,-70.000000,-266.000000,1798.000000,1640.000000,157.000000,198.000000
511,1743685867959637,178.000000,-130.000000,135.000000,178.000000,128.000000,360.000000,178.001007,-130.001007,134.998001,177.996994,127.998001,359.997009,-71.000000,-272.000000,1808.000000,1640.000000,151.000000,182.000000
511,1743685867965214,178.000000,-130.000000,135.000000,178.000000,128.000000,360.000000,178.000000,-130.001007,134.998993,177.998993,128.000000,359.997009,-63.000000,-270.000000,1793.000000,1633.000000,156.000000,193.000000
511,1743685867969703,178.000000,-130.000000,135.000000,178.000000,128.000000,360.000000,178.000000,-130.001007,134.998993,177.998993,128.000000,359.997986,-70.000000,-268.000000,1803.000000,1642.000000,149.000000,170.000000
511,1743685867975258,178.000000,-130.000000,135.000000,178.000000,128.000000,360.000000,178.000000,-130.001007,134.998993,177.998993,128.001007,359.997009,-72.000000,-266.000000,1808.000000,1640.000000,147.000000,189.000000
511,1743685867979703,178.000000,-130.000000,135.000000,178.000000,128.000000,360.000000,178.000000,-130.001007,134.998001,177.998993,127.998001,359.997009,-67.000000,-268.000000,1795.000000,1631.000000,154.000000,201.000000
511,1743685867985258,178.000000,-130.000000,135.000000,178.000000,128.000000,360.000000,178.000000,-129.998993,134.998993,177.998993,128.000000,359.997009,-68.000000,-267.000000,1808.000000,1644.000000,152.000000,155.000000
511,1743685867989746,178.000000,-130.000000,135.000000,178.000000,128.000000,360.000000,178.001007,-130.001999,134.998001,177.996994,127.998001,359.997009,-77.000000,-267.000000,1806.000000,1636.000000,154.000000,164.000000
511,1743685867995286,178.000000,-130.000000,135.000000,178.000000,128.000000,360.000000,178.000000,-130.001999,134.998001,177.996994,127.998001,359.997009,-72.000000,-267.000000,1803.000000,1638.000000,160.000000,169.000000
511,1743685867999731,178.000000,-130.000000,135.000000,178.000000,128.000000,360.000000,178.000000,-130.001007,135.001007,177.998993,128.000000,359.997986,-73.000000,-268.000000,1813.000000,1636.000000,155.000000,196.000000
511,1743685868005211,178.000000,-130.000000,135.000000,178.000000,128.000000,360.000000,178.000000,-130.001007,134.998001,177.998993,127.998001,359.997009,-68.000000,-268.000000,1805.000000,1639.000000,156.000000,193.000000
511,1743685868009633,178.000000,-130.000000,135.000000,178.000000,128.000000,360.000000,177.998993,-130.001999,134.998993,177.998993,128.000000,359.997009,-76.000000,-267.000000,1802.000000,1636.000000,153.000000,198.000000
511,1743685868015180,178.000000,-130.000000,135.000000,178.000000,128.000000,360.000000,178.000000,-130.001999,134.998001,177.998993,127.998001,359.997009,-62.000000,-270.000000,1806.000000,1647.000000,156.000000,195.000000
511,1743685868019633,178.000000,-130.000000,135.000000,178.000000,128.000000,360.000000,178.000000,-130.001999,134.998993,177.998993,128.000000,359.997986,-69.000000,-266.000000,1799.000000,1636.000000,156.000000,156.000000
511,1743685868025238,178.000000,-130.000000,135.000000,178.000000,128.000000,360.000000,178.001007,-130.001007,134.998001,177.998993,127.998001,359.997009,-78.000000,-269.000000,1809.000000,1640.000000,149.000000,211.000000
511,1743685868029731,178.000000,-130.000000,135.000000,178.000000,128.000000,360.000000,178.000000,-130.001007,134.998993,177.998993,127.998001,359.997009,-86.000000,-269.000000,1809.000000,1634.000000,156.000000,197.000000
511,1743685868035324,178.000000,-130.000000,135.000000,178.000000,128.000000,360.000000,178.000000,-130.001007,134.998993,177.996994,127.998001,359.997986,-79.000000,-271.000000,1801.000000,1639.000000,154.000000,204.000000
511,1743685868039800,178.000000,-130.000000,135.000000,178.000000,128.000000,360.000000,178.000000,-130.001007,134.998001,177.998993,128.000000,359.997009,-71.000000,-271.000000,1809.000000,1638.000000,154.000000,148.000000
511,1743685868045375,178.000000,-130.000000,135.000000,178.000000,128.000000,360.000000,178.001007,-130.001007,134.998001,177.998993,127.998001,359.997986,-75.000000,-268.000000,1812.000000,1637.000000,148.000000,207.000000
511,1743685868049773,178.000000,-130.000000,135.000000,178.000000,128.000000,360.000000,178.001007,-130.001007,134.998001,177.998993,127.998001,359.997986,-75.000000,-268.000000,1812.000000,1637.000000,148.000000,207.000000
511,1743685868055314,178.000000,-130.000000,135.000000,178.000000,128.000000,360.000000,178.000000,-130.001007,134.998001,177.998993,127.998001,359.997986,-77.000000,-273.000000,1808.000000,1636.000000,157.000000,171.000000
511,1743685868059766,178.000000,-130.000000,135.000000,178.000000,128.000000,360.000000,178.000000,-130.001007,134.998001,177.998993,128.000000,359.997009,-79.000000,-272.000000,1812.000000,1638.000000,156.000000,116.000000
511,1743685868065283,178.000000,-130.000000,135.000000,178.000000,128.000000,360.000000,178.000000,-130.001007,134.998001,177.998993,128.000000,359.997009,-79.000000,-272.000000,1812.000000,1638.000000,156.000000,116.000000
511,1743685868069757,178.000000,-130.000000,135.000000,178.000000,128.000000,360.000000,178.001007,-130.001007,134.998993,177.998993,127.998001,359.997009,-71.000000,-270.000000,1803.000000,1630.000000,151.000000,194.000000
511,1743685868075324,178.000000,-130.000000,135.000000,178.000000,128.000000,360.000000,178.000000,-130.001007,134.998993,177.998993,128.000000,359.997986,-74.000000,-270.000000,1812.000000,1636.000000,160.000000,187.000000
511,1743685868079815,178.000000,-130.000000,135.000000,178.000000,128.000000,360.000000,178.000000,-130.001999,134.998993,177.998993,128.000000,359.997986,-70.000000,-273.000000,1811.000000,1635.000000,151.000000,165.000000
511,1743685868085422,178.000000,-130.000000,135.000000,178.000000,128.000000,360.000000,178.000000,-130.001007,134.998993,177.998993,128.000000,359.997986,-69.000000,-271.000000,1802.000000,1637.000000,150.000000,214.000000
511,1743685868089892,178.000000,-130.000000,135.000000,178.000000,128.000000,360.000000,178.000000,-130.001007,134.998993,177.998993,128.000000,359.997009,-77.000000,-264.000000,1806.000000,1637.000000,153.000000,180.000000
511,1743685868094417,178.000000,-130.000000,135.000000,178.000000,128.000000,360.000000,178.000000,-130.001007,134.998993,177.998993,128.000000,359.997986,-78.000000,-264.000000,1802.000000,1630.000000,149.000000,135.000000
511,1743685868099985,178.000000,-130.000000,135.000000,178.000000,128.000000,360.000000,178.001007,-129.998993,135.001007,177.998993,127.998001,359.998993,-79.000000,-266.000000,1798.000000,1640.000000,152.000000,150.000000
511,1743685868104426,178.000000,-130.000000,135.000000,178.000000,128.000000,360.000000,177.998993,-130.001999,134.998001,177.998993,128.000000,359.997009,-73.000000,-268.000000,1790.000000,1635.000000,151.000000,146.000000
511,1743685868109921,178.000000,-130.000000,135.000000,178.000000,128.000000,360.000000,178.000000,-130.001999,134.998993,177.998993,128.000000,359.997009,-78.000000,-266.000000,1811.000000,1636.000000,147.000000,204.000000
511,1743685868115487,178.000000,-130.000000,135.000000,178.000000,128.000000,360.000000,178.000000,-130.001999,134.998993,177.998993,127.998001,359.994995,-82.000000,-265.000000,1798.000000,1641.000000,143.000000,213.000000
511,1743685868120038,178.000000,-130.000000,135.000000,178.000000,128.000000,360.000000,178.001007,-129.998993,134.998993,177.998993,128.000000,359.997986,-84.000000,-268.000000,1804.000000,1638.000000,147.000000,194.000000
511,1743685868124544,178.000000,-130.000000,135.000000,178.000000,128.000000,360.000000,178.001007,-130.001007,134.998993,177.998993,127.998001,359.997986,-87.000000,-267.000000,1806.000000,1640.000000,149.000000,169.000000
511,1743685868130168,178.000000,-130.000000,135.000000,178.000000,128.000000,360.000000,178.000000,-130.001007,134.998001,177.996994,128.000000,359.997009,-91.000000,-267.000000,1820.000000,1639.000000,153.000000,181.000000
511,1743685868134600,178.000000,-130.000000,135.000000,178.000000,128.000000,360.000000,178.000000,-130.001999,134.998001,177.998993,128.000000,359.998993,-88.000000,-267.000000,1815.000000,1631.000000,152.000000,182.000000
511,1743685868140180,178.000000,-130.000000,135.000000,178.000000,128.000000,360.000000,178.000000,-130.001999,134.998993,177.998993,127.998001,359.997986,-88.000000,-268.000000,1808.000000,1638.000000,144.000000,170.000000
511,1743685868144689,178.000000,-130.000000,135.000000,178.000000,128.000000,360.000000,177.998993,-130.001007,134.998993,177.998993,127.998001,359.997986,-87.000000,-262.000000,1802.000000,1638.000000,146.000000,174.000000
511,1743685868150208,178.000000,-130.000000,135.000000,178.000000,128.000000,360.000000,178.000000,-130.001999,134.998001,177.998993,128.000000,359.998993,-80.000000,-269.000000,1797.000000,1631.000000,152.000000,126.000000
511,1743685868154612,178.000000,-130.000000,135.000000,178.000000,128.000000,360.000000,178.000000,-130.001999,134.998001,177.998993,128.000000,359.997986,-83.000000,-263.000000,1804.000000,1631.000000,149.000000,183.000000
511,1743685868160195,178.000000,-130.000000,135.000000,178.000000,128.000000,360.000000,178.000000,-130.001007,134.998993,177.998993,128.000000,359.997986,-79.000000,-259.000000,1796.000000,1632.000000,149.000000,185.000000
511,1743685868164667,178.000000,-130.000000,135.000000,178.000000,128.000000,360.000000,178.000000,-130.001007,134.998993,177.998993,128.000000,359.997986,-82.000000,-262.000000,1775.000000,1639.000000,149.000000,194.000000
511,1743685868170235,178.000000,-130.000000,135.000000,178.000000,128.000000,360.000000,178.001007,-130.001999,134.998993,177.998993,128.000000,359.997986,-85.000000,-270.000000,1796.000000,1632.000000,144.000000,175.000000
511,1743685868174670,178.000000,-130.000000,135.000000,178.000000,128.000000,360.000000,178.000000,-130.001007,134.998001,177.998993,128.000000,359.997986,-79.000000,-270.000000,1803.000000,1632.000000,149.000000,174.000000
511,1743685868180276,178.000000,-130.000000,135.000000,178.000000,128.000000,360.000000,177.998993,-130.001999,134.998993,177.996994,127.998001,359.997986,-84.000000,-270.000000,1797.000000,1638.000000,149.000000,127.000000
511,1743685868184744,178.000000,-130.000000,135.000000,178.000000,128.000000,360.000000,178.000000,-130.001007,134.998993,177.996994,127.998001,359.994995,-79.000000,-259.000000,1786.000000,1641.000000,150.000000,131.000000
511,1743685868190341,178.000000,-130.000000,135.000000,178.000000,128.000000,360.000000,177.998993,-130.001007,134.998001,177.998993,127.997002,359.997986,-72.000000,-264.000000,1785.000000,1642.000000,148.000000,172.000000
511,1743685868194826,178.000000,-130.000000,135.000000,178.000000,128.000000,360.000000,178.000000,-130.001007,134.998993,177.998993,128.000000,359.997009,-81.000000,-265.000000,1795.000000,1644.000000,149.000000,168.000000
511,1743685868200425,178.000000,-130.000000,135.000000,178.000000,128.000000,360.000000,178.001007,-130.001007,134.998993,177.998993,128.000000,359.997986,-80.000000,-261.000000,1796.000000,1636.000000,149.000000,189.000000
511,1743685868204909,178.000000,-130.000000,135.000000,178.000000,128.000000,360.000000,178.001007,-130.001007,134.998993,177.998993,128.000000,359.997986,-80.000000,-261.000000,1796.000000,1636.000000,149.000000,189.000000
511,1743685868209448,178.000000,-130.000000,135.000000,178.000000,128.000000,360.000000,178.000000,-130.001999,134.998993,177.996994,128.000000,359.997986,-77.000000,-264.000000,1795.000000,1641.000000,152.000000,169.000000
511,1743685868215007,178.000000,-130.000000,135.000000,178.000000,128.000000,360.000000,178.000000,-130.001999,134.998001,177.998993,128.000000,359.997009,-72.000000,-266.000000,1797.000000,1642.000000,151.000000,167.000000
511,1743685868219483,178.000000,-130.000000,135.000000,178.000000,128.000000,360.000000,178.000000,-130.001999,134.998001,177.998993,128.000000,359.997009,-72.000000,-266.000000,1797.000000,1642.000000,151.000000,167.000000
511,1743685868225107,178.000000,-130.000000,135.000000,178.000000,128.000000,360.000000,178.000000,-130.001999,134.998001,177.998993,127.998001,359.997986,-79.000000,-268.000000,1801.000000,1636.000000,147.000000,174.000000
511,1743685868229616,178.000000,-130.000000,135.000000,178.000000,128.000000,360.000000,178.001007,-130.001007,134.998001,177.996994,127.998001,359.997986,-76.000000,-268.000000,1777.000000,1643.000000,142.000000,163.000000
511,1743685868235222,178.000000,-130.000000,135.000000,178.000000,128.000000,360.000000,178.000000,-130.001007,134.998001,177.996994,127.998001,359.997986,-77.000000,-266.000000,1790.000000,1636.000000,152.000000,175.000000
511,1743685868239665,178.000000,-130.000000,135.000000,178.000000,128.000000,360.000000,178.000000,-130.001007,134.998001,177.998993,128.000000,359.997009,-72.000000,-265.000000,1796.000000,1633.000000,149.000000,157.000000
511,1743685868245248,178.000000,-130.000000,135.000000,178.000000,128.000000,360.000000,178.000000,-130.001007,134.998001,177.998993,127.998001,359.997009,-73.000000,-267.000000,1790.000000,1647.000000,150.000000,177.000000
511,1743685868249744,178.000000,-130.000000,135.000000,178.000000,128.000000,360.000000,178.001007,-130.001007,134.998001,177.998993,127.998001,359.994995,-69.000000,-269.000000,1792.000000,1633.000000,151.000000,185.000000
511,1743685868255313,178.000000,-130.000000,135.000000,178.000000,128.000000,360.000000,178.000000,-130.001007,134.998993,177.998993,127.998001,359.998993,-72.000000,-266.000000,1792.000000,1642.000000,150.000000,174.000000
511,1743685868259761,178.000000,-130.000000,135.000000,178.000000,128.000000,360.000000,178.000000,-130.001007,134.998001,177.998993,128.000000,359.997009,-81.000000,-268.000000,1786.000000,1640.000000,146.000000,183.000000
511,1743685868265356,178.000000,-130.000000,135.000000,178.000000,128.000000,360.000000,178.000000,-130.001007,134.998001,177.998993,128.000000,359.997009,-70.000000,-267.000000,1793.000000,1633.000000,154.000000,174.000000
511,1743685868269842,178.000000,-130.000000,135.000000,178.000000,128.000000,360.000000,178.000000,-130.001999,134.998993,177.998993,128.000000,359.998993,-73.000000,-270.000000,1767.000000,1633.000000,146.000000,120.000000
511,1743685868275410,178.000000,-130.000000,135.000000,178.000000,128.000000,360.000000,178.000000,-129.998993,134.998993,177.998993,128.000000,359.994995,-70.000000,-272.000000,1781.000000,1641.000000,153.000000,191.000000
511,1743685868279876,178.000000,-130.000000,135.000000,178.000000,128.000000,360.000000,178.000000,-130.001999,134.998993,177.998993,127.998001,359.997986,-80.000000,-273.000000,1786.000000,1646.000000,148.000000,183.000000
511,1743685868285454,178.000000,-130.000000,135.000000,178.000000,128.000000,360.000000,178.000000,-130.001007,134.998001,177.998993,128.000000,359.997986,-71.000000,-272.000000,1789.000000,1642.000000,151.000000,177.000000
511,1743685868289943,178.000000,-130.000000,135.000000,178.000000,128.000000,360.000000,177.998993,-130.001007,134.998001,177.998993,127.998001,359.997009,-68.000000,-275.000000,1791.000000,1626.000000,149.000000,160.000000
511,1743685868294454,178.000000,-130.000000,135.000000,178.000000,128.000000,360.000000,177.998993,-130.001999,134.998001,177.998993,127.998001,359.998993,-71.000000,-271.000000,1790.000000,1640.000000,149.000000,184.000000
511,1743685868300067,178.000000,-130.000000,135.000000,178.000000,128.000000,360.000000,178.000000,-130.001999,134.998993,177.996994,128.000000,359.997009,-64.000000,-279.000000,1787.000000,1645.000000,148.000000,168.000000
511,1743685868304554,178.000000,-130.000000,135.000000,178.000000,128.000000,360.000000,178.001007,-130.001999,134.998993,177.996994,128.000000,359.997986,-57.000000,-275.000000,1783.000000,1632.000000,151.000000,172.000000
511,1743685868310138,178.000000,-130.000000,135.000000,178.000000,128.000000,360.000000,178.000000,-130.001007,134.998993,177.998993,128.000000,359.997009,-59.000000,-278.000000,1789.000000,1637.000000,150.000000,182.000000
511,1743685868314586,178.000000,-130.000000,135.000000,178.000000,128.000000,360.000000,178.001007,-130.001007,134.998993,177.998993,128.000000,359.997986,-62.000000,-277.000000,1790.000000,1633.000000,153.000000,182.000000
511,1743685868320194,178.000000,-130.000000,135.000000,178.000000,128.000000,360.000000,178.000000,-129.998993,134.998993,177.996994,128.000000,359.997009,-53.000000,-276.000000,1784.000000,1644.000000,150.000000,172.000000
511,1743685868324633,178.000000,-130.000000,135.000000,178.000000,128.000000,360.000000,177.998993,-130.001007,134.998993,177.998993,128.000000,359.997009,-51.000000,-287.000000,1787.000000,1629.000000,157.000000,176.000000
511,1743685868330139,178.000000,-130.000000,135.000000,178.000000,128.000000,360.000000,178.000000,-130.001007,134.998001,177.998993,128.000000,359.997986,-45.000000,-282.000000,1797.000000,1652.000000,150.000000,179.000000
511,1743685868334544,178.000000,-130.000000,135.000000,178.000000,128.000000,360.000000,178.001007,-130.001999,134.998993,177.998993,127.998001,359.997986,-43.000000,-281.000000,1787.000000,1638.000000,152.000000,178.000000
511,1743685868340043,178.000000,-130.000000,135.000000,178.000000,128.000000,360.000000,178.001007,-130.001007,134.998993,177.998993,128.000000,359.997986,-53.000000,-279.000000,1792.000000,1647.000000,150.000000,178.000000
511,1743685868344462,178.000000,-130.000000,135.000000,178.000000,128.000000,360.000000,178.000000,-130.001007,134.998993,177.996994,128.000000,359.998993,-58.000000,-280.000000,1794.000000,1643.000000,153.000000,144.000000
511,1743685868349936,178.000000,-130.000000,135.000000,178.000000,128.000000,360.000000,178.000000,-130.001007,134.998993,177.996994,127.998001,359.997986,-60.000000,-284.000000,1788.000000,1647.000000,153.000000,175.000000
511,1743685868355437,178.000000,-130.000000,135.000000,178.000000,128.000000,360.000000,178.000000,-130.001007,134.998993,177.996994,128.000000,359.998993,-48.000000,-278.000000,1783.000000,1663.000000,148.000000,140.000000
511,1743685868359870,178.000000,-130.000000,135.000000,178.000000,128.000000,360.000000,178.000000,-130.001007,134.998993,177.996994,128.000000,359.998993,-48.000000,-278.000000,1783.000000,1663.000000,148.000000,140.000000
