point_index,timestamp_us,plan_pos_0,plan_pos_1,plan_pos_2,plan_pos_3,plan_pos_4,plan_pos_5,actual_pos_0,actual_pos_1,actual_pos_2,actual_pos_3,actual_pos_4,actual_pos_5,current_0,current_1,current_2,current_3,current_4,current_5
1,1743685244680169,0.049471,-0.036138,0.037527,0.049471,0.035582,0.100027,0.108000,-0.027000,0.048000,0.034000,0.064000,0.162000,-125.000000,-934.000000,-2326.000000,71.000000,-437.000000,-39.000000
3,1743685244685762,0.049658,-0.036324,0.037713,0.049658,0.035769,0.100213,0.108000,-0.026000,0.046000,0.033000,0.061000,0.163000,-117.000000,-957.000000,-2333.000000,81.000000,-413.000000,-65.000000
5,1743685244690233,0.050164,-0.036831,0.038220,0.050164,0.036276,0.100720,0.107000,-0.026000,0.046000,0.033000,0.059000,0.162000,-124.000000,-975.000000,-2324.000000,85.000000,-426.000000,-52.000000
8,1743685244695802,0.051874,-0.038541,0.039930,0.051874,0.037986,0.102430,0.107000,-0.024000,0.045000,0.033000,0.057000,0.160000,-122.000000,-989.000000,-2354.000000,92.000000,-389.000000,-37.000000
10,1743685244700300,0.053881,-0.040548,0.041937,0.053881,0.039992,0.104437,0.105000,-0.026000,0.042000,0.031000,0.057000,0.160000,-110.000000,-1008.000000,-2349.000000,96.000000,-414.000000,-61.000000
13,1743685244705795,0.058591,-0.045258,0.046647,0.058591,0.044702,0.109147,0.104000,-0.024000,0.042000,0.034000,0.056000,0.157000,-132.000000,-1024.000000,-2347.000000,90.000000,-412.000000,-43.000000
15,1743685244710232,0.063098,-0.049764,0.051153,0.063098,0.049209,0.113653,0.105000,-0.023000,0.042000,0.033000,0.054000,0.159000,-132.000000,-1048.000000,-2366.000000,100.000000,-393.000000,-57.000000
17,1743685244715749,0.068884,-0.055551,0.056940,0.068884,0.054996,0.119440,0.105000,-0.023000,0.042000,0.034000,0.053000,0.159000,-131.000000,-1070.000000,-2388.000000,108.000000,-408.000000,-57.000000
19,1743685244720276,0.076111,-0.062778,0.064167,0.076111,0.062222,0.126667,0.104000,-0.023000,0.042000,0.034000,0.052000,0.157000,-157.000000,-1086.000000,-2383.000000,111.000000,-399.000000,-72.000000
22,1743685244725824,0.090001,-0.076668,0.078057,0.090001,0.076112,0.140557,0.104000,-0.023000,0.041000,0.033000,0.050000,0.156000,-155.000000,-1101.000000,-2384.000000,119.000000,-400.000000,-79.000000
24,1743685244730298,0.101528,-0.088194,0.089583,0.101528,0.087639,0.152083,0.104000,-0.023000,0.041000,0.033000,0.050000,0.156000,-155.000000,-1101.000000,-2384.000000,119.000000,-400.000000,-79.000000
27,1743685244735934,0.122618,-0.109284,0.110673,0.122618,0.108729,0.173173,0.103000,-0.026000,0.039000,0.034000,0.049000,0.157000,-114.000000,-1140.000000,-2337.000000,127.000000,-379.000000,-59.000000
29,1743685244740368,0.139444,-0.126111,0.127500,0.139444,0.125556,0.190000,0.103000,-0.026000,0.039000,0.034000,0.049000,0.157000,-114.000000,-1140.000000,-2337.000000,127.000000,-379.000000,-59.000000
31,1743685244745830,0.158671,-0.145338,0.146727,0.158671,0.144782,0.209227,0.101000,-0.024000,0.037000,0.033000,0.050000,0.159000,-28.000000,-1279.000000,-2159.000000,172.000000,-332.000000,-15.000000
33,1743685244750249,0.180458,-0.167124,0.168513,0.180458,0.166569,0.231013,0.103000,-0.024000,0.039000,0.034000,0.049000,0.156000,10.000000,-1352.000000,-2054.000000,170.000000,-277.000000,0.000000
36,1743685244755812,0.218288,-0.204954,0.206343,0.218288,0.204399,0.268843,0.101000,-0.024000,0.039000,0.035000,0.049000,0.159000,36.000000,-1456.000000,-1972.000000,181.000000,-250.000000,19.000000
38,1743685244760273,0.247174,-0.233841,0.235230,0.247174,0.233286,0.297730,0.103000,-0.026000,0.038000,0.037000,0.049000,0.159000,92.000000,-1541.000000,-1873.000000,199.000000,-241.000000,36.000000
41,1743685244767023,0.296404,-0.283071,0.284460,0.296404,0.282516,0.346960,0.104000,-0.026000,0.039000,0.038000,0.049000,0.157000,87.000000,-1593.000000,-1820.000000,221.000000,-222.000000,43.000000
43,1743685244771502,0.333391,-0.320058,0.321447,0.333391,0.319502,0.383947,0.105000,-0.024000,0.038000,0.039000,0.050000,0.160000,88.000000,-1672.000000,-1755.000000,216.000000,-200.000000,57.000000
46,1743685244777011,0.395521,-0.382188,0.383577,0.395521,0.381632,0.446077,0.107000,-0.023000,0.037000,0.043000,0.049000,0.160000,271.000000,-1853.000000,-1596.000000,249.000000,-130.000000,117.000000
48,1743685244781460,0.441608,-0.428274,0.429663,0.441608,0.427719,0.492163,0.112000,-0.024000,0.037000,0.050000,0.049000,0.160000,389.000000,-2050.000000,-1200.000000,280.000000,-39.000000,177.000000
50,1743685244785899,0.491614,-0.478281,0.479670,0.491614,0.477726,0.542170,0.120000,-0.024000,0.039000,0.059000,0.052000,0.166000,235.000000,-2135.000000,-1062.000000,215.000000,-8.000000,185.000000
52,1743685244791416,0.545701,-0.532368,0.533757,0.545701,0.531812,0.596257,0.130000,-0.030000,0.039000,0.070000,0.053000,0.170000,171.000000,-2168.000000,-842.000000,205.000000,36.000000,222.000000
55,1743685244797000,0.634831,-0.621498,0.622887,0.634831,0.620942,0.685387,0.138000,-0.031000,0.041000,0.078000,0.056000,0.177000,188.000000,-2245.000000,-679.000000,160.000000,49.000000,239.000000
57,1743685244801502,0.699818,-0.686484,0.687873,0.699818,0.685929,0.750373,0.144000,-0.037000,0.045000,0.090000,0.060000,0.183000,151.000000,-2284.000000,-646.000000,117.000000,40.000000,232.000000
59,1743685244807038,0.769444,-0.756111,0.757500,0.769444,0.755556,0.820000,0.155000,-0.042000,0.048000,0.103000,0.064000,0.183000,265.000000,-2397.000000,-402.000000,172.000000,105.000000,230.000000
62,1743685244811526,0.882934,-0.869601,0.870990,0.882934,0.869046,0.933490,0.170000,-0.056000,0.055000,0.123000,0.071000,0.189000,466.000000,-2726.000000,-198.000000,174.000000,178.000000,317.000000
64,1743685244815985,0.964861,-0.951528,0.952917,0.964861,0.950972,1.015420,0.186000,-0.072000,0.071000,0.146000,0.092000,0.197000,435.000000,-2693.000000,-258.000000,117.000000,110.000000,256.000000
67,1743685244822493,1.097550,-1.084220,1.085610,1.097550,1.083660,1.148110,0.212000,-0.096000,0.093000,0.177000,0.107000,0.199000,-33.000000,-2524.000000,-507.000000,-62.000000,-19.000000,253.000000
69,1743685244826882,1.192780,-1.179440,1.180830,1.192780,1.178890,1.243330,0.234000,-0.116000,0.115000,0.196000,0.127000,0.197000,-58.000000,-2663.000000,-674.000000,-78.000000,-58.000000,203.000000
71,1743685244832341,1.293600,-1.280270,1.281660,1.293600,1.279720,1.344160,0.243000,-0.127000,0.127000,0.223000,0.142000,0.199000,91.000000,-2639.000000,-570.000000,-188.000000,-31.000000,95.000000
74,1743685244837809,1.455690,-1.442360,1.443750,1.455690,1.441810,1.506250,0.267000,-0.146000,0.144000,0.241000,0.159000,0.208000,32.000000,-2502.000000,-476.000000,-128.000000,-1.000000,42.000000
76,1743685244842278,1.571220,-1.557880,1.559280,1.571220,1.557300,1.621780,0.281000,-0.170000,0.170000,0.266000,0.181000,0.233000,144.000000,-2883.000000,-187.000000,107.000000,128.000000,163.000000
79,1743685244848954,1.756110,-1.742320,1.744060,1.756110,1.741520,1.806670,0.298000,-0.190000,0.192000,0.289000,0.204000,0.263000,530.000000,-2990.000000,-242.000000,164.000000,231.000000,154.000000
81,1743685244853431,1.887340,-1.872490,1.874770,1.887340,1.871420,1.937890,0.298000,-0.190000,0.192000,0.289000,0.204000,0.263000,530.000000,-2990.000000,-242.000000,164.000000,231.000000,154.000000
83,1743685244857892,2.025120,-2.008250,2.011310,2.025120,2.006810,2.075680,0.370000,-0.274000,0.295000,0.374000,0.274000,0.330000,199.000000,-2651.000000,-901.000000,155.000000,206.000000,227.000000
86,1743685244863410,2.244450,-2.222010,2.226710,2.244450,2.219820,2.295010,0.407000,-0.309000,0.336000,0.413000,0.310000,0.368000,239.000000,-2819.000000,-707.000000,222.000000,122.000000,297.000000
88,1743685244867843,2.399340,-2.371030,2.377140,2.399340,2.368220,2.449900,0.433000,-0.340000,0.366000,0.443000,0.330000,0.399000,170.000000,-2853.000000,-758.000000,260.000000,-8.000000,173.000000
91,1743685244874455,2.645010,-2.603930,2.612610,2.645010,2.599990,2.695630,0.468000,-0.385000,0.407000,0.473000,0.370000,0.438000,573.000000,-2737.000000,-412.000000,368.000000,98.000000,230.000000
93,1743685244878982,2.817610,-2.765210,2.775920,2.817610,2.760400,2.868610,0.468000,-0.385000,0.407000,0.473000,0.370000,0.438000,573.000000,-2737.000000,-412.000000,368.000000,98.000000,230.000000
95,1743685244884634,2.997080,-2.931120,2.944100,2.997080,2.925330,3.049120,0.549000,-0.491000,0.519000,0.575000,0.464000,0.553000,621.000000,-3251.000000,-333.000000,258.000000,282.000000,411.000000
97,1743685244889163,3.183270,-3.101490,3.117000,3.183270,3.094620,3.237310,0.587000,-0.538000,0.570000,0.620000,0.539000,0.628000,113.000000,-2817.000000,-700.000000,75.000000,124.000000,366.000000
100,1743685244894720,3.474770,-3.365060,3.384820,3.474770,3.356390,3.534330,0.649000,-0.608000,0.641000,0.689000,0.601000,0.708000,124.000000,-2473.000000,-551.000000,-59.000000,-49.000000,169.000000
103,1743685244901331,3.780480,-3.637780,3.662360,3.780480,3.627090,3.849330,0.694000,-0.653000,0.678000,0.725000,0.646000,0.767000,184.000000,-2490.000000,-544.000000,-9.000000,77.000000,159.000000
105,1743685244905743,3.991900,-3.824410,3.852500,3.991900,3.812240,4.069330,0.694000,-0.653000,0.678000,0.725000,0.646000,0.767000,184.000000,-2490.000000,-544.000000,-9.000000,77.000000,159.000000
107,1743685244910162,4.209240,-4.014700,4.046560,4.209240,4.000950,4.297330,0.807000,-0.778000,0.808000,0.843000,0.759000,0.870000,1054.000000,-3190.000000,77.000000,447.000000,407.000000,537.000000
110,1743685244915665,4.545980,-4.306660,4.344630,4.545980,4.290350,4.654330,0.869000,-0.850000,0.879000,0.920000,0.844000,0.943000,1064.000000,-3343.000000,466.000000,558.000000,292.000000,472.000000
112,1743685244920109,4.777390,-4.505410,4.547770,4.777390,4.487280,4.902330,0.955000,-0.946000,0.984000,1.003000,0.918000,1.011000,220.000000,-2795.000000,-526.000000,300.000000,96.000000,176.000000
115,1743685244926703,5.134500,-4.809310,4.858720,5.134500,4.788250,5.289330,1.035000,-1.046000,1.080000,1.097000,1.027000,1.113000,248.000000,-2782.000000,-598.000000,45.000000,17.000000,328.000000
117,1743685244931201,5.378990,-5.015530,5.069940,5.378990,4.992380,5.557330,1.035000,-1.046000,1.080000,1.097000,1.027000,1.113000,248.000000,-2782.000000,-598.000000,45.000000,17.000000,328.000000
120,1743685244936740,5.754960,-5.329870,5.392260,5.754960,5.303410,5.974330,1.182000,-1.229000,1.247000,1.271000,1.201000,1.289000,421.000000,-3222.000000,-418.000000,322.000000,221.000000,288.000000
122,1743685244941205,6.011530,-5.542550,5.610570,6.011530,5.513750,6.262330,1.248000,-1.304000,1.295000,1.334000,1.270000,1.359000,740.000000,-3649.000000,295.000000,689.000000,388.000000,508.000000
124,1743685244946694,6.272650,-5.757520,5.831420,6.272650,5.726300,6.558330,1.332000,-1.395000,1.384000,1.436000,1.409000,1.484000,1153.000000,-3647.000000,75.000000,607.000000,359.000000,615.000000
127,1743685244952167,6.672510,-6.083970,6.167150,6.672510,6.048910,7.017330,1.469000,-1.527000,1.517000,1.571000,1.498000,1.560000,817.000000,-3298.000000,-296.000000,71.000000,281.000000,364.000000
129,1743685244956586,6.944310,-6.304010,6.393690,6.944310,6.266260,7.333330,1.469000,-1.527000,1.517000,1.571000,1.498000,1.560000,817.000000,-3298.000000,-296.000000,71.000000,281.000000,364.000000
131,1743685244960980,7.220100,-6.525790,6.622220,7.220100,6.485260,7.657330,1.731000,-1.742000,1.727000,1.805000,1.708000,1.756000,88.000000,-2514.000000,-596.000000,250.000000,242.000000,270.000000
133,1743685244966495,7.499720,-6.749160,6.852580,7.499720,6.705750,7.989330,1.880000,-1.825000,1.808000,1.895000,1.836000,1.880000,362.000000,-2745.000000,-441.000000,306.000000,74.000000,331.000000
135,1743685244970928,7.783010,-6.973960,7.084620,7.783010,6.927560,8.329330,1.952000,-1.951000,1.935000,2.025000,1.951000,2.014000,475.000000,-2589.000000,-124.000000,258.000000,280.000000,442.000000
138,1743685244976448,8.214480,-7.313470,7.435460,8.214480,7.262410,8.854330,2.081000,-2.090000,2.055000,2.169000,2.072000,2.165000,1282.000000,-3505.000000,405.000000,432.000000,413.000000,627.000000
140,1743685244980870,8.506240,-7.541120,7.670980,8.506240,7.486820,9.214330,2.081000,-2.090000,2.055000,2.169000,2.072000,2.165000,1282.000000,-3505.000000,405.000000,432.000000,413.000000,627.000000
142,1743685244986432,8.801120,-7.769640,7.907620,8.801120,7.712010,9.582330,2.235000,-2.223000,2.219000,2.345000,2.171000,2.257000,1287.000000,-3190.000000,211.000000,400.000000,379.000000,604.000000
144,1743685244990874,9.098950,-7.998870,8.145200,9.098950,7.937790,9.958330,2.357000,-2.320000,2.334000,2.466000,2.337000,2.423000,586.000000,-2907.000000,-723.000000,312.000000,120.000000,441.000000
147,1743685244996421,9.550880,-8.343670,8.503020,9.550880,8.277260,10.537300,2.532000,-2.465000,2.499000,2.642000,2.436000,2.541000,339.000000,-2878.000000,-419.000000,19.000000,46.000000,198.000000
150,1743685245001948,10.008600,-8.689170,8.862080,10.008600,8.617180,11.134300,2.690000,-2.606000,2.654000,2.739000,2.563000,2.706000,296.000000,-2648.000000,-710.000000,333.000000,109.000000,353.000000
152,1743685245006343,10.316600,-8.919610,9.101880,10.316600,8.843830,11.542300,2.789000,-2.701000,2.750000,2.871000,2.709000,2.892000,158.000000,-2658.000000,-366.000000,296.000000,80.000000,238.000000
154,1743685245011773,10.626800,-9.150060,9.341830,10.626800,9.070480,11.958300,2.956000,-2.852000,2.896000,3.028000,2.791000,3.021000,717.000000,-3093.000000,-80.000000,502.000000,340.000000,644.000000
156,1743685245016145,10.938900,-9.380510,9.581800,10.938900,9.297140,12.382300,3.070000,-2.949000,3.015000,3.143000,2.960000,3.184000,1646.000000,-3852.000000,565.000000,532.000000,287.000000,781.000000
159,1743685245021598,11.410600,-9.726190,9.941760,11.410600,9.637110,13.033300,3.284000,-3.121000,3.194000,3.315000,3.158000,3.413000,649.000000,-3098.000000,-521.000000,366.000000,40.000000,325.000000
161,1743685245025990,11.727000,-9.956640,10.181700,11.727000,9.863760,13.477300,3.508000,-3.291000,3.363000,3.510000,3.276000,3.559000,257.000000,-3124.000000,-413.000000,269.000000,-10.000000,314.000000
163,1743685245031470,12.044900,-10.187100,10.421700,12.044900,10.090400,13.929300,3.661000,-3.405000,3.467000,3.637000,3.446000,3.750000,47.000000,-2998.000000,-485.000000,385.000000,63.000000,165.000000
166,1743685245036944,12.524100,-10.532800,10.781700,12.524100,10.430400,14.622300,3.883000,-3.602000,3.646000,3.871000,3.584000,3.924000,91.000000,-2682.000000,-481.000000,220.000000,46.000000,488.000000
168,1743685245041436,12.844900,-10.763200,11.021600,12.844900,10.657000,15.094300,4.008000,-3.716000,3.753000,4.015000,3.691000,4.047000,1020.000000,-3137.000000,49.000000,389.000000,79.000000,446.000000
170,1743685245045901,13.166500,-10.993700,11.261600,13.166500,10.883700,15.574300,4.178000,-3.869000,3.901000,4.206000,3.887000,4.329000,1428.000000,-3533.000000,649.000000,766.000000,246.000000,700.000000
172,1743685245051548,13.488800,-11.224100,11.501600,13.488800,11.110300,16.062300,4.420000,-4.060000,4.095000,4.448000,4.004000,4.486000,712.000000,-3038.000000,-231.000000,24.000000,324.000000,475.000000
175,1743685245057167,13.973300,-11.569800,11.861500,13.973300,11.450300,16.809299,4.632000,-4.231000,4.273000,4.658000,4.194000,4.735000,261.000000,-2742.000000,-403.000000,393.000000,-19.000000,380.000000
177,1743685245061614,14.296800,-11.800200,12.101500,14.296800,11.677000,17.317301,4.632000,-4.231000,4.273000,4.658000,4.194000,4.735000,261.000000,-2742.000000,-403.000000,393.000000,-19.000000,380.000000
179,1743685245065997,14.620300,-12.030700,12.341500,14.620300,11.903600,17.833300,4.915000,-4.468000,4.522000,4.971000,4.478000,5.197000,400.000000,-2701.000000,-426.000000,0.000000,190.000000,346.000000
182,1743685245071486,15.105700,-12.376400,12.701500,15.105700,12.243600,18.622200,5.191000,-4.688000,4.754000,5.207000,4.597000,5.361000,733.000000,-2645.000000,57.000000,460.000000,201.000000,406.000000
184,1743685245076958,15.429300,-12.606800,12.941400,15.429300,12.470300,19.157900,5.450000,-4.884000,4.949000,5.442000,4.776000,5.637000,1107.000000,-3451.000000,333.000000,446.000000,266.000000,793.000000
187,1743685245082488,15.914700,-12.952500,13.301400,15.914700,12.810200,19.975599,5.656000,-5.046000,5.127000,5.611000,4.974000,5.870000,1306.000000,-3406.000000,36.000000,579.000000,213.000000,631.000000
189,1743685245086959,16.238300,-13.182900,13.541400,16.238300,13.036900,20.530001,5.804000,-5.166000,5.259000,5.776000,5.118000,6.160000,483.000000,-3048.000000,-171.000000,-4.000000,209.000000,410.000000
191,1743685245092553,16.561899,-13.413400,13.781300,16.561899,13.263500,21.091600,6.056000,-5.362000,5.465000,6.005000,5.266000,6.318000,297.000000,-2530.000000,-578.000000,495.000000,48.000000,195.000000
193,1743685245097020,16.885500,-13.643800,14.021300,16.885500,13.490200,21.660200,6.295000,-5.556000,5.655000,6.269000,5.445000,6.632000,366.000000,-3007.000000,-271.000000,74.000000,35.000000,352.000000
196,1743685245102573,17.370899,-13.989500,14.381300,17.370899,13.830200,22.525999,6.442000,-5.686000,5.780000,6.420000,5.611000,6.816000,277.000000,-2704.000000,-352.000000,301.000000,126.000000,339.000000
199,1743685245109238,17.856300,-14.335200,14.741200,17.856300,14.170100,23.406700,6.683000,-5.876000,5.971000,6.683000,5.800000,7.102000,1184.000000,-3455.000000,102.000000,501.000000,305.000000,736.000000
201,1743685245113640,18.179899,-14.565600,14.981200,18.179899,14.396800,24.001801,6.852000,-6.006000,6.109000,6.874000,5.998000,7.455000,1509.000000,-3470.000000,255.000000,526.000000,283.000000,723.000000
203,1743685245118027,18.503500,-14.796100,15.221200,18.503500,14.623400,24.603300,7.167000,-6.203000,6.329000,7.174000,6.216000,7.789000,666.000000,-2985.000000,-76.000000,200.000000,195.000000,412.000000
206,1743685245123491,18.988899,-15.141700,15.581100,18.988899,14.963400,25.516701,7.356000,-6.339000,6.458000,7.325000,6.350000,8.019000,156.000000,-2650.000000,-252.000000,199.000000,205.000000,490.000000
208,1743685245127967,19.312500,-15.372200,15.821100,19.312500,15.190100,26.132999,7.603000,-6.550000,6.667000,7.576000,6.539000,8.345000,407.000000,-2687.000000,-403.000000,224.000000,163.000000,425.000000
211,1743685245134602,19.797800,-15.717900,16.181101,19.797800,15.530100,27.068100,7.786000,-6.725000,6.850000,7.781000,6.687000,8.606000,328.000000,-2765.000000,-547.000000,329.000000,141.000000,364.000000
213,1743685245139071,20.121401,-15.948300,16.421000,20.121401,15.756700,27.698299,7.786000,-6.725000,6.850000,7.781000,6.687000,8.606000,328.000000,-2765.000000,-547.000000,329.000000,141.000000,364.000000
215,1743685245144663,20.445000,-16.178801,16.660999,20.445000,15.983400,28.333799,8.238000,-7.091000,7.242000,8.278000,6.925000,9.069000,1291.000000,-3277.000000,98.000000,519.000000,312.000000,752.000000
218,1743685245149156,20.930401,-16.524401,17.021000,20.930401,16.323299,29.296600,8.504000,-7.308000,7.485000,8.594000,7.150000,9.541000,745.000000,-2678.000000,-113.000000,218.000000,388.000000,482.000000
220,1743685245154658,21.254000,-16.754900,17.261000,21.254000,16.549999,29.944599,8.701000,-7.461000,7.635000,8.779000,7.374000,9.946000,304.000000,-2827.000000,-441.000000,212.000000,149.000000,357.000000
223,1743685245160192,21.739401,-17.100599,17.620899,21.739401,16.889999,30.925400,9.006000,-7.675000,7.849000,9.083000,7.553000,10.338000,169.000000,-2812.000000,-537.000000,57.000000,213.000000,354.000000
225,1743685245165720,22.063000,-17.330999,17.860901,22.063000,17.116600,31.584900,9.006000,-7.675000,7.849000,9.083000,7.553000,10.338000,169.000000,-2812.000000,-537.000000,57.000000,213.000000,354.000000
227,1743685245170189,22.386600,-17.561501,18.100901,22.386600,17.343300,32.248699,9.472000,-8.013000,8.167000,9.532000,7.914000,10.980000,407.000000,-2920.000000,-117.000000,213.000000,297.000000,752.000000
230,1743685245175710,22.872000,-17.907101,18.460800,22.872000,17.683201,33.252201,9.735000,-8.208000,8.384000,9.806000,8.046000,11.217000,1482.000000,-3436.000000,298.000000,548.000000,487.000000,1248.000000
232,1743685245180193,23.195601,-18.137600,18.700800,23.195601,17.909901,33.926102,10.027000,-8.443000,8.621000,10.093000,8.294000,11.657000,512.000000,-2828.000000,-193.000000,279.000000,282.000000,424.000000
234,1743685245185723,23.519199,-18.368000,18.940800,23.519199,18.136600,34.603802,10.240000,-8.591000,8.774000,10.295000,8.440000,11.994000,324.000000,-2863.000000,-384.000000,254.000000,-5.000000,296.000000
237,1743685245191302,24.004601,-18.713699,19.300699,24.004601,18.476500,35.626999,10.445000,-8.732000,8.920000,10.487000,8.670000,12.492000,310.000000,-2842.000000,-501.000000,288.000000,168.000000,373.000000
240,1743685245196837,24.490000,-19.059401,19.660700,24.490000,18.816500,36.657700,10.840000,-8.977000,9.187000,10.843000,8.798000,12.766000,405.000000,-2330.000000,-323.000000,187.000000,45.000000,338.000000
242,1743685245201274,24.813601,-19.289801,19.900700,24.813601,19.043200,37.348801,11.111000,-9.181000,9.403000,11.111000,9.000000,13.204000,1103.000000,-3144.000000,142.000000,412.000000,534.000000,1090.000000
244,1743685245206749,25.137199,-19.520300,20.140600,25.137199,19.269800,38.042900,11.296000,-9.330000,9.560000,11.326000,9.146000,13.506000,366.000000,-2636.000000,-180.000000,111.000000,108.000000,404.000000
247,1743685245212250,25.622601,-19.865999,20.500601,25.622601,19.609800,39.089199,11.596000,-9.548000,9.720000,11.512000,9.354000,13.923000,247.000000,-2803.000000,-378.000000,329.000000,246.000000,466.000000
249,1743685245217793,25.946199,-20.096399,20.740601,25.946199,19.836399,39.790001,11.596000,-9.548000,9.720000,11.512000,9.354000,13.923000,247.000000,-2803.000000,-378.000000,329.000000,246.000000,466.000000
251,1743685245222256,26.269699,-20.326900,20.980499,26.269699,20.063101,40.493198,12.104000,-9.860000,10.114000,12.046000,9.732000,14.804000,751.000000,-2747.000000,-93.000000,448.000000,276.000000,938.000000
254,1743685245227843,26.755100,-20.672501,21.340500,26.755100,20.403099,41.552101,12.304000,-10.079000,10.329000,12.329000,9.949000,15.276000,1388.000000,-3351.000000,505.000000,726.000000,488.000000,1122.000000
256,1743685245232354,27.078699,-20.903000,21.580500,27.078699,20.629700,42.260601,12.635000,-10.316000,10.579000,12.641000,10.195000,15.810000,386.000000,-2954.000000,-385.000000,174.000000,161.000000,643.000000
259,1743685245239005,27.564100,-21.248699,21.940399,27.564100,20.969700,43.326698,12.856000,-10.467000,10.714000,12.826000,10.368000,16.143999,367.000000,-2918.000000,-394.000000,414.000000,260.000000,430.000000
261,1743685245243527,27.887699,-21.479099,22.180401,27.887699,21.196301,44.039398,13.142000,-10.667000,10.949000,13.175000,10.507000,16.528000,292.000000,-2905.000000,-363.000000,104.000000,12.000000,286.000000
263,1743685245248040,28.211300,-21.709600,22.420401,28.211300,21.423000,44.753700,13.448000,-10.891000,11.178000,13.491000,10.724000,17.034000,740.000000,-2970.000000,-42.000000,470.000000,409.000000,1028.000000
266,1743685245253534,28.696699,-22.055201,22.780300,28.696699,21.763000,45.827301,13.745000,-11.045000,11.339000,13.698000,10.938000,17.510000,1189.000000,-3629.000000,215.000000,542.000000,290.000000,957.000000
268,1743685245257930,29.020300,-22.285700,23.020300,29.020300,21.989599,46.544399,13.962000,-11.278000,11.592000,14.036000,11.082000,17.907000,408.000000,-3052.000000,-258.000000,89.000000,146.000000,460.000000
271,1743685245264505,29.505699,-22.631399,23.380301,29.505699,22.329599,47.621700,14.213000,-11.424000,11.752000,14.223000,11.295000,18.431999,313.000000,-2992.000000,-460.000000,306.000000,130.000000,554.000000
273,1743685245268934,29.829300,-22.861799,23.620300,29.829300,22.556299,48.340698,14.588000,-11.679000,12.028000,14.570000,11.450000,18.896000,107.000000,-2757.000000,-218.000000,260.000000,177.000000,361.000000
275,1743685245274526,30.152901,-23.092300,23.860201,30.152901,22.782900,49.060200,14.734000,-11.799000,12.146000,14.729000,11.648000,19.473000,721.000000,-2866.000000,69.000000,553.000000,511.000000,1047.000000
277,1743685245279026,30.476500,-23.322701,24.100201,30.476500,23.009600,49.779999,15.093000,-12.104000,12.435000,15.126000,11.841000,19.982000,1086.000000,-3455.000000,643.000000,646.000000,302.000000,1000.000000
280,1743685245284591,30.961901,-23.668400,24.460199,30.961901,23.349501,50.860001,15.301000,-12.269000,12.589000,15.365000,11.990000,20.400000,580.000000,-2973.000000,-242.000000,115.000000,80.000000,532.000000
283,1743685245291288,31.447300,-24.014099,24.820101,31.447300,23.689501,51.939999,15.634000,-12.507000,12.844000,15.696000,12.245000,20.972000,230.000000,-2755.000000,-399.000000,293.000000,226.000000,440.000000
285,1743685245295770,31.770901,-24.244499,25.060101,31.770901,23.916201,52.660000,15.853000,-12.665000,13.005000,15.912000,12.506000,21.546000,398.000000,-2609.000000,-184.000000,204.000000,85.000000,532.000000
287,1743685245300159,32.094501,-24.475000,25.300100,32.094501,24.142799,53.380001,16.237000,-12.952000,13.293000,16.316999,12.698000,22.021999,502.000000,-2785.000000,-38.000000,399.000000,197.000000,970.000000
290,1743685245305632,32.579899,-24.820601,25.660000,32.579899,24.482800,54.459999,16.458000,-13.108000,13.461000,16.514999,12.919000,22.674999,795.000000,-3059.000000,117.000000,472.000000,69.000000,555.000000
292,1743685245310011,32.903400,-25.051100,25.900000,32.903400,24.709400,55.180000,16.781000,-13.336000,13.694000,16.791000,13.147000,23.308001,308.000000,-2588.000000,-303.000000,331.000000,277.000000,393.000000
295,1743685245317640,33.388802,-25.396799,26.260000,33.388802,25.049400,56.259998,17.072001,-13.547000,13.936000,17.093000,13.287000,23.724001,345.000000,-2374.000000,-156.000000,322.000000,71.000000,571.000000
297,1743685245320969,33.712399,-25.627199,26.499901,33.712399,25.276100,56.980000,17.275999,-13.702000,14.096000,17.298000,13.493000,24.253000,306.000000,-2451.000000,-284.000000,345.000000,267.000000,502.000000
299,1743685245326458,34.035999,-25.857599,26.739901,34.035999,25.502701,57.700001,17.542000,-13.899000,14.296000,17.579000,13.671000,24.790001,754.000000,-2993.000000,207.000000,599.000000,455.000000,1288.000000
302,1743685245331928,34.521400,-26.203300,27.099899,34.521400,25.842699,58.779999,17.917000,-14.128000,14.533000,17.924000,13.915000,25.459000,1064.000000,-3303.000000,3.000000,449.000000,285.000000,594.000000
304,1743685245336343,34.845001,-26.433800,27.339800,34.845001,26.069401,59.500000,18.285000,-14.352000,14.771000,18.264000,14.057000,25.912001,299.000000,-2826.000000,-276.000000,231.000000,139.000000,524.000000
307,1743685245342990,35.330399,-26.779400,27.699800,35.330399,26.409300,60.580002,18.598000,-14.592000,14.992000,18.569000,14.291000,26.538000,164.000000,-2918.000000,-448.000000,174.000000,167.000000,523.000000
309,1743685245347479,35.653999,-27.009899,27.939800,35.653999,26.636000,61.299999,18.598000,-14.592000,14.992000,18.569000,14.291000,26.538000,164.000000,-2918.000000,-448.000000,174.000000,167.000000,523.000000
311,1743685245351944,35.977600,-27.240299,28.179800,35.977600,26.862600,62.020000,19.052999,-14.924000,15.356000,19.027000,14.738000,27.730000,901.000000,-3365.000000,-35.000000,421.000000,397.000000,1274.000000
313,1743685245357543,36.301201,-27.470800,28.419701,36.301201,27.089300,62.740002,19.386000,-15.161000,15.610000,19.370001,14.898000,28.120001,960.000000,-2967.000000,89.000000,410.000000,376.000000,870.000000
316,1743685245362006,36.786598,-27.816500,28.779699,36.786598,27.429300,63.820000,19.743000,-15.412000,15.882000,19.698000,15.152000,28.799000,398.000000,-2530.000000,-363.000000,421.000000,292.000000,560.000000
319,1743685245369689,37.271999,-28.162100,29.139601,37.271999,27.769199,64.900002,19.940001,-15.585000,16.052000,19.917999,15.360000,29.479000,183.000000,-2448.000000,-284.000000,173.000000,206.000000,574.000000
321,1743685245374095,37.595600,-28.392599,29.379601,37.595600,27.995899,65.620003,20.194000,-15.787000,16.233000,20.143999,15.520000,30.049999,619.000000,-2647.000000,-50.000000,483.000000,465.000000,981.000000
324,1743685245379539,38.081001,-28.738300,29.739599,38.081001,28.335899,66.699997,20.466999,-15.994000,16.455999,20.444000,15.703000,30.639999,1284.000000,-3444.000000,371.000000,473.000000,271.000000,848.000000
326,1743685245383937,38.404598,-28.968700,29.979601,38.404598,28.562500,67.419998,20.823999,-16.264999,16.766001,20.868999,15.913000,31.180000,701.000000,-2476.000000,-211.000000,393.000000,375.000000,756.000000
328,1743685245389426,38.728199,-29.199200,30.219500,38.728199,28.789200,68.139999,21.051001,-16.434000,16.924999,21.091000,16.077999,31.666000,241.000000,-2864.000000,-87.000000,305.000000,85.000000,378.000000
331,1743685245394897,39.213600,-29.544800,30.579500,39.213600,29.129200,69.220001,21.430000,-16.686001,17.171000,21.420000,16.299000,32.396999,251.000000,-2860.000000,-389.000000,473.000000,129.000000,424.000000
333,1743685245399364,39.537102,-29.775299,30.819500,39.537102,29.355801,69.940002,21.666000,-16.848000,17.341999,21.641001,16.556999,33.067001,138.000000,-2761.000000,-438.000000,327.000000,280.000000,531.000000
335,1743685245404877,39.860699,-30.005699,31.059401,39.860699,29.582500,70.660004,21.938999,-17.042999,17.554001,21.927999,16.763000,33.681000,812.000000,-3107.000000,573.000000,760.000000,490.000000,1277.000000
337,1743685245409329,40.184299,-30.236200,31.299400,40.184299,29.809099,71.379997,22.208000,-17.247000,17.773001,22.245001,16.986000,34.291000,1127.000000,-3131.000000,509.000000,488.000000,296.000000,757.000000
340,1743685245414841,40.669701,-30.581900,31.659401,40.669701,30.149099,72.459999,22.552999,-17.513000,18.049999,22.608999,17.266001,35.018002,364.000000,-2670.000000,-254.000000,313.000000,260.000000,602.000000
343,1743685245421473,41.155102,-30.927500,32.019299,41.155102,30.489100,73.540001,22.874001,-17.743999,18.284000,22.884001,17.429001,35.487000,191.000000,-2629.000000,-386.000000,373.000000,86.000000,521.000000
345,1743685245427075,41.478699,-31.158001,32.259300,41.478699,30.715700,74.260002,23.128000,-17.903999,18.452999,23.129000,17.690001,36.148998,349.000000,-2546.000000,-198.000000,250.000000,353.000000,414.000000
348,1743685245431550,41.964100,-31.503700,32.619301,41.964100,31.055700,75.339996,23.545000,-18.198000,18.757000,23.524000,17.854000,36.786999,1195.000000,-3412.000000,603.000000,628.000000,371.000000,1132.000000
350,1743685245437042,42.287701,-31.734100,32.859200,42.287701,31.282301,76.059998,23.822001,-18.422001,18.893000,23.700001,18.028999,37.401001,1044.000000,-3279.000000,412.000000,580.000000,449.000000,776.000000
352,1743685245441455,42.611301,-31.964600,33.099201,42.611301,31.509001,76.779999,24.063999,-18.597000,19.146000,24.039000,18.278999,38.181999,399.000000,-2969.000000,-325.000000,230.000000,228.000000,566.000000
355,1743685245446935,43.096699,-32.310200,33.459202,43.096699,31.849001,77.860001,24.434000,-18.844999,19.400999,24.437000,18.503000,38.659000,290.000000,-2718.000000,-471.000000,248.000000,228.000000,634.000000
357,1743685245451407,43.420300,-32.540699,33.699100,43.420300,32.075600,78.580002,24.434000,-18.844999,19.400999,24.437000,18.503000,38.659000,290.000000,-2718.000000,-471.000000,248.000000,228.000000,634.000000
359,1743685245457023,43.743900,-32.771099,33.939098,43.743900,32.302299,79.300003,25.049999,-19.274000,19.853001,25.002001,18.837999,39.896000,690.000000,-3045.000000,217.000000,553.000000,351.000000,565.000000
361,1743685245461544,44.067501,-33.001598,34.179100,44.067501,32.528900,80.019997,25.403000,-19.513000,20.101999,25.379000,19.099001,40.660000,1565.000000,-3628.000000,626.000000,808.000000,502.000000,1321.000000
363,1743685245466060,44.391102,-33.231998,34.419102,44.391102,32.755600,80.739998,25.679001,-19.712000,20.304001,25.618000,19.351999,41.459000,1135.000000,-3137.000000,205.000000,280.000000,270.000000,564.000000
367,1743685245472736,45.038300,-33.692902,34.898998,45.038300,33.208900,82.180000,25.996000,-19.962000,20.611000,25.964001,19.698999,42.199001,138.000000,-2544.000000,17.000000,500.000000,322.000000,581.000000
369,1743685245477203,45.361900,-33.923401,35.139000,45.361900,33.435501,82.900002,26.235001,-20.150000,20.809999,26.216999,19.863001,42.757999,400.000000,-2598.000000,-268.000000,322.000000,159.000000,491.000000
371,1743685245482700,45.685501,-34.153801,35.379002,45.685501,33.662201,83.620003,26.608000,-20.410999,21.077999,26.622000,20.072001,43.562000,170.000000,-2636.000000,-327.000000,429.000000,243.000000,463.000000
373,1743685245487182,46.008999,-34.384300,35.618900,46.008999,33.888802,84.339996,26.986000,-20.669001,21.343000,26.997999,20.250000,44.055000,602.000000,-2956.000000,334.000000,499.000000,415.000000,865.000000
376,1743685245492738,46.494400,-34.730000,35.978901,46.494400,34.228802,85.419998,27.340000,-20.944000,21.611000,27.233000,20.510000,44.862000,363.000000,-2532.000000,-99.000000,190.000000,169.000000,569.000000
379,1743685245499441,46.979801,-35.075600,36.338902,46.979801,34.568802,86.500000,27.583000,-21.125000,21.799000,27.622000,20.641001,45.368000,187.000000,-2561.000000,-300.000000,247.000000,192.000000,518.000000
380,1743685245502856,47.141602,-35.190899,36.458801,47.141602,34.682098,86.860001,27.924000,-21.393000,22.041000,27.820999,20.919001,46.134998,247.000000,-2668.000000,-15.000000,241.000000,193.000000,603.000000
383,1743685245508426,47.626999,-35.536499,36.818802,47.626999,35.022099,87.940002,28.232000,-21.604000,22.261999,28.222000,21.125000,46.757000,476.000000,-2782.000000,310.000000,618.000000,365.000000,800.000000
386,1743685245513856,48.112400,-35.882198,37.178799,48.112400,35.362099,89.019997,28.593000,-21.851000,22.546000,28.454000,21.400999,47.473000,1102.000000,-2857.000000,375.000000,626.000000,431.000000,930.000000
388,1743685245518251,48.436001,-36.112701,37.418701,48.436001,35.588699,89.739998,28.848000,-22.039000,22.745001,28.829000,21.627001,48.018002,434.000000,-2603.000000,-176.000000,344.000000,227.000000,616.000000
391,1743685245524755,48.921398,-36.458302,37.778702,48.921398,35.928699,90.820000,29.194000,-22.215000,22.931000,29.061001,21.910000,48.813999,220.000000,-2501.000000,-109.000000,194.000000,135.000000,451.000000
393,1743685245529146,49.244999,-36.688801,38.018700,49.244999,36.155399,91.540001,29.420000,-22.461000,23.195999,29.427999,22.115999,49.596001,158.000000,-2349.000000,-346.000000,293.000000,410.000000,425.000000
395,1743685245534622,49.568600,-36.919201,38.258598,49.568600,36.382000,92.260002,29.704000,-22.684999,23.422001,29.763000,22.332001,50.233002,237.000000,-2458.000000,-71.000000,374.000000,240.000000,779.000000
397,1743685245539054,49.892200,-37.149700,38.498600,49.892200,36.608700,92.980003,30.017000,-22.899000,23.636999,30.028999,22.511000,50.903000,1377.000000,-3250.000000,822.000000,820.000000,682.000000,1083.000000
400,1743685245544662,50.377602,-37.495300,38.858601,50.377602,36.948601,94.059998,30.430000,-23.160000,23.898001,30.427999,22.657000,51.469002,469.000000,-2785.000000,-354.000000,421.000000,126.000000,578.000000
403,1743685245551338,50.862999,-37.841000,39.218498,50.862999,37.288601,95.139999,30.834999,-23.433001,24.181999,30.797001,22.921000,52.257000,175.000000,-2370.000000,-10.000000,277.000000,440.000000,653.000000
405,1743685245555852,51.186600,-38.071499,39.458500,51.186600,37.515301,95.860001,31.139999,-23.665001,24.422001,31.072001,23.152000,52.883999,286.000000,-2854.000000,-154.000000,478.000000,281.000000,477.000000
407,1743685245560390,51.510201,-38.301899,39.698502,51.510201,37.741901,96.580002,31.426001,-23.879999,24.643000,31.374001,23.443001,53.863998,1511.000000,-3480.000000,547.000000,815.000000,514.000000,1093.000000
410,1743685245565894,51.995602,-38.647598,40.058399,51.995602,38.081902,97.660004,31.754999,-24.108999,24.889999,31.705000,23.580000,54.195999,776.000000,-2738.000000,-24.000000,233.000000,318.000000,669.000000
412,1743685245570316,52.319199,-38.877998,40.298401,52.319199,38.308601,98.379997,32.152000,-24.389000,25.191000,31.983999,23.882000,55.095001,185.000000,-2374.000000,-214.000000,431.000000,310.000000,501.000000
415,1743685245576927,52.804501,-39.223701,40.658401,52.804501,38.648499,99.459999,32.415001,-24.576000,25.382000,32.355999,24.197001,55.865002,207.000000,-2296.000000,26.000000,379.000000,332.000000,521.000000
417,1743685245582539,53.128101,-39.454201,40.898300,53.128101,38.875198,100.180000,32.787998,-24.844000,25.667999,32.625999,24.356001,56.387001,79.000000,-2350.000000,-262.000000,374.000000,228.000000,505.000000
419,1743685245587018,53.451698,-39.684601,41.138302,53.451698,39.101799,100.900002,33.007999,-25.020000,25.839001,32.963001,24.597000,57.188999,159.000000,-2527.000000,-125.000000,231.000000,358.000000,751.000000
422,1743685245592605,53.937099,-40.030300,41.498299,53.937099,39.441799,101.980003,33.426998,-25.337999,26.160999,33.286999,24.742001,57.862999,1179.000000,-2960.000000,614.000000,874.000000,609.000000,888.000000
424,1743685245597109,54.260700,-40.260700,41.738300,54.260700,39.668499,102.699997,33.689999,-25.525999,26.326000,33.641998,24.923000,58.429001,499.000000,-2821.000000,-169.000000,199.000000,425.000000,698.000000
427,1743685245602696,54.746101,-40.606400,42.098202,54.746101,40.008400,103.779999,34.048000,-25.768999,26.521999,33.901001,25.240999,59.243000,260.000000,-2627.000000,-8.000000,333.000000,538.000000,603.000000
429,1743685245607157,55.069698,-40.836899,42.338200,55.069698,40.235100,104.500000,34.306999,-25.941000,26.806000,34.304001,25.507000,60.007999,95.000000,-2276.000000,-218.000000,362.000000,160.000000,526.000000
431,1743685245612669,55.393299,-41.067299,42.578201,55.393299,40.461700,105.220001,34.729000,-26.261999,27.035999,34.599998,25.730000,60.692001,692.000000,-2726.000000,-98.000000,416.000000,498.000000,775.000000
433,1743685245617128,55.716900,-41.297798,42.818100,55.716900,40.688400,105.940002,34.967999,-26.452000,27.334999,34.964001,25.974001,61.248001,1195.000000,-2757.000000,774.000000,869.000000,443.000000,1369.000000
436,1743685245622698,56.202301,-41.643398,43.178101,56.202301,41.028400,107.019997,35.365002,-26.728001,27.535000,35.220001,26.173000,62.071999,433.000000,-2126.000000,161.000000,298.000000,364.000000,785.000000
439,1743685245629370,56.687698,-41.989101,43.538101,56.687698,41.368301,108.099998,35.653999,-26.909000,27.836000,35.646000,26.409000,62.919998,45.000000,-2210.000000,-213.000000,520.000000,318.000000,570.000000
441,1743685245633880,57.011299,-42.219601,43.778000,57.011299,41.595001,108.820000,36.063999,-27.184999,28.077999,35.963001,26.754000,63.457001,93.000000,-2369.000000,-165.000000,299.000000,210.000000,443.000000
443,1743685245638412,57.334900,-42.450001,44.018002,57.334900,41.821701,109.540001,36.417999,-27.465000,28.355000,36.362999,26.895000,64.255997,602.000000,-2844.000000,189.000000,799.000000,377.000000,747.000000
445,1743685245642909,57.658501,-42.680500,44.257999,57.658501,42.048302,110.260002,36.785999,-27.622000,28.542999,36.618000,27.077999,65.070000,815.000000,-3411.000000,373.000000,581.000000,485.000000,979.000000
448,1743685245648444,58.143902,-43.026100,44.617901,58.143902,42.388302,111.339996,37.056000,-27.898001,28.841000,37.004002,27.280001,65.637001,484.000000,-2606.000000,254.000000,284.000000,667.000000,697.000000
451,1743685245655028,58.629299,-43.371799,44.977901,58.629299,42.728298,112.419998,37.463001,-28.096001,29.052000,37.243000,27.625999,66.468002,115.000000,-2268.000000,135.000000,457.000000,570.000000,656.000000
453,1743685245659457,58.952900,-43.602299,45.217899,58.952900,42.954899,113.139999,37.724998,-28.365000,29.347000,37.625000,27.858999,67.331001,193.000000,-2087.000000,-303.000000,386.000000,128.000000,600.000000
455,1743685245663941,59.276402,-43.832699,45.457802,59.276402,43.181599,113.860001,38.044998,-28.590000,29.586000,37.942001,28.065001,68.010002,180.000000,-2244.000000,73.000000,276.000000,390.000000,842.000000
457,1743685245669552,59.599998,-44.063202,45.697800,59.599998,43.408199,114.580002,38.395000,-28.855000,29.854000,38.313000,28.270000,68.561996,1404.000000,-2914.000000,805.000000,709.000000,770.000000,1226.000000
459,1743685245674049,59.923599,-44.293598,45.937801,59.923599,43.634899,115.300003,38.646999,-29.052999,30.063999,38.613998,28.549999,69.449997,598.000000,-2522.000000,205.000000,393.000000,197.000000,553.000000
462,1743685245680702,60.409000,-44.639301,46.297798,60.409000,43.974800,116.379997,39.048000,-29.339001,30.341999,38.993000,28.898001,70.211998,122.000000,-2485.000000,-416.000000,417.000000,363.000000,670.000000
465,1743685245685238,60.894402,-44.985001,46.657700,60.894402,44.314800,117.459999,39.456001,-29.617001,30.617001,39.387001,29.063999,70.775002,153.000000,-2297.000000,-193.000000,520.000000,181.000000,516.000000
467,1743685245690767,61.217999,-45.215401,46.897701,61.217999,44.541500,118.180000,39.776001,-29.855000,30.853001,39.692001,29.299000,71.786003,-37.000000,-2433.000000,-168.000000,355.000000,435.000000,752.000000
469,1743685245695228,61.541599,-45.445900,47.137699,61.541599,44.768101,118.900002,40.085999,-30.094000,31.084999,40.019001,29.414000,72.184998,1486.000000,-2866.000000,1088.000000,940.000000,636.000000,1245.000000
472,1743685245700823,62.027000,-45.791500,47.497601,62.027000,45.108101,119.980003,40.445999,-30.389999,31.393000,40.417000,29.712000,73.045998,356.000000,-2217.000000,353.000000,234.000000,594.000000,709.000000
475,1743685245707513,62.512402,-46.137199,47.857601,62.512402,45.448101,121.059998,40.713001,-30.579000,31.607000,40.653999,29.999001,73.955002,274.000000,-1940.000000,176.000000,332.000000,276.000000,408.000000
477,1743685245712023,62.835999,-46.367699,48.097599,62.835999,45.674702,121.779999,41.071999,-30.841000,31.886000,40.922001,30.193001,74.491997,184.000000,-2273.000000,-294.000000,472.000000,379.000000,633.000000
479,1743685245717699,63.159599,-46.598099,48.337502,63.159599,45.901402,122.500000,41.345001,-31.033001,32.077999,41.318001,30.487000,75.318001,244.000000,-2164.000000,-11.000000,452.000000,366.000000,884.000000
482,1743685245722215,63.645000,-46.943802,48.697498,63.645000,46.241402,123.580002,41.818001,-31.344999,32.422001,41.650002,30.687000,75.991997,1037.000000,-2666.000000,626.000000,806.000000,575.000000,943.000000
484,1743685245727693,63.968601,-47.174198,48.937500,63.968601,46.467999,124.300003,42.083000,-31.525999,32.610001,42.032001,30.964001,76.874001,298.000000,-2245.000000,240.000000,249.000000,435.000000,469.000000
487,1743685245733131,64.454002,-47.519901,49.297401,64.454002,46.807999,125.379997,42.492001,-31.816000,32.908001,42.416000,31.159000,77.456001,273.000000,-2288.000000,-158.000000,339.000000,250.000000,521.000000
489,1743685245737497,64.777603,-47.750301,49.537399,64.777603,47.034599,126.099998,42.764999,-32.012001,33.106998,42.675999,31.441999,78.344002,47.000000,-2268.000000,-94.000000,359.000000,431.000000,526.000000
491,1743685245741863,65.101196,-47.980801,49.777401,65.101196,47.261299,126.820000,43.108002,-32.243999,33.348999,43.021999,31.660999,79.031998,791.000000,-2605.000000,604.000000,832.000000,508.000000,1325.000000
493,1743685245747325,65.424797,-48.211201,50.017300,65.424797,47.487900,127.540001,43.591999,-32.592999,33.724998,43.507999,31.898001,79.788002,607.000000,-2766.000000,449.000000,417.000000,679.000000,774.000000
496,1743685245752768,65.910103,-48.556900,50.377300,65.910103,47.827900,128.619995,43.862000,-32.806000,33.939999,43.790001,32.238998,80.683998,128.000000,-2625.000000,-118.000000,347.000000,430.000000,503.000000
499,1743685245759246,66.395500,-48.902599,50.737301,66.395500,48.167900,129.699997,44.263000,-33.089001,34.216999,44.143002,32.400002,81.246002,80.000000,-2203.000000,-380.000000,412.000000,166.000000,505.000000
501,1743685245764716,66.719101,-49.132999,50.977200,66.719101,48.394600,130.419998,44.512001,-33.250000,34.409000,44.415001,32.651001,82.139000,59.000000,-1900.000000,72.000000,482.000000,514.000000,446.000000
503,1743685245769094,67.042702,-49.363499,51.217201,67.042702,48.621201,131.139999,44.980000,-33.584999,34.744999,44.903000,32.925999,82.822998,607.000000,-2342.000000,498.000000,453.000000,530.000000,788.000000
506,1743685245774626,67.528099,-49.709202,51.577202,67.528099,48.961201,132.220001,45.243999,-33.773998,34.939999,45.173000,33.238998,83.691002,1139.000000,-2568.000000,973.000000,635.000000,579.000000,990.000000
508,1743685245779106,67.851700,-49.939602,51.817101,67.851700,49.187801,132.940002,45.638000,-34.061001,35.237999,45.592999,33.395000,84.292999,275.000000,-2200.000000,101.000000,330.000000,265.000000,648.000000
511,1743685245785761,68.337097,-50.285301,52.177101,68.337097,49.527802,134.020004,45.890999,-34.259998,35.448002,45.844002,33.616001,85.197998,147.000000,-1935.000000,-116.000000,390.000000,456.000000,542.000000
513,1743685245790287,68.660698,-50.515701,52.417099,68.660698,49.754501,134.740005,46.292000,-34.569000,35.742001,46.196999,33.909000,86.057999,25.000000,-2365.000000,-2.000000,508.000000,523.000000,450.000000
516,1743685245795923,69.146103,-50.861401,52.777000,69.146103,50.094398,135.820007,47.005001,-35.062000,36.292999,46.956001,34.347000,87.341003,1001.000000,-2424.000000,790.000000,599.000000,574.000000,1240.000000
518,1743685245800368,69.469704,-51.091900,53.016998,69.469704,50.321098,136.539993,47.270000,-35.270000,36.502998,47.227001,34.650002,88.236000,586.000000,-2088.000000,510.000000,199.000000,636.000000,730.000000
520,1743685245805868,69.793297,-51.322300,53.257000,69.793297,50.547699,137.259995,47.270000,-35.270000,36.502998,47.227001,34.650002,88.236000,586.000000,-2088.000000,510.000000,199.000000,636.000000,730.000000
523,1743685245811431,70.278702,-51.667999,53.616901,70.278702,50.887699,138.339996,47.668999,-35.575001,36.813000,47.660000,34.924999,89.123001,68.000000,-1638.000000,51.000000,432.000000,280.000000,539.000000
525,1743685245817094,70.602303,-51.898399,53.856899,70.602303,51.114399,139.059998,48.089001,-35.852001,37.096001,48.042999,35.110001,89.711998,-11.000000,-1704.000000,227.000000,500.000000,387.000000,519.000000
527,1743685245821600,70.925903,-52.128899,54.096901,70.925903,51.341000,139.779999,48.777000,-36.340000,37.576000,48.658001,35.566002,91.158997,808.000000,-3046.000000,628.000000,863.000000,914.000000,1270.000000
529,1743685245826096,71.249496,-52.359299,54.336899,71.249496,51.567699,140.500000,48.777000,-36.340000,37.576000,48.658001,35.566002,91.158997,808.000000,-3046.000000,628.000000,863.000000,914.000000,1270.000000
532,1743685245831685,71.734901,-52.705002,54.696800,71.734901,51.907700,141.580002,49.185001,-36.624001,37.882999,48.917999,35.834000,92.060997,607.000000,-2461.000000,-8.000000,615.000000,362.000000,699.000000
535,1743685245837222,72.220200,-53.050701,55.056801,72.220200,52.247601,142.660004,49.425999,-36.785999,38.089001,49.372002,36.042000,92.660004,93.000000,-1983.000000,-22.000000,364.000000,577.000000,710.000000
537,1743685245842862,72.543800,-53.281101,55.296799,72.543800,52.474300,143.380005,49.703999,-36.977001,38.294998,49.651001,36.403000,93.703003,95.000000,-2063.000000,124.000000,310.000000,494.000000,567.000000
539,1743685245847373,72.867401,-53.511600,55.536701,72.867401,52.700901,144.100006,50.542000,-37.570000,38.912998,50.505001,36.932999,95.282997,457.000000,-2052.000000,590.000000,352.000000,505.000000,879.000000
541,1743685245851860,73.191002,-53.742001,55.776699,73.191002,52.927601,144.820007,50.824001,-37.779999,39.132999,50.762001,37.153000,95.920998,231.000000,-1965.000000,642.000000,465.000000,649.000000,594.000000
544,1743685245857503,73.676399,-54.087700,56.136700,73.676399,53.267601,145.899994,51.199001,-38.091000,39.442001,51.124001,37.479000,96.818001,-140.000000,-2129.000000,75.000000,355.000000,214.000000,582.000000
547,1743685245863035,74.161797,-54.433399,56.496601,74.161797,53.607498,146.979996,51.616001,-38.389000,39.730000,51.515999,37.651001,97.403999,-14.000000,-2069.000000,-198.000000,480.000000,334.000000,502.000000
549,1743685245867492,74.485397,-54.663799,56.736599,74.485397,53.834202,147.699997,51.616001,-38.389000,39.730000,51.515999,37.651001,97.403999,-14.000000,-2069.000000,-198.000000,480.000000,334.000000,502.000000
551,1743685245871966,74.808998,-54.894299,56.976601,74.808998,54.060799,148.419998,52.069000,-38.692001,39.971001,51.891998,37.909000,98.486000,461.000000,-2274.000000,-172.000000,429.000000,345.000000,796.000000
553,1743685245877581,75.132599,-55.124699,57.216599,75.132599,54.287498,149.139999,52.352001,-38.894001,40.273998,52.304001,38.192001,99.320999,1084.000000,-2680.000000,1124.000000,670.000000,807.000000,833.000000
555,1743685245882093,75.456200,-55.355202,57.456501,75.456200,54.514099,149.860001,52.770000,-39.200001,40.587002,52.737000,38.431000,99.938004,187.000000,-1726.000000,362.000000,406.000000,584.000000,626.000000
558,1743685245888832,75.941597,-55.700901,57.816502,75.941597,54.854099,150.940002,53.174999,-39.493999,40.794998,52.992001,38.708000,100.870003,29.000000,-1526.000000,191.000000,422.000000,330.000000,391.000000
561,1743685245894403,76.427002,-56.046501,58.176399,76.427002,55.194099,152.020004,53.455002,-39.689999,41.102001,53.360001,38.983002,101.741997,-111.000000,-1526.000000,273.000000,490.000000,489.000000,485.000000
564,1743685245899927,76.912399,-56.392200,58.536400,76.912399,55.534100,153.100006,53.800999,-39.946999,41.355000,53.714001,39.237000,102.489998,36.000000,-1817.000000,195.000000,508.000000,588.000000,956.000000
566,1743685245904311,77.236000,-56.622700,58.776402,77.236000,55.760700,153.820007,54.229000,-40.230000,41.618999,54.129002,39.493999,103.109001,850.000000,-2468.000000,931.000000,740.000000,541.000000,1289.000000
568,1743685245909746,77.559601,-56.853100,59.016399,77.559601,55.987400,154.539993,54.636002,-40.525002,41.924999,54.550999,39.715000,103.999001,95.000000,-1855.000000,238.000000,249.000000,470.000000,636.000000
571,1743685245915188,78.044998,-57.198799,59.376301,78.044998,56.327400,155.619995,54.875999,-40.702999,42.151001,54.823002,39.993999,104.956001,-92.000000,-1941.000000,291.000000,413.000000,406.000000,525.000000
573,1743685245919567,78.368599,-57.429199,59.616299,78.368599,56.554001,156.339996,55.305000,-40.995998,42.452000,55.224998,40.179001,105.500000,-47.000000,-1654.000000,-32.000000,502.000000,298.000000,434.000000
575,1743685245923926,78.692200,-57.659698,59.856300,78.692200,56.780701,157.059998,55.583000,-41.191002,42.646999,55.491001,40.465000,106.347000,44.000000,-1749.000000,39.000000,271.000000,745.000000,722.000000
577,1743685245929434,79.015701,-57.890099,60.096199,79.015701,57.007301,157.779999,56.092999,-41.546001,43.034000,55.972000,40.709000,107.134003,1593.000000,-2804.000000,1467.000000,1025.000000,825.000000,1463.000000
579,1743685245933793,79.339302,-58.120602,60.336201,79.339302,57.234001,158.500000,56.384998,-41.764999,43.261002,56.310001,40.889000,107.799004,1449.000000,-2788.000000,722.000000,569.000000,991.000000,1365.000000
582,1743685245940328,79.824699,-58.466202,60.696201,79.824699,57.573898,159.580002,56.833000,-42.077000,43.570999,56.715000,41.206001,108.725998,130.000000,-1976.000000,172.000000,359.000000,418.000000,737.000000
585,1743685245945811,80.310097,-58.811901,61.056099,80.310097,57.913898,160.660004,57.089001,-42.256001,43.784000,56.990002,41.514999,109.736000,-120.000000,-1773.000000,-82.000000,438.000000,380.000000,583.000000
587,1743685245950209,80.633698,-59.042400,61.296101,80.633698,58.140598,161.380005,57.525002,-42.550999,44.097000,57.407001,41.824001,110.678001,-12.000000,-1691.000000,240.000000,519.000000,465.000000,578.000000
590,1743685245955632,81.119102,-59.388000,61.656101,81.119102,58.480598,162.460007,57.896000,-42.807999,44.368999,57.787998,41.971001,111.074997,-183.000000,-1665.000000,208.000000,337.000000,350.000000,390.000000
592,1743685245959982,81.442703,-59.618500,61.896000,81.442703,58.707199,163.179993,58.297001,-43.125000,44.680000,58.066002,42.278000,112.018997,-104.000000,-1589.000000,459.000000,410.000000,561.000000,587.000000
595,1743685245967651,81.928101,-59.964199,62.256001,81.928101,59.047199,164.259995,58.564999,-43.335999,44.891998,58.470001,42.557999,112.911003,-135.000000,-1422.000000,460.000000,313.000000,467.000000,445.000000
597,1743685245970987,82.251701,-60.194599,62.495998,82.251701,59.273800,164.979996,58.971001,-43.650002,45.199001,58.896999,42.846001,113.841003,-163.000000,-1741.000000,203.000000,617.000000,699.000000,499.000000
599,1743685245976445,82.575302,-60.425098,62.735901,82.575302,59.500500,165.699997,59.308998,-43.894001,45.438999,59.247002,43.004002,114.290001,604.000000,-1844.000000,839.000000,727.000000,556.000000,904.000000
601,1743685245980815,82.898903,-60.655499,62.975899,82.898903,59.727100,166.419998,59.689999,-44.161999,45.639999,59.512001,43.278999,115.203003,1118.000000,-2266.000000,1335.000000,789.000000,785.000000,1150.000000
604,1743685245986290,83.384300,-61.001202,63.335899,83.384300,60.067101,167.500000,59.973000,-44.368999,45.938000,59.919998,43.604000,116.112999,997.000000,-1909.000000,984.000000,492.000000,782.000000,823.000000
607,1743685245992958,83.869698,-61.346901,63.695801,83.869698,60.407101,168.580002,60.416000,-44.676998,46.262001,60.194000,43.812000,116.754997,87.000000,-1446.000000,338.000000,359.000000,465.000000,674.000000
609,1743685245997458,84.193298,-61.577301,63.935799,84.193298,60.633701,169.300003,60.717999,-44.879002,46.469002,60.661999,44.095001,117.675003,-225.000000,-1570.000000,77.000000,386.000000,390.000000,572.000000
611,1743685246001936,84.516899,-61.807800,64.175797,84.516899,60.860401,170.020004,61.166000,-45.185001,46.799999,61.097000,44.395000,118.646004,-34.000000,-1685.000000,381.000000,372.000000,540.000000,689.000000
613,1743685246007576,84.840500,-62.038200,64.415802,84.840500,61.087002,170.740005,61.523998,-45.442001,47.082001,61.464001,44.515999,119.099998,192.000000,-1966.000000,609.000000,652.000000,772.000000,735.000000
616,1743685246012016,85.325897,-62.383900,64.775703,85.325897,61.426998,171.820007,61.883999,-45.717999,47.258999,61.715000,44.835999,120.031998,50.000000,-1715.000000,144.000000,477.000000,348.000000,555.000000
619,1743685246019678,85.811203,-62.729599,65.135696,85.811203,61.766998,172.899994,62.157001,-45.921001,47.585999,62.108002,45.132999,120.915001,-78.000000,-1749.000000,407.000000,381.000000,561.000000,527.000000
621,1743685246022992,86.134804,-62.959999,65.375702,86.134804,61.993698,173.619995,62.563999,-46.226002,47.896000,62.514999,45.450001,121.824997,-148.000000,-1523.000000,317.000000,558.000000,469.000000,416.000000
623,1743685246028445,86.458397,-63.190498,65.615601,86.458397,62.220299,174.339996,62.922001,-46.473999,48.143002,62.884998,45.570999,122.293999,632.000000,-1697.000000,940.000000,731.000000,547.000000,977.000000
625,1743685246032829,86.781998,-63.420898,65.855598,86.781998,62.446999,175.059998,63.373001,-46.785999,48.341999,63.169998,45.832001,123.253998,1079.000000,-2299.000000,1126.000000,624.000000,792.000000,1037.000000
628,1743685246038268,87.267403,-63.766602,66.215599,87.267403,62.786900,176.139999,63.671001,-47.008999,48.676998,63.627998,46.157001,124.200996,605.000000,-2075.000000,1170.000000,520.000000,839.000000,674.000000
631,1743685246044762,87.752800,-64.112297,66.575500,87.752800,63.126900,177.220001,64.085999,-47.306999,48.992001,64.022003,46.480999,125.153999,-98.000000,-1590.000000,130.000000,366.000000,370.000000,453.000000
633,1743685246049137,88.076401,-64.342697,66.815498,88.076401,63.353600,177.940002,64.380997,-47.507000,49.206001,64.295998,46.657001,125.699997,-316.000000,-1394.000000,267.000000,467.000000,498.000000,557.000000
635,1743685246054625,88.400002,-64.573196,67.055496,88.400002,63.580200,178.660004,64.897003,-47.701000,49.416000,64.563004,46.915001,126.474998,-221.000000,-1307.000000,357.000000,359.000000,459.000000,465.000000
637,1743685246059158,88.723602,-64.803596,67.295403,88.723602,63.806900,179.380005,65.186996,-48.051998,49.784000,65.086998,47.237000,127.444000,53.000000,-1583.000000,638.000000,533.000000,624.000000,903.000000
640,1743685246064715,89.209000,-65.149300,67.655403,89.209000,64.146797,180.460007,65.593002,-48.355999,50.091999,65.522003,47.535000,128.356995,58.000000,-1225.000000,689.000000,299.000000,310.000000,639.000000
643,1743685246071400,89.694397,-65.495003,68.015404,89.694397,64.486801,181.539993,66.011002,-48.662998,50.418999,65.945999,47.723000,129.001007,-140.000000,-1113.000000,493.000000,418.000000,609.000000,531.000000
645,1743685246074831,90.017998,-65.725403,68.255302,90.017998,64.713501,182.259995,66.431999,-48.970001,50.626999,66.223999,48.021999,129.962006,-23.000000,-1621.000000,339.000000,454.000000,497.000000,544.000000
647,1743685246080372,90.341599,-65.955902,68.495300,90.341599,64.940102,182.979996,66.721001,-49.172001,50.928001,66.598999,48.208000,130.509003,-150.000000,-1386.000000,201.000000,422.000000,502.000000,576.000000
650,1743685246085838,90.827003,-66.301498,68.855301,90.827003,65.280098,184.059998,67.111000,-49.347000,51.101002,66.888000,48.494999,131.386002,972.000000,-1996.000000,1206.000000,953.000000,919.000000,1364.000000
652,1743685246090245,91.150597,-66.531998,69.095200,91.150597,65.506798,184.779999,67.401001,-49.651001,51.431999,67.343002,48.805000,132.352005,192.000000,-1657.000000,747.000000,217.000000,543.000000,614.000000
655,1743685246096769,91.636002,-66.877701,69.455200,91.636002,65.846703,185.860001,67.835999,-49.957001,51.766998,67.617996,49.007999,132.970993,-300.000000,-1035.000000,455.000000,353.000000,619.000000,737.000000
657,1743685246101197,91.959503,-67.108101,69.695198,91.959503,66.073402,186.580002,68.112000,-50.154999,51.979000,68.031998,49.280998,133.923004,-430.000000,-1064.000000,383.000000,405.000000,291.000000,590.000000
659,1743685246106773,92.283096,-67.338600,69.935204,92.283096,66.300003,187.300003,68.527000,-50.456001,52.278999,68.445999,49.465000,134.541000,-277.000000,-1304.000000,487.000000,509.000000,647.000000,510.000000
661,1743685246111248,92.606697,-67.569000,70.175102,92.606697,66.526703,188.020004,69.205002,-50.931999,52.785000,69.086998,49.988998,136.026993,220.000000,-1649.000000,432.000000,229.000000,587.000000,740.000000
664,1743685246116787,93.092102,-67.914703,70.535103,93.092102,66.866699,189.100006,69.205002,-50.931999,52.785000,69.086998,49.988998,136.026993,220.000000,-1649.000000,432.000000,229.000000,587.000000,740.000000
667,1743685246123468,93.577499,-68.260399,70.894997,93.577499,67.206596,190.179993,69.589996,-51.233002,53.101002,69.545998,50.277000,136.960999,-94.000000,-1339.000000,428.000000,460.000000,575.000000,532.000000
669,1743685246127920,93.901100,-68.490799,71.135002,93.901100,67.433296,190.899994,69.889999,-51.429001,53.304001,69.848999,50.587002,137.891998,-92.000000,-1570.000000,137.000000,445.000000,515.000000,532.000000
671,1743685246132393,94.224701,-68.721298,71.375000,94.224701,67.659897,191.619995,70.636002,-51.950001,53.839001,70.558998,51.067001,139.475006,534.000000,-1442.000000,846.000000,523.000000,577.000000,778.000000
674,1743685246137838,94.710098,-69.066902,71.735001,94.710098,67.999901,192.699997,71.073997,-52.266998,54.174999,70.976997,51.372002,140.464996,37.000000,-1262.000000,764.000000,430.000000,493.000000,627.000000
676,1743685246142251,95.033699,-69.297401,71.974899,95.033699,68.226601,193.419998,71.073997,-52.266998,54.174999,70.976997,51.372002,140.464996,37.000000,-1262.000000,764.000000,430.000000,493.000000,627.000000
679,1743685246148826,95.519096,-69.642998,72.334900,95.519096,68.566597,194.500000,71.738998,-52.778000,54.695999,71.661003,51.881001,141.949997,-295.000000,-1194.000000,318.000000,464.000000,680.000000,616.000000
681,1743685246153305,95.842697,-69.873497,72.574898,95.842697,68.793198,195.220001,71.738998,-52.778000,54.695999,71.661003,51.881001,141.949997,-295.000000,-1194.000000,318.000000,464.000000,680.000000,616.000000
683,1743685246158850,96.166298,-70.103897,72.814796,96.166298,69.019897,195.940002,72.600998,-53.369999,55.287998,72.551003,52.366001,143.522003,668.000000,-1751.000000,1469.000000,744.000000,745.000000,1217.000000
685,1743685246163334,96.489899,-70.334396,73.054802,96.489899,69.246498,196.660004,72.887001,-53.574001,55.507000,72.824997,52.602001,144.492004,216.000000,-1369.000000,812.000000,389.000000,536.000000,736.000000
688,1743685246168870,96.975304,-70.680099,73.414803,96.975304,69.586502,197.740005,72.887001,-53.574001,55.507000,72.824997,52.602001,144.492004,216.000000,-1369.000000,812.000000,389.000000,536.000000,736.000000
691,1743685246175426,97.460701,-71.025703,73.774696,97.460701,69.926498,198.820007,73.609001,-54.077999,56.060001,73.515999,53.151001,146.044998,-205.000000,-1116.000000,767.000000,243.000000,635.000000,555.000000
693,1743685246179813,97.784302,-71.256203,74.014702,97.784302,70.153099,199.539993,73.609001,-54.077999,56.060001,73.515999,53.151001,146.044998,-205.000000,-1116.000000,767.000000,243.000000,635.000000,555.000000
695,1743685246184197,98.107903,-71.486603,74.254700,98.107903,70.379799,200.259995,74.317001,-54.575001,56.570999,74.204002,53.698002,147.718002,817.000000,-1838.000000,1134.000000,1010.000000,839.000000,1260.000000
698,1743685246189669,98.593201,-71.832298,74.614601,98.593201,70.719704,201.339996,74.799004,-54.909000,56.935001,74.579002,53.911999,148.341003,887.000000,-1896.000000,1322.000000,479.000000,786.000000,1137.000000
700,1743685246194162,98.916801,-72.062798,74.854599,98.916801,70.946404,202.059998,75.094002,-55.130001,57.167999,75.032997,54.238998,149.380997,-29.000000,-1442.000000,749.000000,391.000000,443.000000,675.000000
703,1743685246200710,99.402199,-72.408401,75.214600,99.402199,71.286400,203.139999,75.554001,-55.445000,57.491001,75.436996,54.556000,150.356995,-220.000000,-1080.000000,530.000000,476.000000,414.000000,476.000000
705,1743685246205272,99.725800,-72.638901,75.454498,99.725800,71.513000,203.860001,75.554001,-55.445000,57.491001,75.436996,54.556000,150.356995,-220.000000,-1080.000000,530.000000,476.000000,414.000000,476.000000
708,1743685246210891,100.210999,-72.984596,75.814499,100.210999,71.852997,204.940002,76.445000,-56.090000,58.127998,76.334000,55.007000,151.938004,228.000000,-1860.000000,1053.000000,401.000000,687.000000,1137.000000
710,1743685246215338,100.535004,-73.214996,76.054497,100.535004,72.079697,205.660004,76.723999,-56.306999,58.328999,76.577003,55.214001,152.595001,166.000000,-1473.000000,727.000000,294.000000,661.000000,731.000000
712,1743685246220848,100.858002,-73.445503,76.294403,100.858002,72.306297,206.380005,77.133003,-56.612999,58.577000,76.870003,55.530998,153.524994,-233.000000,-888.000000,653.000000,365.000000,516.000000,568.000000
715,1743685246227433,101.344002,-73.791100,76.654404,101.344002,72.646301,207.460007,77.386002,-56.789001,58.874001,77.303001,55.821999,154.481995,-273.000000,-1066.000000,543.000000,368.000000,499.000000,555.000000
717,1743685246231851,101.667000,-74.021599,76.894402,101.667000,72.872902,208.179993,77.386002,-56.789001,58.874001,77.303001,55.821999,154.481995,-273.000000,-1066.000000,543.000000,368.000000,499.000000,555.000000
719,1743685246236318,101.990997,-74.251999,77.134399,101.990997,73.099602,208.899994,78.149002,-57.359001,59.407001,78.081001,56.289001,155.819000,673.000000,-1439.000000,1527.000000,776.000000,828.000000,1193.000000
722,1743685246241866,102.475998,-74.597702,77.494301,102.475998,73.439598,209.979996,78.505997,-57.615002,59.665001,78.483002,56.534000,156.643005,486.000000,-1229.000000,1269.000000,296.000000,611.000000,872.000000
724,1743685246246359,102.800003,-74.828201,77.734299,102.800003,73.666199,210.699997,78.948997,-57.921001,59.981998,78.912003,56.837002,157.585999,-290.000000,-832.000000,694.000000,220.000000,636.000000,556.000000
726,1743685246251903,103.124001,-75.058601,77.974297,103.124001,73.892899,211.419998,79.237999,-58.126999,60.228001,79.207001,57.037998,158.259995,-365.000000,-1101.000000,842.000000,314.000000,494.000000,671.000000
728,1743685246256392,103.446999,-75.289101,78.214203,103.446999,74.119499,212.139999,79.652000,-58.443001,60.573002,79.482002,57.312000,159.214996,-72.000000,-881.000000,564.000000,420.000000,460.000000,418.000000
731,1743685246260811,103.932999,-75.634697,78.574203,103.932999,74.459503,213.220001,79.924004,-58.639000,60.783001,79.875999,57.646000,160.123993,187.000000,-1135.000000,941.000000,757.000000,664.000000,1217.000000
733,1743685246266422,104.255997,-75.865196,78.814201,104.255997,74.686096,213.940002,79.924004,-58.639000,60.783001,79.875999,57.646000,160.123993,187.000000,-1135.000000,941.000000,757.000000,664.000000,1217.000000
736,1743685246271908,104.741997,-76.210899,79.174103,104.741997,75.026100,215.020004,80.709000,-59.158001,61.356998,80.663002,58.068001,161.636002,-144.000000,-958.000000,577.000000,290.000000,800.000000,512.000000
738,1743685246277494,105.065002,-76.441299,79.414101,105.065002,75.252800,215.740005,80.709000,-59.158001,61.356998,80.663002,58.068001,161.636002,-144.000000,-958.000000,577.000000,290.000000,800.000000,512.000000
740,1743685246281965,105.389000,-76.671799,79.654099,105.389000,75.479401,216.460007,81.445000,-59.675999,61.883999,81.380997,58.728001,163.406998,-282.000000,-1313.000000,477.000000,321.000000,448.000000,552.000000
743,1743685246287551,105.874001,-77.017403,80.014000,105.874001,75.819397,217.539993,81.883003,-59.973999,62.185001,81.790001,58.999001,164.378006,557.000000,-1749.000000,1449.000000,874.000000,803.000000,1374.000000
745,1743685246292041,106.197998,-77.247902,80.253998,106.197998,76.046097,218.259995,81.883003,-59.973999,62.185001,81.790001,58.999001,164.378006,557.000000,-1749.000000,1449.000000,874.000000,803.000000,1374.000000
748,1743685246297650,106.682999,-77.593597,80.613998,106.682999,76.386002,219.339996,82.319000,-60.287998,62.494999,82.223000,59.171001,165.042999,196.000000,-1468.000000,909.000000,295.000000,820.000000,722.000000
750,1743685246302052,107.007004,-77.823997,80.853897,107.007004,76.612701,220.059998,82.761002,-60.613998,62.714001,82.512001,59.480999,166.029007,-249.000000,-1005.000000,866.000000,216.000000,766.000000,551.000000
752,1743685246307531,107.330002,-78.054497,81.093903,107.330002,76.839302,220.779999,83.431000,-61.091999,63.311001,83.348999,59.951000,167.468002,-286.000000,-840.000000,687.000000,194.000000,461.000000,600.000000
754,1743685246311930,107.653999,-78.284897,81.333900,107.653999,77.066002,221.500000,83.431000,-61.091999,63.311001,83.348999,59.951000,167.468002,-286.000000,-840.000000,687.000000,194.000000,461.000000,600.000000
757,1743685246317381,108.139000,-78.630600,81.693901,108.139000,77.405998,222.580002,83.806999,-61.372002,63.602001,83.769997,60.202999,168.298996,802.000000,-1486.000000,1378.000000,769.000000,840.000000,1184.000000
760,1743685246323889,108.625000,-78.976303,82.053802,108.625000,77.745903,223.660004,84.164001,-61.521999,63.757000,83.987000,60.500999,169.177994,42.000000,-1044.000000,871.000000,372.000000,565.000000,801.000000
762,1743685246328276,108.947998,-79.206703,82.293800,108.947998,77.972603,224.380005,84.457001,-61.827999,64.066002,84.413002,60.820999,170.130997,-146.000000,-997.000000,928.000000,395.000000,700.000000,621.000000
764,1743685246333807,109.272003,-79.437202,82.533798,109.272003,78.199203,225.100006,84.894997,-62.145000,64.401001,84.857002,61.101002,171.091003,-328.000000,-930.000000,715.000000,438.000000,403.000000,536.000000
766,1743685246338289,109.595001,-79.667603,82.773697,109.595001,78.425903,225.820007,85.177002,-62.351002,64.626999,85.155998,61.347000,171.914001,-382.000000,-861.000000,799.000000,378.000000,537.000000,514.000000
769,1743685246343870,110.081001,-80.013298,83.133698,110.081001,78.765900,226.899994,85.676003,-62.710999,65.003998,85.626999,61.636002,172.882996,770.000000,-1374.000000,1572.000000,691.000000,897.000000,1188.000000
771,1743685246348353,110.403999,-80.243698,83.373703,110.403999,78.992500,227.619995,86.075996,-63.000999,65.305000,86.042000,61.849998,173.438995,210.000000,-1038.000000,832.000000,311.000000,670.000000,857.000000
774,1743685246353919,110.889999,-80.589401,83.733597,110.889999,79.332497,228.699997,86.557999,-63.319000,65.628998,86.345001,62.173000,174.432007,-358.000000,-1124.000000,712.000000,332.000000,723.000000,645.000000
776,1743685246358372,111.212997,-80.819801,83.973602,111.212997,79.559196,229.419998,86.856003,-63.530998,65.848000,86.795998,62.529999,175.391998,-502.000000,-799.000000,733.000000,266.000000,423.000000,618.000000
778,1743685246363819,111.537003,-81.050301,84.213600,111.537003,79.785797,230.139999,87.211998,-63.793999,66.125000,87.126999,62.669998,175.891006,-130.000000,-1181.000000,1178.000000,509.000000,464.000000,559.000000
781,1743685246369250,112.022003,-81.396004,84.573502,112.022003,80.125801,231.220001,87.566002,-64.047997,66.407997,87.514000,62.974998,177.039993,674.000000,-1457.000000,1408.000000,463.000000,825.000000,861.000000
783,1743685246374697,112.346001,-81.626404,84.813499,112.346001,80.352402,231.940002,88.023003,-64.349998,66.724998,87.948997,63.284000,177.694000,-26.000000,-799.000000,721.000000,246.000000,577.000000,678.000000
785,1743685246379080,112.669998,-81.856903,85.053497,112.669998,80.579102,232.660004,88.457001,-64.649002,67.022003,88.383003,63.484001,178.697998,-333.000000,-989.000000,851.000000,367.000000,539.000000,510.000000
788,1743685246384511,113.154999,-82.202499,85.413399,113.154999,80.919098,233.740005,88.754997,-64.860001,67.228996,88.674004,63.768002,179.324005,-314.000000,-1046.000000,853.000000,196.000000,419.000000,469.000000
790,1743685246389942,113.478996,-82.432999,85.653397,113.478996,81.145699,234.460007,89.183998,-65.164001,67.550003,89.081001,63.972000,180.227005,436.000000,-1147.000000,1445.000000,666.000000,639.000000,990.000000
792,1743685246394366,113.802002,-82.663399,85.893402,113.802002,81.372398,235.179993,89.608002,-65.367996,67.780998,89.408997,64.289001,181.214996,241.000000,-1343.000000,1241.000000,659.000000,670.000000,696.000000
795,1743685246399800,114.288002,-83.009102,86.253403,114.288002,81.712303,236.259995,89.908997,-65.683998,68.119003,89.850998,64.594002,182.184006,-216.000000,-927.000000,810.000000,203.000000,661.000000,605.000000
797,1743685246404157,114.611000,-83.239601,86.493301,114.611000,81.939003,236.979996,90.417999,-65.902000,68.329002,90.128998,64.882004,183.024994,-362.000000,-1028.000000,662.000000,284.000000,581.000000,458.000000
799,1743685246409787,114.934998,-83.470001,86.733299,114.934998,82.165703,237.699997,90.671997,-66.253998,68.667999,90.622002,65.192001,184.018005,338.000000,-1183.000000,1821.000000,619.000000,655.000000,1222.000000
801,1743685246414301,115.258003,-83.700500,86.973297,115.258003,82.392303,238.419998,91.021004,-66.512001,68.931000,91.019997,65.457001,184.492996,263.000000,-1308.000000,1214.000000,197.000000,797.000000,748.000000
804,1743685246421069,115.744003,-84.046097,87.453201,115.905998,82.845596,239.860001,91.472000,-66.829002,69.269997,91.442001,65.654999,185.466995,478.000000,-1221.000000,1703.000000,200.000000,774.000000,1127.000000
807,1743685246425561,116.228996,-84.391800,87.693199,116.228996,83.072304,240.580002,91.959000,-67.163002,69.522003,91.760002,65.957001,186.470001,-258.000000,-936.000000,1198.000000,295.000000,593.000000,603.000000
809,1743685246429943,116.553001,-84.622299,87.933197,116.553001,83.298897,241.300003,92.348999,-67.438004,69.960999,92.314003,66.158997,187.145004,-262.000000,-809.000000,722.000000,213.000000,653.000000,575.000000
811,1743685246435398,116.875999,-84.852699,88.173103,116.875999,83.525597,242.020004,92.650002,-67.652000,70.193001,92.610001,66.471001,187.955994,-409.000000,-681.000000,617.000000,188.000000,365.000000,695.000000
814,1743685246440839,117.362000,-85.198402,88.533096,117.362000,83.865501,243.100006,93.106003,-67.968002,70.528999,93.060997,66.772003,188.966995,824.000000,-1469.000000,1884.000000,832.000000,714.000000,1475.000000
816,1743685246445240,117.684998,-85.428802,88.773102,117.684998,84.092201,243.820007,93.106003,-67.968002,70.528999,93.060997,66.772003,188.966995,824.000000,-1469.000000,1884.000000,832.000000,714.000000,1475.000000
818,1743685246450813,118.009003,-85.659302,89.013000,118.009003,84.318802,244.539993,93.851997,-68.487000,71.055000,93.816002,67.417999,190.973007,-386.000000,-953.000000,1444.000000,337.000000,785.000000,582.000000
820,1743685246455351,118.333000,-85.889702,89.252998,118.333000,84.545502,245.259995,94.155998,-68.711998,71.281998,94.146004,67.692001,191.822006,-361.000000,-830.000000,977.000000,278.000000,348.000000,494.000000
823,1743685246460921,118.818001,-86.235397,89.612999,118.818001,84.885498,246.339996,94.572998,-69.059998,71.619003,94.558998,67.921997,192.748993,-633.000000,-676.000000,816.000000,250.000000,366.000000,431.000000
825,1743685246466533,119.141998,-86.465897,89.852997,119.141998,85.112099,247.059998,95.009003,-69.379997,71.933998,95.017998,68.099998,193.298004,-369.000000,-664.000000,1031.000000,256.000000,699.000000,660.000000
828,1743685246471042,119.626999,-86.811501,90.212898,119.626999,85.452103,248.139999,95.492996,-69.690002,72.239998,95.338997,68.419998,194.320007,-450.000000,-512.000000,1069.000000,199.000000,670.000000,534.000000
830,1743685246476554,119.950996,-87.042000,90.452904,119.950996,85.678802,248.860001,95.785004,-69.910004,72.456001,95.788002,68.653000,194.962997,-417.000000,-634.000000,1532.000000,169.000000,539.000000,614.000000
832,1743685246480923,120.274002,-87.272400,90.692902,120.274002,85.905403,249.580002,96.196999,-70.124001,72.672997,96.033997,68.960999,195.891006,472.000000,-823.000000,1814.000000,315.000000,441.000000,1240.000000
835,1743685246486413,120.760002,-87.618103,91.052803,120.760002,86.245399,250.660004,96.554001,-70.473000,73.064003,96.560997,69.211998,196.733002,593.000000,-896.000000,1732.000000,183.000000,842.000000,947.000000
838,1743685246492945,121.245003,-87.963799,91.412804,121.245003,86.585403,251.740005,97.007004,-70.768997,73.379997,96.804001,69.522003,197.742004,-270.000000,-652.000000,1225.000000,68.000000,417.000000,517.000000
840,1743685246497341,121.568001,-88.194199,91.652802,121.568001,86.811996,252.460007,97.275002,-70.955002,73.608002,97.262001,69.723999,198.406998,-287.000000,-812.000000,1072.000000,370.000000,743.000000,505.000000
842,1743685246502852,121.891998,-88.424698,91.892700,121.891998,87.038696,253.179993,97.738998,-71.273003,73.920998,97.577003,70.069000,199.300995,300.000000,-1169.000000,1253.000000,345.000000,564.000000,644.000000
844,1743685246507316,122.216003,-88.655098,92.132698,122.216003,87.265297,253.899994,98.112000,-71.543999,74.200996,98.089996,70.313004,200.113007,205.000000,-919.000000,1383.000000,384.000000,506.000000,947.000000
847,1743685246512807,122.700996,-89.000801,92.492699,122.700996,87.605301,254.979996,98.555000,-71.871002,74.571999,98.385002,70.566002,201.143997,-148.000000,-938.000000,1326.000000,407.000000,482.000000,628.000000
849,1743685246517277,123.025002,-89.231300,92.732597,123.025002,87.831902,255.699997,98.555000,-71.871002,74.571999,98.385002,70.566002,201.143997,-148.000000,-938.000000,1326.000000,407.000000,482.000000,628.000000
851,1743685246522885,123.348000,-89.461700,92.972603,123.348000,88.058601,256.420013,99.334000,-72.408997,75.097000,99.112999,71.117996,202.815002,-484.000000,-800.000000,847.000000,286.000000,462.000000,582.000000
853,1743685246527459,123.671997,-89.692200,93.212601,123.671997,88.285202,257.140015,99.698997,-72.675003,75.363998,99.625999,71.412003,203.621002,-502.000000,-796.000000,1017.000000,140.000000,284.000000,518.000000
856,1743685246531910,124.156998,-90.037804,93.572502,124.156998,88.625198,258.220001,100.022003,-72.905998,75.620003,100.008003,71.742996,204.682007,759.000000,-1336.000000,1940.000000,542.000000,570.000000,1116.000000
858,1743685246537400,124.481003,-90.268303,93.812500,124.481003,88.851898,258.940002,100.308998,-73.113998,75.834000,100.313004,71.943001,205.371994,-120.000000,-1042.000000,1216.000000,12.000000,695.000000,606.000000
861,1743685246542883,124.966003,-90.613899,94.172501,124.966003,89.191902,260.019989,100.779999,-73.422997,76.157997,100.753998,72.261002,206.363998,-390.000000,-574.000000,1490.000000,285.000000,603.000000,630.000000
863,1743685246547394,125.290001,-90.844398,94.412498,125.290001,89.418503,260.739990,101.234001,-73.750999,76.485001,101.183998,72.456001,207.011002,-485.000000,-853.000000,1210.000000,164.000000,527.000000,527.000000
865,1743685246552964,125.612999,-91.074799,94.652397,125.612999,89.645203,261.459991,101.234001,-73.750999,76.485001,101.183998,72.456001,207.011002,-485.000000,-853.000000,1210.000000,164.000000,527.000000,527.000000
867,1743685246557447,125.936996,-91.305298,94.892403,125.936996,89.871803,262.179993,101.667000,-74.072998,76.702003,101.467003,72.818001,207.983002,434.000000,-806.000000,1539.000000,448.000000,479.000000,943.000000
870,1743685246563037,126.421997,-91.651001,95.252403,126.421997,90.211800,263.260010,102.269997,-74.519997,77.313004,102.230003,73.331001,209.770004,-230.000000,-536.000000,1153.000000,103.000000,460.000000,658.000000
873,1743685246568653,126.907997,-91.996597,95.612297,126.907997,90.551804,264.339996,102.711998,-74.833000,77.647003,102.674004,73.557999,210.417999,-339.000000,-836.000000,1448.000000,154.000000,716.000000,591.000000
875,1743685246573083,127.231003,-92.227097,95.852303,127.231003,90.778397,265.059998,103.100998,-75.102997,77.917000,103.074997,73.970001,211.576004,-118.000000,-648.000000,906.000000,422.000000,401.000000,566.000000
877,1743685246578625,127.555000,-92.457497,96.092300,127.555000,91.005096,265.779999,103.100998,-75.102997,77.917000,103.074997,73.970001,211.576004,-118.000000,-648.000000,906.000000,422.000000,401.000000,566.000000
880,1743685246584176,128.039993,-92.803200,96.452202,128.039993,91.345001,266.859985,103.455002,-75.371002,78.183998,103.407997,74.171997,212.391006,47.000000,-1044.000000,1475.000000,425.000000,442.000000,1143.000000
882,1743685246588654,128.363998,-93.033699,96.692200,128.363998,91.571701,267.579987,103.885002,-75.586998,78.418999,103.719002,74.351997,213.052994,250.000000,-1399.000000,1980.000000,563.000000,718.000000,955.000000
884,1743685246593134,128.688004,-93.264099,96.932198,128.688004,91.798302,268.299988,104.203003,-75.899002,78.758003,104.153000,74.625999,214.076004,-356.000000,-788.000000,1169.000000,-30.000000,594.000000,668.000000
886,1743685246598743,129.011002,-93.494598,97.172096,129.011002,92.025002,269.019989,104.482002,-76.080002,78.953003,104.459999,74.930000,214.873001,-657.000000,-930.000000,1235.000000,138.000000,590.000000,516.000000
888,1743685246603306,129.335007,-93.724998,97.412102,129.335007,92.251701,269.739990,104.921997,-76.397003,79.295998,104.892998,75.190002,215.639008,-224.000000,-1005.000000,1609.000000,185.000000,563.000000,869.000000
891,1743685246608893,129.820007,-94.070702,97.772102,129.820007,92.591599,270.820007,105.174004,-76.584999,79.459000,105.106003,75.449997,216.462997,-223.000000,-881.000000,1595.000000,303.000000,416.000000,829.000000
894,1743685246614429,130.306000,-94.416397,98.132004,130.306000,92.931602,271.899994,105.738998,-76.985001,79.891998,105.695000,75.749001,217.479004,765.000000,-996.000000,2063.000000,424.000000,494.000000,739.000000
896,1743685246618852,130.628998,-94.646797,98.372002,130.628998,93.158302,272.619995,106.542000,-77.523003,80.432999,106.527000,76.327003,219.160004,-324.000000,-633.000000,1176.000000,264.000000,402.000000,505.000000
898,1743685246624457,130.953003,-94.877296,98.612000,130.953003,93.384903,273.339996,106.920998,-77.811996,80.699997,106.865997,76.592003,219.992004,-443.000000,-750.000000,1312.000000,214.000000,386.000000,519.000000
901,1743685246630006,131.438004,-95.222900,98.972000,131.438004,93.724899,274.420013,106.920998,-77.811996,80.699997,106.865997,76.592003,219.992004,-443.000000,-750.000000,1312.000000,214.000000,386.000000,519.000000
903,1743685246635586,131.761993,-95.453400,99.211899,131.761993,93.951500,275.140015,106.920998,-77.811996,80.699997,106.865997,76.592003,219.992004,-443.000000,-750.000000,1312.000000,214.000000,386.000000,519.000000
905,1743685246640132,132.085007,-95.683800,99.451897,132.085007,94.178200,275.859985,107.722000,-78.372002,81.319000,107.644997,77.112999,221.811996,-18.000000,-822.000000,1383.000000,142.000000,488.000000,587.000000
908,1743685246645705,132.570999,-96.029503,99.811897,132.570999,94.518204,276.940002,108.163002,-78.684998,81.656998,108.094002,77.422997,222.757996,-764.000000,-631.000000,1693.000000,151.000000,542.000000,545.000000
910,1743685246650152,132.893997,-96.260002,100.052002,132.893997,94.744797,277.660004,108.615997,-79.008003,81.995003,108.561996,77.651001,223.419006,-515.000000,-615.000000,1233.000000,80.000000,519.000000,514.000000
913,1743685246655668,133.380005,-96.605598,100.412003,133.380005,95.084801,278.739990,108.973000,-79.264999,82.258003,108.946999,77.938004,224.229996,-149.000000,-943.000000,1538.000000,251.000000,388.000000,645.000000
915,1743685246660158,133.703003,-96.836098,100.652000,133.703003,95.311501,279.459991,109.394997,-79.474998,82.474998,109.235001,78.203003,225.237000,-406.000000,-604.000000,1434.000000,125.000000,511.000000,729.000000
917,1743685246665786,134.026993,-97.066498,100.891998,134.026993,95.538101,280.179993,109.676003,-79.781998,82.794998,109.646004,78.501999,226.201004,-406.000000,-755.000000,1414.000000,179.000000,770.000000,480.000000
919,1743685246670290,134.350998,-97.296997,101.132004,134.350998,95.764801,280.899994,110.063004,-80.068001,83.079002,110.029999,78.823997,226.848007,-400.000000,-730.000000,1322.000000,111.000000,480.000000,432.000000
922,1743685246675820,134.835999,-97.642700,101.491997,134.835999,96.104698,281.980011,110.488998,-80.386002,83.402000,110.478996,79.038002,227.811005,456.000000,-970.000000,2135.000000,616.000000,446.000000,1051.000000
924,1743685246680306,135.158997,-97.873100,101.732002,135.158997,96.331398,282.700012,110.847000,-80.653000,83.695000,110.869003,79.335999,228.548004,597.000000,-832.000000,2076.000000,163.000000,302.000000,843.000000
927,1743685246686902,135.645004,-98.218803,102.092003,135.645004,96.671402,283.779999,111.144997,-80.862999,83.927002,111.158997,79.544998,229.542007,-192.000000,-628.000000,1802.000000,87.000000,435.000000,659.000000
929,1743685246691294,135.968002,-98.449203,102.332001,135.968002,96.898003,284.500000,111.623001,-81.165001,84.254997,111.589996,79.744003,230.186005,-428.000000,-514.000000,1413.000000,135.000000,812.000000,570.000000
932,1743685246696712,136.453995,-98.794899,102.692001,136.453995,97.237999,285.579987,112.089996,-81.482002,84.588997,112.043999,80.040001,231.011993,524.000000,-1101.000000,1919.000000,709.000000,440.000000,1016.000000
934,1743685246701064,136.776993,-99.025398,102.931999,136.776993,97.464600,286.299988,112.420998,-81.720001,84.835999,112.372002,80.382004,232.028000,-32.000000,-803.000000,1186.000000,103.000000,287.000000,765.000000
937,1743685246707588,137.263000,-99.371002,103.291000,137.263000,97.804604,287.380005,112.714996,-81.926003,85.054001,112.669998,80.671997,232.899002,164.000000,-793.000000,1471.000000,293.000000,440.000000,691.000000
939,1743685246712008,137.585999,-99.601501,103.530998,137.585999,98.031303,288.100006,113.167999,-82.242996,85.379997,113.129997,80.973999,233.593994,-389.000000,-485.000000,1422.000000,-48.000000,709.000000,564.000000
941,1743685246717529,137.910004,-99.831902,103.771004,137.910004,98.257896,288.820007,113.612999,-82.558998,85.697998,113.575996,81.179001,234.582001,-498.000000,-594.000000,1626.000000,89.000000,487.000000,473.000000
943,1743685246721946,138.233994,-100.061996,104.011002,138.233994,98.484596,289.540009,114.046997,-82.886002,85.917999,113.843002,81.511002,235.528000,114.000000,-1163.000000,1988.000000,99.000000,544.000000,1086.000000
946,1743685246727542,138.718994,-100.407997,104.371002,138.718994,98.824600,290.619995,114.331001,-83.097000,86.220001,114.237999,81.706001,236.199005,457.000000,-981.000000,2056.000000,328.000000,554.000000,975.000000
948,1743685246732043,139.042999,-100.639000,104.611000,139.042999,99.051201,291.339996,114.587997,-83.287003,86.444000,114.528999,81.963997,237.223007,-124.000000,-695.000000,1578.000000,1.000000,255.000000,498.000000
950,1743685246737633,139.365997,-100.869003,104.850998,139.365997,99.277901,292.059998,115.029999,-83.596001,86.769997,114.987999,82.271004,238.110001,-440.000000,-624.000000,1468.000000,218.000000,768.000000,442.000000
953,1743685246742138,139.852005,-101.214996,105.210999,139.852005,99.617798,293.140015,115.341003,-83.795998,86.967003,115.289001,82.487999,238.751999,-611.000000,-488.000000,1284.000000,145.000000,395.000000,503.000000
955,1743685246747666,140.175003,-101.445000,105.450996,140.175003,99.844498,293.859985,115.800003,-84.103996,87.278000,115.719002,82.830002,239.709000,691.000000,-1098.000000,2512.000000,687.000000,791.000000,1202.000000
958,1743685246753096,140.660995,-101.791000,105.810997,140.660995,100.183998,294.940002,116.197998,-84.439003,87.630997,116.146004,83.087997,240.404007,271.000000,-883.000000,1843.000000,83.000000,384.000000,785.000000
960,1743685246757516,140.983994,-102.021004,106.051003,140.983994,100.411003,295.660004,116.633003,-84.751999,87.953003,116.567001,83.295998,241.376999,-412.000000,-395.000000,1695.000000,268.000000,569.000000,491.000000
962,1743685246761902,141.307999,-102.251999,106.291000,141.307999,100.638000,296.380005,116.901001,-84.927002,88.172997,116.864998,83.593002,242.052002,-315.000000,-630.000000,1515.000000,42.000000,378.000000,369.000000
964,1743685246767361,141.630997,-102.482002,106.530998,141.630997,100.863998,297.100006,117.272003,-85.188004,88.463997,117.250999,83.861000,243.210999,-388.000000,-791.000000,1885.000000,318.000000,556.000000,852.000000
967,1743685246772784,142.117004,-102.828003,106.890999,142.117004,101.204002,298.179993,117.733002,-85.497002,88.788002,117.723999,84.052002,243.867996,482.000000,-1119.000000,1810.000000,287.000000,577.000000,968.000000
969,1743685246777160,142.440002,-103.057999,107.130997,142.440002,101.431000,298.899994,118.181000,-85.830002,89.123001,118.172997,84.393997,244.806000,-121.000000,-556.000000,1758.000000,57.000000,536.000000,639.000000
971,1743685246782624,142.764008,-103.289001,107.371002,142.764008,101.657997,299.619995,118.181000,-85.830002,89.123001,118.172997,84.393997,244.806000,-121.000000,-556.000000,1758.000000,57.000000,536.000000,639.000000
973,1743685246787111,143.087997,-103.518997,107.611000,143.087997,101.884003,300.339996,118.943001,-86.362999,89.664001,118.848000,84.953003,246.429993,-703.000000,-688.000000,1582.000000,127.000000,635.000000,595.000000
976,1743685246792712,143.572998,-103.864998,107.971001,143.572998,102.223999,301.420013,119.321999,-86.620003,89.927002,119.216003,85.181000,247.255997,166.000000,-812.000000,1854.000000,457.000000,489.000000,772.000000
978,1743685246797260,143.897003,-104.095001,108.210999,143.897003,102.450996,302.140015,119.612000,-86.834999,90.151001,119.536003,85.475998,248.233002,-81.000000,-804.000000,1699.000000,172.000000,539.000000,535.000000
980,1743685246802965,144.220001,-104.325996,108.450996,144.220001,102.678001,302.859985,119.961998,-87.096001,90.429001,119.902000,85.671997,249.063995,-11.000000,-895.000000,2281.000000,202.000000,505.000000,816.000000
983,1743685246808595,144.705994,-104.670998,108.810997,144.705994,103.017998,303.940002,120.414001,-87.386002,90.718002,120.307999,85.983002,250.050995,-256.000000,-477.000000,1837.000000,148.000000,548.000000,637.000000
985,1743685246813088,145.029007,-104.902000,109.051003,145.029007,103.244003,304.660004,120.834999,-87.667999,91.039001,120.711998,86.195999,250.684006,-459.000000,-343.000000,2087.000000,139.000000,407.000000,455.000000
988,1743685246818689,145.514999,-105.247002,109.411003,145.514999,103.584000,305.739990,121.275002,-87.978996,91.366997,120.986000,86.481003,251.608002,336.000000,-840.000000,1985.000000,227.000000,445.000000,949.000000
991,1743685246825362,146.000000,-105.593002,109.771004,146.000000,103.924004,306.820007,121.557999,-88.190002,91.574997,121.425003,86.821999,252.565994,893.000000,-1212.000000,1984.000000,562.000000,665.000000,760.000000
993,1743685246829811,146.324005,-105.823997,110.011002,146.324005,104.151001,307.540009,121.557999,-88.190002,91.574997,121.425003,86.821999,252.565994,893.000000,-1212.000000,1984.000000,562.000000,665.000000,760.000000
995,1743685246834344,146.647003,-106.054001,110.250999,146.647003,104.377998,308.260010,122.273003,-88.720001,92.116997,122.199997,87.345001,254.229004,-453.000000,-667.000000,1741.000000,-74.000000,704.000000,519.000000
998,1743685246839946,147.132996,-106.400002,110.611000,147.132996,104.717003,309.339996,122.788002,-89.078003,92.510002,122.603996,87.578003,254.873001,-654.000000,-518.000000,1498.000000,111.000000,437.000000,471.000000
1000,1743685246844415,147.455994,-106.629997,110.850998,147.455994,104.944000,310.059998,123.074997,-89.287003,92.721001,122.982002,87.908997,256.003998,462.000000,-965.000000,2060.000000,426.000000,564.000000,1314.000000
1002,1743685246849960,147.779999,-106.861000,111.091003,147.779999,105.170998,310.779999,123.529999,-89.644997,93.098000,123.328003,88.147003,256.748993,322.000000,-755.000000,2486.000000,235.000000,438.000000,814.000000
1004,1743685246854496,148.102997,-107.091003,111.331001,148.102997,105.397003,311.500000,123.529999,-89.644997,93.098000,123.328003,88.147003,256.748993,322.000000,-755.000000,2486.000000,235.000000,438.000000,814.000000
1006,1743685246858989,148.427002,-107.321999,111.570999,148.427002,105.624001,312.218994,124.279999,-90.152000,93.650002,124.233002,88.780998,258.718994,-381.000000,-501.000000,1658.000000,201.000000,485.000000,525.000000
1009,1743685246864572,148.912003,-107.667000,111.931000,148.912003,105.963997,313.295990,124.667000,-90.408997,93.916000,124.564003,88.945999,259.214996,116.000000,-1121.000000,1699.000000,380.000000,345.000000,779.000000
1011,1743685246870231,149.235992,-107.898003,112.169998,149.235992,106.191002,314.014008,125.028000,-90.671997,94.188004,124.926003,89.272003,260.362000,632.000000,-1378.000000,1907.000000,450.000000,399.000000,707.000000
1014,1743685246875693,149.720993,-108.242996,112.529999,149.720993,106.530998,315.088013,125.028000,-90.671997,94.188004,124.926003,89.272003,260.362000,632.000000,-1378.000000,1907.000000,450.000000,399.000000,707.000000
1016,1743685246880090,150.044998,-108.473999,112.769997,150.044998,106.757004,315.803009,125.780998,-91.224998,94.703003,125.646004,89.788002,261.683990,-529.000000,-458.000000,2063.000000,3.000000,303.000000,524.000000
1019,1743685246885555,150.529999,-108.819000,113.129997,150.529999,107.097000,316.872009,126.208000,-91.521004,95.042000,126.091003,90.003998,262.665009,-679.000000,-468.000000,1935.000000,81.000000,587.000000,564.000000
1021,1743685246889932,150.854004,-109.050003,113.370003,150.854004,107.323997,317.583008,126.656998,-91.801003,95.309998,126.477997,90.213997,263.438995,405.000000,-947.000000,2085.000000,428.000000,328.000000,1156.000000
1024,1743685246897514,151.339005,-109.396004,113.730003,151.339005,107.664001,318.645996,126.944000,-92.042000,95.582001,126.849998,90.560997,264.523987,183.000000,-853.000000,2235.000000,62.000000,370.000000,628.000000
1026,1743685246901936,151.662994,-109.625999,113.970001,151.662994,107.890999,319.351990,126.944000,-92.042000,95.582001,126.849998,90.560997,264.523987,183.000000,-853.000000,2235.000000,62.000000,370.000000,628.000000
1028,1743685246906378,151.985992,-109.856003,114.209999,151.985992,108.116997,320.056000,127.643997,-92.557999,96.119003,127.542999,91.140999,266.167999,-322.000000,-504.000000,1832.000000,134.000000,578.000000,588.000000
1031,1743685246912007,152.472000,-110.202003,114.570000,152.472000,108.457001,321.108002,128.022995,-92.797997,96.383003,127.933998,91.431999,266.950989,-285.000000,-620.000000,2032.000000,238.000000,317.000000,871.000000
1033,1743685246916495,152.794998,-110.432999,114.809998,152.794998,108.683998,321.806000,128.453003,-93.098999,96.719002,128.410004,91.700996,267.937012,726.000000,-1252.000000,2232.000000,318.000000,575.000000,901.000000
1035,1743685246920985,153.119003,-110.663002,115.050003,153.119003,108.911003,322.501007,128.873001,-93.440002,97.049004,128.830994,91.884003,268.627991,-17.000000,-753.000000,1782.000000,73.000000,376.000000,579.000000
1038,1743685246926590,153.604004,-111.009003,115.410004,153.604004,109.250999,323.537994,129.136002,-93.628998,97.264000,129.130005,92.205002,269.660004,-323.000000,-767.000000,1825.000000,82.000000,700.000000,600.000000
1040,1743685246930987,153.927994,-111.238998,115.650002,153.927994,109.476997,324.226013,129.595993,-93.929001,97.581001,129.533997,92.532997,270.191986,-404.000000,-430.000000,1792.000000,55.000000,444.000000,600.000000
1042,1743685246936459,154.251999,-111.470001,115.889999,154.251999,109.704002,324.910004,129.595993,-93.929001,97.581001,129.533997,92.532997,270.191986,-404.000000,-430.000000,1792.000000,55.000000,444.000000,600.000000
1045,1743685246941886,154.737000,-111.815002,116.250000,154.737000,110.043999,325.929993,130.039001,-94.242996,97.918999,129.942001,92.742996,271.273987,238.000000,-1245.000000,2562.000000,620.000000,540.000000,1065.000000
1047,1743685246947362,155.061005,-112.045998,116.489998,155.061005,110.269997,326.605011,130.322998,-94.447998,98.124001,130.253006,93.014000,272.201996,516.000000,-1062.000000,2207.000000,299.000000,398.000000,819.000000
1050,1743685246952820,155.546005,-112.390999,116.849998,155.546005,110.610001,327.610992,131.057999,-94.996002,98.656998,131.020004,93.499001,273.852997,-508.000000,-422.000000,2542.000000,-144.000000,691.000000,413.000000
1052,1743685246957227,155.869995,-112.622002,117.089996,155.869995,110.836998,328.276001,131.595001,-95.348000,99.040001,131.300995,93.792000,274.634003,-326.000000,-660.000000,1789.000000,-59.000000,398.000000,638.000000
1054,1743685246962851,156.192993,-112.851997,117.330002,156.192993,111.064003,328.937012,131.595001,-95.348000,99.040001,131.300995,93.792000,274.634003,-326.000000,-660.000000,1789.000000,-59.000000,398.000000,638.000000
1057,1743685246968430,156.679001,-113.197998,117.690002,156.679001,111.403999,329.920013,132.291000,-95.858002,99.582001,132.182007,94.280998,276.351013,245.000000,-961.000000,1796.000000,129.000000,185.000000,716.000000
1059,1743685246972880,157.001999,-113.428001,117.930000,157.001999,111.629997,330.570007,132.291000,-95.858002,99.582001,132.182007,94.280998,276.351013,245.000000,-961.000000,1796.000000,129.000000,185.000000,716.000000
1061,1743685246977365,157.326004,-113.658997,118.169998,157.326004,111.857002,331.214996,132.570007,-96.070999,99.808998,132.492996,94.579002,277.234985,-115.000000,-762.000000,1805.000000,66.000000,581.000000,637.000000
1064,1743685246982898,157.811005,-114.004997,118.529999,157.811005,112.196999,332.173004,133.024994,-96.366997,100.111000,132.951996,94.894997,278.196991,-379.000000,-548.000000,2190.000000,6.000000,496.000000,432.000000
1066,1743685246987372,158.134995,-114.235001,118.769997,158.134995,112.424004,332.804993,133.339005,-96.580002,100.332001,133.244003,95.114998,278.859985,-691.000000,-344.000000,2246.000000,114.000000,366.000000,522.000000
1068,1743685246992869,158.457993,-114.464996,119.010002,158.457993,112.650002,333.432007,133.800995,-96.880997,100.649002,133.677994,95.383003,279.822998,903.000000,-1309.000000,2606.000000,564.000000,615.000000,1015.000000
1070,1743685246997295,158.781998,-114.695999,119.250000,158.781998,112.876999,334.053009,134.225998,-97.212997,100.986000,134.128006,95.574997,280.496002,-92.000000,-1075.000000,1914.000000,79.000000,438.000000,632.000000
1073,1743685247002809,159.266998,-115.042000,119.610001,159.266998,113.217003,334.973999,134.647003,-97.542999,101.211998,134.417007,95.917000,281.489990,-361.000000,-718.000000,2307.000000,172.000000,526.000000,527.000000
1075,1743685247007331,159.591003,-115.272003,119.849998,159.591003,113.444000,335.580994,135.001999,-97.795998,101.611000,134.910004,96.222000,282.322998,-300.000000,-660.000000,1937.000000,158.000000,556.000000,457.000000
1077,1743685247012870,159.914993,-115.501999,120.089996,159.914993,113.669998,336.181000,135.259003,-97.966003,101.792999,135.190002,96.494003,283.252014,422.000000,-1214.000000,2076.000000,596.000000,328.000000,1314.000000
1080,1743685247018484,160.399994,-115.848000,120.449997,160.399994,114.010002,337.070007,135.697006,-98.274002,102.124001,135.667999,96.686996,283.881989,650.000000,-876.000000,2123.000000,165.000000,505.000000,842.000000
1082,1743685247022961,160.723999,-116.079002,120.690002,160.723999,114.237000,337.654999,136.123993,-98.598999,102.347000,135.949997,96.958000,284.893005,52.000000,-612.000000,2245.000000,-65.000000,396.000000,565.000000
1085,1743685247028470,161.209000,-116.424004,121.050003,161.209000,114.577003,338.519012,136.421005,-98.819000,102.671997,136.347000,97.233002,285.852997,-407.000000,-732.000000,2132.000000,-33.000000,619.000000,475.000000
1087,1743685247033969,161.531998,-116.654999,121.289001,161.531998,114.803001,339.087006,136.735001,-99.031998,102.877998,136.639008,97.455002,286.500000,-279.000000,-560.000000,1625.000000,145.000000,359.000000,560.000000
1090,1743685247039473,162.018005,-117.000000,121.649002,162.018005,115.142998,339.924988,137.266998,-99.359001,103.222000,137.149002,97.731003,287.347992,699.000000,-1285.000000,2205.000000,294.000000,591.000000,963.000000
1092,1743685247043888,162.341003,-117.231003,121.889000,162.341003,115.370003,340.475006,137.694000,-99.694000,103.456001,137.466003,98.045998,288.222992,-240.000000,-746.000000,1965.000000,31.000000,282.000000,771.000000
1094,1743685247049486,162.664993,-117.460999,122.128998,162.664993,115.597000,341.016998,137.977997,-99.911003,103.795998,137.904007,98.281998,288.859009,-430.000000,-667.000000,2362.000000,-19.000000,425.000000,654.000000
1096,1743685247053945,162.988998,-117.692001,122.369003,162.988998,115.822998,341.552002,138.425003,-100.217003,103.996002,138.179993,98.622002,289.863007,-331.000000,-307.000000,2614.000000,111.000000,525.000000,504.000000
1099,1743685247059561,163.473999,-118.037003,122.728996,163.473999,116.163002,342.338989,138.733002,-100.416000,104.331001,138.565994,98.926003,290.808990,163.000000,-576.000000,2816.000000,462.000000,369.000000,1088.000000
1101,1743685247064050,163.798004,-118.267998,122.969002,163.798004,116.389999,342.854004,139.184998,-100.712997,104.680000,139.037994,99.172997,291.803009,600.000000,-1235.000000,2420.000000,420.000000,439.000000,649.000000
1104,1743685247069679,164.283005,-118.613998,123.329002,164.283005,116.730003,343.610992,139.475006,-100.922997,104.864998,139.317001,99.369003,292.460999,175.000000,-967.000000,1380.000000,148.000000,609.000000,574.000000
1106,1743685247074136,164.604996,-118.844002,123.569000,164.604996,116.957001,344.105988,139.860992,-101.221001,105.182999,139.789993,99.665001,293.334015,-247.000000,-1328.000000,1886.000000,60.000000,523.000000,476.000000
1108,1743685247079619,164.927994,-119.073997,123.808998,164.927994,117.182999,344.592987,140.199997,-101.489998,105.459999,140.169006,99.941002,294.118988,-180.000000,-960.000000,2115.000000,57.000000,488.000000,530.000000
1111,1743685247085198,165.410004,-119.419998,124.168999,165.410004,117.523003,345.308014,140.658997,-101.792999,105.776001,140.593994,100.306000,294.726013,753.000000,-1129.000000,2806.000000,541.000000,672.000000,1006.000000
1113,1743685247090774,165.729996,-119.651001,124.408997,165.729996,117.750000,345.774994,140.938995,-102.009003,106.007004,140.878998,100.532997,295.697998,535.000000,-631.000000,2574.000000,107.000000,222.000000,581.000000
1115,1743685247095257,166.048996,-119.880997,124.649002,166.048996,117.976997,346.234009,141.350006,-102.366997,106.353996,141.328995,100.765999,296.380005,-262.000000,-671.000000,2458.000000,-63.000000,455.000000,441.000000
1118,1743685247100829,166.524994,-120.226997,125.009003,166.524994,118.317001,346.907013,141.794006,-102.685997,106.670998,141.789001,100.975998,297.290009,-301.000000,-336.000000,2108.000000,23.000000,528.000000,657.000000
1120,1743685247105356,166.839996,-120.457001,125.249001,166.839996,118.542999,347.346008,142.123001,-102.877998,106.893997,142.078995,101.276001,298.226990,-145.000000,-566.000000,2460.000000,128.000000,379.000000,619.000000
1123,1743685247110857,167.309998,-120.803001,125.609001,167.309998,118.883003,347.989014,142.529007,-103.130997,107.149002,142.391998,101.490997,299.049988,766.000000,-1178.000000,2380.000000,609.000000,586.000000,735.000000
1125,1743685247115245,167.621002,-121.032997,125.848999,167.621002,119.110001,348.407990,142.925995,-103.412003,107.461998,142.832993,101.696999,299.605011,129.000000,-1044.000000,1554.000000,166.000000,657.000000,666.000000
1127,1743685247120708,167.929993,-121.264000,126.088997,167.929993,119.336998,348.819000,143.360992,-103.737999,107.778999,143.268005,102.004997,300.489014,-243.000000,-843.000000,2981.000000,120.000000,500.000000,559.000000
1129,1743685247125088,168.235992,-121.494003,126.328003,168.235992,119.563004,349.221985,143.658997,-103.955002,108.016998,143.574005,102.382004,301.415009,-357.000000,-608.000000,2963.000000,94.000000,506.000000,556.000000
1132,1743685247130653,168.692001,-121.838997,126.686996,168.692001,119.903000,349.811005,144.063004,-104.203003,108.309998,143.921997,102.733002,302.313995,-72.000000,-616.000000,2061.000000,218.000000,425.000000,990.000000
1134,1743685247136218,168.992004,-122.069000,126.925003,168.992004,120.128998,350.194000,144.449997,-104.438004,108.568001,144.322998,102.906998,302.923004,844.000000,-1404.000000,2223.000000,319.000000,415.000000,616.000000
1137,1743685247141766,169.436996,-122.413002,127.280998,169.436996,120.467003,350.753998,144.884003,-104.776001,108.871002,144.740005,103.202003,303.829010,-235.000000,-984.000000,1937.000000,-76.000000,681.000000,562.000000
1139,1743685247146234,169.729996,-122.640999,127.516998,169.729996,120.692001,351.117004,145.279999,-105.078003,109.204002,145.151001,103.406998,304.480988,-293.000000,-874.000000,2568.000000,-109.000000,574.000000,585.000000
1142,1743685247151700,170.162994,-122.981003,127.869003,170.162994,121.028000,351.645996,145.598007,-105.265999,109.399002,145.436996,103.720001,305.278015,-166.000000,-437.000000,2034.000000,101.000000,281.000000,534.000000
1144,1743685247156112,170.447998,-123.206001,128.100998,170.447998,121.250000,351.989014,146.082001,-105.577003,109.720001,145.914001,103.946999,305.851013,590.000000,-1097.000000,2694.000000,593.000000,700.000000,761.000000
1147,1743685247162642,170.867996,-123.541000,128.447006,170.867996,121.581001,352.488007,146.531006,-105.873001,110.057999,146.367996,104.200996,306.752991,268.000000,-1010.000000,2187.000000,-62.000000,307.000000,551.000000
1149,1743685247167071,171.143005,-123.763000,128.675003,171.143005,121.800003,352.811005,146.820999,-106.096001,110.282997,146.658997,104.466003,307.595001,49.000000,-1114.000000,2125.000000,208.000000,644.000000,489.000000
1151,1743685247172693,171.414001,-123.983002,128.901993,171.414001,122.016998,353.126007,147.233002,-106.438004,110.637001,146.940002,104.709000,308.160004,-207.000000,-906.000000,2463.000000,124.000000,892.000000,586.000000
1153,1743685247177182,171.681000,-124.199997,129.126007,171.681000,122.232002,353.433014,147.589996,-106.683998,110.916000,147.395996,104.986000,308.864990,94.000000,-882.000000,2472.000000,286.000000,100.000000,589.000000
1156,1743685247183818,172.074005,-124.523003,129.457001,172.074005,122.551003,353.877991,147.960999,-106.920998,111.154999,147.738007,105.334000,309.891998,826.000000,-1315.000000,2047.000000,712.000000,520.000000,501.000000
1158,1743685247188318,172.330002,-124.736000,129.675003,172.330002,122.761002,354.165009,148.205002,-107.108002,111.366997,148.074997,105.515999,310.463013,146.000000,-843.000000,2011.000000,150.000000,305.000000,623.000000
1161,1743685247193877,172.705002,-125.049004,129.996994,172.705002,123.071999,354.579987,148.610992,-107.431999,111.693001,148.524002,105.806999,311.226990,-145.000000,-732.000000,2618.000000,-99.000000,562.000000,576.000000
1163,1743685247198238,172.949005,-125.254997,130.207993,172.949005,123.275002,354.846985,149.024994,-107.748001,112.008003,148.970001,106.003998,311.796997,-188.000000,-817.000000,2271.000000,21.000000,369.000000,493.000000
1165,1743685247203697,173.186996,-125.458000,130.416000,173.186996,123.475998,355.105988,149.320007,-107.972000,112.240997,149.238998,106.324997,312.626007,416.000000,-1073.000000,2597.000000,385.000000,625.000000,665.000000
1167,1743685247208105,173.421005,-125.657997,130.619995,173.421005,123.674004,355.356995,149.785995,-108.277000,112.585999,149.636002,106.628998,313.434998,952.000000,-1062.000000,2089.000000,176.000000,449.000000,546.000000
1170,1743685247213652,173.759995,-125.952003,130.919998,173.759995,123.966003,355.717987,150.227997,-108.595001,112.916000,150.136002,106.973000,314.234985,30.000000,-1162.000000,2143.000000,128.000000,663.000000,519.000000
1172,1743685247218085,173.979996,-126.142998,131.115005,173.979996,124.155998,355.949005,150.662994,-108.945000,113.210999,150.559006,107.205002,314.765015,-291.000000,-796.000000,2477.000000,-83.000000,322.000000,530.000000
1175,1743685247223634,174.298004,-126.424004,131.401001,174.298004,124.433998,356.281006,150.979996,-109.157997,113.420998,150.863998,107.406998,315.248993,-276.000000,-603.000000,2700.000000,68.000000,238.000000,403.000000
1178,1743685247230302,174.602005,-126.695999,131.677994,174.602005,124.704002,356.593994,151.417007,-109.422997,113.746002,151.298996,107.713997,315.988007,536.000000,-1053.000000,2780.000000,618.000000,787.000000,453.000000
1180,1743685247234782,174.796997,-126.872002,131.856995,174.796997,124.878998,356.792999,151.710007,-109.624001,113.962997,151.574997,107.884003,316.514008,429.000000,-895.000000,1712.000000,242.000000,229.000000,553.000000
1182,1743685247239259,174.985992,-127.043999,132.031006,174.985992,125.050003,356.984009,152.110992,-109.942001,114.271004,152.001007,108.138000,317.253998,-300.000000,-887.000000,2049.000000,62.000000,474.000000,573.000000
1185,1743685247244848,175.255997,-127.293999,132.285004,175.255997,125.297997,357.256012,152.373993,-110.161003,114.485001,152.291000,108.391998,318.018005,-256.000000,-1219.000000,2848.000000,111.000000,566.000000,429.000000
1187,1743685247249306,175.427994,-127.454002,132.447006,175.427994,125.457001,357.428009,152.830002,-110.473999,114.842003,152.720993,108.634003,318.519012,271.000000,-1025.000000,2959.000000,356.000000,685.000000,539.000000
1190,1743685247255861,175.671997,-127.685997,132.682007,175.671997,125.688004,357.671997,153.223007,-110.686996,115.098000,153.061996,109.079002,319.144989,670.000000,-1198.000000,2383.000000,368.000000,305.000000,567.000000
1192,1743685247260269,175.826004,-127.834000,132.830994,175.826004,125.835999,357.825989,153.695007,-110.992996,115.427002,153.518005,109.216003,319.768005,116.000000,-973.000000,2447.000000,50.000000,344.000000,452.000000
1194,1743685247265755,175.973007,-127.976997,132.975006,175.973007,125.978996,357.972992,153.987000,-111.221001,115.666000,153.789001,109.567001,320.511993,-17.000000,-1135.000000,2446.000000,-3.000000,874.000000,503.000000
1196,1743685247270158,176.113007,-128.115005,133.113998,176.113007,126.115997,358.113007,154.388000,-111.567001,116.000999,154.175995,109.857002,321.234009,-185.000000,-1165.000000,2163.000000,17.000000,418.000000,501.000000
1199,1743685247275630,176.311005,-128.311005,133.311005,176.311005,126.311996,358.311005,154.830994,-111.875000,116.331001,154.619995,110.169998,321.694000,290.000000,-984.000000,1939.000000,351.000000,902.000000,416.000000
1201,1743685247281194,176.434998,-128.434998,133.434998,176.434998,126.434998,358.434998,155.117996,-112.084999,116.542000,154.917999,110.351997,322.371002,110.000000,-1100.000000,1804.000000,248.000000,450.000000,445.000000
1204,1743685247286762,176.608994,-128.608994,133.608994,176.608994,126.609001,358.609009,155.470993,-112.364998,116.817001,155.324005,110.504997,322.825989,-165.000000,-738.000000,2197.000000,83.000000,242.000000,450.000000
1206,1743685247291231,176.718002,-128.718002,133.718002,176.718002,126.718002,358.717987,155.835007,-112.688004,117.132004,155.735992,110.850998,323.455994,-134.000000,-765.000000,3709.000000,125.000000,728.000000,421.000000
1208,1743685247296786,176.820999,-128.820999,133.820999,176.820999,126.820999,358.821014,156.026001,-112.849998,117.302002,155.929993,111.128998,323.996002,-178.000000,-471.000000,3473.000000,119.000000,355.000000,326.000000
1211,1743685247302376,176.964996,-128.964996,133.964996,176.964996,126.964996,358.964996,156.526001,-113.181000,117.593002,156.231003,111.403999,324.610992,297.000000,-914.000000,3078.000000,441.000000,517.000000,494.000000
1213,1743685247306828,177.054001,-129.054001,134.054001,177.054001,127.054001,359.053986,156.822006,-113.374001,117.922997,156.662003,111.677002,325.195007,24.000000,-909.000000,1371.000000,468.000000,446.000000,639.000000
1215,1743685247311199,177.138000,-129.138000,134.138000,177.138000,127.138000,359.138000,157.231995,-113.693001,118.237999,157.098999,111.997002,325.838989,116.000000,-1586.000000,1563.000000,126.000000,788.000000,458.000000
1218,1743685247316680,177.253998,-129.253998,134.253998,177.253998,127.253998,359.253998,157.617996,-114.030998,118.542999,157.505997,112.148003,326.240997,41.000000,-1265.000000,1899.000000,188.000000,481.000000,415.000000
1220,1743685247321130,177.324997,-129.324997,134.324997,177.324997,127.324997,359.325012,157.957993,-114.189003,118.690002,157.714005,112.424004,326.757996,39.000000,-1010.000000,2101.000000,120.000000,766.000000,400.000000
1223,1743685247327845,177.423004,-129.423004,134.423004,177.423004,127.422997,359.423004,158.294998,-114.519997,119.028999,158.130005,112.670998,327.281006,-155.000000,-611.000000,2936.000000,-74.000000,244.000000,373.000000
1225,1743685247332380,177.483002,-129.483002,134.483002,177.483002,127.483002,359.483002,158.720001,-114.805000,119.249001,158.358994,112.924004,327.837006,-363.000000,-514.000000,2589.000000,143.000000,390.000000,236.000000
1227,1743685247337931,177.539001,-129.539001,134.539001,177.539001,127.539001,359.539001,158.973999,-114.991997,119.568001,158.723007,113.178001,328.407013,-110.000000,-911.000000,2190.000000,169.000000,518.000000,380.000000
1229,1743685247342494,177.589996,-129.589996,134.589996,177.589996,127.589996,359.589996,159.283005,-115.250000,119.831001,159.065002,113.348000,328.665985,-159.000000,-1065.000000,2633.000000,83.000000,704.000000,527.000000
1233,1743685247349121,177.681000,-129.681000,134.681000,177.681000,127.681000,359.681000,159.598007,-115.499001,120.109001,159.384995,113.737000,329.342987,-56.000000,-1367.000000,2249.000000,6.000000,652.000000,347.000000
1235,1743685247354687,177.720993,-129.720993,134.720993,177.720993,127.721001,359.721008,159.960007,-115.781998,120.426003,159.761002,113.964996,329.734009,26.000000,-1069.000000,1384.000000,213.000000,461.000000,392.000000
1237,1743685247359192,177.757996,-129.757996,134.757996,177.757996,127.758003,359.757996,160.570999,-116.276001,120.830002,160.317993,114.401001,330.640991,155.000000,-790.000000,1891.000000,103.000000,387.000000,445.000000
1240,1743685247364777,177.806000,-129.806000,134.806000,177.806000,127.806000,359.806000,160.570999,-116.276001,120.830002,160.317993,114.401001,330.640991,155.000000,-790.000000,1891.000000,103.000000,387.000000,445.000000
1242,1743685247369251,177.835007,-129.835007,134.835007,177.835007,127.834999,359.834991,161.110992,-116.754997,121.333000,160.863998,114.859001,331.511993,-157.000000,-679.000000,2869.000000,45.000000,401.000000,207.000000
1245,1743685247375959,177.871994,-129.871994,134.871994,177.871994,127.872002,359.872009,161.110992,-116.754997,121.333000,160.863998,114.859001,331.511993,-157.000000,-679.000000,2869.000000,45.000000,401.000000,207.000000
1247,1743685247380433,177.893997,-129.893997,134.893997,177.893997,127.893997,359.894012,161.626007,-117.189003,121.808998,161.462997,115.348000,332.489990,-436.000000,-904.000000,2006.000000,138.000000,379.000000,484.000000
1250,1743685247385969,177.921005,-129.921005,134.921005,177.921005,127.920998,359.920990,161.938004,-117.459999,122.098999,161.787994,115.587997,332.970001,-102.000000,-1023.000000,2352.000000,-27.000000,554.000000,318.000000
1252,1743685247390520,177.936005,-129.936005,134.936005,177.936005,127.935997,359.936005,161.938004,-117.459999,122.098999,161.787994,115.587997,332.970001,-102.000000,-1023.000000,2352.000000,-27.000000,554.000000,318.000000
1255,1743685247397210,177.955994,-129.955994,134.955994,177.955994,127.956001,359.955994,162.490005,-117.941002,122.512001,162.300995,116.070000,333.690002,-150.000000,-489.000000,1173.000000,-79.000000,273.000000,280.000000
1257,1743685247401707,177.966003,-129.966003,134.966003,177.966003,127.966003,359.966003,162.490005,-117.941002,122.512001,162.300995,116.070000,333.690002,-150.000000,-489.000000,1173.000000,-79.000000,273.000000,280.000000
1259,1743685247406177,177.973999,-129.973999,134.973999,177.973999,127.973999,359.973999,163.001007,-118.343002,122.997002,162.854996,116.514999,334.606995,123.000000,-578.000000,1919.000000,192.000000,615.000000,503.000000
1261,1743685247411790,177.981003,-129.981003,134.981003,177.981003,127.981003,359.980988,163.240005,-118.528000,123.199997,163.095993,116.703003,334.979004,-295.000000,-798.000000,2480.000000,48.000000,302.000000,320.000000
1264,1743685247416263,177.988998,-129.988998,134.988998,177.988998,127.988998,359.989014,163.240005,-118.528000,123.199997,163.095993,116.703003,334.979004,-295.000000,-798.000000,2480.000000,48.000000,302.000000,320.000000
1267,1743685247422805,177.994995,-129.994995,134.994995,177.994995,127.995003,359.994995,163.496994,-118.751999,123.427002,163.376999,116.913002,335.356995,-979.000000,-574.000000,1919.000000,-386.000000,395.000000,278.000000
1269,1743685247427217,177.996994,-129.996994,134.996994,177.996994,127.997002,359.997009,163.757996,-118.986000,123.660004,163.645004,117.056999,335.625000,-191.000000,-659.000000,2044.000000,266.000000,443.000000,423.000000
1271,1743685247432691,177.998001,-129.998001,134.998001,177.998001,127.998001,359.997986,164.199997,-119.360001,124.037003,164.100006,117.402000,336.345001,380.000000,-699.000000,1898.000000,432.000000,483.000000,417.000000
1273,1743685247437080,177.998993,-129.998993,134.998993,177.998993,127.999001,359.998993,164.391006,-119.500999,124.189003,164.289001,117.683998,336.811005,-93.000000,-448.000000,2075.000000,-186.000000,117.000000,-29.000000
1276,1743685247442562,178.000000,-130.000000,135.000000,178.000000,128.000000,360.000000,164.391006,-119.500999,124.189003,164.289001,117.683998,336.811005,-93.000000,-448.000000,2075.000000,-186.000000,117.000000,-29.000000
1279,1743685247449085,178.000000,-130.000000,135.000000,178.000000,128.000000,360.000000,164.677994,-119.722000,124.429001,164.539993,117.795998,337.045013,-447.000000,-56.000000,1424.000000,212.000000,46.000000,414.000000
1279,1743685247453462,178.000000,-130.000000,135.000000,178.000000,128.000000,360.000000,165.065994,-120.021004,124.731003,164.912994,118.144997,337.627014,-402.000000,-627.000000,1847.000000,204.000000,457.000000,423.000000
1279,1743685247458960,178.000000,-130.000000,135.000000,178.000000,128.000000,360.000000,165.253998,-120.165001,124.884003,165.072006,118.376999,337.933014,-159.000000,-762.000000,2220.000000,67.000000,274.000000,413.000000
1279,1743685247463375,178.000000,-130.000000,135.000000,178.000000,128.000000,360.000000,165.253998,-120.165001,124.884003,165.072006,118.376999,337.933014,-159.000000,-762.000000,2220.000000,67.000000,274.000000,413.000000
1279,1743685247468858,178.000000,-130.000000,135.000000,178.000000,128.000000,360.000000,165.473999,-120.351997,125.059998,165.287003,118.500999,338.306000,-274.000000,-547.000000,1499.000000,271.000000,449.000000,355.000000
1279,1743685247473271,178.000000,-130.000000,135.000000,178.000000,128.000000,360.000000,165.835007,-120.646004,125.324997,165.645996,118.755997,338.891998,491.000000,-447.000000,1795.000000,75.000000,505.000000,221.000000
1279,1743685247478790,178.000000,-130.000000,135.000000,178.000000,128.000000,360.000000,165.835007,-120.646004,125.324997,165.645996,118.755997,338.891998,491.000000,-447.000000,1795.000000,75.000000,505.000000,221.000000
1279,1743685247483295,178.000000,-130.000000,135.000000,178.000000,128.000000,360.000000,166.059006,-120.751999,125.424004,165.781998,118.917000,339.209015,247.000000,-927.000000,2366.000000,376.000000,458.000000,390.000000
1279,1743685247488887,178.000000,-130.000000,135.000000,178.000000,128.000000,360.000000,166.223999,-120.911003,125.595001,166.003006,119.009003,339.433990,-16.000000,-262.000000,1936.000000,-132.000000,333.000000,466.000000
1279,1743685247493380,178.000000,-130.000000,135.000000,178.000000,128.000000,360.000000,166.371994,-121.013000,125.709000,166.136002,119.148003,339.709991,-403.000000,-139.000000,1709.000000,-73.000000,298.000000,343.000000
1279,1743685247498943,178.000000,-130.000000,135.000000,178.000000,128.000000,360.000000,166.561996,-121.161003,125.873001,166.328003,119.275002,340.010986,-181.000000,-559.000000,2328.000000,94.000000,251.000000,393.000000
1279,1743685247503466,178.000000,-130.000000,135.000000,178.000000,128.000000,360.000000,166.729004,-121.302002,126.021004,166.518005,119.386002,340.352997,-170.000000,-436.000000,2047.000000,-174.000000,222.000000,317.000000
1279,1743685247507980,178.000000,-130.000000,135.000000,178.000000,128.000000,360.000000,166.869003,-121.404999,126.167999,166.669006,119.430000,340.451996,60.000000,-755.000000,2219.000000,331.000000,362.000000,313.000000
1279,1743685247513568,178.000000,-130.000000,135.000000,178.000000,128.000000,360.000000,166.972000,-121.495003,126.271004,166.794998,119.609001,340.812012,-268.000000,-439.000000,1242.000000,81.000000,205.000000,238.000000
1279,1743685247518073,178.000000,-130.000000,135.000000,178.000000,128.000000,360.000000,167.132004,-121.647003,126.420998,166.970993,119.695000,341.029999,-44.000000,-693.000000,1524.000000,-119.000000,438.000000,341.000000
1279,1743685247523820,178.000000,-130.000000,135.000000,178.000000,128.000000,360.000000,167.281006,-121.745003,126.514000,167.054993,119.815002,341.324005,267.000000,-840.000000,1522.000000,323.000000,362.000000,208.000000
1279,1743685247528463,178.000000,-130.000000,135.000000,178.000000,128.000000,360.000000,167.397995,-121.886002,126.641998,167.238007,119.939003,341.584991,170.000000,-576.000000,1992.000000,120.000000,480.000000,93.000000
1279,1743685247534053,178.000000,-130.000000,135.000000,178.000000,128.000000,360.000000,167.561996,-121.987999,126.753998,167.363007,120.060997,341.737000,383.000000,-555.000000,1941.000000,-140.000000,231.000000,445.000000
1279,1743685247538507,178.000000,-130.000000,135.000000,178.000000,128.000000,360.000000,167.737000,-122.110001,126.867996,167.503006,120.136002,341.976013,-77.000000,-453.000000,1846.000000,433.000000,412.000000,336.000000
1279,1743685247542981,178.000000,-130.000000,135.000000,178.000000,128.000000,360.000000,167.822006,-122.183998,126.956001,167.612000,120.275002,342.226013,53.000000,-728.000000,1806.000000,163.000000,386.000000,346.000000
1279,1743685247548556,178.000000,-130.000000,135.000000,178.000000,128.000000,360.000000,167.964005,-122.308998,127.077003,167.783997,120.393997,342.477997,-90.000000,-648.000000,1947.000000,-111.000000,406.000000,283.000000
1279,1743685247553039,178.000000,-130.000000,135.000000,178.000000,128.000000,360.000000,168.106995,-122.419998,127.195000,167.955994,120.474998,342.656006,60.000000,-583.000000,1832.000000,203.000000,431.000000,483.000000
1279,1743685247558606,178.000000,-130.000000,135.000000,178.000000,128.000000,360.000000,168.207993,-122.517998,127.286003,168.085007,120.628998,342.950012,-233.000000,-705.000000,1788.000000,31.000000,397.000000,410.000000
1279,1743685247563127,178.000000,-130.000000,135.000000,178.000000,128.000000,360.000000,168.274002,-122.598999,127.348999,168.190994,120.700996,343.127014,-191.000000,-740.000000,1524.000000,-120.000000,351.000000,296.000000
1279,1743685247568679,178.000000,-130.000000,135.000000,178.000000,128.000000,360.000000,168.354004,-122.714996,127.445999,168.304993,120.820000,343.372986,102.000000,-642.000000,1903.000000,-22.000000,372.000000,263.000000
1279,1743685247573150,178.000000,-130.000000,135.000000,178.000000,128.000000,360.000000,168.438995,-122.816002,127.547997,168.442001,120.882004,343.540985,396.000000,-636.000000,2063.000000,354.000000,636.000000,457.000000
1279,1743685247578722,178.000000,-130.000000,135.000000,178.000000,128.000000,360.000000,168.557007,-122.912003,127.656998,168.587997,120.995003,343.735992,406.000000,-596.000000,2015.000000,144.000000,405.000000,293.000000
1279,1743685247583229,178.000000,-130.000000,135.000000,178.000000,128.000000,360.000000,168.639999,-122.973999,127.727997,168.695007,121.088997,343.988007,377.000000,-727.000000,2067.000000,-40.000000,399.000000,389.000000
1279,1743685247588711,178.000000,-130.000000,135.000000,178.000000,128.000000,360.000000,168.772995,-123.073997,127.841003,168.817993,121.153000,344.123993,368.000000,-592.000000,1908.000000,299.000000,416.000000,340.000000
1279,1743685247593123,178.000000,-130.000000,135.000000,178.000000,128.000000,360.000000,168.895004,-123.153999,127.927002,168.921005,121.235001,344.315002,292.000000,-669.000000,1746.000000,404.000000,434.000000,246.000000
1279,1743685247598623,178.000000,-130.000000,135.000000,178.000000,128.000000,360.000000,169.033997,-123.232002,128.007996,169.005997,121.320999,344.563995,135.000000,-765.000000,1811.000000,148.000000,536.000000,221.000000
1279,1743685247603084,178.000000,-130.000000,135.000000,178.000000,128.000000,360.000000,169.033997,-123.232002,128.007996,169.005997,121.320999,344.563995,135.000000,-765.000000,1811.000000,148.000000,536.000000,221.000000
1279,1743685247608612,178.000000,-130.000000,135.000000,178.000000,128.000000,360.000000,169.307999,-123.376999,128.177002,169.220993,121.474998,344.932007,234.000000,-708.000000,1829.000000,173.000000,283.000000,321.000000
1279,1743685247613084,178.000000,-130.000000,135.000000,178.000000,128.000000,360.000000,169.462006,-123.471001,128.276001,169.332993,121.526001,345.072998,-130.000000,-569.000000,1848.000000,383.000000,458.000000,290.000000
1279,1743685247618629,178.000000,-130.000000,135.000000,178.000000,128.000000,360.000000,169.462006,-123.471001,128.276001,169.332993,121.526001,345.072998,-130.000000,-569.000000,1848.000000,383.000000,458.000000,290.000000
1279,1743685247623143,178.000000,-130.000000,135.000000,178.000000,128.000000,360.000000,169.591003,-123.567001,128.376999,169.449997,121.613998,345.295990,1.000000,-710.000000,2122.000000,19.000000,281.000000,330.000000
1279,1743685247628760,178.000000,-130.000000,135.000000,178.000000,128.000000,360.000000,169.669998,-123.625000,128.445999,169.526993,121.689003,345.502014,-235.000000,-675.000000,1817.000000,-140.000000,410.000000,326.000000
1279,1743685247633302,178.000000,-130.000000,135.000000,178.000000,128.000000,360.000000,169.774002,-123.711998,128.531006,169.634003,121.787003,345.726990,-142.000000,-741.000000,1805.000000,158.000000,395.000000,135.000000
1279,1743685247638896,178.000000,-130.000000,135.000000,178.000000,128.000000,360.000000,169.824997,-123.764999,128.589005,169.707993,121.856003,345.855011,-127.000000,-746.000000,1905.000000,213.000000,293.000000,562.000000
1279,1743685247643424,178.000000,-130.000000,135.000000,178.000000,128.000000,360.000000,169.888000,-123.861000,128.677994,169.820999,121.939003,346.028992,173.000000,-736.000000,1678.000000,469.000000,388.000000,130.000000
1279,1743685247647918,178.000000,-130.000000,135.000000,178.000000,128.000000,360.000000,169.953995,-123.959999,128.768997,169.953003,122.000999,346.183014,250.000000,-763.000000,1823.000000,19.000000,434.000000,343.000000
1279,1743685247653565,178.000000,-130.000000,135.000000,178.000000,128.000000,360.000000,170.039001,-124.047997,128.858002,170.039001,122.077003,346.371002,398.000000,-591.000000,1930.000000,-27.000000,238.000000,315.000000
1279,1743685247658079,178.000000,-130.000000,135.000000,178.000000,128.000000,360.000000,170.104996,-124.105003,128.919006,170.149002,122.153999,346.562988,160.000000,-396.000000,1747.000000,247.000000,509.000000,290.000000
1279,1743685247663678,178.000000,-130.000000,135.000000,178.000000,128.000000,360.000000,170.209000,-124.193001,129.001007,170.251007,122.237000,346.747009,335.000000,-647.000000,1978.000000,419.000000,365.000000,289.000000
1279,1743685247668192,178.000000,-130.000000,135.000000,178.000000,128.000000,360.000000,170.274002,-124.240997,129.061005,170.334000,122.301003,346.878998,310.000000,-872.000000,1820.000000,171.000000,287.000000,363.000000
1279,1743685247673817,178.000000,-130.000000,135.000000,178.000000,128.000000,360.000000,170.408005,-124.321999,129.141998,170.451996,122.379997,347.066010,180.000000,-778.000000,1730.000000,-123.000000,410.000000,302.000000
1279,1743685247678409,178.000000,-130.000000,135.000000,178.000000,128.000000,360.000000,170.576004,-124.405998,129.229004,170.557999,122.445000,347.194000,381.000000,-729.000000,2017.000000,137.000000,438.000000,373.000000
1279,1743685247683991,178.000000,-130.000000,135.000000,178.000000,128.000000,360.000000,170.748993,-124.486000,129.309998,170.630005,122.529999,347.371002,204.000000,-657.000000,1684.000000,341.000000,299.000000,256.000000
1279,1743685247688447,178.000000,-130.000000,135.000000,178.000000,128.000000,360.000000,170.856003,-124.538002,129.367996,170.744003,122.584999,347.501007,133.000000,-634.000000,1637.000000,261.000000,463.000000,372.000000
1279,1743685247693993,178.000000,-130.000000,135.000000,178.000000,128.000000,360.000000,170.992004,-124.615997,129.438995,170.815994,122.665001,347.674011,6.000000,-638.000000,2038.000000,103.000000,480.000000,327.000000
1279,1743685247698526,178.000000,-130.000000,135.000000,178.000000,128.000000,360.000000,171.061996,-124.663002,129.488007,170.929001,122.751999,347.852997,-81.000000,-590.000000,1994.000000,-162.000000,305.000000,241.000000
1279,1743685247703080,178.000000,-130.000000,135.000000,178.000000,128.000000,360.000000,171.171005,-124.734001,129.567993,171.031998,122.832001,348.018005,-7.000000,-631.000000,1600.000000,-15.000000,299.000000,345.000000
1279,1743685247708685,178.000000,-130.000000,135.000000,178.000000,128.000000,360.000000,171.235992,-124.781998,129.617996,171.093994,122.882004,348.121002,-155.000000,-619.000000,1667.000000,163.000000,477.000000,246.000000
1279,1743685247713246,178.000000,-130.000000,135.000000,178.000000,128.000000,360.000000,171.322998,-124.850998,129.684998,171.190994,122.957001,348.281006,55.000000,-602.000000,1836.000000,304.000000,437.000000,236.000000
1279,1743685247718809,178.000000,-130.000000,135.000000,178.000000,128.000000,360.000000,171.399994,-124.919998,129.755997,171.285995,123.000999,348.403015,175.000000,-856.000000,1829.000000,-24.000000,387.000000,339.000000
1279,1743685247723302,178.000000,-130.000000,135.000000,178.000000,128.000000,360.000000,171.475006,-124.989998,129.824997,171.341003,123.070999,348.559998,148.000000,-641.000000,1937.000000,-58.000000,584.000000,309.000000
1279,1743685247728919,178.000000,-130.000000,135.000000,178.000000,128.000000,360.000000,171.533005,-125.036003,129.876999,171.423004,123.109001,348.670990,147.000000,-731.000000,2011.000000,42.000000,614.000000,354.000000
1279,1743685247733461,178.000000,-130.000000,135.000000,178.000000,128.000000,360.000000,171.621994,-125.108002,129.949997,171.487000,123.181999,348.821014,278.000000,-701.000000,1826.000000,202.000000,418.000000,309.000000
1279,1743685247737936,178.000000,-130.000000,135.000000,178.000000,128.000000,360.000000,171.679001,-125.155998,129.998993,171.569000,123.250999,348.971008,241.000000,-711.000000,1783.000000,368.000000,280.000000,198.000000
1279,1743685247743544,178.000000,-130.000000,135.000000,178.000000,128.000000,360.000000,171.679001,-125.155998,129.998993,171.569000,123.250999,348.971008,241.000000,-711.000000,1783.000000,368.000000,280.000000,198.000000
1279,1743685247748118,178.000000,-130.000000,135.000000,178.000000,128.000000,360.000000,171.761002,-125.228996,130.070999,171.649994,123.309998,349.135010,232.000000,-596.000000,2000.000000,56.000000,390.000000,314.000000
1279,1743685247753787,178.000000,-130.000000,135.000000,178.000000,128.000000,360.000000,171.845993,-125.296997,130.147995,171.738007,123.352997,349.255005,163.000000,-629.000000,1993.000000,-34.000000,404.000000,257.000000
1279,1743685247758350,178.000000,-130.000000,135.000000,178.000000,128.000000,360.000000,171.908005,-125.343002,130.188995,171.789001,123.414001,349.414001,161.000000,-702.000000,1830.000000,-8.000000,348.000000,351.000000
1279,1743685247762898,178.000000,-130.000000,135.000000,178.000000,128.000000,360.000000,171.992996,-125.399002,130.259995,171.863998,123.454002,349.519012,123.000000,-601.000000,1812.000000,99.000000,325.000000,335.000000
1279,1743685247768495,178.000000,-130.000000,135.000000,178.000000,128.000000,360.000000,172.076996,-125.466003,130.328995,171.916000,123.509003,349.653015,166.000000,-644.000000,2008.000000,241.000000,532.000000,314.000000
1279,1743685247772994,178.000000,-130.000000,135.000000,178.000000,128.000000,360.000000,172.126007,-125.510002,130.373001,172.000000,123.570000,349.807007,2.000000,-704.000000,1896.000000,361.000000,385.000000,315.000000
1279,1743685247778601,178.000000,-130.000000,135.000000,178.000000,128.000000,360.000000,172.199997,-125.572998,130.440002,172.091003,123.622002,349.947998,140.000000,-713.000000,1869.000000,60.000000,246.000000,260.000000
1279,1743685247783051,178.000000,-130.000000,135.000000,178.000000,128.000000,360.000000,172.251007,-125.621002,130.488007,172.149994,123.667000,350.053009,273.000000,-729.000000,1792.000000,-79.000000,253.000000,218.000000
1279,1743685247788566,178.000000,-130.000000,135.000000,178.000000,128.000000,360.000000,172.330994,-125.682999,130.548996,172.235992,123.714996,350.201996,117.000000,-747.000000,1778.000000,22.000000,329.000000,-22.000000
1279,1743685247792976,178.000000,-130.000000,135.000000,178.000000,128.000000,360.000000,172.408005,-125.745003,130.612000,172.319000,123.754997,350.277008,239.000000,-650.000000,1806.000000,181.000000,451.000000,359.000000
1279,1743685247798581,178.000000,-130.000000,135.000000,178.000000,128.000000,360.000000,172.505005,-125.807999,130.677994,172.373993,123.807999,350.398987,200.000000,-589.000000,1786.000000,254.000000,268.000000,304.000000
1279,1743685247803081,178.000000,-130.000000,135.000000,178.000000,128.000000,360.000000,172.574997,-125.848999,130.727005,172.453003,123.846001,350.480988,260.000000,-600.000000,1924.000000,277.000000,166.000000,319.000000
1279,1743685247808673,178.000000,-130.000000,135.000000,178.000000,128.000000,360.000000,172.682999,-125.907997,130.766006,172.511993,123.889000,350.631012,175.000000,-612.000000,1722.000000,179.000000,523.000000,255.000000
1279,1743685247813164,178.000000,-130.000000,135.000000,178.000000,128.000000,360.000000,172.744003,-125.947998,130.822998,172.608994,123.944000,350.760986,69.000000,-737.000000,1870.000000,-10.000000,490.000000,361.000000
1279,1743685247818742,178.000000,-130.000000,135.000000,178.000000,128.000000,360.000000,172.826996,-126.009003,130.884003,172.681000,124.009003,350.889008,-21.000000,-728.000000,1830.000000,-104.000000,386.000000,319.000000
1279,1743685247823278,178.000000,-130.000000,135.000000,178.000000,128.000000,360.000000,172.908005,-126.066002,130.944000,172.757996,124.056000,350.968994,-27.000000,-656.000000,1734.000000,28.000000,181.000000,356.000000
1279,1743685247828833,178.000000,-130.000000,135.000000,178.000000,128.000000,360.000000,172.964996,-126.102997,130.983002,172.804993,124.108002,351.049988,128.000000,-741.000000,1679.000000,201.000000,303.000000,272.000000
1279,1743685247833329,178.000000,-130.000000,135.000000,178.000000,128.000000,360.000000,173.044998,-126.156998,131.039001,172.882996,124.143997,351.167999,277.000000,-595.000000,1979.000000,320.000000,429.000000,396.000000
1279,1743685247837814,178.000000,-130.000000,135.000000,178.000000,128.000000,360.000000,173.115997,-126.195000,131.074997,172.927002,124.193001,351.302002,-17.000000,-722.000000,2033.000000,300.000000,292.000000,244.000000
1279,1743685247843441,178.000000,-130.000000,135.000000,178.000000,128.000000,360.000000,173.160004,-126.249001,131.128006,173.007004,124.247002,351.432007,-160.000000,-711.000000,1782.000000,156.000000,246.000000,179.000000
1279,1743685247847953,178.000000,-130.000000,135.000000,178.000000,128.000000,360.000000,173.222000,-126.287003,131.164001,173.056000,124.283997,351.520996,247.000000,-667.000000,1671.000000,3.000000,333.000000,232.000000
1279,1743685247853522,178.000000,-130.000000,135.000000,178.000000,128.000000,360.000000,173.263000,-126.336998,131.214996,173.139999,124.332001,351.644012,228.000000,-703.000000,2006.000000,-59.000000,459.000000,305.000000
1279,1743685247857946,178.000000,-130.000000,135.000000,178.000000,128.000000,360.000000,173.322006,-126.385002,131.266998,173.207001,124.387001,351.730988,141.000000,-608.000000,1911.000000,67.000000,405.000000,223.000000
1279,1743685247863551,178.000000,-130.000000,135.000000,178.000000,128.000000,360.000000,173.382004,-126.438004,131.322998,173.268997,124.421997,351.847992,234.000000,-652.000000,1717.000000,350.000000,406.000000,207.000000
1279,1743685247868049,178.000000,-130.000000,135.000000,178.000000,128.000000,360.000000,173.427002,-126.467003,131.360001,173.313995,124.458000,351.927002,157.000000,-562.000000,1656.000000,255.000000,345.000000,296.000000
1279,1743685247873603,178.000000,-130.000000,135.000000,178.000000,128.000000,360.000000,173.500000,-126.511002,131.414993,173.373001,124.516998,352.049011,165.000000,-594.000000,1832.000000,537.000000,276.000000,266.000000
1279,1743685247878048,178.000000,-130.000000,135.000000,178.000000,128.000000,360.000000,173.541000,-126.537003,131.445007,173.417007,124.571999,352.161987,143.000000,-781.000000,1794.000000,171.000000,420.000000,273.000000
1279,1743685247883607,178.000000,-130.000000,135.000000,178.000000,128.000000,360.000000,173.541000,-126.537003,131.445007,173.417007,124.571999,352.161987,143.000000,-781.000000,1794.000000,171.000000,420.000000,273.000000
1279,1743685247888099,178.000000,-130.000000,135.000000,178.000000,128.000000,360.000000,173.608002,-126.580002,131.490997,173.488998,124.623001,352.265015,80.000000,-666.000000,2038.000000,124.000000,375.000000,266.000000
1279,1743685247893686,178.000000,-130.000000,135.000000,178.000000,128.000000,360.000000,173.664001,-126.627998,131.539001,173.548004,124.681999,352.345001,101.000000,-565.000000,1988.000000,-66.000000,433.000000,263.000000
1279,1743685247898210,178.000000,-130.000000,135.000000,178.000000,128.000000,360.000000,173.712006,-126.679001,131.589996,173.613998,124.723000,352.463013,185.000000,-675.000000,1595.000000,6.000000,304.000000,291.000000
1279,1743685247903792,178.000000,-130.000000,135.000000,178.000000,128.000000,360.000000,173.740997,-126.709000,131.617996,173.647995,124.760002,352.524994,97.000000,-589.000000,1933.000000,122.000000,390.000000,396.000000
1279,1743685247908321,178.000000,-130.000000,135.000000,178.000000,128.000000,360.000000,173.787003,-126.751999,131.667007,173.699005,124.810997,352.623993,243.000000,-722.000000,1718.000000,335.000000,407.000000,160.000000
1279,1743685247913888,178.000000,-130.000000,135.000000,178.000000,128.000000,360.000000,173.813004,-126.778999,131.692993,173.735001,124.859001,352.725006,147.000000,-557.000000,1736.000000,308.000000,444.000000,294.000000
1279,1743685247918424,178.000000,-130.000000,135.000000,178.000000,128.000000,360.000000,173.863998,-126.823997,131.740997,173.783997,124.903999,352.821014,124.000000,-638.000000,1719.000000,417.000000,514.000000,186.000000
1279,1743685247922905,178.000000,-130.000000,135.000000,178.000000,128.000000,360.000000,173.904999,-126.856003,131.772003,173.817993,124.945999,352.894989,238.000000,-627.000000,1456.000000,374.000000,368.000000,283.000000
1279,1743685247928508,178.000000,-130.000000,135.000000,178.000000,128.000000,360.000000,173.966995,-126.900002,131.815994,173.878998,124.999001,352.989014,249.000000,-768.000000,1803.000000,139.000000,334.000000,229.000000
1279,1743685247933009,178.000000,-130.000000,135.000000,178.000000,128.000000,360.000000,174.022995,-126.942001,131.860001,173.942001,125.027000,353.052002,127.000000,-520.000000,1927.000000,-78.000000,221.000000,273.000000
1279,1743685247938551,178.000000,-130.000000,135.000000,178.000000,128.000000,360.000000,174.057007,-126.973999,131.884995,173.985001,125.066002,353.160004,140.000000,-601.000000,2038.000000,-32.000000,468.000000,347.000000
1279,1743685247943018,178.000000,-130.000000,135.000000,178.000000,128.000000,360.000000,174.104004,-127.014999,131.925003,174.037003,125.098000,353.221008,110.000000,-646.000000,1983.000000,72.000000,450.000000,242.000000
1279,1743685247948588,178.000000,-130.000000,135.000000,178.000000,128.000000,360.000000,174.156006,-127.057999,131.966995,174.078995,125.140999,353.302002,127.000000,-742.000000,1774.000000,106.000000,534.000000,202.000000
1279,1743685247953052,178.000000,-130.000000,135.000000,178.000000,128.000000,360.000000,174.192001,-127.086998,131.996002,174.130997,125.193001,353.388000,59.000000,-626.000000,1630.000000,228.000000,323.000000,296.000000
1279,1743685247958603,178.000000,-130.000000,135.000000,178.000000,128.000000,360.000000,174.244995,-127.130997,132.039993,174.182007,125.220001,353.453003,310.000000,-685.000000,1763.000000,398.000000,446.000000,248.000000
1279,1743685247963097,178.000000,-130.000000,135.000000,178.000000,128.000000,360.000000,174.281998,-127.157997,132.067993,174.216995,125.265999,353.549011,17.000000,-448.000000,1836.000000,343.000000,255.000000,260.000000
1279,1743685247968698,178.000000,-130.000000,135.000000,178.000000,128.000000,360.000000,174.337006,-127.198997,132.108994,174.264999,125.293999,353.644989,216.000000,-681.000000,1979.000000,391.000000,564.000000,286.000000
1279,1743685247973114,178.000000,-130.000000,135.000000,178.000000,128.000000,360.000000,174.389999,-127.236000,132.149002,174.322006,125.330002,353.746002,100.000000,-730.000000,1976.000000,173.000000,553.000000,91.000000
1279,1743685247978600,178.000000,-130.000000,135.000000,178.000000,128.000000,360.000000,174.425003,-127.262001,132.177002,174.363998,125.350998,353.799011,174.000000,-644.000000,1751.000000,53.000000,595.000000,294.000000
1279,1743685247983032,178.000000,-130.000000,135.000000,178.000000,128.000000,360.000000,174.473007,-127.304001,132.223999,174.427002,125.392998,353.859009,115.000000,-626.000000,1797.000000,-146.000000,494.000000,317.000000
1279,1743685247988579,178.000000,-130.000000,135.000000,178.000000,128.000000,360.000000,174.524994,-127.345001,132.268005,174.483002,125.417999,353.955994,108.000000,-571.000000,1656.000000,84.000000,446.000000,168.000000
1279,1743685247993114,178.000000,-130.000000,135.000000,178.000000,128.000000,360.000000,174.561005,-127.372002,132.292999,174.520004,125.456001,354.015991,112.000000,-692.000000,1986.000000,19.000000,262.000000,178.000000
1279,1743685247998704,178.000000,-130.000000,135.000000,178.000000,128.000000,360.000000,174.612000,-127.412003,132.328003,174.567001,125.481003,354.097992,101.000000,-699.000000,1847.000000,114.000000,256.000000,273.000000
1279,1743685248003221,178.000000,-130.000000,135.000000,178.000000,128.000000,360.000000,174.641006,-127.440002,132.354996,174.600998,125.524002,354.188995,228.000000,-703.000000,2062.000000,267.000000,308.000000,242.000000
1279,1743685248008837,178.000000,-130.000000,135.000000,178.000000,128.000000,360.000000,174.673996,-127.471001,132.382004,174.641998,125.546997,354.261993,120.000000,-755.000000,2172.000000,211.000000,442.000000,266.000000
1279,1743685248013378,178.000000,-130.000000,135.000000,178.000000,128.000000,360.000000,174.722000,-127.514000,132.427002,174.675003,125.577003,354.325012,70.000000,-544.000000,2019.000000,350.000000,441.000000,290.000000
1279,1743685248017824,178.000000,-130.000000,135.000000,178.000000,128.000000,360.000000,174.735992,-127.528999,132.444000,174.710007,125.601997,354.394012,204.000000,-822.000000,2024.000000,304.000000,350.000000,212.000000
1279,1743685248023360,178.000000,-130.000000,135.000000,178.000000,128.000000,360.000000,174.781006,-127.572998,132.492996,174.770004,125.627998,354.454010,145.000000,-531.000000,1744.000000,129.000000,363.000000,194.000000
1279,1743685248028855,178.000000,-130.000000,135.000000,178.000000,128.000000,360.000000,174.809998,-127.601997,132.524994,174.815002,125.656998,354.528015,112.000000,-781.000000,1849.000000,61.000000,342.000000,188.000000
1279,1743685248033273,178.000000,-130.000000,135.000000,178.000000,128.000000,360.000000,174.809998,-127.601997,132.524994,174.815002,125.656998,354.528015,112.000000,-781.000000,1849.000000,61.000000,342.000000,188.000000
1279,1743685248038805,178.000000,-130.000000,135.000000,178.000000,128.000000,360.000000,174.876007,-127.661003,132.578003,174.899002,125.708000,354.665985,212.000000,-580.000000,1998.000000,-49.000000,373.000000,174.000000
1279,1743685248043348,178.000000,-130.000000,135.000000,178.000000,128.000000,360.000000,174.914993,-127.695999,132.615005,174.940002,125.740997,354.740997,166.000000,-666.000000,1878.000000,-46.000000,498.000000,461.000000
1279,1743685248048929,178.000000,-130.000000,135.000000,178.000000,128.000000,360.000000,174.914993,-127.695999,132.615005,174.940002,125.740997,354.740997,166.000000,-666.000000,1878.000000,-46.000000,498.000000,461.000000
1279,1743685248053436,178.000000,-130.000000,135.000000,178.000000,128.000000,360.000000,174.953003,-127.726997,132.647003,174.979004,125.764000,354.803009,91.000000,-456.000000,1693.000000,10.000000,537.000000,417.000000
1279,1743685248057914,178.000000,-130.000000,135.000000,178.000000,128.000000,360.000000,175.022995,-127.783997,132.707001,175.042999,125.800003,354.898010,23.000000,-643.000000,1679.000000,195.000000,476.000000,286.000000
1279,1743685248063546,178.000000,-130.000000,135.000000,178.000000,128.000000,360.000000,175.022995,-127.783997,132.707001,175.042999,125.800003,354.898010,23.000000,-643.000000,1679.000000,195.000000,476.000000,286.000000
1279,1743685248067982,178.000000,-130.000000,135.000000,178.000000,128.000000,360.000000,175.057999,-127.808998,132.735001,175.078995,125.842003,354.985992,274.000000,-685.000000,1917.000000,216.000000,370.000000,377.000000
1279,1743685248073485,178.000000,-130.000000,135.000000,178.000000,128.000000,360.000000,175.093994,-127.834000,132.761002,175.108994,125.867996,355.052002,141.000000,-801.000000,1929.000000,293.000000,241.000000,159.000000
1279,1743685248077931,178.000000,-130.000000,135.000000,178.000000,128.000000,360.000000,175.121002,-127.857002,132.787003,175.139008,125.889999,355.105988,-4.000000,-582.000000,2025.000000,312.000000,318.000000,238.000000
1279,1743685248083511,178.000000,-130.000000,135.000000,178.000000,128.000000,360.000000,175.162994,-127.893997,132.824005,175.188004,125.917999,355.164001,99.000000,-694.000000,2027.000000,178.000000,226.000000,288.000000
1279,1743685248088003,178.000000,-130.000000,135.000000,178.000000,128.000000,360.000000,175.188995,-127.921997,132.845993,175.220993,125.931999,355.212006,177.000000,-547.000000,1914.000000,113.000000,358.000000,335.000000
1279,1743685248093575,178.000000,-130.000000,135.000000,178.000000,128.000000,360.000000,175.214996,-127.944000,132.869995,175.255005,125.964996,355.287994,-11.000000,-674.000000,2074.000000,45.000000,433.000000,127.000000
1279,1743685248098034,178.000000,-130.000000,135.000000,178.000000,128.000000,360.000000,175.251999,-127.981003,132.910995,175.313004,125.977997,355.345001,253.000000,-662.000000,1579.000000,-123.000000,430.000000,203.000000
1279,1743685248103590,178.000000,-130.000000,135.000000,178.000000,128.000000,360.000000,175.274002,-128.007004,132.940002,175.350006,126.001999,355.398987,244.000000,-693.000000,1801.000000,-200.000000,490.000000,312.000000
1279,1743685248108071,178.000000,-130.000000,135.000000,178.000000,128.000000,360.000000,175.296997,-128.026993,132.962997,175.376007,126.028000,355.450989,90.000000,-555.000000,1870.000000,47.000000,353.000000,209.000000
1279,1743685248113640,178.000000,-130.000000,135.000000,178.000000,128.000000,360.000000,175.322998,-128.048996,132.988007,175.414001,126.057999,355.528015,327.000000,-618.000000,1665.000000,-69.000000,338.000000,205.000000
1279,1743685248118123,178.000000,-130.000000,135.000000,178.000000,128.000000,360.000000,175.354996,-128.076996,133.011993,175.444000,126.081001,355.576996,73.000000,-475.000000,1849.000000,67.000000,338.000000,284.000000
1279,1743685248123668,178.000000,-130.000000,135.000000,178.000000,128.000000,360.000000,175.384003,-128.097000,133.033005,175.470001,126.098000,355.619995,196.000000,-570.000000,1869.000000,138.000000,284.000000,272.000000
1279,1743685248128171,178.000000,-130.000000,135.000000,178.000000,128.000000,360.000000,175.429993,-128.117004,133.052002,175.494003,126.120003,355.664001,169.000000,-637.000000,1882.000000,199.000000,395.000000,404.000000
1279,1743685248133744,178.000000,-130.000000,135.000000,178.000000,128.000000,360.000000,175.460999,-128.151001,133.093002,175.537994,126.136002,355.718994,15.000000,-679.000000,1914.000000,217.000000,481.000000,137.000000
1279,1743685248138225,178.000000,-130.000000,135.000000,178.000000,128.000000,360.000000,175.496002,-128.169006,133.117996,175.561005,126.151001,355.778992,111.000000,-798.000000,1519.000000,275.000000,496.000000,160.000000
1279,1743685248143780,178.000000,-130.000000,135.000000,178.000000,128.000000,360.000000,175.531006,-128.188995,133.143997,175.584000,126.180000,355.846985,217.000000,-599.000000,1551.000000,393.000000,558.000000,180.000000
1279,1743685248148298,178.000000,-130.000000,135.000000,178.000000,128.000000,360.000000,175.561005,-128.210999,133.169006,175.608002,126.188004,355.872986,206.000000,-768.000000,1629.000000,363.000000,570.000000,320.000000
1279,1743685248153914,178.000000,-130.000000,135.000000,178.000000,128.000000,360.000000,175.587006,-128.231995,133.188995,175.634003,126.223999,355.946014,-39.000000,-574.000000,1549.000000,193.000000,452.000000,219.000000
1279,1743685248158514,178.000000,-130.000000,135.000000,178.000000,128.000000,360.000000,175.619003,-128.251007,133.210007,175.660004,126.246002,355.997986,265.000000,-537.000000,1875.000000,160.000000,426.000000,167.000000
1279,1743685248163000,178.000000,-130.000000,135.000000,178.000000,128.000000,360.000000,175.656998,-128.283005,133.233002,175.710999,126.267998,356.041992,58.000000,-574.000000,2017.000000,13.000000,351.000000,311.000000
1279,1743685248168735,178.000000,-130.000000,135.000000,178.000000,128.000000,360.000000,175.656998,-128.283005,133.233002,175.710999,126.267998,356.041992,58.000000,-574.000000,2017.000000,13.000000,351.000000,311.000000
1279,1743685248173281,178.000000,-130.000000,135.000000,178.000000,128.000000,360.000000,175.682007,-128.302002,133.251007,175.744003,126.287003,356.085999,190.000000,-537.000000,1986.000000,-48.000000,332.000000,329.000000
1279,1743685248178865,178.000000,-130.000000,135.000000,178.000000,128.000000,360.000000,175.712006,-128.326996,133.276001,175.772995,126.319000,356.148987,172.000000,-699.000000,2101.000000,-173.000000,278.000000,313.000000
1279,1743685248183398,178.000000,-130.000000,135.000000,178.000000,128.000000,360.000000,175.737000,-128.345001,133.298996,175.794998,126.345001,356.221985,190.000000,-603.000000,2049.000000,11.000000,369.000000,143.000000
1279,1743685248187919,178.000000,-130.000000,135.000000,178.000000,128.000000,360.000000,175.755997,-128.358002,133.317001,175.817001,126.366997,356.272003,100.000000,-650.000000,1917.000000,-61.000000,393.000000,127.000000
1279,1743685248193532,178.000000,-130.000000,135.000000,178.000000,128.000000,360.000000,175.800003,-128.391006,133.356995,175.858002,126.380997,356.312012,41.000000,-461.000000,1694.000000,40.000000,448.000000,385.000000
1279,1743685248198001,178.000000,-130.000000,135.000000,178.000000,128.000000,360.000000,175.811005,-128.399002,133.367004,175.869995,126.399002,356.348999,106.000000,-406.000000,1709.000000,14.000000,454.000000,159.000000
1279,1743685248203617,178.000000,-130.000000,135.000000,178.000000,128.000000,360.000000,175.856003,-128.427994,133.399994,175.901993,126.416000,356.390015,-2.000000,-608.000000,1689.000000,194.000000,449.000000,163.000000
1279,1743685248208140,178.000000,-130.000000,135.000000,178.000000,128.000000,360.000000,175.888000,-128.445999,133.416000,175.921005,126.435997,356.433014,84.000000,-467.000000,1750.000000,228.000000,358.000000,175.000000
1279,1743685248213757,178.000000,-130.000000,135.000000,178.000000,128.000000,360.000000,175.919006,-128.460007,133.434006,175.945999,126.459999,356.493011,172.000000,-494.000000,1925.000000,204.000000,331.000000,236.000000
1279,1743685248218275,178.000000,-130.000000,135.000000,178.000000,128.000000,360.000000,175.947998,-128.477997,133.453003,175.968002,126.476997,356.535004,190.000000,-748.000000,1922.000000,245.000000,337.000000,323.000000
1279,1743685248223840,178.000000,-130.000000,135.000000,178.000000,128.000000,360.000000,175.977997,-128.492996,133.472000,175.983994,126.497002,356.572998,94.000000,-742.000000,1830.000000,304.000000,249.000000,311.000000
1279,1743685248228373,178.000000,-130.000000,135.000000,178.000000,128.000000,360.000000,176.013000,-128.514999,133.500000,176.009003,126.512001,356.615997,113.000000,-684.000000,1827.000000,347.000000,305.000000,173.000000
1279,1743685248233917,178.000000,-130.000000,135.000000,178.000000,128.000000,360.000000,176.037003,-128.535004,133.516006,176.026993,126.537003,356.667999,270.000000,-726.000000,1724.000000,330.000000,387.000000,174.000000
1279,1743685248238431,178.000000,-130.000000,135.000000,178.000000,128.000000,360.000000,176.061005,-128.550003,133.533005,176.052994,126.542999,356.687988,105.000000,-629.000000,1674.000000,253.000000,374.000000,128.000000
1279,1743685248242915,178.000000,-130.000000,135.000000,178.000000,128.000000,360.000000,176.084000,-128.570007,133.552002,176.076004,126.566002,356.748993,129.000000,-589.000000,1578.000000,140.000000,470.000000,231.000000
1279,1743685248248537,178.000000,-130.000000,135.000000,178.000000,128.000000,360.000000,176.106003,-128.587997,133.570999,176.098999,126.580002,356.790009,62.000000,-613.000000,1478.000000,107.000000,520.000000,235.000000
1279,1743685248253080,178.000000,-130.000000,135.000000,178.000000,128.000000,360.000000,176.139999,-128.604996,133.587997,176.121002,126.592003,356.825989,236.000000,-559.000000,1544.000000,89.000000,532.000000,209.000000
1279,1743685248258621,178.000000,-130.000000,135.000000,178.000000,128.000000,360.000000,176.167007,-128.630005,133.617004,176.164001,126.606003,356.868011,99.000000,-591.000000,1698.000000,-138.000000,548.000000,161.000000
1279,1743685248263143,178.000000,-130.000000,135.000000,178.000000,128.000000,360.000000,176.179001,-128.638000,133.625000,176.175995,126.625999,356.907990,38.000000,-624.000000,1723.000000,-136.000000,449.000000,195.000000
1279,1743685248268737,178.000000,-130.000000,135.000000,178.000000,128.000000,360.000000,176.216995,-128.664001,133.645004,176.214996,126.639999,356.942993,164.000000,-598.000000,1852.000000,-81.000000,420.000000,323.000000
1279,1743685248273193,178.000000,-130.000000,135.000000,178.000000,128.000000,360.000000,176.240997,-128.677994,133.660995,176.233994,126.653999,356.970001,21.000000,-590.000000,1872.000000,-12.000000,425.000000,300.000000
1279,1743685248278692,178.000000,-130.000000,135.000000,178.000000,128.000000,360.000000,176.268005,-128.690994,133.673996,176.255997,126.672997,356.997009,198.000000,-661.000000,1896.000000,16.000000,389.000000,328.000000
1279,1743685248283108,178.000000,-130.000000,135.000000,178.000000,128.000000,360.000000,176.296005,-128.707001,133.686996,176.278000,126.694000,357.032990,115.000000,-691.000000,1886.000000,-35.000000,309.000000,170.000000
1279,1743685248288660,178.000000,-130.000000,135.000000,178.000000,128.000000,360.000000,176.322006,-128.722000,133.705994,176.298996,126.723000,357.087006,-43.000000,-574.000000,1958.000000,31.000000,259.000000,191.000000
1279,1743685248293180,178.000000,-130.000000,135.000000,178.000000,128.000000,360.000000,176.341995,-128.737000,133.718002,176.315002,126.742996,357.128998,126.000000,-586.000000,2041.000000,148.000000,269.000000,164.000000
1279,1743685248298768,178.000000,-130.000000,135.000000,178.000000,128.000000,360.000000,176.373993,-128.751999,133.729004,176.330002,126.762001,357.157013,-3.000000,-611.000000,2026.000000,178.000000,279.000000,221.000000
1279,1743685248303222,178.000000,-130.000000,135.000000,178.000000,128.000000,360.000000,176.373993,-128.751999,133.729004,176.330002,126.762001,357.157013,-3.000000,-611.000000,2026.000000,178.000000,279.000000,221.000000
1279,1743685248308813,178.000000,-130.000000,135.000000,178.000000,128.000000,360.000000,176.410004,-128.794998,133.759003,176.363007,126.793999,357.218994,230.000000,-468.000000,1930.000000,212.000000,370.000000,284.000000
1279,1743685248313358,178.000000,-130.000000,135.000000,178.000000,128.000000,360.000000,176.427002,-128.809006,133.781006,176.384995,126.808998,357.247009,117.000000,-534.000000,1743.000000,263.000000,411.000000,110.000000
1279,1743685248318909,178.000000,-130.000000,135.000000,178.000000,128.000000,360.000000,176.427002,-128.809006,133.781006,176.384995,126.808998,357.247009,117.000000,-534.000000,1743.000000,263.000000,411.000000,110.000000
1279,1743685248323344,178.000000,-130.000000,135.000000,178.000000,128.000000,360.000000,176.447006,-128.820007,133.798004,176.399994,126.827003,357.295013,176.000000,-578.000000,1735.000000,285.000000,422.000000,130.000000
1279,1743685248328878,178.000000,-130.000000,135.000000,178.000000,128.000000,360.000000,176.475998,-128.837997,133.822998,176.412994,126.843002,357.333008,225.000000,-618.000000,1621.000000,337.000000,421.000000,138.000000
1279,1743685248333370,178.000000,-130.000000,135.000000,178.000000,128.000000,360.000000,176.485001,-128.841995,133.828003,176.425995,126.857002,357.365997,212.000000,-669.000000,1657.000000,393.000000,393.000000,245.000000
1279,1743685248338960,178.000000,-130.000000,135.000000,178.000000,128.000000,360.000000,176.518997,-128.852997,133.841995,176.440002,126.870003,357.390015,144.000000,-759.000000,1703.000000,381.000000,438.000000,332.000000
1279,1743685248343436,178.000000,-130.000000,135.000000,178.000000,128.000000,360.000000,176.539993,-128.873001,133.860992,176.468994,126.886002,357.417999,-36.000000,-803.000000,1878.000000,291.000000,408.000000,354.000000
1279,1743685248347949,178.000000,-130.000000,135.000000,178.000000,128.000000,360.000000,176.561005,-128.886993,133.867996,176.481003,126.898003,357.449005,-21.000000,-761.000000,1887.000000,208.000000,402.000000,291.000000
1279,1743685248353556,178.000000,-130.000000,135.000000,178.000000,128.000000,360.000000,176.580994,-128.901993,133.882004,176.500000,126.917999,357.479004,186.000000,-663.000000,1794.000000,153.000000,360.000000,165.000000
1279,1743685248358157,178.000000,-130.000000,135.000000,178.000000,128.000000,360.000000,176.602997,-128.917007,133.901001,176.535004,126.933998,357.506989,125.000000,-610.000000,1848.000000,107.000000,333.000000,169.000000
1279,1743685248363662,178.000000,-130.000000,135.000000,178.000000,128.000000,360.000000,176.621002,-128.931000,133.910004,176.557007,126.955002,357.544006,6.000000,-600.000000,1811.000000,16.000000,310.000000,96.000000
1279,1743685248368083,178.000000,-130.000000,135.000000,178.000000,128.000000,360.000000,176.643005,-128.942993,133.923004,176.580002,126.970001,357.591003,69.000000,-487.000000,1796.000000,-47.000000,314.000000,169.000000
1279,1743685248373626,178.000000,-130.000000,135.000000,178.000000,128.000000,360.000000,176.658005,-128.955994,133.934998,176.602997,126.976997,357.606995,86.000000,-519.000000,1781.000000,-150.000000,325.000000,237.000000
1279,1743685248378104,178.000000,-130.000000,135.000000,178.000000,128.000000,360.000000,176.675003,-128.973999,133.947998,176.630005,127.000000,357.651001,83.000000,-572.000000,1781.000000,-212.000000,318.000000,277.000000
1279,1743685248383638,178.000000,-130.000000,135.000000,178.000000,128.000000,360.000000,176.690994,-128.990005,133.960999,176.651001,127.010002,357.674011,146.000000,-589.000000,1804.000000,-128.000000,376.000000,222.000000
1279,1743685248388131,178.000000,-130.000000,135.000000,178.000000,128.000000,360.000000,176.705002,-129.001007,133.975998,176.677994,127.022003,357.700989,161.000000,-595.000000,1674.000000,5.000000,409.000000,186.000000
1279,1743685248393732,178.000000,-130.000000,135.000000,178.000000,128.000000,360.000000,176.720001,-129.009003,133.985992,176.688995,127.032997,357.731995,88.000000,-644.000000,1635.000000,7.000000,435.000000,103.000000
1279,1743685248398250,178.000000,-130.000000,135.000000,178.000000,128.000000,360.000000,176.735992,-129.024002,134.007996,176.712997,127.041000,357.760010,87.000000,-648.000000,1447.000000,-30.000000,514.000000,69.000000
1279,1743685248403813,178.000000,-130.000000,135.000000,178.000000,128.000000,360.000000,176.753006,-129.033005,134.020004,176.729996,127.056000,357.795013,71.000000,-665.000000,1459.000000,-10.000000,533.000000,167.000000
1279,1743685248408317,178.000000,-130.000000,135.000000,178.000000,128.000000,360.000000,176.768005,-129.044006,134.029999,176.746002,127.066002,357.820007,46.000000,-667.000000,1572.000000,30.000000,520.000000,276.000000
1279,1743685248413838,178.000000,-130.000000,135.000000,178.000000,128.000000,360.000000,176.785995,-129.056000,134.041000,176.761002,127.070000,357.832001,143.000000,-626.000000,1653.000000,67.000000,514.000000,321.000000
1279,1743685248418281,178.000000,-130.000000,135.000000,178.000000,128.000000,360.000000,176.800003,-129.067001,134.048996,176.774994,127.080002,357.855988,304.000000,-658.000000,1760.000000,95.000000,521.000000,318.000000
1279,1743685248423767,178.000000,-130.000000,135.000000,178.000000,128.000000,360.000000,176.811005,-129.078995,134.059998,176.787003,127.096001,357.890015,296.000000,-625.000000,1801.000000,173.000000,500.000000,334.000000
1279,1743685248428170,178.000000,-130.000000,135.000000,178.000000,128.000000,360.000000,176.824005,-129.091995,134.070007,176.798004,127.106003,357.911987,158.000000,-602.000000,1799.000000,191.000000,480.000000,272.000000
1279,1743685248433713,178.000000,-130.000000,135.000000,178.000000,128.000000,360.000000,176.841995,-129.104004,134.078003,176.807007,127.119003,357.940002,54.000000,-523.000000,1797.000000,214.000000,470.000000,180.000000
1279,1743685248438221,178.000000,-130.000000,135.000000,178.000000,128.000000,360.000000,176.848007,-129.115005,134.085999,176.819000,127.132004,357.967010,101.000000,-465.000000,1892.000000,233.000000,436.000000,102.000000
1279,1743685248443776,178.000000,-130.000000,135.000000,178.000000,128.000000,360.000000,176.867004,-129.134003,134.095993,176.830994,127.147003,357.997009,251.000000,-520.000000,1919.000000,224.000000,384.000000,56.000000
1279,1743685248448256,178.000000,-130.000000,135.000000,178.000000,128.000000,360.000000,176.882996,-129.147003,134.108002,176.852005,127.162003,358.020996,116.000000,-518.000000,1985.000000,226.000000,343.000000,154.000000
1279,1743685248453830,178.000000,-130.000000,135.000000,178.000000,128.000000,360.000000,176.893005,-129.154999,134.115997,176.862000,127.176003,358.044006,105.000000,-571.000000,2005.000000,247.000000,324.000000,195.000000
1279,1743685248458400,178.000000,-130.000000,135.000000,178.000000,128.000000,360.000000,176.908005,-129.162994,134.126007,176.873993,127.192001,358.065002,104.000000,-542.000000,1919.000000,285.000000,294.000000,241.000000
1279,1743685248462919,178.000000,-130.000000,135.000000,178.000000,128.000000,360.000000,176.921997,-129.173996,134.136002,176.884003,127.206001,358.096985,88.000000,-596.000000,1889.000000,304.000000,300.000000,262.000000
1279,1743685248468405,178.000000,-130.000000,135.000000,178.000000,128.000000,360.000000,176.938004,-129.184998,134.149002,176.895004,127.213997,358.108002,-75.000000,-655.000000,1842.000000,349.000000,277.000000,251.000000
1279,1743685248473900,178.000000,-130.000000,135.000000,178.000000,128.000000,360.000000,176.951004,-129.192993,134.158997,176.906006,127.232002,358.140015,-40.000000,-670.000000,1939.000000,343.000000,281.000000,185.000000
1279,1743685248478308,178.000000,-130.000000,135.000000,178.000000,128.000000,360.000000,176.966003,-129.203003,134.167007,176.919006,127.239998,358.165985,49.000000,-681.000000,1908.000000,281.000000,316.000000,173.000000
1279,1743685248483755,178.000000,-130.000000,135.000000,178.000000,128.000000,360.000000,176.977997,-129.210007,134.175995,176.934006,127.250000,358.191010,180.000000,-739.000000,1976.000000,236.000000,343.000000,141.000000
1279,1743685248488114,178.000000,-130.000000,135.000000,178.000000,128.000000,360.000000,176.988007,-129.218002,134.184998,176.947006,127.257004,358.213989,176.000000,-712.000000,1890.000000,186.000000,361.000000,59.000000
1279,1743685248493628,178.000000,-130.000000,135.000000,178.000000,128.000000,360.000000,177.000000,-129.229004,134.197006,176.964996,127.264999,358.239990,116.000000,-702.000000,1825.000000,144.000000,393.000000,124.000000
1279,1743685248498034,178.000000,-130.000000,135.000000,178.000000,128.000000,360.000000,177.013000,-129.240997,134.214005,176.977997,127.273003,358.264008,90.000000,-709.000000,1632.000000,133.000000,411.000000,232.000000
1279,1743685248503490,178.000000,-130.000000,135.000000,178.000000,128.000000,360.000000,177.022003,-129.250000,134.225006,177.001999,127.282997,358.286011,107.000000,-703.000000,1586.000000,70.000000,435.000000,297.000000
1279,1743685248507853,178.000000,-130.000000,135.000000,178.000000,128.000000,360.000000,177.031998,-129.255005,134.229004,177.011002,127.288002,358.302002,121.000000,-682.000000,1626.000000,71.000000,449.000000,319.000000
1279,1743685248513320,178.000000,-130.000000,135.000000,178.000000,128.000000,360.000000,177.050003,-129.270004,134.240997,177.024994,127.296997,358.322998,135.000000,-666.000000,1694.000000,36.000000,467.000000,323.000000
1279,1743685248518760,178.000000,-130.000000,135.000000,178.000000,128.000000,360.000000,177.050003,-129.270004,134.240997,177.024994,127.296997,358.322998,135.000000,-666.000000,1694.000000,36.000000,467.000000,323.000000
1279,1743685248523113,178.000000,-130.000000,135.000000,178.000000,128.000000,360.000000,177.061005,-129.281006,134.255005,177.050995,127.302002,358.342010,165.000000,-593.000000,1781.000000,-15.000000,478.000000,343.000000
1279,1743685248528641,178.000000,-130.000000,135.000000,178.000000,128.000000,360.000000,177.084000,-129.298996,134.270004,177.082993,127.316002,358.381989,164.000000,-575.000000,1852.000000,-85.000000,463.000000,270.000000
1279,1743685248533039,178.000000,-130.000000,135.000000,178.000000,128.000000,360.000000,177.084000,-129.298996,134.270004,177.082993,127.316002,358.381989,164.000000,-575.000000,1852.000000,-85.000000,463.000000,270.000000
1279,1743685248538477,178.000000,-130.000000,135.000000,178.000000,128.000000,360.000000,177.091995,-129.307007,134.276001,177.098999,127.327003,358.411011,125.000000,-532.000000,1916.000000,-107.000000,479.000000,216.000000
1279,1743685248542837,178.000000,-130.000000,135.000000,178.000000,128.000000,360.000000,177.106003,-129.315002,134.283997,177.110001,127.334999,358.433990,87.000000,-548.000000,1949.000000,-68.000000,463.000000,140.000000
1279,1743685248548381,178.000000,-130.000000,135.000000,178.000000,128.000000,360.000000,177.113998,-129.324997,134.294006,177.121002,127.342003,358.455994,93.000000,-547.000000,1928.000000,22.000000,475.000000,102.000000
1279,1743685248553814,178.000000,-130.000000,135.000000,178.000000,128.000000,360.000000,177.126007,-129.332001,134.298996,177.132004,127.351997,358.477997,98.000000,-556.000000,1915.000000,23.000000,467.000000,122.000000
1279,1743685248558169,178.000000,-130.000000,135.000000,178.000000,128.000000,360.000000,177.139008,-129.345993,134.309998,177.145996,127.360001,358.497986,103.000000,-570.000000,2016.000000,74.000000,421.000000,166.000000
1279,1743685248563676,178.000000,-130.000000,135.000000,178.000000,128.000000,360.000000,177.149994,-129.354004,134.320007,177.154999,127.371002,358.519012,103.000000,-573.000000,2053.000000,74.000000,398.000000,174.000000
1279,1743685248568089,178.000000,-130.000000,135.000000,178.000000,128.000000,360.000000,177.158997,-129.358994,134.324997,177.164001,127.377998,358.533997,139.000000,-612.000000,2075.000000,67.000000,414.000000,232.000000
1279,1743685248573552,178.000000,-130.000000,135.000000,178.000000,128.000000,360.000000,177.169006,-129.365005,134.332993,177.173004,127.386002,358.549011,219.000000,-647.000000,2048.000000,57.000000,401.000000,272.000000
1279,1743685248577906,178.000000,-130.000000,135.000000,178.000000,128.000000,360.000000,177.179001,-129.371994,134.343994,177.186005,127.393997,358.566010,270.000000,-675.000000,1982.000000,34.000000,386.000000,270.000000
1279,1743685248583400,178.000000,-130.000000,135.000000,178.000000,128.000000,360.000000,177.188004,-129.380005,134.354004,177.194000,127.404999,358.588013,275.000000,-673.000000,1905.000000,38.000000,392.000000,195.000000
1279,1743685248588844,178.000000,-130.000000,135.000000,178.000000,128.000000,360.000000,177.197006,-129.386993,134.360992,177.203995,127.415001,358.604004,211.000000,-677.000000,1850.000000,57.000000,390.000000,159.000000
1279,1743685248593219,178.000000,-130.000000,135.000000,178.000000,128.000000,360.000000,177.209000,-129.393997,134.369003,177.212006,127.422997,358.618988,138.000000,-662.000000,1850.000000,82.000000,350.000000,216.000000
1279,1743685248598726,178.000000,-130.000000,135.000000,178.000000,128.000000,360.000000,177.220001,-129.401993,134.378998,177.218994,127.433998,358.635986,112.000000,-667.000000,1791.000000,99.000000,339.000000,130.000000
1279,1743685248603135,178.000000,-130.000000,135.000000,178.000000,128.000000,360.000000,177.235001,-129.410004,134.391006,177.229996,127.439003,358.654999,67.000000,-672.000000,1882.000000,139.000000,330.000000,86.000000
1279,1743685248608592,178.000000,-130.000000,135.000000,178.000000,128.000000,360.000000,177.246002,-129.417007,134.399002,177.238007,127.445999,358.670013,113.000000,-675.000000,1860.000000,141.000000,310.000000,89.000000
1279,1743685248612967,178.000000,-130.000000,135.000000,178.000000,128.000000,360.000000,177.257996,-129.423996,134.408005,177.244995,127.459000,358.695007,115.000000,-687.000000,1759.000000,132.000000,356.000000,161.000000
1279,1743685248618473,178.000000,-130.000000,135.000000,178.000000,128.000000,360.000000,177.268005,-129.429001,134.417007,177.253006,127.462997,358.713013,105.000000,-694.000000,1747.000000,157.000000,371.000000,165.000000
1279,1743685248622912,178.000000,-130.000000,135.000000,178.000000,128.000000,360.000000,177.278000,-129.438995,134.423996,177.261002,127.470001,358.725006,98.000000,-644.000000,1646.000000,122.000000,385.000000,220.000000
1279,1743685248628377,178.000000,-130.000000,135.000000,178.000000,128.000000,360.000000,177.289001,-129.449997,134.434998,177.264999,127.473999,358.737000,64.000000,-594.000000,1628.000000,156.000000,412.000000,263.000000
1279,1743685248633857,178.000000,-130.000000,135.000000,178.000000,128.000000,360.000000,177.291000,-129.460007,134.442993,177.274994,127.481003,358.750000,86.000000,-558.000000,1585.000000,154.000000,416.000000,281.000000
1279,1743685248638285,178.000000,-130.000000,135.000000,178.000000,128.000000,360.000000,177.304001,-129.466003,134.449997,177.283005,127.485001,358.764008,97.000000,-518.000000,1626.000000,166.000000,442.000000,333.000000
1279,1743685248643756,178.000000,-130.000000,135.000000,178.000000,128.000000,360.000000,177.319000,-129.477997,134.462997,177.291000,127.489998,358.779999,70.000000,-542.000000,1638.000000,158.000000,454.000000,299.000000
1279,1743685248648142,178.000000,-130.000000,135.000000,178.000000,128.000000,360.000000,177.326996,-129.485992,134.468994,177.302002,127.494003,358.790009,48.000000,-535.000000,1658.000000,205.000000,488.000000,306.000000
1279,1743685248653623,178.000000,-130.000000,135.000000,178.000000,128.000000,360.000000,177.337997,-129.492996,134.475998,177.307007,127.499001,358.803009,25.000000,-558.000000,1666.000000,218.000000,514.000000,298.000000
1279,1743685248658070,178.000000,-130.000000,135.000000,178.000000,128.000000,360.000000,177.345993,-129.501007,134.483002,177.315002,127.500999,358.816986,29.000000,-515.000000,1673.000000,243.000000,521.000000,229.000000
1279,1743685248663659,178.000000,-130.000000,135.000000,178.000000,128.000000,360.000000,177.352997,-129.507996,134.485992,177.322006,127.508003,358.838013,14.000000,-553.000000,1764.000000,269.000000,537.000000,283.000000
1279,1743685248668166,178.000000,-130.000000,135.000000,178.000000,128.000000,360.000000,177.360992,-129.511993,134.492996,177.326996,127.511002,358.851013,74.000000,-524.000000,1828.000000,280.000000,559.000000,169.000000
1279,1743685248673825,178.000000,-130.000000,135.000000,178.000000,128.000000,360.000000,177.367996,-129.522995,134.498001,177.334000,127.514999,358.868011,130.000000,-543.000000,1890.000000,304.000000,558.000000,117.000000
1279,1743685248678396,178.000000,-130.000000,135.000000,178.000000,128.000000,360.000000,177.367996,-129.522995,134.498001,177.334000,127.514999,358.868011,130.000000,-543.000000,1890.000000,304.000000,558.000000,117.000000
1279,1743685248682887,178.000000,-130.000000,135.000000,178.000000,128.000000,360.000000,177.382996,-129.533997,134.505997,177.345993,127.522003,358.894989,178.000000,-598.000000,1932.000000,309.000000,586.000000,98.000000
1279,1743685248688408,178.000000,-130.000000,135.000000,178.000000,128.000000,360.000000,177.391998,-129.537994,134.511993,177.352005,127.527000,358.919006,192.000000,-615.000000,1987.000000,337.000000,612.000000,115.000000
1279,1743685248693925,178.000000,-130.000000,135.000000,178.000000,128.000000,360.000000,177.391998,-129.537994,134.511993,177.352005,127.527000,358.919006,192.000000,-615.000000,1987.000000,337.000000,612.000000,115.000000
1279,1743685248698355,178.000000,-130.000000,135.000000,178.000000,128.000000,360.000000,177.397003,-129.542999,134.516006,177.358994,127.530998,358.931000,199.000000,-653.000000,1977.000000,315.000000,608.000000,114.000000
1279,1743685248703872,178.000000,-130.000000,135.000000,178.000000,128.000000,360.000000,177.401001,-129.548004,134.520004,177.367004,127.533997,358.941986,163.000000,-676.000000,2000.000000,294.000000,608.000000,168.000000
1279,1743685248708356,178.000000,-130.000000,135.000000,178.000000,128.000000,360.000000,177.406998,-129.552002,134.524002,177.371994,127.538002,358.955994,131.000000,-673.000000,2062.000000,260.000000,613.000000,208.000000
1279,1743685248713908,178.000000,-130.000000,135.000000,178.000000,128.000000,360.000000,177.417999,-129.559006,134.529999,177.382996,127.544998,358.963989,123.000000,-684.000000,2128.000000,265.000000,625.000000,228.000000
1279,1743685248718469,178.000000,-130.000000,135.000000,178.000000,128.000000,360.000000,177.421997,-129.563995,134.535004,177.389999,127.552002,358.983002,83.000000,-694.000000,2173.000000,245.000000,582.000000,219.000000
1279,1743685248724084,178.000000,-130.000000,135.000000,178.000000,128.000000,360.000000,177.429993,-129.567993,134.537994,177.399994,127.555000,358.989990,76.000000,-696.000000,2149.000000,215.000000,595.000000,189.000000
1279,1743685248728572,178.000000,-130.000000,135.000000,178.000000,128.000000,360.000000,177.434998,-129.570999,134.544998,177.410004,127.561996,359.010986,57.000000,-708.000000,2191.000000,167.000000,571.000000,159.000000
1279,1743685248733075,178.000000,-130.000000,135.000000,178.000000,128.000000,360.000000,177.442001,-129.576004,134.550003,177.416000,127.569000,359.019989,89.000000,-725.000000,2136.000000,167.000000,545.000000,201.000000
1279,1743685248738544,178.000000,-130.000000,135.000000,178.000000,128.000000,360.000000,177.453003,-129.582001,134.556000,177.425003,127.577003,359.029999,143.000000,-738.000000,2123.000000,148.000000,511.000000,201.000000
1279,1743685248742965,178.000000,-130.000000,135.000000,178.000000,128.000000,360.000000,177.457001,-129.585999,134.561005,177.436005,127.584000,359.044006,154.000000,-714.000000,2082.000000,131.000000,483.000000,210.000000
1279,1743685248748461,178.000000,-130.000000,135.000000,178.000000,128.000000,360.000000,177.466995,-129.591003,134.567993,177.444000,127.591003,359.057007,159.000000,-734.000000,2150.000000,134.000000,453.000000,159.000000
1279,1743685248753937,178.000000,-130.000000,135.000000,178.000000,128.000000,360.000000,177.473999,-129.598007,134.574997,177.457993,127.597000,359.071014,187.000000,-746.000000,2160.000000,124.000000,437.000000,77.000000
1279,1743685248758395,178.000000,-130.000000,135.000000,178.000000,128.000000,360.000000,177.481995,-129.600998,134.578995,177.466995,127.607002,359.082001,199.000000,-744.000000,2141.000000,82.000000,419.000000,127.000000
1279,1743685248762836,178.000000,-130.000000,135.000000,178.000000,128.000000,360.000000,177.488998,-129.606995,134.582993,177.477997,127.617996,359.096985,188.000000,-750.000000,2212.000000,28.000000,335.000000,108.000000
1279,1743685248768435,178.000000,-130.000000,135.000000,178.000000,128.000000,360.000000,177.494995,-129.612000,134.589996,177.488007,127.621002,359.108002,191.000000,-722.000000,2194.000000,0.000000,352.000000,88.000000
1279,1743685248772861,178.000000,-130.000000,135.000000,178.000000,128.000000,360.000000,177.500000,-129.617996,134.595993,177.496002,127.632004,359.130005,196.000000,-675.000000,2190.000000,-23.000000,306.000000,87.000000
1279,1743685248778478,178.000000,-130.000000,135.000000,178.000000,128.000000,360.000000,177.507004,-129.623993,134.600006,177.505997,127.642998,359.140015,202.000000,-681.000000,2202.000000,-80.000000,300.000000,119.000000
1279,1743685248782970,178.000000,-130.000000,135.000000,178.000000,128.000000,360.000000,177.511993,-129.628998,134.604004,177.516998,127.647003,359.144989,214.000000,-670.000000,2193.000000,-90.000000,312.000000,115.000000
1279,1743685248788555,178.000000,-130.000000,135.000000,178.000000,128.000000,360.000000,177.518005,-129.632996,134.608994,177.528000,127.655998,359.153992,176.000000,-657.000000,2244.000000,-131.000000,282.000000,159.000000
1279,1743685248793039,178.000000,-130.000000,135.000000,178.000000,128.000000,360.000000,177.522995,-129.639999,134.615005,177.537003,127.663002,359.160004,127.000000,-657.000000,2230.000000,-93.000000,268.000000,231.000000
1279,1743685248798564,178.000000,-130.000000,135.000000,178.000000,128.000000,360.000000,177.533997,-129.643997,134.619003,177.544006,127.668999,359.166992,87.000000,-625.000000,2242.000000,-92.000000,264.000000,236.000000
1279,1743685248803016,178.000000,-130.000000,135.000000,178.000000,128.000000,360.000000,177.535995,-129.647995,134.623001,177.550003,127.672997,359.173004,109.000000,-625.000000,2187.000000,-26.000000,278.000000,259.000000
1279,1743685248808527,178.000000,-130.000000,135.000000,178.000000,128.000000,360.000000,177.546997,-129.656998,134.630997,177.556000,127.680000,359.178009,56.000000,-603.000000,2038.000000,6.000000,268.000000,282.000000
1279,1743685248812953,178.000000,-130.000000,135.000000,178.000000,128.000000,360.000000,177.548996,-129.662994,134.639999,177.561005,127.684998,359.183990,85.000000,-594.000000,2027.000000,22.000000,263.000000,299.000000
1279,1743685248818527,178.000000,-130.000000,135.000000,178.000000,128.000000,360.000000,177.554001,-129.667999,134.647003,177.565994,127.689003,359.188995,69.000000,-572.000000,1973.000000,12.000000,272.000000,327.000000
1279,1743685248823002,178.000000,-130.000000,135.000000,178.000000,128.000000,360.000000,177.559006,-129.673996,134.653000,177.572006,127.697998,359.196014,127.000000,-530.000000,1889.000000,9.000000,284.000000,292.000000
1279,1743685248828572,178.000000,-130.000000,135.000000,178.000000,128.000000,360.000000,177.563004,-129.677994,134.662003,177.576004,127.699997,359.207001,167.000000,-546.000000,1838.000000,24.000000,290.000000,272.000000
1279,1743685248833041,178.000000,-130.000000,135.000000,178.000000,128.000000,360.000000,177.570007,-129.684006,134.667007,177.582993,127.705002,359.214996,206.000000,-536.000000,1750.000000,20.000000,315.000000,266.000000
1279,1743685248838621,178.000000,-130.000000,135.000000,178.000000,128.000000,360.000000,177.570999,-129.686005,134.673004,177.587006,127.707001,359.221008,232.000000,-526.000000,1733.000000,35.000000,335.000000,249.000000
1279,1743685248843105,178.000000,-130.000000,135.000000,178.000000,128.000000,360.000000,177.576996,-129.690002,134.677002,177.591995,127.709000,359.233002,232.000000,-572.000000,1767.000000,-3.000000,350.000000,243.000000
1279,1743685248848682,178.000000,-130.000000,135.000000,178.000000,128.000000,360.000000,177.582001,-129.695007,134.684006,177.595993,127.710999,359.243011,229.000000,-585.000000,1786.000000,40.000000,367.000000,247.000000
1279,1743685248853073,178.000000,-130.000000,135.000000,178.000000,128.000000,360.000000,177.587006,-129.699997,134.690994,177.602997,127.713997,359.250000,230.000000,-583.000000,1828.000000,7.000000,371.000000,218.000000
1279,1743685248858603,178.000000,-130.000000,135.000000,178.000000,128.000000,360.000000,177.589005,-129.703003,134.695007,177.608994,127.717003,359.256989,220.000000,-595.000000,1850.000000,14.000000,387.000000,204.000000
1279,1743685248863039,178.000000,-130.000000,135.000000,178.000000,128.000000,360.000000,177.593002,-129.705002,134.697006,177.613998,127.722000,359.269989,163.000000,-595.000000,1891.000000,7.000000,386.000000,199.000000
1279,1743685248868541,178.000000,-130.000000,135.000000,178.000000,128.000000,360.000000,177.595993,-129.710007,134.701004,177.617996,127.722000,359.279999,126.000000,-617.000000,1842.000000,17.000000,400.000000,175.000000
1279,1743685248873001,178.000000,-130.000000,135.000000,178.000000,128.000000,360.000000,177.606003,-129.714996,134.705994,177.621994,127.724998,359.290985,43.000000,-649.000000,1876.000000,29.000000,416.000000,166.000000
1279,1743685248878570,178.000000,-130.000000,135.000000,178.000000,128.000000,360.000000,177.606003,-129.714996,134.705994,177.621994,127.724998,359.290985,43.000000,-649.000000,1876.000000,29.000000,416.000000,166.000000
1279,1743685248883050,178.000000,-130.000000,135.000000,178.000000,128.000000,360.000000,177.615005,-129.720001,134.714005,177.632004,127.727997,359.312988,-14.000000,-660.000000,1900.000000,46.000000,420.000000,74.000000
1279,1743685248888639,178.000000,-130.000000,135.000000,178.000000,128.000000,360.000000,177.615005,-129.720001,134.714005,177.632004,127.727997,359.312988,-14.000000,-660.000000,1900.000000,46.000000,420.000000,74.000000
1279,1743685248893119,178.000000,-130.000000,135.000000,178.000000,128.000000,360.000000,177.621994,-129.725006,134.714996,177.636002,127.732002,359.324005,9.000000,-666.000000,1888.000000,70.000000,424.000000,72.000000
1279,1743685248898677,178.000000,-130.000000,135.000000,178.000000,128.000000,360.000000,177.636993,-129.729996,134.723007,177.641998,127.736000,359.342010,56.000000,-671.000000,1946.000000,77.000000,437.000000,99.000000
1279,1743685248903167,178.000000,-130.000000,135.000000,178.000000,128.000000,360.000000,177.636993,-129.729996,134.723007,177.641998,127.736000,359.342010,56.000000,-671.000000,1946.000000,77.000000,437.000000,99.000000
1279,1743685248908654,178.000000,-130.000000,135.000000,178.000000,128.000000,360.000000,177.643997,-129.733994,134.725006,177.645996,127.738998,359.356995,74.000000,-649.000000,1944.000000,110.000000,433.000000,140.000000
1279,1743685248913039,178.000000,-130.000000,135.000000,178.000000,128.000000,360.000000,177.647995,-129.735992,134.729996,177.647003,127.739998,359.364990,86.000000,-689.000000,1939.000000,133.000000,436.000000,160.000000
1279,1743685248918505,178.000000,-130.000000,135.000000,178.000000,128.000000,360.000000,177.658997,-129.740997,134.733994,177.649994,127.742996,359.371002,108.000000,-695.000000,1924.000000,118.000000,421.000000,173.000000
1279,1743685248922892,178.000000,-130.000000,135.000000,178.000000,128.000000,360.000000,177.660995,-129.740997,134.735992,177.653000,127.747002,359.376007,119.000000,-691.000000,1944.000000,145.000000,450.000000,183.000000
1279,1743685248928365,178.000000,-130.000000,135.000000,178.000000,128.000000,360.000000,177.667999,-129.744995,134.740997,177.654999,127.747002,359.382996,148.000000,-706.000000,1934.000000,145.000000,430.000000,199.000000
1279,1743685248932768,178.000000,-130.000000,135.000000,178.000000,128.000000,360.000000,177.673996,-129.748001,134.744003,177.658997,127.750999,359.388000,154.000000,-722.000000,2011.000000,174.000000,437.000000,223.000000
1279,1743685248938237,178.000000,-130.000000,135.000000,178.000000,128.000000,360.000000,177.677002,-129.748993,134.744003,177.660995,127.753998,359.390991,142.000000,-753.000000,2011.000000,166.000000,438.000000,228.000000
1279,1743685248943686,178.000000,-130.000000,135.000000,178.000000,128.000000,360.000000,177.679993,-129.753998,134.746994,177.664993,127.754997,359.397003,154.000000,-750.000000,2039.000000,196.000000,435.000000,232.000000
1279,1743685248948143,178.000000,-130.000000,135.000000,178.000000,128.000000,360.000000,177.681000,-129.755005,134.750000,177.664993,127.761002,359.406006,136.000000,-765.000000,2039.000000,199.000000,428.000000,247.000000
1279,1743685248953713,178.000000,-130.000000,135.000000,178.000000,128.000000,360.000000,177.684998,-129.759003,134.751999,177.667999,127.764000,359.410004,153.000000,-762.000000,2061.000000,218.000000,410.000000,249.000000
1279,1743685248958215,178.000000,-130.000000,135.000000,178.000000,128.000000,360.000000,177.688004,-129.764999,134.755005,177.669006,127.767998,359.415985,138.000000,-747.000000,2038.000000,223.000000,412.000000,283.000000
1279,1743685248963770,178.000000,-130.000000,135.000000,178.000000,128.000000,360.000000,177.690994,-129.766006,134.759003,177.673004,127.769997,359.420013,130.000000,-757.000000,2042.000000,230.000000,412.000000,240.000000
1279,1743685248968266,178.000000,-130.000000,135.000000,178.000000,128.000000,360.000000,177.690994,-129.768997,134.761993,177.675003,127.773003,359.428009,144.000000,-739.000000,2049.000000,244.000000,412.000000,233.000000
1279,1743685248973816,178.000000,-130.000000,135.000000,178.000000,128.000000,360.000000,177.695999,-129.770004,134.763000,177.677002,127.779999,359.434998,133.000000,-764.000000,2061.000000,255.000000,358.000000,204.000000
1279,1743685248978298,178.000000,-130.000000,135.000000,178.000000,128.000000,360.000000,177.699005,-129.772995,134.766006,177.679993,127.780998,359.441986,111.000000,-755.000000,2114.000000,254.000000,385.000000,229.000000
1279,1743685248982823,178.000000,-130.000000,135.000000,178.000000,128.000000,360.000000,177.705002,-129.776993,134.770004,177.682999,127.786003,359.446991,57.000000,-754.000000,2083.000000,248.000000,384.000000,194.000000
1279,1743685248988460,178.000000,-130.000000,135.000000,178.000000,128.000000,360.000000,177.710007,-129.779999,134.774002,177.686005,127.790001,359.457001,75.000000,-741.000000,2064.000000,269.000000,389.000000,165.000000
1279,1743685248992880,178.000000,-130.000000,135.000000,178.000000,128.000000,360.000000,177.716995,-129.781998,134.776993,177.686996,127.791000,359.463989,23.000000,-740.000000,2001.000000,279.000000,372.000000,148.000000
1279,1743685248998429,178.000000,-130.000000,135.000000,178.000000,128.000000,360.000000,177.723999,-129.787003,134.779999,177.692001,127.794998,359.471008,26.000000,-702.000000,2037.000000,274.000000,353.000000,155.000000
1279,1743685249003928,178.000000,-130.000000,135.000000,178.000000,128.000000,360.000000,177.731995,-129.789001,134.783997,177.695007,127.797997,359.479004,22.000000,-713.000000,1966.000000,291.000000,345.000000,160.000000
1279,1743685249008317,178.000000,-130.000000,135.000000,178.000000,128.000000,360.000000,177.738998,-129.792999,134.787003,177.697006,127.799004,359.484009,-23.000000,-666.000000,1973.000000,296.000000,335.000000,101.000000
1279,1743685249013811,178.000000,-130.000000,135.000000,178.000000,128.000000,360.000000,177.746002,-129.794998,134.791000,177.701996,127.803001,359.497986,2.000000,-666.000000,1963.000000,307.000000,317.000000,139.000000
1279,1743685249018340,178.000000,-130.000000,135.000000,178.000000,128.000000,360.000000,177.753006,-129.798004,134.792007,177.703003,127.806999,359.506012,9.000000,-648.000000,1957.000000,303.000000,333.000000,65.000000
1279,1743685249022841,178.000000,-130.000000,135.000000,178.000000,128.000000,360.000000,177.757004,-129.802002,134.796005,177.709000,127.808998,359.513000,23.000000,-644.000000,1938.000000,305.000000,314.000000,125.000000
1279,1743685249028428,178.000000,-130.000000,135.000000,178.000000,128.000000,360.000000,177.761993,-129.806000,134.798996,177.712006,127.811996,359.519989,28.000000,-645.000000,1898.000000,308.000000,335.000000,91.000000
1279,1743685249032871,178.000000,-130.000000,135.000000,178.000000,128.000000,360.000000,177.764008,-129.809998,134.802002,177.712997,127.814003,359.527008,26.000000,-601.000000,1861.000000,301.000000,319.000000,101.000000
1279,1743685249038477,178.000000,-130.000000,135.000000,178.000000,128.000000,360.000000,177.766006,-129.811005,134.806000,177.716995,127.818001,359.533997,67.000000,-637.000000,1847.000000,305.000000,318.000000,55.000000
1279,1743685249043003,178.000000,-130.000000,135.000000,178.000000,128.000000,360.000000,177.770996,-129.813995,134.807007,177.720001,127.820000,359.544006,78.000000,-606.000000,1822.000000,306.000000,309.000000,87.000000
1279,1743685249048508,178.000000,-130.000000,135.000000,178.000000,128.000000,360.000000,177.772995,-129.817993,134.811005,177.723007,127.820999,359.549011,86.000000,-590.000000,1817.000000,300.000000,309.000000,89.000000
1279,1743685249052921,178.000000,-130.000000,135.000000,178.000000,128.000000,360.000000,177.772995,-129.817993,134.811005,177.723007,127.820999,359.549011,86.000000,-590.000000,1817.000000,300.000000,309.000000,89.000000
1279,1743685249058478,178.000000,-130.000000,135.000000,178.000000,128.000000,360.000000,177.772995,-129.824997,134.817001,177.729996,127.827003,359.559998,135.000000,-529.000000,1805.000000,308.000000,303.000000,132.000000
1279,1743685249062952,178.000000,-130.000000,135.000000,178.000000,128.000000,360.000000,177.772995,-129.824997,134.817001,177.729996,127.827003,359.559998,135.000000,-529.000000,1805.000000,308.000000,303.000000,132.000000
1279,1743685249068545,178.000000,-130.000000,135.000000,178.000000,128.000000,360.000000,177.774994,-129.828995,134.817993,177.733994,127.829002,359.566010,144.000000,-555.000000,1862.000000,314.000000,325.000000,140.000000
1279,1743685249073034,178.000000,-130.000000,135.000000,178.000000,128.000000,360.000000,177.776993,-129.828995,134.820007,177.738007,127.832001,359.571014,160.000000,-587.000000,1843.000000,308.000000,294.000000,159.000000
1279,1743685249078613,178.000000,-130.000000,135.000000,178.000000,128.000000,360.000000,177.779999,-129.832993,134.820999,177.740005,127.832001,359.574005,185.000000,-562.000000,1871.000000,308.000000,303.000000,178.000000
1279,1743685249083137,178.000000,-130.000000,135.000000,178.000000,128.000000,360.000000,177.783005,-129.832993,134.824997,177.744995,127.837997,359.575989,196.000000,-585.000000,1904.000000,330.000000,313.000000,196.000000
1279,1743685249088729,178.000000,-130.000000,135.000000,178.000000,128.000000,360.000000,177.783997,-129.837006,134.828995,177.748993,127.839996,359.582001,214.000000,-569.000000,1886.000000,315.000000,304.000000,203.000000
1279,1743685249093135,178.000000,-130.000000,135.000000,178.000000,128.000000,360.000000,177.785995,-129.837006,134.830994,177.750000,127.843002,359.585999,193.000000,-566.000000,1956.000000,326.000000,272.000000,222.000000
1279,1743685249098612,178.000000,-130.000000,135.000000,178.000000,128.000000,360.000000,177.794006,-129.843002,134.835007,177.753006,127.845001,359.588989,223.000000,-547.000000,1931.000000,343.000000,296.000000,220.000000
1279,1743685249103022,178.000000,-130.000000,135.000000,178.000000,128.000000,360.000000,177.794998,-129.843994,134.835999,177.757004,127.847000,359.592010,208.000000,-540.000000,1920.000000,334.000000,297.000000,231.000000
1279,1743685249108471,178.000000,-130.000000,135.000000,178.000000,128.000000,360.000000,177.798004,-129.847000,134.839005,177.759995,127.847000,359.596008,203.000000,-517.000000,1953.000000,346.000000,280.000000,239.000000
1279,1743685249112856,178.000000,-130.000000,135.000000,178.000000,128.000000,360.000000,177.802002,-129.848007,134.839996,177.761993,127.849998,359.600006,227.000000,-543.000000,1961.000000,369.000000,268.000000,250.000000
1279,1743685249118350,178.000000,-130.000000,135.000000,178.000000,128.000000,360.000000,177.804993,-129.852005,134.841995,177.764008,127.852997,359.604004,187.000000,-509.000000,2013.000000,372.000000,274.000000,260.000000
1279,1743685249123782,178.000000,-130.000000,135.000000,178.000000,128.000000,360.000000,177.807999,-129.854004,134.843994,177.766998,127.853996,359.605011,196.000000,-529.000000,1972.000000,369.000000,276.000000,276.000000
1279,1743685249128141,178.000000,-130.000000,135.000000,178.000000,128.000000,360.000000,177.809998,-129.854996,134.847000,177.768005,127.857002,359.609009,188.000000,-536.000000,1980.000000,381.000000,281.000000,287.000000
1279,1743685249133559,178.000000,-130.000000,135.000000,178.000000,128.000000,360.000000,177.809998,-129.858002,134.850006,177.770996,127.858002,359.609009,174.000000,-531.000000,1984.000000,388.000000,280.000000,291.000000
1279,1743685249137937,178.000000,-130.000000,135.000000,178.000000,128.000000,360.000000,177.815002,-129.858002,134.852997,177.772003,127.858002,359.614014,175.000000,-532.000000,1873.000000,394.000000,290.000000,292.000000
1279,1743685249143385,178.000000,-130.000000,135.000000,178.000000,128.000000,360.000000,177.815002,-129.860992,134.854996,177.776001,127.861000,359.618988,159.000000,-529.000000,1848.000000,413.000000,266.000000,315.000000
1279,1743685249148854,178.000000,-130.000000,135.000000,178.000000,128.000000,360.000000,177.820007,-129.862000,134.858002,177.778000,127.863998,359.622986,109.000000,-528.000000,1816.000000,411.000000,288.000000,306.000000
1279,1743685249153250,178.000000,-130.000000,135.000000,178.000000,128.000000,360.000000,177.820007,-129.862000,134.858002,177.778000,127.863998,359.622986,109.000000,-528.000000,1816.000000,411.000000,288.000000,306.000000
1279,1743685249158700,178.000000,-130.000000,135.000000,178.000000,128.000000,360.000000,177.828003,-129.865997,134.862000,177.781998,127.866997,359.631012,61.000000,-529.000000,1802.000000,425.000000,291.000000,304.000000
1279,1743685249163071,178.000000,-130.000000,135.000000,178.000000,128.000000,360.000000,177.828003,-129.865997,134.862000,177.781998,127.866997,359.631012,61.000000,-529.000000,1802.000000,425.000000,291.000000,304.000000
1279,1743685249168573,178.000000,-130.000000,135.000000,178.000000,128.000000,360.000000,177.832001,-129.869003,134.863998,177.783997,127.869003,359.634003,59.000000,-537.000000,1793.000000,434.000000,287.000000,312.000000
1279,1743685249172967,178.000000,-130.000000,135.000000,178.000000,128.000000,360.000000,177.835007,-129.869995,134.867996,177.787003,127.869003,359.638000,54.000000,-536.000000,1776.000000,431.000000,303.000000,290.000000
1279,1743685249178482,178.000000,-130.000000,135.000000,178.000000,128.000000,360.000000,177.839005,-129.873001,134.869995,177.791000,127.871002,359.640991,75.000000,-537.000000,1733.000000,426.000000,288.000000,306.000000
1279,1743685249182917,178.000000,-130.000000,135.000000,178.000000,128.000000,360.000000,177.843002,-129.873001,134.873001,177.792999,127.873001,359.647003,42.000000,-535.000000,1727.000000,411.000000,285.000000,299.000000
1279,1743685249188451,178.000000,-130.000000,135.000000,178.000000,128.000000,360.000000,177.848999,-129.876007,134.875000,177.796997,127.875999,359.648010,87.000000,-556.000000,1670.000000,443.000000,294.000000,286.000000
1279,1743685249192913,178.000000,-130.000000,135.000000,178.000000,128.000000,360.000000,177.850006,-129.876999,134.878998,177.798004,127.875999,359.656006,59.000000,-565.000000,1606.000000,440.000000,307.000000,288.000000
1279,1743685249198506,178.000000,-130.000000,135.000000,178.000000,128.000000,360.000000,177.856003,-129.878998,134.880997,177.802002,127.877998,359.658997,97.000000,-566.000000,1592.000000,438.000000,290.000000,272.000000
1279,1743685249203016,178.000000,-130.000000,135.000000,178.000000,128.000000,360.000000,177.856995,-129.880997,134.886002,177.804993,127.877998,359.664001,89.000000,-573.000000,1577.000000,444.000000,314.000000,263.000000
1279,1743685249208631,178.000000,-130.000000,135.000000,178.000000,128.000000,360.000000,177.856995,-129.882996,134.886002,177.807999,127.878998,359.669006,100.000000,-575.000000,1593.000000,429.000000,319.000000,262.000000
1279,1743685249213141,178.000000,-130.000000,135.000000,178.000000,128.000000,360.000000,177.858002,-129.882996,134.889999,177.811005,127.882004,359.677002,131.000000,-585.000000,1559.000000,437.000000,314.000000,241.000000
1279,1743685249218700,178.000000,-130.000000,135.000000,178.000000,128.000000,360.000000,177.860001,-129.884995,134.891006,177.811996,127.883003,359.681000,134.000000,-600.000000,1583.000000,415.000000,312.000000,246.000000
1279,1743685249223173,178.000000,-130.000000,135.000000,178.000000,128.000000,360.000000,177.860001,-129.884995,134.891006,177.815994,127.884003,359.682007,149.000000,-595.000000,1558.000000,389.000000,314.000000,214.000000
1279,1743685249228678,178.000000,-130.000000,135.000000,178.000000,128.000000,360.000000,177.860992,-129.888000,134.893997,177.815994,127.886002,359.690002,154.000000,-615.000000,1547.000000,427.000000,313.000000,195.000000
1279,1743685249233126,178.000000,-130.000000,135.000000,178.000000,128.000000,360.000000,177.860992,-129.889999,134.893997,177.820007,127.887001,359.692993,157.000000,-627.000000,1584.000000,390.000000,315.000000,220.000000
1279,1743685249238599,178.000000,-130.000000,135.000000,178.000000,128.000000,360.000000,177.863998,-129.891998,134.895004,177.824005,127.889000,359.700012,196.000000,-615.000000,1610.000000,374.000000,313.000000,181.000000
1279,1743685249243020,178.000000,-130.000000,135.000000,178.000000,128.000000,360.000000,177.863998,-129.891998,134.897003,177.828003,127.889999,359.705994,208.000000,-617.000000,1543.000000,380.000000,322.000000,138.000000
1279,1743685249248515,178.000000,-130.000000,135.000000,178.000000,128.000000,360.000000,177.865005,-129.893997,134.899002,177.830002,127.889999,359.710999,215.000000,-642.000000,1582.000000,366.000000,339.000000,146.000000
1279,1743685249252954,178.000000,-130.000000,135.000000,178.000000,128.000000,360.000000,177.867996,-129.895004,134.899002,177.834000,127.890999,359.717010,217.000000,-625.000000,1564.000000,340.000000,328.000000,135.000000
1279,1743685249258524,178.000000,-130.000000,135.000000,178.000000,128.000000,360.000000,177.869003,-129.895996,134.903000,177.837997,127.894997,359.722992,214.000000,-635.000000,1530.000000,297.000000,335.000000,115.000000
1279,1743685249262993,178.000000,-130.000000,135.000000,178.000000,128.000000,360.000000,177.869003,-129.895996,134.903000,177.837997,127.894997,359.722992,214.000000,-635.000000,1530.000000,297.000000,335.000000,115.000000
1279,1743685249268584,178.000000,-130.000000,135.000000,178.000000,128.000000,360.000000,177.871994,-129.897995,134.904999,177.841003,127.894997,359.730011,223.000000,-645.000000,1556.000000,333.000000,340.000000,99.000000
1279,1743685249273109,178.000000,-130.000000,135.000000,178.000000,128.000000,360.000000,177.875000,-129.899002,134.901993,177.845001,127.894997,359.735992,235.000000,-646.000000,1542.000000,276.000000,334.000000,100.000000
1279,1743685249278661,178.000000,-130.000000,135.000000,178.000000,128.000000,360.000000,177.878006,-129.899994,134.906006,177.848999,127.897003,359.739014,232.000000,-608.000000,1568.000000,265.000000,356.000000,78.000000
1279,1743685249283183,178.000000,-130.000000,135.000000,178.000000,128.000000,360.000000,177.878998,-129.901993,134.906006,177.850006,127.900002,359.747009,244.000000,-634.000000,1560.000000,233.000000,343.000000,63.000000
1279,1743685249288728,178.000000,-130.000000,135.000000,178.000000,128.000000,360.000000,177.880005,-129.901993,134.906998,177.854004,127.900002,359.751007,234.000000,-652.000000,1567.000000,241.000000,345.000000,94.000000
1279,1743685249293111,178.000000,-130.000000,135.000000,178.000000,128.000000,360.000000,177.882004,-129.901993,134.906998,177.856003,127.901001,359.756012,224.000000,-652.000000,1609.000000,231.000000,349.000000,87.000000
1279,1743685249298545,178.000000,-130.000000,135.000000,178.000000,128.000000,360.000000,177.886002,-129.901993,134.908997,177.858994,127.901001,359.761993,259.000000,-667.000000,1522.000000,194.000000,349.000000,59.000000
1279,1743685249302906,178.000000,-130.000000,135.000000,178.000000,128.000000,360.000000,177.886002,-129.901993,134.910004,177.860992,127.902000,359.769012,268.000000,-674.000000,1574.000000,218.000000,344.000000,79.000000
1279,1743685249308390,178.000000,-130.000000,135.000000,178.000000,128.000000,360.000000,177.886993,-129.904999,134.912003,177.863998,127.903999,359.769989,258.000000,-659.000000,1533.000000,192.000000,362.000000,61.000000
1279,1743685249313860,178.000000,-130.000000,135.000000,178.000000,128.000000,360.000000,177.886993,-129.904999,134.912003,177.867004,127.903999,359.777008,267.000000,-662.000000,1561.000000,202.000000,362.000000,81.000000
1279,1743685249318271,178.000000,-130.000000,135.000000,178.000000,128.000000,360.000000,177.889999,-129.906006,134.914001,177.869995,127.904999,359.779999,282.000000,-661.000000,1553.000000,179.000000,365.000000,83.000000
1279,1743685249323736,178.000000,-130.000000,135.000000,178.000000,128.000000,360.000000,177.889008,-129.906006,134.914001,177.871002,127.904999,359.781006,274.000000,-648.000000,1556.000000,167.000000,365.000000,71.000000
1279,1743685249328187,178.000000,-130.000000,135.000000,178.000000,128.000000,360.000000,177.889999,-129.906998,134.916000,177.873993,127.904999,359.785004,283.000000,-661.000000,1582.000000,192.000000,373.000000,90.000000
1279,1743685249333672,178.000000,-130.000000,135.000000,178.000000,128.000000,360.000000,177.891006,-129.908997,134.916000,177.875000,127.905998,359.786987,264.000000,-674.000000,1569.000000,147.000000,371.000000,119.000000
1279,1743685249338055,178.000000,-130.000000,135.000000,178.000000,128.000000,360.000000,177.893005,-129.906998,134.917007,177.878006,127.905998,359.790985,249.000000,-671.000000,1575.000000,162.000000,373.000000,92.000000
1279,1743685249343530,178.000000,-130.000000,135.000000,178.000000,128.000000,360.000000,177.893005,-129.908997,134.919998,177.880997,127.905998,359.792999,270.000000,-679.000000,1560.000000,155.000000,373.000000,114.000000
1279,1743685249347906,178.000000,-130.000000,135.000000,178.000000,128.000000,360.000000,177.895996,-129.910004,134.919998,177.882996,127.907997,359.795990,255.000000,-678.000000,1577.000000,152.000000,379.000000,131.000000
1279,1743685249353401,178.000000,-130.000000,135.000000,178.000000,128.000000,360.000000,177.897995,-129.910004,134.921005,177.884995,127.905998,359.799011,224.000000,-694.000000,1606.000000,143.000000,390.000000,113.000000
1279,1743685249358900,178.000000,-130.000000,135.000000,178.000000,128.000000,360.000000,177.897995,-129.910004,134.921005,177.884995,127.905998,359.799011,224.000000,-694.000000,1606.000000,143.000000,390.000000,113.000000
1279,1743685249363358,178.000000,-130.000000,135.000000,178.000000,128.000000,360.000000,177.901993,-129.910995,134.921005,177.889999,127.908997,359.803009,180.000000,-690.000000,1606.000000,142.000000,392.000000,128.000000
1279,1743685249368870,178.000000,-130.000000,135.000000,178.000000,128.000000,360.000000,177.901993,-129.910995,134.921005,177.889999,127.908997,359.803009,180.000000,-690.000000,1606.000000,142.000000,392.000000,128.000000
1279,1743685249373358,178.000000,-130.000000,135.000000,178.000000,128.000000,360.000000,177.901993,-129.912994,134.921005,177.891998,127.910004,359.806000,217.000000,-672.000000,1662.000000,144.000000,387.000000,116.000000
1279,1743685249378908,178.000000,-130.000000,135.000000,178.000000,128.000000,360.000000,177.906998,-129.912994,134.921005,177.893005,127.910004,359.809998,238.000000,-684.000000,1671.000000,133.000000,385.000000,134.000000
1279,1743685249383423,178.000000,-130.000000,135.000000,178.000000,128.000000,360.000000,177.906998,-129.914001,134.923004,177.893005,127.912003,359.812988,225.000000,-686.000000,1663.000000,161.000000,389.000000,153.000000
1279,1743685249387931,178.000000,-130.000000,135.000000,178.000000,128.000000,360.000000,177.906998,-129.917007,134.923996,177.895996,127.912003,359.813995,224.000000,-685.000000,1697.000000,153.000000,383.000000,149.000000
1279,1743685249393518,178.000000,-130.000000,135.000000,178.000000,128.000000,360.000000,177.906998,-129.916000,134.923996,177.895996,127.912003,359.815002,203.000000,-687.000000,1712.000000,150.000000,395.000000,163.000000
1279,1743685249397977,178.000000,-130.000000,135.000000,178.000000,128.000000,360.000000,177.906998,-129.917007,134.923996,177.897003,127.913002,359.817993,224.000000,-680.000000,1712.000000,139.000000,395.000000,162.000000
1279,1743685249403618,178.000000,-130.000000,135.000000,178.000000,128.000000,360.000000,177.904999,-129.917007,134.923996,177.897995,127.915001,359.817993,232.000000,-692.000000,1750.000000,139.000000,392.000000,165.000000
1279,1743685249408140,178.000000,-130.000000,135.000000,178.000000,128.000000,360.000000,177.904999,-129.917999,134.925003,177.897995,127.913002,359.817993,226.000000,-687.000000,1754.000000,146.000000,394.000000,170.000000
1279,1743685249413759,178.000000,-130.000000,135.000000,178.000000,128.000000,360.000000,177.908997,-129.919998,134.923996,177.899994,127.915001,359.821014,204.000000,-680.000000,1767.000000,121.000000,409.000000,183.000000
1279,1743685249418238,178.000000,-130.000000,135.000000,178.000000,128.000000,360.000000,177.908997,-129.917999,134.927002,177.901001,127.916000,359.825012,223.000000,-698.000000,1784.000000,169.000000,410.000000,186.000000
1279,1743685249423814,178.000000,-130.000000,135.000000,178.000000,128.000000,360.000000,177.908005,-129.919998,134.925003,177.903000,127.916000,359.825989,217.000000,-702.000000,1797.000000,150.000000,409.000000,203.000000
1279,1743685249428325,178.000000,-130.000000,135.000000,178.000000,128.000000,360.000000,177.910995,-129.919998,134.923996,177.903000,127.916000,359.828003,203.000000,-688.000000,1830.000000,138.000000,418.000000,191.000000
1279,1743685249433915,178.000000,-130.000000,135.000000,178.000000,128.000000,360.000000,177.910995,-129.921005,134.927002,177.903000,127.917000,359.832001,217.000000,-693.000000,1829.000000,135.000000,412.000000,175.000000
1279,1743685249438474,178.000000,-130.000000,135.000000,178.000000,128.000000,360.000000,177.912003,-129.921997,134.925003,177.904007,127.917000,359.832001,207.000000,-682.000000,1848.000000,138.000000,420.000000,217.000000
1279,1743685249442924,178.000000,-130.000000,135.000000,178.000000,128.000000,360.000000,177.912994,-129.921997,134.927002,177.906998,127.918999,359.833008,208.000000,-696.000000,1845.000000,139.000000,429.000000,216.000000
1279,1743685249448461,178.000000,-130.000000,135.000000,178.000000,128.000000,360.000000,177.912994,-129.923996,134.927994,177.906998,127.917000,359.837006,203.000000,-700.000000,1848.000000,132.000000,421.000000,195.000000
1279,1743685249452886,178.000000,-130.000000,135.000000,178.000000,128.000000,360.000000,177.912994,-129.923996,134.927994,177.906998,127.917000,359.837006,203.000000,-700.000000,1848.000000,132.000000,421.000000,195.000000
1279,1743685249458489,178.000000,-130.000000,135.000000,178.000000,128.000000,360.000000,177.914993,-129.923996,134.927994,177.906998,127.917000,359.837006,182.000000,-691.000000,1833.000000,122.000000,421.000000,195.000000
1279,1743685249463001,178.000000,-130.000000,135.000000,178.000000,128.000000,360.000000,177.916000,-129.927002,134.929001,177.910995,127.919998,359.839996,155.000000,-689.000000,1847.000000,133.000000,430.000000,250.000000
1279,1743685249468621,178.000000,-130.000000,135.000000,178.000000,128.000000,360.000000,177.916000,-129.927002,134.929001,177.910995,127.919998,359.839996,155.000000,-689.000000,1847.000000,133.000000,430.000000,250.000000
1279,1743685249473104,178.000000,-130.000000,135.000000,178.000000,128.000000,360.000000,177.917999,-129.927994,134.934006,177.914001,127.919998,359.842987,177.000000,-702.000000,1863.000000,111.000000,431.000000,233.000000
1279,1743685249478711,178.000000,-130.000000,135.000000,178.000000,128.000000,360.000000,177.917999,-129.927994,134.934006,177.914001,127.919998,359.842987,177.000000,-702.000000,1863.000000,111.000000,431.000000,233.000000
1279,1743685249483267,178.000000,-130.000000,135.000000,178.000000,128.000000,360.000000,177.919006,-129.929001,134.934006,177.914001,127.920998,359.846008,183.000000,-702.000000,1891.000000,106.000000,437.000000,238.000000
1279,1743685249488804,178.000000,-130.000000,135.000000,178.000000,128.000000,360.000000,177.919006,-129.929001,134.934006,177.914993,127.926003,359.846985,183.000000,-685.000000,1862.000000,117.000000,431.000000,220.000000
1279,1743685249493267,178.000000,-130.000000,135.000000,178.000000,128.000000,360.000000,177.919998,-129.931000,134.934006,177.916000,127.926003,359.850006,190.000000,-719.000000,1896.000000,105.000000,438.000000,234.000000
1279,1743685249498848,178.000000,-130.000000,135.000000,178.000000,128.000000,360.000000,177.921997,-129.931000,134.934006,177.917999,127.924004,359.852997,180.000000,-701.000000,1889.000000,100.000000,433.000000,226.000000
1279,1743685249503322,178.000000,-130.000000,135.000000,178.000000,128.000000,360.000000,177.923004,-129.932007,134.936005,177.917999,127.926003,359.852997,164.000000,-693.000000,1895.000000,109.000000,448.000000,234.000000
1279,1743685249508908,178.000000,-130.000000,135.000000,178.000000,128.000000,360.000000,177.923004,-129.932007,134.936005,177.919006,127.926003,359.854004,178.000000,-701.000000,1889.000000,94.000000,443.000000,208.000000
1279,1743685249513415,178.000000,-130.000000,135.000000,178.000000,128.000000,360.000000,177.923996,-129.934998,134.938004,177.921997,127.927002,359.855011,187.000000,-698.000000,1905.000000,90.000000,446.000000,257.000000
1279,1743685249517891,178.000000,-130.000000,135.000000,178.000000,128.000000,360.000000,177.925995,-129.932999,134.938004,177.923004,127.927002,359.856995,153.000000,-700.000000,1903.000000,88.000000,441.000000,241.000000
1279,1743685249523470,178.000000,-130.000000,135.000000,178.000000,128.000000,360.000000,177.925995,-129.934998,134.938995,177.925003,127.928001,359.858002,137.000000,-714.000000,1916.000000,68.000000,455.000000,242.000000
1279,1743685249527896,178.000000,-130.000000,135.000000,178.000000,128.000000,360.000000,177.927002,-129.934998,134.938995,177.925003,127.930000,359.859009,174.000000,-692.000000,1900.000000,73.000000,453.000000,246.000000
1279,1743685249533400,178.000000,-130.000000,135.000000,178.000000,128.000000,360.000000,177.927994,-129.936005,134.940002,177.927002,127.930000,359.859009,154.000000,-695.000000,1908.000000,68.000000,453.000000,227.000000
1279,1743685249538882,178.000000,-130.000000,135.000000,178.000000,128.000000,360.000000,177.927994,-129.936005,134.942001,177.927002,127.931000,359.864014,160.000000,-704.000000,1931.000000,67.000000,455.000000,238.000000
1279,1743685249543290,178.000000,-130.000000,135.000000,178.000000,128.000000,360.000000,177.927002,-129.936005,134.942993,177.929993,127.931000,359.864990,147.000000,-721.000000,1932.000000,64.000000,465.000000,223.000000
1279,1743685249548761,178.000000,-130.000000,135.000000,178.000000,128.000000,360.000000,177.929993,-129.938995,134.942993,177.931000,127.931999,359.865997,157.000000,-711.000000,1929.000000,29.000000,462.000000,247.000000
1279,1743685249553163,178.000000,-130.000000,135.000000,178.000000,128.000000,360.000000,177.927994,-129.938004,134.945007,177.932999,127.931999,359.868011,135.000000,-707.000000,1914.000000,40.000000,469.000000,237.000000
1279,1743685249558629,178.000000,-130.000000,135.000000,178.000000,128.000000,360.000000,177.929993,-129.938995,134.945999,177.932999,127.931999,359.868988,140.000000,-732.000000,1913.000000,26.000000,456.000000,233.000000
1279,1743685249563030,178.000000,-130.000000,135.000000,178.000000,128.000000,360.000000,177.929993,-129.940002,134.947006,177.936996,127.933998,359.869995,152.000000,-734.000000,1905.000000,37.000000,470.000000,221.000000
1279,1743685249568520,178.000000,-130.000000,135.000000,178.000000,128.000000,360.000000,177.929993,-129.942001,134.949005,177.936996,127.933998,359.872986,136.000000,-718.000000,1910.000000,20.000000,473.000000,222.000000
1279,1743685249572910,178.000000,-130.000000,135.000000,178.000000,128.000000,360.000000,177.931000,-129.942001,134.949997,177.938004,127.934998,359.875000,113.000000,-715.000000,1900.000000,12.000000,473.000000,229.000000
1279,1743685249578430,178.000000,-130.000000,135.000000,178.000000,128.000000,360.000000,177.934006,-129.942993,134.951004,177.940994,127.936996,359.875000,127.000000,-711.000000,1885.000000,6.000000,473.000000,219.000000
1279,1743685249582865,178.000000,-130.000000,135.000000,178.000000,128.000000,360.000000,177.934998,-129.944000,134.949997,177.940994,127.936996,359.877014,126.000000,-726.000000,1883.000000,28.000000,477.000000,245.000000
1279,1743685249588423,178.000000,-130.000000,135.000000,178.000000,128.000000,360.000000,177.934006,-129.944000,134.953003,177.942001,127.936996,359.878998,110.000000,-719.000000,1895.000000,13.000000,481.000000,231.000000
1279,1743685249593982,178.000000,-130.000000,135.000000,178.000000,128.000000,360.000000,177.936996,-129.945999,134.955994,177.944000,127.936996,359.882996,117.000000,-723.000000,1872.000000,5.000000,486.000000,189.000000
1279,1743685249598478,178.000000,-130.000000,135.000000,178.000000,128.000000,360.000000,177.938004,-129.945999,134.955994,177.945007,127.936996,359.881012,96.000000,-726.000000,1898.000000,-18.000000,478.000000,257.000000
1279,1743685249602978,178.000000,-130.000000,135.000000,178.000000,128.000000,360.000000,177.938004,-129.947006,134.955994,177.945999,127.938004,359.884003,102.000000,-715.000000,1901.000000,0.000000,487.000000,205.000000
1279,1743685249608556,178.000000,-130.000000,135.000000,178.000000,128.000000,360.000000,177.938004,-129.947006,134.955994,177.945999,127.938004,359.884003,102.000000,-715.000000,1901.000000,0.000000,487.000000,205.000000
1279,1743685249613041,178.000000,-130.000000,135.000000,178.000000,128.000000,360.000000,177.938004,-129.947006,134.957001,177.947998,127.938004,359.888000,112.000000,-713.000000,1894.000000,0.000000,494.000000,186.000000
1279,1743685249618569,178.000000,-130.000000,135.000000,178.000000,128.000000,360.000000,177.940994,-129.949005,134.960007,177.949005,127.939003,359.888000,107.000000,-716.000000,1889.000000,-21.000000,481.000000,212.000000
1279,1743685249622996,178.000000,-130.000000,135.000000,178.000000,128.000000,360.000000,177.938995,-129.949997,134.960007,177.949005,127.941002,359.890015,100.000000,-713.000000,1896.000000,-12.000000,495.000000,222.000000
1279,1743685249628492,178.000000,-130.000000,135.000000,178.000000,128.000000,360.000000,177.940994,-129.949997,134.960999,177.951996,127.941002,359.890991,110.000000,-712.000000,1911.000000,-32.000000,489.000000,176.000000
1279,1743685249632862,178.000000,-130.000000,135.000000,178.000000,128.000000,360.000000,177.942001,-129.951004,134.962006,177.953003,127.942001,359.890991,109.000000,-729.000000,1908.000000,-9.000000,489.000000,263.000000
1279,1743685249638481,178.000000,-130.000000,135.000000,178.000000,128.000000,360.000000,177.944000,-129.951004,134.962006,177.955002,127.943001,359.891998,105.000000,-729.000000,1934.000000,-19.000000,494.000000,234.000000
1279,1743685249642982,178.000000,-130.000000,135.000000,178.000000,128.000000,360.000000,177.944000,-129.953003,134.962006,177.955002,127.943001,359.894012,103.000000,-725.000000,1918.000000,-11.000000,486.000000,245.000000
1279,1743685249648558,178.000000,-130.000000,135.000000,178.000000,128.000000,360.000000,177.945007,-129.953003,134.964996,177.955994,127.943001,359.894989,105.000000,-717.000000,1940.000000,-6.000000,495.000000,207.000000
1279,1743685249653026,178.000000,-130.000000,135.000000,178.000000,128.000000,360.000000,177.945999,-129.953995,134.964996,177.959000,127.945000,359.895996,109.000000,-719.000000,1935.000000,-10.000000,493.000000,156.000000
1279,1743685249658584,178.000000,-130.000000,135.000000,178.000000,128.000000,360.000000,177.945999,-129.953995,134.966995,177.960007,127.945000,359.898010,108.000000,-719.000000,1942.000000,-36.000000,502.000000,242.000000
1279,1743685249663055,178.000000,-130.000000,135.000000,178.000000,128.000000,360.000000,177.945999,-129.957001,134.966995,177.960007,127.945999,359.895996,101.000000,-716.000000,1945.000000,-13.000000,499.000000,205.000000
1279,1743685249668571,178.000000,-130.000000,135.000000,178.000000,128.000000,360.000000,177.945999,-129.957993,134.968002,177.962006,127.945999,359.898010,87.000000,-715.000000,1963.000000,-20.000000,497.000000,169.000000
1279,1743685249672975,178.000000,-130.000000,135.000000,178.000000,128.000000,360.000000,177.947998,-129.957001,134.968994,177.962997,127.945999,359.898987,83.000000,-707.000000,1960.000000,-31.000000,503.000000,205.000000
1279,1743685249678490,178.000000,-130.000000,135.000000,178.000000,128.000000,360.000000,177.949997,-129.957993,134.968994,177.964005,127.948997,359.901001,91.000000,-709.000000,1953.000000,-32.000000,500.000000,185.000000
1279,1743685249682915,178.000000,-130.000000,135.000000,178.000000,128.000000,360.000000,177.949997,-129.960007,134.972000,177.964005,127.948997,359.903015,89.000000,-695.000000,1979.000000,-24.000000,497.000000,151.000000
1279,1743685249688417,178.000000,-130.000000,135.000000,178.000000,128.000000,360.000000,177.951996,-129.960007,134.972000,177.966003,127.948997,359.903015,82.000000,-693.000000,1958.000000,-21.000000,509.000000,180.000000
1279,1743685249693902,178.000000,-130.000000,135.000000,178.000000,128.000000,360.000000,177.949997,-129.960999,134.972000,177.966995,127.949997,359.903015,109.000000,-707.000000,1970.000000,-45.000000,504.000000,172.000000
1279,1743685249698341,178.000000,-130.000000,135.000000,178.000000,128.000000,360.000000,177.953003,-129.960999,134.973007,177.968002,127.953003,359.903015,94.000000,-705.000000,1967.000000,-29.000000,511.000000,182.000000
1279,1743685249703909,178.000000,-130.000000,135.000000,178.000000,128.000000,360.000000,177.953003,-129.962006,134.975006,177.970001,127.953003,359.906006,108.000000,-695.000000,1981.000000,-40.000000,510.000000,174.000000
1279,1743685249708390,178.000000,-130.000000,135.000000,178.000000,128.000000,360.000000,177.953003,-129.964005,134.975998,177.970993,127.954002,359.907013,81.000000,-714.000000,1986.000000,-24.000000,505.000000,166.000000
1279,1743685249713942,178.000000,-130.000000,135.000000,178.000000,128.000000,360.000000,177.955994,-129.964005,134.975998,177.970993,127.956001,359.907013,80.000000,-682.000000,1996.000000,-27.000000,517.000000,164.000000
1279,1743685249718417,178.000000,-130.000000,135.000000,178.000000,128.000000,360.000000,177.955994,-129.964005,134.977997,177.973007,127.954002,359.907013,95.000000,-694.000000,1965.000000,-27.000000,511.000000,154.000000
1279,1743685249723968,178.000000,-130.000000,135.000000,178.000000,128.000000,360.000000,177.955994,-129.964005,134.977997,177.973999,127.957001,359.907013,86.000000,-700.000000,1982.000000,-35.000000,513.000000,152.000000
1279,1743685249728455,178.000000,-130.000000,135.000000,178.000000,128.000000,360.000000,177.957001,-129.968002,134.979004,177.973999,127.957001,359.908997,106.000000,-679.000000,2008.000000,-34.000000,522.000000,141.000000
1279,1743685249734050,178.000000,-130.000000,135.000000,178.000000,128.000000,360.000000,177.960999,-129.968002,134.979996,177.977005,127.959000,359.907013,98.000000,-699.000000,1997.000000,-28.000000,508.000000,159.000000
1279,1743685249738453,178.000000,-130.000000,135.000000,178.000000,128.000000,360.000000,177.960007,-129.968002,134.979996,177.977005,127.959999,359.910004,70.000000,-676.000000,1991.000000,-42.000000,508.000000,147.000000
1279,1743685249743924,178.000000,-130.000000,135.000000,178.000000,128.000000,360.000000,177.962997,-129.968002,134.981995,177.977005,127.959999,359.910004,95.000000,-675.000000,2011.000000,-33.000000,524.000000,177.000000
1279,1743685249748328,178.000000,-130.000000,135.000000,178.000000,128.000000,360.000000,177.960999,-129.970001,134.983002,177.977997,127.959999,359.908997,81.000000,-672.000000,2011.000000,-26.000000,514.000000,180.000000
1279,1743685249753793,178.000000,-130.000000,135.000000,178.000000,128.000000,360.000000,177.962997,-129.970001,134.981995,177.979004,127.960999,359.911987,90.000000,-676.000000,2010.000000,-40.000000,504.000000,163.000000
1279,1743685249758208,178.000000,-130.000000,135.000000,178.000000,128.000000,360.000000,177.964005,-129.972000,134.983994,177.981003,127.960999,359.911987,83.000000,-653.000000,2034.000000,-32.000000,510.000000,130.000000
1279,1743685249763679,178.000000,-130.000000,135.000000,178.000000,128.000000,360.000000,177.966995,-129.972000,134.983002,177.981995,127.962997,359.912994,80.000000,-673.000000,2051.000000,-39.000000,518.000000,153.000000
1279,1743685249768095,178.000000,-130.000000,135.000000,178.000000,128.000000,360.000000,177.964005,-129.973007,134.983994,177.983994,127.963997,359.912994,73.000000,-669.000000,2062.000000,-32.000000,510.000000,149.000000
1279,1743685249773614,178.000000,-130.000000,135.000000,178.000000,128.000000,360.000000,177.966995,-129.973007,134.985992,177.983994,127.964996,359.914001,85.000000,-668.000000,2047.000000,-32.000000,509.000000,153.000000
1279,1743685249778044,178.000000,-130.000000,135.000000,178.000000,128.000000,360.000000,177.966995,-129.973007,134.985992,177.983994,127.964996,359.914001,85.000000,-668.000000,2047.000000,-32.000000,509.000000,153.000000
1279,1743685249783584,178.000000,-130.000000,135.000000,178.000000,128.000000,360.000000,177.966995,-129.975006,134.985992,177.983994,127.964996,359.915985,104.000000,-661.000000,2056.000000,-23.000000,513.000000,116.000000
1279,1743685249788076,178.000000,-130.000000,135.000000,178.000000,128.000000,360.000000,177.966003,-129.975006,134.987000,177.985001,127.967003,359.914001,104.000000,-662.000000,2055.000000,-50.000000,519.000000,142.000000
1279,1743685249793655,178.000000,-130.000000,135.000000,178.000000,128.000000,360.000000,177.966995,-129.977005,134.987000,177.985001,127.967003,359.915985,89.000000,-650.000000,2068.000000,-39.000000,503.000000,165.000000
1279,1743685249799213,178.000000,-130.000000,135.000000,178.000000,128.000000,360.000000,177.968002,-129.979004,134.988998,177.985992,127.970001,359.915985,100.000000,-651.000000,2062.000000,-35.000000,512.000000,143.000000
1279,1743685249803648,178.000000,-130.000000,135.000000,178.000000,128.000000,360.000000,177.968002,-129.977005,134.990005,177.988007,127.971001,359.914001,91.000000,-647.000000,2054.000000,-45.000000,504.000000,144.000000
1279,1743685249808113,178.000000,-130.000000,135.000000,178.000000,128.000000,360.000000,177.970001,-129.979004,134.988998,177.988998,127.972000,359.917999,100.000000,-633.000000,2091.000000,-29.000000,489.000000,147.000000
1279,1743685249813667,178.000000,-130.000000,135.000000,178.000000,128.000000,360.000000,177.972000,-129.979996,134.990997,177.988007,127.973999,359.917999,103.000000,-652.000000,2097.000000,-30.000000,493.000000,115.000000
1279,1743685249818095,178.000000,-130.000000,135.000000,178.000000,128.000000,360.000000,177.970993,-129.981003,134.992996,177.990005,127.972000,359.917999,105.000000,-658.000000,2096.000000,-15.000000,481.000000,134.000000
1279,1743685249823594,178.000000,-130.000000,135.000000,178.000000,128.000000,360.000000,177.972000,-129.981003,134.992996,177.990005,127.972000,359.917999,101.000000,-655.000000,2126.000000,-16.000000,488.000000,138.000000
1279,1743685249828047,178.000000,-130.000000,135.000000,178.000000,128.000000,360.000000,177.972000,-129.983002,134.992996,177.992004,127.974998,359.920013,108.000000,-640.000000,2118.000000,-25.000000,468.000000,145.000000
1279,1743685249833589,178.000000,-130.000000,135.000000,178.000000,128.000000,360.000000,177.973999,-129.981003,134.994003,177.992004,127.974998,359.920013,88.000000,-638.000000,2137.000000,-13.000000,476.000000,138.000000
1279,1743685249838064,178.000000,-130.000000,135.000000,178.000000,128.000000,360.000000,177.975006,-129.983994,134.994995,177.992004,127.977997,359.920013,115.000000,-642.000000,2121.000000,-10.000000,495.000000,133.000000
1279,1743685249843610,178.000000,-130.000000,135.000000,178.000000,128.000000,360.000000,177.975006,-129.983002,134.996994,177.992996,127.977997,359.920013,98.000000,-619.000000,2128.000000,-7.000000,492.000000,152.000000
1279,1743685249848086,178.000000,-130.000000,135.000000,178.000000,128.000000,360.000000,177.975006,-129.985992,134.996994,177.992996,127.978996,359.923004,101.000000,-632.000000,2088.000000,1.000000,462.000000,126.000000
1279,1743685249853647,178.000000,-130.000000,135.000000,178.000000,128.000000,360.000000,177.977005,-129.985992,134.994995,177.994995,127.982002,359.923004,111.000000,-625.000000,2100.000000,-2.000000,468.000000,135.000000
1279,1743685249858135,178.000000,-130.000000,135.000000,178.000000,128.000000,360.000000,177.977005,-129.990005,134.998001,177.994995,127.982002,359.924011,103.000000,-606.000000,2077.000000,-9.000000,458.000000,113.000000
1279,1743685249863702,178.000000,-130.000000,135.000000,178.000000,128.000000,360.000000,177.977005,-129.988007,134.998001,177.996002,127.983002,359.923004,108.000000,-612.000000,2096.000000,-12.000000,470.000000,171.000000
1279,1743685249868172,178.000000,-130.000000,135.000000,178.000000,128.000000,360.000000,177.979004,-129.990997,134.998993,177.996002,127.985001,359.923004,113.000000,-614.000000,2083.000000,-13.000000,457.000000,109.000000
1279,1743685249873731,178.000000,-130.000000,135.000000,178.000000,128.000000,360.000000,177.979004,-129.990997,134.998001,177.996002,127.986000,359.924988,107.000000,-584.000000,2088.000000,-16.000000,445.000000,115.000000
1279,1743685249878216,178.000000,-130.000000,135.000000,178.000000,128.000000,360.000000,177.981003,-129.992996,134.998001,177.996002,127.988998,359.924988,128.000000,-593.000000,2091.000000,-19.000000,439.000000,122.000000
1279,1743685249883769,178.000000,-130.000000,135.000000,178.000000,128.000000,360.000000,177.979004,-129.990997,134.998001,177.996002,127.987000,359.924988,126.000000,-596.000000,2098.000000,-14.000000,428.000000,82.000000
1279,1743685249888281,178.000000,-130.000000,135.000000,178.000000,128.000000,360.000000,177.981995,-129.992996,134.998001,177.996002,127.988998,359.924988,120.000000,-603.000000,2103.000000,-21.000000,443.000000,173.000000
1279,1743685249893832,178.000000,-130.000000,135.000000,178.000000,128.000000,360.000000,177.983002,-129.994003,134.998993,177.996002,127.989998,359.927002,129.000000,-592.000000,2083.000000,-24.000000,426.000000,125.000000
1279,1743685249898441,178.000000,-130.000000,135.000000,178.000000,128.000000,360.000000,177.981995,-129.994995,134.998001,177.996002,127.992996,359.928009,120.000000,-603.000000,2096.000000,-18.000000,409.000000,155.000000
1279,1743685249903943,178.000000,-130.000000,135.000000,178.000000,128.000000,360.000000,177.985001,-129.994003,134.998001,177.996994,127.992996,359.928009,118.000000,-605.000000,2096.000000,-17.000000,414.000000,177.000000
1279,1743685249908361,178.000000,-130.000000,135.000000,178.000000,128.000000,360.000000,177.985001,-129.996994,134.998001,177.996994,127.994003,359.928009,130.000000,-605.000000,2093.000000,-21.000000,425.000000,174.000000
1279,1743685249913870,178.000000,-130.000000,135.000000,178.000000,128.000000,360.000000,177.985992,-129.994995,134.998993,177.996994,127.996002,359.928986,130.000000,-602.000000,2089.000000,-15.000000,396.000000,165.000000
1279,1743685249918306,178.000000,-130.000000,135.000000,178.000000,128.000000,360.000000,177.988007,-129.996994,134.998993,177.996994,127.997002,359.928986,131.000000,-570.000000,2094.000000,-20.000000,422.000000,154.000000
1279,1743685249923886,178.000000,-130.000000,135.000000,178.000000,128.000000,360.000000,177.985992,-129.996994,134.998993,177.996994,127.998001,359.928009,135.000000,-567.000000,2098.000000,-16.000000,391.000000,138.000000
1279,1743685249928358,178.000000,-130.000000,135.000000,178.000000,128.000000,360.000000,177.985992,-129.998001,134.998001,177.996994,127.998001,359.931000,148.000000,-573.000000,2086.000000,-24.000000,400.000000,136.000000
1279,1743685249933922,178.000000,-130.000000,135.000000,178.000000,128.000000,360.000000,177.990005,-129.998001,134.998993,177.998993,128.000000,359.928986,148.000000,-565.000000,2091.000000,-25.000000,390.000000,121.000000
1279,1743685249938450,178.000000,-130.000000,135.000000,178.000000,128.000000,360.000000,177.990005,-129.998001,135.001007,177.996994,127.998001,359.931000,146.000000,-567.000000,2090.000000,-26.000000,388.000000,144.000000
1279,1743685249942924,178.000000,-130.000000,135.000000,178.000000,128.000000,360.000000,177.992004,-129.998993,134.998001,177.996994,128.001007,359.931000,142.000000,-565.000000,2099.000000,-17.000000,402.000000,143.000000
1279,1743685249948496,178.000000,-130.000000,135.000000,178.000000,128.000000,360.000000,177.992996,-129.998001,134.998993,177.998993,128.000000,359.933990,164.000000,-561.000000,2099.000000,-24.000000,384.000000,149.000000
1279,1743685249952963,178.000000,-130.000000,135.000000,178.000000,128.000000,360.000000,177.992996,-129.998993,134.998001,177.998993,128.001007,359.933990,155.000000,-564.000000,2086.000000,-26.000000,390.000000,119.000000
1279,1743685249958594,178.000000,-130.000000,135.000000,178.000000,128.000000,360.000000,177.992996,-129.998993,134.998001,177.998993,128.003006,359.933990,174.000000,-559.000000,2092.000000,-24.000000,375.000000,125.000000
1279,1743685249963135,178.000000,-130.000000,135.000000,178.000000,128.000000,360.000000,177.992996,-129.998993,134.998993,177.998993,128.003006,359.934998,160.000000,-563.000000,2099.000000,-25.000000,373.000000,111.000000
1279,1743685249968669,178.000000,-130.000000,135.000000,178.000000,128.000000,360.000000,177.994003,-129.998993,134.998993,177.998993,128.003998,359.934998,157.000000,-553.000000,2092.000000,-19.000000,379.000000,115.000000
1279,1743685249973146,178.000000,-130.000000,135.000000,178.000000,128.000000,360.000000,177.994003,-129.998993,134.996994,178.000000,128.003006,359.936005,183.000000,-558.000000,2095.000000,-18.000000,368.000000,104.000000
1279,1743685249978749,178.000000,-130.000000,135.000000,178.000000,128.000000,360.000000,177.996002,-129.998993,134.998993,177.998993,128.003998,359.936005,166.000000,-559.000000,2091.000000,-22.000000,370.000000,93.000000
1279,1743685249983311,178.000000,-130.000000,135.000000,178.000000,128.000000,360.000000,177.996994,-130.001007,134.998993,177.998993,128.003998,359.937988,154.000000,-557.000000,2097.000000,-27.000000,368.000000,126.000000
1279,1743685249988875,178.000000,-130.000000,135.000000,178.000000,128.000000,360.000000,177.996994,-130.001007,134.998993,177.998993,128.003998,359.937988,154.000000,-557.000000,2097.000000,-27.000000,368.000000,126.000000
1279,1743685249993374,178.000000,-130.000000,135.000000,178.000000,128.000000,360.000000,177.996994,-129.998993,134.998993,178.000000,128.003998,359.940002,152.000000,-556.000000,2093.000000,-22.000000,356.000000,94.000000
1279,1743685249998951,178.000000,-130.000000,135.000000,178.000000,128.000000,360.000000,177.996994,-129.998993,134.998993,178.000000,128.005005,359.940002,152.000000,-560.000000,2095.000000,-26.000000,345.000000,109.000000
1279,1743685250003458,178.000000,-130.000000,135.000000,178.000000,128.000000,360.000000,177.996994,-129.998993,134.998993,178.000000,128.005005,359.940002,152.000000,-560.000000,2095.000000,-26.000000,345.000000,109.000000
1279,1743685250008011,178.000000,-130.000000,135.000000,178.000000,128.000000,360.000000,177.996002,-130.001007,134.998993,178.000000,128.003998,359.941986,153.000000,-559.000000,2087.000000,-27.000000,347.000000,135.000000
1279,1743685250013613,178.000000,-130.000000,135.000000,178.000000,128.000000,360.000000,177.998993,-130.001007,134.998993,178.000000,128.003998,359.941986,164.000000,-558.000000,2092.000000,-28.000000,336.000000,112.000000
1279,1743685250018092,178.000000,-130.000000,135.000000,178.000000,128.000000,360.000000,177.998993,-129.998993,134.998993,178.000000,128.003998,359.941986,173.000000,-559.000000,2086.000000,-28.000000,346.000000,103.000000
1279,1743685250023715,178.000000,-130.000000,135.000000,178.000000,128.000000,360.000000,177.996994,-129.998993,134.998993,178.001007,128.003998,359.942993,160.000000,-558.000000,2096.000000,-22.000000,321.000000,106.000000
1279,1743685250028225,178.000000,-130.000000,135.000000,178.000000,128.000000,360.000000,177.998993,-129.998993,134.998001,178.000000,128.003006,359.945007,164.000000,-558.000000,2095.000000,-25.000000,323.000000,58.000000
1279,1743685250033742,178.000000,-130.000000,135.000000,178.000000,128.000000,360.000000,177.996994,-130.001007,135.001007,178.001007,128.003998,359.942993,167.000000,-558.000000,2099.000000,-26.000000,319.000000,129.000000
1279,1743685250038175,178.000000,-130.000000,135.000000,178.000000,128.000000,360.000000,177.996994,-130.001007,134.998001,178.001007,128.003998,359.946991,161.000000,-559.000000,2083.000000,-36.000000,317.000000,129.000000
1279,1743685250043725,178.000000,-130.000000,135.000000,178.000000,128.000000,360.000000,177.996994,-130.001007,134.998001,178.003006,128.005005,359.945007,160.000000,-551.000000,2095.000000,-29.000000,314.000000,98.000000
1279,1743685250048266,178.000000,-130.000000,135.000000,178.000000,128.000000,360.000000,177.998993,-130.001007,134.998001,178.001007,128.003998,359.946014,158.000000,-554.000000,2098.000000,-31.000000,294.000000,109.000000
1279,1743685250053818,178.000000,-130.000000,135.000000,178.000000,128.000000,360.000000,177.996994,-130.001007,135.001007,178.001007,128.005005,359.946991,159.000000,-547.000000,2092.000000,-37.000000,297.000000,101.000000
1279,1743685250058300,178.000000,-130.000000,135.000000,178.000000,128.000000,360.000000,177.998993,-130.001007,135.001007,178.003006,128.005005,359.946991,159.000000,-547.000000,2100.000000,-30.000000,286.000000,89.000000
1279,1743685250063916,178.000000,-130.000000,135.000000,178.000000,128.000000,360.000000,177.998993,-129.998993,134.998993,178.003006,128.005005,359.946991,166.000000,-548.000000,2081.000000,-37.000000,293.000000,70.000000
1279,1743685250068463,178.000000,-130.000000,135.000000,178.000000,128.000000,360.000000,177.996994,-130.001007,134.998993,178.003006,128.003998,359.946991,164.000000,-547.000000,2109.000000,-25.000000,284.000000,79.000000
1279,1743685250072991,178.000000,-130.000000,135.000000,178.000000,128.000000,360.000000,177.996994,-130.001007,134.998993,178.003006,128.003998,359.950012,169.000000,-550.000000,2062.000000,-31.000000,275.000000,63.000000
1279,1743685250078540,178.000000,-130.000000,135.000000,178.000000,128.000000,360.000000,177.996994,-130.001007,134.998993,178.003998,128.003998,359.950989,170.000000,-555.000000,2087.000000,-35.000000,274.000000,46.000000
1279,1743685250082995,178.000000,-130.000000,135.000000,178.000000,128.000000,360.000000,177.998993,-130.001007,134.998001,178.003006,128.003998,359.950989,164.000000,-550.000000,2082.000000,-37.000000,274.000000,108.000000
1279,1743685250088596,178.000000,-130.000000,135.000000,178.000000,128.000000,360.000000,177.998993,-130.001999,134.998993,178.003006,128.003998,359.953003,166.000000,-552.000000,2093.000000,-34.000000,258.000000,93.000000
1279,1743685250093127,178.000000,-130.000000,135.000000,178.000000,128.000000,360.000000,177.998993,-130.001007,134.998993,178.003006,128.003006,359.950989,165.000000,-551.000000,2084.000000,-39.000000,259.000000,109.000000
1279,1743685250098693,178.000000,-130.000000,135.000000,178.000000,128.000000,360.000000,177.998993,-130.001007,134.998993,178.003998,128.005005,359.953003,171.000000,-553.000000,2069.000000,-43.000000,260.000000,108.000000
1279,1743685250103178,178.000000,-130.000000,135.000000,178.000000,128.000000,360.000000,178.000000,-130.001007,134.998001,178.003998,128.003998,359.953003,172.000000,-553.000000,2086.000000,-58.000000,250.000000,115.000000
1279,1743685250108754,178.000000,-130.000000,135.000000,178.000000,128.000000,360.000000,177.998993,-130.001999,135.001007,178.003998,128.003998,359.953003,170.000000,-552.000000,2096.000000,-49.000000,240.000000,70.000000
1279,1743685250113304,178.000000,-130.000000,135.000000,178.000000,128.000000,360.000000,177.996994,-130.001007,134.998993,178.003006,128.003998,359.953003,171.000000,-543.000000,2073.000000,-50.000000,235.000000,43.000000
1279,1743685250118854,178.000000,-130.000000,135.000000,178.000000,128.000000,360.000000,177.996994,-130.001007,134.998993,178.003006,128.003998,359.953003,171.000000,-543.000000,2073.000000,-50.000000,235.000000,43.000000
1279,1743685250123330,178.000000,-130.000000,135.000000,178.000000,128.000000,360.000000,177.996994,-130.001999,134.998993,178.003006,128.003998,359.954010,167.000000,-547.000000,2093.000000,-46.000000,233.000000,67.000000
1279,1743685250128887,178.000000,-130.000000,135.000000,178.000000,128.000000,360.000000,177.998993,-130.001999,134.998993,178.003006,128.005005,359.957001,168.000000,-535.000000,2074.000000,-52.000000,235.000000,50.000000
1279,1743685250133414,178.000000,-130.000000,135.000000,178.000000,128.000000,360.000000,177.998993,-130.001007,134.998993,178.003006,128.003998,359.958008,168.000000,-536.000000,2086.000000,-70.000000,212.000000,58.000000
1279,1743685250138971,178.000000,-130.000000,135.000000,178.000000,128.000000,360.000000,177.998993,-130.001007,135.001007,178.003998,128.003998,359.958008,169.000000,-540.000000,2079.000000,-69.000000,230.000000,100.000000
1279,1743685250143437,178.000000,-130.000000,135.000000,178.000000,128.000000,360.000000,177.996994,-130.001999,134.998001,178.003998,128.003998,359.958008,163.000000,-536.000000,2076.000000,-83.000000,212.000000,57.000000
1279,1743685250147900,178.000000,-130.000000,135.000000,178.000000,128.000000,360.000000,177.996994,-130.001007,134.998993,178.003006,128.005005,359.958008,167.000000,-534.000000,2096.000000,-75.000000,202.000000,58.000000
1279,1743685250153495,178.000000,-130.000000,135.000000,178.000000,128.000000,360.000000,177.998993,-130.001007,134.998993,178.003006,128.003998,359.959991,155.000000,-537.000000,2085.000000,-89.000000,215.000000,69.000000
1279,1743685250159042,178.000000,-130.000000,135.000000,178.000000,128.000000,360.000000,177.998993,-130.001007,134.998993,178.003998,128.003998,359.960999,172.000000,-541.000000,2087.000000,-92.000000,195.000000,53.000000
1279,1743685250163570,178.000000,-130.000000,135.000000,178.000000,128.000000,360.000000,177.996994,-130.001999,134.998993,178.005997,128.005005,359.962006,160.000000,-538.000000,2084.000000,-97.000000,210.000000,35.000000
1279,1743685250168055,178.000000,-130.000000,135.000000,178.000000,128.000000,360.000000,177.996994,-130.001999,134.998993,178.003006,128.003998,359.963989,166.000000,-535.000000,2080.000000,-100.000000,193.000000,64.000000
1279,1743685250173627,178.000000,-130.000000,135.000000,178.000000,128.000000,360.000000,177.998993,-130.001999,134.998993,178.003998,128.003998,359.963989,168.000000,-544.000000,2097.000000,-106.000000,188.000000,43.000000
1279,1743685250178113,178.000000,-130.000000,135.000000,178.000000,128.000000,360.000000,177.998993,-130.001007,135.001007,178.003006,128.003998,359.962006,169.000000,-526.000000,2089.000000,-110.000000,184.000000,32.000000
1279,1743685250183677,178.000000,-130.000000,135.000000,178.000000,128.000000,360.000000,177.998993,-130.001007,134.998993,178.003998,128.005005,359.967010,173.000000,-521.000000,2086.000000,-101.000000,177.000000,22.000000
1279,1743685250188173,178.000000,-130.000000,135.000000,178.000000,128.000000,360.000000,177.996994,-130.001999,135.001007,178.003006,128.003998,359.963989,164.000000,-531.000000,2083.000000,-110.000000,181.000000,73.000000
1279,1743685250193817,178.000000,-130.000000,135.000000,178.000000,128.000000,360.000000,177.996994,-130.003006,134.998993,178.003006,128.003998,359.964996,170.000000,-530.000000,2090.000000,-118.000000,175.000000,42.000000
1279,1743685250198255,178.000000,-130.000000,135.000000,178.000000,128.000000,360.000000,177.998993,-130.001007,134.998993,178.003998,128.005005,359.967010,167.000000,-518.000000,2075.000000,-115.000000,159.000000,34.000000
1279,1743685250203811,178.000000,-130.000000,135.000000,178.000000,128.000000,360.000000,177.996994,-130.001999,134.998993,178.003006,128.003998,359.967010,169.000000,-522.000000,2082.000000,-122.000000,168.000000,26.000000
1279,1743685250208304,178.000000,-130.000000,135.000000,178.000000,128.000000,360.000000,178.000000,-130.001999,134.998993,178.003998,128.003998,359.967010,175.000000,-514.000000,2085.000000,-117.000000,150.000000,34.000000
1279,1743685250213847,178.000000,-130.000000,135.000000,178.000000,128.000000,360.000000,177.998993,-130.001999,134.998993,178.003006,128.005005,359.967987,168.000000,-517.000000,2084.000000,-124.000000,155.000000,40.000000
1279,1743685250218376,178.000000,-130.000000,135.000000,178.000000,128.000000,360.000000,177.998993,-130.001999,134.998993,178.003998,128.003998,359.968994,174.000000,-517.000000,2084.000000,-118.000000,140.000000,41.000000
1279,1743685250223950,178.000000,-130.000000,135.000000,178.000000,128.000000,360.000000,177.996994,-130.001999,135.001007,178.003998,128.003998,359.971008,171.000000,-519.000000,2078.000000,-126.000000,141.000000,47.000000
1279,1743685250228428,178.000000,-130.000000,135.000000,178.000000,128.000000,360.000000,177.998993,-130.001999,134.998993,178.003998,128.005005,359.968994,176.000000,-528.000000,2083.000000,-135.000000,143.000000,66.000000
1279,1743685250233994,178.000000,-130.000000,135.000000,178.000000,128.000000,360.000000,177.998993,-130.001007,134.998001,178.003998,128.003998,359.971008,172.000000,-515.000000,2081.000000,-129.000000,131.000000,30.000000
1279,1743685250238519,178.000000,-130.000000,135.000000,178.000000,128.000000,360.000000,177.998993,-130.001999,134.998993,178.003006,128.003998,359.971008,185.000000,-512.000000,2086.000000,-146.000000,124.000000,-2.000000
1279,1743685250243019,178.000000,-130.000000,135.000000,178.000000,128.000000,360.000000,177.998993,-130.001999,134.998993,178.003006,128.003998,359.971985,182.000000,-522.000000,2083.000000,-138.000000,123.000000,-3.000000
1279,1743685250248609,178.000000,-130.000000,135.000000,178.000000,128.000000,360.000000,177.998993,-130.001007,135.001007,178.003998,128.005005,359.972992,173.000000,-518.000000,2091.000000,-140.000000,112.000000,48.000000
1279,1743685250253066,178.000000,-130.000000,135.000000,178.000000,128.000000,360.000000,177.998993,-130.001999,134.998993,178.003998,128.003998,359.972992,178.000000,-523.000000,2086.000000,-148.000000,112.000000,18.000000
1279,1743685250258609,178.000000,-130.000000,135.000000,178.000000,128.000000,360.000000,177.998993,-130.001999,134.998993,178.003006,128.005005,359.975006,173.000000,-523.000000,2085.000000,-140.000000,108.000000,14.000000
1279,1743685250263105,178.000000,-130.000000,135.000000,178.000000,128.000000,360.000000,177.998993,-130.001007,135.001007,178.003006,128.003998,359.975006,176.000000,-517.000000,2089.000000,-147.000000,107.000000,19.000000
1279,1743685250268680,178.000000,-130.000000,135.000000,178.000000,128.000000,360.000000,177.998993,-130.001999,134.998993,178.003998,128.003998,359.975006,176.000000,-522.000000,2085.000000,-149.000000,94.000000,16.000000
1279,1743685250273153,178.000000,-130.000000,135.000000,178.000000,128.000000,360.000000,177.998993,-130.001007,134.998993,178.003006,128.003998,359.976013,166.000000,-521.000000,2095.000000,-147.000000,96.000000,12.000000
1279,1743685250278711,178.000000,-130.000000,135.000000,178.000000,128.000000,360.000000,178.000000,-130.001999,134.998993,178.003998,128.003998,359.976013,171.000000,-520.000000,2086.000000,-147.000000,82.000000,37.000000
1279,1743685250283210,178.000000,-130.000000,135.000000,178.000000,128.000000,360.000000,177.996994,-130.001999,134.998993,178.003998,128.003998,359.976013,178.000000,-521.000000,2084.000000,-167.000000,79.000000,3.000000
1279,1743685250288795,178.000000,-130.000000,135.000000,178.000000,128.000000,360.000000,177.996994,-130.001999,134.998993,178.003998,128.003998,359.976013,178.000000,-521.000000,2084.000000,-167.000000,79.000000,3.000000
1279,1743685250293295,178.000000,-130.000000,135.000000,178.000000,128.000000,360.000000,177.998993,-130.001999,135.001007,178.003998,128.003998,359.977997,179.000000,-521.000000,2093.000000,-179.000000,74.000000,24.000000
1279,1743685250298869,178.000000,-130.000000,135.000000,178.000000,128.000000,360.000000,177.996994,-130.001007,134.998993,178.003998,128.005005,359.979004,173.000000,-519.000000,2080.000000,-170.000000,73.000000,44.000000
1279,1743685250303341,178.000000,-130.000000,135.000000,178.000000,128.000000,360.000000,177.996994,-130.001007,134.998993,178.003998,128.005005,359.979004,173.000000,-519.000000,2080.000000,-170.000000,73.000000,44.000000
1279,1743685250308849,178.000000,-130.000000,135.000000,178.000000,128.000000,360.000000,177.998993,-130.001999,134.998993,178.003998,128.003998,359.979004,173.000000,-518.000000,2079.000000,-174.000000,71.000000,23.000000
1279,1743685250313354,178.000000,-130.000000,135.000000,178.000000,128.000000,360.000000,177.998993,-130.001999,134.998993,178.003998,128.005005,359.979004,176.000000,-512.000000,2084.000000,-167.000000,56.000000,34.000000
1279,1743685250318943,178.000000,-130.000000,135.000000,178.000000,128.000000,360.000000,177.998993,-130.001999,134.998993,178.003998,128.005005,359.979004,176.000000,-512.000000,2084.000000,-167.000000,56.000000,34.000000
1279,1743685250323484,178.000000,-130.000000,135.000000,178.000000,128.000000,360.000000,178.000000,-130.001999,135.001007,178.003006,128.005005,359.979004,170.000000,-510.000000,2084.000000,-172.000000,50.000000,38.000000
1279,1743685250328017,178.000000,-130.000000,135.000000,178.000000,128.000000,360.000000,177.998993,-130.003006,134.998993,178.003006,128.003998,359.980011,170.000000,-510.000000,2082.000000,-182.000000,63.000000,1.000000
1279,1743685250333633,178.000000,-130.000000,135.000000,178.000000,128.000000,360.000000,178.000000,-130.001007,134.998993,178.003006,128.003998,359.980011,177.000000,-504.000000,2086.000000,-178.000000,45.000000,52.000000
1279,1743685250338377,178.000000,-130.000000,135.000000,178.000000,128.000000,360.000000,178.000000,-130.001007,134.998993,178.003998,128.005005,359.980011,167.000000,-504.000000,2086.000000,-173.000000,25.000000,48.000000
1279,1743685250343922,178.000000,-130.000000,135.000000,178.000000,128.000000,360.000000,178.000000,-130.001999,134.998993,178.003998,128.003998,359.981995,170.000000,-497.000000,2074.000000,-193.000000,41.000000,34.000000
1279,1743685250348477,178.000000,-130.000000,135.000000,178.000000,128.000000,360.000000,178.000000,-130.001999,135.001007,178.003998,128.003998,359.980011,171.000000,-497.000000,2083.000000,-196.000000,35.000000,36.000000
1279,1743685250352994,178.000000,-130.000000,135.000000,178.000000,128.000000,360.000000,178.000000,-130.001999,135.001007,178.003006,128.005005,359.981995,170.000000,-496.000000,2074.000000,-189.000000,36.000000,6.000000
1279,1743685250358570,178.000000,-130.000000,135.000000,178.000000,128.000000,360.000000,178.000000,-130.001007,134.998993,178.003006,128.003998,359.983002,174.000000,-492.000000,2077.000000,-182.000000,26.000000,16.000000
1279,1743685250363010,178.000000,-130.000000,135.000000,178.000000,128.000000,360.000000,177.998993,-130.001007,135.001007,178.003006,128.003998,359.984009,179.000000,-503.000000,2077.000000,-190.000000,31.000000,32.000000
1279,1743685250368544,178.000000,-130.000000,135.000000,178.000000,128.000000,360.000000,178.001007,-130.001999,135.001007,178.003006,128.003998,359.983002,175.000000,-497.000000,2092.000000,-191.000000,28.000000,32.000000
1279,1743685250373034,178.000000,-130.000000,135.000000,178.000000,128.000000,360.000000,178.000000,-130.001999,135.001007,178.003998,128.003998,359.983002,167.000000,-492.000000,2070.000000,-186.000000,23.000000,23.000000
1279,1743685250378613,178.000000,-130.000000,135.000000,178.000000,128.000000,360.000000,178.000000,-130.001999,135.001999,178.003998,128.003006,359.984009,171.000000,-503.000000,2091.000000,-205.000000,22.000000,56.000000
1279,1743685250383106,178.000000,-130.000000,135.000000,178.000000,128.000000,360.000000,178.000000,-130.001999,135.001007,178.003006,128.003006,359.984009,167.000000,-503.000000,2083.000000,-205.000000,22.000000,16.000000
1279,1743685250388681,178.000000,-130.000000,135.000000,178.000000,128.000000,360.000000,178.000000,-130.001999,134.998993,178.003006,128.003006,359.984009,168.000000,-500.000000,2079.000000,-200.000000,25.000000,8.000000
1279,1743685250393173,178.000000,-130.000000,135.000000,178.000000,128.000000,360.000000,177.998993,-130.001999,134.998993,178.003006,128.003006,359.984009,172.000000,-496.000000,2084.000000,-196.000000,29.000000,30.000000
1279,1743685250398748,178.000000,-130.000000,135.000000,178.000000,128.000000,360.000000,178.000000,-130.001999,134.998001,178.003006,128.003006,359.985992,166.000000,-489.000000,2087.000000,-196.000000,27.000000,39.000000
1279,1743685250403251,178.000000,-130.000000,135.000000,178.000000,128.000000,360.000000,178.000000,-130.001007,134.998993,178.003998,128.003006,359.987000,169.000000,-496.000000,2094.000000,-197.000000,33.000000,53.000000
1279,1743685250408792,178.000000,-130.000000,135.000000,178.000000,128.000000,360.000000,177.998993,-130.001999,134.998993,178.003006,128.003006,359.987000,178.000000,-494.000000,2088.000000,-213.000000,34.000000,36.000000
1279,1743685250413257,178.000000,-130.000000,135.000000,178.000000,128.000000,360.000000,177.998993,-130.001999,135.001007,178.003006,128.003006,359.985992,171.000000,-494.000000,2080.000000,-211.000000,28.000000,55.000000
1279,1743685250418757,178.000000,-130.000000,135.000000,178.000000,128.000000,360.000000,178.000000,-130.001007,135.001007,178.001007,128.003006,359.985992,173.000000,-491.000000,2095.000000,-214.000000,20.000000,27.000000
1279,1743685250423215,178.000000,-130.000000,135.000000,178.000000,128.000000,360.000000,178.000000,-130.001007,134.998993,178.003006,128.003006,359.985992,173.000000,-492.000000,2088.000000,-210.000000,30.000000,66.000000
1279,1743685250428820,178.000000,-130.000000,135.000000,178.000000,128.000000,360.000000,177.998993,-130.001007,135.001007,178.003006,128.003006,359.988007,172.000000,-492.000000,2091.000000,-214.000000,19.000000,19.000000
1279,1743685250433348,178.000000,-130.000000,135.000000,178.000000,128.000000,360.000000,178.000000,-130.001999,135.001007,178.003006,128.003006,359.987000,174.000000,-481.000000,2091.000000,-212.000000,29.000000,49.000000
1279,1743685250438911,178.000000,-130.000000,135.000000,178.000000,128.000000,360.000000,178.000000,-130.001999,135.001007,178.001007,128.003006,359.988007,175.000000,-478.000000,2088.000000,-210.000000,31.000000,44.000000
1279,1743685250443412,178.000000,-130.000000,135.000000,178.000000,128.000000,360.000000,177.998993,-130.001999,134.998993,178.003006,128.001007,359.988007,177.000000,-480.000000,2088.000000,-211.000000,21.000000,43.000000
1279,1743685250449024,178.000000,-130.000000,135.000000,178.000000,128.000000,360.000000,178.001007,-130.001999,134.998993,178.003006,128.001007,359.988007,175.000000,-481.000000,2078.000000,-206.000000,25.000000,26.000000
1279,1743685250453558,178.000000,-130.000000,135.000000,178.000000,128.000000,360.000000,178.001007,-130.001999,134.998993,178.003006,128.001007,359.989990,173.000000,-486.000000,2083.000000,-203.000000,20.000000,16.000000
1279,1743685250457987,178.000000,-130.000000,135.000000,178.000000,128.000000,360.000000,178.001007,-130.001999,135.001007,178.003006,128.001007,359.989990,179.000000,-477.000000,2107.000000,-213.000000,35.000000,47.000000
1279,1743685250463541,178.000000,-130.000000,135.000000,178.000000,128.000000,360.000000,178.000000,-130.001999,134.998993,178.003006,128.001007,359.989990,162.000000,-476.000000,2080.000000,-213.000000,28.000000,45.000000
1279,1743685250467964,178.000000,-130.000000,135.000000,178.000000,128.000000,360.000000,178.000000,-130.001999,134.998993,178.003006,128.003006,359.989990,172.000000,-477.000000,2095.000000,-208.000000,28.000000,20.000000
1279,1743685250473573,178.000000,-130.000000,135.000000,178.000000,128.000000,360.000000,178.000000,-130.001999,135.001007,178.003998,128.001007,359.990997,163.000000,-472.000000,2075.000000,-215.000000,38.000000,51.000000
1279,1743685250478102,178.000000,-130.000000,135.000000,178.000000,128.000000,360.000000,177.998993,-130.001999,135.001007,178.003006,128.000000,359.990997,173.000000,-469.000000,2085.000000,-206.000000,32.000000,63.000000
1279,1743685250483694,178.000000,-130.000000,135.000000,178.000000,128.000000,360.000000,177.998993,-130.001999,134.998993,178.003006,128.001007,359.989990,168.000000,-472.000000,2095.000000,-211.000000,30.000000,33.000000
1279,1743685250488182,178.000000,-130.000000,135.000000,178.000000,128.000000,360.000000,178.000000,-130.001999,134.998993,178.001007,128.003006,359.993011,171.000000,-472.000000,2082.000000,-213.000000,34.000000,35.000000
1279,1743685250493794,178.000000,-130.000000,135.000000,178.000000,128.000000,360.000000,178.000000,-130.001999,134.998993,178.003006,128.001007,359.990997,171.000000,-475.000000,2084.000000,-212.000000,36.000000,43.000000
1279,1743685250498307,178.000000,-130.000000,135.000000,178.000000,128.000000,360.000000,178.000000,-130.001999,135.001007,178.001007,128.003006,359.993011,170.000000,-475.000000,2089.000000,-206.000000,35.000000,20.000000
1279,1743685250503999,178.000000,-130.000000,135.000000,178.000000,128.000000,360.000000,178.000000,-130.001999,135.001007,178.001007,128.003006,359.993011,170.000000,-475.000000,2089.000000,-206.000000,35.000000,20.000000
1279,1743685250508573,178.000000,-130.000000,135.000000,178.000000,128.000000,360.000000,178.001007,-130.001999,135.001007,178.003006,128.001007,359.993011,165.000000,-475.000000,2088.000000,-214.000000,35.000000,64.000000
1279,1743685250513121,178.000000,-130.000000,135.000000,178.000000,128.000000,360.000000,177.998993,-130.001007,135.001007,178.001007,128.001007,359.993011,176.000000,-468.000000,2085.000000,-210.000000,35.000000,73.000000
1279,1743685250518719,178.000000,-130.000000,135.000000,178.000000,128.000000,360.000000,177.998993,-130.001007,135.001007,178.001007,128.001007,359.993011,176.000000,-468.000000,2085.000000,-210.000000,35.000000,73.000000
1279,1743685250523227,178.000000,-130.000000,135.000000,178.000000,128.000000,360.000000,178.000000,-130.001999,135.001007,178.003006,128.000000,359.993988,165.000000,-473.000000,2088.000000,-217.000000,34.000000,56.000000
1279,1743685250528843,178.000000,-130.000000,135.000000,178.000000,128.000000,360.000000,178.001007,-130.001999,135.001999,178.003006,128.001007,359.994995,170.000000,-472.000000,2087.000000,-211.000000,28.000000,73.000000
1279,1743685250533397,178.000000,-130.000000,135.000000,178.000000,128.000000,360.000000,178.001007,-130.001999,135.001999,178.003006,128.001007,359.994995,170.000000,-472.000000,2087.000000,-211.000000,28.000000,73.000000
1279,1743685250538951,178.000000,-130.000000,135.000000,178.000000,128.000000,360.000000,178.000000,-130.001999,134.998993,178.003998,128.001007,359.994995,179.000000,-472.000000,2080.000000,-217.000000,34.000000,40.000000
1279,1743685250543439,178.000000,-130.000000,135.000000,178.000000,128.000000,360.000000,177.998993,-130.001999,135.001007,178.003006,128.000000,359.993988,172.000000,-463.000000,2077.000000,-218.000000,34.000000,44.000000
1279,1743685250549053,178.000000,-130.000000,135.000000,178.000000,128.000000,360.000000,178.001007,-130.001999,135.001007,178.001007,127.998001,359.994995,170.000000,-462.000000,2077.000000,-214.000000,39.000000,50.000000
1279,1743685250553616,178.000000,-130.000000,135.000000,178.000000,128.000000,360.000000,178.000000,-130.001999,134.998993,178.001007,128.000000,359.994995,169.000000,-457.000000,2077.000000,-213.000000,36.000000,63.000000
1279,1743685250558147,178.000000,-130.000000,135.000000,178.000000,128.000000,360.000000,178.000000,-130.001999,135.001007,178.003006,127.998001,359.994995,173.000000,-463.000000,2065.000000,-211.000000,34.000000,49.000000
1279,1743685250563698,178.000000,-130.000000,135.000000,178.000000,128.000000,360.000000,178.000000,-130.001999,135.001007,178.003006,128.000000,359.997009,168.000000,-456.000000,2062.000000,-216.000000,34.000000,32.000000
1279,1743685250568156,178.000000,-130.000000,135.000000,178.000000,128.000000,360.000000,178.000000,-130.001999,134.998993,178.001007,128.000000,359.997009,169.000000,-443.000000,2071.000000,-214.000000,29.000000,44.000000
1279,1743685250573728,178.000000,-130.000000,135.000000,178.000000,128.000000,360.000000,178.000000,-130.001999,134.998993,178.003006,127.998001,359.997009,168.000000,-455.000000,2072.000000,-218.000000,38.000000,39.000000
1279,1743685250578188,178.000000,-130.000000,135.000000,178.000000,128.000000,360.000000,178.001007,-130.001999,135.001007,178.003006,127.998001,359.997009,172.000000,-455.000000,2084.000000,-211.000000,36.000000,38.000000
1279,1743685250583772,178.000000,-130.000000,135.000000,178.000000,128.000000,360.000000,178.000000,-130.001999,135.001007,178.001007,128.000000,359.997986,171.000000,-455.000000,2070.000000,-219.000000,35.000000,26.000000
1279,1743685250588305,178.000000,-130.000000,135.000000,178.000000,128.000000,360.000000,178.000000,-130.001999,135.001007,178.003006,127.998001,359.997009,170.000000,-454.000000,2084.000000,-217.000000,29.000000,26.000000
1279,1743685250593883,178.000000,-130.000000,135.000000,178.000000,128.000000,360.000000,178.000000,-130.001999,135.001999,178.001007,127.998001,359.997986,174.000000,-445.000000,2083.000000,-216.000000,41.000000,29.000000
1279,1743685250598460,178.000000,-130.000000,135.000000,178.000000,128.000000,360.000000,178.000000,-130.001999,135.001007,178.003006,127.998001,359.997009,171.000000,-451.000000,2075.000000,-224.000000,47.000000,51.000000
1279,1743685250602988,178.000000,-130.000000,135.000000,178.000000,128.000000,360.000000,178.000000,-130.001999,135.001007,178.003006,127.998001,359.998993,174.000000,-452.000000,2066.000000,-214.000000,40.000000,32.000000
1279,1743685250608587,178.000000,-130.000000,135.000000,178.000000,128.000000,360.000000,177.998993,-130.001999,135.001007,178.003006,127.998001,359.997009,172.000000,-449.000000,2075.000000,-222.000000,40.000000,35.000000
1279,1743685250613060,178.000000,-130.000000,135.000000,178.000000,128.000000,360.000000,178.000000,-130.001007,135.001007,178.003006,127.998001,359.997986,169.000000,-455.000000,2066.000000,-217.000000,38.000000,40.000000
1279,1743685250618659,178.000000,-130.000000,135.000000,178.000000,128.000000,360.000000,177.998993,-130.001999,135.001007,178.001007,127.998001,359.997986,172.000000,-453.000000,2069.000000,-216.000000,34.000000,49.000000
1279,1743685250623169,178.000000,-130.000000,135.000000,178.000000,128.000000,360.000000,178.000000,-130.001007,135.001007,178.003006,127.998001,359.997986,172.000000,-443.000000,2063.000000,-210.000000,38.000000,46.000000
1279,1743685250628759,178.000000,-130.000000,135.000000,178.000000,128.000000,360.000000,178.000000,-130.001999,135.001007,178.003006,127.997002,359.997009,170.000000,-448.000000,2054.000000,-219.000000,41.000000,27.000000
1279,1743685250633277,178.000000,-130.000000,135.000000,178.000000,128.000000,360.000000,178.000000,-130.001999,134.998993,178.003006,127.997002,359.997009,169.000000,-447.000000,2073.000000,-222.000000,41.000000,33.000000
1279,1743685250638888,178.000000,-130.000000,135.000000,178.000000,128.000000,360.000000,178.000000,-130.001999,134.998993,178.003006,127.997002,359.997986,171.000000,-446.000000,2058.000000,-219.000000,45.000000,30.000000
1279,1743685250643431,178.000000,-130.000000,135.000000,178.000000,128.000000,360.000000,178.000000,-130.001999,134.998993,178.003006,127.997002,359.997986,170.000000,-448.000000,2074.000000,-222.000000,50.000000,38.000000
1279,1743685250649067,178.000000,-130.000000,135.000000,178.000000,128.000000,360.000000,178.000000,-130.001999,135.001999,178.003006,127.997002,359.997986,168.000000,-449.000000,2069.000000,-219.000000,41.000000,25.000000
1279,1743685250653615,178.000000,-130.000000,135.000000,178.000000,128.000000,360.000000,178.000000,-130.001999,134.998993,178.003006,127.997002,359.997009,171.000000,-441.000000,2072.000000,-217.000000,57.000000,39.000000
1279,1743685250658108,178.000000,-130.000000,135.000000,178.000000,128.000000,360.000000,178.000000,-130.003006,134.998993,178.001007,127.997002,359.997986,170.000000,-447.000000,2074.000000,-224.000000,76.000000,33.000000
1279,1743685250663735,178.000000,-130.000000,135.000000,178.000000,128.000000,360.000000,177.998993,-130.001007,134.998993,178.003006,127.997002,359.998993,171.000000,-425.000000,2070.000000,-214.000000,64.000000,40.000000
1279,1743685250668273,178.000000,-130.000000,135.000000,178.000000,128.000000,360.000000,178.001007,-130.001999,135.001007,178.001007,127.997002,359.997009,171.000000,-428.000000,2073.000000,-219.000000,60.000000,40.000000
1279,1743685250673903,178.000000,-130.000000,135.000000,178.000000,128.000000,360.000000,178.000000,-130.001999,135.001007,178.003006,127.997002,359.997986,171.000000,-419.000000,2054.000000,-214.000000,63.000000,39.000000
1279,1743685250678394,178.000000,-130.000000,135.000000,178.000000,128.000000,360.000000,178.000000,-130.001999,135.001007,178.003006,127.997002,359.998993,172.000000,-410.000000,2067.000000,-217.000000,68.000000,49.000000
1279,1743685250683962,178.000000,-130.000000,135.000000,178.000000,128.000000,360.000000,178.001007,-130.001007,134.998993,178.003006,127.996002,359.997009,175.000000,-424.000000,2065.000000,-212.000000,65.000000,31.000000
1279,1743685250688495,178.000000,-130.000000,135.000000,178.000000,128.000000,360.000000,178.001007,-130.001999,135.001999,178.003006,127.996002,359.997009,169.000000,-407.000000,2069.000000,-219.000000,75.000000,29.000000
1279,1743685250693005,178.000000,-130.000000,135.000000,178.000000,128.000000,360.000000,178.001007,-130.001999,135.001999,178.003006,127.996002,359.997009,169.000000,-407.000000,2069.000000,-219.000000,75.000000,29.000000
1279,1743685250698595,178.000000,-130.000000,135.000000,178.000000,128.000000,360.000000,178.001007,-130.001999,135.001007,178.003006,127.997002,359.997986,181.000000,-409.000000,2057.000000,-215.000000,75.000000,34.000000
1279,1743685250703088,178.000000,-130.000000,135.000000,178.000000,128.000000,360.000000,178.000000,-130.001999,135.001007,178.003006,127.996002,359.997986,178.000000,-410.000000,2074.000000,-220.000000,73.000000,35.000000
1279,1743685250708754,178.000000,-130.000000,135.000000,178.000000,128.000000,360.000000,178.000000,-130.001999,135.001007,178.003006,127.996002,359.997986,178.000000,-410.000000,2074.000000,-220.000000,73.000000,35.000000
1279,1743685250713286,178.000000,-130.000000,135.000000,178.000000,128.000000,360.000000,178.000000,-130.001007,135.001007,178.003006,127.996002,359.997986,177.000000,-405.000000,2067.000000,-218.000000,95.000000,20.000000
1279,1743685250718885,178.000000,-130.000000,135.000000,178.000000,128.000000,360.000000,178.001007,-130.001999,135.001007,178.003006,127.997002,359.997009,182.000000,-392.000000,2065.000000,-217.000000,90.000000,37.000000
1279,1743685250723397,178.000000,-130.000000,135.000000,178.000000,128.000000,360.000000,178.001007,-130.003006,134.998993,178.003006,127.996002,359.997009,178.000000,-398.000000,2065.000000,-216.000000,81.000000,41.000000
1279,1743685250729043,178.000000,-130.000000,135.000000,178.000000,128.000000,360.000000,178.000000,-130.001007,135.001007,178.003006,127.997002,359.998993,181.000000,-391.000000,2063.000000,-214.000000,95.000000,36.000000
1279,1743685250733596,178.000000,-130.000000,135.000000,178.000000,128.000000,360.000000,177.998993,-130.001999,135.001007,178.003006,127.996002,359.997986,180.000000,-390.000000,2066.000000,-220.000000,81.000000,40.000000
1279,1743685250738150,178.000000,-130.000000,135.000000,178.000000,128.000000,360.000000,178.001007,-130.001999,135.001007,178.003006,127.997002,359.998993,180.000000,-388.000000,2061.000000,-225.000000,104.000000,30.000000
1279,1743685250743788,178.000000,-130.000000,135.000000,178.000000,128.000000,360.000000,178.001007,-130.001999,135.001007,178.001007,127.996002,359.997986,187.000000,-388.000000,2070.000000,-217.000000,106.000000,34.000000
1279,1743685250748330,178.000000,-130.000000,135.000000,178.000000,128.000000,360.000000,178.001007,-130.001999,134.998993,178.001007,127.996002,359.998993,181.000000,-393.000000,2060.000000,-215.000000,97.000000,52.000000
1279,1743685250753943,178.000000,-130.000000,135.000000,178.000000,128.000000,360.000000,178.000000,-130.001999,134.998993,178.003006,127.997002,359.998993,181.000000,-389.000000,2076.000000,-221.000000,103.000000,31.000000
1279,1743685250758531,178.000000,-130.000000,135.000000,178.000000,128.000000,360.000000,178.001007,-130.001999,135.001007,178.003006,127.997002,359.998993,179.000000,-386.000000,2053.000000,-215.000000,110.000000,11.000000
1279,1743685250763074,178.000000,-130.000000,135.000000,178.000000,128.000000,360.000000,178.001007,-130.001007,135.001007,178.001007,127.996002,359.997986,178.000000,-392.000000,2063.000000,-215.000000,109.000000,32.000000
1279,1743685250768721,178.000000,-130.000000,135.000000,178.000000,128.000000,360.000000,178.001007,-130.001999,135.001007,178.003006,127.997002,359.997986,180.000000,-387.000000,2052.000000,-216.000000,110.000000,46.000000
1279,1743685250773189,178.000000,-130.000000,135.000000,178.000000,128.000000,360.000000,178.000000,-130.001999,135.001999,178.003006,127.996002,359.998993,180.000000,-390.000000,2051.000000,-216.000000,113.000000,16.000000
1279,1743685250778732,178.000000,-130.000000,135.000000,178.000000,128.000000,360.000000,178.001007,-130.001999,135.001007,178.001007,127.996002,359.998993,174.000000,-386.000000,2047.000000,-217.000000,121.000000,35.000000
1279,1743685250783254,178.000000,-130.000000,135.000000,178.000000,128.000000,360.000000,178.001007,-130.001999,135.001007,178.003006,127.997002,359.998993,177.000000,-377.000000,2057.000000,-215.000000,118.000000,31.000000
1279,1743685250788866,178.000000,-130.000000,135.000000,178.000000,128.000000,360.000000,178.000000,-130.001999,134.998993,178.003006,127.996002,359.997009,182.000000,-385.000000,2043.000000,-218.000000,115.000000,23.000000
1279,1743685250793369,178.000000,-130.000000,135.000000,178.000000,128.000000,360.000000,178.001007,-130.001007,135.001007,178.003006,127.997002,359.998993,180.000000,-384.000000,2060.000000,-218.000000,117.000000,35.000000
1279,1743685250798954,178.000000,-130.000000,135.000000,178.000000,128.000000,360.000000,178.000000,-130.001007,135.001999,178.003006,127.997002,359.997986,179.000000,-372.000000,2058.000000,-217.000000,117.000000,38.000000
1279,1743685250803454,178.000000,-130.000000,135.000000,178.000000,128.000000,360.000000,178.001007,-130.001999,135.001007,178.001007,127.997002,359.998993,176.000000,-377.000000,2053.000000,-218.000000,123.000000,20.000000
1279,1743685250809050,178.000000,-130.000000,135.000000,178.000000,128.000000,360.000000,178.000000,-130.001999,135.001999,178.001007,127.997002,359.998993,172.000000,-369.000000,2046.000000,-216.000000,131.000000,19.000000
1279,1743685250813561,178.000000,-130.000000,135.000000,178.000000,128.000000,360.000000,178.003006,-130.001999,135.001007,178.003006,127.996002,359.998993,172.000000,-370.000000,2056.000000,-222.000000,139.000000,26.000000
1279,1743685250818025,178.000000,-130.000000,135.000000,178.000000,128.000000,360.000000,178.000000,-130.001999,135.001007,178.001007,127.996002,359.997986,169.000000,-370.000000,2058.000000,-220.000000,139.000000,48.000000
1279,1743685250823642,178.000000,-130.000000,135.000000,178.000000,128.000000,360.000000,178.001007,-130.001999,135.001999,178.001007,127.996002,359.997986,171.000000,-370.000000,2066.000000,-223.000000,145.000000,12.000000
1279,1743685250828181,178.000000,-130.000000,135.000000,178.000000,128.000000,360.000000,178.001007,-129.998993,134.998993,178.001007,127.997002,359.998993,172.000000,-370.000000,2045.000000,-220.000000,137.000000,28.000000
1279,1743685250833789,178.000000,-130.000000,135.000000,178.000000,128.000000,360.000000,178.001007,-130.001999,134.998993,178.001007,127.996002,359.997986,171.000000,-370.000000,2057.000000,-219.000000,135.000000,51.000000
1279,1743685250838282,178.000000,-130.000000,135.000000,178.000000,128.000000,360.000000,178.003006,-130.001999,135.001007,178.001007,127.996002,359.997986,171.000000,-360.000000,2051.000000,-222.000000,132.000000,18.000000
1279,1743685250843908,178.000000,-130.000000,135.000000,178.000000,128.000000,360.000000,178.001007,-130.001999,135.001007,178.001007,127.996002,359.998993,172.000000,-364.000000,2070.000000,-221.000000,150.000000,19.000000
1279,1743685250848365,178.000000,-130.000000,135.000000,178.000000,128.000000,360.000000,178.001007,-130.001999,135.001007,178.003006,127.997002,359.998993,171.000000,-362.000000,2050.000000,-215.000000,139.000000,21.000000
1279,1743685250853875,178.000000,-130.000000,135.000000,178.000000,128.000000,360.000000,178.001007,-130.001999,135.001007,178.001007,127.997002,359.998993,168.000000,-356.000000,2067.000000,-216.000000,136.000000,15.000000
1279,1743685250858289,178.000000,-130.000000,135.000000,178.000000,128.000000,360.000000,178.001007,-130.003006,135.001007,178.001007,127.996002,359.998993,172.000000,-350.000000,2062.000000,-218.000000,146.000000,38.000000
1279,1743685250863818,178.000000,-130.000000,135.000000,178.000000,128.000000,360.000000,178.000000,-130.001999,135.001007,178.001007,127.997002,359.998993,166.000000,-354.000000,2060.000000,-216.000000,142.000000,29.000000
1279,1743685250868357,178.000000,-130.000000,135.000000,178.000000,128.000000,360.000000,178.001007,-130.001999,135.001007,178.001007,127.996002,359.998993,167.000000,-353.000000,2062.000000,-222.000000,143.000000,29.000000
1279,1743685250873931,178.000000,-130.000000,135.000000,178.000000,128.000000,360.000000,178.001007,-130.001007,135.001007,178.000000,127.997002,359.997986,168.000000,-354.000000,2069.000000,-219.000000,156.000000,29.000000
1279,1743685250878463,178.000000,-130.000000,135.000000,178.000000,128.000000,360.000000,178.001007,-130.001999,135.001007,178.001007,127.997002,359.998993,174.000000,-348.000000,2057.000000,-219.000000,158.000000,36.000000
1279,1743685250882944,178.000000,-130.000000,135.000000,178.000000,128.000000,360.000000,178.001007,-130.001007,135.001007,178.003006,127.997002,359.998993,168.000000,-342.000000,2064.000000,-220.000000,147.000000,34.000000
1279,1743685250888586,178.000000,-130.000000,135.000000,178.000000,128.000000,360.000000,178.001007,-130.001999,135.001007,178.001007,127.996002,359.998993,173.000000,-346.000000,2075.000000,-223.000000,151.000000,27.000000
1279,1743685250893041,178.000000,-130.000000,135.000000,178.000000,128.000000,360.000000,178.001007,-130.001999,135.001007,178.001007,127.996002,359.998993,173.000000,-346.000000,2075.000000,-223.000000,151.000000,27.000000
1279,1743685250898546,178.000000,-130.000000,135.000000,178.000000,128.000000,360.000000,178.000000,-130.001999,134.998993,178.000000,127.996002,359.997986,170.000000,-346.000000,2057.000000,-214.000000,158.000000,22.000000
1279,1743685250902994,178.000000,-130.000000,135.000000,178.000000,128.000000,360.000000,178.001007,-130.003006,135.001007,178.001007,127.997002,359.998993,165.000000,-350.000000,2066.000000,-212.000000,159.000000,28.000000
1279,1743685250908614,178.000000,-130.000000,135.000000,178.000000,128.000000,360.000000,178.001007,-130.003006,135.001007,178.001007,127.997002,359.998993,165.000000,-350.000000,2066.000000,-212.000000,159.000000,28.000000
1279,1743685250913156,178.000000,-130.000000,135.000000,178.000000,128.000000,360.000000,178.000000,-130.001999,135.001999,178.001007,127.998001,359.998993,169.000000,-338.000000,2067.000000,-217.000000,166.000000,18.000000
1279,1743685250918734,178.000000,-130.000000,135.000000,178.000000,128.000000,360.000000,178.000000,-130.001999,135.001007,178.001007,127.997002,359.998993,170.000000,-345.000000,2067.000000,-218.000000,158.000000,21.000000
1279,1743685250923293,178.000000,-130.000000,135.000000,178.000000,128.000000,360.000000,178.001007,-130.001999,135.001007,178.001007,127.998001,359.998993,169.000000,-337.000000,2068.000000,-215.000000,158.000000,25.000000
1279,1743685250928916,178.000000,-130.000000,135.000000,178.000000,128.000000,360.000000,178.001007,-130.001999,135.001999,178.001007,127.996002,360.001007,170.000000,-336.000000,2068.000000,-220.000000,167.000000,17.000000
1279,1743685250933404,178.000000,-130.000000,135.000000,178.000000,128.000000,360.000000,178.000000,-130.001999,134.998993,178.001007,127.996002,360.001007,164.000000,-332.000000,2065.000000,-215.000000,163.000000,20.000000
1279,1743685250938927,178.000000,-130.000000,135.000000,178.000000,128.000000,360.000000,178.003006,-130.001999,135.001007,178.001007,127.996002,359.998993,165.000000,-331.000000,2063.000000,-219.000000,170.000000,18.000000
1279,1743685250943405,178.000000,-130.000000,135.000000,178.000000,128.000000,360.000000,178.001007,-130.001007,135.001999,178.003006,127.997002,359.998993,164.000000,-330.000000,2068.000000,-215.000000,184.000000,15.000000
1279,1743685250948985,178.000000,-130.000000,135.000000,178.000000,128.000000,360.000000,178.001007,-130.001999,135.001007,178.001007,127.997002,359.998993,168.000000,-324.000000,2053.000000,-221.000000,181.000000,30.000000
1279,1743685250953543,178.000000,-130.000000,135.000000,178.000000,128.000000,360.000000,178.000000,-130.001999,135.001007,178.003006,127.996002,359.998993,170.000000,-323.000000,2071.000000,-218.000000,179.000000,25.000000
1279,1743685250958083,178.000000,-130.000000,135.000000,178.000000,128.000000,360.000000,178.001007,-130.001007,134.998993,178.000000,127.997002,359.997986,169.000000,-329.000000,2057.000000,-215.000000,182.000000,24.000000
1279,1743685250963670,178.000000,-130.000000,135.000000,178.000000,128.000000,360.000000,178.003006,-130.001999,135.001007,178.003006,127.996002,359.998993,170.000000,-329.000000,2058.000000,-208.000000,186.000000,42.000000
1279,1743685250968151,178.000000,-130.000000,135.000000,178.000000,128.000000,360.000000,178.000000,-130.001007,135.001007,178.001007,127.996002,359.998993,159.000000,-330.000000,2058.000000,-215.000000,180.000000,26.000000
1279,1743685250973818,178.000000,-130.000000,135.000000,178.000000,128.000000,360.000000,178.000000,-130.001007,135.001007,178.001007,127.997002,359.998993,158.000000,-326.000000,2056.000000,-223.000000,180.000000,15.000000
1279,1743685250978344,178.000000,-130.000000,135.000000,178.000000,128.000000,360.000000,178.001007,-130.001999,135.001007,178.001007,127.997002,359.997986,158.000000,-326.000000,2067.000000,-213.000000,180.000000,24.000000
1279,1743685250983947,178.000000,-130.000000,135.000000,178.000000,128.000000,360.000000,178.000000,-130.001999,135.001007,178.001007,127.997002,359.998993,161.000000,-325.000000,2067.000000,-221.000000,203.000000,11.000000
1279,1743685250988444,178.000000,-130.000000,135.000000,178.000000,128.000000,360.000000,178.003998,-130.001007,134.998993,178.001007,127.997002,359.998993,154.000000,-322.000000,2062.000000,-218.000000,185.000000,33.000000
1279,1743685250994033,178.000000,-130.000000,135.000000,178.000000,128.000000,360.000000,178.003006,-130.001007,135.001007,178.000000,127.997002,359.998993,154.000000,-322.000000,2070.000000,-210.000000,184.000000,33.000000
1279,1743685250998569,178.000000,-130.000000,135.000000,178.000000,128.000000,360.000000,178.000000,-130.001007,135.001007,178.001007,127.997002,359.997009,138.000000,-324.000000,2066.000000,-219.000000,187.000000,30.000000
1279,1743685251003079,178.000000,-130.000000,135.000000,178.000000,128.000000,360.000000,178.001007,-130.001999,135.001999,178.001007,127.996002,359.998993,151.000000,-313.000000,2081.000000,-212.000000,186.000000,28.000000
1279,1743685251008646,178.000000,-130.000000,135.000000,178.000000,128.000000,360.000000,178.001007,-130.001999,134.998993,178.001007,127.997002,359.998993,151.000000,-321.000000,2059.000000,-223.000000,196.000000,26.000000
1279,1743685251013121,178.000000,-130.000000,135.000000,178.000000,128.000000,360.000000,178.001007,-130.001999,135.001007,178.001007,127.997002,360.001007,148.000000,-321.000000,2075.000000,-217.000000,196.000000,17.000000
1279,1743685251018706,178.000000,-130.000000,135.000000,178.000000,128.000000,360.000000,178.000000,-130.001999,134.998993,178.003006,127.997002,359.998993,156.000000,-317.000000,2081.000000,-217.000000,197.000000,12.000000
1279,1743685251023222,178.000000,-130.000000,135.000000,178.000000,128.000000,360.000000,178.001007,-130.001999,135.001007,178.001007,127.996002,359.997986,147.000000,-320.000000,2061.000000,-215.000000,202.000000,37.000000
1279,1743685251028781,178.000000,-130.000000,135.000000,178.000000,128.000000,360.000000,178.001007,-130.001999,135.001007,178.001007,127.996002,359.998993,144.000000,-319.000000,2060.000000,-215.000000,212.000000,31.000000
1279,1743685251033253,178.000000,-130.000000,135.000000,178.000000,128.000000,360.000000,178.000000,-130.001007,135.001999,178.003006,127.996002,359.998993,143.000000,-320.000000,2072.000000,-224.000000,210.000000,38.000000
1279,1743685251038856,178.000000,-130.000000,135.000000,178.000000,128.000000,360.000000,178.001007,-130.001999,134.998993,178.001007,127.997002,359.998993,159.000000,-311.000000,2069.000000,-218.000000,195.000000,21.000000
1279,1743685251043379,178.000000,-130.000000,135.000000,178.000000,128.000000,360.000000,178.003006,-130.003006,135.001999,178.000000,127.997002,359.997986,151.000000,-318.000000,2065.000000,-218.000000,194.000000,28.000000
1279,1743685251048948,178.000000,-130.000000,135.000000,178.000000,128.000000,360.000000,178.000000,-130.001999,135.001007,178.001007,127.997002,359.997986,142.000000,-314.000000,2072.000000,-219.000000,208.000000,16.000000
1279,1743685251053425,178.000000,-130.000000,135.000000,178.000000,128.000000,360.000000,178.000000,-130.001999,135.001007,178.001007,127.997002,359.997986,142.000000,-314.000000,2072.000000,-219.000000,208.000000,16.000000
1279,1743685251058917,178.000000,-130.000000,135.000000,178.000000,128.000000,360.000000,178.001007,-130.001999,135.001007,178.001007,127.997002,359.998993,150.000000,-309.000000,2062.000000,-221.000000,218.000000,29.000000
1279,1743685251063385,178.000000,-130.000000,135.000000,178.000000,128.000000,360.000000,178.001007,-130.001999,135.001007,178.001007,127.997002,359.998993,153.000000,-315.000000,2069.000000,-214.000000,223.000000,20.000000
1279,1743685251068890,178.000000,-130.000000,135.000000,178.000000,128.000000,360.000000,178.001007,-130.001007,135.001007,178.001007,127.996002,360.001007,151.000000,-319.000000,2058.000000,-218.000000,215.000000,31.000000
1279,1743685251073302,178.000000,-130.000000,135.000000,178.000000,128.000000,360.000000,178.000000,-130.001007,134.998993,178.000000,127.997002,359.998993,146.000000,-313.000000,2071.000000,-215.000000,218.000000,22.000000
1279,1743685251078821,178.000000,-130.000000,135.000000,178.000000,128.000000,360.000000,178.000000,-130.001007,134.998993,178.000000,127.997002,359.998993,146.000000,-313.000000,2071.000000,-215.000000,218.000000,22.000000
1279,1743685251083341,178.000000,-130.000000,135.000000,178.000000,128.000000,360.000000,178.001007,-130.001999,135.001007,178.001007,127.997002,359.998993,154.000000,-310.000000,2080.000000,-216.000000,217.000000,14.000000
1279,1743685251088895,178.000000,-130.000000,135.000000,178.000000,128.000000,360.000000,178.000000,-130.001007,134.998993,178.001007,127.997002,359.998993,161.000000,-312.000000,2073.000000,-213.000000,226.000000,37.000000
1279,1743685251093373,178.000000,-130.000000,135.000000,178.000000,128.000000,360.000000,178.000000,-130.001007,134.998993,178.001007,127.997002,359.998993,161.000000,-312.000000,2073.000000,-213.000000,226.000000,37.000000
1279,1743685251098951,178.000000,-130.000000,135.000000,178.000000,128.000000,360.000000,178.001007,-130.001999,135.001007,178.001007,127.997002,360.001007,159.000000,-309.000000,2074.000000,-222.000000,226.000000,36.000000
1279,1743685251103497,178.000000,-130.000000,135.000000,178.000000,128.000000,360.000000,178.001007,-130.001999,135.001007,178.003006,127.997002,359.997009,142.000000,-314.000000,2068.000000,-215.000000,225.000000,39.000000
1279,1743685251108073,178.000000,-130.000000,135.000000,178.000000,128.000000,360.000000,178.001007,-130.001999,135.001007,178.001007,127.998001,359.998993,150.000000,-316.000000,2068.000000,-220.000000,219.000000,16.000000
1279,1743685251113599,178.000000,-130.000000,135.000000,178.000000,128.000000,360.000000,178.001007,-130.001007,135.001007,178.001007,127.996002,359.997986,151.000000,-312.000000,2075.000000,-217.000000,233.000000,25.000000
1279,1743685251118030,178.000000,-130.000000,135.000000,178.000000,128.000000,360.000000,178.001007,-129.998993,135.001007,178.001007,127.997002,359.998993,157.000000,-315.000000,2070.000000,-211.000000,238.000000,41.000000
1279,1743685251123579,178.000000,-130.000000,135.000000,178.000000,128.000000,360.000000,178.001007,-130.001007,135.001007,178.001007,127.996002,359.997986,155.000000,-317.000000,2077.000000,-215.000000,223.000000,8.000000
1279,1743685251128099,178.000000,-130.000000,135.000000,178.000000,128.000000,360.000000,178.001007,-130.001999,135.001007,178.001007,127.996002,359.998993,155.000000,-307.000000,2075.000000,-216.000000,226.000000,24.000000
1279,1743685251133690,178.000000,-130.000000,135.000000,178.000000,128.000000,360.000000,178.001007,-129.998993,135.001007,178.001007,127.997002,359.998993,157.000000,-307.000000,2077.000000,-213.000000,239.000000,30.000000
1279,1743685251138175,178.000000,-130.000000,135.000000,178.000000,128.000000,360.000000,178.001007,-129.998993,135.001007,178.001007,127.997002,360.001007,159.000000,-314.000000,2079.000000,-222.000000,233.000000,6.000000
1279,1743685251143768,178.000000,-130.000000,135.000000,178.000000,128.000000,360.000000,178.000000,-130.001999,135.001007,178.001007,127.997002,359.998993,149.000000,-311.000000,2076.000000,-220.000000,234.000000,4.000000
1279,1743685251148315,178.000000,-130.000000,135.000000,178.000000,128.000000,360.000000,178.001007,-130.001999,135.001007,178.001007,127.997002,359.998993,149.000000,-311.000000,2071.000000,-218.000000,236.000000,26.000000
1279,1743685251153831,178.000000,-130.000000,135.000000,178.000000,128.000000,360.000000,178.001007,-130.001007,135.001007,178.001007,127.997002,360.001007,160.000000,-311.000000,2062.000000,-214.000000,242.000000,22.000000
1279,1743685251158267,178.000000,-130.000000,135.000000,178.000000,128.000000,360.000000,178.001007,-130.001007,135.001007,178.001007,127.997002,359.998993,148.000000,-307.000000,2078.000000,-219.000000,244.000000,39.000000
1279,1743685251163793,178.000000,-130.000000,135.000000,178.000000,128.000000,360.000000,178.001007,-130.001007,135.001007,178.001007,127.996002,359.998993,153.000000,-314.000000,2059.000000,-214.000000,237.000000,10.000000
1279,1743685251168291,178.000000,-130.000000,135.000000,178.000000,128.000000,360.000000,178.001007,-130.001999,135.001007,178.001007,127.998001,360.001007,152.000000,-312.000000,2060.000000,-215.000000,243.000000,28.000000
1279,1743685251173845,178.000000,-130.000000,135.000000,178.000000,128.000000,360.000000,178.001007,-130.003006,135.001007,178.001007,127.998001,360.001007,149.000000,-304.000000,2074.000000,-213.000000,240.000000,35.000000
1279,1743685251178311,178.000000,-130.000000,135.000000,178.000000,128.000000,360.000000,178.001007,-130.001999,135.001999,178.001007,127.996002,359.998993,149.000000,-304.000000,2069.000000,-216.000000,240.000000,12.000000
1279,1743685251183902,178.000000,-130.000000,135.000000,178.000000,128.000000,360.000000,178.001007,-130.001007,135.001007,178.001007,127.997002,359.998993,154.000000,-300.000000,2081.000000,-217.000000,245.000000,14.000000
1279,1743685251188367,178.000000,-130.000000,135.000000,178.000000,128.000000,360.000000,178.000000,-130.001999,135.001007,178.001007,127.997002,359.998993,150.000000,-305.000000,2069.000000,-216.000000,242.000000,14.000000
1279,1743685251193916,178.000000,-130.000000,135.000000,178.000000,128.000000,360.000000,178.001007,-130.001999,135.001007,178.001007,127.996002,359.998993,150.000000,-302.000000,2068.000000,-218.000000,245.000000,20.000000
1279,1743685251198514,178.000000,-130.000000,135.000000,178.000000,128.000000,360.000000,178.003006,-130.001999,134.998993,178.001007,127.997002,359.998993,144.000000,-293.000000,2069.000000,-216.000000,245.000000,18.000000
1279,1743685251202939,178.000000,-130.000000,135.000000,178.000000,128.000000,360.000000,178.001007,-130.001007,135.001007,178.001007,127.997002,359.997009,151.000000,-291.000000,2076.000000,-220.000000,265.000000,30.000000
1279,1743685251208433,178.000000,-130.000000,135.000000,178.000000,128.000000,360.000000,178.001007,-130.001007,134.998993,178.001007,127.996002,359.998993,152.000000,-296.000000,2067.000000,-217.000000,252.000000,19.000000
1279,1743685251213928,178.000000,-130.000000,135.000000,178.000000,128.000000,360.000000,178.001007,-130.001007,135.001007,178.001007,127.997002,359.998993,150.000000,-302.000000,2070.000000,-216.000000,253.000000,7.000000
1279,1743685251218387,178.000000,-130.000000,135.000000,178.000000,128.000000,360.000000,178.001007,-130.001999,135.001007,178.001007,127.997002,359.998993,161.000000,-303.000000,2088.000000,-216.000000,247.000000,29.000000
1279,1743685251223956,178.000000,-130.000000,135.000000,178.000000,128.000000,360.000000,178.001007,-130.001999,135.001999,178.000000,127.997002,359.998993,157.000000,-302.000000,2070.000000,-211.000000,261.000000,10.000000
1279,1743685251228429,178.000000,-130.000000,135.000000,178.000000,128.000000,360.000000,178.001007,-130.001999,135.001999,178.000000,127.997002,359.998993,157.000000,-302.000000,2070.000000,-211.000000,261.000000,10.000000
1279,1743685251232890,178.000000,-130.000000,135.000000,178.000000,128.000000,360.000000,178.001007,-130.001007,134.998993,178.001007,127.996002,359.998993,162.000000,-298.000000,2087.000000,-217.000000,251.000000,28.000000
1279,1743685251238460,178.000000,-130.000000,135.000000,178.000000,128.000000,360.000000,178.001007,-130.001999,135.001999,178.001007,127.997002,359.997986,168.000000,-313.000000,2083.000000,-215.000000,261.000000,29.000000
1279,1743685251242962,178.000000,-130.000000,135.000000,178.000000,128.000000,360.000000,178.001007,-130.001999,135.001999,178.001007,127.997002,359.997986,168.000000,-313.000000,2083.000000,-215.000000,261.000000,29.000000
1279,1743685251248507,178.000000,-130.000000,135.000000,178.000000,128.000000,360.000000,178.003006,-130.001999,134.998993,178.003006,127.997002,359.997986,156.000000,-304.000000,2074.000000,-224.000000,258.000000,20.000000
1279,1743685251252983,178.000000,-130.000000,135.000000,178.000000,128.000000,360.000000,178.001007,-130.001999,135.001999,178.001007,127.997002,359.998993,161.000000,-295.000000,2072.000000,-211.000000,254.000000,20.000000
1279,1743685251258503,178.000000,-130.000000,135.000000,178.000000,128.000000,360.000000,178.001007,-130.001999,135.001007,178.000000,127.997002,359.997986,160.000000,-302.000000,2081.000000,-219.000000,255.000000,11.000000
1279,1743685251262934,178.000000,-130.000000,135.000000,178.000000,128.000000,360.000000,178.001007,-130.001007,134.998993,178.001007,127.996002,359.998993,163.000000,-301.000000,2075.000000,-212.000000,265.000000,14.000000
1279,1743685251268437,178.000000,-130.000000,135.000000,178.000000,128.000000,360.000000,178.001007,-130.001007,135.001007,178.001007,127.998001,359.998993,164.000000,-301.000000,2073.000000,-217.000000,267.000000,38.000000
1279,1743685251273941,178.000000,-130.000000,135.000000,178.000000,128.000000,360.000000,178.003006,-130.001007,135.001007,178.001007,127.997002,360.002014,164.000000,-300.000000,2078.000000,-217.000000,263.000000,26.000000
1279,1743685251278399,178.000000,-130.000000,135.000000,178.000000,128.000000,360.000000,178.000000,-130.001999,135.001999,178.000000,127.998001,360.001007,170.000000,-293.000000,2080.000000,-213.000000,265.000000,17.000000
1279,1743685251283998,178.000000,-130.000000,135.000000,178.000000,128.000000,360.000000,178.001007,-130.001999,135.001007,178.000000,127.997002,360.001007,168.000000,-296.000000,2079.000000,-215.000000,261.000000,19.000000
1279,1743685251288468,178.000000,-130.000000,135.000000,178.000000,128.000000,360.000000,178.001007,-130.001999,134.998993,178.001007,127.997002,359.998993,167.000000,-298.000000,2080.000000,-217.000000,277.000000,11.000000
1279,1743685251292952,178.000000,-130.000000,135.000000,178.000000,128.000000,360.000000,178.003006,-130.001007,135.001007,178.003006,127.997002,360.001007,170.000000,-295.000000,2091.000000,-217.000000,268.000000,38.000000
1279,1743685251298498,178.000000,-130.000000,135.000000,178.000000,128.000000,360.000000,178.000000,-130.001999,135.001007,178.001007,127.997002,359.997986,176.000000,-289.000000,2078.000000,-214.000000,264.000000,16.000000
1279,1743685251302917,178.000000,-130.000000,135.000000,178.000000,128.000000,360.000000,178.001007,-130.001999,135.001007,178.001007,127.997002,359.997986,175.000000,-298.000000,2085.000000,-215.000000,274.000000,22.000000
1279,1743685251308517,178.000000,-130.000000,135.000000,178.000000,128.000000,360.000000,178.001007,-130.003006,135.001999,178.001007,127.997002,360.001007,171.000000,-293.000000,2081.000000,-215.000000,268.000000,29.000000
1279,1743685251312996,178.000000,-130.000000,135.000000,178.000000,128.000000,360.000000,178.001007,-130.001999,134.998993,178.001007,127.997002,359.998993,180.000000,-288.000000,2080.000000,-214.000000,269.000000,44.000000
1279,1743685251318612,178.000000,-130.000000,135.000000,178.000000,128.000000,360.000000,178.001007,-130.001007,135.001999,178.001007,127.997002,360.001007,176.000000,-285.000000,2080.000000,-216.000000,277.000000,-1.000000
1279,1743685251323150,178.000000,-130.000000,135.000000,178.000000,128.000000,360.000000,178.001007,-130.001007,135.001007,178.001007,127.997002,360.001007,171.000000,-291.000000,2065.000000,-214.000000,267.000000,24.000000
1279,1743685251328723,178.000000,-130.000000,135.000000,178.000000,128.000000,360.000000,178.003006,-130.001007,135.001999,178.001007,127.997002,359.998993,172.000000,-289.000000,2084.000000,-216.000000,274.000000,29.000000
1279,1743685251333227,178.000000,-130.000000,135.000000,178.000000,128.000000,360.000000,178.001007,-130.001999,135.001007,178.001007,127.997002,359.998993,167.000000,-292.000000,2073.000000,-218.000000,269.000000,22.000000
1279,1743685251338860,178.000000,-130.000000,135.000000,178.000000,128.000000,360.000000,178.001007,-130.001007,134.998993,178.001007,127.997002,359.998993,170.000000,-292.000000,2085.000000,-215.000000,273.000000,12.000000
1279,1743685251343385,178.000000,-130.000000,135.000000,178.000000,128.000000,360.000000,178.000000,-130.001999,135.001007,178.003006,127.997002,359.997986,170.000000,-290.000000,2069.000000,-217.000000,269.000000,28.000000
1279,1743685251347921,178.000000,-130.000000,135.000000,178.000000,128.000000,360.000000,178.001007,-130.001007,135.001007,178.000000,127.997002,359.998993,168.000000,-297.000000,2094.000000,-211.000000,271.000000,40.000000
1279,1743685251353522,178.000000,-130.000000,135.000000,178.000000,128.000000,360.000000,178.001007,-130.001007,135.001007,178.001007,127.997002,359.997986,162.000000,-296.000000,2078.000000,-211.000000,271.000000,8.000000
1279,1743685251357967,178.000000,-130.000000,135.000000,178.000000,128.000000,360.000000,178.003006,-130.001999,135.001007,178.001007,127.997002,359.997986,166.000000,-286.000000,2079.000000,-213.000000,270.000000,5.000000
1279,1743685251363584,178.000000,-130.000000,135.000000,178.000000,128.000000,360.000000,178.001007,-130.003006,135.001007,178.001007,127.997002,359.998993,166.000000,-290.000000,2077.000000,-217.000000,277.000000,32.000000
1279,1743685251368086,178.000000,-130.000000,135.000000,178.000000,128.000000,360.000000,178.001007,-130.001999,135.001999,178.000000,127.997002,359.998993,163.000000,-285.000000,2078.000000,-220.000000,281.000000,7.000000
1279,1743685251373724,178.000000,-130.000000,135.000000,178.000000,128.000000,360.000000,178.003006,-130.001007,134.998993,178.001007,127.997002,359.997986,165.000000,-293.000000,2083.000000,-213.000000,278.000000,29.000000
1279,1743685251378223,178.000000,-130.000000,135.000000,178.000000,128.000000,360.000000,178.003006,-130.001999,135.001999,178.001007,127.997002,359.997986,163.000000,-294.000000,2090.000000,-216.000000,275.000000,19.000000
1279,1743685251383812,178.000000,-130.000000,135.000000,178.000000,128.000000,360.000000,178.000000,-130.001007,135.001007,178.001007,127.997002,359.998993,155.000000,-292.000000,2086.000000,-217.000000,266.000000,35.000000
1279,1743685251388359,178.000000,-130.000000,135.000000,178.000000,128.000000,360.000000,178.000000,-130.001007,135.001007,178.001007,127.997002,359.998993,155.000000,-292.000000,2086.000000,-217.000000,266.000000,35.000000
1279,1743685251393898,178.000000,-130.000000,135.000000,178.000000,128.000000,360.000000,178.001007,-130.001999,134.998993,178.001007,127.997002,360.001007,152.000000,-295.000000,2106.000000,-214.000000,269.000000,38.000000
1279,1743685251398412,178.000000,-130.000000,135.000000,178.000000,128.000000,360.000000,178.000000,-130.001999,135.001007,178.001007,127.998001,359.998993,153.000000,-293.000000,2082.000000,-212.000000,274.000000,4.000000
1279,1743685251404055,178.000000,-130.000000,135.000000,178.000000,128.000000,360.000000,178.000000,-130.001999,135.001007,178.001007,127.998001,359.998993,153.000000,-293.000000,2082.000000,-212.000000,274.000000,4.000000
1279,1743685251408583,178.000000,-130.000000,135.000000,178.000000,128.000000,360.000000,178.003998,-130.001999,135.001007,178.001007,127.997002,359.997986,166.000000,-290.000000,2103.000000,-224.000000,268.000000,20.000000
1279,1743685251413106,178.000000,-130.000000,135.000000,178.000000,128.000000,360.000000,178.003006,-130.001999,135.001007,178.003006,127.996002,359.998993,160.000000,-284.000000,2106.000000,-219.000000,272.000000,10.000000
1279,1743685251418697,178.000000,-130.000000,135.000000,178.000000,128.000000,360.000000,178.003006,-130.001999,135.001007,178.003006,127.996002,359.998993,160.000000,-284.000000,2106.000000,-219.000000,272.000000,10.000000
1279,1743685251423205,178.000000,-130.000000,135.000000,178.000000,128.000000,360.000000,178.001007,-130.001007,135.001007,178.001007,127.997002,359.997009,165.000000,-289.000000,2118.000000,-215.000000,273.000000,29.000000
1279,1743685251428770,178.000000,-130.000000,135.000000,178.000000,128.000000,360.000000,178.001007,-130.001999,135.001007,178.001007,127.997002,359.998993,162.000000,-288.000000,2104.000000,-213.000000,281.000000,17.000000
1279,1743685251433305,178.000000,-130.000000,135.000000,178.000000,128.000000,360.000000,178.001007,-130.001007,135.001007,178.001007,127.998001,360.001007,166.000000,-287.000000,2110.000000,-223.000000,277.000000,19.000000
1279,1743685251438882,178.000000,-130.000000,135.000000,178.000000,128.000000,360.000000,178.000000,-130.001007,135.001999,178.000000,127.996002,359.998993,165.000000,-279.000000,2103.000000,-199.000000,274.000000,23.000000
1279,1743685251443376,178.000000,-130.000000,135.000000,178.000000,128.000000,360.000000,178.001007,-130.001999,135.001999,178.001007,127.997002,359.998993,165.000000,-285.000000,2107.000000,-215.000000,287.000000,18.000000
1279,1743685251448996,178.000000,-130.000000,135.000000,178.000000,128.000000,360.000000,178.000000,-130.001999,135.001007,178.000000,127.996002,360.001007,157.000000,-280.000000,2105.000000,-215.000000,278.000000,2.000000
1279,1743685251453534,178.000000,-130.000000,135.000000,178.000000,128.000000,360.000000,178.000000,-130.001007,135.001007,178.001007,127.997002,359.998993,160.000000,-278.000000,2095.000000,-213.000000,282.000000,16.000000
1279,1743685251458013,178.000000,-130.000000,135.000000,178.000000,128.000000,360.000000,178.003006,-130.001999,135.001007,178.001007,127.997002,359.997986,170.000000,-276.000000,2098.000000,-217.000000,285.000000,41.000000
1279,1743685251463585,178.000000,-130.000000,135.000000,178.000000,128.000000,360.000000,178.003006,-130.001999,134.998993,178.001007,127.997002,359.997986,172.000000,-283.000000,2103.000000,-211.000000,286.000000,17.000000
1279,1743685251468043,178.000000,-130.000000,135.000000,178.000000,128.000000,360.000000,178.001007,-130.001007,135.001007,178.001007,127.996002,359.998993,168.000000,-278.000000,2110.000000,-211.000000,302.000000,14.000000
1279,1743685251473665,178.000000,-130.000000,135.000000,178.000000,128.000000,360.000000,178.001007,-130.001999,135.001007,178.001007,127.997002,359.998993,168.000000,-276.000000,2098.000000,-217.000000,292.000000,5.000000
1279,1743685251478171,178.000000,-130.000000,135.000000,178.000000,128.000000,360.000000,178.003006,-130.001007,135.001007,178.001007,127.997002,359.998993,160.000000,-278.000000,2099.000000,-216.000000,285.000000,15.000000
1279,1743685251483728,178.000000,-130.000000,135.000000,178.000000,128.000000,360.000000,178.001007,-130.001007,135.001007,178.001007,127.997002,360.001007,165.000000,-270.000000,2098.000000,-212.000000,281.000000,11.000000
1279,1743685251488227,178.000000,-130.000000,135.000000,178.000000,128.000000,360.000000,178.001007,-130.001999,134.998993,178.001007,127.997002,359.997986,164.000000,-270.000000,2107.000000,-212.000000,278.000000,27.000000
1279,1743685251493817,178.000000,-130.000000,135.000000,178.000000,128.000000,360.000000,178.001007,-130.001999,134.998993,178.003006,127.996002,359.997986,161.000000,-273.000000,2096.000000,-213.000000,274.000000,-1.000000
1279,1743685251498350,178.000000,-130.000000,135.000000,178.000000,128.000000,360.000000,178.000000,-130.001007,135.001007,178.003006,127.997002,360.001007,162.000000,-273.000000,2108.000000,-213.000000,292.000000,20.000000
1279,1743685251503925,178.000000,-130.000000,135.000000,178.000000,128.000000,360.000000,178.003006,-130.001007,135.001007,178.001007,127.996002,359.998993,164.000000,-273.000000,2109.000000,-214.000000,281.000000,26.000000
1279,1743685251508418,178.000000,-130.000000,135.000000,178.000000,128.000000,360.000000,178.001007,-130.001999,135.001007,178.001007,127.997002,359.998993,167.000000,-276.000000,2098.000000,-212.000000,285.000000,10.000000
1279,1743685251513968,178.000000,-130.000000,135.000000,178.000000,128.000000,360.000000,178.003006,-130.001007,135.001007,178.001007,127.997002,360.001007,164.000000,-277.000000,2127.000000,-214.000000,287.000000,13.000000
1279,1743685251518451,178.000000,-130.000000,135.000000,178.000000,128.000000,360.000000,178.001007,-130.001007,135.001999,178.001007,127.997002,359.998993,161.000000,-274.000000,2115.000000,-217.000000,284.000000,37.000000
1279,1743685251524056,178.000000,-130.000000,135.000000,178.000000,128.000000,360.000000,178.001007,-130.001007,135.001007,178.000000,127.998001,360.001007,171.000000,-274.000000,2096.000000,-218.000000,273.000000,30.000000
1279,1743685251528546,178.000000,-130.000000,135.000000,178.000000,128.000000,360.000000,178.001007,-130.001999,135.001007,178.000000,127.997002,359.997986,170.000000,-275.000000,2111.000000,-210.000000,293.000000,4.000000
1279,1743685251533021,178.000000,-130.000000,135.000000,178.000000,128.000000,360.000000,178.003006,-130.001007,135.001007,178.001007,127.997002,360.001007,169.000000,-272.000000,2102.000000,-214.000000,279.000000,-2.000000
1279,1743685251538613,178.000000,-130.000000,135.000000,178.000000,128.000000,360.000000,178.001007,-130.001999,135.001007,178.001007,127.997002,360.001007,154.000000,-271.000000,2109.000000,-217.000000,288.000000,20.000000
1279,1743685251543133,178.000000,-130.000000,135.000000,178.000000,128.000000,360.000000,178.001007,-130.001007,135.001007,178.003006,127.997002,359.998993,158.000000,-271.000000,2114.000000,-215.000000,278.000000,24.000000
1279,1743685251548701,178.000000,-130.000000,135.000000,178.000000,128.000000,360.000000,178.001007,-130.001999,135.001999,178.000000,127.997002,359.998993,159.000000,-272.000000,2089.000000,-211.000000,286.000000,19.000000
1279,1743685251553169,178.000000,-130.000000,135.000000,178.000000,128.000000,360.000000,178.003006,-130.001007,135.001007,178.001007,127.997002,360.001007,157.000000,-270.000000,2117.000000,-214.000000,278.000000,19.000000
1279,1743685251558695,178.000000,-130.000000,135.000000,178.000000,128.000000,360.000000,178.000000,-130.001007,135.001007,178.001007,127.997002,359.998993,159.000000,-271.000000,2106.000000,-210.000000,284.000000,18.000000
1279,1743685251563142,178.000000,-130.000000,135.000000,178.000000,128.000000,360.000000,178.001007,-130.001999,135.001999,178.001007,127.997002,360.001007,148.000000,-272.000000,2118.000000,-216.000000,289.000000,32.000000
1279,1743685251568677,178.000000,-130.000000,135.000000,178.000000,128.000000,360.000000,178.003006,-130.001999,135.001007,178.001007,127.997002,359.998993,153.000000,-279.000000,2107.000000,-218.000000,281.000000,2.000000
1279,1743685251573192,178.000000,-130.000000,135.000000,178.000000,128.000000,360.000000,178.001007,-130.001007,135.001007,178.001007,127.997002,359.998993,149.000000,-282.000000,2127.000000,-219.000000,282.000000,13.000000
1279,1743685251578794,178.000000,-130.000000,135.000000,178.000000,128.000000,360.000000,178.001007,-130.001007,135.001007,178.001007,127.998001,360.001007,149.000000,-278.000000,2105.000000,-221.000000,284.000000,9.000000
1279,1743685251583281,178.000000,-130.000000,135.000000,178.000000,128.000000,360.000000,178.003006,-129.998993,135.001007,178.001007,127.996002,359.998993,153.000000,-275.000000,2127.000000,-216.000000,285.000000,23.000000
1279,1743685251588879,178.000000,-130.000000,135.000000,178.000000,128.000000,360.000000,178.003006,-129.998993,135.001007,178.001007,127.996002,359.998993,153.000000,-275.000000,2127.000000,-216.000000,285.000000,23.000000
1279,1743685251593462,178.000000,-130.000000,135.000000,178.000000,128.000000,360.000000,178.003006,-130.001007,135.001007,178.000000,127.997002,359.998993,147.000000,-274.000000,2116.000000,-215.000000,290.000000,14.000000
1279,1743685251597942,178.000000,-130.000000,135.000000,178.000000,128.000000,360.000000,178.003006,-130.001007,135.001007,178.000000,127.997002,360.001007,141.000000,-279.000000,2107.000000,-214.000000,284.000000,28.000000
1279,1743685251603553,178.000000,-130.000000,135.000000,178.000000,128.000000,360.000000,178.003006,-130.001007,135.001007,178.000000,127.997002,360.001007,141.000000,-279.000000,2107.000000,-214.000000,284.000000,28.000000
1279,1743685251608024,178.000000,-130.000000,135.000000,178.000000,128.000000,360.000000,178.001007,-130.001999,135.001007,178.001007,127.996002,360.001007,145.000000,-274.000000,2115.000000,-214.000000,288.000000,38.000000
1279,1743685251613616,178.000000,-130.000000,135.000000,178.000000,128.000000,360.000000,178.001007,-130.001999,135.001999,178.001007,127.997002,359.998993,141.000000,-278.000000,2119.000000,-212.000000,288.000000,1.000000
1279,1743685251618117,178.000000,-130.000000,135.000000,178.000000,128.000000,360.000000,178.003006,-130.001007,135.001999,178.001007,127.997002,359.998993,143.000000,-276.000000,2122.000000,-217.000000,296.000000,12.000000
1279,1743685251623670,178.000000,-130.000000,135.000000,178.000000,128.000000,360.000000,178.003006,-130.001007,135.001007,178.001007,127.997002,359.998993,137.000000,-279.000000,2114.000000,-218.000000,289.000000,18.000000
1279,1743685251628183,178.000000,-130.000000,135.000000,178.000000,128.000000,360.000000,178.001007,-130.001007,135.001007,178.001007,127.997002,359.998993,137.000000,-277.000000,2109.000000,-212.000000,290.000000,31.000000
1279,1743685251633840,178.000000,-130.000000,135.000000,178.000000,128.000000,360.000000,178.003006,-130.001999,135.001007,178.001007,127.997002,360.001007,138.000000,-286.000000,2111.000000,-216.000000,289.000000,26.000000
1279,1743685251638271,178.000000,-130.000000,135.000000,178.000000,128.000000,360.000000,178.001007,-130.001999,135.001999,178.000000,127.997002,360.001007,135.000000,-276.000000,2118.000000,-218.000000,287.000000,28.000000
1279,1743685251643773,178.000000,-130.000000,135.000000,178.000000,128.000000,360.000000,178.001007,-130.001007,135.001007,178.000000,127.996002,359.998993,138.000000,-279.000000,2107.000000,-213.000000,298.000000,33.000000
1279,1743685251648186,178.000000,-130.000000,135.000000,178.000000,128.000000,360.000000,178.001007,-130.001007,135.001999,178.001007,127.997002,359.998993,132.000000,-279.000000,2103.000000,-217.000000,295.000000,12.000000
1279,1743685251653762,178.000000,-130.000000,135.000000,178.000000,128.000000,360.000000,178.000000,-130.001999,135.001007,178.001007,127.996002,359.997986,127.000000,-279.000000,2112.000000,-218.000000,302.000000,27.000000
1279,1743685251658310,178.000000,-130.000000,135.000000,178.000000,128.000000,360.000000,178.001007,-130.001999,135.001007,178.001007,127.997002,359.998993,131.000000,-278.000000,2102.000000,-215.000000,306.000000,17.000000
1279,1743685251662891,178.000000,-130.000000,135.000000,178.000000,128.000000,360.000000,178.001007,-130.001007,135.001007,178.000000,127.996002,359.997986,132.000000,-271.000000,2115.000000,-218.000000,292.000000,36.000000
1279,1743685251668495,178.000000,-130.000000,135.000000,178.000000,128.000000,360.000000,178.001007,-130.001007,135.001999,178.001007,127.997002,359.998993,131.000000,-273.000000,2098.000000,-216.000000,295.000000,19.000000
1279,1743685251672998,178.000000,-130.000000,135.000000,178.000000,128.000000,360.000000,178.003006,-130.001007,135.001999,178.000000,127.998001,359.998993,131.000000,-274.000000,2105.000000,-220.000000,293.000000,33.000000
1279,1743685251678574,178.000000,-130.000000,135.000000,178.000000,128.000000,360.000000,178.001007,-130.001007,135.001007,178.001007,127.997002,359.998993,129.000000,-274.000000,2120.000000,-213.000000,292.000000,17.000000
1279,1743685251683062,178.000000,-130.000000,135.000000,178.000000,128.000000,360.000000,178.001007,-130.001999,135.001999,178.001007,127.997002,359.997986,130.000000,-274.000000,2113.000000,-220.000000,290.000000,12.000000
1279,1743685251688655,178.000000,-130.000000,135.000000,178.000000,128.000000,360.000000,178.001007,-130.001999,135.001007,178.001007,127.997002,359.998993,130.000000,-275.000000,2107.000000,-219.000000,286.000000,27.000000
1279,1743685251693143,178.000000,-130.000000,135.000000,178.000000,128.000000,360.000000,178.003006,-130.001007,135.001999,178.000000,127.998001,360.001007,129.000000,-274.000000,2109.000000,-212.000000,292.000000,11.000000
1279,1743685251698730,178.000000,-130.000000,135.000000,178.000000,128.000000,360.000000,178.003006,-130.001999,135.005005,178.001007,127.998001,360.001007,133.000000,-279.000000,2104.000000,-218.000000,286.000000,11.000000
1279,1743685251703273,178.000000,-130.000000,135.000000,178.000000,128.000000,360.000000,178.001007,-130.001007,135.001999,178.000000,127.997002,359.998993,136.000000,-272.000000,2095.000000,-216.000000,293.000000,13.000000
1279,1743685251708872,178.000000,-130.000000,135.000000,178.000000,128.000000,360.000000,178.003006,-130.001007,135.001999,178.000000,127.997002,359.998993,152.000000,-278.000000,2084.000000,-216.000000,288.000000,19.000000
1279,1743685251713413,178.000000,-130.000000,135.000000,178.000000,128.000000,360.000000,178.001007,-130.001999,135.001007,178.001007,127.997002,360.001007,139.000000,-270.000000,2079.000000,-213.000000,306.000000,22.000000
1279,1743685251717838,178.000000,-130.000000,135.000000,178.000000,128.000000,360.000000,178.003006,-130.001007,135.001007,178.001007,127.998001,359.998993,141.000000,-272.000000,2106.000000,-221.000000,296.000000,22.000000
1279,1743685251723372,178.000000,-130.000000,135.000000,178.000000,128.000000,360.000000,178.000000,-130.001007,135.001999,178.001007,127.998001,359.998993,126.000000,-281.000000,2112.000000,-218.000000,295.000000,18.000000
1279,1743685251728884,178.000000,-130.000000,135.000000,178.000000,128.000000,360.000000,178.001007,-130.001007,135.001007,178.001007,127.997002,359.998993,140.000000,-273.000000,2092.000000,-215.000000,300.000000,10.000000
1279,1743685251733362,178.000000,-130.000000,135.000000,178.000000,128.000000,360.000000,178.001007,-129.998993,134.998993,178.003006,127.997002,360.001007,145.000000,-279.000000,2112.000000,-215.000000,295.000000,23.000000
1279,1743685251738941,178.000000,-130.000000,135.000000,178.000000,128.000000,360.000000,178.001007,-130.001007,135.001007,178.001007,127.997002,360.001007,140.000000,-271.000000,2094.000000,-218.000000,291.000000,21.000000
1279,1743685251743476,178.000000,-130.000000,135.000000,178.000000,128.000000,360.000000,178.003006,-130.001999,135.001007,178.003006,127.998001,359.998993,140.000000,-279.000000,2092.000000,-214.000000,305.000000,20.000000
1279,1743685251748034,178.000000,-130.000000,135.000000,178.000000,128.000000,360.000000,178.003006,-130.001999,135.001999,178.001007,127.997002,359.997986,141.000000,-268.000000,2078.000000,-217.000000,301.000000,-3.000000
1279,1743685251753640,178.000000,-130.000000,135.000000,178.000000,128.000000,360.000000,178.000000,-130.001999,135.001999,178.001007,127.997002,359.998993,131.000000,-274.000000,2104.000000,-216.000000,296.000000,16.000000
1279,1743685251758071,178.000000,-130.000000,135.000000,178.000000,128.000000,360.000000,178.001007,-130.001007,134.998993,178.001007,127.997002,359.998993,130.000000,-273.000000,2092.000000,-216.000000,296.000000,1.000000
1279,1743685251763641,178.000000,-130.000000,135.000000,178.000000,128.000000,360.000000,178.003006,-130.001999,135.001999,178.000000,127.997002,359.998993,143.000000,-270.000000,2090.000000,-219.000000,289.000000,20.000000
1279,1743685251768136,178.000000,-130.000000,135.000000,178.000000,128.000000,360.000000,178.001007,-130.001999,135.001999,178.001007,127.997002,359.998993,143.000000,-272.000000,2069.000000,-216.000000,296.000000,19.000000
1279,1743685251773717,178.000000,-130.000000,135.000000,178.000000,128.000000,360.000000,178.001007,-130.001999,135.001999,178.001007,127.997002,359.998993,143.000000,-272.000000,2069.000000,-216.000000,296.000000,19.000000
1279,1743685251778208,178.000000,-130.000000,135.000000,178.000000,128.000000,360.000000,178.001007,-130.001999,135.001007,178.001007,127.997002,359.998993,133.000000,-268.000000,2084.000000,-216.000000,296.000000,22.000000
1279,1743685251783796,178.000000,-130.000000,135.000000,178.000000,128.000000,360.000000,178.003006,-130.001007,135.001007,178.001007,127.997002,359.997986,138.000000,-263.000000,2079.000000,-217.000000,296.000000,4.000000
1279,1743685251788311,178.000000,-130.000000,135.000000,178.000000,128.000000,360.000000,178.003006,-130.001007,135.001007,178.001007,127.997002,359.997986,138.000000,-263.000000,2079.000000,-217.000000,296.000000,4.000000
1279,1743685251793869,178.000000,-130.000000,135.000000,178.000000,128.000000,360.000000,178.001007,-130.001007,135.001007,178.001007,127.997002,360.001007,138.000000,-264.000000,2084.000000,-215.000000,296.000000,13.000000
1279,1743685251798399,178.000000,-130.000000,135.000000,178.000000,128.000000,360.000000,178.001007,-130.001007,135.001007,178.001007,127.997002,360.001007,138.000000,-264.000000,2084.000000,-215.000000,296.000000,13.000000
1279,1743685251803947,178.000000,-130.000000,135.000000,178.000000,128.000000,360.000000,178.003006,-130.001007,135.001999,178.001007,127.997002,360.002014,132.000000,-266.000000,2083.000000,-214.000000,302.000000,24.000000
1279,1743685251808432,178.000000,-130.000000,135.000000,178.000000,128.000000,360.000000,178.001007,-130.001007,135.001999,178.001007,127.997002,359.998993,131.000000,-265.000000,2090.000000,-211.000000,289.000000,4.000000
1279,1743685251812937,178.000000,-130.000000,135.000000,178.000000,128.000000,360.000000,178.001007,-130.001007,135.001999,178.001007,127.997002,360.001007,139.000000,-267.000000,2065.000000,-214.000000,299.000000,-3.000000
1279,1743685251818509,178.000000,-130.000000,135.000000,178.000000,128.000000,360.000000,178.001007,-130.001007,135.001007,178.001007,127.997002,359.998993,132.000000,-264.000000,2084.000000,-217.000000,297.000000,11.000000
1279,1743685251823021,178.000000,-130.000000,135.000000,178.000000,128.000000,360.000000,178.001007,-130.001007,135.001007,178.001007,127.997002,360.001007,141.000000,-262.000000,2101.000000,-216.000000,295.000000,3.000000
1279,1743685251828657,178.000000,-130.000000,135.000000,178.000000,128.000000,360.000000,178.001007,-130.001999,135.001007,178.001007,127.997002,359.998993,137.000000,-264.000000,2078.000000,-213.000000,295.000000,9.000000
1279,1743685251833235,178.000000,-130.000000,135.000000,178.000000,128.000000,360.000000,178.001007,-130.001007,135.001999,178.001007,127.998001,360.001007,136.000000,-262.000000,2089.000000,-214.000000,293.000000,20.000000
1279,1743685251838800,178.000000,-130.000000,135.000000,178.000000,128.000000,360.000000,178.001007,-130.001007,135.001999,178.001007,127.997002,359.998993,138.000000,-257.000000,2083.000000,-216.000000,295.000000,25.000000
1279,1743685251843275,178.000000,-130.000000,135.000000,178.000000,128.000000,360.000000,178.000000,-130.001999,135.001007,178.001007,127.997002,359.998993,136.000000,-260.000000,2073.000000,-216.000000,297.000000,13.000000
1279,1743685251848884,178.000000,-130.000000,135.000000,178.000000,128.000000,360.000000,178.003006,-130.001007,135.001999,178.001007,127.997002,359.998993,145.000000,-259.000000,2080.000000,-210.000000,296.000000,22.000000
1279,1743685251853420,178.000000,-130.000000,135.000000,178.000000,128.000000,360.000000,178.003006,-130.001007,135.001999,178.000000,127.998001,360.001007,150.000000,-264.000000,2087.000000,-209.000000,285.000000,1.000000
1279,1743685251858982,178.000000,-130.000000,135.000000,178.000000,128.000000,360.000000,178.001007,-130.001007,135.001007,178.001007,127.997002,359.998993,140.000000,-265.000000,2083.000000,-213.000000,288.000000,16.000000
1279,1743685251863465,178.000000,-130.000000,135.000000,178.000000,128.000000,360.000000,178.001007,-130.001999,135.001007,178.001007,127.997002,359.998993,146.000000,-264.000000,2079.000000,-218.000000,300.000000,-2.000000
1279,1743685251867957,178.000000,-130.000000,135.000000,178.000000,128.000000,360.000000,178.001007,-130.001999,135.001007,178.000000,127.997002,359.998993,138.000000,-262.000000,2091.000000,-213.000000,286.000000,18.000000
1279,1743685251873585,178.000000,-130.000000,135.000000,178.000000,128.000000,360.000000,178.001007,-130.001007,135.001999,178.001007,127.997002,359.998993,139.000000,-265.000000,2095.000000,-216.000000,297.000000,15.000000
1279,1743685251878128,178.000000,-130.000000,135.000000,178.000000,128.000000,360.000000,178.001007,-130.001999,135.001007,178.001007,127.997002,359.998993,140.000000,-263.000000,2081.000000,-215.000000,309.000000,1.000000
1279,1743685251883706,178.000000,-130.000000,135.000000,178.000000,128.000000,360.000000,178.003006,-130.001999,135.001999,178.003006,127.998001,359.998993,141.000000,-260.000000,2091.000000,-210.000000,307.000000,11.000000
1279,1743685251888181,178.000000,-130.000000,135.000000,178.000000,128.000000,360.000000,178.001007,-130.001007,135.001007,178.001007,127.998001,360.001007,138.000000,-258.000000,2070.000000,-215.000000,296.000000,32.000000
1279,1743685251893813,178.000000,-130.000000,135.000000,178.000000,128.000000,360.000000,178.003006,-130.001007,135.001999,178.001007,127.997002,360.001007,153.000000,-248.000000,2083.000000,-213.000000,300.000000,-7.000000
1279,1743685251898352,178.000000,-130.000000,135.000000,178.000000,128.000000,360.000000,178.001007,-130.001007,135.001999,178.001007,127.997002,360.001007,142.000000,-252.000000,2069.000000,-215.000000,303.000000,22.000000
1279,1743685251902882,178.000000,-130.000000,135.000000,178.000000,128.000000,360.000000,178.001007,-130.001999,135.001999,178.001007,127.997002,359.997986,148.000000,-257.000000,2087.000000,-212.000000,300.000000,13.000000
1279,1743685251908491,178.000000,-130.000000,135.000000,178.000000,128.000000,360.000000,178.001007,-130.001999,135.001999,178.001007,127.997002,359.998993,147.000000,-256.000000,2089.000000,-211.000000,302.000000,29.000000
1279,1743685251912978,178.000000,-130.000000,135.000000,178.000000,128.000000,360.000000,178.001007,-130.003006,135.001999,178.001007,127.998001,359.997986,152.000000,-253.000000,2075.000000,-214.000000,299.000000,9.000000
1279,1743685251918548,178.000000,-130.000000,135.000000,178.000000,128.000000,360.000000,178.001007,-130.001999,135.001007,178.000000,127.997002,359.998993,148.000000,-250.000000,2077.000000,-218.000000,300.000000,8.000000
1279,1743685251923054,178.000000,-130.000000,135.000000,178.000000,128.000000,360.000000,178.003006,-130.001999,135.001007,178.001007,127.998001,360.002014,147.000000,-253.000000,2081.000000,-213.000000,303.000000,39.000000
1279,1743685251928706,178.000000,-130.000000,135.000000,178.000000,128.000000,360.000000,178.003006,-130.001999,135.001007,178.001007,127.996002,359.998993,145.000000,-249.000000,2080.000000,-213.000000,296.000000,-1.000000
1279,1743685251933209,178.000000,-130.000000,135.000000,178.000000,128.000000,360.000000,178.003006,-130.001999,135.001007,178.001007,127.997002,360.001007,149.000000,-247.000000,2085.000000,-215.000000,309.000000,14.000000
1279,1743685251938821,178.000000,-130.000000,135.000000,178.000000,128.000000,360.000000,178.000000,-130.001999,135.001007,178.001007,127.997002,359.998993,146.000000,-251.000000,2076.000000,-213.000000,292.000000,22.000000
1279,1743685251943373,178.000000,-130.000000,135.000000,178.000000,128.000000,360.000000,178.001007,-130.001007,135.001999,178.001007,127.997002,359.998993,143.000000,-254.000000,2089.000000,-217.000000,303.000000,29.000000
1279,1743685251947945,178.000000,-130.000000,135.000000,178.000000,128.000000,360.000000,178.001007,-130.001007,135.001999,178.001007,127.997002,360.001007,144.000000,-254.000000,2091.000000,-213.000000,295.000000,22.000000
1279,1743685251953518,178.000000,-130.000000,135.000000,178.000000,128.000000,360.000000,178.001007,-130.001007,135.005005,178.003006,127.998001,359.998993,148.000000,-252.000000,2089.000000,-211.000000,295.000000,8.000000
1279,1743685251958020,178.000000,-130.000000,135.000000,178.000000,128.000000,360.000000,178.000000,-130.001007,135.001007,178.001007,127.997002,359.998993,146.000000,-252.000000,2082.000000,-217.000000,293.000000,-8.000000
1279,1743685251963642,178.000000,-130.000000,135.000000,178.000000,128.000000,360.000000,178.001007,-130.001007,135.001999,178.001007,127.997002,359.998993,146.000000,-253.000000,2085.000000,-209.000000,296.000000,1.000000
1279,1743685251968197,178.000000,-130.000000,135.000000,178.000000,128.000000,360.000000,178.003006,-129.998993,135.001007,178.001007,127.997002,359.998993,147.000000,-250.000000,2093.000000,-214.000000,300.000000,34.000000
1279,1743685251973793,178.000000,-130.000000,135.000000,178.000000,128.000000,360.000000,178.001007,-130.001999,135.001999,178.001007,127.996002,360.001007,147.000000,-250.000000,2097.000000,-212.000000,301.000000,7.000000
1279,1743685251978382,178.000000,-130.000000,135.000000,178.000000,128.000000,360.000000,178.001007,-130.001007,135.001999,178.001007,127.998001,359.998993,141.000000,-250.000000,2090.000000,-217.000000,303.000000,22.000000
1279,1743685251983988,178.000000,-130.000000,135.000000,178.000000,128.000000,360.000000,178.001007,-130.001007,135.001999,178.001007,127.997002,359.998993,138.000000,-251.000000,2082.000000,-216.000000,300.000000,14.000000
1279,1743685251988525,178.000000,-130.000000,135.000000,178.000000,128.000000,360.000000,178.001007,-130.001007,135.001007,178.003006,127.997002,359.998993,142.000000,-248.000000,2080.000000,-215.000000,310.000000,16.000000
1279,1743685251993052,178.000000,-130.000000,135.000000,178.000000,128.000000,360.000000,178.001007,-130.001007,135.001007,178.001007,127.998001,359.998993,141.000000,-255.000000,2094.000000,-213.000000,308.000000,0.000000
1279,1743685251998617,178.000000,-130.000000,135.000000,178.000000,128.000000,360.000000,178.001007,-130.001007,135.001007,178.001007,127.998001,359.998993,141.000000,-255.000000,2094.000000,-213.000000,308.000000,0.000000
1279,1743685252003093,178.000000,-130.000000,135.000000,178.000000,128.000000,360.000000,178.001007,-130.001999,135.001007,178.001007,127.998001,359.998993,139.000000,-251.000000,2071.000000,-218.000000,310.000000,6.000000
1279,1743685252008691,178.000000,-130.000000,135.000000,178.000000,128.000000,360.000000,178.001007,-130.001007,135.001007,178.001007,127.997002,359.998993,140.000000,-252.000000,2077.000000,-218.000000,301.000000,11.000000
1279,1743685252013230,178.000000,-130.000000,135.000000,178.000000,128.000000,360.000000,178.001007,-130.001007,135.001007,178.001007,127.997002,359.998993,140.000000,-252.000000,2077.000000,-218.000000,301.000000,11.000000
1279,1743685252018841,178.000000,-130.000000,135.000000,178.000000,128.000000,360.000000,178.001007,-130.001007,135.001999,178.001007,127.997002,359.997986,132.000000,-254.000000,2082.000000,-220.000000,307.000000,14.000000
1279,1743685252023325,178.000000,-130.000000,135.000000,178.000000,128.000000,360.000000,178.001007,-130.001007,135.001999,178.001007,127.997002,359.997986,132.000000,-254.000000,2082.000000,-220.000000,307.000000,14.000000
1279,1743685252028805,178.000000,-130.000000,135.000000,178.000000,128.000000,360.000000,178.001007,-130.001007,135.001007,178.001007,127.998001,359.997986,135.000000,-258.000000,2090.000000,-214.000000,303.000000,21.000000
1279,1743685252033759,178.000000,-130.000000,135.000000,178.000000,128.000000,360.000000,178.001007,-130.001007,135.001999,178.001007,127.998001,359.998993,136.000000,-256.000000,2072.000000,-214.000000,314.000000,3.000000
1279,1743685252038239,178.000000,-130.000000,135.000000,178.000000,128.000000,360.000000,178.003006,-130.001999,135.001007,178.001007,127.997002,360.001007,144.000000,-260.000000,2088.000000,-220.000000,306.000000,33.000000
1279,1743685252043827,178.000000,-130.000000,135.000000,178.000000,128.000000,360.000000,178.003006,-130.001007,135.001007,178.001007,127.997002,359.998993,143.000000,-255.000000,2086.000000,-218.000000,306.000000,-6.000000
1279,1743685252048373,178.000000,-130.000000,135.000000,178.000000,128.000000,360.000000,178.001007,-130.001007,135.001999,178.001007,127.998001,360.001007,150.000000,-257.000000,2071.000000,-214.000000,313.000000,20.000000
1279,1743685252053875,178.000000,-130.000000,135.000000,178.000000,128.000000,360.000000,178.001007,-130.001999,135.001007,178.001007,127.997002,360.001007,144.000000,-258.000000,2064.000000,-214.000000,304.000000,18.000000
1279,1743685252058295,178.000000,-130.000000,135.000000,178.000000,128.000000,360.000000,178.003006,-130.001999,135.001999,178.001007,127.998001,359.998993,140.000000,-255.000000,2074.000000,-222.000000,310.000000,22.000000
1279,1743685252063805,178.000000,-130.000000,135.000000,178.000000,128.000000,360.000000,178.001007,-130.001007,135.001999,178.001007,127.998001,359.998993,139.000000,-252.000000,2052.000000,-212.000000,300.000000,18.000000
1279,1743685252068332,178.000000,-130.000000,135.000000,178.000000,128.000000,360.000000,178.001007,-130.001007,135.001999,178.001007,127.997002,359.998993,145.000000,-257.000000,2069.000000,-215.000000,302.000000,8.000000
1279,1743685252073904,178.000000,-130.000000,135.000000,178.000000,128.000000,360.000000,178.003006,-129.998993,135.001999,178.001007,127.998001,359.997986,135.000000,-265.000000,2067.000000,-209.000000,308.000000,2.000000
1279,1743685252078399,178.000000,-130.000000,135.000000,178.000000,128.000000,360.000000,178.001007,-130.001007,135.001999,178.001007,127.998001,359.998993,138.000000,-262.000000,2059.000000,-216.000000,315.000000,0.000000
1279,1743685252082871,178.000000,-130.000000,135.000000,178.000000,128.000000,360.000000,178.001007,-130.001999,135.001007,178.001007,127.998001,359.998993,135.000000,-252.000000,2061.000000,-214.000000,300.000000,18.000000
1279,1743685252088476,178.000000,-130.000000,135.000000,178.000000,128.000000,360.000000,178.001007,-130.001999,135.001999,178.003006,127.997002,359.998993,133.000000,-257.000000,2075.000000,-215.000000,308.000000,14.000000
1279,1743685252093013,178.000000,-130.000000,135.000000,178.000000,128.000000,360.000000,178.001007,-130.001007,135.001007,178.001007,127.998001,359.997986,135.000000,-257.000000,2063.000000,-217.000000,308.000000,1.000000
1279,1743685252098583,178.000000,-130.000000,135.000000,178.000000,128.000000,360.000000,178.000000,-130.001007,135.001007,178.001007,127.998001,359.998993,138.000000,-256.000000,2054.000000,-218.000000,310.000000,19.000000
1279,1743685252103067,178.000000,-130.000000,135.000000,178.000000,128.000000,360.000000,178.001007,-130.001007,135.001007,178.000000,127.998001,359.998993,139.000000,-257.000000,2076.000000,-212.000000,307.000000,4.000000
1279,1743685252108666,178.000000,-130.000000,135.000000,178.000000,128.000000,360.000000,178.001007,-130.001007,135.001007,178.000000,127.998001,360.001007,140.000000,-256.000000,2063.000000,-214.000000,309.000000,21.000000
1279,1743685252113166,178.000000,-130.000000,135.000000,178.000000,128.000000,360.000000,178.001007,-130.001999,135.001007,178.001007,127.998001,360.001007,146.000000,-262.000000,2068.000000,-220.000000,310.000000,-8.000000
1279,1743685252118723,178.000000,-130.000000,135.000000,178.000000,128.000000,360.000000,178.001007,-130.001999,135.001007,178.001007,127.997002,360.001007,137.000000,-259.000000,2068.000000,-206.000000,322.000000,1.000000
1279,1743685252123223,178.000000,-130.000000,135.000000,178.000000,128.000000,360.000000,178.001007,-130.001007,135.001007,178.000000,127.998001,359.998993,148.000000,-254.000000,2066.000000,-215.000000,312.000000,17.000000
1279,1743685252128795,178.000000,-130.000000,135.000000,178.000000,128.000000,360.000000,178.003006,-130.001999,135.001007,178.001007,127.998001,359.998993,144.000000,-257.000000,2077.000000,-217.000000,312.000000,3.000000
1279,1743685252133301,178.000000,-130.000000,135.000000,178.000000,128.000000,360.000000,178.001007,-130.001999,135.001999,178.001007,127.998001,359.998993,144.000000,-260.000000,2067.000000,-213.000000,315.000000,6.000000
1279,1743685252138883,178.000000,-130.000000,135.000000,178.000000,128.000000,360.000000,178.001007,-129.998993,135.001999,178.001007,127.997002,360.001007,140.000000,-258.000000,2073.000000,-213.000000,315.000000,0.000000
1279,1743685252143407,178.000000,-130.000000,135.000000,178.000000,128.000000,360.000000,178.001007,-130.001999,135.001999,178.001007,127.998001,359.998993,143.000000,-258.000000,2067.000000,-220.000000,314.000000,1.000000
1279,1743685252149006,178.000000,-130.000000,135.000000,178.000000,128.000000,360.000000,178.001007,-130.001999,135.001007,178.001007,127.998001,359.997986,134.000000,-258.000000,2069.000000,-221.000000,313.000000,11.000000
1279,1743685252153499,178.000000,-130.000000,135.000000,178.000000,128.000000,360.000000,178.001007,-130.001007,135.001007,178.001007,127.998001,359.998993,140.000000,-259.000000,2065.000000,-218.000000,310.000000,16.000000
1279,1743685252159108,178.000000,-130.000000,135.000000,178.000000,128.000000,360.000000,178.001007,-130.001007,135.001007,178.001007,127.998001,359.998993,140.000000,-259.000000,2065.000000,-218.000000,310.000000,16.000000
1279,1743685252163651,178.000000,-130.000000,135.000000,178.000000,128.000000,360.000000,178.001007,-130.001999,135.001999,178.001007,127.998001,360.001007,142.000000,-257.000000,2078.000000,-213.000000,316.000000,21.000000
1279,1743685252168168,178.000000,-130.000000,135.000000,178.000000,128.000000,360.000000,178.000000,-130.001999,135.001999,178.003006,127.998001,359.998993,143.000000,-262.000000,2056.000000,-214.000000,305.000000,-3.000000
1279,1743685252173714,178.000000,-130.000000,135.000000,178.000000,128.000000,360.000000,178.001007,-130.001999,135.001999,178.003006,127.998001,359.998993,148.000000,-260.000000,2066.000000,-217.000000,307.000000,2.000000
1279,1743685252178133,178.000000,-130.000000,135.000000,178.000000,128.000000,360.000000,178.001007,-130.001007,135.001999,178.001007,127.998001,359.998993,141.000000,-261.000000,2067.000000,-208.000000,308.000000,7.000000
1279,1743685252183604,178.000000,-130.000000,135.000000,178.000000,128.000000,360.000000,178.003006,-130.001007,135.001007,178.001007,127.998001,359.998993,144.000000,-261.000000,2056.000000,-221.000000,309.000000,27.000000
1279,1743685252187979,178.000000,-130.000000,135.000000,178.000000,128.000000,360.000000,178.001007,-130.001999,135.001007,178.001007,127.998001,359.998993,140.000000,-260.000000,2062.000000,-210.000000,312.000000,19.000000
1279,1743685252193439,178.000000,-130.000000,135.000000,178.000000,128.000000,360.000000,178.001007,-130.001007,135.001999,178.001007,127.998001,359.998993,142.000000,-261.000000,2064.000000,-223.000000,306.000000,14.000000
1279,1743685252198908,178.000000,-130.000000,135.000000,178.000000,128.000000,360.000000,178.001007,-130.001007,135.001999,178.001007,127.998001,360.002014,143.000000,-261.000000,2058.000000,-219.000000,307.000000,0.000000
1279,1743685252203447,178.000000,-130.000000,135.000000,178.000000,128.000000,360.000000,178.003006,-130.001999,135.001999,178.001007,127.998001,359.998993,141.000000,-261.000000,2057.000000,-213.000000,307.000000,4.000000
1279,1743685252207932,178.000000,-130.000000,135.000000,178.000000,128.000000,360.000000,178.001007,-130.001999,135.001999,178.001007,127.998001,360.001007,139.000000,-261.000000,2055.000000,-213.000000,305.000000,25.000000
1279,1743685252213510,178.000000,-130.000000,135.000000,178.000000,128.000000,360.000000,178.003006,-130.001007,135.001007,178.001007,127.998001,360.001007,141.000000,-256.000000,2044.000000,-212.000000,307.000000,4.000000
1279,1743685252217971,178.000000,-130.000000,135.000000,178.000000,128.000000,360.000000,178.001007,-130.001999,135.001007,178.001007,127.998001,359.997986,138.000000,-259.000000,2044.000000,-219.000000,315.000000,6.000000
1279,1743685252223578,178.000000,-130.000000,135.000000,178.000000,128.000000,360.000000,177.998993,-130.001999,135.001999,178.001007,127.998001,359.998993,138.000000,-257.000000,2036.000000,-215.000000,300.000000,9.000000
1279,1743685252228075,178.000000,-130.000000,135.000000,178.000000,128.000000,360.000000,178.000000,-130.001999,135.001007,178.001007,127.998001,359.997986,143.000000,-260.000000,2045.000000,-218.000000,305.000000,21.000000
1279,1743685252233713,178.000000,-130.000000,135.000000,178.000000,128.000000,360.000000,178.001007,-130.001999,135.001999,178.001007,127.998001,359.998993,146.000000,-260.000000,2030.000000,-218.000000,313.000000,12.000000
1279,1743685252238172,178.000000,-130.000000,135.000000,178.000000,128.000000,360.000000,178.001007,-130.001999,135.001007,178.001007,127.997002,359.998993,142.000000,-259.000000,2050.000000,-215.000000,309.000000,19.000000
1279,1743685252243691,178.000000,-130.000000,135.000000,178.000000,128.000000,360.000000,178.001007,-130.001999,135.001999,178.001007,127.997002,359.998993,143.000000,-261.000000,2040.000000,-214.000000,309.000000,31.000000
1279,1743685252248229,178.000000,-130.000000,135.000000,178.000000,128.000000,360.000000,178.001007,-130.001007,135.001999,178.001007,127.998001,360.001007,142.000000,-264.000000,2009.000000,-217.000000,309.000000,10.000000
1279,1743685252253788,178.000000,-130.000000,135.000000,178.000000,128.000000,360.000000,178.003006,-130.001007,135.001007,178.001007,127.998001,359.998993,137.000000,-270.000000,2019.000000,-218.000000,308.000000,8.000000
1279,1743685252258307,178.000000,-130.000000,135.000000,178.000000,128.000000,360.000000,178.003006,-130.001007,135.001007,178.001007,128.000000,360.001007,134.000000,-265.000000,2018.000000,-221.000000,308.000000,6.000000
1279,1743685252263925,178.000000,-130.000000,135.000000,178.000000,128.000000,360.000000,178.001007,-130.001999,135.001007,178.001007,127.998001,359.998993,137.000000,-267.000000,2035.000000,-217.000000,312.000000,22.000000
1279,1743685252268469,178.000000,-130.000000,135.000000,178.000000,128.000000,360.000000,178.003006,-130.001007,135.001007,178.001007,127.998001,359.998993,134.000000,-265.000000,2024.000000,-217.000000,306.000000,9.000000
1279,1743685252272910,178.000000,-130.000000,135.000000,178.000000,128.000000,360.000000,178.001007,-130.001999,135.001999,178.001007,127.997002,359.998993,129.000000,-265.000000,2013.000000,-214.000000,305.000000,3.000000
1279,1743685252278413,178.000000,-130.000000,135.000000,178.000000,128.000000,360.000000,178.001007,-130.001007,135.001999,178.000000,127.998001,359.997986,132.000000,-259.000000,2036.000000,-214.000000,303.000000,11.000000
1279,1743685252282860,178.000000,-130.000000,135.000000,178.000000,128.000000,360.000000,178.001007,-129.998993,135.001007,178.001007,127.998001,359.998993,132.000000,-262.000000,2024.000000,-219.000000,309.000000,19.000000
1279,1743685252288360,178.000000,-130.000000,135.000000,178.000000,128.000000,360.000000,178.001007,-129.998993,135.001007,178.001007,127.998001,359.998993,132.000000,-262.000000,2024.000000,-219.000000,309.000000,19.000000
1279,1743685252293827,178.000000,-130.000000,135.000000,178.000000,128.000000,360.000000,178.003006,-130.001007,135.001999,178.000000,127.998001,359.998993,129.000000,-263.000000,2017.000000,-217.000000,307.000000,20.000000
1279,1743685252298254,178.000000,-130.000000,135.000000,178.000000,128.000000,360.000000,178.003006,-130.001007,135.001007,178.001007,127.997002,360.001007,130.000000,-260.000000,2033.000000,-213.000000,306.000000,0.000000
1279,1743685252303738,178.000000,-130.000000,135.000000,178.000000,128.000000,360.000000,178.003006,-130.001007,135.001007,178.001007,127.997002,360.001007,130.000000,-260.000000,2033.000000,-213.000000,306.000000,0.000000
1279,1743685252308154,178.000000,-130.000000,135.000000,178.000000,128.000000,360.000000,178.001007,-130.001007,135.001007,178.001007,127.998001,360.001007,141.000000,-264.000000,2035.000000,-211.000000,305.000000,4.000000
1279,1743685252313742,178.000000,-130.000000,135.000000,178.000000,128.000000,360.000000,178.001007,-130.001007,134.998993,178.000000,127.998001,360.001007,134.000000,-255.000000,2031.000000,-215.000000,301.000000,-9.000000
1279,1743685252318192,178.000000,-130.000000,135.000000,178.000000,128.000000,360.000000,178.001007,-130.001007,135.001999,178.001007,127.998001,359.998993,131.000000,-255.000000,2024.000000,-218.000000,304.000000,16.000000
1279,1743685252323754,178.000000,-130.000000,135.000000,178.000000,128.000000,360.000000,178.001007,-129.998993,135.001007,178.003006,127.998001,359.998993,129.000000,-260.000000,2029.000000,-211.000000,311.000000,27.000000
1279,1743685252328272,178.000000,-130.000000,135.000000,178.000000,128.000000,360.000000,178.001007,-130.001007,135.001999,178.001007,128.000000,360.001007,129.000000,-256.000000,2032.000000,-214.000000,315.000000,1.000000
1279,1743685252333828,178.000000,-130.000000,135.000000,178.000000,128.000000,360.000000,178.001007,-130.001999,135.001007,178.001007,127.998001,359.998993,129.000000,-250.000000,2028.000000,-220.000000,307.000000,2.000000
1279,1743685252338327,178.000000,-130.000000,135.000000,178.000000,128.000000,360.000000,178.001007,-130.001007,135.001999,178.001007,127.998001,359.998993,132.000000,-250.000000,2020.000000,-212.000000,310.000000,20.000000
1279,1743685252343909,178.000000,-130.000000,135.000000,178.000000,128.000000,360.000000,178.003006,-130.001007,135.001007,178.001007,127.998001,359.997986,133.000000,-256.000000,2029.000000,-222.000000,311.000000,-20.000000
1279,1743685252348344,178.000000,-130.000000,135.000000,178.000000,128.000000,360.000000,178.001007,-130.001999,135.001999,178.001007,127.998001,359.998993,128.000000,-250.000000,2024.000000,-217.000000,310.000000,14.000000
1279,1743685252353833,178.000000,-130.000000,135.000000,178.000000,128.000000,360.000000,178.001007,-130.001007,135.001999,178.001007,127.998001,359.998993,127.000000,-271.000000,2028.000000,-218.000000,309.000000,17.000000
1279,1743685252358259,178.000000,-130.000000,135.000000,178.000000,128.000000,360.000000,178.001007,-130.001007,135.005005,178.001007,127.997002,359.997986,126.000000,-260.000000,2034.000000,-217.000000,310.000000,8.000000
1279,1743685252363727,178.000000,-130.000000,135.000000,178.000000,128.000000,360.000000,178.001007,-130.001007,135.001999,178.001007,127.998001,359.998993,124.000000,-261.000000,2001.000000,-206.000000,305.000000,-1.000000
1279,1743685252368133,178.000000,-130.000000,135.000000,178.000000,128.000000,360.000000,178.003006,-130.001007,135.001999,178.001007,127.998001,359.998993,112.000000,-262.000000,2003.000000,-217.000000,307.000000,16.000000
1279,1743685252373612,178.000000,-130.000000,135.000000,178.000000,128.000000,360.000000,178.001007,-130.001007,135.001007,178.001007,128.000000,359.997986,125.000000,-260.000000,2014.000000,-216.000000,313.000000,-1.000000
1279,1743685252378037,178.000000,-130.000000,135.000000,178.000000,128.000000,360.000000,178.003006,-130.001999,135.001999,178.001007,127.998001,359.998993,116.000000,-261.000000,2015.000000,-215.000000,316.000000,2.000000
1279,1743685252383595,178.000000,-130.000000,135.000000,178.000000,128.000000,360.000000,178.003998,-130.001007,135.001007,178.003006,127.998001,360.001007,128.000000,-258.000000,2005.000000,-211.000000,327.000000,2.000000
1279,1743685252388067,178.000000,-130.000000,135.000000,178.000000,128.000000,360.000000,178.003006,-130.001007,135.001007,178.001007,127.998001,359.998993,108.000000,-258.000000,2019.000000,-214.000000,320.000000,21.000000
1279,1743685252393621,178.000000,-130.000000,135.000000,178.000000,128.000000,360.000000,178.001007,-130.001007,135.005005,178.000000,127.997002,359.998993,114.000000,-257.000000,2015.000000,-213.000000,315.000000,16.000000
1279,1743685252398058,178.000000,-130.000000,135.000000,178.000000,128.000000,360.000000,178.000000,-130.001999,135.001007,178.001007,127.998001,359.998993,121.000000,-258.000000,2002.000000,-215.000000,323.000000,11.000000
1279,1743685252403586,178.000000,-130.000000,135.000000,178.000000,128.000000,360.000000,178.001007,-130.001007,135.001007,178.001007,128.000000,359.997986,108.000000,-259.000000,2026.000000,-217.000000,312.000000,1.000000
1279,1743685252408036,178.000000,-130.000000,135.000000,178.000000,128.000000,360.000000,178.001007,-130.001007,135.001999,178.001007,127.998001,359.998993,109.000000,-259.000000,2012.000000,-213.000000,315.000000,5.000000
1279,1743685252413582,178.000000,-130.000000,135.000000,178.000000,128.000000,360.000000,178.001007,-130.001007,135.001007,178.000000,127.998001,359.998993,109.000000,-258.000000,2015.000000,-213.000000,312.000000,18.000000
1279,1743685252418047,178.000000,-130.000000,135.000000,178.000000,128.000000,360.000000,178.001007,-130.001999,135.001999,178.000000,127.998001,360.001007,118.000000,-260.000000,2017.000000,-219.000000,316.000000,-18.000000
1279,1743685252423582,178.000000,-130.000000,135.000000,178.000000,128.000000,360.000000,178.003006,-130.001007,135.001999,178.001007,127.998001,360.001007,114.000000,-261.000000,2022.000000,-213.000000,314.000000,14.000000
1279,1743685252429110,178.000000,-130.000000,135.000000,178.000000,128.000000,360.000000,178.001007,-130.001007,135.001007,178.001007,127.998001,359.998993,114.000000,-261.000000,2008.000000,-213.000000,317.000000,23.000000
1279,1743685252433563,178.000000,-130.000000,135.000000,178.000000,128.000000,360.000000,178.001007,-130.001007,135.001999,178.001007,127.998001,359.998993,114.000000,-253.000000,2030.000000,-208.000000,318.000000,-3.000000
1279,1743685252439059,178.000000,-130.000000,135.000000,178.000000,128.000000,360.000000,178.003006,-130.001007,135.001999,178.001007,127.998001,359.998993,120.000000,-256.000000,2024.000000,-217.000000,313.000000,12.000000
1279,1743685252443484,178.000000,-130.000000,135.000000,178.000000,128.000000,360.000000,178.003006,-129.998993,135.005005,178.001007,127.998001,359.998993,119.000000,-255.000000,2010.000000,-208.000000,312.000000,0.000000
1279,1743685252448981,178.000000,-130.000000,135.000000,178.000000,128.000000,360.000000,178.003006,-129.998993,135.001999,178.001007,127.998001,359.998993,118.000000,-268.000000,2017.000000,-209.000000,321.000000,-3.000000
